seed,rate,utterance_id,label,original_local_prediction,flat_prediction,relation_prediction,use_relation,splice_prediction
66,0.0,f9O3YtZ2VfI_1,-1.2000000476837158,-1.3721204996109009,-1.3721204996109009,-0.8690264821052551,False,-1.3721204996109009
66,0.0,f9O3YtZ2VfI_2,1.25,1.6319777965545654,1.4834938049316406,1.6747888326644897,False,1.4834938049316406
66,0.0,f9O3YtZ2VfI_3,0.6000000238418579,1.194356083869934,1.1569020748138428,1.030126690864563,False,1.1569020748138428
66,0.0,f9O3YtZ2VfI_4,-2.4000000953674316,-1.4179461002349854,-1.0772547721862793,-0.9811263084411621,False,-1.0772547721862793
66,0.0,f9O3YtZ2VfI_5,-1.7999999523162842,-0.8807100057601929,-1.1888152360916138,-0.6598960161209106,False,-1.1888152360916138
66,0.0,f9O3YtZ2VfI_6,-2.5999999046325684,-1.0184844732284546,-1.4533603191375732,-0.6812154054641724,False,-1.4533603191375732
66,0.0,f9O3YtZ2VfI_7,-1.2000000476837158,-0.7408496141433716,-1.1285521984100342,-0.6188567876815796,False,-1.1285521984100342
66,0.0,f9O3YtZ2VfI_8,-1.7999999523162842,-0.27796411514282227,-0.6810644865036011,-0.26792848110198975,False,-0.6810644865036011
66,0.0,f9O3YtZ2VfI_9,-2.200000047683716,-1.1886450052261353,-1.4447351694107056,-0.8538919687271118,False,-1.4447351694107056
66,0.0,f9O3YtZ2VfI_10,-2.0,-0.5344153046607971,-0.9369126558303833,-0.6753653883934021,False,-0.9369126558303833
66,0.0,f9O3YtZ2VfI_11,-0.800000011920929,-0.7132546305656433,-1.1765544414520264,-0.6477712392807007,False,-1.1765544414520264
66,0.0,f9O3YtZ2VfI_12,-1.7999999523162842,-0.1291484832763672,-0.5558474063873291,-0.21219417452812195,True,-0.21219417452812195
66,0.0,f9O3YtZ2VfI_13,-1.600000023841858,-0.8507615327835083,-1.0222095251083374,-0.6969506144523621,False,-1.0222095251083374
66,0.0,f9O3YtZ2VfI_14,1.2000000476837158,1.432638168334961,1.2325626611709595,0.995271623134613,False,1.2325626611709595
66,0.0,f9O3YtZ2VfI_15,-1.2000000476837158,-1.216156244277954,-0.9918760061264038,-0.786444365978241,False,-0.9918760061264038
66,0.0,f9O3YtZ2VfI_16,-1.0,1.246922492980957,1.0377626419067383,0.8077929019927979,False,1.0377626419067383
66,0.0,f9O3YtZ2VfI_17,-2.0,-1.0005836486816406,-0.9645702838897705,-0.3439587652683258,False,-0.9645702838897705
66,0.0,f9O3YtZ2VfI_18,-1.0,-0.8624903559684753,-1.0978199243545532,-0.4166705310344696,False,-1.0978199243545532
66,0.0,f9O3YtZ2VfI_19,-0.6000000238418579,0.20651884377002716,-0.09305938333272934,-0.43657562136650085,True,-0.43657562136650085
66,0.0,f9O3YtZ2VfI_20,-0.4000000059604645,-0.6660455465316772,-0.5482808947563171,-0.4015556275844574,False,-0.5482808947563171
66,0.0,f9O3YtZ2VfI_21,2.0,1.5860872268676758,1.4731347560882568,1.387202262878418,False,1.4731347560882568
66,0.0,f9O3YtZ2VfI_22,1.399999976158142,1.5739014148712158,1.4780582189559937,1.7049388885498047,False,1.4780582189559937
66,0.0,f9O3YtZ2VfI_23,1.600000023841858,1.5460981130599976,1.487903118133545,1.3829957246780396,False,1.487903118133545
66,0.0,f9O3YtZ2VfI_24,-2.5999999046325684,-0.9865878224372864,-0.5851412415504456,-0.3771228790283203,False,-0.5851412415504456
66,0.0,f9O3YtZ2VfI_25,-1.399999976158142,-1.0166047811508179,-1.159582257270813,-0.8661914467811584,False,-1.159582257270813
66,0.0,f9O3YtZ2VfI_26,1.399999976158142,1.526734709739685,1.3641740083694458,1.1987440586090088,False,1.3641740083694458
66,0.0,f9O3YtZ2VfI_27,1.600000023841858,1.7032328844070435,1.5984032154083252,1.8190927505493164,False,1.5984032154083252
66,0.0,f9O3YtZ2VfI_28,1.2000000476837158,1.4689077138900757,1.4044220447540283,1.446947693824768,False,1.4044220447540283
66,0.0,f9O3YtZ2VfI_29,-2.0,0.22111776471138,0.33055394887924194,0.04448799788951874,True,0.04448799788951874
66,0.0,f9O3YtZ2VfI_30,-1.0,-1.1888704299926758,-1.061353087425232,-0.7418857216835022,False,-1.061353087425232
66,0.0,wMbj6ajWbic_1,0.5,1.0085384845733643,1.0085384845733643,0.41472384333610535,False,1.0085384845733643
66,0.0,wMbj6ajWbic_2,-0.800000011920929,-1.1067206859588623,-0.9206765294075012,-0.7436834573745728,False,-0.9206765294075012
66,0.0,wMbj6ajWbic_3,0.0,-0.04939950257539749,-0.44849416613578796,-0.5546841621398926,True,-0.5546841621398926
66,0.0,wMbj6ajWbic_4,1.0,-1.1705212593078613,-1.530078649520874,-0.8708857893943787,False,-1.530078649520874
66,0.0,wMbj6ajWbic_5,0.20000000298023224,1.5494924783706665,1.2849937677383423,1.434758186340332,False,1.2849937677383423
66,0.0,wMbj6ajWbic_6,1.7999999523162842,0.5120109915733337,0.39559653401374817,0.5215725898742676,False,0.39559653401374817
66,0.0,wMbj6ajWbic_7,-1.2000000476837158,-1.1309765577316284,-1.2249813079833984,-0.7884566187858582,False,-1.2249813079833984
66,0.0,wMbj6ajWbic_8,-0.20000000298023224,0.12238004803657532,-0.38295778632164,-0.0687524750828743,True,-0.0687524750828743
66,0.0,wMbj6ajWbic_9,-2.0,-1.5496255159378052,-1.7631937265396118,-0.9239596724510193,False,-1.7631937265396118
66,0.0,wMbj6ajWbic_10,-1.7999999523162842,-0.39722058176994324,-0.9750238060951233,-0.25047793984413147,False,-0.9750238060951233
66,0.0,wMbj6ajWbic_11,0.4000000059604645,-0.8885980248451233,-1.2448859214782715,-0.6156989336013794,False,-1.2448859214782715
66,0.0,wMbj6ajWbic_12,1.600000023841858,1.471818447113037,1.235978126525879,0.6062042117118835,False,1.235978126525879
66,0.0,wMbj6ajWbic_13,2.0,1.598806619644165,1.4862827062606812,0.9286103248596191,False,1.4862827062606812
66,0.0,wMbj6ajWbic_14,-0.800000011920929,-1.0792547464370728,-0.758146345615387,-0.8165252804756165,False,-0.758146345615387
66,0.0,wMbj6ajWbic_15,2.0,-0.6934170126914978,-1.0647025108337402,-0.481961727142334,False,-1.0647025108337402
66,0.0,wMbj6ajWbic_16,-0.4000000059604645,-0.9680885076522827,-1.4741289615631104,-0.6414439678192139,False,-1.4741289615631104
66,0.0,wMbj6ajWbic_17,2.0,1.2874255180358887,0.8241130113601685,0.6666771173477173,False,0.8241130113601685
66,0.0,wMbj6ajWbic_18,-1.0,0.8294135332107544,0.6006278395652771,0.3693729341030121,False,0.6006278395652771
66,0.0,wMbj6ajWbic_19,-0.6000000238418579,-0.14758986234664917,-0.4125959277153015,-0.09037812799215317,True,-0.09037812799215317
66,0.0,wMbj6ajWbic_20,-0.4000000059604645,1.0835448503494263,0.8688471913337708,0.9639409184455872,False,0.8688471913337708
66,0.0,wMbj6ajWbic_21,1.600000023841858,1.5216647386550903,1.3332089185714722,1.5197948217391968,False,1.3332089185714722
66,0.0,wMbj6ajWbic_22,1.399999976158142,1.592990756034851,1.4786720275878906,1.694863200187683,False,1.4786720275878906
66,0.0,wMbj6ajWbic_23,1.7999999523162842,1.5756648778915405,1.4859780073165894,1.785017728805542,False,1.4859780073165894
66,0.0,wMbj6ajWbic_24,1.399999976158142,1.498931646347046,1.4211022853851318,1.5850048065185547,False,1.4211022853851318
66,0.0,wMbj6ajWbic_25,2.0,1.4243347644805908,1.37098228931427,1.0293285846710205,False,1.37098228931427
66,0.0,wMbj6ajWbic_26,1.7999999523162842,1.5449552536010742,1.4664288759231567,1.462571382522583,False,1.4664288759231567
66,0.0,wMbj6ajWbic_27,0.0,-0.13019417226314545,0.07731284946203232,0.06497287005186081,True,0.06497287005186081
66,0.0,wMbj6ajWbic_28,2.4000000953674316,1.7123318910598755,1.5402497053146362,1.7666579484939575,False,1.5402497053146362
66,0.0,wMbj6ajWbic_29,1.7999999523162842,1.7514762878417969,1.6255048513412476,1.9806612730026245,False,1.6255048513412476
66,0.0,wMbj6ajWbic_30,0.800000011920929,1.6233707666397095,1.5532146692276,1.756728172302246,False,1.5532146692276
66,0.0,vvZ4IcEtiZc_1,2.0,1.6625148057937622,1.6625148057937622,2.021121025085449,False,1.6625148057937622
66,0.0,vvZ4IcEtiZc_2,2.4000000953674316,1.8450144529342651,1.783797264099121,2.2506325244903564,False,1.783797264099121
66,0.0,vvZ4IcEtiZc_3,1.399999976158142,-0.8432893753051758,-0.3195778727531433,-0.2440139651298523,False,-0.3195778727531433
66,0.0,vvZ4IcEtiZc_4,2.200000047683716,1.6705862283706665,1.5196576118469238,1.6963056325912476,False,1.5196576118469238
66,0.0,vvZ4IcEtiZc_5,1.2000000476837158,1.787904977798462,1.652274250984192,2.094736099243164,False,1.652274250984192
66,0.0,vvZ4IcEtiZc_6,1.0,1.511013388633728,1.4514224529266357,1.6464864015579224,False,1.4514224529266357
66,0.0,vvZ4IcEtiZc_7,1.399999976158142,0.6855206489562988,0.718052327632904,0.7894498705863953,False,0.718052327632904
66,0.0,vvZ4IcEtiZc_8,-1.5,-0.5227984189987183,-0.45684579014778137,-0.3194125294685364,False,-0.45684579014778137
66,0.0,vvZ4IcEtiZc_9,2.200000047683716,1.6928293704986572,1.5440635681152344,1.8462467193603516,False,1.5440635681152344
66,0.0,vvZ4IcEtiZc_10,-2.0,-0.5710912346839905,-0.36886605620384216,-0.2427138239145279,False,-0.36886605620384216
66,0.0,vvZ4IcEtiZc_11,1.600000023841858,0.6455668210983276,0.4445488452911377,0.14336936175823212,False,0.4445488452911377
66,0.0,vvZ4IcEtiZc_12,0.20000000298023224,0.42449793219566345,0.280990868806839,0.09927435219287872,False,0.280990868806839
66,0.0,d3_k5Xpfmik_1,2.0,1.6458485126495361,1.6458485126495361,1.8775404691696167,False,1.6458485126495361
66,0.0,d3_k5Xpfmik_2,0.0,0.6696393489837646,0.7351050972938538,0.4252856373786926,False,0.7351050972938538
66,0.0,d3_k5Xpfmik_3,2.0,1.6487325429916382,1.5353214740753174,1.5937367677688599,False,1.5353214740753174
66,0.0,d3_k5Xpfmik_4,-1.0,-0.5223652720451355,-0.18380127847194672,-0.352290540933609,False,-0.18380127847194672
66,0.0,d3_k5Xpfmik_5,2.200000047683716,1.728571891784668,1.6118656396865845,1.8197723627090454,False,1.6118656396865845
66,0.0,d3_k5Xpfmik_6,1.600000023841858,1.6064064502716064,1.5284992456436157,1.7602214813232422,False,1.5284992456436157
66,0.0,d3_k5Xpfmik_7,0.4000000059604645,-0.46110662817955017,-0.21313869953155518,-0.3400860130786896,False,-0.21313869953155518
66,0.0,d3_k5Xpfmik_8,2.200000047683716,1.7247051000595093,1.5281506776809692,1.8125780820846558,False,1.5281506776809692
66,0.0,d3_k5Xpfmik_9,1.399999976158142,0.7777710556983948,0.8000693917274475,0.7069494724273682,False,0.8000693917274475
66,0.0,d3_k5Xpfmik_10,0.4000000059604645,0.9568755030632019,0.9432459473609924,0.2668899595737457,False,0.9432459473609924
66,0.0,d3_k5Xpfmik_11,2.4000000953674316,1.3021239042282104,1.200162410736084,0.571609616279602,False,1.200162410736084
66,0.0,d3_k5Xpfmik_12,2.0,1.5740114450454712,1.4182195663452148,0.9438310265541077,False,1.4182195663452148
66,0.0,d3_k5Xpfmik_13,2.200000047683716,1.719762921333313,1.5955886840820312,1.361541986465454,False,1.5955886840820312
66,0.0,d3_k5Xpfmik_14,2.0,0.49219778180122375,0.6049290299415588,0.24117542803287506,False,0.6049290299415588
66,0.0,d3_k5Xpfmik_15,2.5999999046325684,1.6052381992340088,1.4505661725997925,1.4566254615783691,False,1.4505661725997925
66,0.0,d3_k5Xpfmik_16,2.0,1.775095820426941,1.6260151863098145,1.9514555931091309,False,1.6260151863098145
66,0.0,d3_k5Xpfmik_17,1.600000023841858,0.19197586178779602,0.3789059519767761,0.2770317792892456,True,0.2770317792892456
66,0.0,d3_k5Xpfmik_18,0.800000011920929,-0.7245965003967285,-0.7323440313339233,-0.563444197177887,False,-0.7323440313339233
66,0.0,d3_k5Xpfmik_19,0.20000000298023224,1.0359023809432983,0.7728577256202698,0.6558695435523987,False,0.7728577256202698
66,0.0,vyB00TXsimI_1,0.0,1.0243055820465088,1.0243055820465088,1.4362938404083252,False,1.0243055820465088
66,0.0,vyB00TXsimI_2,-2.4000000953674316,-1.092703938484192,-0.7986968755722046,-0.3280887007713318,False,-0.7986968755722046
66,0.0,vyB00TXsimI_3,2.200000047683716,1.6577575206756592,1.530620813369751,1.641485571861267,False,1.530620813369751
66,0.0,vyB00TXsimI_4,1.7999999523162842,1.7334203720092773,1.6333708763122559,1.8345073461532593,False,1.6333708763122559
66,0.0,vyB00TXsimI_5,1.7999999523162842,1.618827223777771,1.5496822595596313,1.7917054891586304,False,1.5496822595596313
66,0.0,vyB00TXsimI_6,2.0,1.0368704795837402,1.0611189603805542,0.8063538670539856,False,1.0611189603805542
66,0.0,vyB00TXsimI_7,2.4000000953674316,1.5012577772140503,1.361527919769287,1.7408146858215332,False,1.361527919769287
66,0.0,vyB00TXsimI_8,2.5999999046325684,1.62116277217865,1.524718165397644,1.711058497428894,False,1.524718165397644
66,0.0,vyB00TXsimI_9,-0.25,-0.4797353744506836,-0.24447762966156006,-0.09636890143156052,False,-0.24447762966156006
66,0.0,vyB00TXsimI_10,1.3333333730697632,1.163977026939392,1.0542106628417969,0.6506900787353516,False,1.0542106628417969
66,0.0,vyB00TXsimI_11,-0.20000000298023224,0.8203148245811462,0.8087042570114136,0.16795693337917328,False,0.8087042570114136
66,0.0,vyB00TXsimI_12,0.20000000298023224,0.8568348288536072,0.8288671374320984,0.5741291642189026,False,0.8288671374320984
66,0.0,vyB00TXsimI_13,2.4000000953674316,0.1374361217021942,0.10201095044612885,-0.2362179011106491,True,-0.2362179011106491
66,0.0,vyB00TXsimI_14,2.0,1.6130733489990234,1.4119901657104492,1.4980615377426147,False,1.4119901657104492
66,0.0,vyB00TXsimI_15,2.5999999046325684,1.425437331199646,1.3249603509902954,1.1119179725646973,False,1.3249603509902954
66,0.0,vyB00TXsimI_16,0.4000000059604645,0.4369395077228546,0.42979615926742554,0.4022049009799957,False,0.42979615926742554
66,0.0,vyB00TXsimI_17,1.399999976158142,1.4820820093154907,1.276745080947876,0.9806757569313049,False,1.276745080947876
66,0.0,vyB00TXsimI_18,2.4000000953674316,1.733611822128296,1.5675899982452393,1.7417083978652954,False,1.5675899982452393
66,0.0,vyB00TXsimI_19,1.2000000476837158,1.615586519241333,1.526861548423767,1.6958012580871582,False,1.526861548423767
66,0.0,vyB00TXsimI_20,2.200000047683716,1.7471226453781128,1.6561421155929565,1.9267646074295044,False,1.6561421155929565
66,0.0,vyB00TXsimI_21,1.2000000476837158,1.5923504829406738,1.5317963361740112,1.7504942417144775,False,1.5317963361740112
66,0.0,vyB00TXsimI_22,0.6000000238418579,-0.5915303826332092,-0.2650219798088074,-0.19724324345588684,False,-0.2650219798088074
66,0.0,fvVhgmXxadc_1,-0.4000000059604645,1.548051357269287,1.548051357269287,1.9620808362960815,False,1.548051357269287
66,0.0,fvVhgmXxadc_2,-2.799999952316284,-1.439947485923767,-1.1280823945999146,-0.9033198952674866,False,-1.1280823945999146
66,0.0,fvVhgmXxadc_3,-2.200000047683716,-1.2622034549713135,-1.5705286264419556,-0.7121784687042236,False,-1.5705286264419556
66,0.0,fvVhgmXxadc_4,-2.799999952316284,-1.3195183277130127,-1.703308343887329,-0.8398171663284302,False,-1.703308343887329
66,0.0,fvVhgmXxadc_5,0.0,-0.8752816319465637,-1.4193145036697388,-0.6642137169837952,False,-1.4193145036697388
66,0.0,fvVhgmXxadc_6,-0.20000000298023224,-1.170143485069275,-1.709692358970642,-0.8093810081481934,False,-1.709692358970642
66,0.0,fvVhgmXxadc_7,-1.0,-0.7297870516777039,-1.3206316232681274,-0.5092518925666809,False,-1.3206316232681274
66,0.0,fvVhgmXxadc_8,-0.5,-0.9655550122261047,-1.4985500574111938,-0.6175292730331421,False,-1.4985500574111938
66,0.0,fvVhgmXxadc_9,-0.4000000059604645,-0.35932695865631104,-0.8403288125991821,-0.47764596343040466,False,-0.8403288125991821
66,0.0,fvVhgmXxadc_10,0.0,-0.45048823952674866,-0.9335833787918091,-0.46267223358154297,False,-0.9335833787918091
66,0.0,fvVhgmXxadc_11,-0.20000000298023224,0.3232713043689728,-0.17927803099155426,-0.0675380676984787,False,-0.17927803099155426
66,0.0,fvVhgmXxadc_12,0.0,0.31422367691993713,-0.19275707006454468,-0.03198946267366409,False,-0.19275707006454468
66,0.0,fvVhgmXxadc_13,0.20000000298023224,-0.5660180449485779,-0.9826354384422302,-0.4115862250328064,False,-0.9826354384422302
66,0.0,fvVhgmXxadc_14,0.0,-0.4224167466163635,-0.9291732311248779,-0.36803823709487915,False,-0.9291732311248779
66,0.0,ob23OKe5a9Q_1,1.2000000476837158,1.6233912706375122,1.6233912706375122,2.0799834728240967,False,1.6233912706375122
66,0.0,ob23OKe5a9Q_2,1.0,0.5978818535804749,0.6472399830818176,0.9398331642150879,False,0.6472399830818176
66,0.0,ob23OKe5a9Q_3,-1.2000000476837158,-1.2316746711730957,-0.8889803886413574,-0.704407274723053,False,-0.8889803886413574
66,0.0,ob23OKe5a9Q_4,-1.5,-0.8728975057601929,-1.077775239944458,-0.6255542039871216,False,-1.077775239944458
66,0.0,ob23OKe5a9Q_5,-1.7999999523162842,-1.6078327894210815,-1.8175629377365112,-1.0353318452835083,False,-1.8175629377365112
66,0.0,ob23OKe5a9Q_6,0.0,-1.3911131620407104,-1.826707363128662,-0.8501718044281006,False,-1.826707363128662
66,0.0,ob23OKe5a9Q_7,0.6000000238418579,1.5567381381988525,1.2389236688613892,1.2227611541748047,False,1.2389236688613892
66,0.0,ob23OKe5a9Q_8,0.6000000238418579,1.6399080753326416,1.4651155471801758,1.7397254705429077,False,1.4651155471801758
66,0.0,ob23OKe5a9Q_9,-1.399999976158142,-1.541147232055664,-1.1341567039489746,-0.8073605895042419,False,-1.1341567039489746
66,0.0,ob23OKe5a9Q_10,1.25,1.774503469467163,1.6334264278411865,1.930801272392273,False,1.6334264278411865
66,0.0,ob23OKe5a9Q_11,0.800000011920929,1.565293788909912,1.467101812362671,1.73345148563385,False,1.467101812362671
66,0.0,ob23OKe5a9Q_12,2.799999952316284,1.6657130718231201,1.5491886138916016,2.0493390560150146,False,1.5491886138916016
66,0.0,ob23OKe5a9Q_13,1.25,-1.0901756286621094,-0.7068846821784973,-0.12627054750919342,False,-0.7068846821784973
66,0.0,ob23OKe5a9Q_14,0.800000011920929,1.4671968221664429,1.2717019319534302,1.6385126113891602,False,1.2717019319534302
66,0.0,zhpQhgha_KU_1,-1.600000023841858,-1.7028661966323853,-1.7028661966323853,-0.92425137758255,False,-1.7028661966323853
66,0.0,zhpQhgha_KU_2,1.600000023841858,1.7041884660720825,1.5950188636779785,1.8209747076034546,False,1.5950188636779785
66,0.0,zhpQhgha_KU_3,-1.600000023841858,-1.434321641921997,-1.2949962615966797,-0.8546613454818726,False,-1.2949962615966797
66,0.0,zhpQhgha_KU_4,-1.600000023841858,-1.1660007238388062,-1.5204277038574219,-0.7305839657783508,False,-1.5204277038574219
66,0.0,zhpQhgha_KU_5,-2.200000047683716,-1.2915221452713013,-1.6119390726089478,-0.9006696343421936,False,-1.6119390726089478
66,0.0,zhpQhgha_KU_6,1.0,1.3328242301940918,1.081220269203186,0.9169267416000366,False,1.081220269203186
66,0.0,zhpQhgha_KU_7,1.0,1.3479716777801514,1.2200273275375366,0.6815106868743896,False,1.2200273275375366
66,0.0,zhpQhgha_KU_8,-1.0,-1.437607765197754,-1.3832648992538452,-1.0600807666778564,False,-1.3832648992538452
66,0.0,zhpQhgha_KU_9,-1.0,-1.0818703174591064,-1.4879406690597534,-0.7425505518913269,False,-1.4879406690597534
66,0.0,zhpQhgha_KU_10,0.6000000238418579,0.6593506932258606,0.29615721106529236,0.4878059923648834,False,0.29615721106529236
66,0.0,zhpQhgha_KU_11,-2.4000000953674316,-1.578920841217041,-1.7632191181182861,-1.086557388305664,False,-1.7632191181182861
66,0.0,zhpQhgha_KU_12,-1.399999976158142,-1.3243318796157837,-1.7312259674072266,-0.8565271496772766,False,-1.7312259674072266
66,0.0,zhpQhgha_KU_13,-1.0,-0.8435383439064026,-1.2847765684127808,-0.6401128768920898,False,-1.2847765684127808
66,0.0,zhpQhgha_KU_14,-1.5,-1.0735292434692383,-1.4478596448898315,-0.9273027777671814,False,-1.4478596448898315
66,0.0,zhpQhgha_KU_15,-2.0,-1.3293867111206055,-1.7724796533584595,-0.896953821182251,False,-1.7724796533584595
66,0.0,zhpQhgha_KU_16,1.7999999523162842,1.7617971897125244,1.5247647762298584,1.7987182140350342,False,1.5247647762298584
66,0.0,zhpQhgha_KU_17,1.75,1.7453360557556152,1.6244080066680908,1.6956526041030884,False,1.6244080066680908
66,0.0,zhpQhgha_KU_18,0.6000000238418579,-0.5431371927261353,-0.20792675018310547,-0.32073599100112915,False,-0.20792675018310547
66,0.0,zhpQhgha_KU_19,-0.800000011920929,-0.5095202326774597,-0.6597896814346313,-0.42151013016700745,False,-0.6597896814346313
66,0.0,zhpQhgha_KU_20,-1.399999976158142,-0.758277177810669,-1.1371088027954102,-0.6750764846801758,False,-1.1371088027954102
66,0.0,zhpQhgha_KU_21,0.6000000238418579,-0.06352565437555313,-0.4232703745365143,-0.15534640848636627,True,-0.15534640848636627
66,0.0,zhpQhgha_KU_22,0.6000000238418579,0.058367930352687836,-0.14646753668785095,-0.14333775639533997,True,-0.14333775639533997
66,0.0,zhpQhgha_KU_23,-0.5,1.1363486051559448,0.9964625835418701,0.6726843118667603,False,0.9964625835418701
66,0.0,zhpQhgha_KU_24,0.0,-0.5537736415863037,-0.4076736867427826,-0.5168812274932861,False,-0.4076736867427826
66,0.0,zhpQhgha_KU_25,1.0,0.706539511680603,0.6035720705986023,0.29910537600517273,False,0.6035720705986023
66,0.0,zhpQhgha_KU_26,0.0,-0.35293498635292053,-0.37786561250686646,-0.08825084567070007,False,-0.37786561250686646
66,0.0,zhpQhgha_KU_27,0.800000011920929,0.9374717473983765,0.7491626143455505,0.37283778190612793,False,0.7491626143455505
66,0.0,zhpQhgha_KU_28,1.399999976158142,1.4585376977920532,1.3043336868286133,1.1467825174331665,False,1.3043336868286133
66,0.0,zhpQhgha_KU_29,-1.2000000476837158,-1.4399253129959106,-1.1279234886169434,-0.9027619361877441,False,-1.1279234886169434
66,0.0,zhpQhgha_KU_30,-2.0,-0.9712582230567932,-1.2352852821350098,-0.6990786194801331,False,-1.2352852821350098
66,0.0,zhpQhgha_KU_31,-1.0,-0.8211018443107605,-1.1861733198165894,-0.3142900764942169,False,-1.1861733198165894
66,0.0,zhpQhgha_KU_32,0.800000011920929,0.7475112080574036,0.3876575827598572,0.3146073520183563,False,0.3876575827598572
66,0.0,zhpQhgha_KU_33,-0.4000000059604645,0.6974047422409058,0.5024452805519104,0.5991885662078857,False,0.5024452805519104
66,0.0,zhpQhgha_KU_34,1.2000000476837158,1.6765482425689697,1.5267200469970703,1.8560371398925781,False,1.5267200469970703
66,0.0,zhpQhgha_KU_35,0.6000000238418579,1.0932426452636719,1.0653737783432007,1.11735200881958,False,1.0653737783432007
66,0.0,phBUpBr1hSo_1,1.399999976158142,1.8475803136825562,1.8475803136825562,2.3570094108581543,False,1.8475803136825562
66,0.0,phBUpBr1hSo_2,2.200000047683716,1.7374640703201294,1.694642424583435,1.8707095384597778,False,1.694642424583435
66,0.0,phBUpBr1hSo_3,2.799999952316284,1.7542330026626587,1.6855831146240234,1.9161533117294312,False,1.6855831146240234
66,0.0,phBUpBr1hSo_4,-0.800000011920929,-0.6251534819602966,-0.24556615948677063,-0.12794679403305054,False,-0.24556615948677063
66,0.0,phBUpBr1hSo_5,-1.399999976158142,-1.0930373668670654,-1.140023112297058,-0.6980621814727783,False,-1.140023112297058
66,0.0,phBUpBr1hSo_6,1.600000023841858,1.3996309041976929,1.1818045377731323,1.051889181137085,False,1.1818045377731323
66,0.0,phBUpBr1hSo_7,-1.0,-0.6806569695472717,-0.6702929735183716,-0.34866294264793396,False,-0.6702929735183716
66,0.0,phBUpBr1hSo_8,-2.200000047683716,-0.19208034873008728,-0.5628657937049866,-0.015870312228798866,True,-0.015870312228798866
66,0.0,phBUpBr1hSo_9,-2.0,-0.13009625673294067,-0.5446736216545105,-0.19489873945713043,True,-0.19489873945713043
66,0.0,phBUpBr1hSo_10,-1.399999976158142,-0.7250685095787048,-1.172858476638794,-0.6826813817024231,False,-1.172858476638794
66,0.0,phBUpBr1hSo_11,2.0,1.6155970096588135,1.3648511171340942,1.2119146585464478,False,1.3648511171340942
66,0.0,phBUpBr1hSo_12,1.7999999523162842,0.36564597487449646,0.2306557297706604,0.011651105247437954,False,0.2306557297706604
66,0.0,phBUpBr1hSo_13,0.800000011920929,1.6450605392456055,1.4142183065414429,1.4501219987869263,False,1.4142183065414429
66,0.0,phBUpBr1hSo_14,-1.2000000476837158,-0.16407524049282074,-0.08341646194458008,-0.17009097337722778,True,-0.17009097337722778
66,0.0,phBUpBr1hSo_15,-2.200000047683716,-0.48426759243011475,-0.7654675245285034,-0.4182715117931366,False,-0.7654675245285034
66,0.0,phBUpBr1hSo_16,-1.600000023841858,0.40116214752197266,-0.03247983008623123,0.2619817852973938,False,-0.03247983008623123
66,0.0,phBUpBr1hSo_17,2.0,1.0258291959762573,0.804721474647522,0.0421772226691246,False,0.804721474647522
66,0.0,phBUpBr1hSo_18,0.800000011920929,1.3842934370040894,1.1845351457595825,1.0156221389770508,False,1.1845351457595825
66,0.0,phBUpBr1hSo_19,2.0,1.5763323307037354,1.3926737308502197,1.5279165506362915,False,1.3926737308502197
66,0.0,phBUpBr1hSo_20,-1.25,0.4683764576911926,0.36534902453422546,-0.04046839475631714,False,0.36534902453422546
66,0.0,phBUpBr1hSo_21,0.800000011920929,0.5876555442810059,0.3489249646663666,0.33327242732048035,False,0.3489249646663666
66,0.0,yDtzw_Y-7RU_1,0.800000011920929,0.6357218027114868,0.6357218027114868,0.33447596430778503,False,0.6357218027114868
66,0.0,yDtzw_Y-7RU_2,0.800000011920929,-0.30623528361320496,-0.4208809435367584,-0.4443148970603943,False,-0.4208809435367584
66,0.0,yDtzw_Y-7RU_3,0.75,-0.010293511673808098,-0.5065831542015076,-0.46501481533050537,True,-0.46501481533050537
66,0.0,yDtzw_Y-7RU_4,-1.0,1.4583123922348022,1.261730670928955,-0.33950188755989075,False,1.261730670928955
66,0.0,yDtzw_Y-7RU_5,0.5,-0.4139590263366699,-0.360341876745224,-0.6353145837783813,False,-0.360341876745224
66,0.0,yDtzw_Y-7RU_6,-1.2000000476837158,-0.29509028792381287,-0.5698862075805664,-0.30144554376602173,False,-0.5698862075805664
66,0.0,yDtzw_Y-7RU_7,-0.20000000298023224,-0.6834660172462463,-1.028244972229004,-0.5225351452827454,False,-1.028244972229004
66,0.0,yDtzw_Y-7RU_8,-1.5,-0.5300686359405518,-0.9628819227218628,-0.5501827001571655,False,-0.9628819227218628
66,0.0,yDtzw_Y-7RU_9,-1.0,-0.7729945778846741,-1.1729027032852173,-0.7812861204147339,False,-1.1729027032852173
66,0.0,yDtzw_Y-7RU_10,-0.6000000238418579,-0.5544080138206482,-1.1724752187728882,-0.49330934882164,False,-1.1724752187728882
66,0.0,yDtzw_Y-7RU_11,-1.399999976158142,-1.0700932741165161,-1.417120337486267,-0.7644593715667725,False,-1.417120337486267
66,0.0,yDtzw_Y-7RU_12,-0.6666666865348816,-0.6660178303718567,-1.1759458780288696,-0.5430459380149841,False,-1.1759458780288696
66,0.0,yDtzw_Y-7RU_13,-1.7999999523162842,-1.2025173902511597,-1.5718390941619873,-0.8981603384017944,False,-1.5718390941619873
66,0.0,yDtzw_Y-7RU_14,2.200000047683716,1.6112759113311768,1.3376771211624146,1.128706455230713,False,1.3376771211624146
66,0.0,yDtzw_Y-7RU_15,0.6000000238418579,1.5547043085098267,1.3961776494979858,1.1775952577590942,False,1.3961776494979858
66,0.0,yDtzw_Y-7RU_16,0.6000000238418579,1.4448184967041016,1.375411868095398,1.0943753719329834,False,1.375411868095398
66,0.0,yDtzw_Y-7RU_17,0.20000000298023224,0.7892788648605347,0.7388498783111572,0.2774588167667389,False,0.7388498783111572
66,0.0,yDtzw_Y-7RU_18,-2.0,-1.247035026550293,-1.2013720273971558,-0.9068112969398499,False,-1.2013720273971558
66,0.0,yDtzw_Y-7RU_19,-1.600000023841858,-1.1302210092544556,-1.5673885345458984,-1.0225638151168823,False,-1.5673885345458984
66,0.0,yDtzw_Y-7RU_20,-0.6000000238418579,-0.36628463864326477,-0.9688538908958435,-0.3680061995983124,False,-0.9688538908958435
66,0.0,yDtzw_Y-7RU_21,0.20000000298023224,1.3441698551177979,1.0257803201675415,0.6190755367279053,False,1.0257803201675415
66,0.0,yDtzw_Y-7RU_22,2.0,1.6825275421142578,1.5315550565719604,1.78065025806427,False,1.5315550565719604
66,0.0,yDtzw_Y-7RU_23,2.200000047683716,1.4734667539596558,1.3788405656814575,1.358174443244934,False,1.3788405656814575
66,0.0,yDtzw_Y-7RU_24,-0.800000011920929,-0.5275753736495972,-0.3329088091850281,-0.5835481882095337,False,-0.3329088091850281
66,0.0,nzpVDcQ0ywM_1,0.0,1.5191670656204224,1.5191670656204224,1.631953477859497,False,1.5191670656204224
66,0.0,nzpVDcQ0ywM_2,-1.600000023841858,-0.2343476116657257,-0.13090480864048004,0.13554982841014862,True,0.13554982841014862
66,0.0,nzpVDcQ0ywM_3,0.800000011920929,1.2204450368881226,1.106052279472351,0.6967470645904541,False,1.106052279472351
66,0.0,nzpVDcQ0ywM_4,-1.600000023841858,-1.4382402896881104,-1.2512316703796387,-0.7975227236747742,False,-1.2512316703796387
66,0.0,nzpVDcQ0ywM_5,-0.4000000059604645,-1.3638994693756104,-1.7496683597564697,-0.6270769238471985,False,-1.7496683597564697
66,0.0,nzpVDcQ0ywM_6,-1.399999976158142,-1.7161953449249268,-2.0341506004333496,-1.0924341678619385,False,-2.0341506004333496
66,0.0,nzpVDcQ0ywM_7,-1.0,-1.2981387376785278,-1.7840194702148438,-0.7501938939094543,False,-1.7840194702148438
66,0.0,nzpVDcQ0ywM_8,2.0,1.4346599578857422,1.1293362379074097,1.429598093032837,False,1.1293362379074097
66,0.0,nzpVDcQ0ywM_9,-2.200000047683716,-1.3616106510162354,-1.3016635179519653,-0.6362562775611877,False,-1.3016635179519653
66,0.0,nzpVDcQ0ywM_10,-1.0,-1.2415350675582886,-1.6149070262908936,-0.6798651218414307,False,-1.6149070262908936
66,0.0,nzpVDcQ0ywM_11,0.0,-0.6464114785194397,-1.1461724042892456,-0.3540245294570923,False,-1.1461724042892456
66,0.0,nzpVDcQ0ywM_12,-1.399999976158142,-1.30826997756958,-1.6490353345870972,-0.8173943161964417,False,-1.6490353345870972
66,0.0,nzpVDcQ0ywM_13,-1.0,0.09088610112667084,-0.43459638953208923,-0.43466731905937195,True,-0.43466731905937195
66,0.0,nzpVDcQ0ywM_14,0.20000000298023224,0.08659125119447708,-0.3631519675254822,-0.2740630507469177,True,-0.2740630507469177
66,0.0,nzpVDcQ0ywM_15,-0.6000000238418579,1.1143405437469482,0.7408909201622009,0.3038790822029114,False,0.7408909201622009
66,0.0,nzpVDcQ0ywM_16,1.399999976158142,-0.28860175609588623,-0.3432891070842743,-0.4447987675666809,False,-0.3432891070842743
66,0.0,nzpVDcQ0ywM_17,1.600000023841858,1.4400815963745117,1.2179714441299438,0.9498027563095093,False,1.2179714441299438
66,0.0,nzpVDcQ0ywM_18,1.2000000476837158,1.365272879600525,1.2306327819824219,0.8372123837471008,False,1.2306327819824219
66,0.0,nzpVDcQ0ywM_19,-2.0,0.4319668412208557,0.40499264001846313,-0.03456474095582962,False,0.40499264001846313
66,0.0,nzpVDcQ0ywM_20,0.20000000298023224,0.8959404826164246,0.6854114532470703,0.4012727439403534,False,0.6854114532470703
66,0.0,nzpVDcQ0ywM_21,-1.399999976158142,-1.2788128852844238,-1.0525962114334106,-0.6483375430107117,False,-1.0525962114334106
66,0.0,nzpVDcQ0ywM_22,2.0,1.6629585027694702,1.4793370962142944,1.702041506767273,False,1.4793370962142944
66,0.0,nzpVDcQ0ywM_23,2.0,1.8031222820281982,1.6820833683013916,2.0561904907226562,False,1.6820833683013916
66,0.0,nzpVDcQ0ywM_24,1.600000023841858,1.5133391618728638,1.4536668062210083,1.687758207321167,False,1.4536668062210083
66,0.0,jUzDDGyPkXU_1,2.799999952316284,1.6020272970199585,1.6020272970199585,2.09621262550354,False,1.6020272970199585
66,0.0,jUzDDGyPkXU_2,2.5999999046325684,1.7396636009216309,1.6993037462234497,2.2418341636657715,False,1.6993037462234497
66,0.0,jUzDDGyPkXU_3,0.0,0.7668920755386353,0.882483184337616,0.8310918807983398,False,0.882483184337616
66,0.0,jUzDDGyPkXU_4,-1.600000023841858,1.2641624212265015,1.2467271089553833,0.8356970548629761,False,1.2467271089553833
66,0.0,jUzDDGyPkXU_5,-1.2000000476837158,-1.097369909286499,-0.7815864682197571,-0.7847536206245422,False,-0.7815864682197571
66,0.0,jUzDDGyPkXU_6,-1.600000023841858,-1.476309061050415,-1.4259828329086304,-0.9316136240959167,False,-1.4259828329086304
66,0.0,jUzDDGyPkXU_7,-0.6000000238418579,-1.4625054597854614,-1.8284718990325928,-0.7225067615509033,False,-1.8284718990325928
66,0.0,jUzDDGyPkXU_8,1.7999999523162842,1.5963226556777954,1.3161606788635254,1.7967219352722168,False,1.3161606788635254
66,0.0,jUzDDGyPkXU_9,2.799999952316284,1.7131999731063843,1.597920536994934,2.118586301803589,False,1.597920536994934
66,0.0,jUzDDGyPkXU_10,2.4000000953674316,1.5123249292373657,1.4668155908584595,1.8388806581497192,False,1.4668155908584595
66,0.0,jUzDDGyPkXU_11,2.4000000953674316,1.3385980129241943,1.3042995929718018,1.1761399507522583,False,1.3042995929718018
66,0.0,jUzDDGyPkXU_12,0.5,1.2888624668121338,1.2239280939102173,1.2201935052871704,False,1.2239280939102173
66,0.0,jUzDDGyPkXU_13,-0.6000000238418579,-0.9716717600822449,-0.6247220635414124,-0.5381448864936829,False,-0.6247220635414124
66,0.0,jUzDDGyPkXU_14,0.800000011920929,1.0400476455688477,0.8713540434837341,0.6833452582359314,False,0.8713540434837341
66,0.0,jUzDDGyPkXU_15,1.3333333730697632,-0.4604974687099457,-0.45178931951522827,0.007546912878751755,False,-0.45178931951522827
66,0.0,jUzDDGyPkXU_16,1.2000000476837158,1.210766315460205,1.0032758712768555,1.076600432395935,False,1.0032758712768555
66,0.0,jUzDDGyPkXU_17,-2.799999952316284,-1.8367278575897217,-1.7454770803451538,-1.1701631546020508,False,-1.7454770803451538
66,0.0,jUzDDGyPkXU_18,-2.4000000953674316,-1.262515902519226,-1.657950758934021,-0.9533820748329163,False,-1.657950758934021
66,0.0,jUzDDGyPkXU_19,2.200000047683716,-1.3615163564682007,-1.7758913040161133,-1.077195167541504,False,-1.7758913040161133
66,0.0,jUzDDGyPkXU_20,-2.200000047683716,-1.2177419662475586,-1.7000981569290161,-0.8645427227020264,False,-1.7000981569290161
66,0.0,jUzDDGyPkXU_21,-1.0,1.0730265378952026,0.7933964729309082,0.2796003520488739,False,0.7933964729309082
66,0.0,jUzDDGyPkXU_22,-2.4000000953674316,-1.3929671049118042,-1.2525694370269775,-0.7700234055519104,False,-1.2525694370269775
66,0.0,jUzDDGyPkXU_23,1.2000000476837158,1.4496774673461914,1.2543596029281616,1.5631824731826782,False,1.2543596029281616
66,0.0,jUzDDGyPkXU_24,-1.0,-1.5594714879989624,-1.3182603120803833,-0.9051694869995117,False,-1.3182603120803833
66,0.0,jUzDDGyPkXU_25,-2.0,-1.5323773622512817,-1.8653632402420044,-1.1268563270568848,False,-1.8653632402420044
66,0.0,jUzDDGyPkXU_26,-2.0,-0.937324047088623,-1.4899388551712036,-0.2278931736946106,False,-1.4899388551712036
66,0.0,jUzDDGyPkXU_27,-2.0,-1.6016501188278198,-1.9894272089004517,-1.0352988243103027,False,-1.9894272089004517
66,0.0,rnaNMUZpvvg_1,-2.5999999046325684,-1.5629997253417969,-1.5629997253417969,-1.027808427810669,False,-1.5629997253417969
66,0.0,rnaNMUZpvvg_2,2.25,1.3703385591506958,1.1803690195083618,1.5408086776733398,False,1.1803690195083618
66,0.0,rnaNMUZpvvg_3,-0.800000011920929,-0.47186505794525146,-0.5361437797546387,-0.324198454618454,False,-0.5361437797546387
66,0.0,rnaNMUZpvvg_4,-2.4000000953674316,-1.5256867408752441,-1.6569312810897827,-1.1102110147476196,False,-1.6569312810897827
66,0.0,rnaNMUZpvvg_5,-2.799999952316284,-1.557204008102417,-1.9911998510360718,-1.0975044965744019,False,-1.9911998510360718
66,0.0,rnaNMUZpvvg_6,-2.5999999046325684,-1.1900622844696045,-1.7430230379104614,-0.9641186594963074,False,-1.7430230379104614
66,0.0,rnaNMUZpvvg_7,-0.4000000059604645,-1.3281161785125732,-1.8764809370040894,-1.0044689178466797,False,-1.8764809370040894
66,0.0,rnaNMUZpvvg_8,-1.600000023841858,-1.5947726964950562,-2.082012176513672,-1.2053050994873047,False,-2.082012176513672
66,0.0,rnaNMUZpvvg_9,-1.399999976158142,-1.5274242162704468,-2.020695209503174,-1.110867977142334,False,-2.020695209503174
66,0.0,rnaNMUZpvvg_10,-2.5999999046325684,-0.8840649724006653,-1.5352561473846436,-0.6119382977485657,False,-1.5352561473846436
66,0.0,rnaNMUZpvvg_11,-2.5999999046325684,-1.3404980897903442,-1.889445185661316,-1.0697667598724365,False,-1.889445185661316
66,0.0,rnaNMUZpvvg_12,-1.0,-1.422531247138977,-1.9337774515151978,-0.976850152015686,False,-1.9337774515151978
66,0.0,rnaNMUZpvvg_13,-2.0,-0.8014161586761475,-1.4138906002044678,-0.6812615990638733,False,-1.4138906002044678
66,0.0,rnaNMUZpvvg_14,-2.5999999046325684,-1.3840916156768799,-1.831346035003662,-1.0361233949661255,False,-1.831346035003662
66,0.0,rnaNMUZpvvg_15,-1.600000023841858,-1.2880347967147827,-1.8001885414123535,-0.8359880447387695,False,-1.8001885414123535
66,0.0,rnaNMUZpvvg_16,-1.7999999523162842,-1.3726245164871216,-1.9067646265029907,-1.0884482860565186,False,-1.9067646265029907
66,0.0,rnaNMUZpvvg_17,-1.600000023841858,-0.831062912940979,-1.4069889783859253,-0.5618293881416321,False,-1.4069889783859253
66,0.0,rnaNMUZpvvg_18,-2.200000047683716,-1.3159127235412598,-1.7155693769454956,-0.9119639992713928,False,-1.7155693769454956
66,0.0,rnaNMUZpvvg_19,-1.399999976158142,-1.31718111038208,-1.824230670928955,-0.7592359781265259,False,-1.824230670928955
66,0.0,rnaNMUZpvvg_20,0.800000011920929,1.4726781845092773,1.0940297842025757,1.1376266479492188,False,1.0940297842025757
66,0.0,rnaNMUZpvvg_21,-2.5999999046325684,-1.2928345203399658,-1.443164587020874,-0.8630977272987366,False,-1.443164587020874
66,0.0,rnaNMUZpvvg_22,-2.200000047683716,-1.3827598094940186,-1.770473837852478,-0.936241090297699,False,-1.770473837852478
66,0.0,yvsjCA6Y5Fc_1,-2.0,-0.8357328176498413,-0.8357328176498413,-0.2535211741924286,False,-0.8357328176498413
66,0.0,yvsjCA6Y5Fc_2,-1.2000000476837158,-1.2764087915420532,-1.664507508277893,-0.9512831568717957,False,-1.664507508277893
66,0.0,yvsjCA6Y5Fc_3,-2.0,-1.326300859451294,-1.7922780513763428,-0.9070470929145813,False,-1.7922780513763428
66,0.0,yvsjCA6Y5Fc_4,-0.20000000298023224,-0.26351040601730347,-0.8533272743225098,0.058274440467357635,False,-0.8533272743225098
66,0.0,yvsjCA6Y5Fc_5,0.4000000059604645,-0.291364461183548,-0.7671074867248535,-0.23667815327644348,False,-0.7671074867248535
66,0.0,yvsjCA6Y5Fc_6,0.0,-1.6109061241149902,-1.7344841957092285,-1.0336953401565552,False,-1.7344841957092285
66,0.0,yvsjCA6Y5Fc_7,-1.7999999523162842,-0.8443948030471802,-1.2628562450408936,-0.4675944149494171,False,-1.2628562450408936
66,0.0,yvsjCA6Y5Fc_8,0.4000000059604645,-1.2252737283706665,-1.4869248867034912,-0.6797742247581482,False,-1.4869248867034912
66,0.0,yvsjCA6Y5Fc_9,-1.399999976158142,-1.0241422653198242,-1.4376786947250366,-0.7112348079681396,False,-1.4376786947250366
66,0.0,yvsjCA6Y5Fc_10,-2.0,-1.0784097909927368,-1.5842299461364746,-0.7778212428092957,False,-1.5842299461364746
66,0.0,yvsjCA6Y5Fc_11,2.0,0.8541532754898071,0.3056638538837433,-0.15545393526554108,False,0.3056638538837433
66,0.0,yvsjCA6Y5Fc_12,-0.6000000238418579,-0.7815773487091064,-1.212138056755066,-0.6706585884094238,False,-1.212138056755066
66,0.0,yvsjCA6Y5Fc_13,-2.0,-1.520498514175415,-1.979241132736206,-1.0988743305206299,False,-1.979241132736206
66,0.0,yvsjCA6Y5Fc_14,-1.0,-1.1295615434646606,-1.7198505401611328,-0.9939878582954407,False,-1.7198505401611328
66,0.0,yvsjCA6Y5Fc_15,-2.0,-0.9818037152290344,-1.6178841590881348,-0.8210268616676331,False,-1.6178841590881348
66,0.0,yvsjCA6Y5Fc_16,-1.7999999523162842,-1.5274442434310913,-1.9922523498535156,-0.9805657267570496,False,-1.9922523498535156
66,0.0,yvsjCA6Y5Fc_17,-0.6000000238418579,-0.1423649936914444,-0.8250036835670471,-0.14674656093120575,True,-0.14674656093120575
66,0.0,yvsjCA6Y5Fc_18,-2.200000047683716,-1.6121022701263428,-1.926395058631897,-0.9801278710365295,False,-1.926395058631897
66,0.0,yvsjCA6Y5Fc_19,-1.600000023841858,-1.042190670967102,-1.5642858743667603,-0.6777634024620056,False,-1.5642858743667603
66,0.0,yvsjCA6Y5Fc_20,0.800000011920929,1.4335368871688843,0.9872103333473206,1.0991133451461792,False,0.9872103333473206
66,0.0,yvsjCA6Y5Fc_21,-1.7999999523162842,-1.413219690322876,-1.3849543333053589,-0.7427354454994202,False,-1.3849543333053589
66,0.0,yvsjCA6Y5Fc_22,-1.600000023841858,-1.356622338294983,-1.675412654876709,-0.8310031890869141,False,-1.675412654876709
66,0.0,yvsjCA6Y5Fc_23,-1.2000000476837158,-0.6488511562347412,-1.05649995803833,-0.3906201124191284,False,-1.05649995803833
66,0.0,pLTX3ipuDJI_1,-2.4000000953674316,-0.7196994423866272,-0.7196994423866272,-0.46454527974128723,False,-0.7196994423866272
66,0.0,pLTX3ipuDJI_2,-1.7999999523162842,-0.4742122292518616,-0.851199746131897,-0.13227514922618866,False,-0.851199746131897
66,0.0,pLTX3ipuDJI_3,-1.2000000476837158,-0.42778152227401733,-0.9483888745307922,-0.28168368339538574,False,-0.9483888745307922
66,0.0,pLTX3ipuDJI_4,-2.200000047683716,-0.012967294082045555,-0.5541163086891174,-0.11734268814325333,True,-0.11734268814325333
66,0.0,pLTX3ipuDJI_5,-2.0,-0.6865144371986389,-1.2200171947479248,-0.45283302664756775,False,-1.2200171947479248
66,0.0,pLTX3ipuDJI_6,-1.399999976158142,-0.6430090069770813,-1.1155412197113037,-0.5963475704193115,False,-1.1155412197113037
66,0.0,pLTX3ipuDJI_7,0.800000011920929,0.7746835350990295,0.34003329277038574,0.4234449863433838,False,0.34003329277038574
66,0.0,pLTX3ipuDJI_8,-2.0,-0.7933452129364014,-1.1463813781738281,-0.6660148501396179,False,-1.1463813781738281
66,0.0,pLTX3ipuDJI_9,0.0,-0.260093629360199,-0.7253092527389526,-0.16660553216934204,False,-0.7253092527389526
66,0.0,pLTX3ipuDJI_10,-1.600000023841858,-0.9505647420883179,-1.352355718612671,-0.6353568434715271,False,-1.352355718612671
66,0.0,pLTX3ipuDJI_11,0.6000000238418579,0.9351858496665955,0.5570724606513977,0.5435724258422852,False,0.5570724606513977
66,0.0,pLTX3ipuDJI_12,-2.0,-0.05208601802587509,-0.20918211340904236,-0.14961844682693481,True,-0.14961844682693481
66,0.0,pLTX3ipuDJI_13,-1.399999976158142,0.35381370782852173,-0.010612763464450836,0.005427969619631767,False,-0.010612763464450836
66,0.0,pLTX3ipuDJI_14,-2.0,-0.7364946603775024,-1.1483055353164673,-0.7055454254150391,False,-1.1483055353164673
66,0.0,pLTX3ipuDJI_15,-1.399999976158142,-0.500441312789917,-1.003335952758789,-0.3132379651069641,False,-1.003335952758789
66,0.0,pLTX3ipuDJI_16,-1.600000023841858,-0.9648764729499817,-1.4014294147491455,-0.5892704129219055,False,-1.4014294147491455
66,0.0,cW1FSBF59ik_1,-2.5999999046325684,-1.4913265705108643,-1.4913265705108643,-1.0509190559387207,False,-1.4913265705108643
66,0.0,cW1FSBF59ik_2,3.0,1.4582308530807495,1.2720797061920166,1.3590723276138306,False,1.2720797061920166
66,0.0,cW1FSBF59ik_3,-1.0,-0.9326159954071045,-0.86089688539505,-0.44963961839675903,False,-0.86089688539505
66,0.0,cW1FSBF59ik_4,1.600000023841858,1.2874610424041748,1.056319236755371,0.9568080306053162,False,1.056319236755371
66,0.0,cW1FSBF59ik_5,2.0,1.5941442251205444,1.4179260730743408,1.693908929824829,False,1.4179260730743408
66,0.0,cW1FSBF59ik_6,1.2000000476837158,1.668746829032898,1.586178183555603,1.7317123413085938,False,1.586178183555603
66,0.0,cW1FSBF59ik_7,0.5,1.2018349170684814,1.1918338537216187,0.9032634496688843,False,1.1918338537216187
66,0.0,cW1FSBF59ik_8,1.7999999523162842,1.5567024946212769,1.481152057647705,1.6656813621520996,False,1.481152057647705
66,0.0,cW1FSBF59ik_9,-2.4000000953674316,-0.7614869475364685,-0.3537839353084564,-0.5085671544075012,False,-0.3537839353084564
66,0.0,cW1FSBF59ik_10,-1.0,1.6043899059295654,1.436151385307312,1.6262681484222412,False,1.436151385307312
66,0.0,cW1FSBF59ik_11,-1.0,-1.3318452835083008,-1.1080657243728638,-0.7396408319473267,False,-1.1080657243728638
66,0.0,cW1FSBF59ik_12,2.200000047683716,0.07387454807758331,-0.30686649680137634,0.31359076499938965,True,0.31359076499938965
66,0.0,cW1FSBF59ik_13,2.0,0.9693377017974854,0.6484559178352356,0.42640000581741333,False,0.6484559178352356
66,0.0,cW1FSBF59ik_14,-1.2000000476837158,-1.3068000078201294,-1.3659743070602417,-0.8916073441505432,False,-1.3659743070602417
66,0.0,cW1FSBF59ik_15,-2.5999999046325684,-1.2420588731765747,-1.6640088558197021,-0.8422231674194336,False,-1.6640088558197021
66,0.0,cW1FSBF59ik_16,3.0,1.4436877965927124,1.1009399890899658,0.9916624426841736,False,1.1009399890899658
66,0.0,cW1FSBF59ik_17,2.4000000953674316,1.7409285306930542,1.5692812204360962,1.8868591785430908,False,1.5692812204360962
66,0.0,cW1FSBF59ik_18,2.5999999046325684,1.7638965845108032,1.6654027700424194,2.0774261951446533,False,1.6654027700424194
66,0.0,cW1FSBF59ik_19,0.20000000298023224,0.7004634737968445,0.784436821937561,0.7368453741073608,False,0.784436821937561
66,0.0,cW1FSBF59ik_20,2.5,1.3590989112854004,1.3206651210784912,1.1175965070724487,False,1.3206651210784912
66,0.0,cW1FSBF59ik_21,1.600000023841858,1.6437957286834717,1.557908535003662,1.7437045574188232,False,1.557908535003662
66,0.0,cW1FSBF59ik_22,-1.0,0.9736009836196899,1.0055660009384155,1.018011212348938,False,1.0055660009384155
66,0.0,cW1FSBF59ik_23,1.399999976158142,1.3552112579345703,1.248174786567688,1.2845821380615234,False,1.248174786567688
66,0.0,cW1FSBF59ik_24,0.0,0.9431074857711792,0.8595337867736816,0.9167448282241821,False,0.8595337867736816
66,0.0,tmZoasNr4rU_1,0.0,0.09041979908943176,0.09041979908943176,0.5585514903068542,True,0.5585514903068542
66,0.0,tmZoasNr4rU_2,-2.0,-1.377964735031128,-1.414133906364441,-0.9341509938240051,False,-1.414133906364441
66,0.0,tmZoasNr4rU_3,-2.0,-1.0820305347442627,-1.3819652795791626,-0.7827058434486389,False,-1.3819652795791626
66,0.0,tmZoasNr4rU_4,-0.800000011920929,-1.3445409536361694,-1.6545937061309814,-0.9746496677398682,False,-1.6545937061309814
66,0.0,tmZoasNr4rU_5,-0.800000011920929,-1.1667557954788208,-1.6543841361999512,-0.7653960585594177,False,-1.6543841361999512
66,0.0,tmZoasNr4rU_6,-1.7999999523162842,-0.9216969609260559,-1.4685245752334595,-0.9916795492172241,False,-1.4685245752334595
66,0.0,tmZoasNr4rU_7,-1.0,-1.2527213096618652,-1.7838770151138306,-0.9346811175346375,False,-1.7838770151138306
66,0.0,tmZoasNr4rU_8,-2.0,-1.1560307741165161,-1.7036346197128296,-0.8659593462944031,False,-1.7036346197128296
66,0.0,tmZoasNr4rU_9,-0.6000000238418579,-1.5806444883346558,-1.9800070524215698,-1.1122595071792603,False,-1.9800070524215698
66,0.0,tmZoasNr4rU_10,-1.7999999523162842,-0.265006959438324,-0.9420533180236816,-0.7169039845466614,False,-0.9420533180236816
66,0.0,tmZoasNr4rU_11,-0.6000000238418579,0.5830580592155457,0.33143556118011475,0.18738217651844025,False,0.33143556118011475
66,0.0,tmZoasNr4rU_12,-2.200000047683716,-1.4458991289138794,-1.6151140928268433,-1.0524038076400757,False,-1.6151140928268433
66,0.0,tmZoasNr4rU_13,-0.800000011920929,-0.3593626022338867,-0.7836305499076843,-0.7186470031738281,False,-0.7836305499076843
66,0.0,tmZoasNr4rU_14,-2.0,-1.408179521560669,-1.6928825378417969,-1.1393485069274902,False,-1.6928825378417969
66,0.0,tmZoasNr4rU_15,0.25,-0.8968304395675659,-1.3642209768295288,-0.8117562532424927,False,-1.3642209768295288
66,0.0,tmZoasNr4rU_16,-1.399999976158142,-1.5874743461608887,-1.9779115915298462,-1.2307467460632324,False,-1.9779115915298462
66,0.0,tmZoasNr4rU_17,-1.399999976158142,-1.4109344482421875,-1.8905460834503174,-1.1063438653945923,False,-1.8905460834503174
66,0.0,tmZoasNr4rU_18,0.0,-1.4499030113220215,-1.9814566373825073,-1.107160210609436,False,-1.9814566373825073
66,0.0,tmZoasNr4rU_19,0.20000000298023224,-0.4119945764541626,-1.033132553100586,-0.6419569253921509,False,-1.033132553100586
66,0.0,tmZoasNr4rU_20,-1.0,-1.4680367708206177,-1.9114218950271606,-1.1197562217712402,False,-1.9114218950271606
66,0.0,d6hH302o4v8_1,-2.799999952316284,-1.8294423818588257,-1.8294423818588257,-1.2725600004196167,False,-1.8294423818588257
66,0.0,d6hH302o4v8_2,-1.7999999523162842,-1.3257466554641724,-1.732245683670044,-1.014811396598816,False,-1.732245683670044
66,0.0,d6hH302o4v8_3,0.20000000298023224,-0.7583437561988831,-1.348365306854248,-0.6690574884414673,False,-1.348365306854248
66,0.0,d6hH302o4v8_4,-1.600000023841858,-0.4453224539756775,-1.1632243394851685,-0.4869665503501892,False,-1.1632243394851685
66,0.0,d6hH302o4v8_5,-1.3333333730697632,0.061112694442272186,-0.4378913640975952,-0.5223957896232605,True,-0.5223957896232605
66,0.0,d6hH302o4v8_6,-2.0,-1.0054168701171875,-1.1043840646743774,-0.846126914024353,False,-1.1043840646743774
66,0.0,d6hH302o4v8_7,-2.799999952316284,-1.466344952583313,-1.7633904218673706,-0.9527812600135803,False,-1.7633904218673706
66,0.0,d6hH302o4v8_8,-2.200000047683716,-1.2888425588607788,-1.7836472988128662,-0.9883307814598083,False,-1.7836472988128662
66,0.0,d6hH302o4v8_9,-2.4000000953674316,-0.34402912855148315,-0.9967270493507385,-0.6065588593482971,False,-0.9967270493507385
66,0.0,d6hH302o4v8_10,-1.2000000476837158,-0.652682363986969,-1.156480312347412,-0.5453869700431824,False,-1.156480312347412
66,0.0,d6hH302o4v8_11,-1.0,-1.2325059175491333,-1.6343649625778198,-0.8363747596740723,False,-1.6343649625778198
66,0.0,d6hH302o4v8_12,1.399999976158142,1.5928460359573364,1.2238701581954956,1.5570465326309204,False,1.2238701581954956
66,0.0,d6hH302o4v8_13,-2.0,-1.3536080121994019,-1.3342138528823853,-0.8630072474479675,False,-1.3342138528823853
66,0.0,d6hH302o4v8_14,-1.7999999523162842,-1.2696335315704346,-1.6466392278671265,-0.8723545074462891,False,-1.6466392278671265
66,0.0,d6hH302o4v8_15,-1.75,-1.247881531715393,-1.7124296426773071,-0.8997586369514465,False,-1.7124296426773071
66,0.0,d6hH302o4v8_16,-2.0,-1.4162967205047607,-1.9211888313293457,-1.1061385869979858,False,-1.9211888313293457
66,0.0,d6hH302o4v8_17,-2.0,-0.7902377247810364,-1.4455299377441406,-0.6434118151664734,False,-1.4455299377441406
66,0.0,d6hH302o4v8_18,-2.0,-1.5100421905517578,-1.9571996927261353,-1.0628736019134521,False,-1.9571996927261353
66,0.0,d6hH302o4v8_19,-2.799999952316284,-0.8479735255241394,-1.4603108167648315,-0.8006249666213989,False,-1.4603108167648315
66,0.0,d6hH302o4v8_20,1.0,0.8220569491386414,0.3148669898509979,0.12594296038150787,False,0.3148669898509979
66,0.0,d6hH302o4v8_21,-2.4000000953674316,-1.1816556453704834,-1.517372488975525,-0.9552204608917236,False,-1.517372488975525
66,0.0,d6hH302o4v8_22,-1.0,-1.6246145963668823,-2.037531614303589,-1.147740364074707,False,-2.037531614303589
66,0.0,d6hH302o4v8_23,-2.5999999046325684,-1.7737795114517212,-2.1461281776428223,-1.2625056505203247,False,-2.1461281776428223
66,0.0,d6hH302o4v8_24,-2.799999952316284,-1.1231073141098022,-1.6999691724777222,-0.9652212262153625,False,-1.6999691724777222
66,0.0,d6hH302o4v8_25,-1.600000023841858,-0.8932968378067017,-1.4888709783554077,-0.7064008116722107,False,-1.4888709783554077
66,0.0,d6hH302o4v8_26,-2.5999999046325684,-0.9214151501655579,-1.4506726264953613,-0.895307719707489,False,-1.4506726264953613
66,0.0,d6hH302o4v8_27,-2.5999999046325684,-0.4515736401081085,-1.1035691499710083,-0.5062317252159119,False,-1.1035691499710083
66,0.0,d6hH302o4v8_28,-1.0,-0.892611026763916,-1.17462158203125,-0.6732072234153748,False,-1.17462158203125
66,0.0,d6hH302o4v8_29,-1.7999999523162842,-0.8300573229789734,-1.337546706199646,-0.534631609916687,False,-1.337546706199646
66,0.0,d6hH302o4v8_30,-2.799999952316284,-1.3488876819610596,-1.8061434030532837,-1.0069066286087036,False,-1.8061434030532837
66,0.0,d6hH302o4v8_31,-1.399999976158142,-1.290290355682373,-1.75644850730896,-0.9613795876502991,False,-1.75644850730896
66,0.0,d6hH302o4v8_32,-0.6000000238418579,0.5317952036857605,-0.16062013804912567,-0.13136114180088043,False,-0.16062013804912567
66,0.0,d6hH302o4v8_33,-3.0,-1.39549720287323,-1.7162960767745972,-1.0713000297546387,False,-1.7162960767745972
66,0.0,d6hH302o4v8_34,-3.0,-0.4515736401081085,-0.9464702606201172,-0.5016870498657227,False,-0.9464702606201172
66,0.0,d6hH302o4v8_35,-1.600000023841858,-1.354588270187378,-1.5163637399673462,-1.0261825323104858,False,-1.5163637399673462
66,0.0,d6hH302o4v8_36,-2.200000047683716,-1.3757119178771973,-1.8765240907669067,-1.0299075841903687,False,-1.8765240907669067
66,0.0,d6hH302o4v8_37,-2.200000047683716,-1.3738486766815186,-1.9077006578445435,-1.1289033889770508,False,-1.9077006578445435
66,0.0,d6hH302o4v8_38,-3.0,-1.3915824890136719,-1.9560585021972656,-1.0626544952392578,False,-1.9560585021972656
66,0.0,d6hH302o4v8_39,-3.0,-1.4045675992965698,-1.9569200277328491,-1.1355959177017212,False,-1.9569200277328491
66,0.0,d6hH302o4v8_40,-1.0,0.1150028258562088,-0.6608704924583435,-0.5251628160476685,True,-0.5251628160476685
66,0.0,d6hH302o4v8_41,-2.4000000953674316,-1.2866301536560059,-1.6928966045379639,-1.0006623268127441,False,-1.6928966045379639
66,0.0,d6hH302o4v8_42,-1.399999976158142,-1.1836614608764648,-1.696102499961853,-0.6606271862983704,False,-1.696102499961853
66,0.0,d6hH302o4v8_43,-2.5,-0.8565302491188049,-1.386767029762268,-0.6039671301841736,False,-1.386767029762268
66,0.0,dq3Nf_lMPnE_1,0.0,0.9580873847007751,0.9580873847007751,0.9690340161323547,False,0.9580873847007751
66,0.0,dq3Nf_lMPnE_2,-1.399999976158142,-1.4427690505981445,-1.2700036764144897,-0.9003518223762512,False,-1.2700036764144897
66,0.0,dq3Nf_lMPnE_3,-1.2000000476837158,-1.5748103857040405,-1.8943779468536377,-1.0053942203521729,False,-1.8943779468536377
66,0.0,dq3Nf_lMPnE_4,-0.4000000059604645,0.08274493366479874,-0.35352781414985657,-0.10219516605138779,True,-0.10219516605138779
66,0.0,dq3Nf_lMPnE_5,1.2000000476837158,-1.3850418329238892,-1.6617554426193237,-0.6830888390541077,False,-1.6617554426193237
66,0.0,dq3Nf_lMPnE_6,0.800000011920929,-1.1339118480682373,-1.6330095529556274,-0.9291883707046509,False,-1.6330095529556274
66,0.0,dq3Nf_lMPnE_7,-2.0,-1.6126797199249268,-1.9923222064971924,-1.1226181983947754,False,-1.9923222064971924
66,0.0,dq3Nf_lMPnE_8,0.6000000238418579,0.5997967720031738,-0.013323167338967323,0.1398790329694748,False,-0.013323167338967323
66,0.0,dq3Nf_lMPnE_9,-0.800000011920929,-1.1130166053771973,-1.3540807962417603,-0.8308464884757996,False,-1.3540807962417603
66,0.0,dq3Nf_lMPnE_10,1.0,1.153659701347351,0.7345281839370728,0.7022048830986023,False,0.7345281839370728
66,0.0,dq3Nf_lMPnE_11,-0.6000000238418579,-0.7337822318077087,-0.8767208456993103,-0.5079371333122253,False,-0.8767208456993103
66,0.0,dq3Nf_lMPnE_12,-1.600000023841858,-1.760657548904419,-2.073573589324951,-1.2127046585083008,False,-2.073573589324951
66,0.0,dq3Nf_lMPnE_13,-1.2000000476837158,-0.5746874809265137,-1.210078477859497,-0.7132752537727356,False,-1.210078477859497
66,0.0,dq3Nf_lMPnE_14,-1.7999999523162842,0.6473374962806702,-0.03680192679166794,-0.45794665813446045,False,-0.03680192679166794
66,0.0,dq3Nf_lMPnE_15,1.0,0.936607837677002,0.7340717911720276,0.6555227637290955,False,0.7340717911720276
66,0.0,k5Y_838nuGo_1,-1.600000023841858,-1.0386712551116943,-1.0386712551116943,-0.6932529807090759,False,-1.0386712551116943
66,0.0,k5Y_838nuGo_2,1.2000000476837158,-0.6048710346221924,-0.9219175577163696,-0.6614428758621216,False,-0.9219175577163696
66,0.0,k5Y_838nuGo_3,0.800000011920929,1.2555824518203735,1.1329240798950195,0.6485219597816467,False,1.1329240798950195
66,0.0,k5Y_838nuGo_4,1.0,1.1003808975219727,0.951542854309082,0.8567772507667542,False,0.951542854309082
66,0.0,k5Y_838nuGo_5,-1.3333333730697632,-1.220373511314392,-1.1759861707687378,-0.8617963194847107,False,-1.1759861707687378
66,0.0,k5Y_838nuGo_6,2.0,1.4519543647766113,1.2063593864440918,0.31692343950271606,False,1.2063593864440918
66,0.0,k5Y_838nuGo_7,-2.4000000953674316,-1.065049171447754,-1.1350305080413818,-0.8883001208305359,False,-1.1350305080413818
66,0.0,k5Y_838nuGo_8,-1.399999976158142,-1.0256569385528564,-1.416306495666504,-0.7332054376602173,False,-1.416306495666504
66,0.0,k5Y_838nuGo_9,1.7999999523162842,1.714363932609558,1.4894435405731201,1.327491283416748,False,1.4894435405731201
66,0.0,k5Y_838nuGo_10,2.0,1.4140536785125732,1.310441255569458,1.1241157054901123,False,1.310441255569458
66,0.0,k5Y_838nuGo_11,0.5,1.3233963251113892,1.2211190462112427,0.8920387625694275,False,1.2211190462112427
66,0.0,k5Y_838nuGo_12,0.20000000298023224,0.9634563326835632,0.9015489816665649,0.63715660572052,False,0.9015489816665649
66,0.0,k5Y_838nuGo_13,0.6000000238418579,1.2695069313049316,1.1055402755737305,0.13805343210697174,False,1.1055402755737305
66,0.0,k5Y_838nuGo_14,-1.7999999523162842,-0.3177180886268616,-0.10266748070716858,-0.17741098999977112,False,-0.10266748070716858
66,0.0,k5Y_838nuGo_15,-0.800000011920929,1.538724660873413,1.3898547887802124,1.0926039218902588,False,1.3898547887802124
66,0.0,k5Y_838nuGo_16,0.25,-0.48367851972579956,-0.5166841149330139,-0.6768247485160828,False,-0.5166841149330139
66,0.0,k5Y_838nuGo_17,0.800000011920929,0.7453621029853821,0.3432397246360779,-0.017758721485733986,False,0.3432397246360779
66,0.0,k5Y_838nuGo_18,0.4000000059604645,1.5200194120407104,1.293721079826355,0.905600368976593,False,1.293721079826355
66,0.0,k5Y_838nuGo_19,-0.6000000238418579,-0.6541598439216614,-0.47354617714881897,-0.5642279386520386,False,-0.47354617714881897
66,0.0,k5Y_838nuGo_20,0.4000000059604645,0.02658642828464508,-0.30808714032173157,-0.6073034405708313,True,-0.6073034405708313
66,0.0,k5Y_838nuGo_21,-0.20000000298023224,-0.9759975075721741,-1.4065439701080322,-0.874138355255127,False,-1.4065439701080322
66,0.0,k5Y_838nuGo_22,0.4000000059604645,1.3923395872116089,1.1061863899230957,0.4149479269981384,False,1.1061863899230957
66,0.0,k5Y_838nuGo_23,-0.20000000298023224,1.2232811450958252,1.0493050813674927,-0.07631216198205948,False,1.0493050813674927
66,0.0,k5Y_838nuGo_24,0.6000000238418579,0.6093428134918213,0.534709632396698,-0.36405035853385925,False,0.534709632396698
66,0.0,k5Y_838nuGo_25,-0.20000000298023224,-0.5551946759223938,-0.6786499619483948,-0.6268775463104248,False,-0.6786499619483948
66,0.0,k5Y_838nuGo_26,2.0,1.454485535621643,1.1094675064086914,0.8815417885780334,False,1.1094675064086914
66,0.0,k5Y_838nuGo_27,-0.800000011920929,-0.9471207857131958,-0.8828316926956177,-0.4852747321128845,False,-0.8828316926956177
66,0.0,k5Y_838nuGo_28,2.0,1.6282809972763062,1.408454418182373,1.0428014993667603,False,1.408454418182373
66,0.0,k5Y_838nuGo_29,-0.75,-1.0281012058258057,-0.731662929058075,-0.48743635416030884,False,-0.731662929058075
66,0.0,k5Y_838nuGo_30,1.600000023841858,1.498313307762146,1.3339048624038696,0.5526344776153564,False,1.3339048624038696
66,0.0,k5Y_838nuGo_31,-1.0,-0.721881091594696,-0.5499448180198669,-0.6000192165374756,False,-0.5499448180198669
66,0.0,iiK8YX8oH1E_1,-2.5999999046325684,-0.6907427310943604,-0.6907427310943604,-0.30948564410209656,False,-0.6907427310943604
66,0.0,iiK8YX8oH1E_2,1.2000000476837158,1.1240507364273071,0.9623727798461914,0.9020235538482666,False,0.9623727798461914
66,0.0,iiK8YX8oH1E_3,-1.25,-0.17282161116600037,-0.35497891902923584,-0.39480161666870117,True,-0.39480161666870117
66,0.0,iiK8YX8oH1E_4,-2.0,-0.6549952030181885,-1.0006541013717651,-0.3105413615703583,False,-1.0006541013717651
66,0.0,iiK8YX8oH1E_5,-0.4000000059604645,-0.19376224279403687,-0.7032867074012756,-0.32654568552970886,True,-0.32654568552970886
66,0.0,iiK8YX8oH1E_6,0.20000000298023224,1.5478110313415527,1.2595809698104858,1.5182037353515625,False,1.2595809698104858
66,0.0,iiK8YX8oH1E_7,-1.600000023841858,-0.33469557762145996,-0.42726415395736694,-0.30979713797569275,False,-0.42726415395736694
66,0.0,iiK8YX8oH1E_8,-1.0,1.0244017839431763,0.8703973293304443,0.8223781585693359,False,0.8703973293304443
66,0.0,iiK8YX8oH1E_9,0.4000000059604645,0.48334649205207825,0.3452829122543335,0.4261021912097931,False,0.3452829122543335
66,0.0,iiK8YX8oH1E_10,0.0,-0.6224849224090576,-0.8361809253692627,-0.34240904450416565,False,-0.8361809253692627
66,0.0,iiK8YX8oH1E_11,1.0,1.0449063777923584,0.8214130997657776,0.8147627711296082,False,0.8214130997657776
66,0.0,iiK8YX8oH1E_12,1.7999999523162842,1.7326796054840088,1.5760774612426758,1.9432172775268555,False,1.5760774612426758
66,0.0,iiK8YX8oH1E_13,-2.0,0.14857202768325806,0.26335546374320984,0.26257774233818054,True,0.26257774233818054
66,0.0,iiK8YX8oH1E_14,-1.2000000476837158,-0.8217570781707764,-0.8175423741340637,-0.3264813721179962,False,-0.8175423741340637
66,0.0,iiK8YX8oH1E_15,0.6000000238418579,0.8185557126998901,0.5922411680221558,0.42350777983665466,False,0.5922411680221558
66,0.0,iiK8YX8oH1E_16,0.0,0.11013908684253693,-0.0868363082408905,0.11503973603248596,True,0.11503973603248596
66,0.0,iiK8YX8oH1E_17,1.600000023841858,1.8237242698669434,1.7027114629745483,2.1114511489868164,False,1.7027114629745483
66,0.0,iiK8YX8oH1E_18,-1.0,0.7505512237548828,0.7801206111907959,0.48132869601249695,False,0.7801206111907959
66,0.0,tStelxIAHjw_1,0.0,1.0029466152191162,1.0029466152191162,0.5652503967285156,False,1.0029466152191162
66,0.0,tStelxIAHjw_2,-2.0,-0.4893011152744293,-0.5302911400794983,-0.5630367398262024,False,-0.5302911400794983
66,0.0,tStelxIAHjw_3,0.5,0.6081108450889587,0.18566469848155975,0.0008884761482477188,False,0.18566469848155975
66,0.0,tStelxIAHjw_4,-2.799999952316284,-1.0458002090454102,-1.0535718202590942,-0.7446068525314331,False,-1.0535718202590942
66,0.0,tStelxIAHjw_5,-2.200000047683716,-0.9885342717170715,-1.3221477270126343,-0.8398493528366089,False,-1.3221477270126343
66,0.0,tStelxIAHjw_6,1.600000023841858,1.4696260690689087,1.221298336982727,1.1329004764556885,False,1.221298336982727
66,0.0,tStelxIAHjw_7,1.399999976158142,1.425661563873291,1.2969913482666016,0.974845826625824,False,1.2969913482666016
66,0.0,tStelxIAHjw_8,-2.0,-0.6631942391395569,-0.582729697227478,-0.4277743399143219,False,-0.582729697227478
66,0.0,tStelxIAHjw_9,-1.399999976158142,-0.6171976923942566,-0.7704495787620544,-0.5546302199363708,False,-0.7704495787620544
66,0.0,tStelxIAHjw_10,-0.4000000059604645,-1.1825318336486816,-1.3705281019210815,-0.8577227592468262,False,-1.3705281019210815
66,0.0,tStelxIAHjw_11,-2.799999952316284,-1.0557873249053955,-1.39669930934906,-0.8871011137962341,False,-1.39669930934906
66,0.0,tStelxIAHjw_12,-1.0,-0.5483970642089844,-0.7607170343399048,-0.495334655046463,False,-0.7607170343399048
66,0.0,tStelxIAHjw_13,-1.600000023841858,-1.128798484802246,-1.3987503051757812,-0.8453463912010193,False,-1.3987503051757812
66,0.0,tStelxIAHjw_14,-1.7999999523162842,-0.3614937663078308,-0.8139217495918274,-0.2832787036895752,False,-0.8139217495918274
66,0.0,tStelxIAHjw_15,0.4000000059604645,0.44589099287986755,0.16813668608665466,-0.08949849009513855,False,0.16813668608665466
66,0.0,tStelxIAHjw_16,0.800000011920929,1.6155873537063599,1.4074156284332275,1.4428257942199707,False,1.4074156284332275
66,0.0,nbWiPyCm4g0_1,1.2000000476837158,1.563830018043518,1.563830018043518,1.6850180625915527,False,1.563830018043518
66,0.0,nbWiPyCm4g0_2,-2.4000000953674316,1.3447699546813965,1.3562527894973755,1.3214905261993408,False,1.3562527894973755
66,0.0,nbWiPyCm4g0_3,-1.7999999523162842,-1.2276833057403564,-0.7063149213790894,-0.9703590273857117,False,-0.7063149213790894
66,0.0,nbWiPyCm4g0_4,-2.200000047683716,-1.1450419425964355,-1.3765976428985596,-0.9652592539787292,False,-1.3765976428985596
66,0.0,nbWiPyCm4g0_5,-1.399999976158142,-0.8892537951469421,-1.3924872875213623,-0.6372019648551941,False,-1.3924872875213623
66,0.0,nbWiPyCm4g0_6,0.0,-0.9292800426483154,-1.4742377996444702,-0.934440016746521,False,-1.4742377996444702
66,0.0,nbWiPyCm4g0_7,-1.2000000476837158,-1.3535593748092651,-1.8570643663406372,-1.098441243171692,False,-1.8570643663406372
66,0.0,nbWiPyCm4g0_8,-2.200000047683716,-0.7472916841506958,-1.337353229522705,-0.4408453702926636,False,-1.337353229522705
66,0.0,nbWiPyCm4g0_9,-1.399999976158142,-0.9708081483840942,-1.4953176975250244,-0.8806745409965515,False,-1.4953176975250244
66,0.0,nbWiPyCm4g0_10,1.2000000476837158,1.4441437721252441,1.0950123071670532,0.6609224081039429,False,1.0950123071670532
66,0.0,etzxEpPuc6I_1,0.4000000059604645,-0.5435760617256165,-0.5435760617256165,0.29973483085632324,False,-0.5435760617256165
66,0.0,etzxEpPuc6I_2,1.2000000476837158,-0.6853110790252686,-0.9612541794776917,0.12719489634037018,False,-0.9612541794776917
66,0.0,etzxEpPuc6I_3,-1.600000023841858,-1.1624624729156494,-1.48366379737854,-0.40931716561317444,False,-1.48366379737854
66,0.0,etzxEpPuc6I_4,0.800000011920929,0.38433173298835754,-0.058484770357608795,0.31107720732688904,False,-0.058484770357608795
66,0.0,etzxEpPuc6I_5,0.0,0.34786567091941833,-0.047016873955726624,0.5855860710144043,False,-0.047016873955726624
66,0.0,etzxEpPuc6I_6,0.4000000059604645,0.7124365568161011,0.43472737073898315,0.1500108242034912,False,0.43472737073898315
66,0.0,etzxEpPuc6I_7,-1.2000000476837158,-0.977922260761261,-1.189416527748108,-0.3455894887447357,False,-1.189416527748108
66,0.0,etzxEpPuc6I_8,-1.0,-0.6793830394744873,-1.065805196762085,-0.42736226320266724,False,-1.065805196762085
66,0.0,etzxEpPuc6I_9,-2.799999952316284,-1.2900418043136597,-1.69490385055542,-0.6961708068847656,False,-1.69490385055542
66,0.0,etzxEpPuc6I_10,-1.399999976158142,-1.2191566228866577,-1.6933293342590332,-0.6847360730171204,False,-1.6933293342590332
66,0.0,etzxEpPuc6I_11,-1.600000023841858,-0.9765068292617798,-1.4337081909179688,-0.45710480213165283,False,-1.4337081909179688
66,0.0,etzxEpPuc6I_12,0.6666666865348816,-0.866432785987854,-1.323714017868042,-0.33529168367385864,False,-1.323714017868042
66,0.0,etzxEpPuc6I_13,-2.200000047683716,-1.325049877166748,-1.5790400505065918,-0.7078976035118103,False,-1.5790400505065918
66,0.0,etzxEpPuc6I_14,-1.2000000476837158,-0.7514228224754333,-1.2611380815505981,-0.4163815975189209,False,-1.2611380815505981
66,0.0,etzxEpPuc6I_15,0.20000000298023224,0.495699405670166,0.02054285630583763,0.4558749198913574,False,0.02054285630583763
66,0.0,etzxEpPuc6I_16,-2.4000000953674316,-1.5265830755233765,-1.6958597898483276,-0.9341358542442322,False,-1.6958597898483276
66,0.0,etzxEpPuc6I_17,-0.4000000059604645,0.22100968658924103,-0.2206422984600067,0.17904554307460785,True,0.17904554307460785
66,0.0,etzxEpPuc6I_18,1.399999976158142,1.673973560333252,1.4626219272613525,1.4420199394226074,False,1.4626219272613525
66,0.0,etzxEpPuc6I_19,-0.5,0.06479698419570923,0.14634841680526733,0.4100220799446106,True,0.4100220799446106
66,0.0,v0zCBqDeKcE_1,2.5999999046325684,0.8932777643203735,0.8932777643203735,1.0762819051742554,False,0.8932777643203735
66,0.0,v0zCBqDeKcE_2,-0.4000000059604645,1.2248717546463013,1.2045809030532837,1.0460667610168457,False,1.2045809030532837
66,0.0,v0zCBqDeKcE_3,0.6000000238418579,0.8088576197624207,0.7719836831092834,0.4230659604072571,False,0.7719836831092834
66,0.0,v0zCBqDeKcE_4,0.0,0.03384332358837128,0.13194939494132996,0.11169114708900452,True,0.11169114708900452
66,0.0,v0zCBqDeKcE_5,2.0,1.5354013442993164,1.3760685920715332,1.5648878812789917,False,1.3760685920715332
66,0.0,v0zCBqDeKcE_6,0.800000011920929,1.4691425561904907,1.3797699213027954,1.2439563274383545,False,1.3797699213027954
66,0.0,v0zCBqDeKcE_7,1.399999976158142,0.09849944710731506,0.19014953076839447,0.15675999224185944,True,0.15675999224185944
66,0.0,v0zCBqDeKcE_8,1.7999999523162842,1.006056785583496,0.8135640025138855,0.5650120377540588,False,0.8135640025138855
66,0.0,v0zCBqDeKcE_9,1.7999999523162842,1.6151126623153687,1.4397335052490234,1.7803759574890137,False,1.4397335052490234
66,0.0,v0zCBqDeKcE_10,2.200000047683716,1.6290796995162964,1.5286881923675537,1.748597264289856,False,1.5286881923675537
66,0.0,v0zCBqDeKcE_11,1.600000023841858,0.8518279790878296,0.8817594647407532,0.6023343801498413,False,0.8817594647407532
66,0.0,v0zCBqDeKcE_12,-0.4000000059604645,-1.380418062210083,-1.2048356533050537,-0.6502916812896729,False,-1.2048356533050537
66,0.0,v0zCBqDeKcE_13,1.7999999523162842,0.7643493413925171,0.4508644938468933,0.5991635918617249,False,0.4508644938468933
66,0.0,v0zCBqDeKcE_14,1.5,1.0574023723602295,0.8223322629928589,0.34888073801994324,False,0.8223322629928589
66,0.0,v0zCBqDeKcE_15,2.4000000953674316,1.5122764110565186,1.362574815750122,1.5781798362731934,False,1.362574815750122
66,0.0,v0zCBqDeKcE_16,0.0,-0.03316283971071243,0.07171780616044998,0.09272840619087219,True,0.09272840619087219
66,0.0,f_pcplsH_V0_1,0.25,1.4819121360778809,1.4819121360778809,1.6659159660339355,False,1.4819121360778809
66,0.0,f_pcplsH_V0_2,1.399999976158142,0.9718931913375854,1.0060105323791504,0.9952828288078308,False,1.0060105323791504
66,0.0,f_pcplsH_V0_3,0.800000011920929,-0.4293869137763977,-0.302487313747406,-0.18940669298171997,False,-0.302487313747406
66,0.0,f_pcplsH_V0_4,0.5,0.039115533232688904,-0.12947551906108856,0.02654142677783966,True,0.02654142677783966
66,0.0,f_pcplsH_V0_5,1.2000000476837158,-0.9253585934638977,-1.1998556852340698,-0.6518262028694153,False,-1.1998556852340698
66,0.0,f_pcplsH_V0_6,1.600000023841858,1.0640238523483276,0.6928121447563171,0.1035754382610321,False,0.6928121447563171
66,0.0,f_pcplsH_V0_7,0.0,-1.0720213651657104,-1.1671475172042847,-0.8289823532104492,False,-1.1671475172042847
66,0.0,f_pcplsH_V0_8,0.800000011920929,1.4984784126281738,1.2084131240844727,1.2676993608474731,False,1.2084131240844727
66,0.0,f_pcplsH_V0_9,-2.4000000953674316,-1.0368953943252563,-0.9290416836738586,-0.5368444323539734,False,-0.9290416836738586
66,0.0,f_pcplsH_V0_10,1.2000000476837158,1.20649254322052,0.9616727828979492,0.7098597288131714,False,0.9616727828979492
66,0.0,f_pcplsH_V0_11,-0.4000000059604645,-1.5479629039764404,-1.5220146179199219,-1.0433400869369507,False,-1.5220146179199219
66,0.0,f_pcplsH_V0_12,-0.800000011920929,-1.050528883934021,-1.5103950500488281,-0.7647246718406677,False,-1.5103950500488281
66,0.0,f_pcplsH_V0_13,1.600000023841858,1.2082059383392334,0.6219584345817566,0.6939408183097839,False,0.6219584345817566
66,0.0,f_pcplsH_V0_14,-1.0,-1.1630884408950806,-1.3010886907577515,-0.5620447397232056,False,-1.3010886907577515
66,0.0,f_pcplsH_V0_15,-1.0,-1.6586015224456787,-2.0632615089416504,-1.015147089958191,False,-2.0632615089416504
66,0.0,tIrG4oNLFzE_1,2.799999952316284,1.6273300647735596,1.6273300647735596,2.0268211364746094,False,1.6273300647735596
66,0.0,tIrG4oNLFzE_2,2.4000000953674316,1.5151513814926147,1.4867347478866577,1.8763525485992432,False,1.4867347478866577
66,0.0,tIrG4oNLFzE_3,2.5999999046325684,1.5766388177871704,1.515161156654358,1.7439225912094116,False,1.515161156654358
66,0.0,tIrG4oNLFzE_4,1.399999976158142,-1.2757364511489868,-0.8376627564430237,-0.4560154676437378,False,-0.8376627564430237
66,0.0,tIrG4oNLFzE_5,0.4000000059604645,-0.5926245450973511,-0.8063274621963501,-0.2906487286090851,False,-0.8063274621963501
66,0.0,tIrG4oNLFzE_6,1.25,0.9673740863800049,0.6556429266929626,0.44537779688835144,False,0.6556429266929626
66,0.0,tIrG4oNLFzE_7,-1.399999976158142,-1.155078649520874,-1.2788950204849243,-0.5821404457092285,False,-1.2788950204849243
66,0.0,tIrG4oNLFzE_8,-1.2000000476837158,-1.2926061153411865,-1.5847253799438477,-0.8373798131942749,False,-1.5847253799438477
66,0.0,tIrG4oNLFzE_9,-1.0,-1.2716128826141357,-1.709012508392334,-0.7219329476356506,False,-1.709012508392334
66,0.0,tIrG4oNLFzE_10,-1.7999999523162842,-1.186182975769043,-1.6607286930084229,-0.7030311226844788,False,-1.6607286930084229
66,0.0,tIrG4oNLFzE_11,-1.600000023841858,-0.1588209867477417,-0.7218301892280579,-0.03803050518035889,True,-0.03803050518035889
66,0.0,tIrG4oNLFzE_12,-2.5999999046325684,-1.6625102758407593,-1.9925765991210938,-1.0978474617004395,False,-1.9925765991210938
66,0.0,tIrG4oNLFzE_13,-2.0,-1.4716788530349731,-1.921431303024292,-0.890133261680603,False,-1.921431303024292
66,0.0,tIrG4oNLFzE_14,-2.4000000953674316,-1.1285418272018433,-1.682740330696106,-0.6729252338409424,False,-1.682740330696106
66,0.0,tIrG4oNLFzE_15,-2.0,0.911973774433136,0.4355182349681854,0.22396054863929749,False,0.4355182349681854
66,0.0,tIrG4oNLFzE_16,-1.600000023841858,-0.8455801010131836,-0.9676166772842407,-0.5557655692100525,False,-0.9676166772842407
66,0.0,tIrG4oNLFzE_17,-0.4000000059604645,0.2398654818534851,-0.11603795737028122,-0.2498326599597931,True,-0.2498326599597931
66,0.0,tIrG4oNLFzE_18,-2.200000047683716,-0.9037547707557678,-1.2825103998184204,-0.7061516642570496,False,-1.2825103998184204
66,0.0,cM3Yna7AavY_1,2.200000047683716,-1.1582660675048828,-1.1582660675048828,-0.4795370399951935,False,-1.1582660675048828
66,0.0,cM3Yna7AavY_2,2.5,1.0562634468078613,0.8143907189369202,0.9299061894416809,False,0.8143907189369202
66,0.0,cM3Yna7AavY_3,1.0,0.24125203490257263,0.21147626638412476,0.06875956058502197,True,0.06875956058502197
66,0.0,cM3Yna7AavY_4,0.6000000238418579,-0.009217364713549614,-0.1521877646446228,0.376147598028183,True,0.376147598028183
66,0.0,cM3Yna7AavY_5,2.799999952316284,1.6396535634994507,1.3898670673370361,1.7838218212127686,False,1.3898670673370361
66,0.0,cM3Yna7AavY_6,2.799999952316284,1.3916640281677246,1.3287928104400635,1.3643667697906494,False,1.3287928104400635
66,0.0,cM3Yna7AavY_7,3.0,1.5981186628341675,1.5389882326126099,1.9420692920684814,False,1.5389882326126099
66,0.0,cM3Yna7AavY_8,-0.6000000238418579,-1.1139156818389893,-0.658984899520874,-0.4924274682998657,False,-0.658984899520874
66,0.0,cM3Yna7AavY_9,-0.20000000298023224,-1.5506125688552856,-1.6242069005966187,-1.0891473293304443,False,-1.6242069005966187
66,0.0,cM3Yna7AavY_10,1.600000023841858,1.5914324522018433,1.283961296081543,1.172601580619812,False,1.283961296081543
66,0.0,cM3Yna7AavY_11,2.0,1.4452658891677856,1.3271968364715576,1.3470097780227661,False,1.3271968364715576
66,0.0,cM3Yna7AavY_12,-1.0,-1.2436490058898926,-1.0023860931396484,-0.8816627860069275,False,-1.0023860931396484
66,0.0,cM3Yna7AavY_13,-1.600000023841858,-1.396157145500183,-1.6546121835708618,-1.0798671245574951,False,-1.6546121835708618
66,0.0,cM3Yna7AavY_14,-2.5999999046325684,-0.1889374703168869,-0.6905652284622192,-0.1976567804813385,True,-0.1976567804813385
66,0.0,cM3Yna7AavY_15,-2.4000000953674316,-1.1961250305175781,-1.5745105743408203,-0.8517857193946838,False,-1.5745105743408203
66,0.0,cM3Yna7AavY_16,-2.799999952316284,-0.9878646731376648,-1.4088761806488037,-0.6432002186775208,False,-1.4088761806488037
66,0.0,lXPQBPVc5Cw_1,0.20000000298023224,1.5797176361083984,1.5797176361083984,1.794425368309021,False,1.5797176361083984
66,0.0,lXPQBPVc5Cw_2,-2.200000047683716,-0.8301157355308533,-0.6273168325424194,-0.3522871434688568,False,-0.6273168325424194
66,0.0,lXPQBPVc5Cw_3,-2.4000000953674316,-1.4336029291152954,-1.4143927097320557,-0.9497654438018799,False,-1.4143927097320557
66,0.0,lXPQBPVc5Cw_4,-1.2000000476837158,-1.2390974760055542,-1.5561634302139282,-0.8727492094039917,False,-1.5561634302139282
66,0.0,lXPQBPVc5Cw_5,-1.0,-0.7900972366333008,-1.2744024991989136,-0.6182270646095276,False,-1.2744024991989136
66,0.0,lXPQBPVc5Cw_6,-1.399999976158142,-1.77843177318573,-2.206103563308716,-1.3115428686141968,False,-2.206103563308716
66,0.0,lXPQBPVc5Cw_7,-2.799999952316284,-1.3818329572677612,-1.9535796642303467,-1.0771169662475586,False,-1.9535796642303467
66,0.0,lXPQBPVc5Cw_8,2.5999999046325684,1.5466827154159546,1.0892037153244019,1.4304560422897339,False,1.0892037153244019
66,0.0,lXPQBPVc5Cw_9,-2.5999999046325684,-1.0926673412322998,-1.1619137525558472,-0.6487402319908142,False,-1.1619137525558472
66,0.0,lXPQBPVc5Cw_10,-2.200000047683716,-1.616530418395996,-1.931153416633606,-1.2325401306152344,False,-1.931153416633606
66,0.0,lXPQBPVc5Cw_11,-1.7999999523162842,-1.2528226375579834,-1.8107560873031616,-1.0514671802520752,False,-1.8107560873031616
66,0.0,lXPQBPVc5Cw_12,-2.0,-1.4666355848312378,-1.8941749334335327,-1.1993333101272583,False,-1.8941749334335327
66,0.0,lXPQBPVc5Cw_13,2.799999952316284,1.2801884412765503,0.8573378920555115,1.1555466651916504,False,0.8573378920555115
66,0.0,lXPQBPVc5Cw_14,-2.200000047683716,-1.9457577466964722,-1.9129445552825928,-1.3990117311477661,False,-1.9129445552825928
66,0.0,lXPQBPVc5Cw_15,-2.799999952316284,-1.655064582824707,-2.099698781967163,-1.3792893886566162,False,-2.099698781967163
66,0.0,lXPQBPVc5Cw_16,0.20000000298023224,-1.203419804573059,-1.7332313060760498,-0.7616592049598694,False,-1.7332313060760498
66,0.0,lXPQBPVc5Cw_17,-1.7999999523162842,1.4069287776947021,1.0573716163635254,0.855880618095398,False,1.0573716163635254
66,0.0,lXPQBPVc5Cw_18,-1.399999976158142,-1.1708407402038574,-1.2017923593521118,-0.8132303357124329,False,-1.2017923593521118
66,0.0,lXPQBPVc5Cw_19,-1.7999999523162842,-1.2334411144256592,-1.593946933746338,-0.8168954849243164,False,-1.593946933746338
66,0.0,lXPQBPVc5Cw_20,-1.7999999523162842,-1.1163983345031738,-1.5853796005249023,-0.8085181713104248,False,-1.5853796005249023
66,0.0,lXPQBPVc5Cw_21,1.7999999523162842,1.5895769596099854,1.2105969190597534,1.4160442352294922,False,1.2105969190597534
66,0.0,lXPQBPVc5Cw_22,2.5999999046325684,1.6977965831756592,1.5348974466323853,1.8278841972351074,False,1.5348974466323853
66,0.0,lXPQBPVc5Cw_23,-2.4000000953674316,-1.1841169595718384,-1.0271967649459839,-0.48115846514701843,False,-1.0271967649459839
66,0.0,lXPQBPVc5Cw_24,-1.399999976158142,-1.5340503454208374,-1.8692424297332764,-0.9386619329452515,False,-1.8692424297332764
66,0.0,lXPQBPVc5Cw_25,-2.4000000953674316,-0.6114701628684998,-1.2023195028305054,-0.43223604559898376,False,-1.2023195028305054
66,0.0,lXPQBPVc5Cw_26,-2.799999952316284,-1.202634572982788,-1.7058031558990479,-0.9225934147834778,False,-1.7058031558990479
66,0.0,lXPQBPVc5Cw_27,-2.799999952316284,-0.7667386531829834,-1.3254717588424683,-0.7161829471588135,False,-1.3254717588424683
66,0.0,lXPQBPVc5Cw_28,0.800000011920929,0.19706173241138458,-0.37051576375961304,-0.44415366649627686,True,-0.44415366649627686
66,0.0,lXPQBPVc5Cw_29,-1.2000000476837158,-1.4415546655654907,-1.7710938453674316,-1.0034725666046143,False,-1.7710938453674316
66,0.0,lXPQBPVc5Cw_30,-2.0,-1.1214958429336548,-1.6511354446411133,-0.8271941542625427,False,-1.6511354446411133
66,0.0,cXypl4FnoZo_1,1.0,-0.3105536997318268,-0.3105536997318268,-0.13270293176174164,False,-0.3105536997318268
66,0.0,cXypl4FnoZo_2,1.0,1.4098674058914185,1.2571519613265991,1.042668342590332,False,1.2571519613265991
66,0.0,cXypl4FnoZo_3,1.7999999523162842,1.5343425273895264,1.42817223072052,1.2688729763031006,False,1.42817223072052
66,0.0,cXypl4FnoZo_4,-0.800000011920929,-0.7645698189735413,-0.5019398331642151,-0.5007667541503906,False,-0.5019398331642151
66,0.0,cXypl4FnoZo_5,1.7999999523162842,1.7201058864593506,1.5565040111541748,1.5214240550994873,False,1.5565040111541748
66,0.0,cXypl4FnoZo_6,-0.6000000238418579,0.8711269497871399,0.8213317394256592,0.31046193838119507,False,0.8213317394256592
66,0.0,cXypl4FnoZo_7,-1.0,-0.36296504735946655,-0.42560407519340515,-0.22151492536067963,False,-0.42560407519340515
66,0.0,cXypl4FnoZo_8,1.399999976158142,0.3057613968849182,-0.031992942094802856,-0.3208843767642975,False,-0.031992942094802856
66,0.0,cXypl4FnoZo_9,1.2000000476837158,0.917851984500885,0.6290009617805481,0.09061812609434128,False,0.6290009617805481
66,0.0,cXypl4FnoZo_10,2.0,1.7074010372161865,1.473829984664917,1.5622211694717407,False,1.473829984664917
66,0.0,cXypl4FnoZo_11,1.399999976158142,1.4472501277923584,1.3449958562850952,0.9519072771072388,False,1.3449958562850952
66,0.0,cXypl4FnoZo_12,2.0,1.5178251266479492,1.4333070516586304,1.0642569065093994,False,1.4333070516586304
66,0.0,cXypl4FnoZo_13,-1.0,-1.0855612754821777,-0.8094740509986877,-0.5518588423728943,False,-0.8094740509986877
66,0.0,cXypl4FnoZo_14,-0.6000000238418579,0.1345376968383789,-0.10137100517749786,0.009350135922431946,True,0.009350135922431946
66,0.0,cXypl4FnoZo_15,0.0,-0.6286080479621887,-0.8520243763923645,-0.40258219838142395,False,-0.8520243763923645
66,0.0,cXypl4FnoZo_16,-0.6000000238418579,-0.7655867338180542,-1.115304946899414,-0.5634527802467346,False,-1.115304946899414
66,0.0,cXypl4FnoZo_17,-0.6000000238418579,-0.47603338956832886,-0.8475437164306641,-0.4636031687259674,False,-0.8475437164306641
66,0.0,cXypl4FnoZo_18,-0.25,-0.9623982906341553,-1.36566162109375,-0.669305145740509,False,-1.36566162109375
66,0.0,cXypl4FnoZo_19,0.800000011920929,0.9007522463798523,0.5019972324371338,0.056175023317337036,False,0.5019972324371338
66,0.0,cXypl4FnoZo_20,-1.0,-0.5471102595329285,-0.8541480302810669,-0.630342960357666,False,-0.8541480302810669
66,0.0,cXypl4FnoZo_21,-0.6000000238418579,0.06506992876529694,-0.30730298161506653,-0.4814644455909729,True,-0.4814644455909729
66,0.0,cXypl4FnoZo_22,0.20000000298023224,0.6776458621025085,0.34215718507766724,0.06986037641763687,False,0.34215718507766724
66,0.0,cXypl4FnoZo_23,0.4000000059604645,0.9385101199150085,0.6968610882759094,0.36429229378700256,False,0.6968610882759094
66,0.0,cXypl4FnoZo_24,0.20000000298023224,0.3061380684375763,0.20197546482086182,0.04905723035335541,False,0.20197546482086182
66,0.0,cXypl4FnoZo_25,-1.2000000476837158,-0.3765314817428589,-0.6334733963012695,-0.46824342012405396,False,-0.6334733963012695
66,0.0,cXypl4FnoZo_26,0.6000000238418579,0.5509578585624695,0.20891889929771423,0.013140284456312656,False,0.20891889929771423
66,0.0,cXypl4FnoZo_27,0.800000011920929,0.4068281054496765,0.17902351915836334,0.17305231094360352,False,0.17902351915836334
66,0.0,cXypl4FnoZo_28,-2.200000047683716,-0.4588361084461212,-0.5552111864089966,-0.45103177428245544,False,-0.5552111864089966
66,0.0,cXypl4FnoZo_29,-1.399999976158142,-0.6629307270050049,-1.0068036317825317,-0.5395302176475525,False,-1.0068036317825317
66,0.0,c7UH_rxdZv4_1,-2.799999952316284,-1.667125940322876,-1.667125940322876,-1.0687741041183472,False,-1.667125940322876
66,0.0,c7UH_rxdZv4_2,-2.5999999046325684,-1.5070723295211792,-1.87813401222229,-1.2008508443832397,False,-1.87813401222229
66,0.0,c7UH_rxdZv4_3,-0.800000011920929,-0.313692182302475,-0.8521457314491272,-0.1356123387813568,False,-0.8521457314491272
66,0.0,c7UH_rxdZv4_4,1.600000023841858,1.537226915359497,1.3484830856323242,1.6325457096099854,False,1.3484830856323242
66,0.0,c7UH_rxdZv4_5,-2.200000047683716,-0.5335303544998169,-0.4910964071750641,-0.472305566072464,False,-0.4910964071750641
66,0.0,c7UH_rxdZv4_6,-2.5999999046325684,-1.4630972146987915,-1.52646803855896,-1.011776328086853,False,-1.52646803855896
66,0.0,c7UH_rxdZv4_7,-3.0,-1.4735581874847412,-1.8529906272888184,-1.1086478233337402,False,-1.8529906272888184
66,0.0,c7UH_rxdZv4_8,-2.799999952316284,-1.4612867832183838,-1.8931691646575928,-1.0613609552383423,False,-1.8931691646575928
66,0.0,c7UH_rxdZv4_9,-0.4000000059604645,0.5559488534927368,-0.04476306587457657,0.30160441994667053,False,-0.04476306587457657
66,0.0,c7UH_rxdZv4_10,0.800000011920929,-0.60420823097229,-0.9992420077323914,-0.13209059834480286,False,-0.9992420077323914
66,0.0,c7UH_rxdZv4_11,1.0,0.6054174900054932,0.16131004691123962,0.39700794219970703,False,0.16131004691123962
66,0.0,c7UH_rxdZv4_12,-2.799999952316284,-1.6517934799194336,-1.7208901643753052,-1.1661173105239868,False,-1.7208901643753052
66,0.0,c7UH_rxdZv4_13,-2.5999999046325684,-1.4481174945831299,-1.8528517484664917,-0.9193059802055359,False,-1.8528517484664917
66,0.0,c7UH_rxdZv4_14,1.2000000476837158,1.3473931550979614,1.043608546257019,0.6571925282478333,False,1.043608546257019
66,0.0,c7UH_rxdZv4_15,-2.4000000953674316,-1.5976816415786743,-1.4834625720977783,-1.1290783882141113,False,-1.4834625720977783
66,0.0,c7UH_rxdZv4_16,-2.0,-1.1363613605499268,-1.5231648683547974,-0.8561386466026306,False,-1.5231648683547974
66,0.0,c7UH_rxdZv4_17,-1.399999976158142,1.2426377534866333,0.9127764701843262,0.8779433965682983,False,0.9127764701843262
66,0.0,c7UH_rxdZv4_18,-2.25,-1.5275251865386963,-1.5286790132522583,-0.9388056397438049,False,-1.5286790132522583
66,0.0,c7UH_rxdZv4_19,-1.7999999523162842,-1.5426230430603027,-1.8633774518966675,-1.1250325441360474,False,-1.8633774518966675
66,0.0,c7UH_rxdZv4_20,-1.7999999523162842,-1.1398069858551025,-1.5670053958892822,-0.7748361825942993,False,-1.5670053958892822
66,0.0,c7UH_rxdZv4_21,-0.800000011920929,0.527573823928833,-0.0516640841960907,0.12778829038143158,False,-0.0516640841960907
66,0.0,c7UH_rxdZv4_22,-2.4000000953674316,-1.2320713996887207,-1.4610600471496582,-0.7216971516609192,False,-1.4610600471496582
66,0.0,c7UH_rxdZv4_23,-0.6000000238418579,-1.4855704307556152,-1.77978515625,-1.0167229175567627,False,-1.77978515625
66,0.0,c7UH_rxdZv4_24,-1.7999999523162842,-0.8466528654098511,-1.2715041637420654,-0.6043416857719421,False,-1.2715041637420654
66,0.0,c7UH_rxdZv4_25,0.0,0.7691399455070496,0.3535204231739044,0.08934658020734787,False,0.3535204231739044
66,0.0,c7UH_rxdZv4_26,-2.5999999046325684,-0.4862407445907593,-0.7436167001724243,-0.682327151298523,False,-0.7436167001724243
66,0.0,c7UH_rxdZv4_27,-1.7999999523162842,-0.9577884674072266,-1.0773268938064575,-0.5335631966590881,False,-1.0773268938064575
66,0.0,c7UH_rxdZv4_28,-0.800000011920929,-1.0380854606628418,-1.3068654537200928,-0.852587878704071,False,-1.3068654537200928
66,0.0,c7UH_rxdZv4_29,0.6000000238418579,1.062039852142334,0.8248322606086731,0.7628538608551025,False,0.8248322606086731
66,0.0,c7UH_rxdZv4_30,1.2000000476837158,0.6765013933181763,0.5647779107093811,-0.03307046741247177,False,0.5647779107093811
66,0.0,c7UH_rxdZv4_31,-1.399999976158142,-0.27123141288757324,-0.4245331883430481,-0.13137850165367126,False,-0.4245331883430481
66,0.0,c7UH_rxdZv4_32,-2.200000047683716,0.22426055371761322,0.13329237699508667,-0.19139304757118225,True,-0.19139304757118225
66,0.0,c7UH_rxdZv4_33,-1.7999999523162842,-0.9972943663597107,-1.120802402496338,-0.6867771148681641,False,-1.120802402496338
66,0.1,f9O3YtZ2VfI_1,-1.2000000476837158,-1.3721203804016113,-1.3721203804016113,-0.8690264821052551,False,-1.3721203804016113
66,0.1,f9O3YtZ2VfI_2,1.25,1.6319775581359863,1.4834938049316406,1.6747888326644897,False,1.4834938049316406
66,0.1,f9O3YtZ2VfI_3,0.6000000238418579,1.1943559646606445,1.1569020748138428,1.0301268100738525,False,1.1569020748138428
66,0.1,f9O3YtZ2VfI_4,-2.4000000953674316,-1.417946219444275,-1.0772547721862793,-0.9811262488365173,False,-1.0772547721862793
66,0.1,f9O3YtZ2VfI_5,-1.7999999523162842,0.5552864670753479,-0.15304157137870789,0.020945852622389793,False,-0.15304157137870789
66,0.1,f9O3YtZ2VfI_6,-2.5999999046325684,-1.0184845924377441,-1.227884292602539,-0.6403447389602661,False,-1.227884292602539
66,0.1,f9O3YtZ2VfI_7,-1.2000000476837158,-0.7408496141433716,-1.0374314785003662,-0.6020557880401611,False,-1.0374314785003662
66,0.1,f9O3YtZ2VfI_8,-1.7999999523162842,-0.2779640853404999,-0.6436957716941833,-0.25979840755462646,False,-0.6436957716941833
66,0.1,f9O3YtZ2VfI_9,-2.200000047683716,-1.1886450052261353,-1.427777886390686,-0.8515046238899231,False,-1.427777886390686
66,0.1,f9O3YtZ2VfI_10,-2.0,-0.5344154834747314,-0.9288012385368347,-0.6740737557411194,False,-0.9288012385368347
66,0.1,f9O3YtZ2VfI_11,-0.800000011920929,-1.4371693134307861,-1.561785101890564,-0.9133803248405457,False,-1.561785101890564
66,0.1,f9O3YtZ2VfI_12,-1.7999999523162842,-0.12914854288101196,-0.5605390667915344,-0.21737752854824066,True,-0.21737752854824066
66,0.1,f9O3YtZ2VfI_13,-1.600000023841858,0.42502737045288086,-0.3750256597995758,-0.1336991935968399,False,-0.3750256597995758
66,0.1,f9O3YtZ2VfI_14,1.2000000476837158,1.432638168334961,1.2808291912078857,1.0268512964248657,False,1.2808291912078857
66,0.1,f9O3YtZ2VfI_15,-1.2000000476837158,0.19765818119049072,0.5022643804550171,0.07016164809465408,True,0.07016164809465408
66,0.1,f9O3YtZ2VfI_16,-1.0,1.2469227313995361,1.1599847078323364,0.924928605556488,False,1.1599847078323364
66,0.1,f9O3YtZ2VfI_17,-2.0,-1.0005834102630615,-0.7965575456619263,-0.30842745304107666,False,-0.7965575456619263
66,0.1,f9O3YtZ2VfI_18,-1.0,-0.8624905347824097,-1.0310918092727661,-0.4070003926753998,False,-1.0310918092727661
66,0.1,f9O3YtZ2VfI_19,-0.6000000238418579,0.20651882886886597,-0.06735534965991974,-0.43493887782096863,True,-0.43493887782096863
66,0.1,f9O3YtZ2VfI_20,-0.4000000059604645,-0.666045606136322,-0.5360924005508423,-0.40279319882392883,False,-0.5360924005508423
66,0.1,f9O3YtZ2VfI_21,2.0,1.5860872268676758,1.473532795906067,1.382774829864502,False,1.473532795906067
66,0.1,f9O3YtZ2VfI_22,1.399999976158142,1.5739014148712158,1.4784775972366333,1.701549768447876,False,1.4784775972366333
66,0.1,f9O3YtZ2VfI_23,1.600000023841858,1.546097993850708,1.4882797002792358,1.3804333209991455,False,1.4882797002792358
66,0.1,f9O3YtZ2VfI_24,-2.5999999046325684,-0.9865877032279968,-0.5807332396507263,-0.3800838589668274,False,-0.5807332396507263
66,0.1,f9O3YtZ2VfI_25,-1.399999976158142,-1.0166046619415283,-1.155673623085022,-0.8679940104484558,False,-1.155673623085022
66,0.1,f9O3YtZ2VfI_26,1.399999976158142,1.5267345905303955,1.364027976989746,1.1935266256332397,False,1.364027976989746
66,0.1,f9O3YtZ2VfI_27,1.600000023841858,1.7032328844070435,1.5983381271362305,1.8163529634475708,False,1.5983381271362305
66,0.1,f9O3YtZ2VfI_28,1.2000000476837158,1.4689075946807861,1.404754400253296,1.444647192955017,False,1.404754400253296
66,0.1,f9O3YtZ2VfI_29,-2.0,0.1513630449771881,0.19561026990413666,0.08359155803918839,True,0.08359155803918839
66,0.1,f9O3YtZ2VfI_30,-1.0,-1.3462979793548584,-1.251476526260376,-0.9506895542144775,False,-1.251476526260376
66,0.1,wMbj6ajWbic_1,0.5,1.0085384845733643,1.0085384845733643,0.4147239029407501,False,1.0085384845733643
66,0.1,wMbj6ajWbic_2,-0.800000011920929,-1.1067206859588623,-0.920676589012146,-0.743683397769928,False,-0.920676589012146
66,0.1,wMbj6ajWbic_3,0.0,-0.04939953237771988,-0.44849416613578796,-0.5546842217445374,True,-0.5546842217445374
66,0.1,wMbj6ajWbic_4,1.0,-1.1705213785171509,-1.530078411102295,-0.8708857297897339,False,-1.530078411102295
66,0.1,wMbj6ajWbic_5,0.20000000298023224,1.3600958585739136,1.0220979452133179,1.2530155181884766,False,1.0220979452133179
66,0.1,wMbj6ajWbic_6,1.7999999523162842,0.5120108723640442,0.3950282335281372,0.525213360786438,False,0.3950282335281372
66,0.1,wMbj6ajWbic_7,-1.2000000476837158,-1.130976676940918,-1.2279733419418335,-0.7864219546318054,False,-1.2279733419418335
66,0.1,wMbj6ajWbic_8,-0.20000000298023224,0.1223801001906395,-0.3832940459251404,-0.06595265120267868,True,-0.06595265120267868
66,0.1,wMbj6ajWbic_9,-2.0,-1.5496255159378052,-1.7635430097579956,-0.9223034381866455,False,-1.7635430097579956
66,0.1,wMbj6ajWbic_10,-1.7999999523162842,-0.3972204625606537,-0.974809467792511,-0.24798116087913513,False,-0.974809467792511
66,0.1,wMbj6ajWbic_11,0.4000000059604645,-1.0644431114196777,-1.5758837461471558,-0.7899931073188782,False,-1.5758837461471558
66,0.1,wMbj6ajWbic_12,1.600000023841858,1.471818447113037,1.2251965999603271,0.6211909055709839,False,1.2251965999603271
66,0.1,wMbj6ajWbic_13,2.0,1.598806619644165,1.4887782335281372,0.9370017647743225,False,1.4887782335281372
66,0.1,wMbj6ajWbic_14,-0.800000011920929,-1.0792548656463623,-0.7665773630142212,-0.8156550526618958,False,-0.7665773630142212
66,0.1,wMbj6ajWbic_15,2.0,-0.693416953086853,-1.0679854154586792,-0.480297714471817,False,-1.0679854154586792
66,0.1,wMbj6ajWbic_16,-0.4000000059604645,0.14226514101028442,-0.8540543913841248,-0.3096124529838562,True,-0.3096124529838562
66,0.1,wMbj6ajWbic_17,2.0,1.2874255180358887,0.9356784224510193,0.7174034118652344,False,0.9356784224510193
66,0.1,wMbj6ajWbic_18,-1.0,0.6939020156860352,0.5759264826774597,0.3337250053882599,False,0.5759264826774597
66,0.1,wMbj6ajWbic_19,-0.6000000238418579,-0.14758972823619843,-0.22210527956485748,-0.04789353162050247,True,-0.04789353162050247
66,0.1,wMbj6ajWbic_20,-0.4000000059604645,1.0835447311401367,0.9120602011680603,0.9855627417564392,False,0.9120602011680603
66,0.1,wMbj6ajWbic_21,1.600000023841858,1.5216646194458008,1.3435759544372559,1.5280996561050415,False,1.3435759544372559
66,0.1,wMbj6ajWbic_22,1.399999976158142,1.592990517616272,1.48196542263031,1.6972694396972656,False,1.48196542263031
66,0.1,wMbj6ajWbic_23,1.7999999523162842,1.57566499710083,1.487436294555664,1.7856333255767822,False,1.487436294555664
66,0.1,wMbj6ajWbic_24,1.399999976158142,1.498931646347046,1.422032356262207,1.5854294300079346,False,1.422032356262207
66,0.1,wMbj6ajWbic_25,2.0,0.24760045111179352,0.8829197287559509,0.8420330882072449,True,0.8420330882072449
66,0.1,wMbj6ajWbic_26,1.7999999523162842,1.4656285047531128,1.2225857973098755,1.388192057609558,False,1.2225857973098755
66,0.1,wMbj6ajWbic_27,0.0,-0.1301940679550171,0.05971591919660568,0.08602204918861389,True,0.08602204918861389
66,0.1,wMbj6ajWbic_28,2.4000000953674316,0.7255139350891113,0.5760370492935181,0.4288478493690491,False,0.5760370492935181
66,0.1,wMbj6ajWbic_29,1.7999999523162842,1.7514764070510864,1.5816913843154907,1.9135164022445679,False,1.5816913843154907
66,0.1,wMbj6ajWbic_30,0.800000011920929,0.5644738078117371,0.9479491710662842,0.8019017577171326,False,0.9479491710662842
66,0.1,vvZ4IcEtiZc_1,2.0,1.6625148057937622,1.6625148057937622,2.021121025085449,False,1.6625148057937622
66,0.1,vvZ4IcEtiZc_2,2.4000000953674316,1.8450144529342651,1.783797264099121,2.2506327629089355,False,1.783797264099121
66,0.1,vvZ4IcEtiZc_3,1.399999976158142,-0.8432893753051758,-0.3195778727531433,-0.2440139651298523,False,-0.3195778727531433
66,0.1,vvZ4IcEtiZc_4,2.200000047683716,1.6705862283706665,1.5196576118469238,1.696305513381958,False,1.5196576118469238
66,0.1,vvZ4IcEtiZc_5,1.2000000476837158,1.6492342948913574,1.4701895713806152,1.8922656774520874,False,1.4701895713806152
66,0.1,vvZ4IcEtiZc_6,1.0,1.511013150215149,1.4495155811309814,1.6471962928771973,False,1.4495155811309814
66,0.1,vvZ4IcEtiZc_7,1.399999976158142,0.6855207085609436,0.716475784778595,0.7914090752601624,False,0.716475784778595
66,0.1,vvZ4IcEtiZc_8,-1.5,-0.5227986574172974,-0.45815321803092957,-0.31760063767433167,False,-0.45815321803092957
66,0.1,vvZ4IcEtiZc_9,2.200000047683716,1.6928293704986572,1.5438445806503296,1.8485926389694214,False,1.5438445806503296
66,0.1,vvZ4IcEtiZc_10,-2.0,-0.7639958262443542,-0.6180111765861511,-0.4352661073207855,False,-0.6180111765861511
66,0.1,vvZ4IcEtiZc_11,1.600000023841858,0.6455666422843933,0.4360748827457428,0.1411302089691162,False,0.4360748827457428
66,0.1,vvZ4IcEtiZc_12,0.20000000298023224,-0.42595070600509644,-0.3641788363456726,-0.3292657732963562,False,-0.3641788363456726
66,0.1,d3_k5Xpfmik_1,2.0,1.6458483934402466,1.6458483934402466,1.8775407075881958,False,1.6458483934402466
66,0.1,d3_k5Xpfmik_2,0.0,0.6696395874023438,0.7351052165031433,0.4252856969833374,False,0.7351052165031433
66,0.1,d3_k5Xpfmik_3,2.0,1.6487326622009277,1.5353214740753174,1.5937367677688599,False,1.5353214740753174
66,0.1,d3_k5Xpfmik_4,-1.0,-0.5223653316497803,-0.1838013082742691,-0.3522905707359314,False,-0.1838013082742691
66,0.1,d3_k5Xpfmik_5,2.200000047683716,0.6824846267700195,0.5261416435241699,0.1674695760011673,False,0.5261416435241699
66,0.1,d3_k5Xpfmik_6,1.600000023841858,1.606406569480896,1.4982209205627441,1.6251097917556763,False,1.4982209205627441
66,0.1,d3_k5Xpfmik_7,0.4000000059604645,-0.4611067473888397,-0.2845998704433441,-0.41063764691352844,False,-0.2845998704433441
66,0.1,d3_k5Xpfmik_8,2.200000047683716,1.6163402795791626,1.2598381042480469,1.5892757177352905,False,1.2598381042480469
66,0.1,d3_k5Xpfmik_9,1.399999976158142,0.7777711153030396,0.8158889412879944,0.7053624987602234,False,0.8158889412879944
66,0.1,d3_k5Xpfmik_10,0.4000000059604645,0.9568753242492676,0.9496023654937744,0.26607510447502136,False,0.9496023654937744
66,0.1,d3_k5Xpfmik_11,2.4000000953674316,1.3021240234375,1.20321786403656,0.5718501210212708,False,1.20321786403656
66,0.1,d3_k5Xpfmik_12,2.0,1.5740115642547607,1.420028805732727,0.9441808462142944,False,1.420028805732727
66,0.1,d3_k5Xpfmik_13,2.200000047683716,1.1660324335098267,1.000788927078247,0.21523933112621307,False,1.000788927078247
66,0.1,d3_k5Xpfmik_14,2.0,0.49219778180122375,0.4988569915294647,0.1462635099887848,False,0.4988569915294647
66,0.1,d3_k5Xpfmik_15,2.5999999046325684,1.6052383184432983,1.432633876800537,1.4171457290649414,False,1.432633876800537
66,0.1,d3_k5Xpfmik_16,2.0,1.775095820426941,1.6214573383331299,1.9395310878753662,False,1.6214573383331299
66,0.1,d3_k5Xpfmik_17,1.600000023841858,0.19197575747966766,0.3744768798351288,0.26977044343948364,True,0.26977044343948364
66,0.1,d3_k5Xpfmik_18,0.800000011920929,-0.7245965600013733,-0.7341179251670837,-0.5662447214126587,False,-0.7341179251670837
66,0.1,d3_k5Xpfmik_19,0.20000000298023224,0.8411344289779663,0.4759344160556793,0.6364539861679077,False,0.4759344160556793
66,0.1,vyB00TXsimI_1,0.0,1.0243057012557983,1.0243057012557983,1.4362937211990356,False,1.0243057012557983
66,0.1,vyB00TXsimI_2,-2.4000000953674316,-1.092703938484192,-0.7986969351768494,-0.328088641166687,False,-0.7986969351768494
66,0.1,vyB00TXsimI_3,2.200000047683716,1.6577576398849487,1.530620813369751,1.6414856910705566,False,1.530620813369751
66,0.1,vyB00TXsimI_4,1.7999999523162842,1.7334203720092773,1.6333709955215454,1.834507703781128,False,1.6333709955215454
66,0.1,vyB00TXsimI_5,1.7999999523162842,0.49826762080192566,0.9752916693687439,0.8158939480781555,False,0.9752916693687439
66,0.1,vyB00TXsimI_6,2.0,1.0368703603744507,1.0318083763122559,0.7621596455574036,False,1.0318083763122559
66,0.1,vyB00TXsimI_7,2.4000000953674316,1.5623159408569336,1.2782455682754517,1.6562429666519165,False,1.2782455682754517
66,0.1,vyB00TXsimI_8,2.5999999046325684,1.6211626529693604,1.5263245105743408,1.6980125904083252,False,1.5263245105743408
66,0.1,vyB00TXsimI_9,-0.25,-0.5031236410140991,-0.2963513433933258,-0.18142332136631012,False,-0.2963513433933258
66,0.1,vyB00TXsimI_10,1.3333333730697632,0.9388026595115662,0.8049407601356506,0.4734867513179779,False,0.8049407601356506
66,0.1,vyB00TXsimI_11,-0.20000000298023224,0.6642922759056091,0.9527023434638977,0.3261229693889618,False,0.9527023434638977
66,0.1,vyB00TXsimI_12,0.20000000298023224,0.8568347692489624,0.8382823467254639,0.6297317743301392,False,0.8382823467254639
66,0.1,vyB00TXsimI_13,2.4000000953674316,0.13743603229522705,0.10898374766111374,-0.21912485361099243,True,-0.21912485361099243
66,0.1,vyB00TXsimI_14,2.0,0.21257223188877106,-0.04500535875558853,-0.3176000416278839,True,-0.3176000416278839
66,0.1,vyB00TXsimI_15,2.5999999046325684,1.425437331199646,1.2316309213638306,0.9765127301216125,False,1.2316309213638306
66,0.1,vyB00TXsimI_16,0.4000000059604645,0.43693944811820984,0.3538798391819,0.3470781445503235,False,0.3538798391819
66,0.1,vyB00TXsimI_17,1.399999976158142,1.4820821285247803,1.2592698335647583,0.9573901295661926,False,1.2592698335647583
66,0.1,vyB00TXsimI_18,2.4000000953674316,1.733611822128296,1.5632699728012085,1.73264741897583,False,1.5632699728012085
66,0.1,vyB00TXsimI_19,1.2000000476837158,1.4590818881988525,1.3710205554962158,1.5542151927947998,False,1.3710205554962158
66,0.1,vyB00TXsimI_20,2.200000047683716,1.7471226453781128,1.6578104496002197,1.932181477546692,False,1.6578104496002197
66,0.1,vyB00TXsimI_21,1.2000000476837158,0.5237676501274109,1.10862135887146,1.0535321235656738,False,1.10862135887146
66,0.1,vyB00TXsimI_22,0.6000000238418579,-0.5915305614471436,-0.20830468833446503,-0.15544849634170532,False,-0.20830468833446503
66,0.1,fvVhgmXxadc_1,-0.4000000059604645,1.6464543342590332,1.6464543342590332,2.316831588745117,False,1.6464543342590332
66,0.1,fvVhgmXxadc_2,-2.799999952316284,-1.439947485923767,-1.0203919410705566,-0.8720661401748657,False,-1.0203919410705566
66,0.1,fvVhgmXxadc_3,-2.200000047683716,-1.2622032165527344,-1.5480167865753174,-0.6955573558807373,False,-1.5480167865753174
66,0.1,fvVhgmXxadc_4,-2.799999952316284,-1.3195180892944336,-1.6958272457122803,-0.8361443281173706,False,-1.6958272457122803
66,0.1,fvVhgmXxadc_5,0.0,-0.8752816319465637,-1.4139193296432495,-0.6611949801445007,False,-1.4139193296432495
66,0.1,fvVhgmXxadc_6,-0.20000000298023224,-1.1701436042785645,-1.7069590091705322,-0.8083162903785706,False,-1.7069590091705322
66,0.1,fvVhgmXxadc_7,-1.0,-0.729787290096283,-1.3170161247253418,-0.5073952078819275,False,-1.3170161247253418
66,0.1,fvVhgmXxadc_8,-0.5,-0.880480170249939,-1.387655258178711,-0.6249528527259827,False,-1.387655258178711
66,0.1,fvVhgmXxadc_9,-0.4000000059604645,-0.35932695865631104,-0.7999985218048096,-0.46717455983161926,False,-0.7999985218048096
66,0.1,fvVhgmXxadc_10,0.0,-0.4504881203174591,-0.9148180484771729,-0.4573376476764679,False,-0.9148180484771729
66,0.1,fvVhgmXxadc_11,-0.20000000298023224,0.32327139377593994,-0.1681327521800995,-0.0627373456954956,False,-0.1681327521800995
66,0.1,fvVhgmXxadc_12,0.0,0.31422367691993713,-0.18534328043460846,-0.028405686840415,False,-0.18534328043460846
66,0.1,fvVhgmXxadc_13,0.20000000298023224,-0.5660180449485779,-0.9767628312110901,-0.4095062017440796,False,-0.9767628312110901
66,0.1,fvVhgmXxadc_14,0.0,-0.42241671681404114,-0.9240572452545166,-0.3659774661064148,False,-0.9240572452545166
66,0.1,ob23OKe5a9Q_1,1.2000000476837158,1.6233913898468018,1.6233913898468018,2.0799834728240967,False,1.6233913898468018
66,0.1,ob23OKe5a9Q_2,1.0,0.5978819131851196,0.6472399830818176,0.9398331046104431,False,0.6472399830818176
66,0.1,ob23OKe5a9Q_3,-1.2000000476837158,-1.500726342201233,-1.351796269416809,-0.9812918305397034,False,-1.351796269416809
66,0.1,ob23OKe5a9Q_4,-1.5,-0.8588098287582397,-1.1167261600494385,-0.6845214366912842,False,-1.1167261600494385
66,0.1,ob23OKe5a9Q_5,-1.7999999523162842,-1.607832908630371,-1.8138856887817383,-1.0365368127822876,False,-1.8138856887817383
66,0.1,ob23OKe5a9Q_6,0.0,-1.3911131620407104,-1.8266099691390991,-0.8509246110916138,False,-1.8266099691390991
66,0.1,ob23OKe5a9Q_7,0.6000000238418579,1.4370713233947754,0.8818950057029724,0.984904408454895,False,0.8818950057029724
66,0.1,ob23OKe5a9Q_8,0.6000000238418579,1.6399080753326416,1.452989935874939,1.709817886352539,False,1.452989935874939
66,0.1,ob23OKe5a9Q_9,-1.399999976158142,-1.5648314952850342,-1.2413573265075684,-0.9373986721038818,False,-1.2413573265075684
66,0.1,ob23OKe5a9Q_10,1.25,0.9079333543777466,0.3478878140449524,0.6197917461395264,False,0.3478878140449524
66,0.1,ob23OKe5a9Q_11,0.800000011920929,1.565293788909912,1.431991696357727,1.6642065048217773,False,1.431991696357727
66,0.1,ob23OKe5a9Q_12,2.799999952316284,1.6657130718231201,1.5345587730407715,2.0377273559570312,False,1.5345587730407715
66,0.1,ob23OKe5a9Q_13,1.25,-1.0901758670806885,-0.7474756240844727,-0.1527121216058731,False,-0.7474756240844727
66,0.1,ob23OKe5a9Q_14,0.800000011920929,1.4671969413757324,1.2666140794754028,1.6279511451721191,False,1.2666140794754028
66,0.1,zhpQhgha_KU_1,-1.600000023841858,-1.7028661966323853,-1.7028661966323853,-0.92425137758255,False,-1.7028661966323853
66,0.1,zhpQhgha_KU_2,1.600000023841858,1.704188585281372,1.5950188636779785,1.8209747076034546,False,1.5950188636779785
66,0.1,zhpQhgha_KU_3,-1.600000023841858,-1.434321641921997,-1.2949961423873901,-0.8546612858772278,False,-1.2949961423873901
66,0.1,zhpQhgha_KU_4,-1.600000023841858,-0.020823080092668533,-0.94780033826828,-0.22791336476802826,True,-0.22791336476802826
66,0.1,zhpQhgha_KU_5,-2.200000047683716,-1.2915222644805908,-1.671493649482727,-0.88946932554245,False,-1.671493649482727
66,0.1,zhpQhgha_KU_6,1.0,1.3328242301940918,1.0673022270202637,0.9198645353317261,False,1.0673022270202637
66,0.1,zhpQhgha_KU_7,1.0,1.3479716777801514,1.2172558307647705,0.6829757690429688,False,1.2172558307647705
66,0.1,zhpQhgha_KU_8,-1.0,-1.437607765197754,-1.3891410827636719,-1.0593584775924683,False,-1.3891410827636719
66,0.1,zhpQhgha_KU_9,-1.0,-1.081870436668396,-1.4901707172393799,-0.7424656748771667,False,-1.4901707172393799
66,0.1,zhpQhgha_KU_10,0.6000000238418579,0.6593508124351501,0.29419761896133423,0.4874114692211151,False,0.29419761896133423
66,0.1,zhpQhgha_KU_11,-2.4000000953674316,-1.5789209604263306,-1.7640020847320557,-1.0865838527679443,False,-1.7640020847320557
66,0.1,zhpQhgha_KU_12,-1.399999976158142,-1.3243317604064941,-1.731715202331543,-0.8566392660140991,False,-1.731715202331543
66,0.1,zhpQhgha_KU_13,-1.0,-0.9674714207649231,-1.4012188911437988,-0.79063880443573,False,-1.4012188911437988
66,0.1,zhpQhgha_KU_14,-1.5,-1.0735293626785278,-1.4427971839904785,-0.9259051084518433,False,-1.4427971839904785
66,0.1,zhpQhgha_KU_15,-2.0,-1.329386591911316,-1.7705729007720947,-0.8962187767028809,False,-1.7705729007720947
66,0.1,zhpQhgha_KU_16,1.7999999523162842,1.7617974281311035,1.525242805480957,1.8003374338150024,False,1.525242805480957
66,0.1,zhpQhgha_KU_17,1.75,1.7453359365463257,1.6242234706878662,1.6962692737579346,False,1.6242234706878662
66,0.1,zhpQhgha_KU_18,0.6000000238418579,-0.5431368350982666,-0.2072451114654541,-0.3199833035469055,False,-0.2072451114654541
66,0.1,zhpQhgha_KU_19,-0.800000011920929,-0.5095202326774597,-0.6589011549949646,-0.42096543312072754,False,-0.6589011549949646
66,0.1,zhpQhgha_KU_20,-1.399999976158142,-0.7582772374153137,-1.1362011432647705,-0.6747050285339355,False,-1.1362011432647705
66,0.1,zhpQhgha_KU_21,0.6000000238418579,-0.06352560222148895,-0.4225761294364929,-0.15481916069984436,True,-0.15481916069984436
66,0.1,zhpQhgha_KU_22,0.6000000238418579,0.058367952704429626,-0.1458655446767807,-0.14280474185943604,True,-0.14280474185943604
66,0.1,zhpQhgha_KU_23,-0.5,1.1363486051559448,0.9965047240257263,0.6733867526054382,False,0.9965047240257263
66,0.1,zhpQhgha_KU_24,0.0,-0.5537734627723694,-0.40703898668289185,-0.5164534449577332,False,-0.40703898668289185
66,0.1,zhpQhgha_KU_25,1.0,0.38670456409454346,0.06500577926635742,-0.035901814699172974,False,0.06500577926635742
66,0.1,zhpQhgha_KU_26,0.0,-0.35293498635292053,-0.486141562461853,-0.1009819433093071,False,-0.486141562461853
66,0.1,zhpQhgha_KU_27,0.800000011920929,0.9374717473983765,0.73082035779953,0.36904990673065186,False,0.73082035779953
66,0.1,zhpQhgha_KU_28,1.399999976158142,1.4585376977920532,1.3020668029785156,1.1455878019332886,False,1.3020668029785156
66,0.1,zhpQhgha_KU_29,-1.2000000476837158,-1.4399255514144897,-1.1363637447357178,-0.903619647026062,False,-1.1363637447357178
66,0.1,zhpQhgha_KU_30,-2.0,-1.530105471611023,-1.6511495113372803,-0.9861517548561096,False,-1.6511495113372803
66,0.1,zhpQhgha_KU_31,-1.0,-0.821101725101471,-1.236246943473816,-0.3319181799888611,False,-1.236246943473816
66,0.1,zhpQhgha_KU_32,0.800000011920929,0.6759763956069946,0.1873595118522644,0.29326730966567993,False,0.1873595118522644
66,0.1,zhpQhgha_KU_33,-0.4000000059604645,0.6974047422409058,0.5107377171516418,0.6026145815849304,False,0.5107377171516418
66,0.1,zhpQhgha_KU_34,1.2000000476837158,1.6765482425689697,1.5277135372161865,1.8586877584457397,False,1.5277135372161865
66,0.1,zhpQhgha_KU_35,0.6000000238418579,1.0932422876358032,1.0656098127365112,1.1187407970428467,False,1.0656098127365112
66,0.1,phBUpBr1hSo_1,1.399999976158142,1.8475803136825562,1.8475803136825562,2.3570094108581543,False,1.8475803136825562
66,0.1,phBUpBr1hSo_2,2.200000047683716,1.7374639511108398,1.694642424583435,1.8707094192504883,False,1.694642424583435
66,0.1,phBUpBr1hSo_3,2.799999952316284,1.7542331218719482,1.6855831146240234,1.9161534309387207,False,1.6855831146240234
66,0.1,phBUpBr1hSo_4,-0.800000011920929,-1.208992600440979,-0.670665979385376,-0.4289349615573883,False,-0.670665979385376
66,0.1,phBUpBr1hSo_5,-1.399999976158142,-1.4235587120056152,-1.4826611280441284,-0.9740303158760071,False,-1.4826611280441284
66,0.1,phBUpBr1hSo_6,1.600000023841858,0.8174081444740295,-0.22916950285434723,0.385935515165329,False,-0.22916950285434723
66,0.1,phBUpBr1hSo_7,-1.0,0.7152491211891174,-0.27285251021385193,0.2816804349422455,False,-0.27285251021385193
66,0.1,phBUpBr1hSo_8,-2.200000047683716,-0.8246926069259644,-0.8635992407798767,-0.27073240280151367,False,-0.8635992407798767
66,0.1,phBUpBr1hSo_9,-2.0,-0.13009607791900635,-0.5287666320800781,-0.1899074912071228,True,-0.1899074912071228
66,0.1,phBUpBr1hSo_10,-1.399999976158142,-1.528813123703003,-1.4950720071792603,-1.029762864112854,False,-1.4950720071792603
66,0.1,phBUpBr1hSo_11,2.0,1.3470550775527954,1.04635488986969,0.947250247001648,False,1.04635488986969
66,0.1,phBUpBr1hSo_12,1.7999999523162842,0.3656459450721741,0.27613839507102966,0.026409080252051353,False,0.27613839507102966
66,0.1,phBUpBr1hSo_13,0.800000011920929,1.3586211204528809,1.0800366401672363,1.2107152938842773,False,1.0800366401672363
66,0.1,phBUpBr1hSo_14,-1.2000000476837158,-0.16407516598701477,-0.02834361605346203,-0.16240406036376953,True,-0.16240406036376953
66,0.1,phBUpBr1hSo_15,-2.200000047683716,-0.4842675030231476,-0.7294553518295288,-0.4166630804538727,False,-0.7294553518295288
66,0.1,phBUpBr1hSo_16,-1.600000023841858,0.4011620283126831,-0.018064793199300766,0.2624698877334595,False,-0.018064793199300766
66,0.1,phBUpBr1hSo_17,2.0,0.8420982956886292,0.5605990886688232,-0.08911184221506119,False,0.5605990886688232
66,0.1,phBUpBr1hSo_18,0.800000011920929,1.3842934370040894,1.1915829181671143,1.0190253257751465,False,1.1915829181671143
66,0.1,phBUpBr1hSo_19,2.0,1.4195261001586914,1.1998265981674194,1.4011014699935913,False,1.1998265981674194
66,0.1,phBUpBr1hSo_20,-1.25,0.4683769643306732,0.3750506341457367,-0.04131349176168442,False,0.3750506341457367
66,0.1,phBUpBr1hSo_21,0.800000011920929,0.5876554846763611,0.3533022403717041,0.33160293102264404,False,0.3533022403717041
66,0.1,yDtzw_Y-7RU_1,0.800000011920929,0.6867434978485107,0.6867434978485107,0.7638059854507446,False,0.6867434978485107
66,0.1,yDtzw_Y-7RU_2,0.800000011920929,0.28225177526474,0.31932884454727173,0.04865110665559769,False,0.31932884454727173
66,0.1,yDtzw_Y-7RU_3,0.75,-0.010293493047356606,-0.14118556678295135,-0.3494594693183899,True,-0.3494594693183899
66,0.1,yDtzw_Y-7RU_4,-1.0,1.4583126306533813,1.311919093132019,-0.2949256896972656,False,1.311919093132019
66,0.1,yDtzw_Y-7RU_5,0.5,-0.4139586091041565,-0.30381590127944946,-0.6238823533058167,False,-0.30381590127944946
66,0.1,yDtzw_Y-7RU_6,-1.2000000476837158,-0.2950901985168457,-0.5508394241333008,-0.29689717292785645,False,-0.5508394241333008
66,0.1,yDtzw_Y-7RU_7,-0.20000000298023224,0.07352059334516525,-0.8464325070381165,-0.4332413375377655,True,-0.4332413375377655
66,0.1,yDtzw_Y-7RU_8,-1.5,-0.5300683975219727,-0.9965054392814636,-0.5613312721252441,False,-0.9965054392814636
66,0.1,yDtzw_Y-7RU_9,-1.0,-0.7550589442253113,-1.1684952974319458,-0.6375535130500793,False,-1.1684952974319458
66,0.1,yDtzw_Y-7RU_10,-0.6000000238418579,-0.7370612025260925,-1.2618911266326904,-0.6099395155906677,False,-1.2618911266326904
66,0.1,yDtzw_Y-7RU_11,-1.399999976158142,-1.0700935125350952,-1.3798496723175049,-0.7545996904373169,False,-1.3798496723175049
66,0.1,yDtzw_Y-7RU_12,-0.6666666865348816,-0.6660179495811462,-1.1671154499053955,-0.5405303835868835,False,-1.1671154499053955
66,0.1,yDtzw_Y-7RU_13,-1.7999999523162842,-1.2025173902511597,-1.5699471235275269,-0.8980291485786438,False,-1.5699471235275269
66,0.1,yDtzw_Y-7RU_14,2.200000047683716,1.6112756729125977,1.3288154602050781,1.1217273473739624,False,1.3288154602050781
66,0.1,yDtzw_Y-7RU_15,0.6000000238418579,1.5547044277191162,1.3911895751953125,1.1712175607681274,False,1.3911895751953125
66,0.1,yDtzw_Y-7RU_16,0.6000000238418579,1.4448188543319702,1.3716758489608765,1.0883287191390991,False,1.3716758489608765
66,0.1,yDtzw_Y-7RU_17,0.20000000298023224,0.7892789244651794,0.7338374853134155,0.27282875776290894,False,0.7338374853134155
66,0.1,yDtzw_Y-7RU_18,-2.0,-1.2470349073410034,-1.2082360982894897,-0.9081685543060303,False,-1.2082360982894897
66,0.1,yDtzw_Y-7RU_19,-1.600000023841858,-1.130220890045166,-1.5708156824111938,-1.0234625339508057,False,-1.5708156824111938
66,0.1,yDtzw_Y-7RU_20,-0.6000000238418579,-0.36628466844558716,-0.9738118052482605,-0.3710733950138092,False,-0.9738118052482605
66,0.1,yDtzw_Y-7RU_21,0.20000000298023224,1.3441697359085083,1.0172590017318726,0.6132172346115112,False,1.0172590017318726
66,0.1,yDtzw_Y-7RU_22,2.0,1.6825274229049683,1.5277347564697266,1.7747384309768677,False,1.5277347564697266
66,0.1,yDtzw_Y-7RU_23,2.200000047683716,1.4734667539596558,1.3756229877471924,1.3537273406982422,False,1.3756229877471924
66,0.1,yDtzw_Y-7RU_24,-0.800000011920929,-0.5275754332542419,-0.33935263752937317,-0.5857390761375427,False,-0.33935263752937317
66,0.1,nzpVDcQ0ywM_1,0.0,1.5191670656204224,1.5191670656204224,1.631953239440918,False,1.5191670656204224
66,0.1,nzpVDcQ0ywM_2,-1.600000023841858,-0.8436344861984253,-0.6817150712013245,-0.32616785168647766,False,-0.6817150712013245
66,0.1,nzpVDcQ0ywM_3,0.800000011920929,1.220444917678833,1.0952928066253662,0.6977413296699524,False,1.0952928066253662
66,0.1,nzpVDcQ0ywM_4,-1.600000023841858,-1.4257880449295044,-1.5616545677185059,-0.9065863490104675,False,-1.5616545677185059
66,0.1,nzpVDcQ0ywM_5,-0.4000000059604645,-1.3638995885849,-1.7781758308410645,-0.6251570582389832,False,-1.7781758308410645
66,0.1,nzpVDcQ0ywM_6,-1.399999976158142,-1.7161953449249268,-2.0469789505004883,-1.0935180187225342,False,-2.0469789505004883
66,0.1,nzpVDcQ0ywM_7,-1.0,-1.2981387376785278,-1.7896225452423096,-0.751641571521759,False,-1.7896225452423096
66,0.1,nzpVDcQ0ywM_8,2.0,1.4346600770950317,1.1240243911743164,1.4249505996704102,False,1.1240243911743164
66,0.1,nzpVDcQ0ywM_9,-2.200000047683716,-1.4986798763275146,-1.4450322389602661,-0.8478793501853943,False,-1.4450322389602661
66,0.1,nzpVDcQ0ywM_10,-1.0,-1.2415350675582886,-1.6351921558380127,-0.6835429668426514,False,-1.6351921558380127
66,0.1,nzpVDcQ0ywM_11,0.0,-0.646411657333374,-1.1570812463760376,-0.3580007255077362,False,-1.1570812463760376
66,0.1,nzpVDcQ0ywM_12,-1.399999976158142,-1.3082698583602905,-1.6563117504119873,-0.8202444911003113,False,-1.6563117504119873
66,0.1,nzpVDcQ0ywM_13,-1.0,0.16743093729019165,-0.9380001425743103,-0.2691968083381653,True,-0.2691968083381653
66,0.1,nzpVDcQ0ywM_14,0.20000000298023224,0.08659101277589798,-0.43259087204933167,-0.2812245786190033,True,-0.2812245786190033
66,0.1,nzpVDcQ0ywM_15,-0.6000000238418579,1.0820796489715576,0.474013090133667,0.3889976441860199,False,0.474013090133667
66,0.1,nzpVDcQ0ywM_16,1.399999976158142,0.9004227519035339,0.7981385588645935,0.47271856665611267,False,0.7981385588645935
66,0.1,nzpVDcQ0ywM_17,1.600000023841858,1.4400815963745117,1.32084059715271,1.0183725357055664,False,1.32084059715271
66,0.1,nzpVDcQ0ywM_18,1.2000000476837158,1.365272879600525,1.2686173915863037,0.8651233911514282,False,1.2686173915863037
66,0.1,nzpVDcQ0ywM_19,-2.0,0.37585586309432983,0.14894072711467743,-0.11758439987897873,False,0.14894072711467743
66,0.1,nzpVDcQ0ywM_20,0.20000000298023224,0.8959407210350037,0.6936159729957581,0.40190404653549194,False,0.6936159729957581
66,0.1,nzpVDcQ0ywM_21,-1.399999976158142,0.014512501657009125,0.5418321490287781,0.05591684579849243,True,0.05591684579849243
66,0.1,nzpVDcQ0ywM_22,2.0,1.6629585027694702,1.5453100204467773,1.7715740203857422,False,1.5453100204467773
66,0.1,nzpVDcQ0ywM_23,2.0,1.8031220436096191,1.6948672533035278,2.065096139907837,False,1.6948672533035278
66,0.1,nzpVDcQ0ywM_24,1.600000023841858,1.5133390426635742,1.4625436067581177,1.6903424263000488,False,1.4625436067581177
66,0.1,jUzDDGyPkXU_1,2.799999952316284,1.6020272970199585,1.6020272970199585,2.09621262550354,False,1.6020272970199585
66,0.1,jUzDDGyPkXU_2,2.5999999046325684,1.7396636009216309,1.6993037462234497,2.2418341636657715,False,1.6993037462234497
66,0.1,jUzDDGyPkXU_3,0.0,0.7316044569015503,0.8323281407356262,0.8304380774497986,False,0.8323281407356262
66,0.1,jUzDDGyPkXU_4,-1.600000023841858,1.2641624212265015,1.2537457942962646,0.8444578647613525,False,1.2537457942962646
66,0.1,jUzDDGyPkXU_5,-1.2000000476837158,-1.0973700284957886,-0.7713523507118225,-0.7852951884269714,False,-0.7713523507118225
66,0.1,jUzDDGyPkXU_6,-1.600000023841858,-1.476309061050415,-1.4222588539123535,-0.9327403903007507,False,-1.4222588539123535
66,0.1,jUzDDGyPkXU_7,-0.6000000238418579,-1.482556700706482,-1.831373691558838,-0.8397573232650757,False,-1.831373691558838
66,0.1,jUzDDGyPkXU_8,1.7999999523162842,1.5963226556777954,1.3130626678466797,1.8021020889282227,False,1.3130626678466797
66,0.1,jUzDDGyPkXU_9,2.799999952316284,0.4805296063423157,0.6944775581359863,0.8474420309066772,False,0.6944775581359863
66,0.1,jUzDDGyPkXU_10,2.4000000953674316,1.5123250484466553,1.4210602045059204,1.7897595167160034,False,1.4210602045059204
66,0.1,jUzDDGyPkXU_11,2.4000000953674316,1.3385981321334839,1.2831941843032837,1.1385830640792847,False,1.2831941843032837
66,0.1,jUzDDGyPkXU_12,0.5,1.2888624668121338,1.2144607305526733,1.197913408279419,False,1.2144607305526733
66,0.1,jUzDDGyPkXU_13,-0.6000000238418579,-0.9716717600822449,-0.6382089853286743,-0.5478629469871521,False,-0.6382089853286743
66,0.1,jUzDDGyPkXU_14,0.800000011920929,1.0400476455688477,0.8682448863983154,0.6747381687164307,False,0.8682448863983154
66,0.1,jUzDDGyPkXU_15,1.3333333730697632,-0.46049734950065613,-0.4546252191066742,0.001978594809770584,False,-0.4546252191066742
66,0.1,jUzDDGyPkXU_16,1.2000000476837158,1.2107661962509155,1.0023177862167358,1.069934368133545,False,1.0023177862167358
66,0.1,jUzDDGyPkXU_17,-2.799999952316284,-1.8367278575897217,-1.7470712661743164,-1.1721076965332031,False,-1.7470712661743164
66,0.1,jUzDDGyPkXU_18,-2.4000000953674316,-1.262515664100647,-1.6585332155227661,-0.9556173086166382,False,-1.6585332155227661
66,0.1,jUzDDGyPkXU_19,2.200000047683716,-1.3615163564682007,-1.776502251625061,-1.0789799690246582,False,-1.776502251625061
66,0.1,jUzDDGyPkXU_20,-2.200000047683716,-1.217741847038269,-1.7005255222320557,-0.8668167591094971,False,-1.7005255222320557
66,0.1,jUzDDGyPkXU_21,-1.0,0.9760242104530334,0.5117189288139343,0.25477123260498047,False,0.5117189288139343
66,0.1,jUzDDGyPkXU_22,-2.4000000953674316,-1.3929671049118042,-1.229280710220337,-0.7981016635894775,False,-1.229280710220337
66,0.1,jUzDDGyPkXU_23,1.2000000476837158,1.4496774673461914,1.2509434223175049,1.5193310976028442,False,1.2509434223175049
66,0.1,jUzDDGyPkXU_24,-1.0,-1.5594714879989624,-1.3131935596466064,-0.9110527634620667,False,-1.3131935596466064
66,0.1,jUzDDGyPkXU_25,-2.0,-1.5323772430419922,-1.862539291381836,-1.1286736726760864,False,-1.862539291381836
66,0.1,jUzDDGyPkXU_26,-2.0,-0.9373241066932678,-1.4884670972824097,-0.23284302651882172,False,-1.4884670972824097
66,0.1,jUzDDGyPkXU_27,-2.0,-1.5793261528015137,-1.9699010848999023,-1.1824350357055664,False,-1.9699010848999023
66,0.1,rnaNMUZpvvg_1,-2.5999999046325684,0.035364795476198196,0.035364795476198196,0.31630346179008484,True,0.31630346179008484
66,0.1,rnaNMUZpvvg_2,2.25,1.3703385591506958,1.256152629852295,1.647429347038269,False,1.256152629852295
66,0.1,rnaNMUZpvvg_3,-0.800000011920929,-0.9770916700363159,-0.8849932551383972,-0.6825500726699829,False,-0.8849932551383972
66,0.1,rnaNMUZpvvg_4,-2.4000000953674316,-1.5256870985031128,-1.651911735534668,-1.1090927124023438,False,-1.651911735534668
66,0.1,rnaNMUZpvvg_5,-2.799999952316284,-1.5572038888931274,-1.9885485172271729,-1.0988531112670898,False,-1.9885485172271729
66,0.1,rnaNMUZpvvg_6,-2.5999999046325684,-1.7142395973205566,-2.124994993209839,-1.3194133043289185,False,-2.124994993209839
66,0.1,rnaNMUZpvvg_7,-0.4000000059604645,0.41960960626602173,-1.2483532428741455,-0.68650883436203,False,-1.2483532428741455
66,0.1,rnaNMUZpvvg_8,-1.600000023841858,-1.5947726964950562,-2.113597869873047,-1.208681583404541,False,-2.113597869873047
66,0.1,rnaNMUZpvvg_9,-1.399999976158142,-0.14243803918361664,-1.2599105834960938,-0.613601803779602,True,-0.613601803779602
66,0.1,rnaNMUZpvvg_10,-2.5999999046325684,-0.9421554803848267,-1.7119157314300537,-0.7089807987213135,False,-1.7119157314300537
66,0.1,rnaNMUZpvvg_11,-2.5999999046325684,0.3010975122451782,-0.8591114282608032,-0.33765938878059387,False,-0.8591114282608032
66,0.1,rnaNMUZpvvg_12,-1.0,-1.6606574058532715,-2.069624185562134,-1.2049542665481567,False,-2.069624185562134
66,0.1,rnaNMUZpvvg_13,-2.0,0.5366284251213074,-0.6363562345504761,-0.24993562698364258,False,-0.6363562345504761
66,0.1,rnaNMUZpvvg_14,-2.5999999046325684,-1.3840916156768799,-1.8648896217346191,-1.0440216064453125,False,-1.8648896217346191
66,0.1,rnaNMUZpvvg_15,-1.600000023841858,-1.2880347967147827,-1.8108583688735962,-0.8428470492362976,False,-1.8108583688735962
66,0.1,rnaNMUZpvvg_16,-1.7999999523162842,-1.372624397277832,-1.9096462726593018,-1.0915902853012085,False,-1.9096462726593018
66,0.1,rnaNMUZpvvg_17,-1.600000023841858,-0.831062912940979,-1.4102534055709839,-0.5688945651054382,False,-1.4102534055709839
66,0.1,rnaNMUZpvvg_18,-2.200000047683716,-1.3159127235412598,-1.7155673503875732,-0.9161762595176697,False,-1.7155673503875732
66,0.1,rnaNMUZpvvg_19,-1.399999976158142,-1.449220061302185,-1.894566297531128,-0.9257277846336365,False,-1.894566297531128
66,0.1,rnaNMUZpvvg_20,0.800000011920929,1.4726784229278564,1.079225778579712,1.1282817125320435,False,1.079225778579712
66,0.1,rnaNMUZpvvg_21,-2.5999999046325684,-1.2928346395492554,-1.442418098449707,-0.8656166791915894,False,-1.442418098449707
66,0.1,rnaNMUZpvvg_22,-2.200000047683716,-1.3827593326568604,-1.7687357664108276,-0.9386516213417053,False,-1.7687357664108276
66,0.1,yvsjCA6Y5Fc_1,-2.0,-0.835732638835907,-0.835732638835907,-0.2535211741924286,False,-0.835732638835907
66,0.1,yvsjCA6Y5Fc_2,-1.2000000476837158,-1.2764086723327637,-1.6645071506500244,-0.9512830376625061,False,-1.6645071506500244
66,0.1,yvsjCA6Y5Fc_3,-2.0,-1.326300859451294,-1.7922778129577637,-0.9070468544960022,False,-1.7922778129577637
66,0.1,yvsjCA6Y5Fc_4,-0.20000000298023224,-0.2635103464126587,-0.8533272743225098,0.058274537324905396,False,-0.8533272743225098
66,0.1,yvsjCA6Y5Fc_5,0.4000000059604645,-0.29136452078819275,-0.7671074271202087,-0.23667822778224945,False,-0.7671074271202087
66,0.1,yvsjCA6Y5Fc_6,0.0,-1.6109060049057007,-1.7344841957092285,-1.0336953401565552,False,-1.7344841957092285
66,0.1,yvsjCA6Y5Fc_7,-1.7999999523162842,-1.2620179653167725,-1.7345527410507202,-0.8176292181015015,False,-1.7345527410507202
66,0.1,yvsjCA6Y5Fc_8,0.4000000059604645,-1.3881680965423584,-1.7039397954940796,-0.9044699668884277,False,-1.7039397954940796
66,0.1,yvsjCA6Y5Fc_9,-1.399999976158142,-1.0241422653198242,-1.4810006618499756,-0.7218856811523438,False,-1.4810006618499756
66,0.1,yvsjCA6Y5Fc_10,-2.0,-1.0784096717834473,-1.5977380275726318,-0.7819204330444336,False,-1.5977380275726318
66,0.1,yvsjCA6Y5Fc_11,2.0,0.8541530966758728,0.2987631559371948,-0.1586018204689026,False,0.2987631559371948
66,0.1,yvsjCA6Y5Fc_12,-0.6000000238418579,0.21672731637954712,-0.6895741820335388,-0.3185240626335144,True,-0.3185240626335144
66,0.1,yvsjCA6Y5Fc_13,-2.0,-1.520498514175415,-1.8722270727157593,-1.0895955562591553,False,-1.8722270727157593
66,0.1,yvsjCA6Y5Fc_14,-1.0,-1.1295615434646606,-1.6877714395523071,-0.9902493953704834,False,-1.6877714395523071
66,0.1,yvsjCA6Y5Fc_15,-2.0,-0.9818041324615479,-1.6034342050552368,-0.8195995688438416,False,-1.6034342050552368
66,0.1,yvsjCA6Y5Fc_16,-1.7999999523162842,-1.5274443626403809,-1.9875444173812866,-0.980179488658905,False,-1.9875444173812866
66,0.1,yvsjCA6Y5Fc_17,-0.6000000238418579,-0.23072928190231323,-0.8765096068382263,-0.20756089687347412,True,-0.20756089687347412
66,0.1,yvsjCA6Y5Fc_18,-2.200000047683716,-1.6121022701263428,-1.9020018577575684,-0.9765599966049194,False,-1.9020018577575684
66,0.1,yvsjCA6Y5Fc_19,-1.600000023841858,-1.1011377573013306,-1.5793125629425049,-0.7940880060195923,False,-1.5793125629425049
66,0.1,yvsjCA6Y5Fc_20,0.800000011920929,1.0220853090286255,0.4301447868347168,0.6678680777549744,False,0.4301447868347168
66,0.1,yvsjCA6Y5Fc_21,-1.7999999523162842,-1.4132195711135864,-1.422436237335205,-0.7462233304977417,False,-1.422436237335205
66,0.1,yvsjCA6Y5Fc_22,-1.600000023841858,-1.3566224575042725,-1.6855442523956299,-0.8313366174697876,False,-1.6855442523956299
66,0.1,yvsjCA6Y5Fc_23,-1.2000000476837158,-0.9265601634979248,-1.297041654586792,-0.6242154836654663,False,-1.297041654586792
66,0.1,pLTX3ipuDJI_1,-2.4000000953674316,-0.7196993231773376,-0.7196993231773376,-0.4645453691482544,False,-0.7196993231773376
66,0.1,pLTX3ipuDJI_2,-1.7999999523162842,-0.4742122292518616,-0.851199746131897,-0.13227511942386627,False,-0.851199746131897
66,0.1,pLTX3ipuDJI_3,-1.2000000476837158,-0.42778152227401733,-0.9483887553215027,-0.28168362379074097,False,-0.9483887553215027
66,0.1,pLTX3ipuDJI_4,-2.200000047683716,-0.012967366725206375,-0.5541163682937622,-0.11734265834093094,True,-0.11734265834093094
66,0.1,pLTX3ipuDJI_5,-2.0,-0.6865143775939941,-1.2200171947479248,-0.4528331160545349,False,-1.2200171947479248
66,0.1,pLTX3ipuDJI_6,-1.399999976158142,0.6557392477989197,-0.5576103329658508,-0.21389752626419067,False,-0.5576103329658508
66,0.1,pLTX3ipuDJI_7,0.800000011920929,0.7746834754943848,0.4107385277748108,0.4407911002635956,False,0.4107385277748108
66,0.1,pLTX3ipuDJI_8,-2.0,-0.7933452129364014,-1.1033456325531006,-0.6606053113937378,False,-1.1033456325531006
66,0.1,pLTX3ipuDJI_9,0.0,-0.2600937485694885,-0.7116819620132446,-0.1644171178340912,False,-0.7116819620132446
66,0.1,pLTX3ipuDJI_10,-1.600000023841858,-0.9505648612976074,-1.3461785316467285,-0.6346777081489563,False,-1.3461785316467285
66,0.1,pLTX3ipuDJI_11,0.6000000238418579,0.9351857304573059,0.5591005682945251,0.5439725518226624,False,0.5591005682945251
66,0.1,pLTX3ipuDJI_12,-2.0,-0.05208604037761688,-0.20757094025611877,-0.14950375258922577,True,-0.14950375258922577
66,0.1,pLTX3ipuDJI_13,-1.399999976158142,0.35381370782852173,-0.00954953208565712,0.00544140487909317,False,-0.00954953208565712
66,0.1,pLTX3ipuDJI_14,-2.0,-0.7364946603775024,-1.1470692157745361,-0.7055836319923401,False,-1.1470692157745361
66,0.1,pLTX3ipuDJI_15,-1.399999976158142,-1.2244585752487183,-1.4507426023483276,-0.7323663830757141,False,-1.4507426023483276
66,0.1,pLTX3ipuDJI_16,-1.600000023841858,-0.9648764729499817,-1.4246609210968018,-0.6064444184303284,False,-1.4246609210968018
66,0.1,cW1FSBF59ik_1,-2.5999999046325684,-1.4913268089294434,-1.4913268089294434,-1.0509190559387207,False,-1.4913268089294434
66,0.1,cW1FSBF59ik_2,3.0,0.17107883095741272,-0.8678988814353943,-0.24319666624069214,True,-0.24319666624069214
66,0.1,cW1FSBF59ik_3,-1.0,-0.046704791486263275,-1.0531209707260132,-0.4677635729312897,True,-0.4677635729312897
66,0.1,cW1FSBF59ik_4,1.600000023841858,1.2874610424041748,0.9091675877571106,0.9502820372581482,False,0.9091675877571106
66,0.1,cW1FSBF59ik_5,2.0,1.5941441059112549,1.3967877626419067,1.6857777833938599,False,1.3967877626419067
66,0.1,cW1FSBF59ik_6,1.2000000476837158,0.8989342451095581,1.2411863803863525,1.1510831117630005,False,1.2411863803863525
66,0.1,cW1FSBF59ik_7,0.5,1.2018349170684814,1.1804296970367432,0.9039997458457947,False,1.1804296970367432
66,0.1,cW1FSBF59ik_8,1.7999999523162842,1.3972257375717163,1.3157718181610107,1.4626038074493408,False,1.3157718181610107
66,0.1,cW1FSBF59ik_9,-2.4000000953674316,-0.7614870667457581,-0.3555569350719452,-0.5114172101020813,False,-0.3555569350719452
66,0.1,cW1FSBF59ik_10,-1.0,1.6043896675109863,1.434654712677002,1.6198711395263672,False,1.434654712677002
66,0.1,cW1FSBF59ik_11,-1.0,-1.3318454027175903,-1.105372428894043,-0.7422606945037842,False,-1.105372428894043
66,0.1,cW1FSBF59ik_12,2.200000047683716,0.07387454062700272,-0.3067511320114136,0.3079686462879181,True,0.3079686462879181
66,0.1,cW1FSBF59ik_13,2.0,0.9693377017974854,0.6471739411354065,0.4206477999687195,False,0.6471739411354065
66,0.1,cW1FSBF59ik_14,-1.2000000476837158,-1.7361350059509277,-1.900904655456543,-1.1354575157165527,False,-1.900904655456543
66,0.1,cW1FSBF59ik_15,-2.5999999046325684,-1.2420588731765747,-1.726159691810608,-0.8523465991020203,False,-1.726159691810608
66,0.1,cW1FSBF59ik_16,3.0,1.443687915802002,1.084228277206421,0.9844707250595093,False,1.084228277206421
66,0.1,cW1FSBF59ik_17,2.4000000953674316,0.8183990120887756,0.6660537123680115,0.6582416296005249,False,0.6660537123680115
66,0.1,cW1FSBF59ik_18,2.5999999046325684,0.7632684707641602,0.6636322140693665,0.6397103667259216,False,0.6636322140693665
66,0.1,cW1FSBF59ik_19,0.20000000298023224,0.7004634737968445,0.5725355744361877,0.5001746416091919,False,0.5725355744361877
66,0.1,cW1FSBF59ik_20,2.5,1.3273816108703613,1.0406272411346436,0.9866418838500977,False,1.0406272411346436
66,0.1,cW1FSBF59ik_21,1.600000023841858,1.6437957286834717,1.5470610857009888,1.728952407836914,False,1.5470610857009888
66,0.1,cW1FSBF59ik_22,-1.0,0.7327297329902649,1.175694465637207,0.9997981190681458,False,1.175694465637207
66,0.1,cW1FSBF59ik_23,1.399999976158142,0.0522933304309845,0.7052900791168213,0.30876755714416504,True,0.30876755714416504
66,0.1,cW1FSBF59ik_24,0.0,0.6712837219238281,0.9784020781517029,0.5922105312347412,False,0.9784020781517029
66,0.1,tmZoasNr4rU_1,0.0,0.0904197245836258,0.0904197245836258,0.5585512518882751,True,0.5585512518882751
66,0.1,tmZoasNr4rU_2,-2.0,-1.377964973449707,-1.4141340255737305,-0.9341511726379395,False,-1.4141340255737305
66,0.1,tmZoasNr4rU_3,-2.0,0.35476821660995483,-0.4352198541164398,-0.1191413477063179,False,-0.4352198541164398
66,0.1,tmZoasNr4rU_4,-0.800000011920929,-1.2984994649887085,-1.5454599857330322,-1.0107260942459106,False,-1.5454599857330322
66,0.1,tmZoasNr4rU_5,-0.800000011920929,-1.1667557954788208,-1.6336743831634521,-0.7545389533042908,False,-1.6336743831634521
66,0.1,tmZoasNr4rU_6,-1.7999999523162842,-0.7568783164024353,-1.3533785343170166,-0.945431649684906,False,-1.3533785343170166
66,0.1,tmZoasNr4rU_7,-1.0,-1.2527213096618652,-1.7626752853393555,-0.930892288684845,False,-1.7626752853393555
66,0.1,tmZoasNr4rU_8,-2.0,-1.1560307741165161,-1.6964455842971802,-0.8659194707870483,False,-1.6964455842971802
66,0.1,tmZoasNr4rU_9,-0.6000000238418579,-1.5806446075439453,-1.9772242307662964,-1.111695647239685,False,-1.9772242307662964
66,0.1,tmZoasNr4rU_10,-1.7999999523162842,-0.06369427591562271,-1.2037159204483032,-0.7076581716537476,True,-0.7076581716537476
66,0.1,tmZoasNr4rU_11,-0.6000000238418579,0.5830579996109009,0.03526621311903,0.12499678879976273,False,0.03526621311903
66,0.1,tmZoasNr4rU_12,-2.200000047683716,-1.4382522106170654,-1.7219139337539673,-1.1362545490264893,False,-1.7219139337539673
66,0.1,tmZoasNr4rU_13,-0.800000011920929,-0.3593626916408539,-0.8332188725471497,-0.7230255603790283,False,-0.8332188725471497
66,0.1,tmZoasNr4rU_14,-2.0,-1.4081794023513794,-1.711444616317749,-1.1405688524246216,False,-1.711444616317749
66,0.1,tmZoasNr4rU_15,0.25,-0.8968304395675659,-1.3713856935501099,-0.8132326006889343,False,-1.3713856935501099
66,0.1,tmZoasNr4rU_16,-1.399999976158142,-0.2156403660774231,-1.1733664274215698,-0.6773362159729004,True,-0.6773362159729004
66,0.1,tmZoasNr4rU_17,-1.399999976158142,-1.377636432647705,-1.7871720790863037,-1.1524226665496826,False,-1.7871720790863037
66,0.1,tmZoasNr4rU_18,0.0,-1.4499027729034424,-1.9664897918701172,-1.1049652099609375,False,-1.9664897918701172
66,0.1,tmZoasNr4rU_19,0.20000000298023224,-0.4119946360588074,-1.0287126302719116,-0.6415443420410156,False,-1.0287126302719116
66,0.1,tmZoasNr4rU_20,-1.0,-1.4680368900299072,-1.9096553325653076,-1.12040114402771,False,-1.9096553325653076
66,0.1,d6hH302o4v8_1,-2.799999952316284,-1.9165184497833252,-1.9165184497833252,-1.3723981380462646,False,-1.9165184497833252
66,0.1,d6hH302o4v8_2,-1.7999999523162842,-0.3229342997074127,-1.050014615058899,-0.49941006302833557,False,-1.050014615058899
66,0.1,d6hH302o4v8_3,0.20000000298023224,-0.7583436369895935,-1.2260046005249023,-0.6111388206481934,False,-1.2260046005249023
66,0.1,d6hH302o4v8_4,-1.600000023841858,-0.4453223943710327,-1.1289875507354736,-0.46776673197746277,False,-1.1289875507354736
66,0.1,d6hH302o4v8_5,-1.3333333730697632,0.06111280620098114,-0.423555850982666,-0.5181505084037781,True,-0.5181505084037781
66,0.1,d6hH302o4v8_6,-2.0,-1.005416989326477,-1.1050018072128296,-0.8470234870910645,False,-1.1050018072128296
66,0.1,d6hH302o4v8_7,-2.799999952316284,-1.466344952583313,-1.767613172531128,-0.9546568989753723,False,-1.767613172531128
66,0.1,d6hH302o4v8_8,-2.200000047683716,-1.2888425588607788,-1.7879509925842285,-0.9903462529182434,False,-1.7879509925842285
66,0.1,d6hH302o4v8_9,-2.4000000953674316,-0.34402891993522644,-1.0054538249969482,-0.6108505129814148,False,-1.0054538249969482
66,0.1,d6hH302o4v8_10,-1.2000000476837158,-0.6526824831962585,-1.1651740074157715,-0.5498245358467102,False,-1.1651740074157715
66,0.1,d6hH302o4v8_11,-1.0,-1.279638409614563,-1.632929801940918,-0.8995914459228516,False,-1.632929801940918
66,0.1,d6hH302o4v8_12,1.399999976158142,1.592846155166626,1.2518829107284546,1.5764124393463135,False,1.2518829107284546
66,0.1,d6hH302o4v8_13,-2.0,-1.3536080121994019,-1.3203765153884888,-0.8616633415222168,False,-1.3203765153884888
66,0.1,d6hH302o4v8_14,-1.7999999523162842,-1.4813902378082275,-1.8110133409500122,-1.0863081216812134,False,-1.8110133409500122
66,0.1,d6hH302o4v8_15,-1.75,-1.2478811740875244,-1.7270245552062988,-0.9038892388343811,False,-1.7270245552062988
66,0.1,d6hH302o4v8_16,-2.0,-1.4162966012954712,-1.9265605211257935,-1.108102560043335,False,-1.9265605211257935
66,0.1,d6hH302o4v8_17,-2.0,-0.7902377247810364,-1.4508769512176514,-0.6474372148513794,False,-1.4508769512176514
66,0.1,d6hH302o4v8_18,-2.0,-1.5100421905517578,-1.9602668285369873,-1.0645393133163452,False,-1.9602668285369873
66,0.1,d6hH302o4v8_19,-2.799999952316284,-1.479306936264038,-1.9455307722091675,-1.1033880710601807,False,-1.9455307722091675
66,0.1,d6hH302o4v8_20,1.0,0.8220568895339966,0.2639694809913635,0.11456862092018127,False,0.2639694809913635
66,0.1,d6hH302o4v8_21,-2.4000000953674316,-1.6179296970367432,-1.8720157146453857,-1.225304126739502,False,-1.8720157146453857
66,0.1,d6hH302o4v8_22,-1.0,-1.6246145963668823,-2.061716079711914,-1.1508984565734863,False,-2.061716079711914
66,0.1,d6hH302o4v8_23,-2.5999999046325684,-1.8513383865356445,-2.2739994525909424,-1.3525848388671875,False,-2.2739994525909424
66,0.1,d6hH302o4v8_24,-2.799999952316284,-1.1231073141098022,-1.685536503791809,-0.9573817849159241,False,-1.685536503791809
66,0.1,d6hH302o4v8_25,-1.600000023841858,-0.8932968378067017,-1.484931468963623,-0.7050060629844666,False,-1.484931468963623
66,0.1,d6hH302o4v8_26,-2.5999999046325684,0.3623571991920471,-0.7199301719665527,-0.18838056921958923,False,-0.7199301719665527
66,0.1,d6hH302o4v8_27,-2.5999999046325684,-0.8638612031936646,-1.3338838815689087,-0.7458063364028931,False,-1.3338838815689087
66,0.1,d6hH302o4v8_28,-1.0,-0.8926107883453369,-1.0977836847305298,-0.6691893935203552,False,-1.0977836847305298
66,0.1,d6hH302o4v8_29,-1.7999999523162842,-0.8300572037696838,-1.3183846473693848,-0.5346375703811646,False,-1.3183846473693848
66,0.1,d6hH302o4v8_30,-2.799999952316284,-1.3488876819610596,-1.798452615737915,-1.007340669631958,False,-1.798452615737915
66,0.1,d6hH302o4v8_31,-1.399999976158142,-1.2902904748916626,-1.7529641389846802,-0.9622989892959595,False,-1.7529641389846802
66,0.1,d6hH302o4v8_32,-0.6000000238418579,0.5317952632904053,-0.16238833963871002,-0.1347094178199768,False,-0.16238833963871002
66,0.1,d6hH302o4v8_33,-3.0,0.11907876282930374,-0.5123026967048645,-0.3193012475967407,True,-0.3193012475967407
66,0.1,d6hH302o4v8_34,-3.0,-0.45157390832901,-0.9062989354133606,-0.5027381181716919,False,-0.9062989354133606
66,0.1,d6hH302o4v8_35,-1.600000023841858,-1.354588270187378,-1.4885799884796143,-1.0237573385238647,False,-1.4885799884796143
66,0.1,d6hH302o4v8_36,-2.200000047683716,-1.3757119178771973,-1.8703820705413818,-1.0295252799987793,False,-1.8703820705413818
66,0.1,d6hH302o4v8_37,-2.200000047683716,-1.373848557472229,-1.9056285619735718,-1.128857970237732,False,-1.9056285619735718
66,0.1,d6hH302o4v8_38,-3.0,-1.3915824890136719,-1.9551820755004883,-1.0631383657455444,False,-1.9551820755004883
66,0.1,d6hH302o4v8_39,-3.0,-1.4045675992965698,-1.956255555152893,-1.1360024213790894,False,-1.956255555152893
66,0.1,d6hH302o4v8_40,-1.0,0.8337377905845642,-0.443183958530426,0.008839971385896206,False,-0.443183958530426
66,0.1,d6hH302o4v8_41,-2.4000000953674316,-1.2866302728652954,-1.8095475435256958,-1.0200265645980835,False,-1.8095475435256958
66,0.1,d6hH302o4v8_42,-1.399999976158142,-1.3670265674591064,-1.9545040130615234,-0.7570422887802124,False,-1.9545040130615234
66,0.1,d6hH302o4v8_43,-2.5,-0.8565303087234497,-1.4072296619415283,-0.6171548366546631,False,-1.4072296619415283
66,0.1,dq3Nf_lMPnE_1,0.0,0.9580873847007751,0.9580873847007751,0.9690340161323547,False,0.9580873847007751
66,0.1,dq3Nf_lMPnE_2,-1.399999976158142,-1.4427690505981445,-1.2700035572052002,-0.900351881980896,False,-1.2700035572052002
66,0.1,dq3Nf_lMPnE_3,-1.2000000476837158,-1.5748103857040405,-1.8943778276443481,-1.0053943395614624,False,-1.8943778276443481
66,0.1,dq3Nf_lMPnE_4,-0.4000000059604645,0.08274492621421814,-0.35352781414985657,-0.1021951362490654,True,-0.1021951362490654
66,0.1,dq3Nf_lMPnE_5,1.2000000476837158,-1.3850419521331787,-1.6617554426193237,-0.6830888390541077,False,-1.6617554426193237
66,0.1,dq3Nf_lMPnE_6,0.800000011920929,-1.1339118480682373,-1.6330095529556274,-0.9291883111000061,False,-1.6330095529556274
66,0.1,dq3Nf_lMPnE_7,-2.0,-1.6126796007156372,-1.9923220872879028,-1.1226181983947754,False,-1.9923220872879028
66,0.1,dq3Nf_lMPnE_8,0.6000000238418579,0.599796712398529,-0.013323212042450905,0.13987885415554047,False,-0.013323212042450905
66,0.1,dq3Nf_lMPnE_9,-0.800000011920929,0.20183521509170532,-0.8094860911369324,-0.5280980467796326,True,-0.5280980467796326
66,0.1,dq3Nf_lMPnE_10,1.0,1.153659701347351,0.955578625202179,0.775971531867981,False,0.955578625202179
66,0.1,dq3Nf_lMPnE_11,-0.6000000238418579,-0.733782172203064,-0.7507677674293518,-0.4877220392227173,False,-0.7507677674293518
66,0.1,dq3Nf_lMPnE_12,-1.600000023841858,-1.7606573104858398,-2.046391248703003,-1.2099134922027588,False,-2.046391248703003
66,0.1,dq3Nf_lMPnE_13,-1.2000000476837158,-0.5746875405311584,-1.197750449180603,-0.7121436595916748,False,-1.197750449180603
66,0.1,dq3Nf_lMPnE_14,-1.7999999523162842,0.6473375558853149,-0.0293316300958395,-0.45809581875801086,False,-0.0293316300958395
66,0.1,dq3Nf_lMPnE_15,1.0,0.9366079568862915,0.7371881008148193,0.65412837266922,False,0.7371881008148193
66,0.1,k5Y_838nuGo_1,-1.600000023841858,-1.0386712551116943,-1.0386712551116943,-0.6932529807090759,False,-1.0386712551116943
66,0.1,k5Y_838nuGo_2,1.2000000476837158,-0.6048707962036133,-0.921917200088501,-0.6614426970481873,False,-0.921917200088501
66,0.1,k5Y_838nuGo_3,0.800000011920929,1.255582332611084,1.13292396068573,0.648522138595581,False,1.13292396068573
66,0.1,k5Y_838nuGo_4,1.0,1.1003808975219727,0.9515427350997925,0.856777012348175,False,0.9515427350997925
66,0.1,k5Y_838nuGo_5,-1.3333333730697632,-1.220373511314392,-1.1759861707687378,-0.8617964386940002,False,-1.1759861707687378
66,0.1,k5Y_838nuGo_6,2.0,1.4519543647766113,1.2063593864440918,0.3169233500957489,False,1.2063593864440918
66,0.1,k5Y_838nuGo_7,-2.4000000953674316,-1.065049171447754,-1.135030746459961,-0.8883001804351807,False,-1.135030746459961
66,0.1,k5Y_838nuGo_8,-1.399999976158142,-1.540266990661621,-1.799806833267212,-0.9588615298271179,False,-1.799806833267212
66,0.1,k5Y_838nuGo_9,1.7999999523162842,1.5474066734313965,1.2464094161987305,1.1899150609970093,False,1.2464094161987305
66,0.1,k5Y_838nuGo_10,2.0,1.2601313591003418,0.9877545237541199,0.9271191954612732,False,0.9877545237541199
66,0.1,k5Y_838nuGo_11,0.5,0.007373722270131111,0.5136509537696838,-0.1676194965839386,True,-0.1676194965839386
66,0.1,k5Y_838nuGo_12,0.20000000298023224,0.9634563326835632,0.8551071882247925,0.598017692565918,False,0.8551071882247925
66,0.1,k5Y_838nuGo_13,0.6000000238418579,1.2695069313049316,1.087855339050293,0.12679223716259003,False,1.087855339050293
66,0.1,k5Y_838nuGo_14,-1.7999999523162842,0.5312252640724182,1.017674446105957,0.021798687055706978,False,1.017674446105957
66,0.1,k5Y_838nuGo_15,-0.800000011920929,1.4094383716583252,1.1424369812011719,0.8582814931869507,False,1.1424369812011719
66,0.1,k5Y_838nuGo_16,0.25,-0.48367851972579956,-0.4274279773235321,-0.672851026058197,False,-0.4274279773235321
66,0.1,k5Y_838nuGo_17,0.800000011920929,0.7453620433807373,0.36835551261901855,-0.01572994887828827,False,0.36835551261901855
66,0.1,k5Y_838nuGo_18,0.4000000059604645,1.5200194120407104,1.2961238622665405,0.9065770506858826,False,1.2961238622665405
66,0.1,k5Y_838nuGo_19,-0.6000000238418579,0.5223264098167419,0.753739058971405,0.10974309593439102,False,0.753739058971405
66,0.1,k5Y_838nuGo_20,0.4000000059604645,-0.5082104802131653,-0.4702993929386139,-0.8629972338676453,False,-0.4702993929386139
66,0.1,k5Y_838nuGo_21,-0.20000000298023224,-1.5543674230575562,-1.814727783203125,-1.1332859992980957,False,-1.814727783203125
66,0.1,k5Y_838nuGo_22,0.4000000059604645,1.3923395872116089,1.100298285484314,0.4004269540309906,False,1.100298285484314
66,0.1,k5Y_838nuGo_23,-0.20000000298023224,1.1408369541168213,0.7129083871841431,-0.09109175950288773,False,0.7129083871841431
66,0.1,k5Y_838nuGo_24,0.6000000238418579,0.6093428134918213,0.561458170413971,-0.3520808219909668,False,0.561458170413971
66,0.1,k5Y_838nuGo_25,-0.20000000298023224,-0.5551948547363281,-0.6614310145378113,-0.6239637732505798,False,-0.6614310145378113
66,0.1,k5Y_838nuGo_26,2.0,1.4544856548309326,1.1121188402175903,0.8819363713264465,False,1.1121188402175903
66,0.1,k5Y_838nuGo_27,-0.800000011920929,-0.9471206665039062,-0.8827177286148071,-0.4859412610530853,False,-0.8827177286148071
66,0.1,k5Y_838nuGo_28,2.0,1.6282808780670166,1.4072465896606445,1.0397875308990479,False,1.4072465896606445
66,0.1,k5Y_838nuGo_29,-0.75,-1.0281012058258057,-0.7341176271438599,-0.4889995753765106,False,-0.7341176271438599
66,0.1,k5Y_838nuGo_30,1.600000023841858,1.498313307762146,1.33255136013031,0.5499216318130493,False,1.33255136013031
66,0.1,k5Y_838nuGo_31,-1.0,-0.7218810319900513,-0.5529318451881409,-0.6013193130493164,False,-0.5529318451881409
66,0.1,iiK8YX8oH1E_1,-2.5999999046325684,-1.2360585927963257,-1.2360585927963257,-0.7177795171737671,False,-1.2360585927963257
66,0.1,iiK8YX8oH1E_2,1.2000000476837158,1.1240507364273071,0.9828333258628845,0.9687628149986267,False,0.9828333258628845
66,0.1,iiK8YX8oH1E_3,-1.25,-0.17282162606716156,-0.37564918398857117,-0.3889029324054718,True,-0.3889029324054718
66,0.1,iiK8YX8oH1E_4,-2.0,-0.9543789625167847,-1.2539119720458984,-0.5559797883033752,False,-1.2539119720458984
66,0.1,iiK8YX8oH1E_5,-0.4000000059604645,-1.0427168607711792,-1.0419660806655884,-0.6842172145843506,False,-1.0419660806655884
66,0.1,iiK8YX8oH1E_6,0.20000000298023224,1.5478110313415527,1.2959058284759521,1.549994945526123,False,1.2959058284759521
66,0.1,iiK8YX8oH1E_7,-1.600000023841858,-0.3346955180168152,-0.4079551100730896,-0.3047652840614319,False,-0.4079551100730896
66,0.1,iiK8YX8oH1E_8,-1.0,1.0244019031524658,0.8738047480583191,0.8224334716796875,False,0.8738047480583191
66,0.1,iiK8YX8oH1E_9,0.4000000059604645,0.4833466112613678,0.3458373248577118,0.4237171411514282,False,0.3458373248577118
66,0.1,iiK8YX8oH1E_10,0.0,-1.2175766229629517,-1.3562978506088257,-0.7736772298812866,False,-1.3562978506088257
66,0.1,iiK8YX8oH1E_11,1.0,1.0449063777923584,0.811107337474823,0.8104619383811951,False,0.811107337474823
66,0.1,iiK8YX8oH1E_12,1.7999999523162842,1.7326794862747192,1.5725435018539429,1.9389894008636475,False,1.5725435018539429
66,0.1,iiK8YX8oH1E_13,-2.0,0.1485719531774521,0.25999578833580017,0.2587142586708069,True,0.2587142586708069
66,0.1,iiK8YX8oH1E_14,-1.2000000476837158,-1.2459133863449097,-1.1154440641403198,-0.6174459457397461,False,-1.1154440641403198
66,0.1,iiK8YX8oH1E_15,0.6000000238418579,0.883736789226532,-0.02738494612276554,0.5393509268760681,False,-0.02738494612276554
66,0.1,iiK8YX8oH1E_16,0.0,0.11013909429311752,-0.14765290915966034,0.11713894456624985,True,0.11713894456624985
66,0.1,iiK8YX8oH1E_17,1.600000023841858,1.7020792961120605,1.4606401920318604,1.9087773561477661,False,1.4606401920318604
66,0.1,iiK8YX8oH1E_18,-1.0,0.27678897976875305,0.3751821517944336,0.35231518745422363,False,0.3751821517944336
66,0.1,tStelxIAHjw_1,0.0,1.0029468536376953,1.0029468536376953,0.5652502179145813,False,1.0029468536376953
66,0.1,tStelxIAHjw_2,-2.0,-0.6083407402038574,-0.6412145495414734,-0.6670103073120117,False,-0.6412145495414734
66,0.1,tStelxIAHjw_3,0.5,0.6081109046936035,0.19870679080486298,0.013779520988464355,False,0.19870679080486298
66,0.1,tStelxIAHjw_4,-2.799999952316284,-1.0458002090454102,-1.0500504970550537,-0.7434014678001404,False,-1.0500504970550537
66,0.1,tStelxIAHjw_5,-2.200000047683716,-0.9885342121124268,-1.321307897567749,-0.8400008678436279,False,-1.321307897567749
66,0.1,tStelxIAHjw_6,1.600000023841858,1.4696260690689087,1.2210054397583008,1.1315510272979736,False,1.2210054397583008
66,0.1,tStelxIAHjw_7,1.399999976158142,1.4256616830825806,1.2965584993362427,0.9728325605392456,False,1.2965584993362427
66,0.1,tStelxIAHjw_8,-2.0,-1.0336203575134277,-0.9186609387397766,-0.7030223608016968,False,-0.9186609387397766
66,0.1,tStelxIAHjw_9,-1.399999976158142,-0.6171973943710327,-0.7823600172996521,-0.5563564896583557,False,-0.7823600172996521
66,0.1,tStelxIAHjw_10,-0.4000000059604645,-1.1746587753295898,-1.356380820274353,-0.936712920665741,False,-1.356380820274353
66,0.1,tStelxIAHjw_11,-2.799999952316284,-1.0557873249053955,-1.3608037233352661,-0.8830397129058838,False,-1.3608037233352661
66,0.1,tStelxIAHjw_12,-1.0,-0.5483971238136292,-0.7474064826965332,-0.4930599629878998,False,-0.7474064826965332
66,0.1,tStelxIAHjw_13,-1.600000023841858,-1.1287983655929565,-1.3930119276046753,-0.8453840613365173,False,-1.3930119276046753
66,0.1,tStelxIAHjw_14,-1.7999999523162842,-0.3614937663078308,-0.8116082549095154,-0.2839999198913574,False,-0.8116082549095154
66,0.1,tStelxIAHjw_15,0.4000000059604645,0.05112677067518234,-0.232794851064682,-0.2223169058561325,True,-0.2223169058561325
66,0.1,tStelxIAHjw_16,0.800000011920929,1.6155877113342285,1.4009183645248413,1.4505419731140137,False,1.4009183645248413
66,0.1,nbWiPyCm4g0_1,1.2000000476837158,1.563829779624939,1.563829779624939,1.6850180625915527,False,1.563829779624939
66,0.1,nbWiPyCm4g0_2,-2.4000000953674316,1.3447699546813965,1.3562527894973755,1.3214902877807617,False,1.3562527894973755
66,0.1,nbWiPyCm4g0_3,-1.7999999523162842,-1.569581151008606,-1.0455262660980225,-1.215458631515503,False,-1.0455262660980225
66,0.1,nbWiPyCm4g0_4,-2.200000047683716,-1.4389562606811523,-1.651926040649414,-1.1818134784698486,False,-1.651926040649414
66,0.1,nbWiPyCm4g0_5,-1.399999976158142,-0.8892536163330078,-1.4269083738327026,-0.6395436525344849,False,-1.4269083738327026
66,0.1,nbWiPyCm4g0_6,0.0,0.20243938267230988,-0.9071218371391296,-0.515021026134491,True,-0.515021026134491
66,0.1,nbWiPyCm4g0_7,-1.2000000476837158,-1.3535592555999756,-1.8432005643844604,-1.0886592864990234,False,-1.8432005643844604
66,0.1,nbWiPyCm4g0_8,-2.200000047683716,-0.8046975135803223,-1.513412594795227,-0.4071216285228729,False,-1.513412594795227
66,0.1,nbWiPyCm4g0_9,-1.399999976158142,-0.970808207988739,-1.4822334051132202,-0.8773597478866577,False,-1.4822334051132202
66,0.1,nbWiPyCm4g0_10,1.2000000476837158,1.4441437721252441,1.0928395986557007,0.6605151295661926,False,1.0928395986557007
66,0.1,etzxEpPuc6I_1,0.4000000059604645,-0.5435759425163269,-0.5435759425163269,0.29973480105400085,False,-0.5435759425163269
66,0.1,etzxEpPuc6I_2,1.2000000476837158,-0.6853112578392029,-0.9612541794776917,0.12719491124153137,False,-0.9612541794776917
66,0.1,etzxEpPuc6I_3,-1.600000023841858,-1.2964600324630737,-1.5805472135543823,-0.5926345586776733,False,-1.5805472135543823
66,0.1,etzxEpPuc6I_4,0.800000011920929,0.17542849481105804,-0.9326019287109375,0.07617036253213882,True,0.07617036253213882
66,0.1,etzxEpPuc6I_5,0.0,0.709694504737854,-0.4610254466533661,0.3624022305011749,False,-0.4610254466533661
66,0.1,etzxEpPuc6I_6,0.4000000059604645,0.7124366164207458,0.4097026586532593,0.1374223530292511,False,0.4097026586532593
66,0.1,etzxEpPuc6I_7,-1.2000000476837158,-1.5131821632385254,-1.323848843574524,-0.6161786317825317,False,-1.323848843574524
66,0.1,etzxEpPuc6I_8,-1.0,-0.6793832182884216,-1.0825560092926025,-0.4274073541164398,False,-1.0825560092926025
66,0.1,etzxEpPuc6I_9,-2.799999952316284,-1.2900416851043701,-1.7009164094924927,-0.6968581080436707,False,-1.7009164094924927
66,0.1,etzxEpPuc6I_10,-1.399999976158142,-1.2191566228866577,-1.6945347785949707,-0.6851615309715271,False,-1.6945347785949707
66,0.1,etzxEpPuc6I_11,-1.600000023841858,-1.2119425535202026,-1.6293696165084839,-0.6953161358833313,False,-1.6293696165084839
66,0.1,etzxEpPuc6I_12,0.6666666865348816,-0.8664329648017883,-1.321643590927124,-0.33577871322631836,False,-1.321643590927124
66,0.1,etzxEpPuc6I_13,-2.200000047683716,-1.325049877166748,-1.5774354934692383,-0.708535373210907,False,-1.5774354934692383
66,0.1,etzxEpPuc6I_14,-1.2000000476837158,-0.751422643661499,-1.259550929069519,-0.41704532504081726,False,-1.259550929069519
66,0.1,etzxEpPuc6I_15,0.20000000298023224,0.495699405670166,0.022435428574681282,0.4548144042491913,False,0.022435428574681282
66,0.1,etzxEpPuc6I_16,-2.4000000953674316,-1.5265830755233765,-1.6946682929992676,-0.9345715045928955,False,-1.6946682929992676
66,0.1,etzxEpPuc6I_17,-0.4000000059604645,0.22100979089736938,-0.21898424625396729,0.17806197702884674,True,0.17806197702884674
66,0.1,etzxEpPuc6I_18,1.399999976158142,1.5146769285202026,1.2339234352111816,1.256883978843689,False,1.2339234352111816
66,0.1,etzxEpPuc6I_19,-0.5,-0.9423924088478088,-0.5616540312767029,-0.09584351629018784,False,-0.5616540312767029
66,0.1,v0zCBqDeKcE_1,2.5999999046325684,0.8932779431343079,0.8932779431343079,1.0762819051742554,False,0.8932779431343079
66,0.1,v0zCBqDeKcE_2,-0.4000000059604645,1.2248717546463013,1.2045810222625732,1.0460668802261353,False,1.2045810222625732
66,0.1,v0zCBqDeKcE_3,0.6000000238418579,0.8088576197624207,0.7719837427139282,0.4230659008026123,False,0.7719837427139282
66,0.1,v0zCBqDeKcE_4,0.0,0.3114328980445862,0.8352529406547546,0.09635638445615768,False,0.8352529406547546
66,0.1,v0zCBqDeKcE_5,2.0,1.5354013442993164,1.435683012008667,1.6324667930603027,False,1.435683012008667
66,0.1,v0zCBqDeKcE_6,0.800000011920929,0.3276565968990326,0.9740397930145264,0.5090278387069702,False,0.9740397930145264
66,0.1,v0zCBqDeKcE_7,1.399999976158142,0.09849942475557327,0.2220643162727356,0.20706871151924133,True,0.20706871151924133
66,0.1,v0zCBqDeKcE_8,1.7999999523162842,1.006056785583496,0.8242654800415039,0.5828872323036194,False,0.8242654800415039
66,0.1,v0zCBqDeKcE_9,1.7999999523162842,0.2849113941192627,0.4890637993812561,0.1762140840291977,False,0.4890637993812561
66,0.1,v0zCBqDeKcE_10,2.200000047683716,1.6290795803070068,1.4581023454666138,1.6300404071807861,False,1.4581023454666138
66,0.1,v0zCBqDeKcE_11,1.600000023841858,0.8518279790878296,0.8428409695625305,0.5341123938560486,False,0.8428409695625305
66,0.1,v0zCBqDeKcE_12,-0.4000000059604645,-1.380418062210083,-1.2418667078018188,-0.6677991151809692,False,-1.2418667078018188
66,0.1,v0zCBqDeKcE_13,1.7999999523162842,0.7643493413925171,0.43805593252182007,0.5849440097808838,False,0.43805593252182007
66,0.1,v0zCBqDeKcE_14,1.5,1.0574023723602295,0.8183651566505432,0.3406684398651123,False,0.8183651566505432
66,0.1,v0zCBqDeKcE_15,2.4000000953674316,1.5893371105194092,1.2014871835708618,1.5499423742294312,False,1.2014871835708618
66,0.1,v0zCBqDeKcE_16,0.0,0.34837570786476135,0.09727374464273453,0.34048083424568176,False,0.09727374464273453
66,0.1,f_pcplsH_V0_1,0.25,1.4819122552871704,1.4819122552871704,1.6659162044525146,False,1.4819122552871704
66,0.1,f_pcplsH_V0_2,1.399999976158142,0.9718931913375854,1.0060105323791504,0.995282769203186,False,1.0060105323791504
66,0.1,f_pcplsH_V0_3,0.800000011920929,-0.4293869733810425,-0.3024873733520508,-0.1894066333770752,False,-0.3024873733520508
66,0.1,f_pcplsH_V0_4,0.5,0.039115652441978455,-0.12947538495063782,0.026541482657194138,True,0.026541482657194138
66,0.1,f_pcplsH_V0_5,1.2000000476837158,-0.9253585934638977,-1.1998558044433594,-0.6518262624740601,False,-1.1998558044433594
66,0.1,f_pcplsH_V0_6,1.600000023841858,1.0640239715576172,0.6928121447563171,0.10357537120580673,False,0.6928121447563171
66,0.1,f_pcplsH_V0_7,0.0,-1.0720211267471313,-1.1671472787857056,-0.8289823532104492,False,-1.1671472787857056
66,0.1,f_pcplsH_V0_8,0.800000011920929,1.498478651046753,1.2084133625030518,1.2676992416381836,False,1.2084133625030518
66,0.1,f_pcplsH_V0_9,-2.4000000953674316,-1.036895513534546,-0.9290417432785034,-0.5368444919586182,False,-0.9290417432785034
66,0.1,f_pcplsH_V0_10,1.2000000476837158,1.2064924240112305,0.9616726636886597,0.7098597288131714,False,0.9616726636886597
66,0.1,f_pcplsH_V0_11,-0.4000000059604645,-1.5139561891555786,-1.508001446723938,-1.1222825050354004,False,-1.508001446723938
66,0.1,f_pcplsH_V0_12,-0.800000011920929,-1.0505287647247314,-1.5120407342910767,-0.766273558139801,False,-1.5120407342910767
66,0.1,f_pcplsH_V0_13,1.600000023841858,1.2082056999206543,0.6167934536933899,0.691439688205719,False,0.6167934536933899
66,0.1,f_pcplsH_V0_14,-1.0,-1.1630887985229492,-1.3035638332366943,-0.5636264085769653,False,-1.3035638332366943
66,0.1,f_pcplsH_V0_15,-1.0,-1.6586015224456787,-2.063875913619995,-1.0158957242965698,False,-2.063875913619995
66,0.1,tIrG4oNLFzE_1,2.799999952316284,1.6273301839828491,1.6273301839828491,2.0268213748931885,False,1.6273301839828491
66,0.1,tIrG4oNLFzE_2,2.4000000953674316,1.5151513814926147,1.4867346286773682,1.8763525485992432,False,1.4867346286773682
66,0.1,tIrG4oNLFzE_3,2.5999999046325684,1.5766388177871704,1.5151612758636475,1.7439228296279907,False,1.5151612758636475
66,0.1,tIrG4oNLFzE_4,1.399999976158142,-1.2757363319396973,-0.8376627564430237,-0.45601531863212585,False,-0.8376627564430237
66,0.1,tIrG4oNLFzE_5,0.4000000059604645,-0.5926243662834167,-0.8063274025917053,-0.29064875841140747,False,-0.8063274025917053
66,0.1,tIrG4oNLFzE_6,1.25,0.513873815536499,-0.3851615786552429,0.24120783805847168,False,-0.3851615786552429
66,0.1,tIrG4oNLFzE_7,-1.399999976158142,-1.016814112663269,-1.3026319742202759,-0.5582165122032166,False,-1.3026319742202759
66,0.1,tIrG4oNLFzE_8,-1.2000000476837158,-1.292605996131897,-1.6003426313400269,-0.8377124667167664,False,-1.6003426313400269
66,0.1,tIrG4oNLFzE_9,-1.0,-1.2716130018234253,-1.711517572402954,-0.7224147915840149,False,-1.711517572402954
66,0.1,tIrG4oNLFzE_10,-1.7999999523162842,-1.1861828565597534,-1.6601732969284058,-0.703424334526062,False,-1.6601732969284058
66,0.1,tIrG4oNLFzE_11,-1.600000023841858,-0.15882110595703125,-0.7201830744743347,-0.03864622116088867,True,-0.03864622116088867
66,0.1,tIrG4oNLFzE_12,-2.5999999046325684,-1.6625102758407593,-1.9901820421218872,-1.0979992151260376,False,-1.9901820421218872
66,0.1,tIrG4oNLFzE_13,-2.0,-1.4716789722442627,-1.9197442531585693,-0.8903919458389282,False,-1.9197442531585693
66,0.1,tIrG4oNLFzE_14,-2.4000000953674316,-1.1285418272018433,-1.681172490119934,-0.6732069849967957,False,-1.681172490119934
66,0.1,tIrG4oNLFzE_15,-2.0,0.787098228931427,-0.5011890530586243,0.17502950131893158,False,-0.5011890530586243
66,0.1,tIrG4oNLFzE_16,-1.600000023841858,-0.845579981803894,-1.3244158029556274,-0.5832778215408325,False,-1.3244158029556274
66,0.1,tIrG4oNLFzE_17,-0.4000000059604645,0.23986558616161346,-0.24491828680038452,-0.2624909579753876,True,-0.2624909579753876
66,0.1,tIrG4oNLFzE_18,-2.200000047683716,-0.9037547707557678,-1.3278305530548096,-0.7103503346443176,False,-1.3278305530548096
66,0.1,cM3Yna7AavY_1,2.200000047683716,-1.1582659482955933,-1.1582659482955933,-0.4795370399951935,False,-1.1582659482955933
66,0.1,cM3Yna7AavY_2,2.5,1.0562635660171509,0.8143908977508545,0.9299061894416809,False,0.8143908977508545
66,0.1,cM3Yna7AavY_3,1.0,0.24125204980373383,0.21147635579109192,0.0687594935297966,True,0.0687594935297966
66,0.1,cM3Yna7AavY_4,0.6000000238418579,0.5753046870231628,0.4632289409637451,0.3320382237434387,False,0.4632289409637451
66,0.1,cM3Yna7AavY_5,2.799999952316284,1.6396534442901611,1.4686353206634521,1.8456323146820068,False,1.4686353206634521
66,0.1,cM3Yna7AavY_6,2.799999952316284,1.3100560903549194,1.2457464933395386,1.3871281147003174,False,1.2457464933395386
66,0.1,cM3Yna7AavY_7,3.0,0.2352975755929947,0.994461715221405,0.8041777014732361,True,0.8041777014732361
66,0.1,cM3Yna7AavY_8,-0.6000000238418579,-1.1139156818389893,-0.6430160999298096,-0.5472195148468018,False,-0.6430160999298096
66,0.1,cM3Yna7AavY_9,-0.20000000298023224,-1.5506128072738647,-1.6170158386230469,-1.0993425846099854,False,-1.6170158386230469
66,0.1,cM3Yna7AavY_10,1.600000023841858,1.5914323329925537,1.2864675521850586,1.160837173461914,False,1.2864675521850586
66,0.1,cM3Yna7AavY_11,2.0,1.4452658891677856,1.3279575109481812,1.3405410051345825,False,1.3279575109481812
66,0.1,cM3Yna7AavY_12,-1.0,-1.2436490058898926,-1.0010534524917603,-0.8848943710327148,False,-1.0010534524917603
66,0.1,cM3Yna7AavY_13,-1.600000023841858,-0.19715838134288788,-0.463930606842041,-0.5708730816841125,True,-0.5708730816841125
66,0.1,cM3Yna7AavY_14,-2.5999999046325684,-0.1889374554157257,-0.494284451007843,-0.15858590602874756,True,-0.15858590602874756
66,0.1,cM3Yna7AavY_15,-2.4000000953674316,-1.1961251497268677,-1.4906108379364014,-0.8420780897140503,False,-1.4906108379364014
66,0.1,cM3Yna7AavY_16,-2.799999952316284,-0.9878646731376648,-1.3793669939041138,-0.6410038471221924,False,-1.3793669939041138
66,0.1,lXPQBPVc5Cw_1,0.20000000298023224,0.6158532500267029,0.6158532500267029,0.9794367551803589,False,0.6158532500267029
66,0.1,lXPQBPVc5Cw_2,-2.200000047683716,-0.8301159143447876,-0.8808499574661255,-0.36273980140686035,False,-0.8808499574661255
66,0.1,lXPQBPVc5Cw_3,-2.4000000953674316,-1.4336029291152954,-1.5286691188812256,-0.9561145901679993,False,-1.5286691188812256
66,0.1,lXPQBPVc5Cw_4,-1.2000000476837158,-1.2390974760055542,-1.58407461643219,-0.8746094703674316,False,-1.58407461643219
66,0.1,lXPQBPVc5Cw_5,-1.0,-0.7900972962379456,-1.2824203968048096,-0.6188448071479797,False,-1.2824203968048096
66,0.1,lXPQBPVc5Cw_6,-1.399999976158142,-1.7784314155578613,-2.2058191299438477,-1.3125851154327393,False,-2.2058191299438477
66,0.1,lXPQBPVc5Cw_7,-2.799999952316284,0.19109749794006348,-1.0716278553009033,-0.4663461446762085,True,-0.4663461446762085
66,0.1,lXPQBPVc5Cw_8,2.5999999046325684,1.4492427110671997,0.9273411631584167,1.409543752670288,False,0.9273411631584167
66,0.1,lXPQBPVc5Cw_9,-2.5999999046325684,-1.287711501121521,-1.3090825080871582,-0.8549954295158386,False,-1.3090825080871582
66,0.1,lXPQBPVc5Cw_10,-2.200000047683716,-1.7109448909759521,-1.9775313138961792,-1.4075541496276855,False,-1.9775313138961792
66,0.1,lXPQBPVc5Cw_11,-1.7999999523162842,-1.2528226375579834,-1.8099089860916138,-1.0524709224700928,False,-1.8099089860916138
66,0.1,lXPQBPVc5Cw_12,-2.0,-1.4666355848312378,-1.8921608924865723,-1.1998155117034912,False,-1.8921608924865723
66,0.1,lXPQBPVc5Cw_13,2.799999952316284,1.2801883220672607,0.8513080477714539,1.1533010005950928,False,0.8513080477714539
66,0.1,lXPQBPVc5Cw_14,-2.200000047683716,-1.9457577466964722,-1.909141182899475,-1.3990092277526855,False,-1.909141182899475
66,0.1,lXPQBPVc5Cw_15,-2.799999952316284,-0.07148543000221252,-0.9593672156333923,-0.6724116206169128,True,-0.6724116206169128
66,0.1,lXPQBPVc5Cw_16,0.20000000298023224,-1.2034199237823486,-1.6381348371505737,-0.7325475811958313,False,-1.6381348371505737
66,0.1,lXPQBPVc5Cw_17,-1.7999999523162842,1.4069287776947021,1.0857008695602417,0.8723693490028381,False,1.0857008695602417
66,0.1,lXPQBPVc5Cw_18,-1.399999976158142,-1.1708407402038574,-1.1685421466827393,-0.8097185492515564,False,-1.1685421466827393
66,0.1,lXPQBPVc5Cw_19,-1.7999999523162842,-1.3247272968292236,-1.6466419696807861,-0.953506588935852,False,-1.6466419696807861
66,0.1,lXPQBPVc5Cw_20,-1.7999999523162842,-1.1163980960845947,-1.5708520412445068,-0.8070797324180603,False,-1.5708520412445068
66,0.1,lXPQBPVc5Cw_21,1.7999999523162842,0.47628286480903625,-0.7283859848976135,-0.16441749036312103,False,-0.7283859848976135
66,0.1,lXPQBPVc5Cw_22,2.5999999046325684,1.49943208694458,1.043723702430725,1.5035442113876343,False,1.043723702430725
66,0.1,lXPQBPVc5Cw_23,-2.4000000953674316,-1.184117078781128,-1.2404570579528809,-0.5541484951972961,False,-1.2404570579528809
66,0.1,lXPQBPVc5Cw_24,-1.399999976158142,-1.534050464630127,-1.9128003120422363,-0.9543430209159851,False,-1.9128003120422363
66,0.1,lXPQBPVc5Cw_25,-2.4000000953674316,-0.6114702224731445,-1.2177742719650269,-0.4420759379863739,False,-1.2177742719650269
66,0.1,lXPQBPVc5Cw_26,-2.799999952316284,-1.2026348114013672,-1.7066570520401,-0.9253273606300354,False,-1.7066570520401
66,0.1,lXPQBPVc5Cw_27,-2.799999952316284,-1.2914512157440186,-1.7341229915618896,-0.9166280627250671,False,-1.7341229915618896
66,0.1,lXPQBPVc5Cw_28,0.800000011920929,0.14962635934352875,-0.5151181817054749,-0.4371676743030548,True,-0.4371676743030548
66,0.1,lXPQBPVc5Cw_29,-1.2000000476837158,-1.4415545463562012,-1.7567639350891113,-1.0061302185058594,False,-1.7567639350891113
66,0.1,lXPQBPVc5Cw_30,-2.0,-1.1214957237243652,-1.6446561813354492,-0.8303170204162598,False,-1.6446561813354492
66,0.1,cXypl4FnoZo_1,1.0,-0.31055358052253723,-0.31055358052253723,-0.13270294666290283,False,-0.31055358052253723
66,0.1,cXypl4FnoZo_2,1.0,1.409867286682129,1.2571518421173096,1.042668342590332,False,1.2571518421173096
66,0.1,cXypl4FnoZo_3,1.7999999523162842,1.5343422889709473,1.42817223072052,1.2688729763031006,False,1.42817223072052
66,0.1,cXypl4FnoZo_4,-0.800000011920929,-0.7645698189735413,-0.5019397735595703,-0.5007666945457458,False,-0.5019397735595703
66,0.1,cXypl4FnoZo_5,1.7999999523162842,0.95921790599823,0.12469389289617538,-0.23542846739292145,False,0.12469389289617538
66,0.1,cXypl4FnoZo_6,-0.6000000238418579,0.8711269497871399,0.6923705339431763,0.1705441176891327,False,0.6923705339431763
66,0.1,cXypl4FnoZo_7,-1.0,-0.3629652261734009,-0.5341089367866516,-0.26681438088417053,False,-0.5341089367866516
66,0.1,cXypl4FnoZo_8,1.399999976158142,0.30576130747795105,-0.07035582512617111,-0.33828917145729065,False,-0.07035582512617111
66,0.1,cXypl4FnoZo_9,1.2000000476837158,0.9178519248962402,0.6181326508522034,0.08057240396738052,False,0.6181326508522034
66,0.1,cXypl4FnoZo_10,2.0,1.7074010372161865,1.4722623825073242,1.5536922216415405,False,1.4722623825073242
66,0.1,cXypl4FnoZo_11,1.399999976158142,1.0864403247833252,0.992600679397583,0.5848639011383057,False,0.992600679397583
66,0.1,cXypl4FnoZo_12,2.0,1.5178252458572388,1.4280445575714111,1.0540590286254883,False,1.4280445575714111
66,0.1,cXypl4FnoZo_13,-1.0,-1.3110144138336182,-1.2686885595321655,-0.7326041460037231,False,-1.2686885595321655
66,0.1,cXypl4FnoZo_14,-0.6000000238418579,0.134537935256958,-0.17575703561306,-0.03197906166315079,True,-0.03197906166315079
66,0.1,cXypl4FnoZo_15,0.0,-0.628608226776123,-0.8849916458129883,-0.4171159267425537,False,-0.8849916458129883
66,0.1,cXypl4FnoZo_16,-0.6000000238418579,-0.7655867338180542,-1.128998041152954,-0.570531964302063,False,-1.128998041152954
66,0.1,cXypl4FnoZo_17,-0.6000000238418579,-0.47603338956832886,-0.8543186187744141,-0.46884819865226746,False,-0.8543186187744141
66,0.1,cXypl4FnoZo_18,-0.25,-1.2697560787200928,-1.6129086017608643,-0.7923774719238281,False,-1.6129086017608643
66,0.1,cXypl4FnoZo_19,0.800000011920929,0.6112076044082642,0.0257111806422472,-0.13575296103954315,False,0.0257111806422472
66,0.1,cXypl4FnoZo_20,-1.0,-0.9652441740036011,-1.2827229499816895,-0.7770523428916931,False,-1.2827229499816895
66,0.1,cXypl4FnoZo_21,-0.6000000238418579,0.06506996601819992,-0.32185137271881104,-0.4873175024986267,True,-0.4873175024986267
66,0.1,cXypl4FnoZo_22,0.20000000298023224,0.6776455044746399,0.3363502025604248,0.06509684771299362,False,0.3363502025604248
66,0.1,cXypl4FnoZo_23,0.4000000059604645,0.9385101199150085,0.694244921207428,0.35911449790000916,False,0.694244921207428
66,0.1,cXypl4FnoZo_24,0.20000000298023224,0.30613812804222107,0.19958607852458954,0.04429234564304352,False,0.19958607852458954
66,0.1,cXypl4FnoZo_25,-1.2000000476837158,0.5216894745826721,0.010174768045544624,-0.1755020022392273,False,0.010174768045544624
66,0.1,cXypl4FnoZo_26,0.6000000238418579,0.691741406917572,0.18860667943954468,0.00014220364391803741,False,0.18860667943954468
66,0.1,cXypl4FnoZo_27,0.800000011920929,0.4068281054496765,0.13786056637763977,0.1577569544315338,False,0.13786056637763977
66,0.1,cXypl4FnoZo_28,-2.200000047683716,-0.7147323489189148,-0.8089390397071838,-0.6251281499862671,False,-0.8089390397071838
66,0.1,cXypl4FnoZo_29,-1.399999976158142,-0.6629305481910706,-0.9975159764289856,-0.5399417281150818,False,-0.9975159764289856
66,0.1,c7UH_rxdZv4_1,-2.799999952316284,-1.724534273147583,-1.724534273147583,-1.1184924840927124,False,-1.724534273147583
66,0.1,c7UH_rxdZv4_2,-2.5999999046325684,-1.5070722103118896,-1.8765476942062378,-1.2008473873138428,False,-1.8765476942062378
66,0.1,c7UH_rxdZv4_3,-0.800000011920929,-0.31369227170944214,-0.8415129780769348,-0.12079925090074539,False,-0.8415129780769348
66,0.1,c7UH_rxdZv4_4,1.600000023841858,0.2753830850124359,-0.4501173198223114,-0.047988735139369965,False,-0.4501173198223114
66,0.1,c7UH_rxdZv4_5,-2.200000047683716,-0.7659021019935608,-1.0789576768875122,-0.5954918265342712,False,-1.0789576768875122
66,0.1,c7UH_rxdZv4_6,-2.5999999046325684,-1.4630972146987915,-1.642552137374878,-1.0345431566238403,False,-1.642552137374878
66,0.1,c7UH_rxdZv4_7,-3.0,-1.4735581874847412,-1.878476619720459,-1.1185309886932373,False,-1.878476619720459
66,0.1,c7UH_rxdZv4_8,-2.799999952316284,-1.461287021636963,-1.9005622863769531,-1.0676242113113403,False,-1.9005622863769531
66,0.1,c7UH_rxdZv4_9,-0.4000000059604645,0.4678710103034973,-0.16354487836360931,0.22667822241783142,False,-0.16354487836360931
66,0.1,c7UH_rxdZv4_10,0.800000011920929,-0.6042083501815796,-1.0051321983337402,-0.14037801325321198,False,-1.0051321983337402
66,0.1,c7UH_rxdZv4_11,1.0,-0.24519822001457214,-1.0511122941970825,-0.5273481011390686,True,-0.5273481011390686
66,0.1,c7UH_rxdZv4_12,-2.799999952316284,-1.6517934799194336,-1.943758487701416,-1.1938445568084717,False,-1.943758487701416
66,0.1,c7UH_rxdZv4_13,-2.5999999046325684,-1.448117733001709,-1.9068220853805542,-0.9348021149635315,False,-1.9068220853805542
66,0.1,c7UH_rxdZv4_14,1.2000000476837158,1.3473931550979614,1.0193244218826294,0.6341292262077332,False,1.0193244218826294
66,0.1,c7UH_rxdZv4_15,-2.4000000953674316,-1.5976816415786743,-1.4928529262542725,-1.1355186700820923,False,-1.4928529262542725
66,0.1,c7UH_rxdZv4_16,-2.0,-1.1363613605499268,-1.522746205329895,-0.8619714379310608,False,-1.522746205329895
66,0.1,c7UH_rxdZv4_17,-1.399999976158142,1.2426376342773438,0.9127722978591919,0.8650524616241455,False,0.9127722978591919
66,0.1,c7UH_rxdZv4_18,-2.25,-1.5275250673294067,-1.5206823348999023,-0.9429745078086853,False,-1.5206823348999023
66,0.1,c7UH_rxdZv4_19,-1.7999999523162842,-1.5426230430603027,-1.8586643934249878,-1.1278584003448486,False,-1.8586643934249878
66,0.1,c7UH_rxdZv4_20,-1.7999999523162842,-1.1398069858551025,-1.5631710290908813,-0.7793269753456116,False,-1.5631710290908813
66,0.1,c7UH_rxdZv4_21,-0.800000011920929,0.5275737643241882,-0.04880077391862869,0.11985159665346146,False,-0.04880077391862869
66,0.1,c7UH_rxdZv4_22,-2.4000000953674316,-1.2320713996887207,-1.4542427062988281,-0.7262106537818909,False,-1.4542427062988281
66,0.1,c7UH_rxdZv4_23,-0.6000000238418579,-1.4855705499649048,-1.7745065689086914,-1.019931435585022,False,-1.7745065689086914
66,0.1,c7UH_rxdZv4_24,-1.7999999523162842,-0.846652626991272,-1.2679641246795654,-0.6091335415840149,False,-1.2679641246795654
66,0.1,c7UH_rxdZv4_25,0.0,1.2344354391098022,0.5283632278442383,0.640372633934021,False,0.5283632278442383
66,0.1,c7UH_rxdZv4_26,-2.5999999046325684,-0.4862406551837921,-0.7157673239707947,-0.6844536662101746,False,-0.7157673239707947
66,0.1,c7UH_rxdZv4_27,-1.7999999523162842,-0.7355300784111023,-1.1329379081726074,-0.33402639627456665,False,-1.1329379081726074
66,0.1,c7UH_rxdZv4_28,-0.800000011920929,-1.0380854606628418,-1.3205645084381104,-0.8673327565193176,False,-1.3205645084381104
66,0.1,c7UH_rxdZv4_29,0.6000000238418579,1.062039852142334,0.8172642588615417,0.7347248792648315,False,0.8172642588615417
66,0.1,c7UH_rxdZv4_30,1.2000000476837158,0.6765013337135315,0.5639878511428833,-0.04361114650964737,False,0.5639878511428833
66,0.1,c7UH_rxdZv4_31,-1.399999976158142,-0.27123144268989563,-0.42067116498947144,-0.1376265436410904,False,-0.42067116498947144
66,0.1,c7UH_rxdZv4_32,-2.200000047683716,0.04708245396614075,0.30005109310150146,-0.25430476665496826,True,-0.25430476665496826
66,0.1,c7UH_rxdZv4_33,-1.7999999523162842,-0.9972943663597107,-0.9384056925773621,-0.6720837950706482,False,-0.9384056925773621
66,0.2,f9O3YtZ2VfI_1,-1.2000000476837158,-1.6125158071517944,-1.6125158071517944,-1.3817873001098633,False,-1.6125158071517944
66,0.2,f9O3YtZ2VfI_2,1.25,1.6319775581359863,1.5506662130355835,1.7861679792404175,False,1.5506662130355835
66,0.2,f9O3YtZ2VfI_3,0.6000000238418579,0.16744984686374664,0.6645407676696777,0.38660237193107605,True,0.38660237193107605
66,0.2,f9O3YtZ2VfI_4,-2.4000000953674316,-1.920998454093933,-1.6497461795806885,-1.5544971227645874,False,-1.6497461795806885
66,0.2,f9O3YtZ2VfI_5,-1.7999999523162842,-0.8807099461555481,-1.238271713256836,-1.255882740020752,False,-1.238271713256836
66,0.2,f9O3YtZ2VfI_6,-2.5999999046325684,0.46868082880973816,-0.7742397785186768,-0.7452265620231628,False,-0.7742397785186768
66,0.2,f9O3YtZ2VfI_7,-1.2000000476837158,-0.7408496141433716,-1.1755998134613037,-1.4706026315689087,False,-1.1755998134613037
66,0.2,f9O3YtZ2VfI_8,-1.7999999523162842,-0.6007246375083923,-0.9578177332878113,-0.6416536569595337,False,-0.9578177332878113
66,0.2,f9O3YtZ2VfI_9,-2.200000047683716,-1.1471506357192993,-1.3813117742538452,-1.499062180519104,False,-1.3813117742538452
66,0.2,f9O3YtZ2VfI_10,-2.0,-0.5344154834747314,-0.8781529664993286,-1.5161091089248657,False,-0.8781529664993286
66,0.2,f9O3YtZ2VfI_11,-0.800000011920929,0.9446133971214294,-0.3312562108039856,-0.7198284268379211,False,-0.3312562108039856
66,0.2,f9O3YtZ2VfI_12,-1.7999999523162842,0.7999376058578491,-0.3505170941352844,-0.2957926392555237,False,-0.3505170941352844
66,0.2,f9O3YtZ2VfI_13,-1.600000023841858,0.42502737045288086,-0.7492468357086182,-0.5912785530090332,False,-0.7492468357086182
66,0.2,f9O3YtZ2VfI_14,1.2000000476837158,1.432638168334961,1.1874080896377563,1.1644502878189087,False,1.1874080896377563
66,0.2,f9O3YtZ2VfI_15,-1.2000000476837158,-1.2118420600891113,-1.0850576162338257,-1.3911051750183105,False,-1.0850576162338257
66,0.2,f9O3YtZ2VfI_16,-1.0,1.1403977870941162,0.7736676335334778,1.7742133140563965,False,0.7736676335334778
66,0.2,f9O3YtZ2VfI_17,-2.0,-1.0005834102630615,-0.9387099742889404,-0.4811364412307739,False,-0.9387099742889404
66,0.2,f9O3YtZ2VfI_18,-1.0,-0.8624905347824097,-1.0904912948608398,-1.0321651697158813,False,-1.0904912948608398
66,0.2,f9O3YtZ2VfI_19,-0.6000000238418579,0.20651882886886597,-0.09708646684885025,-0.19391629099845886,True,-0.19391629099845886
66,0.2,f9O3YtZ2VfI_20,-0.4000000059604645,-0.666045606136322,-0.5532577037811279,-1.1696866750717163,False,-0.5532577037811279
66,0.2,f9O3YtZ2VfI_21,2.0,1.5860872268676758,1.4686877727508545,1.6629772186279297,False,1.4686877727508545
66,0.2,f9O3YtZ2VfI_22,1.399999976158142,1.5739014148712158,1.4742006063461304,1.8363077640533447,False,1.4742006063461304
66,0.2,f9O3YtZ2VfI_23,1.600000023841858,1.546097993850708,1.4845125675201416,1.708328127861023,False,1.4845125675201416
66,0.2,f9O3YtZ2VfI_24,-2.5999999046325684,-0.9865877032279968,-0.5923941135406494,-0.7457800507545471,False,-0.5923941135406494
66,0.2,f9O3YtZ2VfI_25,-1.399999976158142,-1.0166046619415283,-1.16585111618042,-1.5279250144958496,False,-1.16585111618042
66,0.2,f9O3YtZ2VfI_26,1.399999976158142,1.5267345905303955,1.3591946363449097,1.439536690711975,False,1.3591946363449097
66,0.2,f9O3YtZ2VfI_27,1.600000023841858,1.7032328844070435,1.595207929611206,1.9341843128204346,False,1.595207929611206
66,0.2,f9O3YtZ2VfI_28,1.2000000476837158,1.2840512990951538,1.129038691520691,1.94037663936615,False,1.129038691520691
66,0.2,f9O3YtZ2VfI_29,-2.0,0.22111789882183075,0.3277497887611389,-0.1677629053592682,True,-0.1677629053592682
66,0.2,f9O3YtZ2VfI_30,-1.0,-1.497178316116333,-1.3496328592300415,-0.9698441028594971,False,-1.3496328592300415
66,0.2,wMbj6ajWbic_1,0.5,0.7797458171844482,0.7797458171844482,1.4415721893310547,False,0.7797458171844482
66,0.2,wMbj6ajWbic_2,-0.800000011920929,-1.3481738567352295,-1.3294751644134521,-0.952667772769928,False,-1.3294751644134521
66,0.2,wMbj6ajWbic_3,0.0,-0.04939953237771988,-0.4038480818271637,-0.4378259778022766,True,-0.4378259778022766
66,0.2,wMbj6ajWbic_4,1.0,-1.1705213785171509,-1.5448246002197266,-1.6427801847457886,False,-1.5448246002197266
66,0.2,wMbj6ajWbic_5,0.20000000298023224,1.566623568534851,1.109911322593689,1.926184058189392,False,1.109911322593689
66,0.2,wMbj6ajWbic_6,1.7999999523162842,-0.3408771753311157,-0.2143458127975464,-0.265339195728302,False,-0.2143458127975464
66,0.2,wMbj6ajWbic_7,-1.2000000476837158,-1.5578787326812744,-1.5627769231796265,-1.653038501739502,False,-1.5627769231796265
66,0.2,wMbj6ajWbic_8,-0.20000000298023224,0.27261748909950256,-0.4260425567626953,0.34081798791885376,False,-0.4260425567626953
66,0.2,wMbj6ajWbic_9,-2.0,-1.5496255159378052,-1.7699100971221924,-1.7609045505523682,False,-1.7699100971221924
66,0.2,wMbj6ajWbic_10,-1.7999999523162842,-0.021690821275115013,-0.7783046364784241,-0.3463096618652344,True,-0.3463096618652344
66,0.2,wMbj6ajWbic_11,0.4000000059604645,0.6447457671165466,-0.11161814630031586,-0.33477410674095154,False,-0.11161814630031586
66,0.2,wMbj6ajWbic_12,1.600000023841858,1.471818447113037,1.296798825263977,1.1631202697753906,False,1.296798825263977
66,0.2,wMbj6ajWbic_13,2.0,1.598806619644165,1.4902719259262085,1.6418496370315552,False,1.4902719259262085
66,0.2,wMbj6ajWbic_14,-0.800000011920929,-1.0792548656463623,-0.7214027047157288,-1.3754291534423828,False,-0.7214027047157288
66,0.2,wMbj6ajWbic_15,2.0,-0.693416953086853,-1.0498144626617432,-0.6956092119216919,False,-1.0498144626617432
66,0.2,wMbj6ajWbic_16,-0.4000000059604645,0.14226514101028442,-0.8456950783729553,-0.5315777659416199,True,-0.5315777659416199
66,0.2,wMbj6ajWbic_17,2.0,1.2874255180358887,0.934300422668457,1.1801772117614746,False,0.934300422668457
66,0.2,wMbj6ajWbic_18,-1.0,0.6192939877510071,0.14562378823757172,1.1663731336593628,False,0.14562378823757172
66,0.2,wMbj6ajWbic_19,-0.6000000238418579,0.04462132602930069,-0.5109436511993408,0.6640363335609436,True,0.6640363335609436
66,0.2,wMbj6ajWbic_20,-0.4000000059604645,0.9323121905326843,0.665348470211029,1.192878007888794,False,0.665348470211029
66,0.2,wMbj6ajWbic_21,1.600000023841858,1.5216646194458008,1.3369141817092896,1.6511170864105225,False,1.3369141817092896
66,0.2,wMbj6ajWbic_22,1.399999976158142,1.3868865966796875,1.2625432014465332,1.590061068534851,False,1.2625432014465332
66,0.2,wMbj6ajWbic_23,1.7999999523162842,1.57566499710083,1.483545184135437,1.7447614669799805,False,1.483545184135437
66,0.2,wMbj6ajWbic_24,1.399999976158142,1.498931646347046,1.4187679290771484,1.6663990020751953,False,1.4187679290771484
66,0.2,wMbj6ajWbic_25,2.0,1.4243348836898804,1.3688709735870361,1.414849877357483,False,1.3688709735870361
66,0.2,wMbj6ajWbic_26,1.7999999523162842,1.5449553728103638,1.46409273147583,1.7122632265090942,False,1.46409273147583
66,0.2,wMbj6ajWbic_27,0.0,0.4116990566253662,0.9890598654747009,0.6920867562294006,False,0.9890598654747009
66,0.2,wMbj6ajWbic_28,2.4000000953674316,1.712332010269165,1.607765555381775,1.8866674900054932,False,1.607765555381775
66,0.2,wMbj6ajWbic_29,1.7999999523162842,0.4172493517398834,0.9322842359542847,0.5632258653640747,False,0.9322842359542847
66,0.2,wMbj6ajWbic_30,0.800000011920929,1.623370885848999,1.532468557357788,1.755251169204712,False,1.532468557357788
66,0.2,vvZ4IcEtiZc_1,2.0,1.7668111324310303,1.7668111324310303,2.490908622741699,False,1.7668111324310303
66,0.2,vvZ4IcEtiZc_2,2.4000000953674316,1.1879935264587402,1.499308466911316,0.9975736141204834,False,1.499308466911316
66,0.2,vvZ4IcEtiZc_3,1.399999976158142,-0.8432893753051758,-0.36143288016319275,-0.7784724831581116,False,-0.36143288016319275
66,0.2,vvZ4IcEtiZc_4,2.200000047683716,1.5775270462036133,1.3850654363632202,1.7085226774215698,False,1.3850654363632202
66,0.2,vvZ4IcEtiZc_5,1.2000000476837158,1.787904977798462,1.6621023416519165,2.0787837505340576,False,1.6621023416519165
66,0.2,vvZ4IcEtiZc_6,1.0,1.511013150215149,1.4541186094284058,1.7767921686172485,False,1.4541186094284058
66,0.2,vvZ4IcEtiZc_7,1.399999976158142,-0.11277279257774353,0.07136492431163788,1.2045820951461792,True,1.2045820951461792
66,0.2,vvZ4IcEtiZc_8,-1.5,-0.5227986574172974,-0.5119509100914001,-1.0041019916534424,False,-0.5119509100914001
66,0.2,vvZ4IcEtiZc_9,2.200000047683716,1.6026657819747925,1.3901890516281128,1.7647510766983032,False,1.3901890516281128
66,0.2,vvZ4IcEtiZc_10,-2.0,0.840661883354187,0.9890906810760498,1.040346622467041,False,0.9890906810760498
66,0.2,vvZ4IcEtiZc_11,1.600000023841858,-0.04581989347934723,0.12524095177650452,0.37903761863708496,True,0.37903761863708496
66,0.2,vvZ4IcEtiZc_12,0.20000000298023224,0.7733531594276428,0.7298409342765808,0.6105315089225769,False,0.7298409342765808
66,0.2,d3_k5Xpfmik_1,2.0,1.6458483934402466,1.6458483934402466,1.946305751800537,False,1.6458483934402466
66,0.2,d3_k5Xpfmik_2,0.0,0.29932138323783875,0.40908217430114746,-0.1349640041589737,False,0.40908217430114746
66,0.2,d3_k5Xpfmik_3,2.0,1.6487326622009277,1.5379877090454102,1.8259632587432861,False,1.5379877090454102
66,0.2,d3_k5Xpfmik_4,-1.0,-0.5223653316497803,-0.18418706953525543,-1.1239041090011597,False,-0.18418706953525543
66,0.2,d3_k5Xpfmik_5,2.200000047683716,1.7285716533660889,1.6121221780776978,1.782806396484375,False,1.6121221780776978
66,0.2,d3_k5Xpfmik_6,1.600000023841858,1.606406569480896,1.5283724069595337,1.7665765285491943,False,1.5283724069595337
66,0.2,d3_k5Xpfmik_7,0.4000000059604645,-0.7191031575202942,-0.5565657019615173,0.08386318385601044,False,-0.5565657019615173
66,0.2,d3_k5Xpfmik_8,2.200000047683716,1.7247051000595093,1.5274746417999268,1.8564131259918213,False,1.5274746417999268
66,0.2,d3_k5Xpfmik_9,1.399999976158142,0.7777711153030396,0.7966545224189758,0.7122212052345276,False,0.7966545224189758
66,0.2,d3_k5Xpfmik_10,0.4000000059604645,0.6760826110839844,0.5927314162254333,1.2490793466567993,False,0.5927314162254333
66,0.2,d3_k5Xpfmik_11,2.4000000953674316,0.8005474805831909,0.7868525385856628,0.5529658794403076,False,0.7868525385856628
66,0.2,d3_k5Xpfmik_12,2.0,1.5740115642547607,1.4477618932724,1.672234058380127,False,1.4477618932724
66,0.2,d3_k5Xpfmik_13,2.200000047683716,1.7197630405426025,1.603094458580017,1.8091920614242554,False,1.603094458580017
66,0.2,d3_k5Xpfmik_14,2.0,-0.2035098522901535,0.055983953177928925,0.48752662539482117,True,0.48752662539482117
66,0.2,d3_k5Xpfmik_15,2.5999999046325684,0.550686240196228,0.19300466775894165,-0.19854357838630676,False,0.19300466775894165
66,0.2,d3_k5Xpfmik_16,2.0,1.775095820426941,1.5999568700790405,1.9089850187301636,False,1.5999568700790405
66,0.2,d3_k5Xpfmik_17,1.600000023841858,0.19197575747966766,0.3392048180103302,0.24688731133937836,True,0.24688731133937836
66,0.2,d3_k5Xpfmik_18,0.800000011920929,0.30491524934768677,-0.09823931008577347,-0.15604467689990997,False,-0.09823931008577347
66,0.2,d3_k5Xpfmik_19,0.20000000298023224,1.0359022617340088,0.8844007849693298,1.0755056142807007,False,0.8844007849693298
66,0.2,vyB00TXsimI_1,0.0,0.2729102671146393,0.2729102671146393,0.17454451322555542,False,0.2729102671146393
66,0.2,vyB00TXsimI_2,-2.4000000953674316,0.3338008224964142,0.3033694922924042,0.2835823893547058,False,0.3033694922924042
66,0.2,vyB00TXsimI_3,2.200000047683716,1.6577576398849487,1.5606756210327148,1.8461718559265137,False,1.5606756210327148
66,0.2,vyB00TXsimI_4,1.7999999523162842,1.7334203720092773,1.639728307723999,1.924506425857544,False,1.639728307723999
66,0.2,vyB00TXsimI_5,1.7999999523162842,1.6188273429870605,1.551455020904541,1.8322833776474,False,1.551455020904541
66,0.2,vyB00TXsimI_6,2.0,1.0368703603744507,1.0628459453582764,1.4506689310073853,False,1.0628459453582764
66,0.2,vyB00TXsimI_7,2.4000000953674316,1.3669239282608032,1.215942621231079,1.5862010717391968,False,1.215942621231079
66,0.2,vyB00TXsimI_8,2.5999999046325684,1.6211626529693604,1.5266954898834229,1.7605928182601929,False,1.5266954898834229
66,0.2,vyB00TXsimI_9,-0.25,-0.4797353744506836,-0.23592805862426758,-0.3401016891002655,False,-0.23592805862426758
66,0.2,vyB00TXsimI_10,1.3333333730697632,1.2084869146347046,0.8427468538284302,1.5300111770629883,False,0.8427468538284302
66,0.2,vyB00TXsimI_11,-0.20000000298023224,0.8203150033950806,0.7924033999443054,-0.4734738767147064,False,0.7924033999443054
66,0.2,vyB00TXsimI_12,0.20000000298023224,0.4348823130130768,0.4857467710971832,0.501682698726654,False,0.4857467710971832
66,0.2,vyB00TXsimI_13,2.4000000953674316,0.13743603229522705,0.1682354062795639,-0.23278051614761353,True,-0.23278051614761353
66,0.2,vyB00TXsimI_14,2.0,1.3622184991836548,1.144646406173706,1.419060230255127,False,1.144646406173706
66,0.2,vyB00TXsimI_15,2.5999999046325684,0.647922158241272,0.582328200340271,1.0852490663528442,False,0.582328200340271
66,0.2,vyB00TXsimI_16,0.4000000059604645,0.43693944811820984,0.4024687111377716,0.6277680397033691,False,0.4024687111377716
66,0.2,vyB00TXsimI_17,1.399999976158142,1.4820821285247803,1.2709088325500488,1.3988423347473145,False,1.2709088325500488
66,0.2,vyB00TXsimI_18,2.4000000953674316,1.4932148456573486,1.2992565631866455,1.6202597618103027,False,1.2992565631866455
66,0.2,vyB00TXsimI_19,1.2000000476837158,0.5401617884635925,0.9900192022323608,0.7125328779220581,False,0.9900192022323608
66,0.2,vyB00TXsimI_20,2.200000047683716,0.8824081420898438,1.0294344425201416,1.4172078371047974,False,1.0294344425201416
66,0.2,vyB00TXsimI_21,1.2000000476837158,0.5237676501274109,0.9716964364051819,0.8344005346298218,False,0.9716964364051819
66,0.2,vyB00TXsimI_22,0.6000000238418579,-0.9169430732727051,-0.653633713722229,0.25070512294769287,False,-0.653633713722229
66,0.2,fvVhgmXxadc_1,-0.4000000059604645,1.5480515956878662,1.5480515956878662,1.919116735458374,False,1.5480515956878662
66,0.2,fvVhgmXxadc_2,-2.799999952316284,-1.439947485923767,-1.128082513809204,-1.551098108291626,False,-1.128082513809204
66,0.2,fvVhgmXxadc_3,-2.200000047683716,-1.2622032165527344,-1.5705286264419556,-1.5309455394744873,False,-1.5705286264419556
66,0.2,fvVhgmXxadc_4,-2.799999952316284,-0.08833124488592148,-1.018509030342102,-0.8202446103096008,True,-0.8202446103096008
66,0.2,fvVhgmXxadc_5,0.0,-0.8752816319465637,-1.3493671417236328,-1.2695906162261963,False,-1.3493671417236328
66,0.2,fvVhgmXxadc_6,-0.20000000298023224,-1.1701436042785645,-1.6899961233139038,-1.6207932233810425,False,-1.6899961233139038
66,0.2,fvVhgmXxadc_7,-1.0,0.7003714442253113,-0.8245523571968079,-0.2663848400115967,False,-0.8245523571968079
66,0.2,fvVhgmXxadc_8,-0.5,-0.9655550122261047,-1.455937147140503,-1.5386120080947876,False,-1.455937147140503
66,0.2,fvVhgmXxadc_9,-0.4000000059604645,0.18334144353866577,-0.8590099215507507,-0.766799807548523,True,-0.766799807548523
66,0.2,fvVhgmXxadc_10,0.0,-0.4504881203174591,-0.9328714609146118,-0.9594035744667053,False,-0.9328714609146118
66,0.2,fvVhgmXxadc_11,-0.20000000298023224,0.32327139377593994,-0.17680098116397858,-0.199829563498497,False,-0.17680098116397858
66,0.2,fvVhgmXxadc_12,0.0,0.11559519916772842,-0.5448533296585083,0.26922306418418884,True,0.26922306418418884
66,0.2,fvVhgmXxadc_13,0.20000000298023224,-0.5660180449485779,-0.9811748266220093,-1.166880488395691,False,-0.9811748266220093
66,0.2,fvVhgmXxadc_14,0.0,-0.4955706000328064,-1.1099132299423218,-0.048828888684511185,False,-1.1099132299423218
66,0.2,ob23OKe5a9Q_1,1.2000000476837158,1.6233913898468018,1.6233913898468018,1.9370490312576294,False,1.6233913898468018
66,0.2,ob23OKe5a9Q_2,1.0,0.5978819131851196,0.6472399830818176,0.8416633605957031,False,0.6472399830818176
66,0.2,ob23OKe5a9Q_3,-1.2000000476837158,-1.500726342201233,-1.351796269416809,-1.0834881067276,False,-1.351796269416809
66,0.2,ob23OKe5a9Q_4,-1.5,-0.872897744178772,-1.143781065940857,-1.3928550481796265,False,-1.143781065940857
66,0.2,ob23OKe5a9Q_5,-1.7999999523162842,-1.607832908630371,-1.8449488878250122,-1.8002595901489258,False,-1.8449488878250122
66,0.2,ob23OKe5a9Q_6,0.0,-1.3911131620407104,-1.835446834564209,-1.7345634698867798,False,-1.835446834564209
66,0.2,ob23OKe5a9Q_7,0.6000000238418579,0.46784737706184387,-1.0126911401748657,-0.36001238226890564,False,-1.0126911401748657
66,0.2,ob23OKe5a9Q_8,0.6000000238418579,1.5499781370162964,1.163589596748352,1.4689409732818604,False,1.163589596748352
66,0.2,ob23OKe5a9Q_9,-1.399999976158142,-1.541147232055664,-1.2971211671829224,-1.6291933059692383,False,-1.2971211671829224
66,0.2,ob23OKe5a9Q_10,1.25,1.774503469467163,1.6300835609436035,1.9559518098831177,False,1.6300835609436035
66,0.2,ob23OKe5a9Q_11,0.800000011920929,1.565293788909912,1.4648163318634033,1.7735521793365479,False,1.4648163318634033
66,0.2,ob23OKe5a9Q_12,2.799999952316284,0.3176238238811493,0.7413148283958435,0.6583260297775269,False,0.7413148283958435
66,0.2,ob23OKe5a9Q_13,1.25,-1.0901758670806885,-0.8813812732696533,-0.4741132855415344,False,-0.8813812732696533
66,0.2,ob23OKe5a9Q_14,0.800000011920929,1.4671969413757324,1.2416716814041138,1.5035960674285889,False,1.2416716814041138
66,0.2,zhpQhgha_KU_1,-1.600000023841858,-1.7028661966323853,-1.7028661966323853,-1.7811187505722046,False,-1.7028661966323853
66,0.2,zhpQhgha_KU_2,1.600000023841858,1.704188585281372,1.5950188636779785,1.8389705419540405,False,1.5950188636779785
66,0.2,zhpQhgha_KU_3,-1.600000023841858,-1.434321641921997,-1.2949961423873901,-1.532191514968872,False,-1.2949961423873901
66,0.2,zhpQhgha_KU_4,-1.600000023841858,-0.020823080092668533,-0.94780033826828,-0.7177407741546631,True,-0.7177407741546631
66,0.2,zhpQhgha_KU_5,-2.200000047683716,0.6656345129013062,-0.41128647327423096,-0.6048110723495483,False,-0.41128647327423096
66,0.2,zhpQhgha_KU_6,1.0,1.333173394203186,0.9473356008529663,1.7368770837783813,False,0.9473356008529663
66,0.2,zhpQhgha_KU_7,1.0,0.7778822779655457,0.7381716370582581,0.5073839426040649,False,0.7381716370582581
66,0.2,zhpQhgha_KU_8,-1.0,0.23437091708183289,0.2900722026824951,-0.03560272231698036,True,-0.03560272231698036
66,0.2,zhpQhgha_KU_9,-1.0,-1.081870436668396,-1.099547028541565,-1.3623672723770142,False,-1.099547028541565
66,0.2,zhpQhgha_KU_10,0.6000000238418579,0.6593508124351501,0.3918159008026123,0.8953517079353333,False,0.3918159008026123
66,0.2,zhpQhgha_KU_11,-2.4000000953674316,-1.5789209604263306,-1.7016825675964355,-1.7319566011428833,False,-1.7016825675964355
66,0.2,zhpQhgha_KU_12,-1.399999976158142,-1.3243317604064941,-1.7132205963134766,-1.6339689493179321,False,-1.7132205963134766
66,0.2,zhpQhgha_KU_13,-1.0,-0.843538224697113,-1.2768514156341553,-1.4934499263763428,False,-1.2768514156341553
66,0.2,zhpQhgha_KU_14,-1.5,-1.550689935684204,-1.687954306602478,-1.3839826583862305,False,-1.687954306602478
66,0.2,zhpQhgha_KU_15,-2.0,-1.2688367366790771,-1.6922006607055664,-1.585785150527954,False,-1.6922006607055664
66,0.2,zhpQhgha_KU_16,1.7999999523162842,1.5787057876586914,1.2259619235992432,1.5300209522247314,False,1.2259619235992432
66,0.2,zhpQhgha_KU_17,1.75,1.5313231945037842,1.3088786602020264,1.955820083618164,False,1.3088786602020264
66,0.2,zhpQhgha_KU_18,0.6000000238418579,0.20612706243991852,0.6000403165817261,0.33054202795028687,True,0.33054202795028687
66,0.2,zhpQhgha_KU_19,-0.800000011920929,0.15196503698825836,0.5815929770469666,0.25180378556251526,True,0.25180378556251526
66,0.2,zhpQhgha_KU_20,-1.399999976158142,-1.1617295742034912,-1.0759249925613403,-0.8501707315444946,False,-1.0759249925613403
66,0.2,zhpQhgha_KU_21,0.6000000238418579,0.4753015637397766,-0.0226046871393919,-0.05508387088775635,False,-0.0226046871393919
66,0.2,zhpQhgha_KU_22,0.6000000238418579,0.058367952704429626,-0.12253917008638382,-1.0946303606033325,True,-1.0946303606033325
66,0.2,zhpQhgha_KU_23,-0.5,1.1363486051559448,1.0003074407577515,0.8751698732376099,False,1.0003074407577515
66,0.2,zhpQhgha_KU_24,0.0,-1.0915647745132446,-1.0356268882751465,-0.9034742712974548,False,-1.0356268882751465
66,0.2,zhpQhgha_KU_25,1.0,0.680927038192749,0.26141858100891113,-0.5123069882392883,False,0.26141858100891113
66,0.2,zhpQhgha_KU_26,0.0,-0.35293498635292053,-0.46182140707969666,-0.9871763586997986,False,-0.46182140707969666
66,0.2,zhpQhgha_KU_27,0.800000011920929,0.9374717473983765,0.7325624227523804,0.4432409703731537,False,0.7325624227523804
66,0.2,zhpQhgha_KU_28,1.399999976158142,1.5656567811965942,1.2590594291687012,1.9824274778366089,False,1.2590594291687012
66,0.2,zhpQhgha_KU_29,-1.2000000476837158,-1.7479528188705444,-1.2659083604812622,-1.0351600646972656,False,-1.2659083604812622
66,0.2,zhpQhgha_KU_30,-2.0,-1.0491633415222168,-1.3226499557495117,-1.3699439764022827,False,-1.3226499557495117
66,0.2,zhpQhgha_KU_31,-1.0,-0.821101725101471,-1.1604739427566528,-0.46170175075531006,False,-1.1604739427566528
66,0.2,zhpQhgha_KU_32,0.800000011920929,0.7475112676620483,0.38985201716423035,-0.05406142398715019,False,0.38985201716423035
66,0.2,zhpQhgha_KU_33,-0.4000000059604645,0.866738498210907,0.4056921899318695,0.38785022497177124,False,0.4056921899318695
66,0.2,zhpQhgha_KU_34,1.2000000476837158,1.6765482425689697,1.5012574195861816,1.8548609018325806,False,1.5012574195861816
66,0.2,zhpQhgha_KU_35,0.6000000238418579,0.19520621001720428,0.6177745461463928,0.547645092010498,True,0.547645092010498
66,0.2,phBUpBr1hSo_1,1.399999976158142,1.8475803136825562,1.8475803136825562,2.225825786590576,False,1.8475803136825562
66,0.2,phBUpBr1hSo_2,2.200000047683716,1.509627103805542,1.421186923980713,2.044346809387207,False,1.421186923980713
66,0.2,phBUpBr1hSo_3,2.799999952316284,1.7542331218719482,1.699564814567566,1.9605638980865479,False,1.699564814567566
66,0.2,phBUpBr1hSo_4,-0.800000011920929,-0.6251537203788757,-0.2413294017314911,-0.6754180192947388,False,-0.2413294017314911
66,0.2,phBUpBr1hSo_5,-1.399999976158142,-1.0930372476577759,-1.1394150257110596,-1.4823942184448242,False,-1.1394150257110596
66,0.2,phBUpBr1hSo_6,1.600000023841858,1.0845773220062256,0.7430073618888855,1.763276219367981,False,0.7430073618888855
66,0.2,phBUpBr1hSo_7,-1.0,-1.4841269254684448,-1.2297375202178955,-0.3754788339138031,False,-1.2297375202178955
66,0.2,phBUpBr1hSo_8,-2.200000047683716,-0.46356093883514404,-0.8742782473564148,-0.6899641752243042,False,-0.8742782473564148
66,0.2,phBUpBr1hSo_9,-2.0,-0.13009607791900635,-0.5629546642303467,-0.7786073088645935,True,-0.7786073088645935
66,0.2,phBUpBr1hSo_10,-1.399999976158142,0.40089893341064453,-0.6981185078620911,0.15320022404193878,False,-0.6981185078620911
66,0.2,phBUpBr1hSo_11,2.0,1.379858374595642,1.0381819009780884,1.399665355682373,False,1.0381819009780884
66,0.2,phBUpBr1hSo_12,1.7999999523162842,0.333711713552475,0.18109479546546936,1.0717556476593018,False,0.18109479546546936
66,0.2,phBUpBr1hSo_13,0.800000011920929,1.6450605392456055,1.4753470420837402,1.8323591947555542,False,1.4753470420837402
66,0.2,phBUpBr1hSo_14,-1.2000000476837158,-0.16407516598701477,0.0014881091192364693,-0.1435568481683731,True,-0.1435568481683731
66,0.2,phBUpBr1hSo_15,-2.200000047683716,-0.8630480766296387,-1.0776902437210083,-1.0798317193984985,False,-1.0776902437210083
66,0.2,phBUpBr1hSo_16,-1.600000023841858,1.0611745119094849,-0.2599976658821106,-0.40480825304985046,False,-0.2599976658821106
66,0.2,phBUpBr1hSo_17,2.0,1.0258293151855469,0.7003889679908752,0.3395274579524994,False,0.7003889679908752
66,0.2,phBUpBr1hSo_18,0.800000011920929,1.3842934370040894,1.162327527999878,1.4929801225662231,False,1.162327527999878
66,0.2,phBUpBr1hSo_19,2.0,1.5763323307037354,1.386264443397522,1.8211090564727783,False,1.386264443397522
66,0.2,phBUpBr1hSo_20,-1.25,-0.6953187584877014,-0.5469084978103638,1.4512755870819092,False,-0.5469084978103638
66,0.2,phBUpBr1hSo_21,0.800000011920929,0.5876554846763611,0.3276294469833374,0.7194240093231201,False,0.3276294469833374
66,0.2,yDtzw_Y-7RU_1,0.800000011920929,0.7218822240829468,0.7218822240829468,1.8164125680923462,False,0.7218822240829468
66,0.2,yDtzw_Y-7RU_2,0.800000011920929,-0.3062353730201721,-0.26873940229415894,-0.5433420538902283,False,-0.26873940229415894
66,0.2,yDtzw_Y-7RU_3,0.75,-0.010293493047356606,-0.45211026072502136,-0.9867807030677795,True,-0.9867807030677795
66,0.2,yDtzw_Y-7RU_4,-1.0,0.5141037702560425,-0.00026884209364652634,-0.2242099791765213,False,-0.00026884209364652634
66,0.2,yDtzw_Y-7RU_5,0.5,-0.4139586091041565,-0.682166337966919,-0.6993502974510193,False,-0.682166337966919
66,0.2,yDtzw_Y-7RU_6,-1.2000000476837158,-0.2950901985168457,-0.6768202185630798,-1.0319762229919434,False,-0.6768202185630798
66,0.2,yDtzw_Y-7RU_7,-0.20000000298023224,0.07352059334516525,-0.9329978227615356,-0.9011866450309753,True,-0.9011866450309753
66,0.2,yDtzw_Y-7RU_8,-1.5,-1.017332911491394,-1.4228674173355103,-1.447746753692627,False,-1.4228674173355103
66,0.2,yDtzw_Y-7RU_9,-1.0,-0.7729946374893188,-1.2052255868911743,-1.3564664125442505,False,-1.2052255868911743
66,0.2,yDtzw_Y-7RU_10,-0.6000000238418579,-0.7370612025260925,-1.297837734222412,-1.4252575635910034,False,-1.297837734222412
66,0.2,yDtzw_Y-7RU_11,-1.399999976158142,-1.0700935125350952,-1.4015244245529175,-1.5352808237075806,False,-1.4015244245529175
66,0.2,yDtzw_Y-7RU_12,-0.6666666865348816,-1.0763578414916992,-1.4967201948165894,-1.4534717798233032,False,-1.4967201948165894
66,0.2,yDtzw_Y-7RU_13,-1.7999999523162842,-1.574292540550232,-1.7407448291778564,-1.602723240852356,False,-1.7407448291778564
66,0.2,yDtzw_Y-7RU_14,2.200000047683716,1.6112756729125977,1.3540852069854736,1.3198717832565308,False,1.3540852069854736
66,0.2,yDtzw_Y-7RU_15,0.6000000238418579,1.211498498916626,0.5400148034095764,0.9050609469413757,False,0.5400148034095764
66,0.2,yDtzw_Y-7RU_16,0.6000000238418579,1.4448188543319702,1.298069953918457,1.349137783050537,False,1.298069953918457
66,0.2,yDtzw_Y-7RU_17,0.20000000298023224,0.7892789244651794,0.6787661910057068,0.14610682427883148,False,0.6787661910057068
66,0.2,yDtzw_Y-7RU_18,-2.0,-1.3359079360961914,-1.5036025047302246,-1.1400706768035889,False,-1.5036025047302246
66,0.2,yDtzw_Y-7RU_19,-1.600000023841858,-0.21334563195705414,-1.125542402267456,-1.3633586168289185,True,-1.3633586168289185
66,0.2,yDtzw_Y-7RU_20,-0.6000000238418579,-0.36628466844558716,-0.9239466786384583,-0.9397770762443542,False,-0.9239466786384583
66,0.2,yDtzw_Y-7RU_21,0.20000000298023224,1.3441697359085083,1.0337812900543213,1.1282562017440796,False,1.0337812900543213
66,0.2,yDtzw_Y-7RU_22,2.0,1.6825274229049683,1.5295661687850952,1.9173110723495483,False,1.5295661687850952
66,0.2,yDtzw_Y-7RU_23,2.200000047683716,1.4734667539596558,1.3771650791168213,1.6199146509170532,False,1.3771650791168213
66,0.2,yDtzw_Y-7RU_24,-0.800000011920929,-0.6372183561325073,-0.7063609957695007,-0.6783098578453064,False,-0.7063609957695007
66,0.2,nzpVDcQ0ywM_1,0.0,1.18806791305542,1.18806791305542,1.572918176651001,False,1.18806791305542
66,0.2,nzpVDcQ0ywM_2,-1.600000023841858,-0.23434758186340332,-0.1519905924797058,-0.3915952146053314,True,-0.3915952146053314
66,0.2,nzpVDcQ0ywM_3,0.800000011920929,1.220444917678833,1.104458212852478,1.2410107851028442,False,1.104458212852478
66,0.2,nzpVDcQ0ywM_4,-1.600000023841858,-1.4382400512695312,-1.2590999603271484,-1.439801573753357,False,-1.2590999603271484
66,0.2,nzpVDcQ0ywM_5,-0.4000000059604645,-0.07774174958467484,-0.993427574634552,-0.8108608722686768,True,-0.8108608722686768
66,0.2,nzpVDcQ0ywM_6,-1.399999976158142,-1.7161953449249268,-2.0357656478881836,-1.8778775930404663,False,-2.0357656478881836
66,0.2,nzpVDcQ0ywM_7,-1.0,-0.7587878108024597,-1.6320832967758179,-1.4896292686462402,False,-1.6320832967758179
66,0.2,nzpVDcQ0ywM_8,2.0,-0.3165084719657898,-1.3783068656921387,-1.157605767250061,False,-1.3783068656921387
66,0.2,nzpVDcQ0ywM_9,-2.200000047683716,-1.4986798763275146,-1.930023431777954,-1.3292930126190186,False,-1.930023431777954
66,0.2,nzpVDcQ0ywM_10,-1.0,-1.2415350675582886,-1.770015835762024,-1.654461145401001,False,-1.770015835762024
66,0.2,nzpVDcQ0ywM_11,0.0,-0.4995972514152527,-1.240828275680542,-0.3949161469936371,False,-1.240828275680542
66,0.2,nzpVDcQ0ywM_12,-1.399999976158142,-1.3082698583602905,-1.678999662399292,-1.6559827327728271,False,-1.678999662399292
66,0.2,nzpVDcQ0ywM_13,-1.0,-0.0022121910005807877,-0.6971869468688965,0.10634541511535645,True,0.10634541511535645
66,0.2,nzpVDcQ0ywM_14,0.20000000298023224,-0.3948354423046112,-0.9494141936302185,-0.9517866373062134,False,-0.9494141936302185
66,0.2,nzpVDcQ0ywM_15,-0.6000000238418579,1.1143404245376587,0.6921831965446472,0.3768790662288666,False,0.6921831965446472
66,0.2,nzpVDcQ0ywM_16,1.399999976158142,0.9004227519035339,0.8601518273353577,0.653994083404541,False,0.8601518273353577
66,0.2,nzpVDcQ0ywM_17,1.600000023841858,1.3060576915740967,1.0264136791229248,1.8710681200027466,False,1.0264136791229248
66,0.2,nzpVDcQ0ywM_18,1.2000000476837158,1.365272879600525,1.2737860679626465,1.5424673557281494,False,1.2737860679626465
66,0.2,nzpVDcQ0ywM_19,-2.0,0.4319669306278229,0.4528410732746124,0.6821080446243286,False,0.4528410732746124
66,0.2,nzpVDcQ0ywM_20,0.20000000298023224,0.8613249659538269,0.28513336181640625,1.1745309829711914,False,0.28513336181640625
66,0.2,nzpVDcQ0ywM_21,-1.399999976158142,-1.2788127660751343,-1.2933684587478638,-1.4046777486801147,False,-1.2933684587478638
66,0.2,nzpVDcQ0ywM_22,2.0,1.6629585027694702,1.4428685903549194,1.736483097076416,False,1.4428685903549194
66,0.2,nzpVDcQ0ywM_23,2.0,1.8031220436096191,1.6743508577346802,2.01408052444458,False,1.6743508577346802
66,0.2,nzpVDcQ0ywM_24,1.600000023841858,1.5133390426635742,1.4516626596450806,1.695539116859436,False,1.4516626596450806
66,0.2,jUzDDGyPkXU_1,2.799999952316284,0.27617353200912476,0.27617353200912476,0.9759508371353149,False,0.27617353200912476
66,0.2,jUzDDGyPkXU_2,2.5999999046325684,1.7396636009216309,1.7132987976074219,2.000513792037964,False,1.7132987976074219
66,0.2,jUzDDGyPkXU_3,0.0,0.08640056848526001,0.7963465452194214,0.4350351393222809,True,0.4350351393222809
66,0.2,jUzDDGyPkXU_4,-1.600000023841858,1.2641624212265015,1.243417739868164,1.335662841796875,False,1.243417739868164
66,0.2,jUzDDGyPkXU_5,-1.2000000476837158,-1.0973700284957886,-0.8356723189353943,-1.0879298448562622,False,-0.8356723189353943
66,0.2,jUzDDGyPkXU_6,-1.600000023841858,-1.476309061050415,-1.4542378187179565,-1.6051236391067505,False,-1.4542378187179565
66,0.2,jUzDDGyPkXU_7,-0.6000000238418579,-1.4625052213668823,-1.836050033569336,-1.508931279182434,False,-1.836050033569336
66,0.2,jUzDDGyPkXU_8,1.7999999523162842,1.5963226556777954,1.3112601041793823,1.5398757457733154,False,1.3112601041793823
66,0.2,jUzDDGyPkXU_9,2.799999952316284,1.7131998538970947,1.5962276458740234,1.9186503887176514,False,1.5962276458740234
66,0.2,jUzDDGyPkXU_10,2.4000000953674316,1.5123250484466553,1.4654242992401123,1.731213927268982,False,1.4654242992401123
66,0.2,jUzDDGyPkXU_11,2.4000000953674316,1.3385981321334839,1.3028252124786377,1.2458992004394531,False,1.3028252124786377
66,0.2,jUzDDGyPkXU_12,0.5,0.4309171140193939,0.8898499011993408,0.48337751626968384,False,0.8898499011993408
66,0.2,jUzDDGyPkXU_13,-0.6000000238418579,-0.9716717600822449,-0.6934199333190918,-1.2717643976211548,False,-0.6934199333190918
66,0.2,jUzDDGyPkXU_14,0.800000011920929,0.9812218546867371,0.6250606775283813,1.6143722534179688,False,0.6250606775283813
66,0.2,jUzDDGyPkXU_15,1.3333333730697632,-0.46049734950065613,-0.4279315769672394,-0.704280436038971,False,-0.4279315769672394
66,0.2,jUzDDGyPkXU_16,1.2000000476837158,1.1257920265197754,0.8738152980804443,1.3287004232406616,False,0.8738152980804443
66,0.2,jUzDDGyPkXU_17,-2.799999952316284,-1.8068253993988037,-1.6994026899337769,-1.8286031484603882,False,-1.6994026899337769
66,0.2,jUzDDGyPkXU_18,-2.4000000953674316,-1.262515664100647,-1.6344616413116455,-1.7568941116333008,False,-1.6344616413116455
66,0.2,jUzDDGyPkXU_19,2.200000047683716,-1.3615163564682007,-1.7666587829589844,-1.8547909259796143,False,-1.7666587829589844
66,0.2,jUzDDGyPkXU_20,-2.200000047683716,-1.4962449073791504,-1.8713414669036865,-1.3931745290756226,False,-1.8713414669036865
66,0.2,jUzDDGyPkXU_21,-1.0,1.0730266571044922,0.7987831830978394,0.3154970705509186,False,0.7987831830978394
66,0.2,jUzDDGyPkXU_22,-2.4000000953674316,-1.3929671049118042,-1.2532020807266235,-1.4967412948608398,False,-1.2532020807266235
66,0.2,jUzDDGyPkXU_23,1.2000000476837158,1.4496774673461914,1.2539945840835571,1.4234774112701416,False,1.2539945840835571
66,0.2,jUzDDGyPkXU_24,-1.0,-1.545521855354309,-1.3704966306686401,-1.4316105842590332,False,-1.3704966306686401
66,0.2,jUzDDGyPkXU_25,-2.0,0.13787175714969635,-0.6915522217750549,-0.9182887673377991,True,-0.9182887673377991
66,0.2,jUzDDGyPkXU_26,-2.0,-0.9373241066932678,-1.2922945022583008,-1.2054526805877686,False,-1.2922945022583008
66,0.2,jUzDDGyPkXU_27,-2.0,-1.6016499996185303,-1.9192445278167725,-1.8827486038208008,False,-1.9192445278167725
66,0.2,rnaNMUZpvvg_1,-2.5999999046325684,-1.5629997253417969,-1.5629997253417969,-1.7996189594268799,False,-1.5629997253417969
66,0.2,rnaNMUZpvvg_2,2.25,-0.13005933165550232,-1.0705208778381348,-1.1255404949188232,True,-1.1255404949188232
66,0.2,rnaNMUZpvvg_3,-0.800000011920929,-0.4718649983406067,-1.0737698078155518,-1.4294486045837402,False,-1.0737698078155518
66,0.2,rnaNMUZpvvg_4,-2.4000000953674316,-1.689452052116394,-1.9606901407241821,-1.9122041463851929,False,-1.9606901407241821
66,0.2,rnaNMUZpvvg_5,-2.799999952316284,-0.14747211337089539,-1.2497508525848389,-1.1576299667358398,True,-1.1576299667358398
66,0.2,rnaNMUZpvvg_6,-2.5999999046325684,0.40441253781318665,-0.7495977878570557,-0.9388779997825623,False,-0.7495977878570557
66,0.2,rnaNMUZpvvg_7,-0.4000000059604645,-1.3281161785125732,-1.8347208499908447,-1.7817766666412354,False,-1.8347208499908447
66,0.2,rnaNMUZpvvg_8,-1.600000023841858,-1.5947726964950562,-2.0651674270629883,-1.9206503629684448,False,-2.0651674270629883
66,0.2,rnaNMUZpvvg_9,-1.399999976158142,-1.5274242162704468,-2.014368772506714,-1.872033715248108,False,-2.014368772506714
66,0.2,rnaNMUZpvvg_10,-2.5999999046325684,-0.9421554803848267,-1.7305454015731812,-1.1445344686508179,False,-1.7305454015731812
66,0.2,rnaNMUZpvvg_11,-2.5999999046325684,-1.3404982089996338,-1.9001892805099487,-1.8674882650375366,False,-1.9001892805099487
66,0.2,rnaNMUZpvvg_12,-1.0,-1.422531247138977,-1.9377782344818115,-1.7850769758224487,False,-1.9377782344818115
66,0.2,rnaNMUZpvvg_13,-2.0,0.5366284251213074,-0.637865424156189,-0.8262074589729309,False,-0.637865424156189
66,0.2,rnaNMUZpvvg_14,-2.5999999046325684,-1.3840916156768799,-1.8687562942504883,-1.7893363237380981,False,-1.8687562942504883
66,0.2,rnaNMUZpvvg_15,-1.600000023841858,0.6210607886314392,-1.029448390007019,-0.5814020037651062,False,-1.029448390007019
66,0.2,rnaNMUZpvvg_16,-1.7999999523162842,-1.372624397277832,-1.8883112668991089,-1.9124159812927246,False,-1.8883112668991089
66,0.2,rnaNMUZpvvg_17,-1.600000023841858,-0.28193849325180054,-1.352996587753296,-1.4478235244750977,False,-1.352996587753296
66,0.2,rnaNMUZpvvg_18,-2.200000047683716,-1.4614790678024292,-1.9545316696166992,-1.632222056388855,False,-1.9545316696166992
66,0.2,rnaNMUZpvvg_19,-1.399999976158142,0.045120082795619965,-1.1395940780639648,-1.0746079683303833,True,-1.0746079683303833
66,0.2,rnaNMUZpvvg_20,0.800000011920929,1.4726784229278564,1.0220041275024414,0.9436172842979431,False,1.0220041275024414
66,0.2,rnaNMUZpvvg_21,-2.5999999046325684,-1.2928346395492554,-1.4726150035858154,-1.5215866565704346,False,-1.4726150035858154
66,0.2,rnaNMUZpvvg_22,-2.200000047683716,-1.4443761110305786,-1.973371148109436,-1.2439591884613037,False,-1.973371148109436
66,0.2,yvsjCA6Y5Fc_1,-2.0,-0.9422597885131836,-0.9422597885131836,-0.30945637822151184,False,-0.9422597885131836
66,0.2,yvsjCA6Y5Fc_2,-1.2000000476837158,0.18424808979034424,-0.714790940284729,-0.43724095821380615,True,-0.43724095821380615
66,0.2,yvsjCA6Y5Fc_3,-2.0,0.35414040088653564,-0.6096508502960205,-0.09597694128751755,False,-0.6096508502960205
66,0.2,yvsjCA6Y5Fc_4,-0.20000000298023224,-0.2635103464126587,-0.7198204398155212,-0.5376096367835999,False,-0.7198204398155212
66,0.2,yvsjCA6Y5Fc_5,0.4000000059604645,-0.29136452078819275,-0.7130938768386841,-1.1795482635498047,False,-0.7130938768386841
66,0.2,yvsjCA6Y5Fc_6,0.0,-1.6109060049057007,-1.7040247917175293,-1.856902003288269,False,-1.7040247917175293
66,0.2,yvsjCA6Y5Fc_7,-1.7999999523162842,0.5300909280776978,-0.34240075945854187,-0.3198722004890442,False,-0.34240075945854187
66,0.2,yvsjCA6Y5Fc_8,0.4000000059604645,-1.3881680965423584,-1.565572738647461,-1.4435367584228516,False,-1.565572738647461
66,0.2,yvsjCA6Y5Fc_9,-1.399999976158142,-1.0241422653198242,-1.4308514595031738,-1.4859793186187744,False,-1.4308514595031738
66,0.2,yvsjCA6Y5Fc_10,-2.0,-1.0784096717834473,-1.5801364183425903,-1.1357336044311523,False,-1.5801364183425903
66,0.2,yvsjCA6Y5Fc_11,2.0,0.9077715873718262,0.26657986640930176,0.8659029603004456,False,0.26657986640930176
66,0.2,yvsjCA6Y5Fc_12,-0.6000000238418579,-1.0923421382904053,-1.379850149154663,-1.1068027019500732,False,-1.379850149154663
66,0.2,yvsjCA6Y5Fc_13,-2.0,0.08598833531141281,-1.052225947380066,-0.938127338886261,True,-0.938127338886261
66,0.2,yvsjCA6Y5Fc_14,-1.0,0.3124777674674988,-0.879844069480896,-0.633389413356781,False,-0.879844069480896
66,0.2,yvsjCA6Y5Fc_15,-2.0,-0.9818041324615479,-1.5918351411819458,-1.1567825078964233,False,-1.5918351411819458
66,0.2,yvsjCA6Y5Fc_16,-1.7999999523162842,-0.11167434602975845,-1.2551765441894531,-0.8811922669410706,True,-0.8811922669410706
66,0.2,yvsjCA6Y5Fc_17,-0.6000000238418579,0.4929082691669464,-0.7818318605422974,-0.7367880940437317,False,-0.7818318605422974
66,0.2,yvsjCA6Y5Fc_18,-2.200000047683716,-1.6121022701263428,-1.999051570892334,-1.684807300567627,False,-1.999051570892334
66,0.2,yvsjCA6Y5Fc_19,-1.600000023841858,-1.1011377573013306,-1.6020556688308716,-1.2509503364562988,False,-1.6020556688308716
66,0.2,yvsjCA6Y5Fc_20,0.800000011920929,1.0220853090286255,0.42423295974731445,0.8200607299804688,False,0.42423295974731445
66,0.2,yvsjCA6Y5Fc_21,-1.7999999523162842,-1.4132195711135864,-1.4274003505706787,-1.519892692565918,False,-1.4274003505706787
66,0.2,yvsjCA6Y5Fc_22,-1.600000023841858,0.679841935634613,-0.620509922504425,0.11712367832660675,False,-0.620509922504425
66,0.2,yvsjCA6Y5Fc_23,-1.2000000476837158,0.011652294546365738,-0.7762499451637268,-0.6659479141235352,True,-0.6659479141235352
66,0.2,pLTX3ipuDJI_1,-2.4000000953674316,0.8225066065788269,0.8225066065788269,0.8138276934623718,False,0.8225066065788269
66,0.2,pLTX3ipuDJI_2,-1.7999999523162842,-0.4742122292518616,-0.4711683392524719,-0.39733582735061646,False,-0.4711683392524719
66,0.2,pLTX3ipuDJI_3,-1.2000000476837158,-0.42778152227401733,-0.8265001177787781,-0.7885914444923401,False,-0.8265001177787781
66,0.2,pLTX3ipuDJI_4,-2.200000047683716,-0.5753597021102905,-0.7544257044792175,-0.1479545533657074,False,-0.7544257044792175
66,0.2,pLTX3ipuDJI_5,-2.0,0.6950732469558716,-0.5177196860313416,-0.17712952196598053,False,-0.5177196860313416
66,0.2,pLTX3ipuDJI_6,-1.399999976158142,-0.6430089473724365,-1.1483081579208374,-1.3639023303985596,False,-1.1483081579208374
66,0.2,pLTX3ipuDJI_7,0.800000011920929,0.6829607486724854,-0.590451180934906,-0.3701404929161072,False,-0.590451180934906
66,0.2,pLTX3ipuDJI_8,-2.0,-0.7933452129364014,-1.3488258123397827,-1.4967870712280273,False,-1.3488258123397827
66,0.2,pLTX3ipuDJI_9,0.0,-0.2600937485694885,-0.791775107383728,-0.7623611688613892,False,-0.791775107383728
66,0.2,pLTX3ipuDJI_10,-1.600000023841858,-0.9505648612976074,-1.3761184215545654,-1.3267277479171753,False,-1.3761184215545654
66,0.2,pLTX3ipuDJI_11,0.6000000238418579,0.9351857304573059,0.5471850037574768,0.5772050619125366,False,0.5471850037574768
66,0.2,pLTX3ipuDJI_12,-2.0,-0.05208604037761688,-0.21158820390701294,-0.5780388116836548,True,-0.5780388116836548
66,0.2,pLTX3ipuDJI_13,-1.399999976158142,-0.1374889314174652,-0.4223654866218567,0.4693605303764343,True,0.4693605303764343
66,0.2,pLTX3ipuDJI_14,-2.0,0.7934189438819885,-0.1881849616765976,-0.010444635525345802,False,-0.1881849616765976
66,0.2,pLTX3ipuDJI_15,-1.399999976158142,-0.7551184296607971,-1.0597646236419678,-1.0766687393188477,False,-1.0597646236419678
66,0.2,pLTX3ipuDJI_16,-1.600000023841858,-1.0849215984344482,-1.3938175439834595,-1.1165918111801147,False,-1.3938175439834595
66,0.2,cW1FSBF59ik_1,-2.5999999046325684,-1.4913268089294434,-1.4913268089294434,-1.8655298948287964,False,-1.4913268089294434
66,0.2,cW1FSBF59ik_2,3.0,1.458230972290039,1.2720798254013062,1.3073022365570068,False,1.2720798254013062
66,0.2,cW1FSBF59ik_3,-1.0,-0.8874793648719788,-1.027159333229065,-0.4131646454334259,False,-1.027159333229065
66,0.2,cW1FSBF59ik_4,1.600000023841858,1.240997552871704,0.9956098198890686,1.1981245279312134,False,0.9956098198890686
66,0.2,cW1FSBF59ik_5,2.0,1.5941441059112549,1.4288253784179688,1.6660616397857666,False,1.4288253784179688
66,0.2,cW1FSBF59ik_6,1.2000000476837158,1.668747067451477,1.5876131057739258,1.8587474822998047,False,1.5876131057739258
66,0.2,cW1FSBF59ik_7,0.5,0.5703275799751282,0.9282034039497375,1.157530426979065,False,0.9282034039497375
66,0.2,cW1FSBF59ik_8,1.7999999523162842,1.3972257375717163,1.3175194263458252,1.6443967819213867,False,1.3175194263458252
66,0.2,cW1FSBF59ik_9,-2.4000000953674316,-0.7614870667457581,-0.3502907156944275,-1.0985194444656372,False,-0.3502907156944275
66,0.2,cW1FSBF59ik_10,-1.0,1.4831172227859497,1.2711597681045532,1.5640597343444824,False,1.2711597681045532
66,0.2,cW1FSBF59ik_11,-1.0,0.1404835283756256,0.5859751105308533,0.33223047852516174,True,0.33223047852516174
66,0.2,cW1FSBF59ik_12,2.200000047683716,0.07387454062700272,0.061594150960445404,0.220938041806221,True,0.220938041806221
66,0.2,cW1FSBF59ik_13,2.0,0.9693377017974854,0.7497751116752625,0.5125547051429749,False,0.7497751116752625
66,0.2,cW1FSBF59ik_14,-1.2000000476837158,0.3454025089740753,0.5664963722229004,0.2542129456996918,False,0.5664963722229004
66,0.2,cW1FSBF59ik_15,-2.5999999046325684,-1.2420588731765747,-1.1572048664093018,-1.5066299438476562,False,-1.1572048664093018
66,0.2,cW1FSBF59ik_16,3.0,1.4337794780731201,0.9594498872756958,1.715893268585205,False,0.9594498872756958
66,0.2,cW1FSBF59ik_17,2.4000000953674316,1.6367626190185547,1.3012815713882446,2.03731632232666,False,1.3012815713882446
66,0.2,cW1FSBF59ik_18,2.5999999046325684,1.7638969421386719,1.672356367111206,1.9610950946807861,False,1.672356367111206
66,0.2,cW1FSBF59ik_19,0.20000000298023224,0.7004634737968445,0.7985178232192993,0.5536864995956421,False,0.7985178232192993
66,0.2,cW1FSBF59ik_20,2.5,1.3590989112854004,1.3230313062667847,1.3049384355545044,False,1.3230313062667847
66,0.2,cW1FSBF59ik_21,1.600000023841858,0.5526105761528015,1.040916085243225,0.7135428786277771,False,1.040916085243225
66,0.2,cW1FSBF59ik_22,-1.0,0.9736011028289795,0.9702234268188477,1.3279627561569214,False,0.9702234268188477
66,0.2,cW1FSBF59ik_23,1.399999976158142,1.3552112579345703,1.2340686321258545,1.4010956287384033,False,1.2340686321258545
66,0.2,cW1FSBF59ik_24,0.0,0.847540020942688,0.49153605103492737,1.3677529096603394,False,0.49153605103492737
66,0.2,tmZoasNr4rU_1,0.0,0.0904197245836258,0.0904197245836258,-0.1264479011297226,True,-0.1264479011297226
66,0.2,tmZoasNr4rU_2,-2.0,0.4260152280330658,0.23572295904159546,-0.3528728485107422,False,0.23572295904159546
66,0.2,tmZoasNr4rU_3,-2.0,-1.3077431917190552,-1.3575338125228882,-1.0781702995300293,False,-1.3575338125228882
66,0.2,tmZoasNr4rU_4,-0.800000011920929,-1.3445409536361694,-1.5548317432403564,-1.7854162454605103,False,-1.5548317432403564
66,0.2,tmZoasNr4rU_5,-0.800000011920929,-1.1667557954788208,-1.627208948135376,-1.683814287185669,False,-1.627208948135376
66,0.2,tmZoasNr4rU_6,-1.7999999523162842,-0.8891072273254395,-1.3893846273422241,-1.4327789545059204,False,-1.3893846273422241
66,0.2,tmZoasNr4rU_7,-1.0,-1.2527213096618652,-1.7755131721496582,-1.7038979530334473,False,-1.7755131721496582
66,0.2,tmZoasNr4rU_8,-2.0,-0.12157886475324631,-1.2201752662658691,-1.440344214439392,True,-1.440344214439392
66,0.2,tmZoasNr4rU_9,-0.6000000238418579,-1.5920711755752563,-2.0592081546783447,-1.504156470298767,False,-2.0592081546783447
66,0.2,tmZoasNr4rU_10,-1.7999999523162842,-0.3169631361961365,-0.9712638258934021,-1.1631122827529907,False,-0.9712638258934021
66,0.2,tmZoasNr4rU_11,-0.6000000238418579,0.4315113127231598,-0.13386350870132446,-0.8376321196556091,False,-0.13386350870132446
66,0.2,tmZoasNr4rU_12,-2.200000047683716,-1.8231534957885742,-1.870867133140564,-1.7101366519927979,False,-1.870867133140564
66,0.2,tmZoasNr4rU_13,-0.800000011920929,0.013817653059959412,-1.2241451740264893,-0.7706094980239868,True,-0.7706094980239868
66,0.2,tmZoasNr4rU_14,-2.0,-1.4665755033493042,-1.814129114151001,-1.8360943794250488,False,-1.814129114151001
66,0.2,tmZoasNr4rU_15,0.25,-0.8786849975585938,-1.4234405755996704,-1.3484508991241455,False,-1.4234405755996704
66,0.2,tmZoasNr4rU_16,-1.399999976158142,-1.5874743461608887,-1.98526132106781,-1.9985651969909668,False,-1.98526132106781
66,0.2,tmZoasNr4rU_17,-1.399999976158142,-1.377636432647705,-1.8398796319961548,-1.7525380849838257,False,-1.8398796319961548
66,0.2,tmZoasNr4rU_18,0.0,-1.4499027729034424,-1.9801353216171265,-1.9127213954925537,False,-1.9801353216171265
66,0.2,tmZoasNr4rU_19,0.20000000298023224,-0.4358726143836975,-1.0277105569839478,-0.8558399677276611,False,-1.0277105569839478
66,0.2,tmZoasNr4rU_20,-1.0,-1.4680368900299072,-1.913537859916687,-1.9425594806671143,False,-1.913537859916687
66,0.2,d6hH302o4v8_1,-2.799999952316284,-1.8294425010681152,-1.8294425010681152,-2.0848147869110107,False,-1.8294425010681152
66,0.2,d6hH302o4v8_2,-1.7999999523162842,-1.3095452785491943,-1.8828744888305664,-1.5119802951812744,False,-1.8828744888305664
66,0.2,d6hH302o4v8_3,0.20000000298023224,-0.6534702777862549,-1.3947592973709106,-0.5950503349304199,False,-1.3947592973709106
66,0.2,d6hH302o4v8_4,-1.600000023841858,-1.1875247955322266,-1.7234902381896973,-1.6090723276138306,False,-1.7234902381896973
66,0.2,d6hH302o4v8_5,-1.3333333730697632,0.06111280620098114,-0.4794330894947052,-1.5162875652313232,True,-1.5162875652313232
66,0.2,d6hH302o4v8_6,-2.0,-1.4791417121887207,-1.5156018733978271,-1.8707597255706787,False,-1.5156018733978271
66,0.2,d6hH302o4v8_7,-2.799999952316284,-1.466344952583313,-1.7972939014434814,-1.8356757164001465,False,-1.7972939014434814
66,0.2,d6hH302o4v8_8,-2.200000047683716,-1.2888425588607788,-1.793397307395935,-1.8492538928985596,False,-1.793397307395935
66,0.2,d6hH302o4v8_9,-2.4000000953674316,-0.34402891993522644,-1.004713773727417,-1.539903998374939,False,-1.004713773727417
66,0.2,d6hH302o4v8_10,-1.2000000476837158,-0.6526824831962585,-1.1610758304595947,-1.6271578073501587,False,-1.1610758304595947
66,0.2,d6hH302o4v8_11,-1.0,-1.279638409614563,-1.6263052225112915,-1.626865267753601,False,-1.6263052225112915
66,0.2,d6hH302o4v8_12,1.399999976158142,1.5085344314575195,0.8654360175132751,1.6912420988082886,False,0.8654360175132751
66,0.2,d6hH302o4v8_13,-2.0,-1.3536080121994019,-1.2711385488510132,-1.6242982149124146,False,-1.2711385488510132
66,0.2,d6hH302o4v8_14,-1.7999999523162842,-1.4813902378082275,-1.791473627090454,-1.6929800510406494,False,-1.791473627090454
66,0.2,d6hH302o4v8_15,-1.75,-1.388837456703186,-1.8169258832931519,-1.7786765098571777,False,-1.8169258832931519
66,0.2,d6hH302o4v8_16,-2.0,-1.4162966012954712,-1.9284882545471191,-1.9608163833618164,False,-1.9284882545471191
66,0.2,d6hH302o4v8_17,-2.0,-0.7902377247810364,-1.4490442276000977,-1.6648650169372559,False,-1.4490442276000977
66,0.2,d6hH302o4v8_18,-2.0,-1.5100421905517578,-1.9569183588027954,-1.889441728591919,False,-1.9569183588027954
66,0.2,d6hH302o4v8_19,-2.799999952316284,-0.8479734659194946,-1.4600825309753418,-1.6854976415634155,False,-1.4600825309753418
66,0.2,d6hH302o4v8_20,1.0,0.8701715469360352,0.09915997833013535,1.215355396270752,False,0.09915997833013535
66,0.2,d6hH302o4v8_21,-2.4000000953674316,0.47878560423851013,-0.039984457194805145,-0.33115464448928833,False,-0.039984457194805145
66,0.2,d6hH302o4v8_22,-1.0,-1.6246145963668823,-1.8246170282363892,-1.828833818435669,False,-1.8246170282363892
66,0.2,d6hH302o4v8_23,-2.5999999046325684,-1.7737795114517212,-2.0727765560150146,-2.0155670642852783,False,-2.0727765560150146
66,0.2,d6hH302o4v8_24,-2.799999952316284,-1.5516682863235474,-1.9972140789031982,-1.8859224319458008,False,-1.9972140789031982
66,0.2,d6hH302o4v8_25,-1.600000023841858,-0.5283482670783997,-1.5047845840454102,-1.4244259595870972,False,-1.5047845840454102
66,0.2,d6hH302o4v8_26,-2.5999999046325684,-0.9214152693748474,-1.5789680480957031,-1.6992446184158325,False,-1.5789680480957031
66,0.2,d6hH302o4v8_27,-2.5999999046325684,-0.45157390832901,-1.1593999862670898,-1.3659738302230835,False,-1.1593999862670898
66,0.2,d6hH302o4v8_28,-1.0,0.5295433402061462,-0.17370282113552094,-0.3798823356628418,False,-0.17370282113552094
66,0.2,d6hH302o4v8_29,-1.7999999523162842,-1.040400505065918,-1.2664309740066528,-1.2528904676437378,False,-1.2664309740066528
66,0.2,d6hH302o4v8_30,-2.799999952316284,-1.4554798603057861,-1.7806482315063477,-1.778708815574646,False,-1.7806482315063477
66,0.2,d6hH302o4v8_31,-1.399999976158142,-1.2902904748916626,-1.7059078216552734,-1.6828848123550415,False,-1.7059078216552734
66,0.2,d6hH302o4v8_32,-0.6000000238418579,0.7907841205596924,-0.1217569038271904,0.791601300239563,False,-0.1217569038271904
66,0.2,d6hH302o4v8_33,-3.0,-1.3954970836639404,-1.611698031425476,-1.824458360671997,False,-1.611698031425476
66,0.2,d6hH302o4v8_34,-3.0,-0.8638612031936646,-1.2598243951797485,-1.3119370937347412,False,-1.2598243951797485
66,0.2,d6hH302o4v8_35,-1.600000023841858,-1.638913631439209,-1.7093685865402222,-1.8749831914901733,False,-1.7093685865402222
66,0.2,d6hH302o4v8_36,-2.200000047683716,-1.5713809728622437,-1.994614839553833,-1.845789909362793,False,-1.994614839553833
66,0.2,d6hH302o4v8_37,-2.200000047683716,-1.373848557472229,-1.898329734802246,-1.9189174175262451,False,-1.898329734802246
66,0.2,d6hH302o4v8_38,-3.0,-0.11431580781936646,-1.3123481273651123,-1.2139619588851929,True,-1.2139619588851929
66,0.2,d6hH302o4v8_39,-3.0,-1.6342905759811401,-2.1912362575531006,-1.6884675025939941,False,-2.1912362575531006
66,0.2,d6hH302o4v8_40,-1.0,0.11500288546085358,-0.6908583641052246,-1.4047436714172363,True,-1.4047436714172363
66,0.2,d6hH302o4v8_41,-2.4000000953674316,-1.2866302728652954,-1.7033500671386719,-1.8686317205429077,False,-1.7033500671386719
66,0.2,d6hH302o4v8_42,-1.399999976158142,0.0776921734213829,-1.049929141998291,-0.9021561145782471,True,-0.9021561145782471
66,0.2,d6hH302o4v8_43,-2.5,-0.8565303087234497,-1.4093825817108154,-1.0921132564544678,False,-1.4093825817108154
66,0.2,dq3Nf_lMPnE_1,0.0,0.9580873847007751,0.9580873847007751,1.2476119995117188,False,0.9580873847007751
66,0.2,dq3Nf_lMPnE_2,-1.399999976158142,-0.3834627568721771,0.212272047996521,0.0331808440387249,False,0.212272047996521
66,0.2,dq3Nf_lMPnE_3,-1.2000000476837158,-1.5748103857040405,-1.4536547660827637,-1.707184910774231,False,-1.4536547660827637
66,0.2,dq3Nf_lMPnE_4,-0.4000000059604645,0.19818712770938873,-0.9044235348701477,0.12380178272724152,True,0.12380178272724152
66,0.2,dq3Nf_lMPnE_5,1.2000000476837158,-1.516858696937561,-1.8994426727294922,-0.8262929916381836,False,-1.8994426727294922
66,0.2,dq3Nf_lMPnE_6,0.800000011920929,-1.1339118480682373,-1.638340711593628,-1.6516237258911133,False,-1.638340711593628
66,0.2,dq3Nf_lMPnE_7,-2.0,-1.6126796007156372,-1.9978394508361816,-1.8936214447021484,False,-1.9978394508361816
66,0.2,dq3Nf_lMPnE_8,0.6000000238418579,0.599796712398529,-0.01483611948788166,0.9169394969940186,False,-0.01483611948788166
66,0.2,dq3Nf_lMPnE_9,-0.800000011920929,-1.1130166053771973,-1.357965350151062,-1.0689455270767212,False,-1.357965350151062
66,0.2,dq3Nf_lMPnE_10,1.0,-0.049598656594753265,-1.0418108701705933,-0.6423645615577698,True,-0.6423645615577698
66,0.2,dq3Nf_lMPnE_11,-0.6000000238418579,-0.733782172203064,-1.2287023067474365,-0.6867208480834961,False,-1.2287023067474365
66,0.2,dq3Nf_lMPnE_12,-1.600000023841858,0.18212853372097015,-1.2502981424331665,-0.28229403495788574,True,-0.28229403495788574
66,0.2,dq3Nf_lMPnE_13,-1.2000000476837158,-0.7040809392929077,-1.2758442163467407,-0.4576401710510254,False,-1.2758442163467407
66,0.2,dq3Nf_lMPnE_14,-1.7999999523162842,1.034773349761963,0.14580780267715454,1.3609527349472046,False,0.14580780267715454
66,0.2,dq3Nf_lMPnE_15,1.0,1.1558042764663696,0.7112160325050354,1.7467867136001587,False,0.7112160325050354
66,0.2,k5Y_838nuGo_1,-1.600000023841858,-1.173567533493042,-1.173567533493042,-1.5394155979156494,False,-1.173567533493042
66,0.2,k5Y_838nuGo_2,1.2000000476837158,0.5658153891563416,-0.17528986930847168,-0.3932359218597412,False,-0.17528986930847168
66,0.2,k5Y_838nuGo_3,0.800000011920929,0.4978354275226593,-0.2794628441333771,-0.34678947925567627,False,-0.2794628441333771
66,0.2,k5Y_838nuGo_4,1.0,1.1003808975219727,0.8945818543434143,1.3450098037719727,False,0.8945818543434143
66,0.2,k5Y_838nuGo_5,-1.3333333730697632,-1.305652141571045,-1.3410693407058716,-1.5471376180648804,False,-1.3410693407058716
66,0.2,k5Y_838nuGo_6,2.0,1.4519543647766113,1.1781728267669678,1.0941447019577026,False,1.1781728267669678
66,0.2,k5Y_838nuGo_7,-2.4000000953674316,-1.6137669086456299,-1.7948660850524902,-1.479093313217163,False,-1.7948660850524902
66,0.2,k5Y_838nuGo_8,-1.399999976158142,0.7398331761360168,-0.28335073590278625,-0.7655730843544006,False,-0.28335073590278625
66,0.2,k5Y_838nuGo_9,1.7999999523162842,1.714363932609558,1.486932396888733,1.605028748512268,False,1.486932396888733
66,0.2,k5Y_838nuGo_10,2.0,1.4140536785125732,1.3072923421859741,1.6011244058609009,False,1.3072923421859741
66,0.2,k5Y_838nuGo_11,0.5,1.273259162902832,1.1314928531646729,1.296444296836853,False,1.1314928531646729
66,0.2,k5Y_838nuGo_12,0.20000000298023224,0.9634563326835632,0.904240071773529,1.2704206705093384,False,0.904240071773529
66,0.2,k5Y_838nuGo_13,0.6000000238418579,0.39448052644729614,0.2479303777217865,0.9795033931732178,False,0.2479303777217865
66,0.2,k5Y_838nuGo_14,-1.7999999523162842,0.5523350238800049,0.5659012198448181,0.10167793184518814,False,0.5659012198448181
66,0.2,k5Y_838nuGo_15,-0.800000011920929,1.538724660873413,1.3657341003417969,1.6802678108215332,False,1.3657341003417969
66,0.2,k5Y_838nuGo_16,0.25,0.6007755994796753,0.7026285529136658,0.46791085600852966,False,0.7026285529136658
66,0.2,k5Y_838nuGo_17,0.800000011920929,0.616987407207489,0.7008915543556213,0.66726154088974,False,0.7008915543556213
66,0.2,k5Y_838nuGo_18,0.4000000059604645,1.5200194120407104,1.3727978467941284,1.345244288444519,False,1.3727978467941284
66,0.2,k5Y_838nuGo_19,-0.6000000238418579,-0.8352559804916382,-0.5627449154853821,-1.0801634788513184,False,-0.5627449154853821
66,0.2,k5Y_838nuGo_20,0.4000000059604645,0.026586303487420082,-0.2592233121395111,-0.8722323775291443,True,-0.8722323775291443
66,0.2,k5Y_838nuGo_21,-0.20000000298023224,0.5849784016609192,-0.3762573003768921,-0.27869608998298645,False,-0.3762573003768921
66,0.2,k5Y_838nuGo_22,0.4000000059604645,1.2677054405212402,0.9067034125328064,1.043627142906189,False,0.9067034125328064
66,0.2,k5Y_838nuGo_23,-0.20000000298023224,0.7501400113105774,0.6095353960990906,0.13254468142986298,False,0.6095353960990906
66,0.2,k5Y_838nuGo_24,0.6000000238418579,0.48900794982910156,0.288743793964386,0.27531108260154724,False,0.288743793964386
66,0.2,k5Y_838nuGo_25,-0.20000000298023224,-0.4354400634765625,-0.9020994305610657,0.022677887231111526,False,-0.9020994305610657
66,0.2,k5Y_838nuGo_26,2.0,1.4544856548309326,1.1135830879211426,0.9840931296348572,False,1.1135830879211426
66,0.2,k5Y_838nuGo_27,-0.800000011920929,-0.9437288641929626,-0.929218590259552,-1.0384067296981812,False,-0.929218590259552
66,0.2,k5Y_838nuGo_28,2.0,1.5108165740966797,1.1886088848114014,1.2323379516601562,False,1.1886088848114014
66,0.2,k5Y_838nuGo_29,-0.75,-1.0281012058258057,-0.725061297416687,-1.326450228691101,False,-0.725061297416687
66,0.2,k5Y_838nuGo_30,1.600000023841858,1.2866796255111694,0.8448987603187561,1.6429545879364014,False,0.8448987603187561
66,0.2,k5Y_838nuGo_31,-1.0,-0.7218810319900513,-0.5861341953277588,-1.4187860488891602,False,-0.5861341953277588
66,0.2,iiK8YX8oH1E_1,-2.5999999046325684,-0.6907426714897156,-0.6907426714897156,-1.1551151275634766,False,-0.6907426714897156
66,0.2,iiK8YX8oH1E_2,1.2000000476837158,1.1240507364273071,0.9623727798461914,1.3001930713653564,False,0.9623727798461914
66,0.2,iiK8YX8oH1E_3,-1.25,-0.17282162606716156,-0.35497891902923584,-1.1018935441970825,True,-1.1018935441970825
66,0.2,iiK8YX8oH1E_4,-2.0,-1.2436728477478027,-1.2940607070922852,-0.41347405314445496,False,-1.2940607070922852
66,0.2,iiK8YX8oH1E_5,-0.4000000059604645,0.7110704779624939,-0.5836150050163269,-0.19220595061779022,False,-0.5836150050163269
66,0.2,iiK8YX8oH1E_6,0.20000000298023224,1.5478110313415527,1.2845311164855957,1.6446540355682373,False,1.2845311164855957
66,0.2,iiK8YX8oH1E_7,-1.600000023841858,-0.3346955180168152,-0.4138478636741638,-0.9745127558708191,False,-0.4138478636741638
66,0.2,iiK8YX8oH1E_8,-1.0,0.7851212024688721,0.5622552037239075,1.4761497974395752,False,0.5622552037239075
66,0.2,iiK8YX8oH1E_9,0.4000000059604645,0.4833466112613678,0.35251304507255554,0.03816469386219978,False,0.35251304507255554
66,0.2,iiK8YX8oH1E_10,0.0,-0.6224849224090576,-0.8281216025352478,-1.1985864639282227,False,-0.8281216025352478
66,0.2,iiK8YX8oH1E_11,1.0,1.0449063777923584,0.8209037780761719,1.0768197774887085,False,0.8209037780761719
66,0.2,iiK8YX8oH1E_12,1.7999999523162842,1.7326794862747192,1.5747500658035278,2.004798412322998,False,1.5747500658035278
66,0.2,iiK8YX8oH1E_13,-2.0,0.1485719531774521,0.26276710629463196,-0.5837240815162659,True,-0.5837240815162659
66,0.2,iiK8YX8oH1E_14,-1.2000000476837158,0.5371013283729553,0.12965784966945648,-0.014418395236134529,False,0.12965784966945648
66,0.2,iiK8YX8oH1E_15,0.6000000238418579,0.8185557723045349,0.7273116111755371,0.9224725365638733,False,0.7273116111755371
66,0.2,iiK8YX8oH1E_16,0.0,0.11013909429311752,0.0018987306393682957,-0.7717384099960327,True,-0.7717384099960327
66,0.2,iiK8YX8oH1E_17,1.600000023841858,1.5647189617156982,1.4160436391830444,1.817178726196289,False,1.4160436391830444
66,0.2,iiK8YX8oH1E_18,-1.0,0.7505511045455933,0.7883197069168091,0.49141228199005127,False,0.7883197069168091
66,0.2,tStelxIAHjw_1,0.0,1.0029468536376953,1.0029468536376953,1.2486529350280762,False,1.0029468536376953
66,0.2,tStelxIAHjw_2,-2.0,0.24010464549064636,0.33102449774742126,0.3364461660385132,True,0.3364461660385132
66,0.2,tStelxIAHjw_3,0.5,0.595701277256012,0.5618100762367249,0.5794702172279358,False,0.5618100762367249
66,0.2,tStelxIAHjw_4,-2.799999952316284,0.4833972752094269,0.4783531725406647,0.4420631527900696,False,0.4783531725406647
66,0.2,tStelxIAHjw_5,-2.200000047683716,-0.9885342121124268,-0.9895030856132507,-1.3712120056152344,False,-0.9895030856132507
66,0.2,tStelxIAHjw_6,1.600000023841858,0.5313643217086792,-0.2998539209365845,-0.22430966794490814,False,-0.2998539209365845
66,0.2,tStelxIAHjw_7,1.399999976158142,1.4256616830825806,1.1920239925384521,1.2280964851379395,False,1.1920239925384521
66,0.2,tStelxIAHjw_8,-2.0,-0.6631942391395569,-0.7241467237472534,-1.1910784244537354,False,-0.7241467237472534
66,0.2,tStelxIAHjw_9,-1.399999976158142,-1.1255009174346924,-1.2659262418746948,-1.0136159658432007,False,-1.2659262418746948
66,0.2,tStelxIAHjw_10,-0.4000000059604645,-1.1825315952301025,-1.4070885181427002,-1.6402153968811035,False,-1.4070885181427002
66,0.2,tStelxIAHjw_11,-2.799999952316284,-1.471243143081665,-1.6653846502304077,-1.184902310371399,False,-1.6653846502304077
66,0.2,tStelxIAHjw_12,-1.0,-0.9352072477340698,-1.076703429222107,-0.8620339035987854,False,-1.076703429222107
66,0.2,tStelxIAHjw_13,-1.600000023841858,-1.1287983655929565,-1.3971205949783325,-1.6021395921707153,False,-1.3971205949783325
66,0.2,tStelxIAHjw_14,-1.7999999523162842,-0.3614937663078308,-0.812216579914093,-1.1967616081237793,False,-0.812216579914093
66,0.2,tStelxIAHjw_15,0.4000000059604645,0.3724907338619232,0.0646066963672638,0.06033240258693695,False,0.0646066963672638
66,0.2,tStelxIAHjw_16,0.800000011920929,0.6316623687744141,-0.004205541685223579,-0.043430622667074203,False,-0.004205541685223579
66,0.2,nbWiPyCm4g0_1,1.2000000476837158,1.563829779624939,1.563829779624939,1.6702247858047485,False,1.563829779624939
66,0.2,nbWiPyCm4g0_2,-2.4000000953674316,1.3447699546813965,1.3562527894973755,1.2746180295944214,False,1.3562527894973755
66,0.2,nbWiPyCm4g0_3,-1.7999999523162842,-1.2276833057403564,-0.7063151001930237,-1.6006687879562378,False,-0.7063151001930237
66,0.2,nbWiPyCm4g0_4,-2.200000047683716,-1.1450419425964355,-1.3765980005264282,-1.707358479499817,False,-1.3765980005264282
66,0.2,nbWiPyCm4g0_5,-1.399999976158142,-0.8892536163330078,-1.3924872875213623,-1.4698855876922607,False,-1.3924872875213623
66,0.2,nbWiPyCm4g0_6,0.0,-0.9292799830436707,-1.4742376804351807,-1.4777147769927979,False,-1.4742376804351807
66,0.2,nbWiPyCm4g0_7,-1.2000000476837158,-1.3535592555999756,-1.8570643663406372,-1.8663878440856934,False,-1.8570643663406372
66,0.2,nbWiPyCm4g0_8,-2.200000047683716,-0.747291624546051,-1.337353229522705,-1.339577555656433,False,-1.337353229522705
66,0.2,nbWiPyCm4g0_9,-1.399999976158142,-0.970808207988739,-1.4953176975250244,-1.7537771463394165,False,-1.4953176975250244
66,0.2,nbWiPyCm4g0_10,1.2000000476837158,1.4352911710739136,0.6317143440246582,1.2503732442855835,False,0.6317143440246582
66,0.2,etzxEpPuc6I_1,0.4000000059604645,0.6613509058952332,0.6613509058952332,0.7843940854072571,False,0.6613509058952332
66,0.2,etzxEpPuc6I_2,1.2000000476837158,-0.7431790828704834,-0.5020840167999268,0.2611650824546814,False,-0.5020840167999268
66,0.2,etzxEpPuc6I_3,-1.600000023841858,-1.1624624729156494,-1.3043138980865479,-1.1679246425628662,False,-1.3043138980865479
66,0.2,etzxEpPuc6I_4,0.800000011920929,0.43847009539604187,0.1528109908103943,1.4118720293045044,False,0.1528109908103943
66,0.2,etzxEpPuc6I_5,0.0,0.34786561131477356,0.027242382988333702,0.23620910942554474,False,0.027242382988333702
66,0.2,etzxEpPuc6I_6,0.4000000059604645,0.5145928859710693,0.21482506394386292,0.7570454478263855,False,0.21482506394386292
66,0.2,etzxEpPuc6I_7,-1.2000000476837158,-1.102310061454773,-1.2719871997833252,-1.0151704549789429,False,-1.2719871997833252
66,0.2,etzxEpPuc6I_8,-1.0,0.7983536124229431,-0.26053109765052795,0.2229587435722351,False,-0.26053109765052795
66,0.2,etzxEpPuc6I_9,-2.799999952316284,-1.2900416851043701,-1.4959468841552734,-1.6134425401687622,False,-1.4959468841552734
66,0.2,etzxEpPuc6I_10,-1.399999976158142,-1.2191566228866577,-1.631086826324463,-1.648065447807312,False,-1.631086826324463
66,0.2,etzxEpPuc6I_11,-1.600000023841858,0.5456375479698181,-0.6977776885032654,-0.3671146035194397,False,-0.6977776885032654
66,0.2,etzxEpPuc6I_12,0.6666666865348816,-0.32149335741996765,-1.3950293064117432,-1.1249006986618042,False,-1.3950293064117432
66,0.2,etzxEpPuc6I_13,-2.200000047683716,-1.325049877166748,-1.8145685195922852,-1.5416929721832275,False,-1.8145685195922852
66,0.2,etzxEpPuc6I_14,-1.2000000476837158,-0.751422643661499,-1.3424581289291382,-1.4163987636566162,False,-1.3424581289291382
66,0.2,etzxEpPuc6I_15,0.20000000298023224,-0.11708422750234604,-0.5027264356613159,-0.30869483947753906,True,-0.30869483947753906
66,0.2,etzxEpPuc6I_16,-2.4000000953674316,-1.5265830755233765,-1.7719247341156006,-1.8284084796905518,False,-1.7719247341156006
66,0.2,etzxEpPuc6I_17,-0.4000000059604645,0.1907576024532318,-0.220783069729805,0.9879165291786194,True,0.9879165291786194
66,0.2,etzxEpPuc6I_18,1.399999976158142,1.372606635093689,1.029234766960144,1.8700103759765625,False,1.029234766960144
66,0.2,etzxEpPuc6I_19,-0.5,0.06479703634977341,0.11013643443584442,-0.17669950425624847,True,-0.17669950425624847
66,0.2,v0zCBqDeKcE_1,2.5999999046325684,0.8932779431343079,0.8932779431343079,0.9014739990234375,False,0.8932779431343079
66,0.2,v0zCBqDeKcE_2,-0.4000000059604645,1.2248717546463013,1.2045810222625732,1.441859245300293,False,1.2045810222625732
66,0.2,v0zCBqDeKcE_3,0.6000000238418579,0.6606671214103699,0.6187416911125183,1.0706090927124023,False,0.6187416911125183
66,0.2,v0zCBqDeKcE_4,0.0,0.033843379467725754,0.13974818587303162,-0.4842880070209503,True,-0.4842880070209503
66,0.2,v0zCBqDeKcE_5,2.0,1.5354013442993164,1.3770129680633545,1.495941400527954,False,1.3770129680633545
66,0.2,v0zCBqDeKcE_6,0.800000011920929,1.4691425561904907,1.3797883987426758,1.5496958494186401,False,1.3797883987426758
66,0.2,v0zCBqDeKcE_7,1.399999976158142,0.09849942475557327,0.190279021859169,-0.342563658952713,True,-0.342563658952713
66,0.2,v0zCBqDeKcE_8,1.7999999523162842,1.006056785583496,0.8132476806640625,0.8178278803825378,False,0.8132476806640625
66,0.2,v0zCBqDeKcE_9,1.7999999523162842,1.615112543106079,1.4393061399459839,1.7719186544418335,False,1.4393061399459839
66,0.2,v0zCBqDeKcE_10,2.200000047683716,1.6290795803070068,1.5283466577529907,1.7824790477752686,False,1.5283466577529907
66,0.2,v0zCBqDeKcE_11,1.600000023841858,0.8518279790878296,0.8814861178398132,0.9032443761825562,False,0.8814861178398132
66,0.2,v0zCBqDeKcE_12,-0.4000000059604645,-1.380418062210083,-1.204880714416504,-1.4195456504821777,False,-1.204880714416504
66,0.2,v0zCBqDeKcE_13,1.7999999523162842,-0.17236194014549255,-0.7481250762939453,-0.8731992244720459,True,-0.8731992244720459
66,0.2,v0zCBqDeKcE_14,1.5,1.3126214742660522,0.7927067875862122,1.5772181749343872,False,0.7927067875862122
66,0.2,v0zCBqDeKcE_15,2.4000000953674316,0.20000484585762024,0.36927497386932373,-0.18739458918571472,True,-0.18739458918571472
66,0.2,v0zCBqDeKcE_16,0.0,-0.6559827327728271,-0.29315075278282166,-0.7268026471138,False,-0.29315075278282166
66,0.2,f_pcplsH_V0_1,0.25,0.4670783579349518,0.4670783579349518,0.30341100692749023,False,0.4670783579349518
66,0.2,f_pcplsH_V0_2,1.399999976158142,0.9637070894241333,0.766444206237793,1.7700642347335815,False,0.766444206237793
66,0.2,f_pcplsH_V0_3,0.800000011920929,-0.6570642590522766,-0.5764541625976562,-0.11422586441040039,False,-0.5764541625976562
66,0.2,f_pcplsH_V0_4,0.5,-0.01711488887667656,-0.14026987552642822,0.010788427665829659,True,0.010788427665829659
66,0.2,f_pcplsH_V0_5,1.2000000476837158,-0.9253585934638977,-1.1805713176727295,-0.6062239408493042,False,-1.1805713176727295
66,0.2,f_pcplsH_V0_6,1.600000023841858,-0.3313964903354645,-1.0390657186508179,-0.9633123278617859,False,-1.0390657186508179
66,0.2,f_pcplsH_V0_7,0.0,-1.0720211267471313,-1.5331147909164429,-1.732456922531128,False,-1.5331147909164429
66,0.2,f_pcplsH_V0_8,0.800000011920929,1.498478651046753,1.1059576272964478,1.0368388891220093,False,1.1059576272964478
66,0.2,f_pcplsH_V0_9,-2.4000000953674316,-1.2598313093185425,-1.526757836341858,-0.931348443031311,False,-1.526757836341858
66,0.2,f_pcplsH_V0_10,1.2000000476837158,1.1060009002685547,0.7644665241241455,1.1487793922424316,False,0.7644665241241455
66,0.2,f_pcplsH_V0_11,-0.4000000059604645,-1.5479627847671509,-1.5327280759811401,-1.7556041479110718,False,-1.5327280759811401
66,0.2,f_pcplsH_V0_12,-0.800000011920929,-0.047212839126586914,-0.9591972231864929,-0.9146507978439331,True,-0.9146507978439331
66,0.2,f_pcplsH_V0_13,1.600000023841858,0.07073082774877548,-0.8374244570732117,-0.7441211938858032,True,-0.7441211938858032
66,0.2,f_pcplsH_V0_14,-1.0,-1.2279845476150513,-1.6327701807022095,-0.8395243883132935,False,-1.6327701807022095
66,0.2,f_pcplsH_V0_15,-1.0,-1.6586015224456787,-2.1178996562957764,-1.8543683290481567,False,-2.1178996562957764
66,0.2,tIrG4oNLFzE_1,2.799999952316284,1.6273301839828491,1.6273301839828491,1.8397303819656372,False,1.6273301839828491
66,0.2,tIrG4oNLFzE_2,2.4000000953674316,1.5151513814926147,1.4867346286773682,1.6385266780853271,False,1.4867346286773682
66,0.2,tIrG4oNLFzE_3,2.5999999046325684,1.5766388177871704,1.5151612758636475,1.6996268033981323,False,1.5151612758636475
66,0.2,tIrG4oNLFzE_4,1.399999976158142,-1.2757363319396973,-0.8376627564430237,-1.1703591346740723,False,-0.8376627564430237
66,0.2,tIrG4oNLFzE_5,0.4000000059604645,0.08121693134307861,-0.3354911804199219,-0.30078327655792236,True,-0.30078327655792236
66,0.2,tIrG4oNLFzE_6,1.25,0.9673740863800049,0.7852091789245605,0.5236454606056213,False,0.7852091789245605
66,0.2,tIrG4oNLFzE_7,-1.399999976158142,-0.06771287322044373,-0.16696031391620636,-0.3197802007198334,True,-0.3197802007198334
66,0.2,tIrG4oNLFzE_8,-1.2000000476837158,-1.292605996131897,-1.4073173999786377,-1.6015440225601196,False,-1.4073173999786377
66,0.2,tIrG4oNLFzE_9,-1.0,-1.2716130018234253,-1.6616542339324951,-1.5611275434494019,False,-1.6616542339324951
66,0.2,tIrG4oNLFzE_10,-1.7999999523162842,0.5981346964836121,-0.8650380373001099,-0.15951667726039886,False,-0.8650380373001099
66,0.2,tIrG4oNLFzE_11,-1.600000023841858,-0.3560735583305359,-0.8413907885551453,-0.6874851584434509,False,-0.8413907885551453
66,0.2,tIrG4oNLFzE_12,-2.5999999046325684,-1.6625102758407593,-1.9607298374176025,-1.9047397375106812,False,-1.9607298374176025
66,0.2,tIrG4oNLFzE_13,-2.0,-0.03303372859954834,-1.1738429069519043,-0.9970996975898743,True,-0.9970996975898743
66,0.2,tIrG4oNLFzE_14,-2.4000000953674316,-1.3741215467453003,-1.80220627784729,-1.6309109926223755,False,-1.80220627784729
66,0.2,tIrG4oNLFzE_15,-2.0,0.787098228931427,-0.44947561621665955,-0.3391512930393219,False,-0.44947561621665955
66,0.2,tIrG4oNLFzE_16,-1.600000023841858,-1.100044846534729,-1.4883856773376465,-1.3984285593032837,False,-1.4883856773376465
66,0.2,tIrG4oNLFzE_17,-0.4000000059604645,0.07485264539718628,-0.28422921895980835,0.11736539006233215,True,0.11736539006233215
66,0.2,tIrG4oNLFzE_18,-2.200000047683716,-1.8264960050582886,-1.6792125701904297,-1.652478575706482,False,-1.6792125701904297
66,0.2,cM3Yna7AavY_1,2.200000047683716,-1.1582659482955933,-1.1582659482955933,-1.2486923933029175,False,-1.1582659482955933
66,0.2,cM3Yna7AavY_2,2.5,1.0562635660171509,0.8143908977508545,1.0685440301895142,False,0.8143908977508545
66,0.2,cM3Yna7AavY_3,1.0,0.24125204980373383,0.21147635579109192,-0.1228787750005722,True,-0.1228787750005722
66,0.2,cM3Yna7AavY_4,0.6000000238418579,-0.009217368438839912,-0.15218769013881683,0.8837997317314148,True,0.8837997317314148
66,0.2,cM3Yna7AavY_5,2.799999952316284,1.6396534442901611,1.3898667097091675,1.7725551128387451,False,1.3898667097091675
66,0.2,cM3Yna7AavY_6,2.799999952316284,-0.27448245882987976,0.5347737073898315,0.20395800471305847,False,0.5347737073898315
66,0.2,cM3Yna7AavY_7,3.0,1.4965680837631226,1.2572273015975952,2.033581495285034,False,1.2572273015975952
66,0.2,cM3Yna7AavY_8,-0.6000000238418579,-1.2620470523834229,-1.016380786895752,-0.6772435307502747,False,-1.016380786895752
66,0.2,cM3Yna7AavY_9,-0.20000000298023224,-1.5506128072738647,-1.5908188819885254,-1.8501896858215332,False,-1.5908188819885254
66,0.2,cM3Yna7AavY_10,1.600000023841858,1.5914323329925537,1.3000484704971313,1.3199589252471924,False,1.3000484704971313
66,0.2,cM3Yna7AavY_11,2.0,0.3204060196876526,0.519407331943512,0.41073402762413025,False,0.519407331943512
66,0.2,cM3Yna7AavY_12,-1.0,-0.8284215927124023,-0.7743250727653503,-0.5493375658988953,False,-0.7743250727653503
66,0.2,cM3Yna7AavY_13,-1.600000023841858,-1.4545215368270874,-1.5808558464050293,-1.7982542514801025,False,-1.5808558464050293
66,0.2,cM3Yna7AavY_14,-2.5999999046325684,0.6244387626647949,-0.32008621096611023,-0.2657705545425415,False,-0.32008621096611023
66,0.2,cM3Yna7AavY_15,-2.4000000953674316,-1.7544207572937012,-1.9148595333099365,-1.4630838632583618,False,-1.9148595333099365
66,0.2,cM3Yna7AavY_16,-2.799999952316284,-0.9878646731376648,-1.441325306892395,-1.5588676929473877,False,-1.441325306892395
66,0.2,lXPQBPVc5Cw_1,0.20000000298023224,1.5797176361083984,1.5797176361083984,1.884662389755249,False,1.5797176361083984
66,0.2,lXPQBPVc5Cw_2,-2.200000047683716,0.44112566113471985,0.8001487255096436,0.5959057211875916,False,0.8001487255096436
66,0.2,lXPQBPVc5Cw_3,-2.4000000953674316,0.1187574565410614,0.4801967144012451,0.10489873588085175,True,0.10489873588085175
66,0.2,lXPQBPVc5Cw_4,-1.2000000476837158,0.14469696581363678,0.5192504525184631,-0.021047694608569145,True,-0.021047694608569145
66,0.2,lXPQBPVc5Cw_5,-1.0,-0.7900972962379456,-0.7714357972145081,-0.7157549262046814,False,-0.7714357972145081
66,0.2,lXPQBPVc5Cw_6,-1.399999976158142,-1.7784314155578613,-2.10916805267334,-1.9803173542022705,False,-2.10916805267334
66,0.2,lXPQBPVc5Cw_7,-2.799999952316284,-1.5286788940429688,-2.01310396194458,-1.8521170616149902,False,-2.01310396194458
66,0.2,lXPQBPVc5Cw_8,2.5999999046325684,1.5466828346252441,1.0814528465270996,1.0214245319366455,False,1.0814528465270996
66,0.2,lXPQBPVc5Cw_9,-2.5999999046325684,0.3257830739021301,0.5343755483627319,0.02338830940425396,False,0.5343755483627319
66,0.2,lXPQBPVc5Cw_10,-2.200000047683716,-1.743364691734314,-1.8350591659545898,-1.5312925577163696,False,-1.8350591659545898
66,0.2,lXPQBPVc5Cw_11,-1.7999999523162842,0.6533272862434387,-0.8114247918128967,-0.24066999554634094,False,-0.8114247918128967
66,0.2,lXPQBPVc5Cw_12,-2.0,-1.7879670858383179,-2.108987331390381,-2.0133087635040283,False,-2.108987331390381
66,0.2,lXPQBPVc5Cw_13,2.799999952316284,-0.5437940359115601,-1.5056761503219604,-1.584404706954956,False,-1.5056761503219604
66,0.2,lXPQBPVc5Cw_14,-2.200000047683716,-1.9457577466964722,-2.3527615070343018,-2.1487042903900146,False,-2.3527615070343018
66,0.2,lXPQBPVc5Cw_15,-2.799999952316284,-1.6550648212432861,-2.1765427589416504,-2.126892566680908,False,-2.1765427589416504
66,0.2,lXPQBPVc5Cw_16,0.20000000298023224,-1.2034199237823486,-1.7761659622192383,-1.5407894849777222,False,-1.7761659622192383
66,0.2,lXPQBPVc5Cw_17,-1.7999999523162842,1.4069287776947021,1.0194127559661865,0.683686375617981,False,1.0194127559661865
66,0.2,lXPQBPVc5Cw_18,-1.399999976158142,-1.1708407402038574,-1.2162004709243774,-1.6051900386810303,False,-1.2162004709243774
66,0.2,lXPQBPVc5Cw_19,-1.7999999523162842,-1.23344087600708,-1.5978355407714844,-1.6598988771438599,False,-1.5978355407714844
66,0.2,lXPQBPVc5Cw_20,-1.7999999523162842,-1.1049593687057495,-1.5605632066726685,-0.711232602596283,False,-1.5605632066726685
66,0.2,lXPQBPVc5Cw_21,1.7999999523162842,0.7858560085296631,-0.7317265868186951,-0.18924443423748016,False,-0.7317265868186951
66,0.2,lXPQBPVc5Cw_22,2.5999999046325684,1.8358798027038574,1.278430700302124,2.0912857055664062,False,1.278430700302124
66,0.2,lXPQBPVc5Cw_23,-2.4000000953674316,-1.184117078781128,-1.1482683420181274,-1.2765064239501953,False,-1.1482683420181274
66,0.2,lXPQBPVc5Cw_24,-1.399999976158142,-0.7660903930664062,-1.5285817384719849,-1.3482102155685425,False,-1.5285817384719849
66,0.2,lXPQBPVc5Cw_25,-2.4000000953674316,-0.6114702224731445,-1.262378454208374,-1.1223129034042358,False,-1.262378454208374
66,0.2,lXPQBPVc5Cw_26,-2.799999952316284,-1.551715612411499,-2.008312463760376,-1.5293396711349487,False,-2.008312463760376
66,0.2,lXPQBPVc5Cw_27,-2.799999952316284,-0.7667386531829834,-1.3662441968917847,-1.5435887575149536,False,-1.3662441968917847
66,0.2,lXPQBPVc5Cw_28,0.800000011920929,0.19706173241138458,-0.39020758867263794,-0.809350311756134,True,-0.809350311756134
66,0.2,lXPQBPVc5Cw_29,-1.2000000476837158,-1.4415545463562012,-1.77500319480896,-1.7634729146957397,False,-1.77500319480896
66,0.2,lXPQBPVc5Cw_30,-2.0,-1.1214957237243652,-1.6526789665222168,-1.7077956199645996,False,-1.6526789665222168
66,0.2,cXypl4FnoZo_1,1.0,-1.1235193014144897,-1.1235193014144897,-0.6891054511070251,False,-1.1235193014144897
66,0.2,cXypl4FnoZo_2,1.0,1.0520809888839722,0.9312317967414856,1.2281184196472168,False,0.9312317967414856
66,0.2,cXypl4FnoZo_3,1.7999999523162842,1.5343422889709473,1.4524426460266113,1.675781011581421,False,1.4524426460266113
66,0.2,cXypl4FnoZo_4,-0.800000011920929,-1.0476250648498535,-0.7863584160804749,-1.1441017389297485,False,-0.7863584160804749
66,0.2,cXypl4FnoZo_5,1.7999999523162842,0.8384484052658081,0.4834214150905609,-0.029301250353455544,False,0.4834214150905609
66,0.2,cXypl4FnoZo_6,-0.6000000238418579,0.5327240228652954,0.35349851846694946,0.06972572952508926,False,0.35349851846694946
66,0.2,cXypl4FnoZo_7,-1.0,-0.883946418762207,-0.9402030110359192,-0.4351847171783447,False,-0.9402030110359192
66,0.2,cXypl4FnoZo_8,1.399999976158142,0.6396104693412781,-0.22763772308826447,-0.33772212266921997,False,-0.22763772308826447
66,0.2,cXypl4FnoZo_9,1.2000000476837158,0.5220178961753845,0.14776688814163208,-0.20997366309165955,False,0.14776688814163208
66,0.2,cXypl4FnoZo_10,2.0,0.5624111294746399,-0.0452861562371254,-0.5086439251899719,False,-0.0452861562371254
66,0.2,cXypl4FnoZo_11,1.399999976158142,1.4472501277923584,1.193547010421753,1.0656163692474365,False,1.193547010421753
66,0.2,cXypl4FnoZo_12,2.0,1.5178252458572388,1.3870673179626465,1.3642032146453857,False,1.3870673179626465
66,0.2,cXypl4FnoZo_13,-1.0,-1.3110144138336182,-1.3126527070999146,-0.8997418284416199,False,-1.3126527070999146
66,0.2,cXypl4FnoZo_14,-0.6000000238418579,0.134537935256958,-0.19947923719882965,-0.5591992735862732,True,-0.5591992735862732
66,0.2,cXypl4FnoZo_15,0.0,-0.628608226776123,-0.897277295589447,-1.1640844345092773,False,-0.897277295589447
66,0.2,cXypl4FnoZo_16,-0.6000000238418579,-0.7655867338180542,-1.135696530342102,-1.4552146196365356,False,-1.135696530342102
66,0.2,cXypl4FnoZo_17,-0.6000000238418579,0.5586602687835693,-0.4189106523990631,-0.9855387806892395,False,-0.4189106523990631
66,0.2,cXypl4FnoZo_18,-0.25,-1.2697560787200928,-1.5613048076629639,-1.1315926313400269,False,-1.5613048076629639
66,0.2,cXypl4FnoZo_19,0.800000011920929,0.4535559117794037,-0.041240349411964417,-0.2170453667640686,False,-0.041240349411964417
66,0.2,cXypl4FnoZo_20,-1.0,-0.547110378742218,-0.8759456276893616,-1.4168477058410645,False,-0.8759456276893616
66,0.2,cXypl4FnoZo_21,-0.6000000238418579,-0.34224018454551697,-0.7186514735221863,-1.136064052581787,False,-0.7186514735221863
66,0.2,cXypl4FnoZo_22,0.20000000298023224,0.6776455044746399,0.322401225566864,-0.3446454107761383,False,0.322401225566864
66,0.2,cXypl4FnoZo_23,0.4000000059604645,0.9385101199150085,0.6877709627151489,0.15894530713558197,False,0.6877709627151489
66,0.2,cXypl4FnoZo_24,0.20000000298023224,-0.1249709501862526,-0.37899160385131836,0.49895718693733215,True,0.49895718693733215
66,0.2,cXypl4FnoZo_25,-1.2000000476837158,0.5216894745826721,0.0135655477643013,-0.32651975750923157,False,0.0135655477643013
66,0.2,cXypl4FnoZo_26,0.6000000238418579,0.05182592570781708,-0.351314514875412,-0.4394824802875519,True,-0.4394824802875519
66,0.2,cXypl4FnoZo_27,0.800000011920929,0.4068281054496765,0.1980598270893097,-0.6945621371269226,False,0.1980598270893097
66,0.2,cXypl4FnoZo_28,-2.200000047683716,0.3568907678127289,0.06290589272975922,-0.5788669586181641,False,0.06290589272975922
66,0.2,cXypl4FnoZo_29,-1.399999976158142,0.4759468734264374,0.11620814353227615,-0.3505372107028961,False,0.11620814353227615
66,0.2,c7UH_rxdZv4_1,-2.799999952316284,-1.724534273147583,-1.724534273147583,-1.4077702760696411,False,-1.724534273147583
66,0.2,c7UH_rxdZv4_2,-2.5999999046325684,-1.5070722103118896,-1.8765476942062378,-1.9837044477462769,False,-1.8765476942062378
66,0.2,c7UH_rxdZv4_3,-0.800000011920929,0.25211870670318604,-0.8606676459312439,-0.667320191860199,False,-0.8606676459312439
66,0.2,c7UH_rxdZv4_4,1.600000023841858,1.5372267961502075,1.275161623954773,1.5060845613479614,False,1.275161623954773
66,0.2,c7UH_rxdZv4_5,-2.200000047683716,-0.5335302352905273,-0.5795807838439941,-0.4118955135345459,False,-0.5795807838439941
66,0.2,c7UH_rxdZv4_6,-2.5999999046325684,-0.005875660106539726,-0.2922544777393341,-0.1562289148569107,True,-0.1562289148569107
66,0.2,c7UH_rxdZv4_7,-3.0,-1.7474435567855835,-1.797574520111084,-1.6414430141448975,False,-1.797574520111084
66,0.2,c7UH_rxdZv4_8,-2.799999952316284,-1.6120588779449463,-1.9419993162155151,-1.3251177072525024,False,-1.9419993162155151
66,0.2,c7UH_rxdZv4_9,-0.4000000059604645,0.5559489727020264,0.005306364968419075,0.26479479670524597,False,0.005306364968419075
66,0.2,c7UH_rxdZv4_10,0.800000011920929,-0.6042083501815796,-0.9825044870376587,-0.7482923865318298,False,-0.9825044870376587
66,0.2,c7UH_rxdZv4_11,1.0,0.6054174900054932,0.16192860901355743,0.22988475859165192,False,0.16192860901355743
66,0.2,c7UH_rxdZv4_12,-2.799999952316284,-0.19920164346694946,-0.2721555233001709,-0.6039138436317444,True,-0.6039138436317444
66,0.2,c7UH_rxdZv4_13,-2.5999999046325684,-1.5927401781082153,-1.8315774202346802,-1.3404784202575684,False,-1.8315774202346802
66,0.2,c7UH_rxdZv4_14,1.2000000476837158,1.3473931550979614,1.0638991594314575,0.7359392046928406,False,1.0638991594314575
66,0.2,c7UH_rxdZv4_15,-2.4000000953674316,-1.5365028381347656,-1.458009123802185,-1.72177255153656,False,-1.458009123802185
66,0.2,c7UH_rxdZv4_16,-2.0,-1.1363613605499268,-1.536921501159668,-1.6920431852340698,False,-1.536921501159668
66,0.2,c7UH_rxdZv4_17,-1.399999976158142,1.2426376342773438,0.893002986907959,0.755212128162384,False,0.893002986907959
66,0.2,c7UH_rxdZv4_18,-2.25,0.025274591520428658,0.26030704379081726,-0.3613007664680481,True,-0.3613007664680481
66,0.2,c7UH_rxdZv4_19,-1.7999999523162842,-1.5426230430603027,-1.4706703424453735,-1.814542293548584,False,-1.4706703424453735
66,0.2,c7UH_rxdZv4_20,-1.7999999523162842,-1.1398069858551025,-1.4436739683151245,-1.5037250518798828,False,-1.4436739683151245
66,0.2,c7UH_rxdZv4_21,-0.800000011920929,0.5275737643241882,-0.013121439144015312,-0.3956885039806366,False,-0.013121439144015312
66,0.2,c7UH_rxdZv4_22,-2.4000000953674316,-1.1091543436050415,-1.360487937927246,-1.471451997756958,False,-1.360487937927246
66,0.2,c7UH_rxdZv4_23,-0.6000000238418579,-1.4855705499649048,-1.76665198802948,-1.7498672008514404,False,-1.76665198802948
66,0.2,c7UH_rxdZv4_24,-1.7999999523162842,-0.846652626991272,-1.269932746887207,-1.5117594003677368,False,-1.269932746887207
66,0.2,c7UH_rxdZv4_25,0.0,-0.26599639654159546,-1.1383857727050781,-1.1112310886383057,False,-1.1383857727050781
66,0.2,c7UH_rxdZv4_26,-2.5999999046325684,0.19771680235862732,-0.7705230712890625,-1.0067379474639893,True,-1.0067379474639893
66,0.2,c7UH_rxdZv4_27,-1.7999999523162842,-1.0024110078811646,-1.5163676738739014,-0.3121483325958252,False,-1.5163676738739014
66,0.2,c7UH_rxdZv4_28,-0.800000011920929,-1.2405859231948853,-1.7119178771972656,-1.1764787435531616,False,-1.7119178771972656
66,0.2,c7UH_rxdZv4_29,0.6000000238418579,1.062039852142334,0.7570332884788513,0.7772385478019714,False,0.7570332884788513
66,0.2,c7UH_rxdZv4_30,1.2000000476837158,0.6615665555000305,0.46342748403549194,0.7903904914855957,False,0.46342748403549194
66,0.2,c7UH_rxdZv4_31,-1.399999976158142,-0.27123144268989563,-0.4298773407936096,-0.5365933179855347,False,-0.4298773407936096
66,0.2,c7UH_rxdZv4_32,-2.200000047683716,0.04708245396614075,0.27775976061820984,-0.11304354667663574,True,-0.11304354667663574
66,0.2,c7UH_rxdZv4_33,-1.7999999523162842,-0.9972943663597107,-0.9504402875900269,-1.60903799533844,False,-0.9504402875900269
66,0.3,f9O3YtZ2VfI_1,-1.2000000476837158,-1.6125158071517944,-1.6125158071517944,-1.1166037321090698,False,-1.6125158071517944
66,0.3,f9O3YtZ2VfI_2,1.25,0.4586559236049652,-0.4659412205219269,0.021851826459169388,False,-0.4659412205219269
66,0.3,f9O3YtZ2VfI_3,0.6000000238418579,1.1943559646606445,1.0038710832595825,0.7191169261932373,False,1.0038710832595825
66,0.3,f9O3YtZ2VfI_4,-2.4000000953674316,0.2961151599884033,0.40138235688209534,-0.1068696528673172,False,0.40138235688209534
66,0.3,f9O3YtZ2VfI_5,-1.7999999523162842,-0.8807099461555481,-0.8858978152275085,-0.7687642574310303,False,-0.8858978152275085
66,0.3,f9O3YtZ2VfI_6,-2.5999999046325684,0.46868082880973816,-0.5883389711380005,-0.14151215553283691,False,-0.5883389711380005
66,0.3,f9O3YtZ2VfI_7,-1.2000000476837158,-1.1332777738571167,-1.412878394126892,-0.9373340606689453,False,-1.412878394126892
66,0.3,f9O3YtZ2VfI_8,-1.7999999523162842,-0.6007246375083923,-0.924716055393219,-0.5890346765518188,False,-0.924716055393219
66,0.3,f9O3YtZ2VfI_9,-2.200000047683716,0.02535896934568882,-0.8975141048431396,-0.8614623546600342,True,-0.8614623546600342
66,0.3,f9O3YtZ2VfI_10,-2.0,-0.5344154834747314,-0.8746249079704285,-0.8673672080039978,False,-0.8746249079704285
66,0.3,f9O3YtZ2VfI_11,-0.800000011920929,-0.7132546901702881,-1.153773546218872,-0.8401992917060852,False,-1.153773546218872
66,0.3,f9O3YtZ2VfI_12,-1.7999999523162842,-0.7625178098678589,-1.1480753421783447,-0.6072315573692322,False,-1.1480753421783447
66,0.3,f9O3YtZ2VfI_13,-1.600000023841858,-0.8507615327835083,-1.026214838027954,-0.898263692855835,False,-1.026214838027954
66,0.3,f9O3YtZ2VfI_14,1.2000000476837158,0.6446853280067444,-0.375397264957428,-0.13077612221240997,False,-0.375397264957428
66,0.3,f9O3YtZ2VfI_15,-1.2000000476837158,0.19765818119049072,-0.7773064970970154,-0.4343312680721283,True,-0.4343312680721283
66,0.3,f9O3YtZ2VfI_16,-1.0,1.2469227313995361,0.9952308535575867,0.6000493168830872,False,0.9952308535575867
66,0.3,f9O3YtZ2VfI_17,-2.0,-1.2948288917541504,-1.2435425519943237,-0.513276994228363,False,-1.2435425519943237
66,0.3,f9O3YtZ2VfI_18,-1.0,0.42857563495635986,-0.34319213032722473,-0.28305694460868835,False,-0.34319213032722473
66,0.3,f9O3YtZ2VfI_19,-0.6000000238418579,0.09114804118871689,-0.3134281635284424,-0.39571332931518555,True,-0.39571332931518555
66,0.3,f9O3YtZ2VfI_20,-0.4000000059604645,-0.8014901876449585,-0.7195060849189758,-0.6095625758171082,False,-0.7195060849189758
66,0.3,f9O3YtZ2VfI_21,2.0,1.5117887258529663,1.2610211372375488,1.131711483001709,False,1.2610211372375488
66,0.3,f9O3YtZ2VfI_22,1.399999976158142,0.40167367458343506,0.749409556388855,0.3811461329460144,False,0.749409556388855
66,0.3,f9O3YtZ2VfI_23,1.600000023841858,0.34484732151031494,0.588862955570221,-0.18192344903945923,False,0.588862955570221
66,0.3,f9O3YtZ2VfI_24,-2.5999999046325684,-0.9865877032279968,-0.7481774091720581,-0.6520668268203735,False,-0.7481774091720581
66,0.3,f9O3YtZ2VfI_25,-1.399999976158142,-1.5817859172821045,-1.5792099237442017,-1.2443684339523315,False,-1.5792099237442017
66,0.3,f9O3YtZ2VfI_26,1.399999976158142,0.23398981988430023,-0.7737168669700623,-0.35147374868392944,True,-0.35147374868392944
66,0.3,f9O3YtZ2VfI_27,1.600000023841858,1.7032328844070435,1.54240882396698,1.475982427597046,False,1.54240882396698
66,0.3,f9O3YtZ2VfI_28,1.2000000476837158,0.3433075249195099,0.5373947620391846,0.28085270524024963,False,0.5373947620391846
66,0.3,f9O3YtZ2VfI_29,-2.0,0.21516656875610352,0.16956107318401337,-0.24152567982673645,True,-0.24152567982673645
66,0.3,f9O3YtZ2VfI_30,-1.0,-1.3462979793548584,-1.2783856391906738,-1.0381736755371094,False,-1.2783856391906738
66,0.3,wMbj6ajWbic_1,0.5,0.7797458171844482,0.7797458171844482,0.7614035606384277,False,0.7797458171844482
66,0.3,wMbj6ajWbic_2,-0.800000011920929,0.4243253171443939,0.4205579459667206,0.3478265404701233,False,0.4205579459667206
66,0.3,wMbj6ajWbic_3,0.0,0.0972675010561943,-0.19738976657390594,0.22648313641548157,True,0.22648313641548157
66,0.3,wMbj6ajWbic_4,1.0,-1.1705213785171509,-1.3570011854171753,-1.0229732990264893,False,-1.3570011854171753
66,0.3,wMbj6ajWbic_5,0.20000000298023224,1.566623568534851,1.165199637413025,1.1557074785232544,False,1.165199637413025
66,0.3,wMbj6ajWbic_6,1.7999999523162842,-0.026826290413737297,0.212982639670372,0.07219358533620834,True,0.07219358533620834
66,0.3,wMbj6ajWbic_7,-1.2000000476837158,-1.130976676940918,-1.1467041969299316,-0.9468932151794434,False,-1.1467041969299316
66,0.3,wMbj6ajWbic_8,-0.20000000298023224,0.1223801001906395,-0.3576997220516205,-0.24601364135742188,True,-0.24601364135742188
66,0.3,wMbj6ajWbic_9,-2.0,-1.5496255159378052,-1.7551016807556152,-1.0870639085769653,False,-1.7551016807556152
66,0.3,wMbj6ajWbic_10,-1.7999999523162842,-0.3972204625606537,-0.9746748208999634,-0.4787473976612091,False,-0.9746748208999634
66,0.3,wMbj6ajWbic_11,0.4000000059604645,-0.8885980248451233,-1.2451696395874023,-0.8316720724105835,False,-1.2451696395874023
66,0.3,wMbj6ajWbic_12,1.600000023841858,1.158219337463379,0.8415688872337341,0.4465022087097168,False,0.8415688872337341
66,0.3,wMbj6ajWbic_13,2.0,1.598806619644165,1.4873135089874268,0.9465041756629944,False,1.4873135089874268
66,0.3,wMbj6ajWbic_14,-0.800000011920929,0.8097277879714966,0.8558028936386108,-0.22581660747528076,False,0.8558028936386108
66,0.3,wMbj6ajWbic_15,2.0,-0.693416953086853,-0.47325995564460754,-0.5654458403587341,False,-0.47325995564460754
66,0.3,wMbj6ajWbic_16,-0.4000000059604645,-1.1935815811157227,-1.4493653774261475,-0.6614679098129272,False,-1.4493653774261475
66,0.3,wMbj6ajWbic_17,2.0,1.2969551086425781,0.6631737351417542,0.5878422856330872,False,0.6631737351417542
66,0.3,wMbj6ajWbic_18,-1.0,0.3702376186847687,0.12878094613552094,0.17287138104438782,False,0.12878094613552094
66,0.3,wMbj6ajWbic_19,-0.6000000238418579,-0.5378029346466064,-0.7869428396224976,-0.23390913009643555,False,-0.7869428396224976
66,0.3,wMbj6ajWbic_20,-0.4000000059604645,0.3326762914657593,-0.08310279995203018,-0.11796087771654129,False,-0.08310279995203018
66,0.3,wMbj6ajWbic_21,1.600000023841858,1.2540162801742554,0.985598623752594,1.2483625411987305,False,0.985598623752594
66,0.3,wMbj6ajWbic_22,1.399999976158142,1.3868865966796875,1.2293449640274048,1.4509354829788208,False,1.2293449640274048
66,0.3,wMbj6ajWbic_23,1.7999999523162842,0.5267682075500488,0.7377210855484009,0.20410969853401184,False,0.7377210855484009
66,0.3,wMbj6ajWbic_24,1.399999976158142,1.498931646347046,1.4038934707641602,1.4239033460617065,False,1.4038934707641602
66,0.3,wMbj6ajWbic_25,2.0,0.467289000749588,1.0260025262832642,0.7298144102096558,False,1.0260025262832642
66,0.3,wMbj6ajWbic_26,1.7999999523162842,1.4656285047531128,1.224661111831665,1.238591194152832,False,1.224661111831665
66,0.3,wMbj6ajWbic_27,0.0,-0.1301940679550171,0.06386454403400421,-0.165534108877182,True,-0.165534108877182
66,0.3,wMbj6ajWbic_28,2.4000000953674316,1.4590448141098022,1.2302618026733398,1.4718647003173828,False,1.2302618026733398
66,0.3,wMbj6ajWbic_29,1.7999999523162842,0.4172493517398834,0.6904101967811584,0.6067256331443787,False,0.6904101967811584
66,0.3,wMbj6ajWbic_30,0.800000011920929,1.623370885848999,1.4964135885238647,1.537131428718567,False,1.4964135885238647
66,0.3,vvZ4IcEtiZc_1,2.0,1.5819743871688843,1.5819743871688843,1.9705753326416016,False,1.5819743871688843
66,0.3,vvZ4IcEtiZc_2,2.4000000953674316,1.8450144529342651,1.7970839738845825,2.097195625305176,False,1.7970839738845825
66,0.3,vvZ4IcEtiZc_3,1.399999976158142,0.6336801648139954,1.1858537197113037,1.0770717859268188,False,1.1858537197113037
66,0.3,vvZ4IcEtiZc_4,2.200000047683716,1.6705862283706665,1.6098307371139526,1.7678849697113037,False,1.6098307371139526
66,0.3,vvZ4IcEtiZc_5,1.2000000476837158,0.45296841859817505,0.9507407546043396,0.5104973316192627,False,0.9507407546043396
66,0.3,vvZ4IcEtiZc_6,1.0,1.511013150215149,1.446570873260498,1.5486575365066528,False,1.446570873260498
66,0.3,vvZ4IcEtiZc_7,1.399999976158142,0.7500374913215637,1.0827758312225342,0.9823578000068665,False,1.0827758312225342
66,0.3,vvZ4IcEtiZc_8,-1.5,-1.3432193994522095,-0.7140334844589233,-0.6853752136230469,False,-0.7140334844589233
66,0.3,vvZ4IcEtiZc_9,2.200000047683716,0.07370094954967499,0.11983568221330643,-0.2744206190109253,True,-0.2744206190109253
66,0.3,vvZ4IcEtiZc_10,-2.0,0.840661883354187,0.6939730048179626,0.6240137815475464,False,0.6939730048179626
66,0.3,vvZ4IcEtiZc_11,1.600000023841858,-0.04581989347934723,0.051020681858062744,-0.29291290044784546,True,-0.29291290044784546
66,0.3,vvZ4IcEtiZc_12,0.20000000298023224,0.7733531594276428,0.5944408774375916,0.455585777759552,False,0.5944408774375916
66,0.3,d3_k5Xpfmik_1,2.0,1.555069088935852,1.555069088935852,2.0646257400512695,False,1.555069088935852
66,0.3,d3_k5Xpfmik_2,0.0,0.6696395874023438,0.7563171982765198,0.26463523507118225,False,0.7563171982765198
66,0.3,d3_k5Xpfmik_3,2.0,1.5018709897994995,1.3496577739715576,1.4042117595672607,False,1.3496577739715576
66,0.3,d3_k5Xpfmik_4,-1.0,-0.5223653316497803,-0.17993000149726868,-0.6391209363937378,False,-0.17993000149726868
66,0.3,d3_k5Xpfmik_5,2.200000047683716,0.6824846267700195,0.5178954601287842,-0.051894549280405045,False,0.5178954601287842
66,0.3,d3_k5Xpfmik_6,1.600000023841858,1.528684139251709,1.2778762578964233,1.2629116773605347,False,1.2778762578964233
66,0.3,d3_k5Xpfmik_7,0.4000000059604645,-0.7820274233818054,-0.5926589369773865,-0.6592406630516052,False,-0.5926589369773865
66,0.3,d3_k5Xpfmik_8,2.200000047683716,1.7247051000595093,1.512282133102417,1.5722033977508545,False,1.512282133102417
66,0.3,d3_k5Xpfmik_9,1.399999976158142,0.7159271836280823,1.043104648590088,0.8188510537147522,False,1.043104648590088
66,0.3,d3_k5Xpfmik_10,0.4000000059604645,0.9568753242492676,0.9717430472373962,0.2873894274234772,False,0.9717430472373962
66,0.3,d3_k5Xpfmik_11,2.4000000953674316,0.648039698600769,0.6668466329574585,0.16372787952423096,False,0.6668466329574585
66,0.3,d3_k5Xpfmik_12,2.0,1.437564730644226,1.194533109664917,0.9955043792724609,False,1.194533109664917
66,0.3,d3_k5Xpfmik_13,2.200000047683716,1.7197630405426025,1.6081273555755615,1.366665005683899,False,1.6081273555755615
66,0.3,d3_k5Xpfmik_14,2.0,-0.2035098522901535,0.06205121427774429,0.16930434107780457,True,0.16930434107780457
66,0.3,d3_k5Xpfmik_15,2.5999999046325684,1.6052383184432983,1.4496934413909912,1.3257725238800049,False,1.4496934413909912
66,0.3,d3_k5Xpfmik_16,2.0,0.7298266291618347,0.8338945508003235,0.5126106142997742,False,0.8338945508003235
66,0.3,d3_k5Xpfmik_17,1.600000023841858,0.7008640766143799,0.8144938349723816,0.47308310866355896,False,0.8144938349723816
66,0.3,d3_k5Xpfmik_18,0.800000011920929,-1.34027898311615,-1.0928672552108765,-0.9827798008918762,False,-1.0928672552108765
66,0.3,d3_k5Xpfmik_19,0.20000000298023224,0.7583230137825012,0.46630483865737915,0.6002971529960632,False,0.46630483865737915
66,0.3,vyB00TXsimI_1,0.0,0.751952588558197,0.751952588558197,1.2631990909576416,False,0.751952588558197
66,0.3,vyB00TXsimI_2,-2.4000000953674316,0.3338008224964142,0.6588543057441711,0.7158136367797852,False,0.6588543057441711
66,0.3,vyB00TXsimI_3,2.200000047683716,0.6575735211372375,0.8242257237434387,0.8274809122085571,False,0.8242257237434387
66,0.3,vyB00TXsimI_4,1.7999999523162842,1.586726427078247,1.370058298110962,1.611093521118164,False,1.370058298110962
66,0.3,vyB00TXsimI_5,1.7999999523162842,0.49826762080192566,0.988549530506134,0.8596078753471375,False,0.988549530506134
66,0.3,vyB00TXsimI_6,2.0,0.6620845198631287,0.9068603515625,0.4789313077926636,False,0.9068603515625
66,0.3,vyB00TXsimI_7,2.4000000953674316,1.5012577772140503,1.428614854812622,1.684767723083496,False,1.428614854812622
66,0.3,vyB00TXsimI_8,2.5999999046325684,1.566684603691101,1.34761643409729,1.6114383935928345,False,1.34761643409729
66,0.3,vyB00TXsimI_9,-0.25,-0.6119956374168396,-0.529639482498169,-0.13227927684783936,False,-0.529639482498169
66,0.3,vyB00TXsimI_10,1.3333333730697632,1.2084869146347046,0.8853511214256287,0.9768106937408447,False,0.8853511214256287
66,0.3,vyB00TXsimI_11,-0.20000000298023224,0.8203150033950806,0.8077910542488098,-0.04965654015541077,False,0.8077910542488098
66,0.3,vyB00TXsimI_12,0.20000000298023224,0.8568347692489624,0.8274993300437927,0.39653506875038147,False,0.8274993300437927
66,0.3,vyB00TXsimI_13,2.4000000953674316,0.107883520424366,0.47151219844818115,-0.45526817440986633,True,-0.45526817440986633
66,0.3,vyB00TXsimI_14,2.0,1.7254399061203003,1.3321385383605957,1.4696335792541504,False,1.3321385383605957
66,0.3,vyB00TXsimI_15,2.5999999046325684,1.3778623342514038,1.087989091873169,0.9111419916152954,False,1.087989091873169
66,0.3,vyB00TXsimI_16,0.4000000059604645,0.24210573732852936,0.7646136283874512,0.06458506733179092,True,0.06458506733179092
66,0.3,vyB00TXsimI_17,1.399999976158142,1.4820821285247803,1.3830128908157349,1.0986967086791992,False,1.3830128908157349
66,0.3,vyB00TXsimI_18,2.4000000953674316,1.733611822128296,1.5961799621582031,1.6356596946716309,False,1.5961799621582031
66,0.3,vyB00TXsimI_19,1.2000000476837158,0.7775524258613586,1.1691288948059082,0.8791961073875427,False,1.1691288948059082
66,0.3,vyB00TXsimI_20,2.200000047683716,0.7242267727851868,1.1558001041412354,0.806803286075592,False,1.1558001041412354
66,0.3,vyB00TXsimI_21,1.2000000476837158,1.6783485412597656,1.4549318552017212,1.7129924297332764,False,1.4549318552017212
66,0.3,vyB00TXsimI_22,0.6000000238418579,-0.9169430732727051,-0.7091044783592224,-0.4722787141799927,False,-0.7091044783592224
66,0.3,fvVhgmXxadc_1,-0.4000000059604645,1.5480515956878662,1.5480515956878662,1.8034876585006714,False,1.5480515956878662
66,0.3,fvVhgmXxadc_2,-2.799999952316284,-1.879246473312378,-1.6861217021942139,-1.3248136043548584,False,-1.6861217021942139
66,0.3,fvVhgmXxadc_3,-2.200000047683716,-1.1544058322906494,-1.459080457687378,-0.8210736513137817,False,-1.459080457687378
66,0.3,fvVhgmXxadc_4,-2.799999952316284,-1.4263006448745728,-1.8523924350738525,-1.1330695152282715,False,-1.8523924350738525
66,0.3,fvVhgmXxadc_5,0.0,-0.8752816319465637,-1.4069396257400513,-0.8484510183334351,False,-1.4069396257400513
66,0.3,fvVhgmXxadc_6,-0.20000000298023224,-1.698525071144104,-2.076131582260132,-1.248964548110962,False,-2.076131582260132
66,0.3,fvVhgmXxadc_7,-1.0,-0.729787290096283,-1.327187180519104,-0.5285024046897888,False,-1.327187180519104
66,0.3,fvVhgmXxadc_8,-0.5,-1.3016631603240967,-1.8271652460098267,-1.0897248983383179,False,-1.8271652460098267
66,0.3,fvVhgmXxadc_9,-0.4000000059604645,0.18334144353866577,-0.9033129811286926,-0.45552319288253784,True,-0.45552319288253784
66,0.3,fvVhgmXxadc_10,0.0,0.25573423504829407,-0.8218250274658203,-0.4030132293701172,False,-0.8218250274658203
66,0.3,fvVhgmXxadc_11,-0.20000000298023224,0.35168829560279846,-0.35612964630126953,0.05001768469810486,False,-0.35612964630126953
66,0.3,fvVhgmXxadc_12,0.0,0.11559519916772842,-0.579695463180542,-0.40133893489837646,True,-0.40133893489837646
66,0.3,fvVhgmXxadc_13,0.20000000298023224,-0.7135401964187622,-1.246524453163147,-0.7439324259757996,False,-1.246524453163147
66,0.3,fvVhgmXxadc_14,0.0,-0.42241671681404114,-0.929059624671936,-0.5993916988372803,False,-0.929059624671936
66,0.3,ob23OKe5a9Q_1,1.2000000476837158,0.3907102346420288,0.3907102346420288,0.5855743288993835,False,0.3907102346420288
66,0.3,ob23OKe5a9Q_2,1.0,0.6454530358314514,0.496082603931427,1.026700496673584,False,0.496082603931427
66,0.3,ob23OKe5a9Q_3,-1.2000000476837158,-1.2316745519638062,-0.888198971748352,-0.8478111624717712,False,-0.888198971748352
66,0.3,ob23OKe5a9Q_4,-1.5,0.08528832346200943,-0.7591071724891663,-0.6615415811538696,True,-0.6615415811538696
66,0.3,ob23OKe5a9Q_5,-1.7999999523162842,-1.607832908630371,-1.793101191520691,-1.1466782093048096,False,-1.793101191520691
66,0.3,ob23OKe5a9Q_6,0.0,-0.009817184880375862,-1.1268328428268433,-0.31322959065437317,True,-0.31322959065437317
66,0.3,ob23OKe5a9Q_7,0.6000000238418579,1.4370713233947754,0.9299570322036743,1.0794754028320312,False,0.9299570322036743
66,0.3,ob23OKe5a9Q_8,0.6000000238418579,1.6399080753326416,1.4592669010162354,1.606182336807251,False,1.4592669010162354
66,0.3,ob23OKe5a9Q_9,-1.399999976158142,0.35999345779418945,0.7911325693130493,0.9174465537071228,False,0.7911325693130493
66,0.3,ob23OKe5a9Q_10,1.25,1.774503469467163,1.6766427755355835,1.9265605211257935,False,1.6766427755355835
66,0.3,ob23OKe5a9Q_11,0.800000011920929,1.4797285795211792,1.393211007118225,1.7050931453704834,False,1.393211007118225
66,0.3,ob23OKe5a9Q_12,2.799999952316284,1.8520774841308594,1.5835883617401123,2.03312611579895,False,1.5835883617401123
66,0.3,ob23OKe5a9Q_13,1.25,-1.0901758670806885,-0.5997159481048584,-0.17350730299949646,False,-0.5997159481048584
66,0.3,ob23OKe5a9Q_14,0.800000011920929,1.4671969413757324,1.2839546203613281,1.4705867767333984,False,1.2839546203613281
66,0.3,zhpQhgha_KU_1,-1.600000023841858,-1.7028661966323853,-1.7028661966323853,-1.1160087585449219,False,-1.7028661966323853
66,0.3,zhpQhgha_KU_2,1.600000023841858,1.704188585281372,1.5950188636779785,1.706769347190857,False,1.5950188636779785
66,0.3,zhpQhgha_KU_3,-1.600000023841858,-1.6951050758361816,-1.4238197803497314,-1.0731679201126099,False,-1.4238197803497314
66,0.3,zhpQhgha_KU_4,-1.600000023841858,-0.020823080092668533,-0.9360571503639221,-0.2816220819950104,True,-0.2816220819950104
66,0.3,zhpQhgha_KU_5,-2.200000047683716,-1.2915222644805908,-1.6727718114852905,-1.0538731813430786,False,-1.6727718114852905
66,0.3,zhpQhgha_KU_6,1.0,1.2115302085876465,0.8414592742919922,0.9143546223640442,False,0.8414592742919922
66,0.3,zhpQhgha_KU_7,1.0,0.7778822779655457,0.6508373618125916,0.4271078407764435,False,0.6508373618125916
66,0.3,zhpQhgha_KU_8,-1.0,-1.995582103729248,-1.579986810684204,-1.2905747890472412,False,-1.579986810684204
66,0.3,zhpQhgha_KU_9,-1.0,-1.081870436668396,-1.4425066709518433,-0.8969070315361023,False,-1.4425066709518433
66,0.3,zhpQhgha_KU_10,0.6000000238418579,0.6593508124351501,0.31327003240585327,0.46522635221481323,False,0.31327003240585327
66,0.3,zhpQhgha_KU_11,-2.4000000953674316,0.012889506295323372,-0.7807707786560059,-0.4302920699119568,True,-0.4302920699119568
66,0.3,zhpQhgha_KU_12,-1.399999976158142,-1.4433406591415405,-1.74916672706604,-1.0321437120437622,False,-1.74916672706604
66,0.3,zhpQhgha_KU_13,-1.0,-1.3459171056747437,-1.638358235359192,-1.1154741048812866,False,-1.638358235359192
66,0.3,zhpQhgha_KU_14,-1.5,0.6851609349250793,-0.4901290833950043,-0.24929535388946533,False,-0.4901290833950043
66,0.3,zhpQhgha_KU_15,-2.0,-1.329386591911316,-1.7021225690841675,-1.082650899887085,False,-1.7021225690841675
66,0.3,zhpQhgha_KU_16,1.7999999523162842,1.7617974281311035,1.5231287479400635,1.5995289087295532,False,1.5231287479400635
66,0.3,zhpQhgha_KU_17,1.75,1.7453359365463257,1.619627594947815,1.6869115829467773,False,1.619627594947815
66,0.3,zhpQhgha_KU_18,0.6000000238418579,-0.8098176717758179,-0.3939381539821625,-0.1324896365404129,False,-0.3939381539821625
66,0.3,zhpQhgha_KU_19,-0.800000011920929,-0.5095202326774597,-0.6206753253936768,-0.6421387791633606,False,-0.6206753253936768
66,0.3,zhpQhgha_KU_20,-1.399999976158142,0.5815103054046631,-0.47637641429901123,-0.22595955431461334,False,-0.47637641429901123
66,0.3,zhpQhgha_KU_21,0.6000000238418579,0.4753015637397766,-0.4078056216239929,-0.06724343448877335,False,-0.4078056216239929
66,0.3,zhpQhgha_KU_22,0.6000000238418579,0.058367952704429626,-0.2807479798793793,-0.45424848794937134,True,-0.45424848794937134
66,0.3,zhpQhgha_KU_23,-0.5,0.45693379640579224,-0.2809160351753235,-0.6707677245140076,False,-0.2809160351753235
66,0.3,zhpQhgha_KU_24,0.0,0.7598368525505066,0.2829037010669708,0.1290493607521057,False,0.2829037010669708
66,0.3,zhpQhgha_KU_25,1.0,0.5775091052055359,0.38365623354911804,0.34462183713912964,False,0.38365623354911804
66,0.3,zhpQhgha_KU_26,0.0,0.8286724090576172,0.6705506443977356,0.31872567534446716,False,0.6705506443977356
66,0.3,zhpQhgha_KU_27,0.800000011920929,0.9374717473983765,0.8497506976127625,0.3071916997432709,False,0.8497506976127625
66,0.3,zhpQhgha_KU_28,1.399999976158142,1.2758241891860962,1.1060580015182495,1.1326886415481567,False,1.1060580015182495
66,0.3,zhpQhgha_KU_29,-1.2000000476837158,-1.7479528188705444,-1.3717217445373535,-1.1924110651016235,False,-1.3717217445373535
66,0.3,zhpQhgha_KU_30,-2.0,-0.9712581038475037,-1.2454346418380737,-0.8720631003379822,False,-1.2454346418380737
66,0.3,zhpQhgha_KU_31,-1.0,-0.821101725101471,-1.1947875022888184,-0.4034728407859802,False,-1.1947875022888184
66,0.3,zhpQhgha_KU_32,0.800000011920929,0.04083787649869919,-1.0558228492736816,-0.7355594038963318,True,-0.7355594038963318
66,0.3,zhpQhgha_KU_33,-0.4000000059604645,0.866738498210907,-0.20332854986190796,0.23556196689605713,False,-0.20332854986190796
66,0.3,zhpQhgha_KU_34,1.2000000476837158,0.4846374988555908,-0.5417404174804688,0.08092711865901947,False,-0.5417404174804688
66,0.3,zhpQhgha_KU_35,0.6000000238418579,0.19520621001720428,-0.8021233677864075,-0.055236369371414185,True,-0.055236369371414185
66,0.3,phBUpBr1hSo_1,1.399999976158142,1.8731536865234375,1.8731536865234375,2.5210063457489014,False,1.8731536865234375
66,0.3,phBUpBr1hSo_2,2.200000047683716,1.0557422637939453,1.3299751281738281,1.373633861541748,False,1.3299751281738281
66,0.3,phBUpBr1hSo_3,2.799999952316284,1.0765436887741089,1.2853165864944458,1.26820707321167,False,1.2853165864944458
66,0.3,phBUpBr1hSo_4,-0.800000011920929,0.9451091289520264,1.1752784252166748,1.2081679105758667,False,1.1752784252166748
66,0.3,phBUpBr1hSo_5,-1.399999976158142,-1.4598451852798462,-0.8921661376953125,-0.8770713210105896,False,-0.8921661376953125
66,0.3,phBUpBr1hSo_6,1.600000023841858,1.3996309041976929,1.260593295097351,1.115504503250122,False,1.260593295097351
66,0.3,phBUpBr1hSo_7,-1.0,-1.4841269254684448,-1.1316128969192505,-0.7607061266899109,False,-1.1316128969192505
66,0.3,phBUpBr1hSo_8,-2.200000047683716,-0.8246926069259644,-1.009690523147583,-0.4174155294895172,False,-1.009690523147583
66,0.3,phBUpBr1hSo_9,-2.0,-0.13009607791900635,-0.5894728302955627,-0.27071791887283325,True,-0.27071791887283325
66,0.3,phBUpBr1hSo_10,-1.399999976158142,-0.7250686883926392,-1.1938387155532837,-0.845609724521637,False,-1.1938387155532837
66,0.3,phBUpBr1hSo_11,2.0,1.379858374595642,0.9919107556343079,1.1612800359725952,False,0.9919107556343079
66,0.3,phBUpBr1hSo_12,1.7999999523162842,-0.490838885307312,-0.43274345993995667,-0.16805163025856018,False,-0.43274345993995667
66,0.3,phBUpBr1hSo_13,0.800000011920929,1.6450605392456055,1.4021199941635132,1.3940870761871338,False,1.4021199941635132
66,0.3,phBUpBr1hSo_14,-1.2000000476837158,0.6744219660758972,0.7725963592529297,0.6561161279678345,False,0.7725963592529297
66,0.3,phBUpBr1hSo_15,-2.200000047683716,-0.4842675030231476,-0.38145411014556885,-0.4541444480419159,False,-0.38145411014556885
66,0.3,phBUpBr1hSo_16,-1.600000023841858,0.4011620283126831,0.08221971988677979,0.09298530220985413,False,0.08221971988677979
66,0.3,phBUpBr1hSo_17,2.0,0.8420982956886292,0.5670719742774963,0.25162944197654724,False,0.5670719742774963
66,0.3,phBUpBr1hSo_18,0.800000011920929,0.9354777932167053,0.6947384476661682,0.5649154782295227,False,0.6947384476661682
66,0.3,phBUpBr1hSo_19,2.0,1.5763323307037354,1.3883646726608276,1.49482262134552,False,1.3883646726608276
66,0.3,phBUpBr1hSo_20,-1.25,-0.9986202120780945,-0.7352554202079773,-0.08641594648361206,False,-0.7352554202079773
66,0.3,phBUpBr1hSo_21,0.800000011920929,0.7475206255912781,0.15079689025878906,0.3018994927406311,False,0.15079689025878906
66,0.3,yDtzw_Y-7RU_1,0.800000011920929,0.7218822240829468,0.7218822240829468,1.1363962888717651,False,0.7218822240829468
66,0.3,yDtzw_Y-7RU_2,0.800000011920929,0.28225177526474,0.3612198829650879,0.059701066464185715,False,0.3612198829650879
66,0.3,yDtzw_Y-7RU_3,0.75,0.6337766051292419,0.5314252972602844,0.26270613074302673,False,0.5314252972602844
66,0.3,yDtzw_Y-7RU_4,-1.0,1.4583126306533813,1.286973476409912,-0.010330497287213802,False,1.286973476409912
66,0.3,yDtzw_Y-7RU_5,0.5,-1.1099348068237305,-0.9262301325798035,-0.7308815121650696,False,-0.9262301325798035
66,0.3,yDtzw_Y-7RU_6,-1.2000000476837158,-0.8222509622573853,-1.213650107383728,-0.743529200553894,False,-1.213650107383728
66,0.3,yDtzw_Y-7RU_7,-0.20000000298023224,-0.6834660172462463,-1.0746124982833862,-0.7124934196472168,False,-1.0746124982833862
66,0.3,yDtzw_Y-7RU_8,-1.5,-1.017332911491394,-1.374969482421875,-0.8579566478729248,False,-1.374969482421875
66,0.3,yDtzw_Y-7RU_9,-1.0,-0.7729946374893188,-1.1890050172805786,-0.9544240236282349,False,-1.1890050172805786
66,0.3,yDtzw_Y-7RU_10,-0.6000000238418579,0.42316368222236633,-0.8281542658805847,-0.5173683762550354,False,-0.8281542658805847
66,0.3,yDtzw_Y-7RU_11,-1.399999976158142,-1.6988554000854492,-1.9807515144348145,-1.273490071296692,False,-1.9807515144348145
66,0.3,yDtzw_Y-7RU_12,-0.6666666865348816,-0.6660179495811462,-1.2444512844085693,-0.8005593419075012,False,-1.2444512844085693
66,0.3,yDtzw_Y-7RU_13,-1.7999999523162842,-1.2025173902511597,-1.5993274450302124,-1.1026548147201538,False,-1.5993274450302124
66,0.3,yDtzw_Y-7RU_14,2.200000047683716,1.3430001735687256,0.9811067581176758,1.0362147092819214,False,0.9811067581176758
66,0.3,yDtzw_Y-7RU_15,0.6000000238418579,1.5547044277191162,1.3927829265594482,1.0716527700424194,False,1.3927829265594482
66,0.3,yDtzw_Y-7RU_16,0.6000000238418579,1.4448188543319702,1.3732850551605225,1.057065725326538,False,1.3732850551605225
66,0.3,yDtzw_Y-7RU_17,0.20000000298023224,0.5899139046669006,0.873735249042511,0.23861022293567657,False,0.873735249042511
66,0.3,yDtzw_Y-7RU_18,-2.0,-1.6204780340194702,-1.3687957525253296,-1.1821545362472534,False,-1.3687957525253296
66,0.3,yDtzw_Y-7RU_19,-1.600000023841858,-1.130220890045166,-1.5477555990219116,-1.2344880104064941,False,-1.5477555990219116
66,0.3,yDtzw_Y-7RU_20,-0.6000000238418579,-0.12857185304164886,-1.2592445611953735,-0.8567845821380615,True,-0.8567845821380615
66,0.3,yDtzw_Y-7RU_21,0.20000000298023224,1.2387865781784058,0.5344772338867188,0.3310403823852539,False,0.5344772338867188
66,0.3,yDtzw_Y-7RU_22,2.0,0.6815381050109863,0.579827070236206,0.11191485822200775,False,0.579827070236206
66,0.3,yDtzw_Y-7RU_23,2.200000047683716,0.7303948998451233,0.6793504357337952,0.1324487030506134,False,0.6793504357337952
66,0.3,yDtzw_Y-7RU_24,-0.800000011920929,-0.6372183561325073,-0.86911940574646,-0.8560000658035278,False,-0.86911940574646
66,0.3,nzpVDcQ0ywM_1,0.0,0.30900731682777405,0.30900731682777405,0.7075297832489014,False,0.30900731682777405
66,0.3,nzpVDcQ0ywM_2,-1.600000023841858,0.970604419708252,0.4214131534099579,0.31024089455604553,False,0.4214131534099579
66,0.3,nzpVDcQ0ywM_3,0.800000011920929,1.220444917678833,1.133894443511963,1.2122644186019897,False,1.133894443511963
66,0.3,nzpVDcQ0ywM_4,-1.600000023841858,-0.3159756660461426,0.2513347268104553,0.3217601478099823,False,0.2513347268104553
66,0.3,nzpVDcQ0ywM_5,-0.4000000059604645,-1.3638995885849,-1.2531415224075317,-0.5986321568489075,False,-1.2531415224075317
66,0.3,nzpVDcQ0ywM_6,-1.399999976158142,-0.5141599178314209,-0.9262838959693909,-0.4424552619457245,False,-0.9262838959693909
66,0.3,nzpVDcQ0ywM_7,-1.0,-1.2981387376785278,-1.5706592798233032,-0.9068809151649475,False,-1.5706592798233032
66,0.3,nzpVDcQ0ywM_8,2.0,1.4346600770950317,1.1929770708084106,1.1899765729904175,False,1.1929770708084106
66,0.3,nzpVDcQ0ywM_9,-2.200000047683716,-1.3616104125976562,-1.248542070388794,-0.7554659247398376,False,-1.248542070388794
66,0.3,nzpVDcQ0ywM_10,-1.0,-1.2415350675582886,-1.6010668277740479,-0.868801474571228,False,-1.6010668277740479
66,0.3,nzpVDcQ0ywM_11,0.0,-0.4995972514152527,-1.203466534614563,-0.5780990719795227,False,-1.203466534614563
66,0.3,nzpVDcQ0ywM_12,-1.399999976158142,-1.3082698583602905,-1.6526356935501099,-0.9818552732467651,False,-1.6526356935501099
66,0.3,nzpVDcQ0ywM_13,-1.0,-0.0022121910005807877,-0.698479413986206,-0.49480369687080383,True,-0.49480369687080383
66,0.3,nzpVDcQ0ywM_14,0.20000000298023224,0.6160895824432373,-0.6978560090065002,-0.6078729629516602,False,-0.6978560090065002
66,0.3,nzpVDcQ0ywM_15,-0.6000000238418579,1.0971431732177734,0.48580077290534973,0.20249716937541962,False,0.48580077290534973
66,0.3,nzpVDcQ0ywM_16,1.399999976158142,-0.975078284740448,-0.8838923573493958,-0.7805814743041992,False,-0.8838923573493958
66,0.3,nzpVDcQ0ywM_17,1.600000023841858,1.3060576915740967,0.8934682607650757,0.7881929874420166,False,0.8934682607650757
66,0.3,nzpVDcQ0ywM_18,1.2000000476837158,1.365272879600525,1.2363791465759277,1.0628602504730225,False,1.2363791465759277
66,0.3,nzpVDcQ0ywM_19,-2.0,0.2497490644454956,0.6260712742805481,0.22907039523124695,True,0.22907039523124695
66,0.3,nzpVDcQ0ywM_20,0.20000000298023224,0.8959407210350037,0.8114930987358093,0.3167346715927124,False,0.8114930987358093
66,0.3,nzpVDcQ0ywM_21,-1.399999976158142,-1.2788127660751343,-0.9553034901618958,-0.8027387857437134,False,-0.9553034901618958
66,0.3,nzpVDcQ0ywM_22,2.0,0.6675261855125427,0.1570509523153305,0.16040988266468048,False,0.1570509523153305
66,0.3,nzpVDcQ0ywM_23,2.0,1.7338571548461914,1.3402578830718994,1.7737125158309937,False,1.3402578830718994
66,0.3,nzpVDcQ0ywM_24,1.600000023841858,0.45991989970207214,0.7355371713638306,0.666324257850647,False,0.7355371713638306
66,0.3,jUzDDGyPkXU_1,2.799999952316284,0.21904097497463226,0.21904097497463226,0.2610108554363251,True,0.2610108554363251
66,0.3,jUzDDGyPkXU_2,2.5999999046325684,0.5496668815612793,0.24293352663516998,-0.11290944367647171,False,0.24293352663516998
66,0.3,jUzDDGyPkXU_3,0.0,0.08640056848526001,-0.016390865668654442,-0.03428708389401436,True,-0.03428708389401436
66,0.3,jUzDDGyPkXU_4,-1.600000023841858,1.1910854578018188,0.9538368582725525,0.8505557775497437,False,0.9538368582725525
66,0.3,jUzDDGyPkXU_5,-1.2000000476837158,-1.0973700284957886,-0.9687610268592834,-0.9944097995758057,False,-0.9687610268592834
66,0.3,jUzDDGyPkXU_6,-1.600000023841858,-1.476309061050415,-1.5073195695877075,-1.1422744989395142,False,-1.5073195695877075
66,0.3,jUzDDGyPkXU_7,-0.6000000238418579,-1.4625052213668823,-1.845729947090149,-1.0048737525939941,False,-1.845729947090149
66,0.3,jUzDDGyPkXU_8,1.7999999523162842,1.4943515062332153,1.109598159790039,1.50021493434906,False,1.109598159790039
66,0.3,jUzDDGyPkXU_9,2.799999952316284,0.5448015332221985,0.6557039618492126,0.7101245522499084,False,0.6557039618492126
66,0.3,jUzDDGyPkXU_10,2.4000000953674316,1.3027034997940063,1.1723823547363281,1.5102275609970093,False,1.1723823547363281
66,0.3,jUzDDGyPkXU_11,2.4000000953674316,1.3385981321334839,1.2796499729156494,0.9349619746208191,False,1.2796499729156494
66,0.3,jUzDDGyPkXU_12,0.5,1.2888624668121338,1.2119349241256714,0.9560501575469971,False,1.2119349241256714
66,0.3,jUzDDGyPkXU_13,-0.6000000238418579,-1.0255733728408813,-0.7330206632614136,-0.7159789204597473,False,-0.7330206632614136
66,0.3,jUzDDGyPkXU_14,0.800000011920929,1.0400476455688477,0.8660000562667847,0.44932761788368225,False,0.8660000562667847
66,0.3,jUzDDGyPkXU_15,1.3333333730697632,-0.011762723326683044,0.3104058504104614,-0.29074960947036743,True,-0.29074960947036743
66,0.3,jUzDDGyPkXU_16,1.2000000476837158,1.2107661962509155,1.0716805458068848,0.9448232650756836,False,1.0716805458068848
66,0.3,jUzDDGyPkXU_17,-2.799999952316284,-0.06201472133398056,0.040033675730228424,-0.5256829261779785,True,-0.5256829261779785
66,0.3,jUzDDGyPkXU_18,-2.4000000953674316,-1.262515664100647,-1.2056411504745483,-1.1270956993103027,False,-1.2056411504745483
66,0.3,jUzDDGyPkXU_19,2.200000047683716,0.5350825190544128,-0.43153178691864014,-0.651706337928772,False,-0.43153178691864014
66,0.3,jUzDDGyPkXU_20,-2.200000047683716,-1.217741847038269,-1.4511098861694336,-1.059320330619812,False,-1.4511098861694336
66,0.3,jUzDDGyPkXU_21,-1.0,1.0730266571044922,0.8408940434455872,0.27236467599868774,False,0.8408940434455872
66,0.3,jUzDDGyPkXU_22,-2.4000000953674316,-1.615439772605896,-1.4466087818145752,-1.1057896614074707,False,-1.4466087818145752
66,0.3,jUzDDGyPkXU_23,1.2000000476837158,1.334541916847229,1.0101683139801025,1.3522695302963257,False,1.0101683139801025
66,0.3,jUzDDGyPkXU_24,-1.0,-1.5594714879989624,-1.336302399635315,-1.196187138557434,False,-1.336302399635315
66,0.3,jUzDDGyPkXU_25,-2.0,-1.5323772430419922,-1.8696461915969849,-1.3300647735595703,False,-1.8696461915969849
66,0.3,jUzDDGyPkXU_26,-2.0,-0.9373241066932678,-1.4934296607971191,-0.4971853196620941,False,-1.4934296607971191
66,0.3,jUzDDGyPkXU_27,-2.0,-1.6016499996185303,-1.99020254611969,-1.247567892074585,False,-1.99020254611969
66,0.3,rnaNMUZpvvg_1,-2.5999999046325684,-1.6646332740783691,-1.6646332740783691,-1.3260998725891113,False,-1.6646332740783691
66,0.3,rnaNMUZpvvg_2,2.25,1.3703385591506958,1.1995809078216553,1.2737269401550293,False,1.1995809078216553
66,0.3,rnaNMUZpvvg_3,-0.800000011920929,0.3341730833053589,0.6494910717010498,0.09785769879817963,False,0.6494910717010498
66,0.3,rnaNMUZpvvg_4,-2.4000000953674316,-0.12118374556303024,0.3431140184402466,-0.06507623195648193,True,-0.06507623195648193
66,0.3,rnaNMUZpvvg_5,-2.799999952316284,-0.14747211337089539,0.2968556582927704,-0.2511983811855316,True,-0.2511983811855316
66,0.3,rnaNMUZpvvg_6,-2.5999999046325684,-1.2205994129180908,-1.6637872457504272,-1.0674949884414673,False,-1.6637872457504272
66,0.3,rnaNMUZpvvg_7,-0.4000000059604645,-0.058827295899391174,-0.9390560388565063,-0.5825276374816895,True,-0.5825276374816895
66,0.3,rnaNMUZpvvg_8,-1.600000023841858,0.011370250955224037,-0.9082420468330383,-0.5475675463676453,True,-0.5475675463676453
66,0.3,rnaNMUZpvvg_9,-1.399999976158142,0.5247527956962585,-0.9849153757095337,-0.824451744556427,False,-0.9849153757095337
66,0.3,rnaNMUZpvvg_10,-2.5999999046325684,-0.8840649724006653,-1.3691552877426147,-0.7853741645812988,False,-1.3691552877426147
66,0.3,rnaNMUZpvvg_11,-2.5999999046325684,-1.4665158987045288,-2.0261285305023193,-1.3244930505752563,False,-2.0261285305023193
66,0.3,rnaNMUZpvvg_12,-1.0,-1.6606574058532715,-2.0747838020324707,-1.2440346479415894,False,-2.0747838020324707
66,0.3,rnaNMUZpvvg_13,-2.0,-0.8014160990715027,-1.4106374979019165,-0.9327874779701233,False,-1.4106374979019165
66,0.3,rnaNMUZpvvg_14,-2.5999999046325684,-1.4634281396865845,-1.8606923818588257,-1.2078018188476562,False,-1.8606923818588257
66,0.3,rnaNMUZpvvg_15,-1.600000023841858,-0.0008046352304518223,-1.1307158470153809,-0.6711093187332153,True,-0.6711093187332153
66,0.3,rnaNMUZpvvg_16,-1.7999999523162842,-1.372624397277832,-1.9036890268325806,-1.2916854619979858,False,-1.9036890268325806
66,0.3,rnaNMUZpvvg_17,-1.600000023841858,-0.831062912940979,-1.4082190990447998,-0.7882301807403564,False,-1.4082190990447998
66,0.3,rnaNMUZpvvg_18,-2.200000047683716,-1.3203613758087158,-2.0025157928466797,-1.1778680086135864,False,-2.0025157928466797
66,0.3,rnaNMUZpvvg_19,-1.399999976158142,-1.3171809911727905,-1.8624458312988281,-1.0083796977996826,False,-1.8624458312988281
66,0.3,rnaNMUZpvvg_20,0.800000011920929,0.18592938780784607,-0.9279297590255737,-0.5276685953140259,True,-0.5276685953140259
66,0.3,rnaNMUZpvvg_21,-2.5999999046325684,-0.12757425010204315,-1.109877586364746,-0.6630694270133972,True,-0.6630694270133972
66,0.3,rnaNMUZpvvg_22,-2.200000047683716,-1.5838613510131836,-1.981986165046692,-1.1716349124908447,False,-1.981986165046692
66,0.3,yvsjCA6Y5Fc_1,-2.0,0.3388715088367462,0.3388715088367462,0.5557416081428528,False,0.3388715088367462
66,0.3,yvsjCA6Y5Fc_2,-1.2000000476837158,-1.4734455347061157,-1.6179717779159546,-1.2049925327301025,False,-1.6179717779159546
66,0.3,yvsjCA6Y5Fc_3,-2.0,-1.6224565505981445,-1.963710069656372,-1.25955069065094,False,-1.963710069656372
66,0.3,yvsjCA6Y5Fc_4,-0.20000000298023224,-0.2635103464126587,-0.803509533405304,-0.13999250531196594,False,-0.803509533405304
66,0.3,yvsjCA6Y5Fc_5,0.4000000059604645,-0.42212560772895813,-0.7977566719055176,-0.5744680166244507,False,-0.7977566719055176
66,0.3,yvsjCA6Y5Fc_6,0.0,-1.6109060049057007,-1.697987675666809,-1.2349681854248047,False,-1.697987675666809
66,0.3,yvsjCA6Y5Fc_7,-1.7999999523162842,-0.8443950414657593,-1.2526131868362427,-0.741655170917511,False,-1.2526131868362427
66,0.3,yvsjCA6Y5Fc_8,0.4000000059604645,0.2974570691585541,-0.5418859720230103,-0.32771730422973633,False,-0.5418859720230103
66,0.3,yvsjCA6Y5Fc_9,-1.399999976158142,-1.5880178213119507,-1.7363007068634033,-1.0292612314224243,False,-1.7363007068634033
66,0.3,yvsjCA6Y5Fc_10,-2.0,0.24961340427398682,-1.1490415334701538,-0.8638780117034912,True,-0.8638780117034912
66,0.3,yvsjCA6Y5Fc_11,2.0,0.9258213639259338,-0.543646514415741,-0.547299325466156,False,-0.543646514415741
66,0.3,yvsjCA6Y5Fc_12,-0.6000000238418579,-0.8053075075149536,-1.2580612897872925,-0.7770934104919434,False,-1.2580612897872925
66,0.3,yvsjCA6Y5Fc_13,-2.0,0.08598833531141281,-1.0952433347702026,-0.4896358251571655,True,-0.4896358251571655
66,0.3,yvsjCA6Y5Fc_14,-1.0,0.3124777674674988,-0.944976270198822,-0.3864099681377411,False,-0.944976270198822
66,0.3,yvsjCA6Y5Fc_15,-2.0,-1.7931315898895264,-2.155102491378784,-1.150170087814331,False,-2.155102491378784
66,0.3,yvsjCA6Y5Fc_16,-1.7999999523162842,-1.5514109134674072,-2.01806378364563,-1.1586477756500244,False,-2.01806378364563
66,0.3,yvsjCA6Y5Fc_17,-0.6000000238418579,-0.23072928190231323,-0.8728461861610413,-0.2526370584964752,True,-0.2526370584964752
66,0.3,yvsjCA6Y5Fc_18,-2.200000047683716,-0.10953196883201599,-1.0362802743911743,-0.5483401417732239,True,-0.5483401417732239
66,0.3,yvsjCA6Y5Fc_19,-1.600000023841858,-1.1011377573013306,-1.4949939250946045,-0.7637497186660767,False,-1.4949939250946045
66,0.3,yvsjCA6Y5Fc_20,0.800000011920929,1.4335368871688843,0.9974673390388489,0.903435468673706,False,0.9974673390388489
66,0.3,yvsjCA6Y5Fc_21,-1.7999999523162842,-1.4132195711135864,-1.3698362112045288,-0.9613800644874573,False,-1.3698362112045288
66,0.3,yvsjCA6Y5Fc_22,-1.600000023841858,-1.5497864484786987,-1.8224685192108154,-1.156891107559204,False,-1.8224685192108154
66,0.3,yvsjCA6Y5Fc_23,-1.2000000476837158,-0.4345169961452484,-1.107251524925232,-0.6192320585250854,False,-1.107251524925232
66,0.3,pLTX3ipuDJI_1,-2.4000000953674316,-0.7196993231773376,-0.7196993231773376,-0.6410415768623352,False,-0.7196993231773376
66,0.3,pLTX3ipuDJI_2,-1.7999999523162842,0.6199923157691956,-0.37280189990997314,0.4030943512916565,False,-0.37280189990997314
66,0.3,pLTX3ipuDJI_3,-1.2000000476837158,-0.42778152227401733,-0.7867751717567444,-0.31908366084098816,False,-0.7867751717567444
66,0.3,pLTX3ipuDJI_4,-2.200000047683716,-0.6847155690193176,-0.9181623458862305,-0.41600000858306885,False,-0.9181623458862305
66,0.3,pLTX3ipuDJI_5,-2.0,-1.4629089832305908,-1.5475646257400513,-0.8706517219543457,False,-1.5475646257400513
66,0.3,pLTX3ipuDJI_6,-1.399999976158142,-1.668337345123291,-1.6489454507827759,-1.1518220901489258,False,-1.6489454507827759
66,0.3,pLTX3ipuDJI_7,0.800000011920929,0.6829607486724854,-0.5778821706771851,0.049283094704151154,False,-0.5778821706771851
66,0.3,pLTX3ipuDJI_8,-2.0,-0.7933452129364014,-1.3356655836105347,-0.8371197581291199,False,-1.3356655836105347
66,0.3,pLTX3ipuDJI_9,0.0,-0.2600937485694885,-0.7858659029006958,-0.23848594725131989,False,-0.7858659029006958
66,0.3,pLTX3ipuDJI_10,-1.600000023841858,0.7945582270622253,-0.4457368850708008,-0.014798096381127834,False,-0.4457368850708008
66,0.3,pLTX3ipuDJI_11,0.6000000238418579,0.5696476101875305,0.13977709412574768,0.19558709859848022,False,0.13977709412574768
66,0.3,pLTX3ipuDJI_12,-2.0,-0.31899452209472656,-0.45546630024909973,-0.13663144409656525,False,-0.45546630024909973
66,0.3,pLTX3ipuDJI_13,-1.399999976158142,0.35381370782852173,-0.00638263113796711,0.014821615070104599,False,-0.00638263113796711
66,0.3,pLTX3ipuDJI_14,-2.0,0.6272801756858826,-0.47707223892211914,-0.48155251145362854,False,-0.47707223892211914
66,0.3,pLTX3ipuDJI_15,-1.399999976158142,0.7743070721626282,-0.2007005512714386,0.3056465685367584,False,-0.2007005512714386
66,0.3,pLTX3ipuDJI_16,-1.600000023841858,-1.5767706632614136,-1.5210384130477905,-0.973903238773346,False,-1.5210384130477905
66,0.3,cW1FSBF59ik_1,-2.5999999046325684,0.009467685595154762,0.009467685595154762,-0.01920812949538231,True,-0.01920812949538231
66,0.3,cW1FSBF59ik_2,3.0,1.3903658390045166,1.1304324865341187,1.296316146850586,False,1.1304324865341187
66,0.3,cW1FSBF59ik_3,-1.0,-0.9326157569885254,-0.69190514087677,-0.6698784232139587,False,-0.69190514087677
66,0.3,cW1FSBF59ik_4,1.600000023841858,1.2966992855072021,0.8217535614967346,0.7107352018356323,False,0.8217535614967346
66,0.3,cW1FSBF59ik_5,2.0,1.5941441059112549,1.4339755773544312,1.4859119653701782,False,1.4339755773544312
66,0.3,cW1FSBF59ik_6,1.2000000476837158,1.5661054849624634,1.2492719888687134,1.370909333229065,False,1.2492719888687134
66,0.3,cW1FSBF59ik_7,0.5,0.5703275799751282,0.8978313207626343,-0.2610996663570404,False,0.8978313207626343
66,0.3,cW1FSBF59ik_8,1.7999999523162842,1.617588996887207,1.2905584573745728,1.5006471872329712,False,1.2905584573745728
66,0.3,cW1FSBF59ik_9,-2.4000000953674316,-1.373059868812561,-0.9776902794837952,-0.9700321555137634,False,-0.9776902794837952
66,0.3,cW1FSBF59ik_10,-1.0,1.6043896675109863,1.4048235416412354,1.377410650253296,False,1.4048235416412354
66,0.3,cW1FSBF59ik_11,-1.0,0.1404835283756256,0.6231213212013245,0.3017711639404297,True,0.3017711639404297
66,0.3,cW1FSBF59ik_12,2.200000047683716,0.30366265773773193,0.6936989426612854,0.5015221238136292,False,0.6936989426612854
66,0.3,cW1FSBF59ik_13,2.0,-0.5307196974754333,0.222010537981987,-0.15263071656227112,False,0.222010537981987
66,0.3,cW1FSBF59ik_14,-1.2000000476837158,-1.4017127752304077,-1.38471519947052,-0.9762391448020935,False,-1.38471519947052
66,0.3,cW1FSBF59ik_15,-2.5999999046325684,0.3858662247657776,-0.4869036376476288,-0.09227454662322998,False,-0.4869036376476288
66,0.3,cW1FSBF59ik_16,3.0,0.2159675806760788,-0.8723797798156738,-0.844264566898346,True,-0.844264566898346
66,0.3,cW1FSBF59ik_17,2.4000000953674316,1.7409285306930542,1.5461030006408691,1.6708707809448242,False,1.5461030006408691
66,0.3,cW1FSBF59ik_18,2.5999999046325684,0.7632684707641602,1.0324114561080933,0.9093955755233765,False,1.0324114561080933
66,0.3,cW1FSBF59ik_19,0.20000000298023224,0.7004634737968445,0.7133519053459167,0.36548686027526855,False,0.7133519053459167
66,0.3,cW1FSBF59ik_20,2.5,1.5600643157958984,1.2939761877059937,1.4787662029266357,False,1.2939761877059937
66,0.3,cW1FSBF59ik_21,1.600000023841858,1.570121169090271,1.3384040594100952,1.4610729217529297,False,1.3384040594100952
66,0.3,cW1FSBF59ik_22,-1.0,0.44486868381500244,1.069421410560608,0.7333452105522156,False,1.069421410560608
66,0.3,cW1FSBF59ik_23,1.399999976158142,1.3552112579345703,1.3257246017456055,1.2396527528762817,False,1.3257246017456055
66,0.3,cW1FSBF59ik_24,0.0,0.847540020942688,0.5657896399497986,0.6257532238960266,False,0.5657896399497986
66,0.3,tmZoasNr4rU_1,0.0,0.0904197245836258,0.0904197245836258,0.22753342986106873,True,0.22753342986106873
66,0.3,tmZoasNr4rU_2,-2.0,-1.377964973449707,-1.4141340255737305,-1.1969497203826904,False,-1.4141340255737305
66,0.3,tmZoasNr4rU_3,-2.0,0.35476821660995483,-0.4352198541164398,-0.4288434684276581,False,-0.4352198541164398
66,0.3,tmZoasNr4rU_4,-0.800000011920929,-1.3445409536361694,-1.6102792024612427,-1.2114455699920654,False,-1.6102792024612427
66,0.3,tmZoasNr4rU_5,-0.800000011920929,-1.3435914516448975,-1.8386846780776978,-1.0755605697631836,False,-1.8386846780776978
66,0.3,tmZoasNr4rU_6,-1.7999999523162842,-0.45877981185913086,-1.5104354619979858,-1.107102870941162,False,-1.5104354619979858
66,0.3,tmZoasNr4rU_7,-1.0,-1.304760456085205,-1.873901128768921,-1.1155632734298706,False,-1.873901128768921
66,0.3,tmZoasNr4rU_8,-2.0,-0.12157886475324631,-1.2165125608444214,-0.9086490273475647,True,-0.9086490273475647
66,0.3,tmZoasNr4rU_9,-0.6000000238418579,-1.4843122959136963,-1.9323073625564575,-1.2943549156188965,False,-1.9323073625564575
66,0.3,tmZoasNr4rU_10,-1.7999999523162842,-0.2650071680545807,-0.9649345278739929,-0.9509933590888977,False,-0.9649345278739929
66,0.3,tmZoasNr4rU_11,-0.6000000238418579,0.5830579996109009,0.31773802638053894,-0.060490235686302185,False,0.31773802638053894
66,0.3,tmZoasNr4rU_12,-2.200000047683716,0.15834906697273254,-0.2739809453487396,-0.5819392204284668,True,-0.5819392204284668
66,0.3,tmZoasNr4rU_13,-0.800000011920929,-0.35034099221229553,-0.6147069334983826,-0.8626804351806641,False,-0.6147069334983826
66,0.3,tmZoasNr4rU_14,-2.0,-1.4081794023513794,-1.608748197555542,-1.3706251382827759,False,-1.608748197555542
66,0.3,tmZoasNr4rU_15,0.25,0.01831526681780815,-0.9468438625335693,-0.899294912815094,True,-0.899294912815094
66,0.3,tmZoasNr4rU_16,-1.399999976158142,-0.18553903698921204,-1.1105916500091553,-0.9947266578674316,True,-0.9947266578674316
66,0.3,tmZoasNr4rU_17,-1.399999976158142,-1.4109344482421875,-1.8059604167938232,-1.3176988363265991,False,-1.8059604167938232
66,0.3,tmZoasNr4rU_18,0.0,-1.6940393447875977,-2.1935713291168213,-1.4195486307144165,False,-2.1935713291168213
66,0.3,tmZoasNr4rU_19,0.20000000298023224,-0.4119946360588074,-1.0910321474075317,-0.9037433862686157,False,-1.0910321474075317
66,0.3,tmZoasNr4rU_20,-1.0,-1.4680368900299072,-1.9293824434280396,-1.3784056901931763,False,-1.9293824434280396
66,0.3,d6hH302o4v8_1,-2.799999952316284,-1.9932337999343872,-1.9932337999343872,-1.587114691734314,False,-1.9932337999343872
66,0.3,d6hH302o4v8_2,-1.7999999523162842,-1.3095452785491943,-1.5612940788269043,-1.0261297225952148,False,-1.5612940788269043
66,0.3,d6hH302o4v8_3,0.20000000298023224,-0.7583436369895935,-1.1876078844070435,-0.7189044952392578,False,-1.1876078844070435
66,0.3,d6hH302o4v8_4,-1.600000023841858,0.6953005194664001,-0.5095876455307007,0.014409864321351051,False,-0.5095876455307007
66,0.3,d6hH302o4v8_5,-1.3333333730697632,-0.08202909678220749,-0.9162180423736572,-0.8730776906013489,True,-0.8730776906013489
66,0.3,d6hH302o4v8_6,-2.0,-1.005416989326477,-1.1151853799819946,-1.072808027267456,False,-1.1151853799819946
66,0.3,d6hH302o4v8_7,-2.799999952316284,0.09588813781738281,-0.6451007127761841,-0.5184547901153564,True,-0.5184547901153564
66,0.3,d6hH302o4v8_8,-2.200000047683716,0.5394651293754578,-0.8587812185287476,-0.8647111058235168,False,-0.8587812185287476
66,0.3,d6hH302o4v8_9,-2.4000000953674316,-0.8660608530044556,-1.2221958637237549,-0.8998605608940125,False,-1.2221958637237549
66,0.3,d6hH302o4v8_10,-1.2000000476837158,-1.2574281692504883,-1.719570279121399,-1.0243632793426514,False,-1.719570279121399
66,0.3,d6hH302o4v8_11,-1.0,-1.279638409614563,-1.6249055862426758,-0.911089301109314,False,-1.6249055862426758
66,0.3,d6hH302o4v8_12,1.399999976158142,1.5085344314575195,0.8619112372398376,1.0378589630126953,False,0.8619112372398376
66,0.3,d6hH302o4v8_13,-2.0,-1.3536080121994019,-1.274237036705017,-1.0454943180084229,False,-1.274237036705017
66,0.3,d6hH302o4v8_14,-1.7999999523162842,-1.269633412361145,-1.6266822814941406,-1.0602810382843018,False,-1.6266822814941406
66,0.3,d6hH302o4v8_15,-1.75,-1.2478811740875244,-1.7044070959091187,-1.1108665466308594,False,-1.7044070959091187
66,0.3,d6hH302o4v8_16,-2.0,-1.9479752779006958,-2.245279550552368,-1.5099782943725586,False,-2.245279550552368
66,0.3,d6hH302o4v8_17,-2.0,-0.7902377247810364,-1.4186387062072754,-0.8812560439109802,False,-1.4186387062072754
66,0.3,d6hH302o4v8_18,-2.0,0.2196301966905594,-0.7943739891052246,-0.3934529423713684,True,-0.3934529423713684
66,0.3,d6hH302o4v8_19,-2.799999952316284,-0.8479734659194946,-1.339300513267517,-0.9830553531646729,False,-1.339300513267517
66,0.3,d6hH302o4v8_20,1.0,0.8701715469360352,0.1446012258529663,0.11233184486627579,False,0.1446012258529663
66,0.3,d6hH302o4v8_21,-2.4000000953674316,0.8456380367279053,-0.1433582603931427,-0.588013231754303,False,-0.1433582603931427
66,0.3,d6hH302o4v8_22,-1.0,-1.6719650030136108,-1.8695696592330933,-1.296890377998352,False,-1.8695696592330933
66,0.3,d6hH302o4v8_23,-2.5999999046325684,-1.7737795114517212,-1.9936115741729736,-1.4081215858459473,False,-1.9936115741729736
66,0.3,d6hH302o4v8_24,-2.799999952316284,0.5064836144447327,-0.48748093843460083,-0.20835886895656586,False,-0.48748093843460083
66,0.3,d6hH302o4v8_25,-1.600000023841858,-0.6225475668907166,-1.2748597860336304,-0.8706379532814026,False,-1.2748597860336304
66,0.3,d6hH302o4v8_26,-2.5999999046325684,0.5563927888870239,-0.30318668484687805,-0.21399037539958954,False,-0.30318668484687805
66,0.3,d6hH302o4v8_27,-2.5999999046325684,-0.8638612031936646,-1.167566180229187,-0.6956575512886047,False,-1.167566180229187
66,0.3,d6hH302o4v8_28,-1.0,-1.2353731393814087,-1.4333571195602417,-0.9193643927574158,False,-1.4333571195602417
66,0.3,d6hH302o4v8_29,-1.7999999523162842,-0.8300572037696838,-1.3121623992919922,-0.7074025869369507,False,-1.3121623992919922
66,0.3,d6hH302o4v8_30,-2.799999952316284,-1.3488876819610596,-1.7926123142242432,-1.1784263849258423,False,-1.7926123142242432
66,0.3,d6hH302o4v8_31,-1.399999976158142,-1.2902904748916626,-1.747558832168579,-1.0773580074310303,False,-1.747558832168579
66,0.3,d6hH302o4v8_32,-0.6000000238418579,1.1063228845596313,-0.6625608205795288,-0.6405311226844788,False,-0.6625608205795288
66,0.3,d6hH302o4v8_33,-3.0,0.11907876282930374,-1.0895659923553467,-0.5383179187774658,True,-0.5383179187774658
66,0.3,d6hH302o4v8_34,-3.0,-0.45157390832901,-1.159695029258728,-0.7174738049507141,False,-1.159695029258728
66,0.3,d6hH302o4v8_35,-1.600000023841858,-1.354588270187378,-1.633248209953308,-1.1977821588516235,False,-1.633248209953308
66,0.3,d6hH302o4v8_36,-2.200000047683716,0.12077834457159042,-1.0040959119796753,-0.5020016431808472,True,-0.5020016431808472
66,0.3,d6hH302o4v8_37,-2.200000047683716,-1.373848557472229,-1.867817759513855,-1.304829478263855,False,-1.867817759513855
66,0.3,d6hH302o4v8_38,-3.0,0.3826542794704437,-1.2465832233428955,-0.9526455998420715,False,-1.2465832233428955
66,0.3,d6hH302o4v8_39,-3.0,0.09459259361028671,-1.1403671503067017,-0.5487785935401917,True,-0.5487785935401917
66,0.3,d6hH302o4v8_40,-1.0,1.3143171072006226,-0.5387008190155029,-0.6092892289161682,False,-0.5387008190155029
66,0.3,d6hH302o4v8_41,-2.4000000953674316,0.35919761657714844,-0.8587120771408081,-0.4658583402633667,False,-0.8587120771408081
66,0.3,d6hH302o4v8_42,-1.399999976158142,-1.2157890796661377,-1.7295963764190674,-0.7920727729797363,False,-1.7295963764190674
66,0.3,d6hH302o4v8_43,-2.5,-0.7700915932655334,-1.4569289684295654,-0.5219643115997314,False,-1.4569289684295654
66,0.3,dq3Nf_lMPnE_1,0.0,0.9580873847007751,0.9580873847007751,0.9700936079025269,False,0.9580873847007751
66,0.3,dq3Nf_lMPnE_2,-1.399999976158142,-1.6633281707763672,-1.7054039239883423,-1.1582454442977905,False,-1.7054039239883423
66,0.3,dq3Nf_lMPnE_3,-1.2000000476837158,-1.6537277698516846,-1.979838490486145,-1.2316162586212158,False,-1.979838490486145
66,0.3,dq3Nf_lMPnE_4,-0.4000000059604645,0.08274492621421814,-0.36222681403160095,-0.16460944712162018,True,-0.16460944712162018
66,0.3,dq3Nf_lMPnE_5,1.2000000476837158,-1.3850419521331787,-1.674051284790039,-0.7756873369216919,False,-1.674051284790039
66,0.3,dq3Nf_lMPnE_6,0.800000011920929,-0.16906878352165222,-1.2294600009918213,-0.6503394842147827,True,-0.6503394842147827
66,0.3,dq3Nf_lMPnE_7,-2.0,-1.5599284172058105,-1.9578396081924438,-1.2192904949188232,False,-1.9578396081924438
66,0.3,dq3Nf_lMPnE_8,0.6000000238418579,0.599796712398529,-0.013480635359883308,0.41769900918006897,False,-0.013480635359883308
66,0.3,dq3Nf_lMPnE_9,-0.800000011920929,-0.3773987293243408,-0.6763610243797302,-0.5165228843688965,False,-0.6763610243797302
66,0.3,dq3Nf_lMPnE_10,1.0,1.2490979433059692,0.6819373965263367,0.6922636032104492,False,0.6819373965263367
66,0.3,dq3Nf_lMPnE_11,-0.6000000238418579,-0.5456562042236328,-0.07424864917993546,-0.24492239952087402,False,-0.07424864917993546
66,0.3,dq3Nf_lMPnE_12,-1.600000023841858,0.18212853372097015,-0.2587716281414032,-0.6440633535385132,True,-0.6440633535385132
66,0.3,dq3Nf_lMPnE_13,-1.2000000476837158,-0.5746875405311584,-0.6887997984886169,-0.5116826295852661,False,-0.6887997984886169
66,0.3,dq3Nf_lMPnE_14,-1.7999999523162842,0.4490818381309509,-0.09048856794834137,-0.2795134484767914,False,-0.09048856794834137
66,0.3,dq3Nf_lMPnE_15,1.0,0.9366079568862915,0.7751161456108093,0.6295478940010071,False,0.7751161456108093
66,0.3,k5Y_838nuGo_1,-1.600000023841858,-1.523708701133728,-1.523708701133728,-1.082676649093628,False,-1.523708701133728
66,0.3,k5Y_838nuGo_2,1.2000000476837158,0.5658153891563416,-0.12567342817783356,0.018182609230279922,False,-0.12567342817783356
66,0.3,k5Y_838nuGo_3,0.800000011920929,1.255582332611084,1.0995056629180908,0.6574216485023499,False,1.0995056629180908
66,0.3,k5Y_838nuGo_4,1.0,0.9617639183998108,0.751586377620697,0.8819893598556519,False,0.751586377620697
66,0.3,k5Y_838nuGo_5,-1.3333333730697632,-1.220373511314392,-1.1953940391540527,-1.0278407335281372,False,-1.1953940391540527
66,0.3,k5Y_838nuGo_6,2.0,1.4561691284179688,0.9858925938606262,0.5749288201332092,False,0.9858925938606262
66,0.3,k5Y_838nuGo_7,-2.4000000953674316,-1.208782434463501,-1.1790285110473633,-1.0205681324005127,False,-1.1790285110473633
66,0.3,k5Y_838nuGo_8,-1.399999976158142,-1.025657057762146,-1.3718593120574951,-0.879514217376709,False,-1.3718593120574951
66,0.3,k5Y_838nuGo_9,1.7999999523162842,1.5474066734313965,1.247656226158142,1.2989541292190552,False,1.247656226158142
66,0.3,k5Y_838nuGo_10,2.0,1.2970508337020874,1.1681703329086304,1.1977254152297974,False,1.1681703329086304
66,0.3,k5Y_838nuGo_11,0.5,1.3233964443206787,1.2305978536605835,0.8292824029922485,False,1.2305978536605835
66,0.3,k5Y_838nuGo_12,0.20000000298023224,0.8545533418655396,0.7594757080078125,0.7460756897926331,False,0.7594757080078125
66,0.3,k5Y_838nuGo_13,0.6000000238418579,1.2695069313049316,1.1043318510055542,0.05739803612232208,False,1.1043318510055542
66,0.3,k5Y_838nuGo_14,-1.7999999523162842,0.5523350238800049,0.9991893172264099,0.039240166544914246,False,0.9991893172264099
66,0.3,k5Y_838nuGo_15,-0.800000011920929,1.538724660873413,1.4605236053466797,1.188568353652954,False,1.4605236053466797
66,0.3,k5Y_838nuGo_16,0.25,-0.8626338839530945,-0.8999003171920776,-0.9080328345298767,False,-0.8999003171920776
66,0.3,k5Y_838nuGo_17,0.800000011920929,0.23634009063243866,-0.34322088956832886,-0.365994393825531,True,-0.365994393825531
66,0.3,k5Y_838nuGo_18,0.4000000059604645,1.5200194120407104,1.2677229642868042,0.757257878780365,False,1.2677229642868042
66,0.3,k5Y_838nuGo_19,-0.6000000238418579,0.5223264098167419,0.7489097714424133,0.0900314524769783,False,0.7489097714424133
66,0.3,k5Y_838nuGo_20,0.4000000059604645,0.026586303487420082,0.03252022713422775,-0.6891053915023804,True,-0.6891053915023804
66,0.3,k5Y_838nuGo_21,-0.20000000298023224,-1.5543674230575562,-1.797230839729309,-1.2689155340194702,False,-1.797230839729309
66,0.3,k5Y_838nuGo_22,0.4000000059604645,1.5309945344924927,0.9629621505737305,0.8436954617500305,False,0.9629621505737305
66,0.3,k5Y_838nuGo_23,-0.20000000298023224,1.2232811450958252,1.0649945735931396,-0.09938247501850128,False,1.0649945735931396
66,0.3,k5Y_838nuGo_24,0.6000000238418579,0.6093428134918213,0.5405672192573547,-0.3662513196468353,False,0.5405672192573547
66,0.3,k5Y_838nuGo_25,-0.20000000298023224,0.07907427102327347,-0.3710968792438507,-0.915149986743927,True,-0.915149986743927
66,0.3,k5Y_838nuGo_26,2.0,0.5203548669815063,0.4579354226589203,-0.35525500774383545,False,0.4579354226589203
66,0.3,k5Y_838nuGo_27,-0.800000011920929,0.24162428081035614,0.39323899149894714,-0.4632253050804138,True,-0.4632253050804138
66,0.3,k5Y_838nuGo_28,2.0,0.4362785518169403,0.5363978147506714,-0.14759083092212677,False,0.5363978147506714
66,0.3,k5Y_838nuGo_29,-0.75,-1.0281012058258057,-0.9368395805358887,-0.8514829277992249,False,-0.9368395805358887
66,0.3,k5Y_838nuGo_30,1.600000023841858,0.8209326267242432,-0.038497768342494965,-0.04916542395949364,False,-0.038497768342494965
66,0.3,k5Y_838nuGo_31,-1.0,0.734416663646698,0.17097517848014832,-0.07027268409729004,False,0.17097517848014832
66,0.3,iiK8YX8oH1E_1,-2.5999999046325684,0.7525983452796936,0.7525983452796936,0.9781863689422607,False,0.7525983452796936
66,0.3,iiK8YX8oH1E_2,1.2000000476837158,0.6383817791938782,0.5992034673690796,0.512542724609375,False,0.5992034673690796
66,0.3,iiK8YX8oH1E_3,-1.25,-1.0122058391571045,-0.893560528755188,-0.9430146217346191,False,-0.893560528755188
66,0.3,iiK8YX8oH1E_4,-2.0,0.6540563106536865,-0.34204867482185364,0.21639783680438995,False,-0.34204867482185364
66,0.3,iiK8YX8oH1E_5,-0.4000000059604645,0.7110704779624939,-0.23959849774837494,0.22792638838291168,False,-0.23959849774837494
66,0.3,iiK8YX8oH1E_6,0.20000000298023224,1.3975183963775635,1.2002754211425781,1.4528052806854248,False,1.2002754211425781
66,0.3,iiK8YX8oH1E_7,-1.600000023841858,-1.8636090755462646,-1.2920681238174438,-1.0772805213928223,False,-1.2920681238174438
66,0.3,iiK8YX8oH1E_8,-1.0,0.6924962997436523,-0.16353943943977356,0.03522677719593048,False,-0.16353943943977356
66,0.3,iiK8YX8oH1E_9,0.4000000059604645,-0.1585475355386734,-0.37460991740226746,-0.020647387951612473,True,-0.020647387951612473
66,0.3,iiK8YX8oH1E_10,0.0,0.7666992545127869,-0.12680268287658691,0.33934369683265686,False,-0.12680268287658691
66,0.3,iiK8YX8oH1E_11,1.0,0.6864190697669983,-0.20585082471370697,0.21867479383945465,False,-0.20585082471370697
66,0.3,iiK8YX8oH1E_12,1.7999999523162842,0.7196984887123108,-0.2198060303926468,-0.3988170921802521,False,-0.2198060303926468
66,0.3,iiK8YX8oH1E_13,-2.0,1.052376627922058,0.22293312847614288,0.40195634961128235,False,0.22293312847614288
66,0.3,iiK8YX8oH1E_14,-1.2000000476837158,-1.2459133863449097,-1.2378525733947754,-0.8755218982696533,False,-1.2378525733947754
66,0.3,iiK8YX8oH1E_15,0.6000000238418579,0.1556214541196823,-0.1964191198348999,0.1594257354736328,True,0.1594257354736328
66,0.3,iiK8YX8oH1E_16,0.0,0.11013909429311752,-0.10402777045965195,-0.2382383793592453,True,-0.2382383793592453
66,0.3,iiK8YX8oH1E_17,1.600000023841858,1.0703988075256348,0.32019948959350586,-0.03703025355935097,False,0.32019948959350586
66,0.3,iiK8YX8oH1E_18,-1.0,0.7505511045455933,0.5883255004882812,0.31909051537513733,False,0.5883255004882812
66,0.3,tStelxIAHjw_1,0.0,0.772328794002533,0.772328794002533,0.5712771415710449,False,0.772328794002533
66,0.3,tStelxIAHjw_2,-2.0,-0.48930108547210693,-0.5287453532218933,-0.655449628829956,False,-0.5287453532218933
66,0.3,tStelxIAHjw_3,0.5,0.3583196997642517,-0.21117161214351654,-0.34390345215797424,False,-0.21117161214351654
66,0.3,tStelxIAHjw_4,-2.799999952316284,0.44057613611221313,0.11396294832229614,-0.7061805725097656,False,0.11396294832229614
66,0.3,tStelxIAHjw_5,-2.200000047683716,0.46249163150787354,0.28529268503189087,-0.27268341183662415,False,0.28529268503189087
66,0.3,tStelxIAHjw_6,1.600000023841858,0.5313643217086792,0.380851149559021,-0.11037394404411316,False,0.380851149559021
66,0.3,tStelxIAHjw_7,1.399999976158142,1.4256616830825806,1.2708121538162231,0.6979417204856873,False,1.2708121538162231
66,0.3,tStelxIAHjw_8,-2.0,-0.6631942391395569,-0.6168311834335327,-0.7347148656845093,False,-0.6168311834335327
66,0.3,tStelxIAHjw_9,-1.399999976158142,0.6831194162368774,0.2593078911304474,-0.08370237052440643,False,0.2593078911304474
66,0.3,tStelxIAHjw_10,-0.4000000059604645,-1.1825315952301025,-1.2580986022949219,-1.0735116004943848,False,-1.2580986022949219
66,0.3,tStelxIAHjw_11,-2.799999952316284,0.4997948110103607,-0.4132746756076813,-0.35164061188697815,False,-0.4132746756076813
66,0.3,tStelxIAHjw_12,-1.0,-0.5483971238136292,-0.8484730124473572,-0.7443142533302307,False,-0.8484730124473572
66,0.3,tStelxIAHjw_13,-1.600000023841858,-1.643281102180481,-1.6858175992965698,-1.1717863082885742,False,-1.6858175992965698
66,0.3,tStelxIAHjw_14,-1.7999999523162842,0.7065796256065369,-0.4009883999824524,-0.062444694340229034,False,-0.4009883999824524
66,0.3,tStelxIAHjw_15,0.4000000059604645,0.7124934196472168,-0.44566139578819275,-0.2354782074689865,False,-0.44566139578819275
66,0.3,tStelxIAHjw_16,0.800000011920929,1.6155877113342285,1.3997563123703003,1.2643715143203735,False,1.3997563123703003
66,0.3,nbWiPyCm4g0_1,1.2000000476837158,0.394296795129776,0.394296795129776,0.2858915328979492,False,0.394296795129776
66,0.3,nbWiPyCm4g0_2,-2.4000000953674316,1.4980499744415283,1.2143616676330566,1.5534130334854126,False,1.2143616676330566
66,0.3,nbWiPyCm4g0_3,-1.7999999523162842,0.46151262521743774,0.9203479886054993,0.18429821729660034,False,0.9203479886054993
66,0.3,nbWiPyCm4g0_4,-2.200000047683716,0.4114408791065216,0.8193256258964539,0.12651750445365906,False,0.8193256258964539
66,0.3,nbWiPyCm4g0_5,-1.399999976158142,-0.8892536163330078,-0.7712286710739136,-0.6928712129592896,False,-0.7712286710739136
66,0.3,nbWiPyCm4g0_6,0.0,-0.9292799830436707,-1.2806329727172852,-1.0229034423828125,False,-1.2806329727172852
66,0.3,nbWiPyCm4g0_7,-1.2000000476837158,-1.550317406654358,-2.0510802268981934,-1.3560880422592163,False,-2.0510802268981934
66,0.3,nbWiPyCm4g0_8,-2.200000047683716,-0.126271054148674,-1.2362452745437622,-0.876291036605835,True,-0.876291036605835
66,0.3,nbWiPyCm4g0_9,-1.399999976158142,-1.0848557949066162,-1.7600092887878418,-1.1399246454238892,False,-1.7600092887878418
66,0.3,nbWiPyCm4g0_10,1.2000000476837158,1.4441437721252441,1.0907526016235352,0.626311182975769,False,1.0907526016235352
66,0.3,etzxEpPuc6I_1,0.4000000059604645,-0.5435759425163269,-0.5435759425163269,0.15523290634155273,False,-0.5435759425163269
66,0.3,etzxEpPuc6I_2,1.2000000476837158,-1.0024255514144897,-1.2667903900146484,-0.14036592841148376,False,-1.2667903900146484
66,0.3,etzxEpPuc6I_3,-1.600000023841858,-1.1624624729156494,-1.5024645328521729,-0.5609012842178345,False,-1.5024645328521729
66,0.3,etzxEpPuc6I_4,0.800000011920929,0.38433176279067993,-0.06518383324146271,0.3025134801864624,False,-0.06518383324146271
66,0.3,etzxEpPuc6I_5,0.0,0.19471487402915955,-0.21463149785995483,0.5497414469718933,True,0.5497414469718933
66,0.3,etzxEpPuc6I_6,0.4000000059604645,0.5145928859710693,0.23031215369701385,0.38283610343933105,False,0.23031215369701385
66,0.3,etzxEpPuc6I_7,-1.2000000476837158,-0.9779220819473267,-1.1574400663375854,-0.42601558566093445,False,-1.1574400663375854
66,0.3,etzxEpPuc6I_8,-1.0,-0.6793832182884216,-1.0506788492202759,-0.5528078675270081,False,-1.0506788492202759
66,0.3,etzxEpPuc6I_9,-2.799999952316284,-1.6590956449508667,-1.4882169961929321,-1.0714377164840698,False,-1.4882169961929321
66,0.3,etzxEpPuc6I_10,-1.399999976158142,-1.6055272817611694,-1.5081382989883423,-1.1028887033462524,False,-1.5081382989883423
66,0.3,etzxEpPuc6I_11,-1.600000023841858,-0.9765068292617798,-1.3763705492019653,-0.6010549068450928,False,-1.3763705492019653
66,0.3,etzxEpPuc6I_12,0.6666666865348816,-0.8664329648017883,-1.3007687330245972,-0.5364416241645813,False,-1.3007687330245972
66,0.3,etzxEpPuc6I_13,-2.200000047683716,-1.325049877166748,-1.5675450563430786,-0.8186825513839722,False,-1.5675450563430786
66,0.3,etzxEpPuc6I_14,-1.2000000476837158,-0.8632937073707581,-1.3306812047958374,-0.47277209162712097,False,-1.3306812047958374
66,0.3,etzxEpPuc6I_15,0.20000000298023224,1.00712251663208,-0.3889370858669281,0.29237961769104004,False,-0.3889370858669281
66,0.3,etzxEpPuc6I_16,-2.4000000953674316,0.21418146789073944,-0.7052460312843323,-0.37147560715675354,True,-0.37147560715675354
66,0.3,etzxEpPuc6I_17,-0.4000000059604645,0.22100979089736938,-0.1449701488018036,0.3146531581878662,True,0.3146531581878662
66,0.3,etzxEpPuc6I_18,1.399999976158142,1.673973560333252,1.4594886302947998,1.4574878215789795,False,1.4594886302947998
66,0.3,etzxEpPuc6I_19,-0.5,0.06479703634977341,0.1568717658519745,0.3550264239311218,True,0.3550264239311218
66,0.3,v0zCBqDeKcE_1,2.5999999046325684,0.8932779431343079,0.8932779431343079,0.9089342355728149,False,0.8932779431343079
66,0.3,v0zCBqDeKcE_2,-0.4000000059604645,1.2248717546463013,1.2045810222625732,0.8304626941680908,False,1.2045810222625732
66,0.3,v0zCBqDeKcE_3,0.6000000238418579,-0.03423852473497391,0.5701737403869629,0.04627278447151184,True,0.04627278447151184
66,0.3,v0zCBqDeKcE_4,0.0,0.033843379467725754,0.03620321676135063,-0.1890978068113327,True,-0.1890978068113327
66,0.3,v0zCBqDeKcE_5,2.0,1.5354013442993164,1.3591303825378418,1.2978469133377075,False,1.3591303825378418
66,0.3,v0zCBqDeKcE_6,0.800000011920929,1.391287088394165,1.0688347816467285,0.9520925879478455,False,1.0688347816467285
66,0.3,v0zCBqDeKcE_7,1.399999976158142,0.09849942475557327,0.1841367483139038,-0.10650526732206345,True,-0.10650526732206345
66,0.3,v0zCBqDeKcE_8,1.7999999523162842,1.435826063156128,0.9653964042663574,1.0262765884399414,False,0.9653964042663574
66,0.3,v0zCBqDeKcE_9,1.7999999523162842,0.2849113941192627,0.46106210350990295,0.07317987829446793,False,0.46106210350990295
66,0.3,v0zCBqDeKcE_10,2.200000047683716,1.5028958320617676,1.304079294204712,1.4940407276153564,False,1.304079294204712
66,0.3,v0zCBqDeKcE_11,1.600000023841858,1.0752849578857422,0.8343708515167236,0.611678957939148,False,0.8343708515167236
66,0.3,v0zCBqDeKcE_12,-0.4000000059604645,-1.2688267230987549,-1.2831798791885376,-0.8485966920852661,False,-1.2831798791885376
66,0.3,v0zCBqDeKcE_13,1.7999999523162842,0.7643493413925171,0.43800219893455505,0.33252206444740295,False,0.43800219893455505
66,0.3,v0zCBqDeKcE_14,1.5,1.0574023723602295,0.8139122724533081,0.22209133207798004,False,0.8139122724533081
66,0.3,v0zCBqDeKcE_15,2.4000000953674316,1.6820366382598877,1.2237217426300049,1.5857958793640137,False,1.2237217426300049
66,0.3,v0zCBqDeKcE_16,0.0,0.0596059188246727,-0.28360143303871155,0.1001482605934143,True,0.1001482605934143
66,0.3,f_pcplsH_V0_1,0.25,0.296322762966156,0.296322762966156,0.043675217777490616,False,0.296322762966156
66,0.3,f_pcplsH_V0_2,1.399999976158142,1.1501953601837158,1.0965886116027832,1.5010671615600586,False,1.0965886116027832
66,0.3,f_pcplsH_V0_3,0.800000011920929,-0.45980849862098694,-0.3498094975948334,-0.21206727623939514,False,-0.3498094975948334
66,0.3,f_pcplsH_V0_4,0.5,0.039115652441978455,-0.11180062592029572,-0.10554444789886475,True,-0.10554444789886475
66,0.3,f_pcplsH_V0_5,1.2000000476837158,-1.2948031425476074,-1.6530051231384277,-0.7559540867805481,False,-1.6530051231384277
66,0.3,f_pcplsH_V0_6,1.600000023841858,-0.5529270172119141,-1.2154319286346436,-0.8931705355644226,False,-1.2154319286346436
66,0.3,f_pcplsH_V0_7,0.0,-1.2767443656921387,-1.8761407136917114,-1.157516360282898,False,-1.8761407136917114
66,0.3,f_pcplsH_V0_8,0.800000011920929,0.0180814266204834,-1.0388553142547607,-0.5865708589553833,True,-0.5865708589553833
66,0.3,f_pcplsH_V0_9,-2.4000000953674316,-1.3252768516540527,-1.769572138786316,-0.8991488218307495,False,-1.769572138786316
66,0.3,f_pcplsH_V0_10,1.2000000476837158,0.3278939723968506,-0.8429040908813477,-0.34628042578697205,False,-0.8429040908813477
66,0.3,f_pcplsH_V0_11,-0.4000000059604645,-0.034006908535957336,-1.3908830881118774,-0.9984455108642578,True,-0.9984455108642578
66,0.3,f_pcplsH_V0_12,-0.800000011920929,-1.0505287647247314,-1.5666131973266602,-0.8652029037475586,False,-1.5666131973266602
66,0.3,f_pcplsH_V0_13,1.600000023841858,1.2082056999206543,0.589608371257782,0.5402236580848694,False,0.589608371257782
66,0.3,f_pcplsH_V0_14,-1.0,0.21304285526275635,-0.46779897809028625,-0.6750199198722839,True,-0.6750199198722839
66,0.3,f_pcplsH_V0_15,-1.0,-1.6369446516036987,-1.7137413024902344,-1.0865861177444458,False,-1.7137413024902344
66,0.3,tIrG4oNLFzE_1,2.799999952316284,1.6273301839828491,1.6273301839828491,1.9102805852890015,False,1.6273301839828491
66,0.3,tIrG4oNLFzE_2,2.4000000953674316,1.5151513814926147,1.4867346286773682,1.7154179811477661,False,1.4867346286773682
66,0.3,tIrG4oNLFzE_3,2.5999999046325684,1.5766388177871704,1.5151612758636475,1.6293103694915771,False,1.5151612758636475
66,0.3,tIrG4oNLFzE_4,1.399999976158142,-0.21730925142765045,0.6524906158447266,0.6523180603981018,True,0.6523180603981018
66,0.3,tIrG4oNLFzE_5,0.4000000059604645,-0.9628595113754272,-0.6283299326896667,-0.28284934163093567,False,-0.6283299326896667
66,0.3,tIrG4oNLFzE_6,1.25,0.513873815536499,0.19816327095031738,0.41019660234451294,False,0.19816327095031738
66,0.3,tIrG4oNLFzE_7,-1.399999976158142,-1.016814112663269,-1.1696853637695312,-0.713236391544342,False,-1.1696853637695312
66,0.3,tIrG4oNLFzE_8,-1.2000000476837158,-1.292605996131897,-1.5430091619491577,-0.9875379204750061,False,-1.5430091619491577
66,0.3,tIrG4oNLFzE_9,-1.0,-1.2716130018234253,-1.6949794292449951,-0.7989341616630554,False,-1.6949794292449951
66,0.3,tIrG4oNLFzE_10,-1.7999999523162842,-1.556969165802002,-1.877553939819336,-1.0463933944702148,False,-1.877553939819336
66,0.3,tIrG4oNLFzE_11,-1.600000023841858,-0.3560735583305359,-0.8892034292221069,-0.1355874389410019,False,-0.8892034292221069
66,0.3,tIrG4oNLFzE_12,-2.5999999046325684,-0.6003778576850891,-1.4632841348648071,-0.5997092723846436,False,-1.4632841348648071
66,0.3,tIrG4oNLFzE_13,-2.0,0.41365936398506165,-0.9889148473739624,-0.7066931128501892,False,-0.9889148473739624
66,0.3,tIrG4oNLFzE_14,-2.4000000953674316,-1.6345797777175903,-1.942468523979187,-1.132369875907898,False,-1.942468523979187
66,0.3,tIrG4oNLFzE_15,-2.0,0.9119741916656494,0.4328658878803253,0.4098849892616272,False,0.4328658878803253
66,0.3,tIrG4oNLFzE_16,-1.600000023841858,-0.845579981803894,-0.9627695679664612,-0.6956526041030884,False,-0.9627695679664612
66,0.3,tIrG4oNLFzE_17,-0.4000000059604645,0.07485264539718628,-0.2316971868276596,-0.45517948269844055,True,-0.45517948269844055
66,0.3,tIrG4oNLFzE_18,-2.200000047683716,0.9988174438476562,-0.08278609812259674,0.07727398723363876,False,-0.08278609812259674
66,0.3,cM3Yna7AavY_1,2.200000047683716,0.2841401696205139,0.2841401696205139,0.6022893190383911,False,0.2841401696205139
66,0.3,cM3Yna7AavY_2,2.5,1.0562635660171509,0.9657285809516907,0.9919724464416504,False,0.9657285809516907
66,0.3,cM3Yna7AavY_3,1.0,0.47138679027557373,0.30358344316482544,0.19182148575782776,False,0.30358344316482544
66,0.3,cM3Yna7AavY_4,0.6000000238418579,-0.36823272705078125,-0.6168003082275391,0.15333203971385956,False,-0.6168003082275391
66,0.3,cM3Yna7AavY_5,2.799999952316284,1.5460569858551025,1.2161833047866821,1.6419529914855957,False,1.2161833047866821
66,0.3,cM3Yna7AavY_6,2.799999952316284,0.055878862738609314,0.5793098211288452,0.23470132052898407,True,0.23470132052898407
66,0.3,cM3Yna7AavY_7,3.0,1.5981186628341675,1.5061029195785522,1.7214858531951904,False,1.5061029195785522
66,0.3,cM3Yna7AavY_8,-0.6000000238418579,-1.0625659227371216,-0.7476828694343567,-0.6854910850524902,False,-0.7476828694343567
66,0.3,cM3Yna7AavY_9,-0.20000000298023224,-1.5506128072738647,-1.6646391153335571,-1.2837097644805908,False,-1.6646391153335571
66,0.3,cM3Yna7AavY_10,1.600000023841858,1.5914323329925537,1.261170744895935,1.0223349332809448,False,1.261170744895935
66,0.3,cM3Yna7AavY_11,2.0,1.2630738019943237,0.9555479288101196,0.8815140724182129,False,0.9555479288101196
66,0.3,cM3Yna7AavY_12,-1.0,-0.8284215927124023,-0.8326056599617004,-0.7798668146133423,False,-0.8326056599617004
66,0.3,cM3Yna7AavY_13,-1.600000023841858,-0.19715838134288788,-0.37184515595436096,-0.8807176351547241,True,-0.8807176351547241
66,0.3,cM3Yna7AavY_14,-2.5999999046325684,0.6244387626647949,0.32918789982795715,0.2320464849472046,False,0.32918789982795715
66,0.3,cM3Yna7AavY_15,-2.4000000953674316,0.230300635099411,-0.248861163854599,-0.6790001392364502,True,-0.6790001392364502
66,0.3,cM3Yna7AavY_16,-2.799999952316284,-1.1461318731307983,-1.264722228050232,-0.7526505589485168,False,-1.264722228050232
66,0.3,lXPQBPVc5Cw_1,0.20000000298023224,1.6200627088546753,1.6200627088546753,2.117520332336426,False,1.6200627088546753
66,0.3,lXPQBPVc5Cw_2,-2.200000047683716,-0.8301159143447876,-0.5646414160728455,-0.543283224105835,False,-0.5646414160728455
66,0.3,lXPQBPVc5Cw_3,-2.4000000953674316,-1.4336029291152954,-1.405794382095337,-1.142133355140686,False,-1.405794382095337
66,0.3,lXPQBPVc5Cw_4,-1.2000000476837158,-1.3700029850006104,-1.6580382585525513,-1.1313103437423706,False,-1.6580382585525513
66,0.3,lXPQBPVc5Cw_5,-1.0,-0.7900972962379456,-1.2763004302978516,-0.8485416769981384,False,-1.2763004302978516
66,0.3,lXPQBPVc5Cw_6,-1.399999976158142,-1.7784314155578613,-2.2070162296295166,-1.4989895820617676,False,-2.2070162296295166
66,0.3,lXPQBPVc5Cw_7,-2.799999952316284,-1.3818333148956299,-1.9536032676696777,-1.259195327758789,False,-1.9536032676696777
66,0.3,lXPQBPVc5Cw_8,2.5999999046325684,1.5869375467300415,0.810925304889679,0.9123823046684265,False,0.810925304889679
66,0.3,lXPQBPVc5Cw_9,-2.5999999046325684,-1.0926674604415894,-1.0865716934204102,-0.8521045446395874,False,-1.0865716934204102
66,0.3,lXPQBPVc5Cw_10,-2.200000047683716,0.35589152574539185,-0.8722343444824219,-0.8354751467704773,False,-0.8722343444824219
66,0.3,lXPQBPVc5Cw_11,-1.7999999523162842,-1.4462721347808838,-1.7472525835037231,-1.3702043294906616,False,-1.7472525835037231
66,0.3,lXPQBPVc5Cw_12,-2.0,-1.4666355848312378,-1.81165611743927,-1.4132722616195679,False,-1.81165611743927
66,0.3,lXPQBPVc5Cw_13,2.799999952316284,1.2801883220672607,0.8977269530296326,0.6204391717910767,False,0.8977269530296326
66,0.3,lXPQBPVc5Cw_14,-2.200000047683716,-1.9457577466964722,-1.884247064590454,-1.6156437397003174,False,-1.884247064590454
66,0.3,lXPQBPVc5Cw_15,-2.799999952316284,-0.07148543000221252,-0.9429702758789062,-0.9942197799682617,True,-0.9942197799682617
66,0.3,lXPQBPVc5Cw_16,0.20000000298023224,-1.2813197374343872,-1.6812704801559448,-0.9869711399078369,False,-1.6812704801559448
66,0.3,lXPQBPVc5Cw_17,-1.7999999523162842,1.414482831954956,0.7345315217971802,0.6119382977485657,False,0.7345315217971802
66,0.3,lXPQBPVc5Cw_18,-1.399999976158142,0.45394405722618103,0.49359217286109924,0.03554467111825943,False,0.49359217286109924
66,0.3,lXPQBPVc5Cw_19,-1.7999999523162842,-1.23344087600708,-1.1524070501327515,-0.9717460870742798,False,-1.1524070501327515
66,0.3,lXPQBPVc5Cw_20,-1.7999999523162842,-1.208249568939209,-1.539534330368042,-0.9916501045227051,False,-1.539534330368042
66,0.3,lXPQBPVc5Cw_21,1.7999999523162842,1.371691107749939,0.8978878259658813,1.203019618988037,False,0.8978878259658813
66,0.3,lXPQBPVc5Cw_22,2.5999999046325684,1.69779634475708,1.5345330238342285,1.581264853477478,False,1.5345330238342285
66,0.3,lXPQBPVc5Cw_23,-2.4000000953674316,-0.24050696194171906,0.4458296000957489,-0.13758409023284912,True,-0.13758409023284912
66,0.3,lXPQBPVc5Cw_24,-1.399999976158142,-0.03480333089828491,-0.15298283100128174,-0.34159135818481445,True,-0.34159135818481445
66,0.3,lXPQBPVc5Cw_25,-2.4000000953674316,0.7059656977653503,0.43983641266822815,0.011828402988612652,False,0.43983641266822815
66,0.3,lXPQBPVc5Cw_26,-2.799999952316284,-1.2026348114013672,-1.1828364133834839,-0.9714245200157166,False,-1.1828364133834839
66,0.3,lXPQBPVc5Cw_27,-2.799999952316284,-0.7667386531829834,-1.1378977298736572,-0.8365615606307983,False,-1.1378977298736572
66,0.3,lXPQBPVc5Cw_28,0.800000011920929,0.14962635934352875,-0.4565541744232178,-0.5308769941329956,True,-0.5308769941329956
66,0.3,lXPQBPVc5Cw_29,-1.2000000476837158,-1.4415545463562012,-1.7273730039596558,-1.2187840938568115,False,-1.7273730039596558
66,0.3,lXPQBPVc5Cw_30,-2.0,-1.112649917602539,-1.7134406566619873,-1.0493707656860352,False,-1.7134406566619873
66,0.3,cXypl4FnoZo_1,1.0,-0.31055358052253723,-0.31055358052253723,-0.2888094484806061,False,-0.31055358052253723
66,0.3,cXypl4FnoZo_2,1.0,0.7639650702476501,0.01613689213991165,0.06313806027173996,False,0.01613689213991165
66,0.3,cXypl4FnoZo_3,1.7999999523162842,1.5343422889709473,1.3557016849517822,1.1040252447128296,False,1.3557016849517822
66,0.3,cXypl4FnoZo_4,-0.800000011920929,0.3898565471172333,0.6287583708763123,-0.05125131458044052,False,0.6287583708763123
66,0.3,cXypl4FnoZo_5,1.7999999523162842,1.7201058864593506,1.5793224573135376,1.5050307512283325,False,1.5793224573135376
66,0.3,cXypl4FnoZo_6,-0.6000000238418579,0.8711269497871399,0.8475296497344971,0.20622001588344574,False,0.8475296497344971
66,0.3,cXypl4FnoZo_7,-1.0,-0.3629652261734009,-0.3976498544216156,-0.3910142481327057,False,-0.3976498544216156
66,0.3,cXypl4FnoZo_8,1.399999976158142,0.7588395476341248,-0.2077505737543106,-0.5635098218917847,False,-0.2077505737543106
66,0.3,cXypl4FnoZo_9,1.2000000476837158,0.7012328505516052,-0.00823411624878645,-0.11640927940607071,False,-0.00823411624878645
66,0.3,cXypl4FnoZo_10,2.0,1.7074010372161865,1.46897292137146,1.3838958740234375,False,1.46897292137146
66,0.3,cXypl4FnoZo_11,1.399999976158142,1.4472501277923584,1.3422223329544067,0.8834795951843262,False,1.3422223329544067
66,0.3,cXypl4FnoZo_12,2.0,1.5178252458572388,1.431412935256958,0.9633579850196838,False,1.431412935256958
66,0.3,cXypl4FnoZo_13,-1.0,-1.3110144138336182,-1.2638347148895264,-0.9308659434318542,False,-1.2638347148895264
66,0.3,cXypl4FnoZo_14,-0.6000000238418579,0.134537935256958,-0.17614798247814178,-0.24979564547538757,True,-0.24979564547538757
66,0.3,cXypl4FnoZo_15,0.0,0.6202731728553772,-0.260947585105896,-0.68620765209198,False,-0.260947585105896
66,0.3,cXypl4FnoZo_16,-0.6000000238418579,0.6400865316390991,-0.22094984352588654,-0.639549970626831,False,-0.22094984352588654
66,0.3,cXypl4FnoZo_17,-0.6000000238418579,-0.47603338956832886,-0.7199460864067078,-0.6429100036621094,False,-0.7199460864067078
66,0.3,cXypl4FnoZo_18,-0.25,-0.9623982310295105,-1.322829246520996,-0.8843234181404114,False,-1.322829246520996
66,0.3,cXypl4FnoZo_19,0.800000011920929,0.8850637078285217,-0.476749449968338,-0.6127362251281738,False,-0.476749449968338
66,0.3,cXypl4FnoZo_20,-1.0,-0.9652441740036011,-1.342703104019165,-0.9636541604995728,False,-1.342703104019165
66,0.3,cXypl4FnoZo_21,-0.6000000238418579,0.06506996601819992,-0.3413008451461792,-0.678684651851654,True,-0.678684651851654
66,0.3,cXypl4FnoZo_22,0.20000000298023224,0.2112983763217926,-0.17988353967666626,-0.12282629311084747,True,-0.12282629311084747
66,0.3,cXypl4FnoZo_23,0.4000000059604645,0.9385101199150085,0.6827507615089417,0.052814781665802,False,0.6827507615089417
66,0.3,cXypl4FnoZo_24,0.20000000298023224,0.30613812804222107,0.19357746839523315,-0.1537085473537445,False,0.19357746839523315
66,0.3,cXypl4FnoZo_25,-1.2000000476837158,-0.7424289584159851,-1.0684789419174194,-0.7936151027679443,False,-1.0684789419174194
66,0.3,cXypl4FnoZo_26,0.6000000238418579,0.5509577989578247,0.18915188312530518,-0.2992163300514221,False,0.18915188312530518
66,0.3,cXypl4FnoZo_27,0.800000011920929,0.4068281054496765,0.16924378275871277,-0.16646943986415863,False,0.16924378275871277
66,0.3,cXypl4FnoZo_28,-2.200000047683716,-0.4588361382484436,-0.5619336366653442,-0.7477672696113586,False,-0.5619336366653442
66,0.3,cXypl4FnoZo_29,-1.399999976158142,-0.6629305481910706,-1.0107190608978271,-0.8285387754440308,False,-1.0107190608978271
66,0.3,c7UH_rxdZv4_1,-2.799999952316284,-0.16602803766727448,-0.16602803766727448,-0.01936478167772293,True,-0.01936478167772293
66,0.3,c7UH_rxdZv4_2,-2.5999999046325684,-1.8406622409820557,-1.9839285612106323,-1.4852908849716187,False,-1.9839285612106323
66,0.3,c7UH_rxdZv4_3,-0.800000011920929,-0.31369227170944214,-0.7354642152786255,-0.39920684695243835,False,-0.7354642152786255
66,0.3,c7UH_rxdZv4_4,1.600000023841858,1.5372267961502075,1.3710715770721436,1.4568181037902832,False,1.3710715770721436
66,0.3,c7UH_rxdZv4_5,-2.200000047683716,-0.5335302352905273,-0.4762030839920044,-0.3644650876522064,False,-0.4762030839920044
66,0.3,c7UH_rxdZv4_6,-2.5999999046325684,-1.4630972146987915,-1.52360999584198,-1.1546907424926758,False,-1.52360999584198
66,0.3,c7UH_rxdZv4_7,-3.0,-1.4735581874847412,-1.8535760641098022,-1.2727893590927124,False,-1.8535760641098022
66,0.3,c7UH_rxdZv4_8,-2.799999952316284,-1.4783989191055298,-1.8184850215911865,-1.007258415222168,False,-1.8184850215911865
66,0.3,c7UH_rxdZv4_9,-0.4000000059604645,0.4019961357116699,-0.21476241946220398,0.13307920098304749,False,-0.21476241946220398
66,0.3,c7UH_rxdZv4_10,0.800000011920929,-0.6042083501815796,-0.9695450663566589,-0.35158875584602356,False,-0.9695450663566589
66,0.3,c7UH_rxdZv4_11,1.0,0.6626492738723755,0.02633870393037796,0.22983825206756592,False,0.02633870393037796
66,0.3,c7UH_rxdZv4_12,-2.799999952316284,-0.19920164346694946,-0.2885512709617615,-0.5767001509666443,True,-0.5767001509666443
66,0.3,c7UH_rxdZv4_13,-2.5999999046325684,-1.448117733001709,-1.6044968366622925,-1.084472417831421,False,-1.6044968366622925
66,0.3,c7UH_rxdZv4_14,1.2000000476837158,0.13566206395626068,-0.7313001751899719,-0.3863796591758728,True,-0.3863796591758728
66,0.3,c7UH_rxdZv4_15,-2.4000000953674316,-1.5976816415786743,-1.8458951711654663,-1.3496456146240234,False,-1.8458951711654663
66,0.3,c7UH_rxdZv4_16,-2.0,-1.1363613605499268,-1.623673915863037,-1.1064722537994385,False,-1.623673915863037
66,0.3,c7UH_rxdZv4_17,-1.399999976158142,1.331663966178894,0.5775454640388489,0.5943056344985962,False,0.5775454640388489
66,0.3,c7UH_rxdZv4_18,-2.25,-1.5275250673294067,-1.483177900314331,-1.1386653184890747,False,-1.483177900314331
66,0.3,c7UH_rxdZv4_19,-1.7999999523162842,-0.437602162361145,-1.1635456085205078,-0.8913253545761108,False,-1.1635456085205078
66,0.3,c7UH_rxdZv4_20,-1.7999999523162842,0.28332453966140747,-1.0208380222320557,-0.910525381565094,False,-1.0208380222320557
66,0.3,c7UH_rxdZv4_21,-0.800000011920929,0.994796097278595,0.23915770649909973,0.4160996973514557,False,0.23915770649909973
66,0.3,c7UH_rxdZv4_22,-2.4000000953674316,-0.14848260581493378,-0.8149194121360779,-0.9583452939987183,True,-0.9583452939987183
66,0.3,c7UH_rxdZv4_23,-0.6000000238418579,-1.4855705499649048,-1.6393169164657593,-1.1836376190185547,False,-1.6393169164657593
66,0.3,c7UH_rxdZv4_24,-1.7999999523162842,0.06187573820352554,-0.6635352969169617,-0.6800820231437683,True,-0.6800820231437683
66,0.3,c7UH_rxdZv4_25,0.0,-0.26599639654159546,-0.9441682696342468,-0.7835028171539307,False,-0.9441682696342468
66,0.3,c7UH_rxdZv4_26,-2.5999999046325684,0.13733075559139252,-0.5379521250724792,-0.488092839717865,True,-0.488092839717865
66,0.3,c7UH_rxdZv4_27,-1.7999999523162842,-0.9577887058258057,-1.2755497694015503,-0.6787049174308777,False,-1.2755497694015503
66,0.3,c7UH_rxdZv4_28,-0.800000011920929,-1.2309569120407104,-1.6216117143630981,-1.0266611576080322,False,-1.6216117143630981
66,0.3,c7UH_rxdZv4_29,0.6000000238418579,1.062039852142334,0.8052684664726257,0.5704206824302673,False,0.8052684664726257
66,0.3,c7UH_rxdZv4_30,1.2000000476837158,0.6765013337135315,0.5571175813674927,-0.19822651147842407,False,0.5571175813674927
66,0.3,c7UH_rxdZv4_31,-1.399999976158142,-0.23922720551490784,0.07369649410247803,-0.4841773211956024,True,-0.4841773211956024
66,0.3,c7UH_rxdZv4_32,-2.200000047683716,0.22426067292690277,0.09258652478456497,-0.4137449562549591,True,-0.4137449562549591
66,0.3,c7UH_rxdZv4_33,-1.7999999523162842,-0.9905765056610107,-1.1502082347869873,-0.8991955518722534,False,-1.1502082347869873
66,0.4,f9O3YtZ2VfI_1,-1.2000000476837158,0.3929401934146881,0.3929401934146881,0.7168651819229126,False,0.3929401934146881
66,0.4,f9O3YtZ2VfI_2,1.25,0.3053005039691925,0.1983332484960556,0.6846632957458496,False,0.1983332484960556
66,0.4,f9O3YtZ2VfI_3,0.6000000238418579,1.1119177341461182,1.0276591777801514,1.8355369567871094,False,1.0276591777801514
66,0.4,f9O3YtZ2VfI_4,-2.4000000953674316,-1.4979074001312256,-1.2428077459335327,-0.7832835912704468,False,-1.2428077459335327
66,0.4,f9O3YtZ2VfI_5,-1.7999999523162842,0.7050430178642273,-0.07784760743379593,0.3161143362522125,False,-0.07784760743379593
66,0.4,f9O3YtZ2VfI_6,-2.5999999046325684,0.5981239080429077,-0.2580954134464264,0.4198863208293915,False,-0.2580954134464264
66,0.4,f9O3YtZ2VfI_7,-1.2000000476837158,0.802395761013031,-0.032447390258312225,0.35562780499458313,False,-0.032447390258312225
66,0.4,f9O3YtZ2VfI_8,-1.7999999523162842,1.066648006439209,0.2650202512741089,0.6557087898254395,False,0.2650202512741089
66,0.4,f9O3YtZ2VfI_9,-2.200000047683716,-1.1886450052261353,-1.3221869468688965,-0.9972227811813354,False,-1.3221869468688965
66,0.4,f9O3YtZ2VfI_10,-2.0,0.9002463817596436,-0.046529076993465424,-0.1574409157037735,False,-0.046529076993465424
66,0.4,f9O3YtZ2VfI_11,-0.800000011920929,0.9446133971214294,-0.07874835282564163,0.09403649717569351,False,-0.07874835282564163
66,0.4,f9O3YtZ2VfI_12,-1.7999999523162842,0.7999376058578491,-0.06974200904369354,-0.1583278477191925,False,-0.06974200904369354
66,0.4,f9O3YtZ2VfI_13,-1.600000023841858,-1.2263110876083374,-1.2245432138442993,-0.889079213142395,False,-1.2245432138442993
66,0.4,f9O3YtZ2VfI_14,1.2000000476837158,1.2365586757659912,0.918851375579834,1.5394333600997925,False,0.918851375579834
66,0.4,f9O3YtZ2VfI_15,-1.2000000476837158,-1.4841200113296509,-1.0172208547592163,-0.4181024730205536,False,-1.0172208547592163
66,0.4,f9O3YtZ2VfI_16,-1.0,1.2469227313995361,1.0544074773788452,1.193459391593933,False,1.0544074773788452
66,0.4,f9O3YtZ2VfI_17,-2.0,0.5011182427406311,0.3848840892314911,0.8537387847900391,False,0.3848840892314911
66,0.4,f9O3YtZ2VfI_18,-1.0,-0.9841487407684326,-1.001277208328247,-0.6673492193222046,False,-1.001277208328247
66,0.4,f9O3YtZ2VfI_19,-0.6000000238418579,0.20651882886886597,-0.02583405189216137,0.32463476061820984,True,0.32463476061820984
66,0.4,f9O3YtZ2VfI_20,-0.4000000059604645,-0.666045606136322,-0.5197352170944214,-0.9376014471054077,False,-0.5197352170944214
66,0.4,f9O3YtZ2VfI_21,2.0,0.6140890121459961,0.22930042445659637,-0.17602112889289856,False,0.22930042445659637
66,0.4,f9O3YtZ2VfI_22,1.399999976158142,1.50117027759552,1.2225728034973145,1.6069440841674805,False,1.2225728034973145
66,0.4,f9O3YtZ2VfI_23,1.600000023841858,0.6703876256942749,0.9651801586151123,0.8688385486602783,False,0.9651801586151123
66,0.4,f9O3YtZ2VfI_24,-2.5999999046325684,0.44750916957855225,0.8916983008384705,0.5407073497772217,False,0.8916983008384705
66,0.4,f9O3YtZ2VfI_25,-1.399999976158142,-1.5817859172821045,-1.1447885036468506,-0.37776872515678406,False,-1.1447885036468506
66,0.4,f9O3YtZ2VfI_26,1.399999976158142,0.23398981988430023,-0.2545657753944397,-0.3649980127811432,True,-0.3649980127811432
66,0.4,f9O3YtZ2VfI_27,1.600000023841858,0.7396653890609741,0.30569472908973694,0.02742416225373745,False,0.30569472908973694
66,0.4,f9O3YtZ2VfI_28,1.2000000476837158,1.2840512990951538,1.06337308883667,1.8030074834823608,False,1.06337308883667
66,0.4,f9O3YtZ2VfI_29,-2.0,0.5358811616897583,0.43319401144981384,0.011538038030266762,False,0.43319401144981384
66,0.4,f9O3YtZ2VfI_30,-1.0,-1.703498125076294,-1.2791136503219604,-0.5587046146392822,False,-1.2791136503219604
66,0.4,wMbj6ajWbic_1,0.5,0.565033495426178,0.565033495426178,1.895983338356018,False,0.565033495426178
66,0.4,wMbj6ajWbic_2,-0.800000011920929,0.4243253171443939,0.5301762223243713,0.694028377532959,False,0.5301762223243713
66,0.4,wMbj6ajWbic_3,0.0,-0.36397585272789,-0.2541883885860443,-0.3875289261341095,False,-0.2541883885860443
66,0.4,wMbj6ajWbic_4,1.0,-1.1817432641983032,-1.2972759008407593,-1.1525378227233887,False,-1.2972759008407593
66,0.4,wMbj6ajWbic_5,0.20000000298023224,1.3600958585739136,1.1265994310379028,1.3183039426803589,False,1.1265994310379028
66,0.4,wMbj6ajWbic_6,1.7999999523162842,0.694058358669281,0.38192394375801086,1.6263664960861206,False,0.38192394375801086
66,0.4,wMbj6ajWbic_7,-1.2000000476837158,-1.108852744102478,-1.2885258197784424,-0.42355480790138245,False,-1.2885258197784424
66,0.4,wMbj6ajWbic_8,-0.20000000298023224,0.08944261819124222,-0.38526374101638794,0.833879828453064,True,0.833879828453064
66,0.4,wMbj6ajWbic_9,-2.0,-1.4440546035766602,-1.71314537525177,-0.5592659711837769,False,-1.71314537525177
66,0.4,wMbj6ajWbic_10,-1.7999999523162842,-0.5911441445350647,-1.2221647500991821,-0.6195725202560425,False,-1.2221647500991821
66,0.4,wMbj6ajWbic_11,0.4000000059604645,0.6447457671165466,-0.15689876675605774,-0.23988544940948486,False,-0.15689876675605774
66,0.4,wMbj6ajWbic_12,1.600000023841858,1.297217607498169,0.8575434684753418,1.5884089469909668,False,0.8575434684753418
66,0.4,wMbj6ajWbic_13,2.0,1.598806619644165,1.4935667514801025,1.543151617050171,False,1.4935667514801025
66,0.4,wMbj6ajWbic_14,-0.800000011920929,-1.4406205415725708,-1.0675057172775269,-0.7875972986221313,False,-1.0675057172775269
66,0.4,wMbj6ajWbic_15,2.0,-0.693416953086853,-1.072588562965393,-1.0461162328720093,False,-1.072588562965393
66,0.4,wMbj6ajWbic_16,-0.4000000059604645,0.11706063896417618,-0.886509120464325,-0.5465762615203857,True,-0.5465762615203857
66,0.4,wMbj6ajWbic_17,2.0,1.2874255180358887,0.9347231984138489,0.9005516767501831,False,0.9347231984138489
66,0.4,wMbj6ajWbic_18,-1.0,0.563732922077179,0.3540274500846863,0.7634738683700562,False,0.3540274500846863
66,0.4,wMbj6ajWbic_19,-0.6000000238418579,0.04462132602930069,-0.2382129728794098,0.6918010711669922,True,0.6918010711669922
66,0.4,wMbj6ajWbic_20,-0.4000000059604645,0.3125952482223511,-0.1800859570503235,0.16314280033111572,False,-0.1800859570503235
66,0.4,wMbj6ajWbic_21,1.600000023841858,0.7672685384750366,0.17976120114326477,0.4344715476036072,False,0.17976120114326477
66,0.4,wMbj6ajWbic_22,1.399999976158142,1.520719289779663,1.1837067604064941,1.839383840560913,False,1.1837067604064941
66,0.4,wMbj6ajWbic_23,1.7999999523162842,0.3953641653060913,0.7651352882385254,0.5572134256362915,False,0.7651352882385254
66,0.4,wMbj6ajWbic_24,1.399999976158142,0.5382447242736816,0.7467290163040161,0.9361521005630493,False,0.7467290163040161
66,0.4,wMbj6ajWbic_25,2.0,0.24760045111179352,0.5594635009765625,0.8607087135314941,True,0.8607087135314941
66,0.4,wMbj6ajWbic_26,1.7999999523162842,0.4957979619503021,0.7694448828697205,0.6943804025650024,False,0.7694448828697205
66,0.4,wMbj6ajWbic_27,0.0,-0.42812561988830566,-0.5002622604370117,-0.1676502823829651,False,-0.5002622604370117
66,0.4,wMbj6ajWbic_28,2.4000000953674316,0.920591413974762,0.20937079191207886,0.7462903261184692,False,0.20937079191207886
66,0.4,wMbj6ajWbic_29,1.7999999523162842,0.7226290106773376,0.4380423128604889,0.12222780287265778,False,0.4380423128604889
66,0.4,wMbj6ajWbic_30,0.800000011920929,1.623370885848999,1.4505224227905273,1.3581359386444092,False,1.4505224227905273
66,0.4,vvZ4IcEtiZc_1,2.0,-0.04612501710653305,-0.04612501710653305,-0.1414259672164917,True,-0.1414259672164917
66,0.4,vvZ4IcEtiZc_2,2.4000000953674316,1.1879935264587402,1.0472402572631836,1.2609614133834839,False,1.0472402572631836
66,0.4,vvZ4IcEtiZc_3,1.399999976158142,-0.8134356141090393,-0.8146350979804993,-0.16048020124435425,False,-0.8146350979804993
66,0.4,vvZ4IcEtiZc_4,2.200000047683716,1.430613398551941,1.1930105686187744,1.8560806512832642,False,1.1930105686187744
66,0.4,vvZ4IcEtiZc_5,1.2000000476837158,0.8574514389038086,0.8510255217552185,0.8869788646697998,False,0.8510255217552185
66,0.4,vvZ4IcEtiZc_6,1.0,1.3864080905914307,1.2431546449661255,1.8790916204452515,False,1.2431546449661255
66,0.4,vvZ4IcEtiZc_7,1.399999976158142,-0.11277279257774353,0.03953392058610916,1.234358787536621,True,1.234358787536621
66,0.4,vvZ4IcEtiZc_8,-1.5,-0.5227986574172974,-0.5366294980049133,-0.38109585642814636,False,-0.5366294980049133
66,0.4,vvZ4IcEtiZc_9,2.200000047683716,0.07370094954967499,-0.20413838326931,0.014741200953722,True,0.014741200953722
66,0.4,vvZ4IcEtiZc_10,-2.0,-1.4466718435287476,-1.1851680278778076,-0.5331926345825195,False,-1.1851680278778076
66,0.4,vvZ4IcEtiZc_11,1.600000023841858,0.32489392161369324,-0.6127364635467529,-0.0678640604019165,False,-0.6127364635467529
66,0.4,vvZ4IcEtiZc_12,0.20000000298023224,0.7733531594276428,-0.2256733924150467,-0.09475886076688766,False,-0.2256733924150467
66,0.4,d3_k5Xpfmik_1,2.0,1.428757667541504,1.428757667541504,2.1047797203063965,False,1.428757667541504
66,0.4,d3_k5Xpfmik_2,0.0,0.21137848496437073,0.3554022014141083,0.37718355655670166,True,0.37718355655670166
66,0.4,d3_k5Xpfmik_3,2.0,1.4141854047775269,1.3493340015411377,1.8402354717254639,False,1.3493340015411377
66,0.4,d3_k5Xpfmik_4,-1.0,-0.988419234752655,-0.5234503149986267,0.09420236945152283,False,-0.5234503149986267
66,0.4,d3_k5Xpfmik_5,2.200000047683716,1.4859596490859985,1.4017444849014282,1.6744054555892944,False,1.4017444849014282
66,0.4,d3_k5Xpfmik_6,1.600000023841858,0.5247793197631836,0.8252431750297546,1.0123786926269531,False,0.8252431750297546
66,0.4,d3_k5Xpfmik_7,0.4000000059604645,-0.7191031575202942,-0.6031248569488525,0.45158159732818604,False,-0.6031248569488525
66,0.4,d3_k5Xpfmik_8,2.200000047683716,0.661912202835083,-0.06192350387573242,0.505640983581543,False,-0.06192350387573242
66,0.4,d3_k5Xpfmik_9,1.399999976158142,0.7159271836280823,0.09169895946979523,0.2686331570148468,False,0.09169895946979523
66,0.4,d3_k5Xpfmik_10,0.4000000059604645,0.9568753242492676,0.7859802842140198,1.0751620531082153,False,0.7859802842140198
66,0.4,d3_k5Xpfmik_11,2.4000000953674316,0.9812459349632263,0.4921554923057556,1.0777010917663574,False,0.4921554923057556
66,0.4,d3_k5Xpfmik_12,2.0,1.5740115642547607,1.418969750404358,1.4282162189483643,False,1.418969750404358
66,0.4,d3_k5Xpfmik_13,2.200000047683716,1.1660324335098267,0.9682356715202332,1.6574147939682007,False,0.9682356715202332
66,0.4,d3_k5Xpfmik_14,2.0,0.8695590496063232,0.9214692115783691,0.8084686994552612,False,0.9214692115783691
66,0.4,d3_k5Xpfmik_15,2.5999999046325684,1.6052383184432983,1.4860241413116455,1.6386022567749023,False,1.4860241413116455
66,0.4,d3_k5Xpfmik_16,2.0,1.835123896598816,1.5571316480636597,2.294158697128296,False,1.5571316480636597
66,0.4,d3_k5Xpfmik_17,1.600000023841858,0.5930479764938354,1.1107258796691895,1.4721977710723877,False,1.1107258796691895
66,0.4,d3_k5Xpfmik_18,0.800000011920929,-0.9728648066520691,-0.5494227409362793,0.1434876173734665,False,-0.5494227409362793
66,0.4,d3_k5Xpfmik_19,0.20000000298023224,0.7583230137825012,0.5788363218307495,1.2048405408859253,False,0.5788363218307495
66,0.4,vyB00TXsimI_1,0.0,0.2729102671146393,0.2729102671146393,1.017137050628662,False,0.2729102671146393
66,0.4,vyB00TXsimI_2,-2.4000000953674316,0.3338008224964142,0.3033694922924042,0.57563316822052,False,0.3033694922924042
66,0.4,vyB00TXsimI_3,2.200000047683716,0.1680074781179428,0.03374941647052765,0.648493766784668,True,0.648493766784668
66,0.4,vyB00TXsimI_4,1.7999999523162842,0.8023962378501892,0.6437249183654785,0.8484882116317749,False,0.6437249183654785
66,0.4,vyB00TXsimI_5,1.7999999523162842,1.5401517152786255,1.3037114143371582,2.1357123851776123,False,1.3037114143371582
66,0.4,vyB00TXsimI_6,2.0,0.49627527594566345,0.9093104004859924,1.0838781595230103,False,0.9093104004859924
66,0.4,vyB00TXsimI_7,2.4000000953674316,1.5012577772140503,1.4291220903396606,1.816670298576355,False,1.4291220903396606
66,0.4,vyB00TXsimI_8,2.5999999046325684,1.566684603691101,1.3549083471298218,2.3313586711883545,False,1.3549083471298218
66,0.4,vyB00TXsimI_9,-0.25,-0.3832646310329437,-0.3069544732570648,1.6265482902526855,False,-0.3069544732570648
66,0.4,vyB00TXsimI_10,1.3333333730697632,1.2084869146347046,0.9536404013633728,2.0177042484283447,False,0.9536404013633728
66,0.4,vyB00TXsimI_11,-0.20000000298023224,0.47607046365737915,0.8076454401016235,0.952182412147522,False,0.8076454401016235
66,0.4,vyB00TXsimI_12,0.20000000298023224,0.4348823130130768,0.6065148115158081,1.2041445970535278,False,0.6065148115158081
66,0.4,vyB00TXsimI_13,2.4000000953674316,0.107883520424366,0.6036201119422913,0.092049241065979,True,0.092049241065979
66,0.4,vyB00TXsimI_14,2.0,1.5964232683181763,1.2928271293640137,1.9799655675888062,False,1.2928271293640137
66,0.4,vyB00TXsimI_15,2.5999999046325684,0.3737725615501404,0.8799564242362976,0.9596929550170898,False,0.8799564242362976
66,0.4,vyB00TXsimI_16,0.4000000059604645,0.43693944811820984,0.4825531542301178,0.5359909534454346,False,0.4825531542301178
66,0.4,vyB00TXsimI_17,1.399999976158142,1.4820821285247803,1.2896212339401245,1.3316022157669067,False,1.2896212339401245
66,0.4,vyB00TXsimI_18,2.4000000953674316,0.8241450190544128,0.8823856711387634,0.9652209281921387,False,0.8823856711387634
66,0.4,vyB00TXsimI_19,1.2000000476837158,0.40114474296569824,0.4252762496471405,1.2394734621047974,False,0.4252762496471405
66,0.4,vyB00TXsimI_20,2.200000047683716,0.7242267727851868,0.8121428489685059,0.9362649917602539,False,0.8121428489685059
66,0.4,vyB00TXsimI_21,1.2000000476837158,0.6410033106803894,0.6982919573783875,1.256679892539978,False,0.6982919573783875
66,0.4,vyB00TXsimI_22,0.6000000238418579,-0.9169430732727051,-0.7926691174507141,0.8882062435150146,False,-0.7926691174507141
66,0.4,fvVhgmXxadc_1,-0.4000000059604645,1.5480515956878662,1.5480515956878662,1.7646359205245972,False,1.5480515956878662
66,0.4,fvVhgmXxadc_2,-2.799999952316284,-1.879246473312378,-1.6861217021942139,-0.5868508815765381,False,-1.6861217021942139
66,0.4,fvVhgmXxadc_3,-2.200000047683716,-1.2622032165527344,-1.57124924659729,-1.2710007429122925,False,-1.57124924659729
66,0.4,fvVhgmXxadc_4,-2.799999952316284,-1.2740061283111572,-1.6580464839935303,-1.494827389717102,False,-1.6580464839935303
66,0.4,fvVhgmXxadc_5,0.0,0.38450896739959717,-0.7629643678665161,-0.8394702672958374,False,-0.7629643678665161
66,0.4,fvVhgmXxadc_6,-0.20000000298023224,-1.1701436042785645,-1.6288130283355713,-1.3505936861038208,False,-1.6288130283355713
66,0.4,fvVhgmXxadc_7,-1.0,0.15985524654388428,-0.9750787615776062,-0.7161732912063599,True,-0.7161732912063599
66,0.4,fvVhgmXxadc_8,-0.5,0.22869090735912323,-0.9452338814735413,-0.9425652027130127,True,-0.9425652027130127
66,0.4,fvVhgmXxadc_9,-0.4000000059604645,-0.35932695865631104,-0.8732218146324158,-0.411580890417099,False,-0.8732218146324158
66,0.4,fvVhgmXxadc_10,0.0,-0.4504881203174591,-0.9493840932846069,-0.41533318161964417,False,-0.9493840932846069
66,0.4,fvVhgmXxadc_11,-0.20000000298023224,0.15442174673080444,-0.3536205291748047,0.09268368780612946,True,0.09268368780612946
66,0.4,fvVhgmXxadc_12,0.0,0.11559519916772842,-0.5451169013977051,-0.45118165016174316,True,-0.45118165016174316
66,0.4,fvVhgmXxadc_13,0.20000000298023224,-0.6372860074043274,-1.0258797407150269,-1.4222596883773804,False,-1.0258797407150269
66,0.4,fvVhgmXxadc_14,0.0,-0.42241671681404114,-0.918246865272522,-0.9170325994491577,False,-0.918246865272522
66,0.4,ob23OKe5a9Q_1,1.2000000476837158,1.6233913898468018,1.6233913898468018,1.8562320470809937,False,1.6233913898468018
66,0.4,ob23OKe5a9Q_2,1.0,0.33716514706611633,0.8030369877815247,0.8399094343185425,False,0.8030369877815247
66,0.4,ob23OKe5a9Q_3,-1.2000000476837158,-1.2316745519638062,-0.9978675246238708,-0.5799288749694824,False,-0.9978675246238708
66,0.4,ob23OKe5a9Q_4,-1.5,0.5806214213371277,-0.13791373372077942,0.2483052909374237,False,-0.13791373372077942
66,0.4,ob23OKe5a9Q_5,-1.7999999523162842,-1.5743991136550903,-1.6797243356704712,-1.037140965461731,False,-1.6797243356704712
66,0.4,ob23OKe5a9Q_6,0.0,0.4559682309627533,-0.8383581638336182,-0.4639859199523926,False,-0.8383581638336182
66,0.4,ob23OKe5a9Q_7,0.6000000238418579,1.4370713233947754,1.0242035388946533,1.603515625,False,1.0242035388946533
66,0.4,ob23OKe5a9Q_8,0.6000000238418579,1.5499781370162964,1.331729531288147,1.7483919858932495,False,1.331729531288147
66,0.4,ob23OKe5a9Q_9,-1.399999976158142,-1.5648314952850342,-1.1384357213974,-0.6655420064926147,False,-1.1384357213974
66,0.4,ob23OKe5a9Q_10,1.25,1.774503469467163,1.6371867656707764,1.6342977285385132,False,1.6371867656707764
66,0.4,ob23OKe5a9Q_11,0.800000011920929,1.4797285795211792,1.355582356452942,1.912725806236267,False,1.355582356452942
66,0.4,ob23OKe5a9Q_12,2.799999952316284,1.6657130718231201,1.5568164587020874,1.8796268701553345,False,1.5568164587020874
66,0.4,ob23OKe5a9Q_13,1.25,-1.0901758670806885,-0.6894869208335876,-0.4578293561935425,False,-0.6894869208335876
66,0.4,ob23OKe5a9Q_14,0.800000011920929,1.4671969413757324,1.2724533081054688,1.1339936256408691,False,1.2724533081054688
66,0.4,zhpQhgha_KU_1,-1.600000023841858,-1.7028661966323853,-1.7028661966323853,-1.181636095046997,False,-1.7028661966323853
66,0.4,zhpQhgha_KU_2,1.600000023841858,1.5339603424072266,1.2546638250350952,1.6337831020355225,False,1.2546638250350952
66,0.4,zhpQhgha_KU_3,-1.600000023841858,-1.6951050758361816,-1.658189058303833,-1.0281524658203125,False,-1.658189058303833
66,0.4,zhpQhgha_KU_4,-1.600000023841858,-1.1660008430480957,-1.570082426071167,-1.210526943206787,False,-1.570082426071167
66,0.4,zhpQhgha_KU_5,-2.200000047683716,0.3763532042503357,-0.5361955165863037,-0.5510611534118652,False,-0.5361955165863037
66,0.4,zhpQhgha_KU_6,1.0,0.8538048267364502,-0.1066843569278717,0.01828484609723091,False,-0.1066843569278717
66,0.4,zhpQhgha_KU_7,1.0,0.7937546968460083,-0.09582202881574631,-0.034022994339466095,False,-0.09582202881574631
66,0.4,zhpQhgha_KU_8,-1.0,-1.995582103729248,-1.8566110134124756,-0.9018344879150391,False,-1.8566110134124756
66,0.4,zhpQhgha_KU_9,-1.0,0.6601578593254089,-0.5795827507972717,-0.16972239315509796,False,-0.5795827507972717
66,0.4,zhpQhgha_KU_10,0.6000000238418579,0.40411442518234253,-0.03465215116739273,0.655937910079956,False,-0.03465215116739273
66,0.4,zhpQhgha_KU_11,-2.4000000953674316,0.012889506295323372,-0.7731301784515381,-0.4738452732563019,True,-0.4738452732563019
66,0.4,zhpQhgha_KU_12,-1.399999976158142,-1.3243317604064941,-1.6311872005462646,-1.0126570463180542,False,-1.6311872005462646
66,0.4,zhpQhgha_KU_13,-1.0,-1.3459171056747437,-1.595682144165039,-1.0132763385772705,False,-1.595682144165039
66,0.4,zhpQhgha_KU_14,-1.5,-1.550689935684204,-1.8126473426818848,-1.126025915145874,False,-1.8126473426818848
66,0.4,zhpQhgha_KU_15,-2.0,-1.329386591911316,-1.7869685888290405,-1.2426780462265015,False,-1.7869685888290405
66,0.4,zhpQhgha_KU_16,1.7999999523162842,0.9793618321418762,-0.4031594693660736,-0.04117729514837265,False,-0.4031594693660736
66,0.4,zhpQhgha_KU_17,1.75,1.7453359365463257,1.5610713958740234,1.2102477550506592,False,1.5610713958740234
66,0.4,zhpQhgha_KU_18,0.6000000238418579,-1.3465592861175537,-0.786834180355072,1.8033138513565063,False,-0.786834180355072
66,0.4,zhpQhgha_KU_19,-0.800000011920929,-0.5095202326774597,-0.670464813709259,-0.07788697630167007,False,-0.670464813709259
66,0.4,zhpQhgha_KU_20,-1.399999976158142,-0.7582772374153137,-1.137908697128296,-0.9401882886886597,False,-1.137908697128296
66,0.4,zhpQhgha_KU_21,0.6000000238418579,0.3134213089942932,-0.7792258262634277,-0.4823434054851532,False,-0.7792258262634277
66,0.4,zhpQhgha_KU_22,0.6000000238418579,-0.3921594023704529,-0.7850973010063171,-1.2198007106781006,False,-0.7850973010063171
66,0.4,zhpQhgha_KU_23,-0.5,1.1363486051559448,0.9579179883003235,0.6103428602218628,False,0.9579179883003235
66,0.4,zhpQhgha_KU_24,0.0,0.8318563103675842,0.6726866364479065,0.7340269088745117,False,0.6726866364479065
66,0.4,zhpQhgha_KU_25,1.0,0.7065395712852478,0.677287757396698,0.38193169236183167,False,0.677287757396698
66,0.4,zhpQhgha_KU_26,0.0,0.8286724090576172,0.8495269417762756,0.25015532970428467,False,0.8495269417762756
66,0.4,zhpQhgha_KU_27,0.800000011920929,0.7929876446723938,0.8019394874572754,0.5926406383514404,False,0.8019394874572754
66,0.4,zhpQhgha_KU_28,1.399999976158142,0.40569964051246643,0.5304446816444397,0.352864146232605,False,0.5304446816444397
66,0.4,zhpQhgha_KU_29,-1.2000000476837158,-1.4399255514144897,-1.1674187183380127,-0.9902364015579224,False,-1.1674187183380127
66,0.4,zhpQhgha_KU_30,-2.0,-0.9712581038475037,-1.241753101348877,-1.0540393590927124,False,-1.241753101348877
66,0.4,zhpQhgha_KU_31,-1.0,0.4222542643547058,-0.5966435074806213,-0.5132050514221191,False,-0.5966435074806213
66,0.4,zhpQhgha_KU_32,0.800000011920929,0.5470663905143738,0.15649087727069855,0.6906360387802124,False,0.15649087727069855
66,0.4,zhpQhgha_KU_33,-0.4000000059604645,0.6974047422409058,0.5237657427787781,-0.2693142890930176,False,0.5237657427787781
66,0.4,zhpQhgha_KU_34,1.2000000476837158,1.6765482425689697,1.5248627662658691,1.27745521068573,False,1.5248627662658691
66,0.4,zhpQhgha_KU_35,0.6000000238418579,0.3240489363670349,0.7056069374084473,1.0567220449447632,False,0.7056069374084473
66,0.4,phBUpBr1hSo_1,1.399999976158142,1.8475803136825562,1.8475803136825562,2.1115317344665527,False,1.8475803136825562
66,0.4,phBUpBr1hSo_2,2.200000047683716,1.7374639511108398,1.694642424583435,2.0762393474578857,False,1.694642424583435
66,0.4,phBUpBr1hSo_3,2.799999952316284,1.78742516040802,1.635162115097046,2.5660994052886963,False,1.635162115097046
66,0.4,phBUpBr1hSo_4,-0.800000011920929,-0.6251537203788757,-0.21888837218284607,-0.01796388439834118,False,-0.21888837218284607
66,0.4,phBUpBr1hSo_5,-1.399999976158142,-1.4235587120056152,-1.4323291778564453,-0.8840631246566772,False,-1.4323291778564453
66,0.4,phBUpBr1hSo_6,1.600000023841858,1.1989448070526123,0.8393154144287109,1.951675295829773,False,0.8393154144287109
66,0.4,phBUpBr1hSo_7,-1.0,1.069420337677002,0.7118645906448364,1.2896199226379395,False,0.7118645906448364
66,0.4,phBUpBr1hSo_8,-2.200000047683716,0.7033759355545044,0.5247021913528442,0.7614140510559082,False,0.5247021913528442
66,0.4,phBUpBr1hSo_9,-2.0,-0.13009607791900635,-0.17121556401252747,0.1125437542796135,True,0.1125437542796135
66,0.4,phBUpBr1hSo_10,-1.399999976158142,-0.9567521810531616,-1.221649169921875,-0.8316141366958618,False,-1.221649169921875
66,0.4,phBUpBr1hSo_11,2.0,1.1197664737701416,-0.19939225912094116,0.18591997027397156,False,-0.19939225912094116
66,0.4,phBUpBr1hSo_12,1.7999999523162842,1.1564929485321045,-0.16982100903987885,0.23170018196105957,False,-0.16982100903987885
66,0.4,phBUpBr1hSo_13,0.800000011920929,1.1630460023880005,-0.12131912261247635,0.2620031535625458,False,-0.12131912261247635
66,0.4,phBUpBr1hSo_14,-1.2000000476837158,0.2993312478065491,-0.6535976529121399,-0.10072574019432068,False,-0.6535976529121399
66,0.4,phBUpBr1hSo_15,-2.200000047683716,0.8348854184150696,-0.2718907594680786,-0.07819375395774841,False,-0.2718907594680786
66,0.4,phBUpBr1hSo_16,-1.600000023841858,0.4011620283126831,0.05434554070234299,-0.5212522745132446,False,0.05434554070234299
66,0.4,phBUpBr1hSo_17,2.0,0.4955747723579407,0.33149319887161255,1.2608106136322021,False,0.33149319887161255
66,0.4,phBUpBr1hSo_18,0.800000011920929,1.2309279441833496,0.5075658559799194,0.6220111846923828,False,0.5075658559799194
66,0.4,phBUpBr1hSo_19,2.0,1.3504201173782349,1.103479027748108,1.9142073392868042,False,1.103479027748108
66,0.4,phBUpBr1hSo_20,-1.25,0.4683769643306732,0.3895386755466461,1.0736502408981323,False,0.3895386755466461
66,0.4,phBUpBr1hSo_21,0.800000011920929,-0.0350656658411026,-0.07980801910161972,0.6439392566680908,True,0.6439392566680908
66,0.4,yDtzw_Y-7RU_1,0.800000011920929,0.6662526726722717,0.6662526726722717,0.8052585124969482,False,0.6662526726722717
66,0.4,yDtzw_Y-7RU_2,0.800000011920929,-0.3062353730201721,-0.30993130803108215,-0.11664538830518723,False,-0.30993130803108215
66,0.4,yDtzw_Y-7RU_3,0.75,-0.010293493047356606,-0.47011786699295044,-0.5697841644287109,True,-0.5697841644287109
66,0.4,yDtzw_Y-7RU_4,-1.0,1.406346321105957,1.0004148483276367,1.2468472719192505,False,1.0004148483276367
66,0.4,yDtzw_Y-7RU_5,0.5,-1.2434576749801636,-1.0920480489730835,0.12189947068691254,False,-1.0920480489730835
66,0.4,yDtzw_Y-7RU_6,-1.2000000476837158,0.8358880877494812,0.3340371251106262,-0.08494256436824799,False,0.3340371251106262
66,0.4,yDtzw_Y-7RU_7,-0.20000000298023224,-0.9101249575614929,-1.051052451133728,-1.2285850048065186,False,-1.051052451133728
66,0.4,yDtzw_Y-7RU_8,-1.5,0.8383429050445557,-0.41091227531433105,-0.39751136302948,False,-0.41091227531433105
66,0.4,yDtzw_Y-7RU_9,-1.0,-0.17313101887702942,-0.8612162470817566,-1.0336686372756958,True,-1.0336686372756958
66,0.4,yDtzw_Y-7RU_10,-0.6000000238418579,-0.7370612025260925,-1.0861257314682007,-1.448014497756958,False,-1.0861257314682007
66,0.4,yDtzw_Y-7RU_11,-1.399999976158142,-1.0700935125350952,-1.2914063930511475,-1.2139567136764526,False,-1.2914063930511475
66,0.4,yDtzw_Y-7RU_12,-0.6666666865348816,0.6756667494773865,-0.45902252197265625,-0.36284881830215454,False,-0.45902252197265625
66,0.4,yDtzw_Y-7RU_13,-1.7999999523162842,0.2752223312854767,-0.7669382691383362,-0.698897123336792,False,-0.7669382691383362
66,0.4,yDtzw_Y-7RU_14,2.200000047683716,1.6662180423736572,1.1515300273895264,1.406469464302063,False,1.1515300273895264
66,0.4,yDtzw_Y-7RU_15,0.6000000238418579,0.8306364417076111,0.5895835757255554,0.18468835949897766,False,0.5895835757255554
66,0.4,yDtzw_Y-7RU_16,0.6000000238418579,1.4182345867156982,1.0297415256500244,1.6795666217803955,False,1.0297415256500244
66,0.4,yDtzw_Y-7RU_17,0.20000000298023224,0.710006594657898,0.3670770525932312,1.322151780128479,False,0.3670770525932312
66,0.4,yDtzw_Y-7RU_18,-2.0,-1.2470349073410034,-1.2216743230819702,-0.9829065799713135,False,-1.2216743230819702
66,0.4,yDtzw_Y-7RU_19,-1.600000023841858,0.28626304864883423,-0.7469661831855774,-0.9551546573638916,False,-0.7469661831855774
66,0.4,yDtzw_Y-7RU_20,-0.6000000238418579,-0.6404238939285278,-1.130022644996643,-0.7949901819229126,False,-1.130022644996643
66,0.4,yDtzw_Y-7RU_21,0.20000000298023224,1.2387865781784058,0.583516538143158,1.1761308908462524,False,0.583516538143158
66,0.4,yDtzw_Y-7RU_22,2.0,1.5755082368850708,1.2222894430160522,1.7692434787750244,False,1.2222894430160522
66,0.4,yDtzw_Y-7RU_23,2.200000047683716,0.7303948998451233,0.9981616139411926,0.6624158620834351,False,0.9981616139411926
66,0.4,yDtzw_Y-7RU_24,-0.800000011920929,-1.1584692001342773,-1.112392783164978,-0.8041901588439941,False,-1.112392783164978
66,0.4,nzpVDcQ0ywM_1,0.0,1.5191670656204224,1.5191670656204224,1.8622255325317383,False,1.5191670656204224
66,0.4,nzpVDcQ0ywM_2,-1.600000023841858,0.970604419708252,0.9740604162216187,1.9707149267196655,False,0.9740604162216187
66,0.4,nzpVDcQ0ywM_3,0.800000011920929,1.220444917678833,1.1880930662155151,1.5878355503082275,False,1.1880930662155151
66,0.4,nzpVDcQ0ywM_4,-1.600000023841858,-1.7511042356491089,-1.7083706855773926,-0.018925946205854416,False,-1.7083706855773926
66,0.4,nzpVDcQ0ywM_5,-0.4000000059604645,-1.3638995885849,-1.7599961757659912,-0.7236738204956055,False,-1.7599961757659912
66,0.4,nzpVDcQ0ywM_6,-1.399999976158142,-1.6494412422180176,-2.029080629348755,-1.0529412031173706,False,-2.029080629348755
66,0.4,nzpVDcQ0ywM_7,-1.0,-0.9463412761688232,-1.579292893409729,-0.7512232065200806,False,-1.579292893409729
66,0.4,nzpVDcQ0ywM_8,2.0,-0.530654788017273,-1.3875592947006226,-0.6110522747039795,False,-1.3875592947006226
66,0.4,nzpVDcQ0ywM_9,-2.200000047683716,0.512912929058075,-0.9933355450630188,-0.47850531339645386,False,-0.9933355450630188
66,0.4,nzpVDcQ0ywM_10,-1.0,0.037698276340961456,-0.9849717020988464,-0.6350198984146118,True,-0.6350198984146118
66,0.4,nzpVDcQ0ywM_11,0.0,0.6117479205131531,-0.8837379217147827,-0.41018739342689514,False,-0.8837379217147827
66,0.4,nzpVDcQ0ywM_12,-1.399999976158142,-1.3082698583602905,-1.7295889854431152,-1.14126455783844,False,-1.7295889854431152
66,0.4,nzpVDcQ0ywM_13,-1.0,0.16743093729019165,-0.9926678538322449,-0.6729233264923096,True,-0.6729233264923096
66,0.4,nzpVDcQ0ywM_14,0.20000000298023224,0.6057034134864807,-0.6016184091567993,-0.3066926896572113,False,-0.6016184091567993
66,0.4,nzpVDcQ0ywM_15,-0.6000000238418579,0.43940722942352295,-0.6642788052558899,-0.5947767496109009,False,-0.6642788052558899
66,0.4,nzpVDcQ0ywM_16,1.399999976158142,0.8691498637199402,-0.2985842823982239,-0.1367218941450119,False,-0.2985842823982239
66,0.4,nzpVDcQ0ywM_17,1.600000023841858,1.3060576915740967,0.9129354357719421,1.4819515943527222,False,0.9129354357719421
66,0.4,nzpVDcQ0ywM_18,1.2000000476837158,1.5106443166732788,1.2136280536651611,1.8890422582626343,False,1.2136280536651611
66,0.4,nzpVDcQ0ywM_19,-2.0,0.37585586309432983,0.2925793528556824,1.7519932985305786,False,0.2925793528556824
66,0.4,nzpVDcQ0ywM_20,0.20000000298023224,1.0042603015899658,0.6942610740661621,1.5220258235931396,False,0.6942610740661621
66,0.4,nzpVDcQ0ywM_21,-1.399999976158142,-1.2788127660751343,-0.8818780183792114,-0.8321508169174194,False,-0.8818780183792114
66,0.4,nzpVDcQ0ywM_22,2.0,1.6629585027694702,1.4876112937927246,1.272369384765625,False,1.4876112937927246
66,0.4,nzpVDcQ0ywM_23,2.0,1.6942474842071533,1.4333832263946533,2.1637022495269775,False,1.4333832263946533
66,0.4,nzpVDcQ0ywM_24,1.600000023841858,1.4241772890090942,1.2472167015075684,2.1938459873199463,False,1.2472167015075684
66,0.4,jUzDDGyPkXU_1,2.799999952316284,0.38269174098968506,0.38269174098968506,0.5899232625961304,False,0.38269174098968506
66,0.4,jUzDDGyPkXU_2,2.5999999046325684,0.5496668815612793,0.29917412996292114,0.6196625232696533,False,0.29917412996292114
66,0.4,jUzDDGyPkXU_3,0.0,0.7668920755386353,0.696150541305542,1.125746726989746,False,0.696150541305542
66,0.4,jUzDDGyPkXU_4,-1.600000023841858,1.160585880279541,1.0696005821228027,1.665094017982483,False,1.0696005821228027
66,0.4,jUzDDGyPkXU_5,-1.2000000476837158,-1.0973700284957886,-0.8745667338371277,-0.5413041114807129,False,-0.8745667338371277
66,0.4,jUzDDGyPkXU_6,-1.600000023841858,-1.461195468902588,-1.45497727394104,-1.1444902420043945,False,-1.45497727394104
66,0.4,jUzDDGyPkXU_7,-0.6000000238418579,-1.482556700706482,-1.8328869342803955,-1.3630735874176025,False,-1.8328869342803955
66,0.4,jUzDDGyPkXU_8,1.7999999523162842,1.5423650741577148,1.0161470174789429,1.3257596492767334,False,1.0161470174789429
66,0.4,jUzDDGyPkXU_9,2.799999952316284,0.5448015332221985,0.6039031744003296,0.5521291494369507,False,0.6039031744003296
66,0.4,jUzDDGyPkXU_10,2.4000000953674316,1.5123250484466553,1.4156060218811035,1.5406839847564697,False,1.4156060218811035
66,0.4,jUzDDGyPkXU_11,2.4000000953674316,1.2001382112503052,1.1272032260894775,1.7810420989990234,False,1.1272032260894775
66,0.4,jUzDDGyPkXU_12,0.5,1.2888624668121338,1.2155061960220337,1.6829735040664673,False,1.2155061960220337
66,0.4,jUzDDGyPkXU_13,-0.6000000238418579,0.2566835582256317,0.6769735813140869,1.3005324602127075,False,0.6769735813140869
66,0.4,jUzDDGyPkXU_14,0.800000011920929,0.16836464405059814,0.7585076093673706,0.7735077142715454,True,0.7735077142715454
66,0.4,jUzDDGyPkXU_15,1.3333333730697632,-0.3139515519142151,-0.4262416958808899,0.16397428512573242,False,-0.4262416958808899
66,0.4,jUzDDGyPkXU_16,1.2000000476837158,1.2107661962509155,1.02695894241333,1.2690404653549194,False,1.02695894241333
66,0.4,jUzDDGyPkXU_17,-2.799999952316284,-1.8367278575897217,-1.7098840475082397,-0.9550849199295044,False,-1.7098840475082397
66,0.4,jUzDDGyPkXU_18,-2.4000000953674316,0.08615568280220032,-0.8116288185119629,-0.5469287633895874,True,-0.5469287633895874
66,0.4,jUzDDGyPkXU_19,2.200000047683716,-1.9223204851150513,-2.1065080165863037,-0.9402072429656982,False,-2.1065080165863037
66,0.4,jUzDDGyPkXU_20,-2.200000047683716,0.4279417395591736,-0.7116381525993347,-0.4596395790576935,False,-0.7116381525993347
66,0.4,jUzDDGyPkXU_21,-1.0,1.0730266571044922,0.7590774297714233,0.3413297235965729,False,0.7590774297714233
66,0.4,jUzDDGyPkXU_22,-2.4000000953674316,0.32657021284103394,0.34222450852394104,0.38700172305107117,False,0.34222450852394104
66,0.4,jUzDDGyPkXU_23,1.2000000476837158,1.4496774673461914,1.351027250289917,1.3848236799240112,False,1.351027250289917
66,0.4,jUzDDGyPkXU_24,-1.0,-0.4774025082588196,0.43273237347602844,0.17067605257034302,False,0.43273237347602844
66,0.4,jUzDDGyPkXU_25,-2.0,-1.4830763339996338,-1.2306383848190308,-1.0960195064544678,False,-1.2306383848190308
66,0.4,jUzDDGyPkXU_26,-2.0,-0.9373241066932678,-1.317529320716858,-0.9882677793502808,False,-1.317529320716858
66,0.4,jUzDDGyPkXU_27,-2.0,0.2962137758731842,-0.8041738867759705,-0.28720685839653015,False,-0.8041738867759705
66,0.4,rnaNMUZpvvg_1,-2.5999999046325684,-1.6646332740783691,-1.6646332740783691,-1.443796992301941,False,-1.6646332740783691
66,0.4,rnaNMUZpvvg_2,2.25,-0.699489414691925,-1.4967052936553955,-1.5813921689987183,False,-1.4967052936553955
66,0.4,rnaNMUZpvvg_3,-0.800000011920929,-0.9770916700363159,-1.5026850700378418,-1.7336941957473755,False,-1.5026850700378418
66,0.4,rnaNMUZpvvg_4,-2.4000000953674316,-1.689452052116394,-2.0185234546661377,-1.7660504579544067,False,-2.0185234546661377
66,0.4,rnaNMUZpvvg_5,-2.799999952316284,-1.5572038888931274,-2.0416321754455566,-1.6290441751480103,False,-2.0416321754455566
66,0.4,rnaNMUZpvvg_6,-2.5999999046325684,-1.8879749774932861,-2.3068490028381348,-1.7171610593795776,False,-2.3068490028381348
66,0.4,rnaNMUZpvvg_7,-0.4000000059604645,-0.19632665812969208,-1.2933415174484253,-1.2159374952316284,True,-1.2159374952316284
66,0.4,rnaNMUZpvvg_8,-1.600000023841858,-1.5947726964950562,-2.120148181915283,-1.6513737440109253,False,-2.120148181915283
66,0.4,rnaNMUZpvvg_9,-1.399999976158142,-1.7045297622680664,-2.156179428100586,-1.894744873046875,False,-2.156179428100586
66,0.4,rnaNMUZpvvg_10,-2.5999999046325684,0.03452662378549576,-1.1579124927520752,-1.1452468633651733,True,-1.1452468633651733
66,0.4,rnaNMUZpvvg_11,-2.5999999046325684,0.8376790285110474,-0.9263573884963989,-0.9446327686309814,False,-0.9263573884963989
66,0.4,rnaNMUZpvvg_12,-1.0,0.0856509581208229,-1.1164542436599731,-1.3229355812072754,True,-1.3229355812072754
66,0.4,rnaNMUZpvvg_13,-2.0,-1.3863450288772583,-1.899926781654358,-1.8088511228561401,False,-1.899926781654358
66,0.4,rnaNMUZpvvg_14,-2.5999999046325684,-1.8057827949523926,-2.2236030101776123,-1.8389630317687988,False,-2.2236030101776123
66,0.4,rnaNMUZpvvg_15,-1.600000023841858,-1.4777472019195557,-1.9566203355789185,-1.808205246925354,False,-1.9566203355789185
66,0.4,rnaNMUZpvvg_16,-1.7999999523162842,-1.372624397277832,-1.9226021766662598,-1.6498669385910034,False,-1.9226021766662598
66,0.4,rnaNMUZpvvg_17,-1.600000023841858,0.9812049865722656,-0.8029091358184814,-0.6986147165298462,False,-0.8029091358184814
66,0.4,rnaNMUZpvvg_18,-2.200000047683716,-0.06374704837799072,-1.1616501808166504,-1.261346459388733,True,-1.261346459388733
66,0.4,rnaNMUZpvvg_19,-1.399999976158142,0.045120082795619965,-1.0830882787704468,-1.2595933675765991,True,-1.2595933675765991
66,0.4,rnaNMUZpvvg_20,0.800000011920929,0.18592938780784607,-0.945678174495697,-1.110821008682251,True,-1.110821008682251
66,0.4,rnaNMUZpvvg_21,-2.5999999046325684,0.6731092929840088,-0.9776889085769653,-1.0305218696594238,False,-0.9776889085769653
66,0.4,rnaNMUZpvvg_22,-2.200000047683716,-0.2241533100605011,-1.2024067640304565,-1.2166087627410889,True,-1.2166087627410889
66,0.4,yvsjCA6Y5Fc_1,-2.0,-1.083436131477356,-1.083436131477356,0.44459325075149536,False,-1.083436131477356
66,0.4,yvsjCA6Y5Fc_2,-1.2000000476837158,-1.4734455347061157,-1.81565523147583,-1.5479093790054321,False,-1.81565523147583
66,0.4,yvsjCA6Y5Fc_3,-2.0,-1.6224565505981445,-2.014219045639038,-1.5798957347869873,False,-2.014219045639038
66,0.4,yvsjCA6Y5Fc_4,-0.20000000298023224,0.7021719813346863,-0.6809272170066833,-0.5476541519165039,False,-0.6809272170066833
66,0.4,yvsjCA6Y5Fc_5,0.4000000059604645,-0.29136452078819275,-0.7908366322517395,-1.3326170444488525,False,-0.7908366322517395
66,0.4,yvsjCA6Y5Fc_6,0.0,-1.6109060049057007,-1.7874213457107544,-1.528470754623413,False,-1.7874213457107544
66,0.4,yvsjCA6Y5Fc_7,-1.7999999523162842,0.7004874348640442,-0.2742345333099365,-0.36382409930229187,False,-0.2742345333099365
66,0.4,yvsjCA6Y5Fc_8,0.4000000059604645,-1.3881680965423584,-1.6085751056671143,-1.4536384344100952,False,-1.6085751056671143
66,0.4,yvsjCA6Y5Fc_9,-1.399999976158142,0.6397806406021118,-0.4803582727909088,-0.5406216382980347,False,-0.4803582727909088
66,0.4,yvsjCA6Y5Fc_10,-2.0,-1.0784096717834473,-1.4747973680496216,-0.6828625202178955,False,-1.4747973680496216
66,0.4,yvsjCA6Y5Fc_11,2.0,-0.012991242110729218,-1.1715896129608154,-0.5758111476898193,True,-0.5758111476898193
66,0.4,yvsjCA6Y5Fc_12,-0.6000000238418579,-0.7815773487091064,-1.3596550226211548,-0.7362074851989746,False,-1.3596550226211548
66,0.4,yvsjCA6Y5Fc_13,-2.0,-0.04728042334318161,-1.2763941287994385,-0.8716466426849365,True,-0.8716466426849365
66,0.4,yvsjCA6Y5Fc_14,-1.0,-0.019606390967965126,-1.2098206281661987,-0.670133113861084,True,-0.670133113861084
66,0.4,yvsjCA6Y5Fc_15,-2.0,-0.9818041324615479,-1.6536883115768433,-0.4105725884437561,False,-1.6536883115768433
66,0.4,yvsjCA6Y5Fc_16,-1.7999999523162842,-1.5274443626403809,-2.0016865730285645,-1.2018016576766968,False,-2.0016865730285645
66,0.4,yvsjCA6Y5Fc_17,-0.6000000238418579,-0.19606369733810425,-1.0151134729385376,-1.0731534957885742,True,-1.0731534957885742
66,0.4,yvsjCA6Y5Fc_18,-2.200000047683716,-0.11660832166671753,-1.0374268293380737,-0.6917684078216553,True,-0.6917684078216553
66,0.4,yvsjCA6Y5Fc_19,-1.600000023841858,-0.10360831022262573,-1.0481442213058472,-0.8691269159317017,True,-0.8691269159317017
66,0.4,yvsjCA6Y5Fc_20,0.800000011920929,1.0220853090286255,0.592945396900177,0.909229040145874,False,0.592945396900177
66,0.4,yvsjCA6Y5Fc_21,-1.7999999523162842,-1.4132195711135864,-1.323975920677185,-1.0082240104675293,False,-1.323975920677185
66,0.4,yvsjCA6Y5Fc_22,-1.600000023841858,-0.4117875397205353,-1.0686137676239014,-0.5437569618225098,False,-1.0686137676239014
66,0.4,yvsjCA6Y5Fc_23,-1.2000000476837158,0.6459987759590149,-0.6793712377548218,-0.4369792938232422,False,-0.6793712377548218
66,0.4,pLTX3ipuDJI_1,-2.4000000953674316,0.9202499389648438,0.9202499389648438,1.178930640220642,False,0.9202499389648438
66,0.4,pLTX3ipuDJI_2,-1.7999999523162842,-1.1255353689193726,-1.0234378576278687,-0.2152579426765442,False,-1.0234378576278687
66,0.4,pLTX3ipuDJI_3,-1.2000000476837158,-0.42778152227401733,-0.8805685639381409,-0.7562201023101807,False,-0.8805685639381409
66,0.4,pLTX3ipuDJI_4,-2.200000047683716,-0.012967366725206375,-0.5271224975585938,-0.2629096508026123,True,-0.2629096508026123
66,0.4,pLTX3ipuDJI_5,-2.0,-1.4629089832305908,-1.5752474069595337,-0.9104413986206055,False,-1.5752474069595337
66,0.4,pLTX3ipuDJI_6,-1.399999976158142,0.8017173409461975,-0.34383872151374817,-0.3257356286048889,False,-0.34383872151374817
66,0.4,pLTX3ipuDJI_7,0.800000011920929,0.5309923887252808,0.13191759586334229,-0.29835739731788635,False,0.13191759586334229
66,0.4,pLTX3ipuDJI_8,-2.0,0.5393474102020264,-0.2957907021045685,-0.2866702973842621,False,-0.2957907021045685
66,0.4,pLTX3ipuDJI_9,0.0,0.49168843030929565,-0.33129650354385376,-0.3045746982097626,False,-0.33129650354385376
66,0.4,pLTX3ipuDJI_10,-1.600000023841858,-1.4899754524230957,-1.3697116374969482,-0.6769237518310547,False,-1.3697116374969482
66,0.4,pLTX3ipuDJI_11,0.6000000238418579,0.52267986536026,-0.58510822057724,-0.42747974395751953,False,-0.58510822057724
66,0.4,pLTX3ipuDJI_12,-2.0,0.8508638739585876,-0.25435635447502136,-0.024745717644691467,False,-0.25435635447502136
66,0.4,pLTX3ipuDJI_13,-1.399999976158142,0.6966142654418945,-0.3582930862903595,-0.20854221284389496,False,-0.3582930862903595
66,0.4,pLTX3ipuDJI_14,-2.0,-1.135636806488037,-1.397465467453003,-1.1138136386871338,False,-1.397465467453003
66,0.4,pLTX3ipuDJI_15,-1.399999976158142,-0.500441312789917,-0.9735919237136841,-0.950577974319458,False,-0.9735919237136841
66,0.4,pLTX3ipuDJI_16,-1.600000023841858,0.5538375377655029,-0.6429814100265503,-0.4906790256500244,False,-0.6429814100265503
66,0.4,cW1FSBF59ik_1,-2.5999999046325684,-1.4913268089294434,-1.4913268089294434,-1.0203465223312378,False,-1.4913268089294434
66,0.4,cW1FSBF59ik_2,3.0,0.45514681935310364,-0.5866159796714783,-0.22199182212352753,False,-0.5866159796714783
66,0.4,cW1FSBF59ik_3,-1.0,-0.168746680021286,-1.110533356666565,-0.9070667028427124,True,-0.9070667028427124
66,0.4,cW1FSBF59ik_4,1.600000023841858,1.240997552871704,0.9046840667724609,1.044771671295166,False,0.9046840667724609
66,0.4,cW1FSBF59ik_5,2.0,0.36693158745765686,0.22361044585704803,-0.05722125619649887,False,0.22361044585704803
66,0.4,cW1FSBF59ik_6,1.2000000476837158,0.7262791991233826,0.5184115171432495,0.5124415159225464,False,0.5184115171432495
66,0.4,cW1FSBF59ik_7,0.5,0.964785099029541,0.7867539525032043,1.3433071374893188,False,0.7867539525032043
66,0.4,cW1FSBF59ik_8,1.7999999523162842,0.7103492021560669,0.9668582081794739,1.0863914489746094,False,0.9668582081794739
66,0.4,cW1FSBF59ik_9,-2.4000000953674316,-1.3478758335113525,-1.2635506391525269,-0.5210599899291992,False,-1.2635506391525269
66,0.4,cW1FSBF59ik_10,-1.0,0.2918347120285034,-0.9509162902832031,-0.27590328454971313,False,-0.9509162902832031
66,0.4,cW1FSBF59ik_11,-1.0,-1.607316255569458,-1.9542789459228516,-1.0783147811889648,False,-1.9542789459228516
66,0.4,cW1FSBF59ik_12,2.200000047683716,0.6120408773422241,-0.6063582301139832,-0.2562958002090454,False,-0.6063582301139832
66,0.4,cW1FSBF59ik_13,2.0,0.9693377017974854,0.532561719417572,0.32891741394996643,False,0.532561719417572
66,0.4,cW1FSBF59ik_14,-1.2000000476837158,-1.4017127752304077,-1.5444979667663574,-1.0656665563583374,False,-1.5444979667663574
66,0.4,cW1FSBF59ik_15,-2.5999999046325684,-1.2420588731765747,-1.6887856721878052,-1.297097086906433,False,-1.6887856721878052
66,0.4,cW1FSBF59ik_16,3.0,1.3479324579238892,0.8889593482017517,0.7187107801437378,False,0.8889593482017517
66,0.4,cW1FSBF59ik_17,2.4000000953674316,1.7409285306930542,1.5724786520004272,1.4057261943817139,False,1.5724786520004272
66,0.4,cW1FSBF59ik_18,2.5999999046325684,0.789352297782898,1.1044340133666992,0.9394859075546265,False,1.1044340133666992
66,0.4,cW1FSBF59ik_19,0.20000000298023224,0.1960969865322113,0.26241856813430786,0.7647116184234619,True,0.7647116184234619
66,0.4,cW1FSBF59ik_20,2.5,1.5600643157958984,1.2737127542495728,1.9977751970291138,False,1.2737127542495728
66,0.4,cW1FSBF59ik_21,1.600000023841858,1.570121169090271,1.3355158567428589,2.055089235305786,False,1.3355158567428589
66,0.4,cW1FSBF59ik_22,-1.0,0.44486868381500244,1.073489785194397,0.6779332160949707,False,1.073489785194397
66,0.4,cW1FSBF59ik_23,1.399999976158142,1.3552112579345703,1.327116847038269,1.3099148273468018,False,1.327116847038269
66,0.4,cW1FSBF59ik_24,0.0,0.847540020942688,0.5606843829154968,1.3779704570770264,False,0.5606843829154968
66,0.4,tmZoasNr4rU_1,0.0,0.3429226577281952,0.3429226577281952,0.41144588589668274,False,0.3429226577281952
66,0.4,tmZoasNr4rU_2,-2.0,-1.6634230613708496,-1.7321796417236328,-1.2995266914367676,False,-1.7321796417236328
66,0.4,tmZoasNr4rU_3,-2.0,-1.0820305347442627,-1.4220925569534302,-1.2664543390274048,False,-1.4220925569534302
66,0.4,tmZoasNr4rU_4,-0.800000011920929,-1.2906512022018433,-1.6002038717269897,-1.4629303216934204,False,-1.6002038717269897
66,0.4,tmZoasNr4rU_5,-0.800000011920929,-1.3435914516448975,-1.7603843212127686,-1.4880913496017456,False,-1.7603843212127686
66,0.4,tmZoasNr4rU_6,-1.7999999523162842,-0.8891072273254395,-1.3895171880722046,-1.1109254360198975,False,-1.3895171880722046
66,0.4,tmZoasNr4rU_7,-1.0,-1.2527213096618652,-1.7749488353729248,-1.4583522081375122,False,-1.7749488353729248
66,0.4,tmZoasNr4rU_8,-2.0,-1.117940068244934,-1.6420142650604248,-1.7762371301651,False,-1.6420142650604248
66,0.4,tmZoasNr4rU_9,-0.6000000238418579,-0.4475856423377991,-1.398250937461853,-1.4301836490631104,False,-1.398250937461853
66,0.4,tmZoasNr4rU_10,-1.7999999523162842,0.10088194161653519,-0.9684704542160034,-1.05245041847229,True,-1.05245041847229
66,0.4,tmZoasNr4rU_11,-0.6000000238418579,0.10931115597486496,-0.9352756142616272,-0.9736310243606567,True,-0.9736310243606567
66,0.4,tmZoasNr4rU_12,-2.200000047683716,-1.4382522106170654,-1.7914979457855225,-1.470624327659607,False,-1.7914979457855225
66,0.4,tmZoasNr4rU_13,-0.800000011920929,0.013817653059959412,-1.262620210647583,-1.260848879814148,True,-1.260848879814148
66,0.4,tmZoasNr4rU_14,-2.0,-1.4665755033493042,-1.8478862047195435,-1.5880448818206787,False,-1.8478862047195435
66,0.4,tmZoasNr4rU_15,0.25,-0.9460617899894714,-1.4349230527877808,-1.5095655918121338,False,-1.4349230527877808
66,0.4,tmZoasNr4rU_16,-1.399999976158142,-0.2156403660774231,-1.2209396362304688,-1.194287657737732,True,-1.194287657737732
66,0.4,tmZoasNr4rU_17,-1.399999976158142,-1.4109344482421875,-1.8601993322372437,-1.6648541688919067,False,-1.8601993322372437
66,0.4,tmZoasNr4rU_18,0.0,-1.4499027729034424,-1.9720549583435059,-1.5466842651367188,False,-1.9720549583435059
66,0.4,tmZoasNr4rU_19,0.20000000298023224,-0.4119946360588074,-1.0334378480911255,-1.2660722732543945,False,-1.0334378480911255
66,0.4,tmZoasNr4rU_20,-1.0,-0.22325290739536285,-1.1875903606414795,-1.1615248918533325,True,-1.1615248918533325
66,0.4,d6hH302o4v8_1,-2.799999952316284,-1.8320329189300537,-1.8320329189300537,-1.999177098274231,False,-1.8320329189300537
66,0.4,d6hH302o4v8_2,-1.7999999523162842,-1.59108567237854,-1.930142879486084,-1.9463101625442505,False,-1.930142879486084
66,0.4,d6hH302o4v8_3,0.20000000298023224,-1.0021312236785889,-1.5274578332901,-1.618854284286499,False,-1.5274578332901
66,0.4,d6hH302o4v8_4,-1.600000023841858,1.1210533380508423,-0.6576852798461914,-0.7452306747436523,False,-0.6576852798461914
66,0.4,d6hH302o4v8_5,-1.3333333730697632,0.5716660022735596,-0.6325961947441101,-1.0202659368515015,False,-0.6325961947441101
66,0.4,d6hH302o4v8_6,-2.0,1.023417353630066,-0.6649472713470459,-0.8686386346817017,False,-0.6649472713470459
66,0.4,d6hH302o4v8_7,-2.799999952316284,0.0602717325091362,-1.0579334497451782,-1.2361394166946411,True,-1.2361394166946411
66,0.4,d6hH302o4v8_8,-2.200000047683716,0.1406274437904358,-0.9726560711860657,-1.121584415435791,True,-1.121584415435791
66,0.4,d6hH302o4v8_9,-2.4000000953674316,0.8015543818473816,-0.8365902900695801,-1.0158724784851074,False,-0.8365902900695801
66,0.4,d6hH302o4v8_10,-1.2000000476837158,0.5265403389930725,-0.6185168623924255,-1.0159785747528076,False,-0.6185168623924255
66,0.4,d6hH302o4v8_11,-1.0,-1.279638409614563,-1.705019235610962,-1.483575701713562,False,-1.705019235610962
66,0.4,d6hH302o4v8_12,1.399999976158142,1.5142807960510254,1.10826575756073,0.8695006370544434,False,1.10826575756073
66,0.4,d6hH302o4v8_13,-2.0,-1.3536080121994019,-1.2770450115203857,-1.125629186630249,False,-1.2770450115203857
66,0.4,d6hH302o4v8_14,-1.7999999523162842,0.36738935112953186,-0.4951346516609192,-0.7640842199325562,False,-0.4951346516609192
66,0.4,d6hH302o4v8_15,-1.75,-1.4687451124191284,-1.8008949756622314,-1.2731915712356567,False,-1.8008949756622314
66,0.4,d6hH302o4v8_16,-2.0,-1.9479752779006958,-2.1717066764831543,-1.4451088905334473,False,-2.1717066764831543
66,0.4,d6hH302o4v8_17,-2.0,-0.7902377247810364,-1.3904343843460083,-1.3761417865753174,False,-1.3904343843460083
66,0.4,d6hH302o4v8_18,-2.0,0.02682463638484478,-1.0409899950027466,-1.1404223442077637,True,-1.1404223442077637
66,0.4,d6hH302o4v8_19,-2.799999952316284,-1.8338580131530762,-2.1781744956970215,-1.5971086025238037,False,-2.1781744956970215
66,0.4,d6hH302o4v8_20,1.0,0.8220568895339966,0.26060208678245544,0.17548653483390808,False,0.26060208678245544
66,0.4,d6hH302o4v8_21,-2.4000000953674316,-1.6179296970367432,-1.8722176551818848,-1.5520501136779785,False,-1.8722176551818848
66,0.4,d6hH302o4v8_22,-1.0,-1.6246145963668823,-2.062652826309204,-1.7249473333358765,False,-2.062652826309204
66,0.4,d6hH302o4v8_23,-2.5999999046325684,-1.8513383865356445,-2.2737691402435303,-1.7916463613510132,False,-2.2737691402435303
66,0.4,d6hH302o4v8_24,-2.799999952316284,0.5064836144447327,-0.5540326833724976,-0.9872440099716187,False,-0.5540326833724976
66,0.4,d6hH302o4v8_25,-1.600000023841858,-0.6225475668907166,-1.3024488687515259,-1.3824814558029175,False,-1.3024488687515259
66,0.4,d6hH302o4v8_26,-2.5999999046325684,-0.9214152693748474,-1.3272360563278198,-1.3424549102783203,False,-1.3272360563278198
66,0.4,d6hH302o4v8_27,-2.5999999046325684,-0.45157390832901,-1.0632307529449463,-0.854060173034668,False,-1.0632307529449463
66,0.4,d6hH302o4v8_28,-1.0,-1.7469061613082886,-1.8681344985961914,-0.8242650032043457,False,-1.8681344985961914
66,0.4,d6hH302o4v8_29,-1.7999999523162842,0.24410758912563324,-0.9127968549728394,-0.6666945219039917,True,-0.6666945219039917
66,0.4,d6hH302o4v8_30,-2.799999952316284,-1.6629326343536377,-2.067042112350464,-1.2937142848968506,False,-2.067042112350464
66,0.4,d6hH302o4v8_31,-1.399999976158142,-1.519271969795227,-1.9294226169586182,-1.329005479812622,False,-1.9294226169586182
66,0.4,d6hH302o4v8_32,-0.6000000238418579,1.1063228845596313,-0.673305094242096,-0.7494430541992188,False,-0.673305094242096
66,0.4,d6hH302o4v8_33,-3.0,-1.7974472045898438,-2.197390556335449,-1.5112075805664062,False,-2.197390556335449
66,0.4,d6hH302o4v8_34,-3.0,-0.45157390832901,-0.9832567572593689,-0.8575539588928223,False,-0.9832567572593689
66,0.4,d6hH302o4v8_35,-1.600000023841858,-1.638913631439209,-1.7744548320770264,-1.4386624097824097,False,-1.7744548320770264
66,0.4,d6hH302o4v8_36,-2.200000047683716,0.19584313035011292,-0.9540146589279175,-1.017067313194275,True,-1.017067313194275
66,0.4,d6hH302o4v8_37,-2.200000047683716,0.1336633563041687,-1.0093872547149658,-1.2319446802139282,True,-1.2319446802139282
66,0.4,d6hH302o4v8_38,-3.0,-0.24257537722587585,-1.2736011743545532,-1.2614803314208984,True,-1.2614803314208984
66,0.4,d6hH302o4v8_39,-3.0,-1.6342905759811401,-2.1720616817474365,-1.6229153871536255,False,-2.1720616817474365
66,0.4,d6hH302o4v8_40,-1.0,0.20192167162895203,-0.9918981194496155,-0.9806708097457886,True,-0.9806708097457886
66,0.4,d6hH302o4v8_41,-2.4000000953674316,-1.2866302728652954,-1.843575119972229,-1.62886643409729,False,-1.843575119972229
66,0.4,d6hH302o4v8_42,-1.399999976158142,-1.2157890796661377,-1.7358487844467163,-1.6891932487487793,False,-1.7358487844467163
66,0.4,d6hH302o4v8_43,-2.5,-0.7700915932655334,-1.4647647142410278,-1.4301663637161255,False,-1.4647647142410278
66,0.4,dq3Nf_lMPnE_1,0.0,0.9580873847007751,0.9580873847007751,1.503558874130249,False,0.9580873847007751
66,0.4,dq3Nf_lMPnE_2,-1.399999976158142,-1.4427690505981445,-1.2700035572052002,-0.8204139471054077,False,-1.2700035572052002
66,0.4,dq3Nf_lMPnE_3,-1.2000000476837158,-1.5509955883026123,-1.9271607398986816,-1.1585745811462402,False,-1.9271607398986816
66,0.4,dq3Nf_lMPnE_4,-0.4000000059604645,0.19818712770938873,-1.1041117906570435,-0.7661685943603516,True,-0.7661685943603516
66,0.4,dq3Nf_lMPnE_5,1.2000000476837158,-0.4694845676422119,-1.2876553535461426,-0.6092748641967773,False,-1.2876553535461426
66,0.4,dq3Nf_lMPnE_6,0.800000011920929,-1.0377614498138428,-1.6012426614761353,-0.9383825063705444,False,-1.6012426614761353
66,0.4,dq3Nf_lMPnE_7,-2.0,-0.20376385748386383,-1.1195613145828247,-0.4866645336151123,True,-0.4866645336151123
66,0.4,dq3Nf_lMPnE_8,0.6000000238418579,0.599796712398529,0.07205277681350708,0.7077181339263916,False,0.07205277681350708
66,0.4,dq3Nf_lMPnE_9,-0.800000011920929,-1.1130166053771973,-1.3161250352859497,-0.015575991943478584,False,-1.3161250352859497
66,0.4,dq3Nf_lMPnE_10,1.0,1.153659701347351,0.7401296496391296,1.1613504886627197,False,0.7401296496391296
66,0.4,dq3Nf_lMPnE_11,-0.6000000238418579,-0.733782172203064,-0.8716201186180115,0.5132358074188232,False,-0.8716201186180115
66,0.4,dq3Nf_lMPnE_12,-1.600000023841858,-1.8707618713378906,-2.2019314765930176,-0.78513503074646,False,-2.2019314765930176
66,0.4,dq3Nf_lMPnE_13,-1.2000000476837158,-0.46613842248916626,-1.4457757472991943,-0.41062793135643005,False,-1.4457757472991943
66,0.4,dq3Nf_lMPnE_14,-1.7999999523162842,0.3114071190357208,-1.2049261331558228,-0.39730724692344666,False,-1.2049261331558228
66,0.4,dq3Nf_lMPnE_15,1.0,-0.43062007427215576,-1.4029016494750977,-0.3981160819530487,False,-1.4029016494750977
66,0.4,k5Y_838nuGo_1,-1.600000023841858,-1.523708701133728,-1.523708701133728,-1.4760407209396362,False,-1.523708701133728
66,0.4,k5Y_838nuGo_2,1.2000000476837158,-0.6048707962036133,-0.889577329158783,-0.28119343519210815,False,-0.889577329158783
66,0.4,k5Y_838nuGo_3,0.800000011920929,1.1432201862335205,1.0070501565933228,1.2450374364852905,False,1.0070501565933228
66,0.4,k5Y_838nuGo_4,1.0,0.9493643641471863,0.6824708580970764,2.037287712097168,False,0.6824708580970764
66,0.4,k5Y_838nuGo_5,-1.3333333730697632,-1.4617279767990112,-1.3714869022369385,-0.36113354563713074,False,-1.3714869022369385
66,0.4,k5Y_838nuGo_6,2.0,1.4561691284179688,1.1284116506576538,1.9130795001983643,False,1.1284116506576538
66,0.4,k5Y_838nuGo_7,-2.4000000953674316,0.5399744510650635,0.5330840349197388,0.5839347839355469,False,0.5330840349197388
66,0.4,k5Y_838nuGo_8,-1.399999976158142,0.4027864634990692,0.22643469274044037,0.9776846170425415,False,0.22643469274044037
66,0.4,k5Y_838nuGo_9,1.7999999523162842,1.5474066734313965,1.3433552980422974,1.7384649515151978,False,1.3433552980422974
66,0.4,k5Y_838nuGo_10,2.0,0.43376192450523376,0.8344341516494751,0.7126811742782593,False,0.8344341516494751
66,0.4,k5Y_838nuGo_11,0.5,-0.10635919123888016,0.3722662925720215,0.917426347732544,True,0.917426347732544
66,0.4,k5Y_838nuGo_12,0.20000000298023224,0.20238637924194336,0.49496588110923767,1.1969914436340332,True,1.1969914436340332
66,0.4,k5Y_838nuGo_13,0.6000000238418579,0.39448052644729614,0.599096953868866,1.3529891967773438,False,0.599096953868866
66,0.4,k5Y_838nuGo_14,-1.7999999523162842,-0.7012864351272583,-0.6931766867637634,0.0997162014245987,False,-0.6931766867637634
66,0.4,k5Y_838nuGo_15,-0.800000011920929,1.5339094400405884,1.1655664443969727,1.9697693586349487,False,1.1655664443969727
66,0.4,k5Y_838nuGo_16,0.25,-1.2399548292160034,-1.2349270582199097,-0.12416991591453552,False,-1.2349270582199097
66,0.4,k5Y_838nuGo_17,0.800000011920929,0.587107241153717,0.13279394805431366,0.9270656108856201,False,0.13279394805431366
66,0.4,k5Y_838nuGo_18,0.4000000059604645,1.1738470792770386,0.8630564212799072,1.5781915187835693,False,0.8630564212799072
66,0.4,k5Y_838nuGo_19,-0.6000000238418579,0.5223264098167419,0.7061266303062439,0.6656016111373901,False,0.7061266303062439
66,0.4,k5Y_838nuGo_20,0.4000000059604645,0.8377005457878113,0.6682244539260864,1.4431663751602173,False,0.6682244539260864
66,0.4,k5Y_838nuGo_21,-0.20000000298023224,0.8764483332633972,0.8761757016181946,1.0532749891281128,False,0.8761757016181946
66,0.4,k5Y_838nuGo_22,0.4000000059604645,1.3923395872116089,1.2725844383239746,1.3902537822723389,False,1.2725844383239746
66,0.4,k5Y_838nuGo_23,-0.20000000298023224,0.7501400113105774,0.8995928168296814,0.7049504518508911,False,0.8995928168296814
66,0.4,k5Y_838nuGo_24,0.6000000238418579,0.48900794982910156,0.40452897548675537,1.0646916627883911,False,0.40452897548675537
66,0.4,k5Y_838nuGo_25,-0.20000000298023224,-0.675091564655304,-1.0872808694839478,-0.20676369965076447,False,-1.0872808694839478
66,0.4,k5Y_838nuGo_26,2.0,1.3600188493728638,0.5498757362365723,1.1221262216567993,False,0.5498757362365723
66,0.4,k5Y_838nuGo_27,-0.800000011920929,-0.9471206665039062,-0.9243506193161011,-1.136492371559143,False,-0.9243506193161011
66,0.4,k5Y_838nuGo_28,2.0,1.7830710411071777,1.1602277755737305,1.3306469917297363,False,1.1602277755737305
66,0.4,k5Y_838nuGo_29,-0.75,0.4676203727722168,0.7623772621154785,0.3382726311683655,False,0.7623772621154785
66,0.4,k5Y_838nuGo_30,1.600000023841858,1.498313307762146,1.4392192363739014,1.4546747207641602,False,1.4392192363739014
66,0.4,k5Y_838nuGo_31,-1.0,-1.2772458791732788,-0.9281639456748962,-1.016646146774292,False,-0.9281639456748962
66,0.4,iiK8YX8oH1E_1,-2.5999999046325684,-1.13417649269104,-1.13417649269104,-0.8904544115066528,False,-1.13417649269104
66,0.4,iiK8YX8oH1E_2,1.2000000476837158,0.8780565857887268,0.6869208216667175,1.6334983110427856,False,0.6869208216667175
66,0.4,iiK8YX8oH1E_3,-1.25,-1.0122058391571045,-0.9371529221534729,-0.3345824182033539,False,-0.9371529221534729
66,0.4,iiK8YX8oH1E_4,-2.0,-1.2436728477478027,-1.424994707107544,-0.6489958763122559,False,-1.424994707107544
66,0.4,iiK8YX8oH1E_5,-0.4000000059604645,0.7110704779624939,-0.5796546339988708,-0.20829486846923828,False,-0.5796546339988708
66,0.4,iiK8YX8oH1E_6,0.20000000298023224,1.624634861946106,1.3330990076065063,1.9748731851577759,False,1.3330990076065063
66,0.4,iiK8YX8oH1E_7,-1.600000023841858,-1.3432767391204834,-1.2428832054138184,-0.7374634742736816,False,-1.2428832054138184
66,0.4,iiK8YX8oH1E_8,-1.0,0.7851212024688721,0.5923030376434326,1.553904414176941,False,0.5923030376434326
66,0.4,iiK8YX8oH1E_9,0.4000000059604645,0.9888534545898438,0.5806700587272644,0.9994664192199707,False,0.5806700587272644
66,0.4,iiK8YX8oH1E_10,0.0,-0.6224849224090576,-0.6312330365180969,-0.5985960960388184,False,-0.6312330365180969
66,0.4,iiK8YX8oH1E_11,1.0,1.0449063777923584,0.8611488342285156,0.09791063517332077,False,0.8611488342285156
66,0.4,iiK8YX8oH1E_12,1.7999999523162842,0.7196984887123108,0.3119955360889435,0.2231370508670807,False,0.3119955360889435
66,0.4,iiK8YX8oH1E_13,-2.0,-0.8616877794265747,-0.9035756587982178,-1.0700013637542725,False,-0.9035756587982178
66,0.4,iiK8YX8oH1E_14,-1.2000000476837158,0.7589364647865295,0.09583611786365509,-0.10313840955495834,False,0.09583611786365509
66,0.4,iiK8YX8oH1E_15,0.6000000238418579,0.1556214541196823,-0.05096618831157684,-0.5255502462387085,True,-0.5255502462387085
66,0.4,iiK8YX8oH1E_16,0.0,-0.6486057639122009,-0.6581776738166809,-0.5695854425430298,False,-0.6581776738166809
66,0.4,iiK8YX8oH1E_17,1.600000023841858,1.7020792961120605,1.4550780057907104,1.7748767137527466,False,1.4550780057907104
66,0.4,iiK8YX8oH1E_18,-1.0,0.27678897976875305,0.3532536029815674,1.0885831117630005,False,0.3532536029815674
66,0.4,tStelxIAHjw_1,0.0,0.772328794002533,0.772328794002533,1.7741831541061401,False,0.772328794002533
66,0.4,tStelxIAHjw_2,-2.0,-0.8884249329566956,-1.0125691890716553,0.07886986434459686,False,-1.0125691890716553
66,0.4,tStelxIAHjw_3,0.5,0.18712274730205536,-0.43243294954299927,-0.6609848737716675,True,-0.6609848737716675
66,0.4,tStelxIAHjw_4,-2.799999952316284,0.44057613611221313,0.044734783470630646,-0.368887335062027,False,0.044734783470630646
66,0.4,tStelxIAHjw_5,-2.200000047683716,-1.288496971130371,-1.3058407306671143,-1.3493988513946533,False,-1.3058407306671143
66,0.4,tStelxIAHjw_6,1.600000023841858,1.4696260690689087,1.2576911449432373,0.9441385269165039,False,1.2576911449432373
66,0.4,tStelxIAHjw_7,1.399999976158142,1.306556224822998,0.9718148112297058,1.8491833209991455,False,0.9718148112297058
66,0.4,tStelxIAHjw_8,-2.0,0.7038962244987488,0.6273363828659058,1.2140823602676392,False,0.6273363828659058
66,0.4,tStelxIAHjw_9,-1.399999976158142,0.6831194162368774,0.8790827393531799,0.7985180616378784,False,0.8790827393531799
66,0.4,tStelxIAHjw_10,-0.4000000059604645,0.2663452923297882,0.6438978314399719,0.5476616621017456,False,0.6438978314399719
66,0.4,tStelxIAHjw_11,-2.799999952316284,-1.0557873249053955,-0.8360400795936584,-0.562868595123291,False,-0.8360400795936584
66,0.4,tStelxIAHjw_12,-1.0,0.6221579909324646,0.42388275265693665,0.12389203161001205,False,0.42388275265693665
66,0.4,tStelxIAHjw_13,-1.600000023841858,-1.1845670938491821,-1.1679201126098633,-1.119003415107727,False,-1.1679201126098633
66,0.4,tStelxIAHjw_14,-1.7999999523162842,0.6330385208129883,-0.36651742458343506,-0.34172871708869934,False,-0.36651742458343506
66,0.4,tStelxIAHjw_15,0.4000000059604645,0.7124934196472168,-0.22481638193130493,-0.14979678392410278,False,-0.22481638193130493
66,0.4,tStelxIAHjw_16,0.800000011920929,0.6316623687744141,-0.1683197170495987,-0.33895930647850037,False,-0.1683197170495987
66,0.4,nbWiPyCm4g0_1,1.2000000476837158,1.6918574571609497,1.6918574571609497,2.5150766372680664,False,1.6918574571609497
66,0.4,nbWiPyCm4g0_2,-2.4000000953674316,1.3369251489639282,1.4091209173202515,2.3240859508514404,False,1.4091209173202515
66,0.4,nbWiPyCm4g0_3,-1.7999999523162842,-1.5389330387115479,-0.6889247894287109,-0.7995390892028809,False,-0.6889247894287109
66,0.4,nbWiPyCm4g0_4,-2.200000047683716,0.23109941184520721,-0.09891334921121597,-0.3872302770614624,True,-0.3872302770614624
66,0.4,nbWiPyCm4g0_5,-1.399999976158142,-1.3524234294891357,-1.5338878631591797,-1.5520126819610596,False,-1.5338878631591797
66,0.4,nbWiPyCm4g0_6,0.0,-1.0537208318710327,-1.6479885578155518,-0.9599757194519043,False,-1.6479885578155518
66,0.4,nbWiPyCm4g0_7,-1.2000000476837158,0.31376883387565613,-1.2188496589660645,-1.1166343688964844,False,-1.2188496589660645
66,0.4,nbWiPyCm4g0_8,-2.200000047683716,-0.126271054148674,-1.1984531879425049,-1.279531717300415,True,-1.279531717300415
66,0.4,nbWiPyCm4g0_9,-1.399999976158142,-1.5645644664764404,-2.0631210803985596,-1.7638294696807861,False,-2.0631210803985596
66,0.4,nbWiPyCm4g0_10,1.2000000476837158,1.4352911710739136,0.6620110869407654,0.6956617832183838,False,0.6620110869407654
66,0.4,etzxEpPuc6I_1,0.4000000059604645,1.0091787576675415,1.0091787576675415,1.3891109228134155,False,1.0091787576675415
66,0.4,etzxEpPuc6I_2,1.2000000476837158,-1.0024255514144897,-0.858858048915863,-0.6145199537277222,False,-0.858858048915863
66,0.4,etzxEpPuc6I_3,-1.600000023841858,0.27637210488319397,-0.43541663885116577,-0.19801974296569824,False,-0.43541663885116577
66,0.4,etzxEpPuc6I_4,0.800000011920929,0.38433176279067993,0.13880369067192078,0.45780783891677856,False,0.13880369067192078
66,0.4,etzxEpPuc6I_5,0.0,0.19471487402915955,-0.12604548037052155,-0.12399113178253174,True,-0.12399113178253174
66,0.4,etzxEpPuc6I_6,0.4000000059604645,0.9181714653968811,0.048117369413375854,0.33539333939552307,False,0.048117369413375854
66,0.4,etzxEpPuc6I_7,-1.2000000476837158,0.9095787405967712,0.09885010123252869,0.3591495156288147,False,0.09885010123252869
66,0.4,etzxEpPuc6I_8,-1.0,-0.9559698700904846,-1.0550103187561035,-0.7208095788955688,False,-1.0550103187561035
66,0.4,etzxEpPuc6I_9,-2.799999952316284,-1.6590956449508667,-1.4081515073776245,-0.5861444473266602,False,-1.4081515073776245
66,0.4,etzxEpPuc6I_10,-1.399999976158142,0.68331378698349,-0.6847679018974304,0.03982546553015709,False,-0.6847679018974304
66,0.4,etzxEpPuc6I_11,-1.600000023841858,0.5053279399871826,-0.6432256698608398,-0.23031148314476013,False,-0.6432256698608398
66,0.4,etzxEpPuc6I_12,0.6666666865348816,-0.8664329648017883,-1.2761610746383667,-1.1478254795074463,False,-1.2761610746383667
66,0.4,etzxEpPuc6I_13,-2.200000047683716,-1.3589996099472046,-1.5566538572311401,-0.9936224222183228,False,-1.5566538572311401
66,0.4,etzxEpPuc6I_14,-1.2000000476837158,-0.751422643661499,-1.2403608560562134,-1.0163357257843018,False,-1.2403608560562134
66,0.4,etzxEpPuc6I_15,0.20000000298023224,0.495699405670166,0.03228780999779701,-0.7650278806686401,False,0.03228780999779701
66,0.4,etzxEpPuc6I_16,-2.4000000953674316,0.21418146789073944,-0.43476617336273193,-0.35275858640670776,True,-0.35275858640670776
66,0.4,etzxEpPuc6I_17,-0.4000000059604645,0.16532839834690094,-0.7140281796455383,-0.48073989152908325,True,-0.48073989152908325
66,0.4,etzxEpPuc6I_18,1.399999976158142,0.39542487263679504,-0.6038400530815125,-0.2534732520580292,False,-0.6038400530815125
66,0.4,etzxEpPuc6I_19,-0.5,0.5227146148681641,-0.4911845922470093,-0.15026885271072388,False,-0.4911845922470093
66,0.4,v0zCBqDeKcE_1,2.5999999046325684,1.0368849039077759,1.0368849039077759,1.9446910619735718,False,1.0368849039077759
66,0.4,v0zCBqDeKcE_2,-0.4000000059604645,1.2248717546463013,1.2562979459762573,1.401933193206787,False,1.2562979459762573
66,0.4,v0zCBqDeKcE_3,0.6000000238418579,0.041884034872055054,0.5425029993057251,0.9241611957550049,True,0.9241611957550049
66,0.4,v0zCBqDeKcE_4,0.0,-0.1439829170703888,-0.350704550743103,-0.4549731910228729,True,-0.4549731910228729
66,0.4,v0zCBqDeKcE_5,2.0,0.1159316673874855,0.18899036943912506,-0.6184968948364258,True,-0.6184968948364258
66,0.4,v0zCBqDeKcE_6,0.800000011920929,0.3276565968990326,0.2908695340156555,-0.526241660118103,False,0.2908695340156555
66,0.4,v0zCBqDeKcE_7,1.399999976158142,0.21170574426651,-0.22049768269062042,-0.5908467769622803,True,-0.5908467769622803
66,0.4,v0zCBqDeKcE_8,1.7999999523162842,1.435826063156128,0.9264266490936279,1.566516637802124,False,0.9264266490936279
66,0.4,v0zCBqDeKcE_9,1.7999999523162842,0.2849113941192627,0.3317783772945404,0.1480998694896698,False,0.3317783772945404
66,0.4,v0zCBqDeKcE_10,2.200000047683716,1.7585227489471436,1.3215725421905518,2.036116361618042,False,1.3215725421905518
66,0.4,v0zCBqDeKcE_11,1.600000023841858,0.741997241973877,0.7198127508163452,1.393408179283142,False,0.7198127508163452
66,0.4,v0zCBqDeKcE_12,-0.4000000059604645,0.456557959318161,0.3767133057117462,1.0500658750534058,False,0.3767133057117462
66,0.4,v0zCBqDeKcE_13,1.7999999523162842,0.7643493413925171,0.6691591739654541,1.037853717803955,False,0.6691591739654541
66,0.4,v0zCBqDeKcE_14,1.5,1.438043236732483,0.9445420503616333,1.9732608795166016,False,0.9445420503616333
66,0.4,v0zCBqDeKcE_15,2.4000000953674316,1.5893371105194092,1.261961579322815,2.1246676445007324,False,1.261961579322815
66,0.4,v0zCBqDeKcE_16,0.0,0.10578406602144241,0.8129130005836487,0.8019365072250366,True,0.8019365072250366
66,0.4,f_pcplsH_V0_1,0.25,1.5398164987564087,1.5398164987564087,2.4977869987487793,False,1.5398164987564087
66,0.4,f_pcplsH_V0_2,1.399999976158142,0.9637070894241333,1.0588430166244507,2.0246057510375977,False,1.0588430166244507
66,0.4,f_pcplsH_V0_3,0.800000011920929,-0.44706612825393677,-0.15787863731384277,-0.8390499353408813,False,-0.15787863731384277
66,0.4,f_pcplsH_V0_4,0.5,0.1818588376045227,0.21630024909973145,0.13868436217308044,True,0.13868436217308044
66,0.4,f_pcplsH_V0_5,1.2000000476837158,-1.1228386163711548,-1.1352943181991577,1.3564397096633911,False,-1.1352943181991577
66,0.4,f_pcplsH_V0_6,1.600000023841858,1.5473796129226685,1.4418854713439941,2.132272958755493,False,1.4418854713439941
66,0.4,f_pcplsH_V0_7,0.0,0.12976141273975372,0.42619800567626953,0.09850861132144928,True,0.09850861132144928
66,0.4,f_pcplsH_V0_8,0.800000011920929,1.498478651046753,1.3612560033798218,1.4347741603851318,False,1.3612560033798218
66,0.4,f_pcplsH_V0_9,-2.4000000953674316,-1.2598313093185425,-1.2826224565505981,-0.10308288037776947,False,-1.2826224565505981
66,0.4,f_pcplsH_V0_10,1.2000000476837158,0.12109076231718063,-0.40786027908325195,-0.47381725907325745,True,-0.47381725907325745
66,0.4,f_pcplsH_V0_11,-0.4000000059604645,-0.034006908535957336,-1.0661375522613525,-0.30106374621391296,True,-0.30106374621391296
66,0.4,f_pcplsH_V0_12,-0.800000011920929,-1.036919116973877,-1.3629380464553833,-0.8104890584945679,False,-1.3629380464553833
66,0.4,f_pcplsH_V0_13,1.600000023841858,1.2082056999206543,0.6557356119155884,0.6902179718017578,False,0.6557356119155884
66,0.4,f_pcplsH_V0_14,-1.0,-0.9976674914360046,-1.4270448684692383,0.374595582485199,False,-1.4270448684692383
66,0.4,f_pcplsH_V0_15,-1.0,-1.6586015224456787,-2.0524210929870605,-1.5002158880233765,False,-2.0524210929870605
66,0.4,tIrG4oNLFzE_1,2.799999952316284,1.8442251682281494,1.8442251682281494,2.525709629058838,False,1.8442251682281494
66,0.4,tIrG4oNLFzE_2,2.4000000953674316,1.273427963256836,1.3175981044769287,1.9975810050964355,False,1.3175981044769287
66,0.4,tIrG4oNLFzE_3,2.5999999046325684,1.5766388177871704,1.5424401760101318,1.9956454038619995,False,1.5424401760101318
66,0.4,tIrG4oNLFzE_4,1.399999976158142,0.15242822468280792,0.8484112024307251,1.0672742128372192,True,1.0672742128372192
66,0.4,tIrG4oNLFzE_5,0.4000000059604645,-0.9628595113754272,-0.6682838201522827,1.4001035690307617,False,-0.6682838201522827
66,0.4,tIrG4oNLFzE_6,1.25,0.513873815536499,0.1578121781349182,0.9309090375900269,False,0.1578121781349182
66,0.4,tIrG4oNLFzE_7,-1.399999976158142,-1.155078649520874,-1.2564641237258911,-0.5306435823440552,False,-1.2564641237258911
66,0.4,tIrG4oNLFzE_8,-1.2000000476837158,-1.292605996131897,-1.5739381313323975,-0.9344925880432129,False,-1.5739381313323975
66,0.4,tIrG4oNLFzE_9,-1.0,-1.2836804389953613,-1.6822710037231445,-0.3319530487060547,False,-1.6822710037231445
66,0.4,tIrG4oNLFzE_10,-1.7999999523162842,-1.3944891691207886,-1.8009032011032104,-1.2260676622390747,False,-1.8009032011032104
66,0.4,tIrG4oNLFzE_11,-1.600000023841858,-0.6450602412223816,-1.1783312559127808,-0.6677014827728271,False,-1.1783312559127808
66,0.4,tIrG4oNLFzE_12,-2.5999999046325684,-0.04836857318878174,-1.1038753986358643,-0.6046804189682007,True,-0.6046804189682007
66,0.4,tIrG4oNLFzE_13,-2.0,0.41365936398506165,-1.0125577449798584,-0.6231074333190918,False,-1.0125577449798584
66,0.4,tIrG4oNLFzE_14,-2.4000000953674316,-1.3741215467453003,-1.765481948852539,-1.3044788837432861,False,-1.765481948852539
66,0.4,tIrG4oNLFzE_15,-2.0,0.787098228931427,-0.4267902970314026,-0.3793964385986328,False,-0.4267902970314026
66,0.4,tIrG4oNLFzE_16,-1.600000023841858,-1.100044846534729,-1.4678525924682617,-1.0253002643585205,False,-1.4678525924682617
66,0.4,tIrG4oNLFzE_17,-0.4000000059604645,0.07485264539718628,-0.2833486795425415,-0.2236817479133606,True,-0.2236817479133606
66,0.4,tIrG4oNLFzE_18,-2.200000047683716,-0.9037547707557678,-1.2762374877929688,-1.0130540132522583,False,-1.2762374877929688
66,0.4,cM3Yna7AavY_1,2.200000047683716,0.6165617108345032,0.6165617108345032,1.0240362882614136,False,0.6165617108345032
66,0.4,cM3Yna7AavY_2,2.5,1.463779330253601,1.3191314935684204,2.273430347442627,False,1.3191314935684204
66,0.4,cM3Yna7AavY_3,1.0,-0.44172391295433044,0.3537878394126892,0.41557931900024414,False,0.3537878394126892
66,0.4,cM3Yna7AavY_4,0.6000000238418579,0.5753046870231628,0.813293993473053,1.1906050443649292,False,0.813293993473053
66,0.4,cM3Yna7AavY_5,2.799999952316284,1.817495346069336,1.5305689573287964,2.3305537700653076,False,1.5305689573287964
66,0.4,cM3Yna7AavY_6,2.799999952316284,1.3916640281677246,1.3931965827941895,1.4057172536849976,False,1.3931965827941895
66,0.4,cM3Yna7AavY_7,3.0,1.7928674221038818,1.5628573894500732,2.4610795974731445,False,1.5628573894500732
66,0.4,cM3Yna7AavY_8,-0.6000000238418579,-1.0625659227371216,-0.6796513795852661,-1.029953122138977,False,-0.6796513795852661
66,0.4,cM3Yna7AavY_9,-0.20000000298023224,-0.26255857944488525,-0.2647029161453247,-1.2153407335281372,False,-0.2647029161453247
66,0.4,cM3Yna7AavY_10,1.600000023841858,1.4598833322525024,0.895107090473175,0.9929479360580444,False,0.895107090473175
66,0.4,cM3Yna7AavY_11,2.0,-0.08943630009889603,0.06323684751987457,-0.5557585954666138,True,-0.5557585954666138
66,0.4,cM3Yna7AavY_12,-1.0,-0.8284215927124023,-1.1266268491744995,-1.5254064798355103,False,-1.1266268491744995
66,0.4,cM3Yna7AavY_13,-1.600000023841858,-1.3717410564422607,-1.7808725833892822,-1.626602053642273,False,-1.7808725833892822
66,0.4,cM3Yna7AavY_14,-2.5999999046325684,-0.1889374554157257,-0.7151750922203064,-0.9193720817565918,True,-0.9193720817565918
66,0.4,cM3Yna7AavY_15,-2.4000000953674316,-1.1961251497268677,-1.5824456214904785,-1.2753161191940308,False,-1.5824456214904785
66,0.4,cM3Yna7AavY_16,-2.799999952316284,-1.2934035062789917,-1.561188817024231,-1.169796347618103,False,-1.561188817024231
66,0.4,lXPQBPVc5Cw_1,0.20000000298023224,1.4534903764724731,1.4534903764724731,2.356698751449585,False,1.4534903764724731
66,0.4,lXPQBPVc5Cw_2,-2.200000047683716,-0.8301159143447876,-0.5711395740509033,-0.8851226568222046,False,-0.5711395740509033
66,0.4,lXPQBPVc5Cw_3,-2.4000000953674316,-1.6924610137939453,-1.643406867980957,-1.3385990858078003,False,-1.643406867980957
66,0.4,lXPQBPVc5Cw_4,-1.2000000476837158,-1.5437970161437988,-1.7531185150146484,-1.1420340538024902,False,-1.7531185150146484
66,0.4,lXPQBPVc5Cw_5,-1.0,-0.5306496024131775,-1.437528133392334,-1.4772764444351196,False,-1.437528133392334
66,0.4,lXPQBPVc5Cw_6,-1.399999976158142,-1.7784314155578613,-2.205320358276367,-1.8657015562057495,False,-2.205320358276367
66,0.4,lXPQBPVc5Cw_7,-2.799999952316284,0.1807628870010376,-1.0517674684524536,-0.9825279712677002,True,-0.9825279712677002
66,0.4,lXPQBPVc5Cw_8,2.5999999046325684,1.4492427110671997,0.9205353856086731,0.6369615793228149,False,0.9205353856086731
66,0.4,lXPQBPVc5Cw_9,-2.5999999046325684,-1.0926674604415894,-1.1595946550369263,-1.1184905767440796,False,-1.1595946550369263
66,0.4,lXPQBPVc5Cw_10,-2.200000047683716,-0.581587553024292,-1.2976762056350708,-1.6022869348526,False,-1.2976762056350708
66,0.4,lXPQBPVc5Cw_11,-1.7999999523162842,-0.21077917516231537,-1.095818281173706,-1.3727155923843384,True,-1.3727155923843384
66,0.4,lXPQBPVc5Cw_12,-2.0,-1.4666355848312378,-1.9008880853652954,-1.829683780670166,False,-1.9008880853652954
66,0.4,lXPQBPVc5Cw_13,2.799999952316284,1.8515592813491821,1.0737123489379883,0.37366783618927,False,1.0737123489379883
66,0.4,lXPQBPVc5Cw_14,-2.200000047683716,-1.9457577466964722,-1.7920056581497192,-1.9909285306930542,False,-1.7920056581497192
66,0.4,lXPQBPVc5Cw_15,-2.799999952316284,-1.8285094499588013,-2.2025856971740723,-2.0544538497924805,False,-2.2025856971740723
66,0.4,lXPQBPVc5Cw_16,0.20000000298023224,0.002435940783470869,-1.0395764112472534,-1.1803804636001587,True,-1.1803804636001587
66,0.4,lXPQBPVc5Cw_17,-1.7999999523162842,0.1476091891527176,-0.8904675841331482,-0.8691748380661011,True,-0.8691748380661011
66,0.4,lXPQBPVc5Cw_18,-1.399999976158142,-1.518850564956665,-1.9511172771453857,-1.5095711946487427,False,-1.9511172771453857
66,0.4,lXPQBPVc5Cw_19,-1.7999999523162842,0.712945818901062,-0.49479806423187256,-0.7089552879333496,False,-0.49479806423187256
66,0.4,lXPQBPVc5Cw_20,-1.7999999523162842,-0.186905175447464,-1.2076258659362793,-1.2964740991592407,True,-1.2964740991592407
66,0.4,lXPQBPVc5Cw_21,1.7999999523162842,0.7858560085296631,-0.8104612231254578,-0.8753968477249146,False,-0.8104612231254578
66,0.4,lXPQBPVc5Cw_22,2.5999999046325684,0.7801039218902588,-0.7999469637870789,-0.9612184762954712,False,-0.7999469637870789
66,0.4,lXPQBPVc5Cw_23,-2.4000000953674316,-1.184117078781128,-1.6571714878082275,-1.5079715251922607,False,-1.6571714878082275
66,0.4,lXPQBPVc5Cw_24,-1.399999976158142,-1.534050464630127,-2.0071346759796143,-2.049988269805908,False,-2.0071346759796143
66,0.4,lXPQBPVc5Cw_25,-2.4000000953674316,-1.035744547843933,-1.5884687900543213,-1.4350765943527222,False,-1.5884687900543213
66,0.4,lXPQBPVc5Cw_26,-2.799999952316284,-1.2026348114013672,-1.731195330619812,-1.418120265007019,False,-1.731195330619812
66,0.4,lXPQBPVc5Cw_27,-2.799999952316284,-1.827412486076355,-2.09906005859375,-1.3347784280776978,False,-2.09906005859375
66,0.4,lXPQBPVc5Cw_28,0.800000011920929,0.14962635934352875,-0.5570170879364014,0.8859373331069946,True,0.8859373331069946
66,0.4,lXPQBPVc5Cw_29,-1.2000000476837158,0.48561975359916687,-0.7153106927871704,-0.3077404201030731,False,-0.7153106927871704
66,0.4,lXPQBPVc5Cw_30,-2.0,-0.16207246482372284,-1.0115948915481567,-1.0537970066070557,True,-1.0537970066070557
66,0.4,cXypl4FnoZo_1,1.0,0.6769710779190063,0.6769710779190063,0.4186250865459442,False,0.6769710779190063
66,0.4,cXypl4FnoZo_2,1.0,0.7639650702476501,0.6597524285316467,0.28416207432746887,False,0.6597524285316467
66,0.4,cXypl4FnoZo_3,1.7999999523162842,0.564784824848175,0.06940905749797821,0.46208125352859497,False,0.06940905749797821
66,0.4,cXypl4FnoZo_4,-0.800000011920929,-1.1766529083251953,-1.2029235363006592,-0.8462169170379639,False,-1.2029235363006592
66,0.4,cXypl4FnoZo_5,1.7999999523162842,1.7201058864593506,1.562637448310852,1.3124750852584839,False,1.562637448310852
66,0.4,cXypl4FnoZo_6,-0.6000000238418579,0.6916752457618713,0.6097589135169983,1.1252983808517456,False,0.6097589135169983
66,0.4,cXypl4FnoZo_7,-1.0,0.6001138091087341,0.5387605428695679,0.9282422065734863,False,0.5387605428695679
66,0.4,cXypl4FnoZo_8,1.399999976158142,-0.04758502542972565,-0.19545109570026398,0.6817408800125122,True,0.6817408800125122
66,0.4,cXypl4FnoZo_9,1.2000000476837158,0.9178519248962402,0.723484218120575,0.8228563070297241,False,0.723484218120575
66,0.4,cXypl4FnoZo_10,2.0,1.4944844245910645,1.2504054307937622,1.5290780067443848,False,1.2504054307937622
66,0.4,cXypl4FnoZo_11,1.399999976158142,0.7689546942710876,0.9823411107063293,0.7949779033660889,False,0.9823411107063293
66,0.4,cXypl4FnoZo_12,2.0,0.4750796854496002,0.7926036715507507,0.4285590350627899,False,0.7926036715507507
66,0.4,cXypl4FnoZo_13,-1.0,-1.307228446006775,-1.1579809188842773,-0.9752670526504517,False,-1.1579809188842773
66,0.4,cXypl4FnoZo_14,-0.6000000238418579,-0.09486225992441177,-0.5267837643623352,-0.5149818658828735,True,-0.5149818658828735
66,0.4,cXypl4FnoZo_15,0.0,-0.5351537466049194,-0.901005744934082,-0.024468526244163513,False,-0.901005744934082
66,0.4,cXypl4FnoZo_16,-0.6000000238418579,-1.1237701177597046,-1.4657447338104248,-1.1244277954101562,False,-1.4657447338104248
66,0.4,cXypl4FnoZo_17,-0.6000000238418579,0.7127573490142822,-0.5515254735946655,-0.5561695098876953,False,-0.5515254735946655
66,0.4,cXypl4FnoZo_18,-0.25,-1.0611876249313354,-1.3743582963943481,-1.2791364192962646,False,-1.3743582963943481
66,0.4,cXypl4FnoZo_19,0.800000011920929,0.6112076044082642,0.08495394885540009,0.7076398134231567,False,0.08495394885540009
66,0.4,cXypl4FnoZo_20,-1.0,0.5249028205871582,-0.2394728809595108,-0.5157402753829956,False,-0.2394728809595108
66,0.4,cXypl4FnoZo_21,-0.6000000238418579,0.06506996601819992,-0.3063521087169647,-0.3627888262271881,True,-0.3627888262271881
66,0.4,cXypl4FnoZo_22,0.20000000298023224,0.3372809886932373,-0.1603005975484848,-0.19587552547454834,False,-0.1603005975484848
66,0.4,cXypl4FnoZo_23,0.4000000059604645,0.9385101199150085,0.6778541207313538,0.5207234621047974,False,0.6778541207313538
66,0.4,cXypl4FnoZo_24,0.20000000298023224,0.047237008810043335,-0.2880682647228241,0.08007911592721939,True,0.08007911592721939
66,0.4,cXypl4FnoZo_25,-1.2000000476837158,-0.37653136253356934,-0.6666911244392395,-0.7455557584762573,False,-0.6666911244392395
66,0.4,cXypl4FnoZo_26,0.6000000238418579,0.5509577989578247,0.19108909368515015,-0.871145486831665,False,0.19108909368515015
66,0.4,cXypl4FnoZo_27,0.800000011920929,0.8581762313842773,0.331741064786911,-0.17659105360507965,False,0.331741064786911
66,0.4,cXypl4FnoZo_28,-2.200000047683716,-0.4588361382484436,-0.5997974276542664,-1.1338026523590088,False,-0.5997974276542664
66,0.4,cXypl4FnoZo_29,-1.399999976158142,-0.6629305481910706,-1.0205941200256348,-1.1871155500411987,False,-1.0205941200256348
66,0.4,c7UH_rxdZv4_1,-2.799999952316284,-0.16602803766727448,-0.16602803766727448,0.09202239662408829,True,0.09202239662408829
66,0.4,c7UH_rxdZv4_2,-2.5999999046325684,-0.047033727169036865,-0.269396036863327,-0.2510533630847931,True,-0.2510533630847931
66,0.4,c7UH_rxdZv4_3,-0.800000011920929,0.29698097705841064,-0.5305577516555786,0.21463251113891602,False,-0.5305577516555786
66,0.4,c7UH_rxdZv4_4,1.600000023841858,0.3631184697151184,-0.47750207781791687,0.4266843795776367,False,-0.47750207781791687
66,0.4,c7UH_rxdZv4_5,-2.200000047683716,-0.7659021019935608,-1.1567153930664062,0.9705225229263306,False,-1.1567153930664062
66,0.4,c7UH_rxdZv4_6,-2.5999999046325684,-1.8376022577285767,-2.024245262145996,-0.5011993646621704,False,-2.024245262145996
66,0.4,c7UH_rxdZv4_7,-3.0,-1.7474435567855835,-2.1297779083251953,-1.27553129196167,False,-2.1297779083251953
66,0.4,c7UH_rxdZv4_8,-2.799999952316284,-1.3099262714385986,-1.7866791486740112,-1.1298960447311401,False,-1.7866791486740112
66,0.4,c7UH_rxdZv4_9,-0.4000000059604645,0.5559489727020264,-0.051221318542957306,0.1404997557401657,False,-0.051221318542957306
66,0.4,c7UH_rxdZv4_10,0.800000011920929,-0.6042083501815796,-1.0041816234588623,-1.0238415002822876,False,-1.0041816234588623
66,0.4,c7UH_rxdZv4_11,1.0,0.6626492738723755,-0.0021682241931557655,0.8160423040390015,False,-0.0021682241931557655
66,0.4,c7UH_rxdZv4_12,-2.799999952316284,-1.5696772336959839,-1.6515012979507446,-1.4775856733322144,False,-1.6515012979507446
66,0.4,c7UH_rxdZv4_13,-2.5999999046325684,-1.448117733001709,-1.8497138023376465,-1.3874982595443726,False,-1.8497138023376465
66,0.4,c7UH_rxdZv4_14,1.2000000476837158,1.288642168045044,0.8801805377006531,0.835354208946228,False,0.8801805377006531
66,0.4,c7UH_rxdZv4_15,-2.4000000953674316,-1.5365028381347656,-1.4477221965789795,-1.482356309890747,False,-1.4477221965789795
66,0.4,c7UH_rxdZv4_16,-2.0,0.3217293918132782,-0.9598078727722168,-1.14767324924469,False,-0.9598078727722168
66,0.4,c7UH_rxdZv4_17,-1.399999976158142,1.331663966178894,0.7110795378684998,0.948388934135437,False,0.7110795378684998
66,0.4,c7UH_rxdZv4_18,-2.25,-1.428773283958435,-1.3579204082489014,-1.4200915098190308,False,-1.3579204082489014
66,0.4,c7UH_rxdZv4_19,-1.7999999523162842,-0.10729368031024933,-0.8492124080657959,-0.8367434740066528,True,-0.8367434740066528
66,0.4,c7UH_rxdZv4_20,-1.7999999523162842,0.0830937922000885,-0.6798282265663147,-0.7885931730270386,True,-0.7885931730270386
66,0.4,c7UH_rxdZv4_21,-0.800000011920929,0.4410080909729004,0.008331291377544403,-0.20754626393318176,False,0.008331291377544403
66,0.4,c7UH_rxdZv4_22,-2.4000000953674316,-1.1091543436050415,-1.2644282579421997,-1.3365986347198486,False,-1.2644282579421997
66,0.4,c7UH_rxdZv4_23,-0.6000000238418579,-1.4855705499649048,-1.7267558574676514,-1.2928855419158936,False,-1.7267558574676514
66,0.4,c7UH_rxdZv4_24,-1.7999999523162842,0.06187573820352554,-0.8022418022155762,-1.0531176328659058,True,-1.0531176328659058
66,0.4,c7UH_rxdZv4_25,0.0,1.2344354391098022,0.543329119682312,1.1293878555297852,False,0.543329119682312
66,0.4,c7UH_rxdZv4_26,-2.5999999046325684,-0.6148337125778198,-1.0523712635040283,-1.0682222843170166,False,-1.0523712635040283
66,0.4,c7UH_rxdZv4_27,-1.7999999523162842,-0.7355300784111023,-1.1163215637207031,-0.6154102087020874,False,-1.1163215637207031
66,0.4,c7UH_rxdZv4_28,-0.800000011920929,-1.2405859231948853,-1.6234915256500244,-0.8808761835098267,False,-1.6234915256500244
66,0.4,c7UH_rxdZv4_29,0.6000000238418579,1.0912623405456543,0.5222511887550354,1.1264684200286865,False,0.5222511887550354
66,0.4,c7UH_rxdZv4_30,1.2000000476837158,-0.23609307408332825,-0.05035519599914551,-0.3010816276073456,True,-0.3010816276073456
66,0.4,c7UH_rxdZv4_31,-1.399999976158142,0.17721246182918549,-0.4231065809726715,-0.5029590129852295,True,-0.5029590129852295
66,0.4,c7UH_rxdZv4_32,-2.200000047683716,0.22426067292690277,0.12493269145488739,-0.5666881799697876,True,-0.5666881799697876
66,0.4,c7UH_rxdZv4_33,-1.7999999523162842,-0.12372253090143204,-0.2532872259616852,-0.8966389894485474,True,-0.8966389894485474
66,0.5,f9O3YtZ2VfI_1,-1.2000000476837158,-1.1943128108978271,-1.1943128108978271,-1.1166034936904907,False,-1.1943128108978271
66,0.5,f9O3YtZ2VfI_2,1.25,0.3139966130256653,-0.40012797713279724,-0.21991600096225739,False,-0.40012797713279724
66,0.5,f9O3YtZ2VfI_3,0.6000000238418579,0.051134128123521805,-0.3978201150894165,-0.7991122603416443,True,-0.7991122603416443
66,0.5,f9O3YtZ2VfI_4,-2.4000000953674316,-0.01609840802848339,-0.500393271446228,-0.28450658917427063,True,-0.28450658917427063
66,0.5,f9O3YtZ2VfI_5,-1.7999999523162842,0.2942593991756439,-0.2792759835720062,-0.059900276362895966,False,-0.2792759835720062
66,0.5,f9O3YtZ2VfI_6,-2.5999999046325684,-1.123847484588623,-0.8216347098350525,-1.113454818725586,False,-0.8216347098350525
66,0.5,f9O3YtZ2VfI_7,-1.2000000476837158,0.31445080041885376,-0.4296802282333374,-0.3448569178581238,False,-0.4296802282333374
66,0.5,f9O3YtZ2VfI_8,-1.7999999523162842,0.07012029737234116,-0.19083690643310547,-0.5203986167907715,True,-0.5203986167907715
66,0.5,f9O3YtZ2VfI_9,-2.200000047683716,-0.5714334845542908,-0.7061516046524048,-1.0314838886260986,False,-0.7061516046524048
66,0.5,f9O3YtZ2VfI_10,-2.0,-1.1525565385818481,-0.9511083364486694,-1.1017429828643799,False,-0.9511083364486694
66,0.5,f9O3YtZ2VfI_11,-0.800000011920929,0.43685030937194824,-0.3554963767528534,0.080535888671875,False,-0.3554963767528534
66,0.5,f9O3YtZ2VfI_12,-1.7999999523162842,0.7371121048927307,0.032456617802381516,-0.3946971893310547,False,0.032456617802381516
66,0.5,f9O3YtZ2VfI_13,-1.600000023841858,0.09416165202856064,-0.5799294114112854,-0.28065478801727295,True,-0.28065478801727295
66,0.5,f9O3YtZ2VfI_14,1.2000000476837158,1.5459097623825073,1.1431082487106323,1.1353100538253784,False,1.1431082487106323
66,0.5,f9O3YtZ2VfI_15,-1.2000000476837158,-0.6327152252197266,-0.5682206153869629,-0.940804123878479,False,-0.5682206153869629
66,0.5,f9O3YtZ2VfI_16,-1.0,1.3688786029815674,1.0391674041748047,0.678909957408905,False,1.0391674041748047
66,0.5,f9O3YtZ2VfI_17,-2.0,0.2899642586708069,-0.010004080832004547,-0.04303359612822533,False,-0.010004080832004547
66,0.5,f9O3YtZ2VfI_18,-1.0,0.2164318710565567,0.1640901118516922,-0.5004323124885559,True,-0.5004323124885559
66,0.5,f9O3YtZ2VfI_19,-0.6000000238418579,0.5502243638038635,0.43109071254730225,-0.43563854694366455,False,0.43109071254730225
66,0.5,f9O3YtZ2VfI_20,-0.4000000059604645,-0.8894671201705933,-0.7531613707542419,-0.6126594543457031,False,-0.7531613707542419
66,0.5,f9O3YtZ2VfI_21,2.0,1.5982187986373901,1.1563924551010132,1.1166681051254272,False,1.1563924551010132
66,0.5,f9O3YtZ2VfI_22,1.399999976158142,0.6440544724464417,0.4323475658893585,-0.14303022623062134,False,0.4323475658893585
66,0.5,f9O3YtZ2VfI_23,1.600000023841858,0.23169425129890442,0.15985135734081268,-0.2971922755241394,True,-0.2971922755241394
66,0.5,f9O3YtZ2VfI_24,-2.5999999046325684,-0.10750381648540497,-0.15493439137935638,-0.6653649806976318,True,-0.6653649806976318
66,0.5,f9O3YtZ2VfI_25,-1.399999976158142,0.5773921608924866,-0.15062543749809265,-0.10531673580408096,False,-0.15062543749809265
66,0.5,f9O3YtZ2VfI_26,1.399999976158142,0.06967780739068985,-0.38594675064086914,-0.29265984892845154,True,-0.29265984892845154
66,0.5,f9O3YtZ2VfI_27,1.600000023841858,1.7202630043029785,1.4847277402877808,1.4787245988845825,False,1.4847277402877808
66,0.5,f9O3YtZ2VfI_28,1.2000000476837158,1.6509616374969482,1.4861356019973755,1.3857532739639282,False,1.4861356019973755
66,0.5,f9O3YtZ2VfI_29,-2.0,0.7674174308776855,0.7431067824363708,0.3763831555843353,False,0.7431067824363708
66,0.5,f9O3YtZ2VfI_30,-1.0,-0.7887726426124573,-0.6706501245498657,-1.0151175260543823,False,-0.6706501245498657
66,0.5,wMbj6ajWbic_1,0.5,0.6154550909996033,0.6154550909996033,0.7614035606384277,False,0.6154550909996033
66,0.5,wMbj6ajWbic_2,-0.800000011920929,-0.21089817583560944,-0.24163812398910522,-0.8585455417633057,True,-0.8585455417633057
66,0.5,wMbj6ajWbic_3,0.0,-0.41224148869514465,-0.9199888110160828,-0.8071851134300232,False,-0.9199888110160828
66,0.5,wMbj6ajWbic_4,1.0,-0.7767502069473267,-1.1623915433883667,-1.1884244680404663,False,-1.1623915433883667
66,0.5,wMbj6ajWbic_5,0.20000000298023224,0.1052979975938797,-0.7069345116615295,-0.2622486352920532,True,-0.2622486352920532
66,0.5,wMbj6ajWbic_6,1.7999999523162842,0.7802995443344116,0.33782243728637695,0.2297404408454895,False,0.33782243728637695
66,0.5,wMbj6ajWbic_7,-1.2000000476837158,0.20092496275901794,-0.24330881237983704,-0.07178313285112381,True,-0.07178313285112381
66,0.5,wMbj6ajWbic_8,-0.20000000298023224,0.04552260786294937,-0.3104151785373688,-0.7933453321456909,True,-0.7933453321456909
66,0.5,wMbj6ajWbic_9,-2.0,-0.023798059672117233,-0.4099653959274292,-0.4056676924228668,True,-0.4056676924228668
66,0.5,wMbj6ajWbic_10,-1.7999999523162842,0.8370969295501709,0.27714335918426514,-0.2445671558380127,False,0.27714335918426514
66,0.5,wMbj6ajWbic_11,0.4000000059604645,-0.8184699416160583,-0.8395377397537231,-0.9941232204437256,False,-0.8395377397537231
66,0.5,wMbj6ajWbic_12,1.600000023841858,0.32547008991241455,-0.3426186144351959,0.04659590870141983,False,-0.3426186144351959
66,0.5,wMbj6ajWbic_13,2.0,1.3607726097106934,0.9477084279060364,0.7748748660087585,False,0.9477084279060364
66,0.5,wMbj6ajWbic_14,-0.800000011920929,-0.4647974371910095,-0.42236849665641785,-1.0265647172927856,False,-0.42236849665641785
66,0.5,wMbj6ajWbic_15,2.0,-0.43437159061431885,-0.8869723081588745,-0.7359448075294495,False,-0.8869723081588745
66,0.5,wMbj6ajWbic_16,-0.4000000059604645,0.2807091474533081,-0.0976286232471466,-0.6062278747558594,False,-0.0976286232471466
66,0.5,wMbj6ajWbic_17,2.0,1.6469168663024902,1.086957335472107,1.0284587144851685,False,1.086957335472107
66,0.5,wMbj6ajWbic_18,-1.0,0.39566871523857117,-0.015461219474673271,0.1606864035129547,False,-0.015461219474673271
66,0.5,wMbj6ajWbic_19,-0.6000000238418579,0.3727681040763855,0.2394619584083557,-0.19382406771183014,False,0.2394619584083557
66,0.5,wMbj6ajWbic_20,-0.4000000059604645,0.2377469539642334,-0.12720666825771332,-0.00597717147320509,True,-0.00597717147320509
66,0.5,wMbj6ajWbic_21,1.600000023841858,0.5013716816902161,0.159361332654953,-0.4843480587005615,False,0.159361332654953
66,0.5,wMbj6ajWbic_22,1.399999976158142,1.679849624633789,1.321361780166626,1.2217007875442505,False,1.321361780166626
66,0.5,wMbj6ajWbic_23,1.7999999523162842,1.6697940826416016,1.4266544580459595,1.4703471660614014,False,1.4266544580459595
66,0.5,wMbj6ajWbic_24,1.399999976158142,1.6426752805709839,1.4401741027832031,1.3644570112228394,False,1.4401741027832031
66,0.5,wMbj6ajWbic_25,2.0,0.5278391242027283,0.7048941254615784,0.5369640588760376,False,0.7048941254615784
66,0.5,wMbj6ajWbic_26,1.7999999523162842,0.4670659005641937,0.6685517430305481,0.5391745567321777,False,0.6685517430305481
66,0.5,wMbj6ajWbic_27,0.0,0.20899257063865662,0.3134288489818573,0.14676988124847412,True,0.14676988124847412
66,0.5,wMbj6ajWbic_28,2.4000000953674316,1.9105920791625977,1.5838490724563599,1.8278475999832153,False,1.5838490724563599
66,0.5,wMbj6ajWbic_29,1.7999999523162842,0.2586316466331482,0.407387912273407,0.7631731629371643,False,0.407387912273407
66,0.5,wMbj6ajWbic_30,0.800000011920929,1.449198842048645,1.2816591262817383,1.5169612169265747,False,1.2816591262817383
66,0.5,vvZ4IcEtiZc_1,2.0,0.1737757921218872,0.1737757921218872,0.06565062701702118,True,0.06565062701702118
66,0.5,vvZ4IcEtiZc_2,2.4000000953674316,2.0635476112365723,2.0138752460479736,2.4058592319488525,False,2.0138752460479736
66,0.5,vvZ4IcEtiZc_3,1.399999976158142,0.25652116537094116,0.35905998945236206,-0.2419196516275406,False,0.35905998945236206
66,0.5,vvZ4IcEtiZc_4,2.200000047683716,1.5889110565185547,1.4182674884796143,1.6575911045074463,False,1.4182674884796143
66,0.5,vvZ4IcEtiZc_5,1.2000000476837158,0.3901554048061371,0.44886597990989685,0.205294668674469,False,0.44886597990989685
66,0.5,vvZ4IcEtiZc_6,1.0,0.6897572875022888,0.4824768602848053,0.9574896097183228,False,0.4824768602848053
66,0.5,vvZ4IcEtiZc_7,1.399999976158142,0.4933505356311798,0.4631060063838959,0.817176342010498,False,0.4631060063838959
66,0.5,vvZ4IcEtiZc_8,-1.5,0.793487012386322,0.5911476612091064,0.9647315740585327,False,0.5911476612091064
66,0.5,vvZ4IcEtiZc_9,2.200000047683716,1.9171638488769531,1.6098312139511108,1.8885931968688965,False,1.6098312139511108
66,0.5,vvZ4IcEtiZc_10,-2.0,0.9899594783782959,0.9413495659828186,1.2951956987380981,False,0.9413495659828186
66,0.5,vvZ4IcEtiZc_11,1.600000023841858,0.8285331130027771,0.8330227136611938,0.2830205261707306,False,0.8330227136611938
66,0.5,vvZ4IcEtiZc_12,0.20000000298023224,0.30003267526626587,0.42143714427948,-0.14621087908744812,False,0.42143714427948
66,0.5,d3_k5Xpfmik_1,2.0,1.811232089996338,1.811232089996338,2.0646257400512695,False,1.811232089996338
66,0.5,d3_k5Xpfmik_2,0.0,0.3794448971748352,0.5727764964103699,0.821976363658905,False,0.5727764964103699
66,0.5,d3_k5Xpfmik_3,2.0,1.5668801069259644,1.538463830947876,1.5404170751571655,False,1.538463830947876
66,0.5,d3_k5Xpfmik_4,-1.0,0.18885855376720428,0.47689110040664673,0.6545912027359009,True,0.6545912027359009
66,0.5,d3_k5Xpfmik_5,2.200000047683716,1.3766255378723145,1.3460887670516968,1.7057818174362183,False,1.3460887670516968
66,0.5,d3_k5Xpfmik_6,1.600000023841858,1.6186997890472412,1.4388138055801392,1.6014024019241333,False,1.4388138055801392
66,0.5,d3_k5Xpfmik_7,0.4000000059604645,0.29464152455329895,0.49853095412254333,0.273905485868454,False,0.49853095412254333
66,0.5,d3_k5Xpfmik_8,2.200000047683716,2.0513672828674316,1.776210069656372,1.95720374584198,False,1.776210069656372
66,0.5,d3_k5Xpfmik_9,1.399999976158142,0.5989727973937988,0.7923762202262878,0.6603401899337769,False,0.7923762202262878
66,0.5,d3_k5Xpfmik_10,0.4000000059604645,1.0729362964630127,1.1131561994552612,0.3645443320274353,False,1.1131561994552612
66,0.5,d3_k5Xpfmik_11,2.4000000953674316,0.38864865899086,0.3260881304740906,0.2722499966621399,False,0.3260881304740906
66,0.5,d3_k5Xpfmik_12,2.0,0.7017157077789307,0.6138471961021423,-0.023550253361463547,False,0.6138471961021423
66,0.5,d3_k5Xpfmik_13,2.200000047683716,1.6988983154296875,1.4296000003814697,1.008050560951233,False,1.4296000003814697
66,0.5,d3_k5Xpfmik_14,2.0,0.7810138463973999,0.7368610501289368,0.2558926045894623,False,0.7368610501289368
66,0.5,d3_k5Xpfmik_15,2.5999999046325684,1.595272421836853,1.3048267364501953,1.2399758100509644,False,1.3048267364501953
66,0.5,d3_k5Xpfmik_16,2.0,1.7290797233581543,1.5605911016464233,1.6648359298706055,False,1.5605911016464233
66,0.5,d3_k5Xpfmik_17,1.600000023841858,0.07718566805124283,0.22147494554519653,-0.06300873309373856,True,-0.06300873309373856
66,0.5,d3_k5Xpfmik_18,0.800000011920929,-0.6345083117485046,-0.446031779050827,-0.8429469466209412,False,-0.446031779050827
66,0.5,d3_k5Xpfmik_19,0.20000000298023224,0.4735765755176544,-0.22912003099918365,-0.20147156715393066,False,-0.22912003099918365
66,0.5,vyB00TXsimI_1,0.0,1.2437444925308228,1.2437444925308228,1.263198971748352,False,1.2437444925308228
66,0.5,vyB00TXsimI_2,-2.4000000953674316,-0.2805927097797394,-0.01902218535542488,-0.5168958902359009,False,-0.01902218535542488
66,0.5,vyB00TXsimI_3,2.200000047683716,0.30128881335258484,-0.07155968248844147,0.08782806992530823,False,-0.07155968248844147
66,0.5,vyB00TXsimI_4,1.7999999523162842,0.43504253029823303,0.08099903166294098,0.14615924656391144,False,0.08099903166294098
66,0.5,vyB00TXsimI_5,1.7999999523162842,0.4964735805988312,0.23505693674087524,-0.37680453062057495,False,0.23505693674087524
66,0.5,vyB00TXsimI_6,2.0,0.6688916683197021,0.5194644927978516,0.8162214756011963,False,0.5194644927978516
66,0.5,vyB00TXsimI_7,2.4000000953674316,0.20750591158866882,-0.3016161620616913,0.003916610963642597,True,0.003916610963642597
66,0.5,vyB00TXsimI_8,2.5999999046325684,0.42636677622795105,0.1758287101984024,-0.33155643939971924,False,0.1758287101984024
66,0.5,vyB00TXsimI_9,-0.25,-0.003997927065938711,-0.4177444875240326,-0.19948971271514893,True,-0.19948971271514893
66,0.5,vyB00TXsimI_10,1.3333333730697632,0.40306684374809265,-0.09848835319280624,-0.5378777384757996,False,-0.09848835319280624
66,0.5,vyB00TXsimI_11,-0.20000000298023224,0.530215322971344,0.2812918722629547,-0.035435087978839874,False,0.2812918722629547
66,0.5,vyB00TXsimI_12,0.20000000298023224,0.7074477076530457,0.45901358127593994,0.4356968402862549,False,0.45901358127593994
66,0.5,vyB00TXsimI_13,2.4000000953674316,0.5863977074623108,0.006104116328060627,-0.38506606221199036,False,0.006104116328060627
66,0.5,vyB00TXsimI_14,2.0,1.9432929754257202,1.483008623123169,1.5665429830551147,False,1.483008623123169
66,0.5,vyB00TXsimI_15,2.5999999046325684,-0.004960678052157164,0.17348499596118927,0.2143448293209076,True,0.2143448293209076
66,0.5,vyB00TXsimI_16,0.4000000059604645,0.6010635495185852,0.46528303623199463,0.27887243032455444,False,0.46528303623199463
66,0.5,vyB00TXsimI_17,1.399999976158142,0.09316762536764145,-0.3435394763946533,-0.07511071115732193,True,-0.07511071115732193
66,0.5,vyB00TXsimI_18,2.4000000953674316,2.0005812644958496,1.5380361080169678,1.5059019327163696,False,1.5380361080169678
66,0.5,vyB00TXsimI_19,1.2000000476837158,1.9615100622177124,1.6454739570617676,1.582336187362671,False,1.6454739570617676
66,0.5,vyB00TXsimI_20,2.200000047683716,0.6891606450080872,0.7236997485160828,0.2794616222381592,False,0.7236997485160828
66,0.5,vyB00TXsimI_21,1.2000000476837158,1.4671919345855713,1.4172050952911377,1.667425513267517,False,1.4172050952911377
66,0.5,vyB00TXsimI_22,0.6000000238418579,0.10228455811738968,0.36751773953437805,0.6617183089256287,True,0.6617183089256287
66,0.5,fvVhgmXxadc_1,-0.4000000059604645,1.4605884552001953,1.4605884552001953,1.8034878969192505,False,1.4605884552001953
66,0.5,fvVhgmXxadc_2,-2.799999952316284,-1.0816842317581177,-1.0095767974853516,-1.204756259918213,False,-1.0095767974853516
66,0.5,fvVhgmXxadc_3,-2.200000047683716,-0.4972318708896637,-0.7526609301567078,-0.9447802901268005,False,-0.7526609301567078
66,0.5,fvVhgmXxadc_4,-2.799999952316284,-0.2150314748287201,-0.8507483601570129,-0.442766934633255,True,-0.442766934633255
66,0.5,fvVhgmXxadc_5,0.0,-0.3067423105239868,-0.7159268260002136,-0.9697176814079285,False,-0.7159268260002136
66,0.5,fvVhgmXxadc_6,-0.20000000298023224,0.10725342482328415,-0.6860285401344299,-0.3346996307373047,True,-0.3346996307373047
66,0.5,fvVhgmXxadc_7,-1.0,0.5245780944824219,-0.5375475883483887,-0.7057514786720276,False,-0.5375475883483887
66,0.5,fvVhgmXxadc_8,-0.5,-0.8829568028450012,-1.1003780364990234,-0.7342334985733032,False,-1.1003780364990234
66,0.5,fvVhgmXxadc_9,-0.4000000059604645,-0.011262200772762299,-0.39581677317619324,-0.5578870177268982,True,-0.5578870177268982
66,0.5,fvVhgmXxadc_10,0.0,0.3719865381717682,-0.08190886676311493,-0.5461764335632324,False,-0.08190886676311493
66,0.5,fvVhgmXxadc_11,-0.20000000298023224,0.5873059034347534,0.16523613035678864,-0.19056324660778046,False,0.16523613035678864
66,0.5,fvVhgmXxadc_12,0.0,0.4858134090900421,-0.42797067761421204,-0.674160361289978,False,-0.42797067761421204
66,0.5,fvVhgmXxadc_13,0.20000000298023224,-0.07811612635850906,-0.6900383830070496,-0.349972665309906,True,-0.349972665309906
66,0.5,fvVhgmXxadc_14,0.0,-0.0614648312330246,-0.4484967887401581,-0.3778405487537384,True,-0.3778405487537384
66,0.5,ob23OKe5a9Q_1,1.2000000476837158,1.616837501525879,1.616837501525879,1.9608633518218994,False,1.616837501525879
66,0.5,ob23OKe5a9Q_2,1.0,0.4223986566066742,0.7033748626708984,0.8670938014984131,False,0.7033748626708984
66,0.5,ob23OKe5a9Q_3,-1.2000000476837158,0.07622335851192474,0.3997390568256378,0.8599709272384644,True,0.8599709272384644
66,0.5,ob23OKe5a9Q_4,-1.5,-0.36633047461509705,-0.20997586846351624,-0.6885320544242859,False,-0.20997586846351624
66,0.5,ob23OKe5a9Q_5,-1.7999999523162842,0.3444284200668335,-0.0995979979634285,0.3009190857410431,False,-0.0995979979634285
66,0.5,ob23OKe5a9Q_6,0.0,-0.7055674195289612,-0.6064627170562744,-0.9595509171485901,False,-0.6064627170562744
66,0.5,ob23OKe5a9Q_7,0.6000000238418579,1.395016074180603,1.0085879564285278,1.2264509201049805,False,1.0085879564285278
66,0.5,ob23OKe5a9Q_8,0.6000000238418579,2.058903694152832,1.6842046976089478,2.012181520462036,False,1.6842046976089478
66,0.5,ob23OKe5a9Q_9,-1.399999976158142,-1.3560140132904053,-0.9281562566757202,-1.1460407972335815,False,-0.9281562566757202
66,0.5,ob23OKe5a9Q_10,1.25,1.7636903524398804,1.4261295795440674,1.6559499502182007,False,1.4261295795440674
66,0.5,ob23OKe5a9Q_11,0.800000011920929,0.5515664219856262,0.3895227015018463,0.9530181288719177,False,0.3895227015018463
66,0.5,ob23OKe5a9Q_12,2.799999952316284,0.37290582060813904,0.22789746522903442,0.7730316519737244,False,0.22789746522903442
66,0.5,ob23OKe5a9Q_13,1.25,0.0925602912902832,-0.006458769086748362,0.43705233931541443,True,0.43705233931541443
66,0.5,ob23OKe5a9Q_14,0.800000011920929,1.5786912441253662,1.4009679555892944,1.663379192352295,False,1.4009679555892944
66,0.5,zhpQhgha_KU_1,-1.600000023841858,-0.6225091218948364,-0.6225091218948364,-1.1160087585449219,False,-0.6225091218948364
66,0.5,zhpQhgha_KU_2,1.600000023841858,1.888098955154419,1.559226393699646,1.931801438331604,False,1.559226393699646
66,0.5,zhpQhgha_KU_3,-1.600000023841858,-0.1213669627904892,-0.16679885983467102,0.1264227032661438,True,0.1264227032661438
66,0.5,zhpQhgha_KU_4,-1.600000023841858,-0.6690448522567749,-0.740344762802124,-0.8353278636932373,False,-0.740344762802124
66,0.5,zhpQhgha_KU_5,-2.200000047683716,0.3054158389568329,-0.3857279419898987,0.043379172682762146,False,-0.3857279419898987
66,0.5,zhpQhgha_KU_6,1.0,0.1949404627084732,-0.3049234449863434,-0.6064459085464478,True,-0.6064459085464478
66,0.5,zhpQhgha_KU_7,1.0,1.3934108018875122,0.9930365681648254,0.9992935061454773,False,0.9930365681648254
66,0.5,zhpQhgha_KU_8,-1.0,-0.03841782361268997,-0.4497181475162506,-0.2059740275144577,True,-0.2059740275144577
66,0.5,zhpQhgha_KU_9,-1.0,-0.3529137969017029,-0.5404650568962097,-0.8843148946762085,False,-0.5404650568962097
66,0.5,zhpQhgha_KU_10,0.6000000238418579,0.3380480110645294,-0.24817195534706116,-0.6124894022941589,False,-0.24817195534706116
66,0.5,zhpQhgha_KU_11,-2.4000000953674316,-0.11549204587936401,-0.5344489216804504,-0.8514246940612793,True,-0.8514246940612793
66,0.5,zhpQhgha_KU_12,-1.399999976158142,-0.8122312426567078,-0.7415037751197815,-1.0957449674606323,False,-0.7415037751197815
66,0.5,zhpQhgha_KU_13,-1.0,0.4556043744087219,-0.42783287167549133,-0.045580558478832245,False,-0.42783287167549133
66,0.5,zhpQhgha_KU_14,-1.5,0.15736378729343414,-0.5711377859115601,-0.21940051019191742,True,-0.21940051019191742
66,0.5,zhpQhgha_KU_15,-2.0,-0.7711647152900696,-0.9714398980140686,-0.999026894569397,False,-0.9714398980140686
66,0.5,zhpQhgha_KU_16,1.7999999523162842,1.936959147453308,1.3711742162704468,1.613029956817627,False,1.3711742162704468
66,0.5,zhpQhgha_KU_17,1.75,0.5872924327850342,0.32824698090553284,0.8777554631233215,False,0.32824698090553284
66,0.5,zhpQhgha_KU_18,0.6000000238418579,0.13556669652462006,0.03265304118394852,0.3982110917568207,True,0.3982110917568207
66,0.5,zhpQhgha_KU_19,-0.800000011920929,-0.18626131117343903,-0.3183443546295166,-0.2523745596408844,True,-0.2523745596408844
66,0.5,zhpQhgha_KU_20,-1.399999976158142,-0.5067213773727417,-0.6283498406410217,-0.8084229826927185,False,-0.6283498406410217
66,0.5,zhpQhgha_KU_21,0.6000000238418579,0.46628913283348083,-0.2899062931537628,0.03628534823656082,False,-0.2899062931537628
66,0.5,zhpQhgha_KU_22,0.6000000238418579,-0.0003828946501016617,-0.5752386450767517,-0.2879889905452728,True,-0.2879889905452728
66,0.5,zhpQhgha_KU_23,-0.5,1.127332091331482,0.7236793637275696,0.6308848261833191,False,0.7236793637275696
66,0.5,zhpQhgha_KU_24,0.0,-1.1545783281326294,-0.9190274477005005,-1.0633219480514526,False,-0.9190274477005005
66,0.5,zhpQhgha_KU_25,1.0,1.0407580137252808,0.6497589945793152,0.327674001455307,False,0.6497589945793152
66,0.5,zhpQhgha_KU_26,0.0,-0.16708031296730042,-0.3633001446723938,-0.43641403317451477,True,-0.43641403317451477
66,0.5,zhpQhgha_KU_27,0.800000011920929,1.0495132207870483,0.5871444940567017,0.3810390532016754,False,0.5871444940567017
66,0.5,zhpQhgha_KU_28,1.399999976158142,1.464690089225769,1.1772514581680298,1.0785510540008545,False,1.1772514581680298
66,0.5,zhpQhgha_KU_29,-1.2000000476837158,0.14206437766551971,-0.01207491010427475,0.4405723512172699,True,0.4405723512172699
66,0.5,zhpQhgha_KU_30,-2.0,-1.3155189752578735,-1.1367101669311523,-1.0860555171966553,False,-1.1367101669311523
66,0.5,zhpQhgha_KU_31,-1.0,0.09659881144762039,-0.2561856508255005,-0.6283550262451172,True,-0.6283550262451172
66,0.5,zhpQhgha_KU_32,0.800000011920929,0.6891607046127319,-0.16741423308849335,0.06445270031690598,False,-0.16741423308849335
66,0.5,zhpQhgha_KU_33,-0.4000000059604645,0.4193652868270874,-0.10205627232789993,-0.47195127606391907,False,-0.10205627232789993
66,0.5,zhpQhgha_KU_34,1.2000000476837158,0.554775059223175,-0.17045044898986816,0.10969285666942596,False,-0.17045044898986816
66,0.5,zhpQhgha_KU_35,0.6000000238418579,1.5797582864761353,1.2281321287155151,1.3293612003326416,False,1.2281321287155151
66,0.5,phBUpBr1hSo_1,1.399999976158142,1.9853057861328125,1.9853057861328125,2.5210061073303223,False,1.9853057861328125
66,0.5,phBUpBr1hSo_2,2.200000047683716,0.6601038575172424,0.8884046077728271,1.373633861541748,False,0.8884046077728271
66,0.5,phBUpBr1hSo_3,2.799999952316284,0.4581155478954315,0.6484980583190918,0.6217764616012573,False,0.6484980583190918
66,0.5,phBUpBr1hSo_4,-0.800000011920929,-0.4264252185821533,-0.15180328488349915,-0.4654477536678314,False,-0.15180328488349915
66,0.5,phBUpBr1hSo_5,-1.399999976158142,0.3305675983428955,-0.04966750741004944,0.37925875186920166,False,-0.04966750741004944
66,0.5,phBUpBr1hSo_6,1.600000023841858,0.7820927500724792,0.2275695651769638,0.5507934093475342,False,0.2275695651769638
66,0.5,phBUpBr1hSo_7,-1.0,-0.2075449377298355,-0.056950002908706665,-0.6989032626152039,True,-0.6989032626152039
66,0.5,phBUpBr1hSo_8,-2.200000047683716,0.775135338306427,-0.018956001847982407,0.14882569015026093,False,-0.018956001847982407
66,0.5,phBUpBr1hSo_9,-2.0,0.8702696561813354,0.1193055734038353,0.2257455736398697,False,0.1193055734038353
66,0.5,phBUpBr1hSo_10,-1.399999976158142,-1.1284810304641724,-0.626386821269989,-1.1843172311782837,False,-0.626386821269989
66,0.5,phBUpBr1hSo_11,2.0,1.4168421030044556,1.1083184480667114,1.0133694410324097,False,1.1083184480667114
66,0.5,phBUpBr1hSo_12,1.7999999523162842,0.921543300151825,0.7986955642700195,0.08922480791807175,False,0.7986955642700195
66,0.5,phBUpBr1hSo_13,0.800000011920929,0.3622908294200897,0.2998560667037964,-0.4479411244392395,False,0.2998560667037964
66,0.5,phBUpBr1hSo_14,-1.2000000476837158,0.3576945662498474,0.2892687916755676,-0.47489869594573975,False,0.2892687916755676
66,0.5,phBUpBr1hSo_15,-2.200000047683716,0.05110601335763931,-0.03739152476191521,-0.578664243221283,True,-0.578664243221283
66,0.5,phBUpBr1hSo_16,-1.600000023841858,0.9088752865791321,-0.005673539359122515,0.06981433928012848,False,-0.005673539359122515
66,0.5,phBUpBr1hSo_17,2.0,0.3915325403213501,-0.24887043237686157,0.09254003316164017,False,-0.24887043237686157
66,0.5,phBUpBr1hSo_18,0.800000011920929,1.2571600675582886,0.9460899829864502,0.9187934398651123,False,0.9460899829864502
66,0.5,phBUpBr1hSo_19,2.0,1.5190764665603638,1.2864971160888672,1.4858629703521729,False,1.2864971160888672
66,0.5,phBUpBr1hSo_20,-1.25,1.0850642919540405,0.8681911826133728,-0.09634862840175629,False,0.8681911826133728
66,0.5,phBUpBr1hSo_21,0.800000011920929,0.46701234579086304,0.29711785912513733,-0.033872127532958984,False,0.29711785912513733
66,0.5,yDtzw_Y-7RU_1,0.800000011920929,0.389021098613739,0.389021098613739,0.5562739372253418,False,0.389021098613739
66,0.5,yDtzw_Y-7RU_2,0.800000011920929,0.22581972181797028,0.1739155799150467,-0.33671608567237854,True,-0.33671608567237854
66,0.5,yDtzw_Y-7RU_3,0.75,0.040751948952674866,-0.3715018033981323,0.15865792334079742,True,0.15865792334079742
66,0.5,yDtzw_Y-7RU_4,-1.0,0.4937498867511749,-0.3436492085456848,-0.5675011873245239,False,-0.3436492085456848
66,0.5,yDtzw_Y-7RU_5,0.5,0.038441091775894165,-0.45256754755973816,-0.1001143530011177,True,-0.1001143530011177
66,0.5,yDtzw_Y-7RU_6,-1.2000000476837158,-0.41838976740837097,-0.6545541286468506,-0.7939244508743286,False,-0.6545541286468506
66,0.5,yDtzw_Y-7RU_7,-0.20000000298023224,-0.43845564126968384,-0.9865636229515076,-0.6043490767478943,False,-0.9865636229515076
66,0.5,yDtzw_Y-7RU_8,-1.5,0.3493031859397888,-0.4296894669532776,-0.022411301732063293,False,-0.4296894669532776
66,0.5,yDtzw_Y-7RU_9,-1.0,0.3653886020183563,-0.4913010597229004,-0.7015460133552551,False,-0.4913010597229004
66,0.5,yDtzw_Y-7RU_10,-0.6000000238418579,-0.4872783124446869,-0.6867007613182068,-0.5896499752998352,False,-0.6867007613182068
66,0.5,yDtzw_Y-7RU_11,-1.399999976158142,0.15001824498176575,-0.5517635941505432,-0.10131929069757462,True,-0.10131929069757462
66,0.5,yDtzw_Y-7RU_12,-0.6666666865348816,0.17853862047195435,-0.47138020396232605,0.0013235732913017273,True,0.0013235732913017273
66,0.5,yDtzw_Y-7RU_13,-1.7999999523162842,0.4580394923686981,-0.3967118561267853,-0.6524639129638672,False,-0.3967118561267853
66,0.5,yDtzw_Y-7RU_14,2.200000047683716,1.6475446224212646,1.1154340505599976,1.4451826810836792,False,1.1154340505599976
66,0.5,yDtzw_Y-7RU_15,0.6000000238418579,1.3511319160461426,1.100075125694275,1.1411491632461548,False,1.100075125694275
66,0.5,yDtzw_Y-7RU_16,0.6000000238418579,1.0475236177444458,0.8486347198486328,1.115212082862854,False,0.8486347198486328
66,0.5,yDtzw_Y-7RU_17,0.20000000298023224,0.8857826590538025,0.5026533603668213,0.31045201420783997,False,0.5026533603668213
66,0.5,yDtzw_Y-7RU_18,-2.0,-0.4945504367351532,-0.6721999645233154,-1.0906745195388794,False,-0.6721999645233154
66,0.5,yDtzw_Y-7RU_19,-1.600000023841858,0.5630172491073608,-0.6117105484008789,-0.6956260800361633,False,-0.6117105484008789
66,0.5,yDtzw_Y-7RU_20,-0.6000000238418579,0.4804763197898865,-0.6644688844680786,-0.7820591330528259,False,-0.6644688844680786
66,0.5,yDtzw_Y-7RU_21,0.20000000298023224,-0.033072639256715775,-0.6947965025901794,-0.19130249321460724,True,-0.19130249321460724
66,0.5,yDtzw_Y-7RU_22,2.0,1.9074177742004395,1.1890236139297485,1.4498521089553833,False,1.1890236139297485
66,0.5,yDtzw_Y-7RU_23,2.200000047683716,1.7049858570098877,1.2354410886764526,1.1805342435836792,False,1.2354410886764526
66,0.5,yDtzw_Y-7RU_24,-0.800000011920929,0.725600004196167,0.3053155243396759,-0.06654882431030273,False,0.3053155243396759
66,0.5,nzpVDcQ0ywM_1,0.0,0.6763920187950134,0.6763920187950134,0.8650619387626648,False,0.6763920187950134
66,0.5,nzpVDcQ0ywM_2,-1.600000023841858,0.24788632988929749,0.21763116121292114,0.047662537544965744,True,0.047662537544965744
66,0.5,nzpVDcQ0ywM_3,0.800000011920929,0.45937806367874146,0.03041165880858898,-0.5219207406044006,False,0.03041165880858898
66,0.5,nzpVDcQ0ywM_4,-1.600000023841858,-0.06622147560119629,-0.45515361428260803,-0.20822890102863312,True,-0.20822890102863312
66,0.5,nzpVDcQ0ywM_5,-0.4000000059604645,-0.020368842408061028,-0.42926037311553955,-0.23701314628124237,True,-0.23701314628124237
66,0.5,nzpVDcQ0ywM_6,-1.399999976158142,-0.26156288385391235,-0.5296448469161987,-0.4710458219051361,False,-0.5296448469161987
66,0.5,nzpVDcQ0ywM_7,-1.0,0.07857509702444077,-0.2977312505245209,-0.24845433235168457,True,-0.24845433235168457
66,0.5,nzpVDcQ0ywM_8,2.0,-0.22869203984737396,-0.5168389081954956,-0.4624824821949005,True,-0.4624824821949005
66,0.5,nzpVDcQ0ywM_9,-2.200000047683716,-0.5338964462280273,-0.6310291290283203,-0.8064724802970886,False,-0.6310291290283203
66,0.5,nzpVDcQ0ywM_10,-1.0,0.5779840350151062,-0.34205731749534607,-0.6868045926094055,False,-0.34205731749534607
66,0.5,nzpVDcQ0ywM_11,0.0,0.5418830513954163,0.13883812725543976,-0.5565615296363831,False,0.13883812725543976
66,0.5,nzpVDcQ0ywM_12,-1.399999976158142,-0.5694928765296936,-0.7122157216072083,-0.983486533164978,False,-0.7122157216072083
66,0.5,nzpVDcQ0ywM_13,-1.0,0.16786693036556244,-0.17308609187602997,-0.3632050156593323,True,-0.3632050156593323
66,0.5,nzpVDcQ0ywM_14,0.20000000298023224,0.2234092652797699,-0.44363725185394287,-0.1843288540840149,True,-0.1843288540840149
66,0.5,nzpVDcQ0ywM_15,-0.6000000238418579,0.6382923722267151,-0.11976009607315063,-0.5211382508277893,False,-0.11976009607315063
66,0.5,nzpVDcQ0ywM_16,1.399999976158142,-0.6679443120956421,-0.6612808108329773,-1.1702067852020264,False,-0.6612808108329773
66,0.5,nzpVDcQ0ywM_17,1.600000023841858,1.520526647567749,1.0429507493972778,0.9151347279548645,False,1.0429507493972778
66,0.5,nzpVDcQ0ywM_18,1.2000000476837158,0.5727255344390869,0.2833850085735321,-0.2696319818496704,False,0.2833850085735321
66,0.5,nzpVDcQ0ywM_19,-2.0,0.06684298813343048,-0.06044333428144455,0.041291192173957825,True,0.041291192173957825
66,0.5,nzpVDcQ0ywM_20,0.20000000298023224,0.6011671423912048,0.35614389181137085,0.23100058734416962,False,0.35614389181137085
66,0.5,nzpVDcQ0ywM_21,-1.399999976158142,0.14014144241809845,-0.05222458392381668,0.121883824467659,True,0.121883824467659
66,0.5,nzpVDcQ0ywM_22,2.0,1.8835312128067017,1.5245587825775146,1.7109274864196777,False,1.5245587825775146
66,0.5,nzpVDcQ0ywM_23,2.0,1.924088478088379,1.6305726766586304,1.9078633785247803,False,1.6305726766586304
66,0.5,nzpVDcQ0ywM_24,1.600000023841858,0.3697703182697296,0.5348784923553467,0.9539152383804321,False,0.5348784923553467
66,0.5,jUzDDGyPkXU_1,2.799999952316284,2.0123603343963623,2.0123603343963623,2.5025572776794434,False,2.0123603343963623
66,0.5,jUzDDGyPkXU_2,2.5999999046325684,0.15045680105686188,0.5475925207138062,1.1389284133911133,True,1.1389284133911133
66,0.5,jUzDDGyPkXU_3,0.0,0.9120494723320007,0.8962633609771729,0.7991112470626831,False,0.8962633609771729
66,0.5,jUzDDGyPkXU_4,-1.600000023841858,1.3018168210983276,1.1950868368148804,1.196457028388977,False,1.1950868368148804
66,0.5,jUzDDGyPkXU_5,-1.2000000476837158,-0.27513301372528076,-0.22746840119361877,-0.7240033149719238,False,-0.22746840119361877
66,0.5,jUzDDGyPkXU_6,-1.600000023841858,-0.8404353260993958,-0.7402983903884888,-0.9799792170524597,False,-0.7402983903884888
66,0.5,jUzDDGyPkXU_7,-0.6000000238418579,-0.2522631585597992,-0.849611222743988,-0.6951691508293152,False,-0.849611222743988
66,0.5,jUzDDGyPkXU_8,1.7999999523162842,1.5272791385650635,1.1416610479354858,1.5637305974960327,False,1.1416610479354858
66,0.5,jUzDDGyPkXU_9,2.799999952316284,0.47056853771209717,0.1647142767906189,0.10258950293064117,False,0.1647142767906189
66,0.5,jUzDDGyPkXU_10,2.4000000953674316,1.7331851720809937,1.3453915119171143,1.7998861074447632,False,1.3453915119171143
66,0.5,jUzDDGyPkXU_11,2.4000000953674316,1.0956746339797974,0.9146721959114075,1.0052838325500488,False,0.9146721959114075
66,0.5,jUzDDGyPkXU_12,0.5,1.4438844919204712,1.0137232542037964,0.9495190978050232,False,1.0137232542037964
66,0.5,jUzDDGyPkXU_13,-0.6000000238418579,0.05901109427213669,0.05514981597661972,0.2047351747751236,True,0.2047351747751236
66,0.5,jUzDDGyPkXU_14,0.800000011920929,1.184180736541748,1.0892678499221802,0.6094620227813721,False,1.0892678499221802
66,0.5,jUzDDGyPkXU_15,1.3333333730697632,-0.14730973541736603,-0.28410816192626953,0.23262235522270203,True,0.23262235522270203
66,0.5,jUzDDGyPkXU_16,1.2000000476837158,-0.2715831398963928,-0.5710077881813049,-0.5256906747817993,False,-0.5710077881813049
66,0.5,jUzDDGyPkXU_17,-2.799999952316284,-1.3800771236419678,-1.2927049398422241,-1.4844387769699097,False,-1.2927049398422241
66,0.5,jUzDDGyPkXU_18,-2.4000000953674316,-1.0189964771270752,-1.1503946781158447,-1.1994909048080444,False,-1.1503946781158447
66,0.5,jUzDDGyPkXU_19,2.200000047683716,-0.9412025809288025,-1.196009874343872,-1.3090566396713257,False,-1.196009874343872
66,0.5,jUzDDGyPkXU_20,-2.200000047683716,-1.209328055381775,-1.2289152145385742,-1.3773528337478638,False,-1.2289152145385742
66,0.5,jUzDDGyPkXU_21,-1.0,1.1084431409835815,0.5244267582893372,0.24994276463985443,False,0.5244267582893372
66,0.5,jUzDDGyPkXU_22,-2.4000000953674316,-1.0939788818359375,-1.1044965982437134,-1.1869744062423706,False,-1.1044965982437134
66,0.5,jUzDDGyPkXU_23,1.2000000476837158,0.30655789375305176,-0.597478449344635,-0.8578052520751953,False,-0.597478449344635
66,0.5,jUzDDGyPkXU_24,-1.0,-0.49298301339149475,-1.0198007822036743,-0.9790814518928528,False,-1.0198007822036743
66,0.5,jUzDDGyPkXU_25,-2.0,0.128681480884552,-0.9091273546218872,-1.0106227397918701,True,-1.0106227397918701
66,0.5,jUzDDGyPkXU_26,-2.0,0.05798929184675217,-0.4055998623371124,-0.48926615715026855,True,-0.48926615715026855
66,0.5,jUzDDGyPkXU_27,-2.0,-0.10486692190170288,-0.8120847344398499,-0.270904004573822,True,-0.270904004573822
66,0.5,rnaNMUZpvvg_1,-2.5999999046325684,0.3411839008331299,0.3411839008331299,0.3110407292842865,False,0.3411839008331299
66,0.5,rnaNMUZpvvg_2,2.25,0.5705536603927612,0.518770694732666,0.6328363418579102,False,0.518770694732666
66,0.5,rnaNMUZpvvg_3,-0.800000011920929,-0.3650248050689697,-0.4127890169620514,-0.5149937868118286,False,-0.4127890169620514
66,0.5,rnaNMUZpvvg_4,-2.4000000953674316,-1.2858614921569824,-1.5199952125549316,-1.3642579317092896,False,-1.5199952125549316
66,0.5,rnaNMUZpvvg_5,-2.799999952316284,-1.2613502740859985,-1.478367805480957,-1.267909288406372,False,-1.478367805480957
66,0.5,rnaNMUZpvvg_6,-2.5999999046325684,-1.0611934661865234,-1.4001363515853882,-1.3831902742385864,False,-1.4001363515853882
66,0.5,rnaNMUZpvvg_7,-0.4000000059604645,-0.3631078004837036,-0.9638828635215759,-1.1559183597564697,False,-0.9638828635215759
66,0.5,rnaNMUZpvvg_8,-1.600000023841858,-1.4555314779281616,-1.728149175643921,-1.5012096166610718,False,-1.728149175643921
66,0.5,rnaNMUZpvvg_9,-1.399999976158142,0.39070925116539,-0.8944788575172424,-0.8616437315940857,False,-0.8944788575172424
66,0.5,rnaNMUZpvvg_10,-2.5999999046325684,-0.42873865365982056,-0.9444030523300171,-0.7934437394142151,False,-0.9444030523300171
66,0.5,rnaNMUZpvvg_11,-2.5999999046325684,-0.6036598086357117,-1.1910674571990967,-0.6586848497390747,False,-1.1910674571990967
66,0.5,rnaNMUZpvvg_12,-1.0,-0.40495941042900085,-1.0749890804290771,-0.5931704640388489,False,-1.0749890804290771
66,0.5,rnaNMUZpvvg_13,-2.0,-1.0598982572555542,-1.363651156425476,-1.0930557250976562,False,-1.363651156425476
66,0.5,rnaNMUZpvvg_14,-2.5999999046325684,-1.283113718032837,-1.6572325229644775,-1.4094189405441284,False,-1.6572325229644775
66,0.5,rnaNMUZpvvg_15,-1.600000023841858,-0.7748236656188965,-1.2705392837524414,-1.0551540851593018,False,-1.2705392837524414
66,0.5,rnaNMUZpvvg_16,-1.7999999523162842,0.6236408948898315,-0.8302265405654907,-0.7651543021202087,False,-0.8302265405654907
66,0.5,rnaNMUZpvvg_17,-1.600000023841858,-0.5006920695304871,-1.205386757850647,-1.001446008682251,False,-1.205386757850647
66,0.5,rnaNMUZpvvg_18,-2.200000047683716,-0.34833094477653503,-0.9282584190368652,-1.0975509881973267,False,-0.9282584190368652
66,0.5,rnaNMUZpvvg_19,-1.399999976158142,-1.1733264923095703,-1.4774103164672852,-0.9983028173446655,False,-1.4774103164672852
66,0.5,rnaNMUZpvvg_20,0.800000011920929,1.8037140369415283,0.7844786047935486,1.0358563661575317,False,0.7844786047935486
66,0.5,rnaNMUZpvvg_21,-2.5999999046325684,-0.5605327486991882,-0.9283322691917419,-0.35732534527778625,False,-0.9283322691917419
66,0.5,rnaNMUZpvvg_22,-2.200000047683716,-0.6840766072273254,-1.0055705308914185,-0.46165210008621216,False,-1.0055705308914185
66,0.5,yvsjCA6Y5Fc_1,-2.0,0.651965320110321,0.651965320110321,-0.3206946849822998,False,0.651965320110321
66,0.5,yvsjCA6Y5Fc_2,-1.2000000476837158,0.5793552994728088,-0.033337414264678955,-0.46389317512512207,False,-0.033337414264678955
66,0.5,yvsjCA6Y5Fc_3,-2.0,-1.1753004789352417,-1.150974154472351,-1.3708584308624268,False,-1.150974154472351
66,0.5,yvsjCA6Y5Fc_4,-0.20000000298023224,-0.2822430729866028,-0.5799945592880249,-0.37856563925743103,False,-0.5799945592880249
66,0.5,yvsjCA6Y5Fc_5,0.4000000059604645,-0.5042836666107178,-0.8281872868537903,-0.6237050890922546,False,-0.8281872868537903
66,0.5,yvsjCA6Y5Fc_6,0.0,-1.2610719203948975,-1.3970377445220947,-1.2185311317443848,False,-1.3970377445220947
66,0.5,yvsjCA6Y5Fc_7,-1.7999999523162842,0.4697979986667633,-0.7175535559654236,-0.7867890000343323,False,-0.7175535559654236
66,0.5,yvsjCA6Y5Fc_8,0.4000000059604645,-0.693223237991333,-1.0242677927017212,-1.0236434936523438,False,-1.0242677927017212
66,0.5,yvsjCA6Y5Fc_9,-1.399999976158142,-0.5747296214103699,-0.9306634068489075,-0.879751980304718,False,-0.9306634068489075
66,0.5,yvsjCA6Y5Fc_10,-2.0,0.2952902615070343,-0.7449700236320496,-0.9106441736221313,False,-0.7449700236320496
66,0.5,yvsjCA6Y5Fc_11,2.0,0.9250434041023254,0.3384477198123932,-0.03092626854777336,False,0.3384477198123932
66,0.5,yvsjCA6Y5Fc_12,-0.6000000238418579,-0.3058501183986664,-0.8825976252555847,-0.5481364130973816,False,-0.8825976252555847
66,0.5,yvsjCA6Y5Fc_13,-2.0,0.21876710653305054,-0.7083325982093811,-0.9345841407775879,True,-0.9345841407775879
66,0.5,yvsjCA6Y5Fc_14,-1.0,-0.7685460448265076,-0.9938244223594666,-1.3985450267791748,False,-0.9938244223594666
66,0.5,yvsjCA6Y5Fc_15,-2.0,-0.30793291330337524,-0.9724550843238831,-0.5307072997093201,False,-0.9724550843238831
66,0.5,yvsjCA6Y5Fc_16,-1.7999999523162842,0.4089188575744629,-0.7221922278404236,-0.864530086517334,False,-0.7221922278404236
66,0.5,yvsjCA6Y5Fc_17,-0.6000000238418579,0.25773435831069946,-0.8121753931045532,-0.9279612302780151,False,-0.8121753931045532
66,0.5,yvsjCA6Y5Fc_18,-2.200000047683716,-0.7732247114181519,-1.0530970096588135,-1.2074048519134521,False,-1.0530970096588135
66,0.5,yvsjCA6Y5Fc_19,-1.600000023841858,-0.17734551429748535,-0.9534264206886292,-0.5398691296577454,True,-0.5398691296577454
66,0.5,yvsjCA6Y5Fc_20,0.800000011920929,0.8014779090881348,-0.42641666531562805,-0.44402381777763367,False,-0.42641666531562805
66,0.5,yvsjCA6Y5Fc_21,-1.7999999523162842,-0.7291291952133179,-1.0309107303619385,-1.0322288274765015,False,-1.0309107303619385
66,0.5,yvsjCA6Y5Fc_22,-1.600000023841858,-1.0374791622161865,-1.1856129169464111,-1.121441125869751,False,-1.1856129169464111
66,0.5,yvsjCA6Y5Fc_23,-1.2000000476837158,0.3085049092769623,-0.18959245085716248,-0.5110564231872559,False,-0.18959245085716248
66,0.5,pLTX3ipuDJI_1,-2.4000000953674316,-1.1465078592300415,-1.1465078592300415,-1.3748952150344849,False,-1.1465078592300415
66,0.5,pLTX3ipuDJI_2,-1.7999999523162842,0.15045499801635742,-0.10936135053634644,0.026053357869386673,True,0.026053357869386673
66,0.5,pLTX3ipuDJI_3,-1.2000000476837158,0.135391965508461,-0.10725688934326172,-0.3366546928882599,True,-0.3366546928882599
66,0.5,pLTX3ipuDJI_4,-2.200000047683716,0.1846364289522171,-0.35808783769607544,-0.6597148180007935,True,-0.6597148180007935
66,0.5,pLTX3ipuDJI_5,-2.0,-1.069128155708313,-0.8544700741767883,-0.8883646130561829,False,-0.8544700741767883
66,0.5,pLTX3ipuDJI_6,-1.399999976158142,-0.9393647313117981,-0.7958078384399414,-1.1713401079177856,False,-0.7958078384399414
66,0.5,pLTX3ipuDJI_7,0.800000011920929,0.21303778886795044,-0.4889884293079376,-0.6234990358352661,True,-0.6234990358352661
66,0.5,pLTX3ipuDJI_8,-2.0,0.39641523361206055,-0.361091285943985,-0.5333377718925476,False,-0.361091285943985
66,0.5,pLTX3ipuDJI_9,0.0,0.755912184715271,0.3791247010231018,-0.22121483087539673,False,0.3791247010231018
66,0.5,pLTX3ipuDJI_10,-1.600000023841858,0.34233173727989197,-0.3519199788570404,-0.006840817630290985,False,-0.3519199788570404
66,0.5,pLTX3ipuDJI_11,0.6000000238418579,0.8363321423530579,0.49319741129875183,0.4701743423938751,False,0.49319741129875183
66,0.5,pLTX3ipuDJI_12,-2.0,0.26482224464416504,0.021325713023543358,-0.13183173537254333,False,0.021325713023543358
66,0.5,pLTX3ipuDJI_13,-1.399999976158142,0.32290029525756836,0.05307382717728615,0.017223216593265533,False,0.05307382717728615
66,0.5,pLTX3ipuDJI_14,-2.0,0.6315321922302246,-0.18146787583827972,0.17701135575771332,False,-0.18146787583827972
66,0.5,pLTX3ipuDJI_15,-1.399999976158142,0.3570949137210846,-0.25660499930381775,0.30763721466064453,False,-0.25660499930381775
66,0.5,pLTX3ipuDJI_16,-1.600000023841858,0.6348166465759277,-0.13371972739696503,0.2570037245750427,False,-0.13371972739696503
66,0.5,cW1FSBF59ik_1,-2.5999999046325684,-0.7839000821113586,-0.7839000821113586,-1.239677906036377,False,-0.7839000821113586
66,0.5,cW1FSBF59ik_2,3.0,1.514585018157959,1.1468985080718994,1.3848235607147217,False,1.1468985080718994
66,0.5,cW1FSBF59ik_3,-1.0,0.2178761214017868,-0.05793680250644684,-0.27872994542121887,True,-0.27872994542121887
66,0.5,cW1FSBF59ik_4,1.600000023841858,1.6475871801376343,1.2780818939208984,1.5570003986358643,False,1.2780818939208984
66,0.5,cW1FSBF59ik_5,2.0,2.0431582927703857,1.6492540836334229,1.8828023672103882,False,1.6492540836334229
66,0.5,cW1FSBF59ik_6,1.2000000476837158,1.865663766860962,1.6333540678024292,1.6246834993362427,False,1.6333540678024292
66,0.5,cW1FSBF59ik_7,0.5,-0.5887044072151184,-0.09601128101348877,0.3209967315196991,False,-0.09601128101348877
66,0.5,cW1FSBF59ik_8,1.7999999523162842,0.3129114806652069,0.23288924992084503,0.8388967514038086,False,0.23288924992084503
66,0.5,cW1FSBF59ik_9,-2.4000000953674316,-0.5386114120483398,-0.5735065340995789,-0.7485730051994324,False,-0.5735065340995789
66,0.5,cW1FSBF59ik_10,-1.0,0.007223429158329964,-0.5511142611503601,-0.14262834191322327,True,-0.14262834191322327
66,0.5,cW1FSBF59ik_11,-1.0,-0.09415958821773529,-0.740745484828949,-0.8311649560928345,True,-0.8311649560928345
66,0.5,cW1FSBF59ik_12,2.200000047683716,0.027558650821447372,-0.541070818901062,-0.06569921970367432,True,-0.06569921970367432
66,0.5,cW1FSBF59ik_13,2.0,0.9234846830368042,0.5234965085983276,0.3133079409599304,False,0.5234965085983276
66,0.5,cW1FSBF59ik_14,-1.2000000476837158,0.28494662046432495,-0.22915832698345184,0.2727905213832855,False,-0.22915832698345184
66,0.5,cW1FSBF59ik_15,-2.5999999046325684,-0.9868741631507874,-1.0562160015106201,-0.9654948115348816,False,-1.0562160015106201
66,0.5,cW1FSBF59ik_16,3.0,1.662581443786621,1.0614752769470215,1.4597145318984985,False,1.0614752769470215
66,0.5,cW1FSBF59ik_17,2.4000000953674316,0.2365545630455017,-0.27852368354797363,0.43201562762260437,True,0.43201562762260437
66,0.5,cW1FSBF59ik_18,2.5999999046325684,1.6381380558013916,1.2670292854309082,1.6630197763442993,False,1.2670292854309082
66,0.5,cW1FSBF59ik_19,0.20000000298023224,0.5916617512702942,0.40359896421432495,0.5021453499794006,False,0.40359896421432495
66,0.5,cW1FSBF59ik_20,2.5,1.1386725902557373,1.0110501050949097,1.0527552366256714,False,1.0110501050949097
66,0.5,cW1FSBF59ik_21,1.600000023841858,1.4987845420837402,1.2428842782974243,1.5420000553131104,False,1.2428842782974243
66,0.5,cW1FSBF59ik_22,-1.0,0.9438334107398987,0.5662264227867126,0.7151016592979431,False,0.5662264227867126
66,0.5,cW1FSBF59ik_23,1.399999976158142,1.2249760627746582,0.8980862498283386,1.3168020248413086,False,0.8980862498283386
66,0.5,cW1FSBF59ik_24,0.0,1.1368975639343262,0.5728366374969482,0.9582526683807373,False,0.5728366374969482
66,0.5,tmZoasNr4rU_1,0.0,0.3767041265964508,0.3767041265964508,0.666570246219635,False,0.3767041265964508
66,0.5,tmZoasNr4rU_2,-2.0,-0.06991541385650635,-0.38815414905548096,-0.05693186819553375,True,-0.05693186819553375
66,0.5,tmZoasNr4rU_3,-2.0,-0.8907914161682129,-0.9248262643814087,-1.0927304029464722,False,-0.9248262643814087
66,0.5,tmZoasNr4rU_4,-0.800000011920929,-0.9829558730125427,-1.1280161142349243,-1.1330937147140503,False,-1.1280161142349243
66,0.5,tmZoasNr4rU_5,-0.800000011920929,-0.6825405359268188,-1.0815608501434326,-1.0483291149139404,False,-1.0815608501434326
66,0.5,tmZoasNr4rU_6,-1.7999999523162842,-0.6617425084114075,-1.2594106197357178,-1.1044106483459473,False,-1.2594106197357178
66,0.5,tmZoasNr4rU_7,-1.0,-0.44438648223876953,-0.9122296571731567,-1.1773685216903687,False,-0.9122296571731567
66,0.5,tmZoasNr4rU_8,-2.0,-0.37094318866729736,-0.9059349894523621,-0.9290075302124023,False,-0.9059349894523621
66,0.5,tmZoasNr4rU_9,-0.6000000238418579,-0.7258623242378235,-1.072121262550354,-1.2930718660354614,False,-1.072121262550354
66,0.5,tmZoasNr4rU_10,-1.7999999523162842,-0.16934388875961304,-0.6776440739631653,-0.9489070177078247,True,-0.9489070177078247
66,0.5,tmZoasNr4rU_11,-0.6000000238418579,1.1329214572906494,0.3876754343509674,0.29534170031547546,False,0.3876754343509674
66,0.5,tmZoasNr4rU_12,-2.200000047683716,-1.1423887014389038,-1.338770866394043,-1.2325571775436401,False,-1.338770866394043
66,0.5,tmZoasNr4rU_13,-0.800000011920929,0.06363146752119064,-0.37284979224205017,-0.8909839987754822,True,-0.8909839987754822
66,0.5,tmZoasNr4rU_14,-2.0,-0.8488653898239136,-1.11888587474823,-1.3780231475830078,False,-1.11888587474823
66,0.5,tmZoasNr4rU_15,0.25,-0.8785768747329712,-1.1805132627487183,-1.0587711334228516,False,-1.1805132627487183
66,0.5,tmZoasNr4rU_16,-1.399999976158142,-0.9529478549957275,-1.2902902364730835,-1.4752440452575684,False,-1.2902902364730835
66,0.5,tmZoasNr4rU_17,-1.399999976158142,-0.6526957750320435,-1.125794529914856,-1.2515805959701538,False,-1.125794529914856
66,0.5,tmZoasNr4rU_18,0.0,-0.11335079371929169,-0.9285048842430115,-0.8149338364601135,True,-0.8149338364601135
66,0.5,tmZoasNr4rU_19,0.20000000298023224,0.21047748625278473,-0.7590852379798889,-1.0759859085083008,True,-1.0759859085083008
66,0.5,tmZoasNr4rU_20,-1.0,-0.9623011946678162,-1.2080799341201782,-1.3681176900863647,False,-1.2080799341201782
66,0.5,d6hH302o4v8_1,-2.799999952316284,-0.17989937961101532,-0.17989937961101532,-0.12790685892105103,True,-0.12790685892105103
66,0.5,d6hH302o4v8_2,-1.7999999523162842,-0.8041966557502747,-0.8735026121139526,-1.1212676763534546,False,-0.8735026121139526
66,0.5,d6hH302o4v8_3,0.20000000298023224,-0.23267941176891327,-0.6497242450714111,-0.7804849147796631,True,-0.7804849147796631
66,0.5,d6hH302o4v8_4,-1.600000023841858,-0.8481914401054382,-1.1800436973571777,-0.946349024772644,False,-1.1800436973571777
66,0.5,d6hH302o4v8_5,-1.3333333730697632,-0.38860592246055603,-0.7840368151664734,-0.9330490827560425,False,-0.7840368151664734
66,0.5,d6hH302o4v8_6,-2.0,-0.17808283865451813,-0.6252822875976562,-0.3153340816497803,True,-0.3153340816497803
66,0.5,d6hH302o4v8_7,-2.799999952316284,-0.3755524754524231,-0.785548985004425,-0.5223002433776855,False,-0.785548985004425
66,0.5,d6hH302o4v8_8,-2.200000047683716,-1.1916766166687012,-1.3373042345046997,-1.2427173852920532,False,-1.3373042345046997
66,0.5,d6hH302o4v8_9,-2.4000000953674316,0.4801986813545227,-0.7868450284004211,-0.7109218835830688,False,-0.7868450284004211
66,0.5,d6hH302o4v8_10,-1.2000000476837158,-1.1916197538375854,-1.4005591869354248,-0.952086329460144,False,-1.4005591869354248
66,0.5,d6hH302o4v8_11,-1.0,-0.11602216213941574,-1.180603265762329,-1.049544334411621,True,-1.049544334411621
66,0.5,d6hH302o4v8_12,1.399999976158142,-0.06113848090171814,-1.1526230573654175,-1.01211678981781,True,-1.01211678981781
66,0.5,d6hH302o4v8_13,-2.0,-1.0800831317901611,-1.474557638168335,-1.4278937578201294,False,-1.474557638168335
66,0.5,d6hH302o4v8_14,-1.7999999523162842,-1.0892935991287231,-1.4334357976913452,-1.4069621562957764,False,-1.4334357976913452
66,0.5,d6hH302o4v8_15,-1.75,-0.31188544631004333,-1.0670969486236572,-0.49576905369758606,False,-1.0670969486236572
66,0.5,d6hH302o4v8_16,-2.0,-0.7820166349411011,-1.3512120246887207,-0.8434159159660339,False,-1.3512120246887207
66,0.5,d6hH302o4v8_17,-2.0,-0.7761482000350952,-1.211992621421814,-0.9120246767997742,False,-1.211992621421814
66,0.5,d6hH302o4v8_18,-2.0,-0.05626227706670761,-1.1829371452331543,-1.0797312259674072,True,-1.0797312259674072
66,0.5,d6hH302o4v8_19,-2.799999952316284,-1.0690683126449585,-1.4370497465133667,-1.3735283613204956,False,-1.4370497465133667
66,0.5,d6hH302o4v8_20,1.0,0.8430392742156982,-0.061532020568847656,-0.03993995115160942,False,-0.061532020568847656
66,0.5,d6hH302o4v8_21,-2.4000000953674316,-1.094489336013794,-1.394074559211731,-1.4802871942520142,False,-1.394074559211731
66,0.5,d6hH302o4v8_22,-1.0,-0.675298273563385,-1.2692511081695557,-0.8117028474807739,False,-1.2692511081695557
66,0.5,d6hH302o4v8_23,-2.5999999046325684,-1.1388956308364868,-1.5461773872375488,-1.479419469833374,False,-1.5461773872375488
66,0.5,d6hH302o4v8_24,-2.799999952316284,-1.327896237373352,-1.6563026905059814,-1.5763444900512695,False,-1.6563026905059814
66,0.5,d6hH302o4v8_25,-1.600000023841858,-0.13242827355861664,-0.9662126302719116,-0.33844512701034546,True,-0.33844512701034546
66,0.5,d6hH302o4v8_26,-2.5999999046325684,-0.18944238126277924,-0.9624770879745483,-0.2842753529548645,True,-0.2842753529548645
66,0.5,d6hH302o4v8_27,-2.5999999046325684,-0.03600490093231201,-0.8358503580093384,-0.2271849364042282,True,-0.2271849364042282
66,0.5,d6hH302o4v8_28,-1.0,-0.6611078381538391,-0.9563972353935242,-0.9615834355354309,False,-0.9563972353935242
66,0.5,d6hH302o4v8_29,-1.7999999523162842,-0.08146566152572632,-0.5201417207717896,-0.7245215773582458,True,-0.7245215773582458
66,0.5,d6hH302o4v8_30,-2.799999952316284,-1.0703721046447754,-1.2698575258255005,-1.2060893774032593,False,-1.2698575258255005
66,0.5,d6hH302o4v8_31,-1.399999976158142,-0.42300087213516235,-1.0194379091262817,-0.5784053802490234,False,-1.0194379091262817
66,0.5,d6hH302o4v8_32,-0.6000000238418579,0.7653768658638,-0.017604365944862366,0.3019162118434906,False,-0.017604365944862366
66,0.5,d6hH302o4v8_33,-3.0,-1.1885818243026733,-1.3349748849868774,-1.333114743232727,False,-1.3349748849868774
66,0.5,d6hH302o4v8_34,-3.0,-0.05034634843468666,-0.4844871163368225,-0.7287774085998535,True,-0.7287774085998535
66,0.5,d6hH302o4v8_35,-1.600000023841858,-0.8365668654441833,-0.9896343350410461,-1.287068486213684,False,-0.9896343350410461
66,0.5,d6hH302o4v8_36,-2.200000047683716,-0.27111661434173584,-0.9465444684028625,-0.46983709931373596,False,-0.9465444684028625
66,0.5,d6hH302o4v8_37,-2.200000047683716,-0.4835360646247864,-1.0936793088912964,-0.6153357625007629,False,-1.0936793088912964
66,0.5,d6hH302o4v8_38,-3.0,-0.514197587966919,-1.1509116888046265,-0.7019480466842651,False,-1.1509116888046265
66,0.5,d6hH302o4v8_39,-3.0,-0.6007682085037231,-1.2232918739318848,-0.6039721369743347,False,-1.2232918739318848
66,0.5,d6hH302o4v8_40,-1.0,0.05001172050833702,-0.7576748728752136,-0.14416545629501343,True,-0.14416545629501343
66,0.5,d6hH302o4v8_41,-2.4000000953674316,-1.5203274488449097,-1.6442794799804688,-1.4168134927749634,False,-1.6442794799804688
66,0.5,d6hH302o4v8_42,-1.399999976158142,0.12748382985591888,-1.1051832437515259,-1.0354094505310059,True,-1.0354094505310059
66,0.5,d6hH302o4v8_43,-2.5,-0.7295989394187927,-1.3130748271942139,-0.7657674551010132,False,-1.3130748271942139
66,0.5,dq3Nf_lMPnE_1,0.0,1.10301673412323,1.10301673412323,0.9700936079025269,False,1.10301673412323
66,0.5,dq3Nf_lMPnE_2,-1.399999976158142,-0.5694510340690613,-0.5909344553947449,-1.1055127382278442,False,-0.5909344553947449
66,0.5,dq3Nf_lMPnE_3,-1.2000000476837158,-0.36842694878578186,-0.8535547256469727,-0.812399685382843,False,-0.8535547256469727
66,0.5,dq3Nf_lMPnE_4,-0.4000000059604645,0.6958618760108948,0.3570772707462311,-0.1652960628271103,False,0.3570772707462311
66,0.5,dq3Nf_lMPnE_5,1.2000000476837158,-0.10130828619003296,-0.4554131329059601,-0.39576730132102966,True,-0.39576730132102966
66,0.5,dq3Nf_lMPnE_6,0.800000011920929,-0.6046770811080933,-0.8599072098731995,-1.0302432775497437,False,-0.8599072098731995
66,0.5,dq3Nf_lMPnE_7,-2.0,-1.179740071296692,-1.2171547412872314,-1.3112379312515259,False,-1.2171547412872314
66,0.5,dq3Nf_lMPnE_8,0.6000000238418579,0.3754442632198334,-0.6781929731369019,-0.909095287322998,False,-0.6781929731369019
66,0.5,dq3Nf_lMPnE_9,-0.800000011920929,-0.02722742408514023,-0.49460265040397644,-0.8401426672935486,True,-0.8401426672935486
66,0.5,dq3Nf_lMPnE_10,1.0,1.655511736869812,1.0014617443084717,1.0355387926101685,False,1.0014617443084717
66,0.5,dq3Nf_lMPnE_11,-0.6000000238418579,-0.36593589186668396,-0.6128644347190857,-0.4391525983810425,False,-0.6128644347190857
66,0.5,dq3Nf_lMPnE_12,-1.600000023841858,-1.2462459802627563,-1.180827021598816,-1.4126955270767212,False,-1.180827021598816
66,0.5,dq3Nf_lMPnE_13,-1.2000000476837158,0.644245982170105,0.19359782338142395,-0.6061562299728394,False,0.19359782338142395
66,0.5,dq3Nf_lMPnE_14,-1.7999999523162842,-0.31381452083587646,-0.7542580366134644,-0.8410730957984924,False,-0.7542580366134644
66,0.5,dq3Nf_lMPnE_15,1.0,0.10291989147663116,-0.6000277400016785,-0.9599908590316772,True,-0.9599908590316772
66,0.5,k5Y_838nuGo_1,-1.600000023841858,0.15864777565002441,0.15864777565002441,0.30681249499320984,True,0.30681249499320984
66,0.5,k5Y_838nuGo_2,1.2000000476837158,0.10938986390829086,0.04452938959002495,0.4093521237373352,True,0.4093521237373352
66,0.5,k5Y_838nuGo_3,0.800000011920929,0.3657219111919403,0.06330590695142746,0.42584115266799927,False,0.06330590695142746
66,0.5,k5Y_838nuGo_4,1.0,1.1494672298431396,0.9867054224014282,0.9374762773513794,False,0.9867054224014282
66,0.5,k5Y_838nuGo_5,-1.3333333730697632,-0.21741336584091187,-0.3218180239200592,-0.09004098176956177,True,-0.09004098176956177
66,0.5,k5Y_838nuGo_6,2.0,1.0541162490844727,0.6800184845924377,0.41216936707496643,False,0.6800184845924377
66,0.5,k5Y_838nuGo_7,-2.4000000953674316,-1.3431365489959717,-1.4859429597854614,-1.3306026458740234,False,-1.4859429597854614
66,0.5,k5Y_838nuGo_8,-1.399999976158142,-0.38859593868255615,-0.8546979427337646,-1.1795963048934937,False,-0.8546979427337646
66,0.5,k5Y_838nuGo_9,1.7999999523162842,1.574652075767517,0.7407374978065491,0.7780365943908691,False,0.7407374978065491
66,0.5,k5Y_838nuGo_10,2.0,0.16064338386058807,-0.18727019429206848,0.26801884174346924,True,0.26801884174346924
66,0.5,k5Y_838nuGo_11,0.5,1.2909035682678223,0.9859734773635864,0.965207576751709,False,0.9859734773635864
66,0.5,k5Y_838nuGo_12,0.20000000298023224,0.9642316102981567,0.6985726952552795,0.7123849391937256,False,0.6985726952552795
66,0.5,k5Y_838nuGo_13,0.6000000238418579,1.025323510169983,0.7145377993583679,0.15508504211902618,False,0.7145377993583679
66,0.5,k5Y_838nuGo_14,-1.7999999523162842,0.4665076732635498,0.12725919485092163,-0.4984399378299713,False,0.12725919485092163
66,0.5,k5Y_838nuGo_15,-0.800000011920929,1.2444442510604858,1.068881630897522,1.182169795036316,False,1.068881630897522
66,0.5,k5Y_838nuGo_16,0.25,-0.09692711383104324,-0.2678425908088684,0.10134878754615784,True,0.10134878754615784
66,0.5,k5Y_838nuGo_17,0.800000011920929,0.5584829449653625,0.2216072976589203,0.4910849630832672,False,0.2216072976589203
66,0.5,k5Y_838nuGo_18,0.4000000059604645,1.6275768280029297,1.2542506456375122,0.7998496890068054,False,1.2542506456375122
66,0.5,k5Y_838nuGo_19,-0.6000000238418579,-0.6932212114334106,-0.580801248550415,-0.7920292019844055,False,-0.580801248550415
66,0.5,k5Y_838nuGo_20,0.4000000059604645,0.12649475038051605,-0.16636323928833008,-0.8517959713935852,True,-0.8517959713935852
66,0.5,k5Y_838nuGo_21,-0.20000000298023224,0.08969797194004059,-0.46387091279029846,-0.14399203658103943,True,-0.14399203658103943
66,0.5,k5Y_838nuGo_22,0.4000000059604645,-0.02709563449025154,-0.5395517945289612,-0.39098092913627625,True,-0.39098092913627625
66,0.5,k5Y_838nuGo_23,-0.20000000298023224,1.2540340423583984,0.6723453402519226,-0.10625508427619934,False,0.6723453402519226
66,0.5,k5Y_838nuGo_24,0.6000000238418579,-0.5199270844459534,-0.6415062546730042,-0.5821956992149353,False,-0.6415062546730042
66,0.5,k5Y_838nuGo_25,-0.20000000298023224,-0.2113235890865326,-0.6104516983032227,-0.5627775192260742,True,-0.5627775192260742
66,0.5,k5Y_838nuGo_26,2.0,1.6042360067367554,1.0303990840911865,1.0150086879730225,False,1.0303990840911865
66,0.5,k5Y_838nuGo_27,-0.800000011920929,-0.218169704079628,-0.31889477372169495,-0.6564390063285828,True,-0.6564390063285828
66,0.5,k5Y_838nuGo_28,2.0,1.6695351600646973,1.057934045791626,0.8208512663841248,False,1.057934045791626
66,0.5,k5Y_838nuGo_29,-0.75,-0.9882007837295532,-0.8278927803039551,-0.9205979108810425,False,-0.8278927803039551
66,0.5,k5Y_838nuGo_30,1.600000023841858,0.5593911409378052,-0.19242647290229797,0.15283448994159698,False,-0.19242647290229797
66,0.5,k5Y_838nuGo_31,-1.0,0.2266245037317276,-0.21440762281417847,0.11474619805812836,True,0.11474619805812836
66,0.5,iiK8YX8oH1E_1,-2.5999999046325684,-0.9227450489997864,-0.9227450489997864,-1.187360405921936,False,-0.9227450489997864
66,0.5,iiK8YX8oH1E_2,1.2000000476837158,0.4917590320110321,-0.11188600212335587,0.06028418242931366,False,-0.11188600212335587
66,0.5,iiK8YX8oH1E_3,-1.25,-0.9276487827301025,-0.8925884962081909,-1.0265564918518066,False,-0.8925884962081909
66,0.5,iiK8YX8oH1E_4,-2.0,-0.696493923664093,-0.8016462922096252,-0.8107863068580627,False,-0.8016462922096252
66,0.5,iiK8YX8oH1E_5,-0.4000000059604645,0.6904897093772888,-0.31300434470176697,-0.1722985804080963,False,-0.31300434470176697
66,0.5,iiK8YX8oH1E_6,0.20000000298023224,0.45846083760261536,-0.3827105462551117,-0.27861952781677246,False,-0.3827105462551117
66,0.5,iiK8YX8oH1E_7,-1.600000023841858,0.7113617658615112,-0.09337303787469864,0.23400063812732697,False,-0.09337303787469864
66,0.5,iiK8YX8oH1E_8,-1.0,1.0410876274108887,0.812390148639679,0.3606468737125397,False,0.812390148639679
66,0.5,iiK8YX8oH1E_9,0.4000000059604645,0.11428746581077576,0.22448106110095978,-0.10410281270742416,True,-0.10410281270742416
66,0.5,iiK8YX8oH1E_10,0.0,-0.8343579769134521,-0.8070350289344788,-0.8478744029998779,False,-0.8070350289344788
66,0.5,iiK8YX8oH1E_11,1.0,1.0645475387573242,0.7938312888145447,0.5572258830070496,False,0.7938312888145447
66,0.5,iiK8YX8oH1E_12,1.7999999523162842,0.38482043147087097,0.05125279352068901,0.16726234555244446,False,0.05125279352068901
66,0.5,iiK8YX8oH1E_13,-2.0,-0.9937636256217957,-0.5544976592063904,-0.6995710134506226,False,-0.5544976592063904
66,0.5,iiK8YX8oH1E_14,-1.2000000476837158,0.7673116326332092,0.21694132685661316,-0.23065395653247833,False,0.21694132685661316
66,0.5,iiK8YX8oH1E_15,0.6000000238418579,0.9554270505905151,0.7575804591178894,0.28925198316574097,False,0.7575804591178894
66,0.5,iiK8YX8oH1E_16,0.0,0.8080052733421326,0.2503112554550171,0.2729448974132538,False,0.2503112554550171
66,0.5,iiK8YX8oH1E_17,1.600000023841858,0.7736334204673767,0.5867264866828918,0.017239753156900406,False,0.5867264866828918
66,0.5,iiK8YX8oH1E_18,-1.0,0.7357214093208313,0.2582758069038391,0.11997848749160767,False,0.2582758069038391
66,0.5,tStelxIAHjw_1,0.0,1.3896480798721313,1.3896480798721313,1.2374502420425415,False,1.3896480798721313
66,0.5,tStelxIAHjw_2,-2.0,0.09932397305965424,0.18590670824050903,-0.25751012563705444,True,-0.25751012563705444
66,0.5,tStelxIAHjw_3,0.5,0.5464723706245422,0.49062320590019226,0.10045789182186127,False,0.49062320590019226
66,0.5,tStelxIAHjw_4,-2.799999952316284,-0.9358601570129395,-0.9384691715240479,-0.9828884601593018,False,-0.9384691715240479
66,0.5,tStelxIAHjw_5,-2.200000047683716,-0.3037394881248474,-0.5852627754211426,-1.0158137083053589,False,-0.5852627754211426
66,0.5,tStelxIAHjw_6,1.600000023841858,0.5566616654396057,-0.49712762236595154,-0.6606642007827759,False,-0.49712762236595154
66,0.5,tStelxIAHjw_7,1.399999976158142,0.2543235719203949,-0.5588892102241516,-0.32305020093917847,False,-0.5588892102241516
66,0.5,tStelxIAHjw_8,-2.0,0.3163739740848541,-0.46628284454345703,-0.19910266995429993,False,-0.46628284454345703
66,0.5,tStelxIAHjw_9,-1.399999976158142,0.4672447443008423,-0.3345353901386261,-0.2996969521045685,False,-0.3345353901386261
66,0.5,tStelxIAHjw_10,-0.4000000059604645,-1.1415966749191284,-0.8936863541603088,-1.1415916681289673,False,-0.8936863541603088
66,0.5,tStelxIAHjw_11,-2.799999952316284,0.17909462749958038,-0.49063655734062195,-0.8296064734458923,True,-0.8296064734458923
66,0.5,tStelxIAHjw_12,-1.0,-0.932338535785675,-0.9411467909812927,-0.8606950640678406,False,-0.9411467909812927
66,0.5,tStelxIAHjw_13,-1.600000023841858,0.6049121022224426,-0.3136492967605591,-0.2467605173587799,False,-0.3136492967605591
66,0.5,tStelxIAHjw_14,-1.7999999523162842,0.5723955035209656,-0.06237557530403137,-0.6230993270874023,False,-0.06237557530403137
66,0.5,tStelxIAHjw_15,0.4000000059604645,0.13919681310653687,-0.474831223487854,-0.27261748909950256,True,-0.27261748909950256
66,0.5,tStelxIAHjw_16,0.800000011920929,0.4598858654499054,-0.3352392911911011,-0.24788829684257507,False,-0.3352392911911011
66,0.5,nbWiPyCm4g0_1,1.2000000476837158,1.9242477416992188,1.9242477416992188,2.241394281387329,False,1.9242477416992188
66,0.5,nbWiPyCm4g0_2,-2.4000000953674316,-0.349671870470047,0.13211095333099365,0.49846556782722473,False,0.13211095333099365
66,0.5,nbWiPyCm4g0_3,-1.7999999523162842,-0.2727249264717102,0.07978581637144089,0.4398437440395355,False,0.07978581637144089
66,0.5,nbWiPyCm4g0_4,-2.200000047683716,-0.2841183543205261,0.021796459332108498,0.4248920977115631,False,0.021796459332108498
66,0.5,nbWiPyCm4g0_5,-1.399999976158142,-0.6155479550361633,-0.8278958797454834,-0.5408527851104736,False,-0.8278958797454834
66,0.5,nbWiPyCm4g0_6,0.0,-0.4728226661682129,-0.8657496571540833,-0.4653237760066986,False,-0.8657496571540833
66,0.5,nbWiPyCm4g0_7,-1.2000000476837158,-0.29222217202186584,-0.7723281979560852,-0.5003628730773926,False,-0.7723281979560852
66,0.5,nbWiPyCm4g0_8,-2.200000047683716,-0.31043028831481934,-0.6799582242965698,-0.6495209336280823,False,-0.6799582242965698
66,0.5,nbWiPyCm4g0_9,-1.399999976158142,-0.48845168948173523,-1.0549545288085938,-0.5791404843330383,False,-1.0549545288085938
66,0.5,nbWiPyCm4g0_10,1.2000000476837158,-0.3667898178100586,-0.9768847227096558,-0.5036659836769104,False,-0.9768847227096558
66,0.5,etzxEpPuc6I_1,0.4000000059604645,-0.3756507635116577,-0.3756507635116577,-0.4431772232055664,False,-0.3756507635116577
66,0.5,etzxEpPuc6I_2,1.2000000476837158,-0.004180766176432371,-0.2922903001308441,-0.1528262197971344,True,-0.1528262197971344
66,0.5,etzxEpPuc6I_3,-1.600000023841858,0.26284417510032654,-0.40294045209884644,0.18223358690738678,False,-0.40294045209884644
66,0.5,etzxEpPuc6I_4,0.800000011920929,0.42323628067970276,0.06083974614739418,-0.33520302176475525,False,0.06083974614739418
66,0.5,etzxEpPuc6I_5,0.0,0.7812423706054688,0.5676084160804749,0.47933781147003174,False,0.5676084160804749
66,0.5,etzxEpPuc6I_6,0.4000000059604645,0.4341917634010315,0.41084402799606323,-0.05032096803188324,False,0.41084402799606323
66,0.5,etzxEpPuc6I_7,-1.2000000476837158,0.3624977767467499,-0.05266307294368744,0.32928845286369324,False,-0.05266307294368744
66,0.5,etzxEpPuc6I_8,-1.0,-0.4597679078578949,-0.4647901952266693,-0.543910562992096,False,-0.4647901952266693
66,0.5,etzxEpPuc6I_9,-2.799999952316284,-0.2893929183483124,-0.3637632727622986,-0.8321729898452759,False,-0.3637632727622986
66,0.5,etzxEpPuc6I_10,-1.399999976158142,0.772774875164032,-0.2006026804447174,0.16512733697891235,False,-0.2006026804447174
66,0.5,etzxEpPuc6I_11,-1.600000023841858,-0.8407289385795593,-0.3831055462360382,-0.8812255263328552,False,-0.3831055462360382
66,0.5,etzxEpPuc6I_12,0.6666666865348816,-0.04647904634475708,-0.66404789686203,-0.4585920572280884,True,-0.4585920572280884
66,0.5,etzxEpPuc6I_13,-2.200000047683716,0.0924164205789566,-0.6648203134536743,-0.3370055854320526,True,-0.3370055854320526
66,0.5,etzxEpPuc6I_14,-1.2000000476837158,-0.27850696444511414,-0.510450541973114,-0.47096118330955505,False,-0.510450541973114
66,0.5,etzxEpPuc6I_15,0.20000000298023224,0.5783820152282715,0.31979459524154663,0.24366062879562378,False,0.31979459524154663
66,0.5,etzxEpPuc6I_16,-2.4000000953674316,-0.927356481552124,-0.36002257466316223,-1.2225353717803955,False,-0.36002257466316223
66,0.5,etzxEpPuc6I_17,-0.4000000059604645,0.29629427194595337,0.11844764649868011,0.40066540241241455,False,0.11844764649868011
66,0.5,etzxEpPuc6I_18,1.399999976158142,1.6706677675247192,1.3811554908752441,1.4071547985076904,False,1.3811554908752441
66,0.5,etzxEpPuc6I_19,-0.5,1.0672633647918701,0.8233720064163208,1.0822426080703735,False,0.8233720064163208
66,0.5,v0zCBqDeKcE_1,2.5999999046325684,-0.22947898507118225,-0.22947898507118225,0.0704910084605217,True,0.0704910084605217
66,0.5,v0zCBqDeKcE_2,-0.4000000059604645,1.4311823844909668,1.238912582397461,1.0531812906265259,False,1.238912582397461
66,0.5,v0zCBqDeKcE_3,0.6000000238418579,1.161744236946106,0.9637970924377441,0.5093821883201599,False,0.9637970924377441
66,0.5,v0zCBqDeKcE_4,0.0,0.24611175060272217,0.11319666355848312,0.16679546236991882,True,0.16679546236991882
66,0.5,v0zCBqDeKcE_5,2.0,-0.3209710121154785,-0.5292753577232361,-0.33147186040878296,False,-0.5292753577232361
66,0.5,v0zCBqDeKcE_6,0.800000011920929,1.235624074935913,0.8195939064025879,1.08139169216156,False,0.8195939064025879
66,0.5,v0zCBqDeKcE_7,1.399999976158142,0.28242775797843933,-0.0034760362468659878,-0.1650093048810959,False,-0.0034760362468659878
66,0.5,v0zCBqDeKcE_8,1.7999999523162842,1.1836817264556885,0.7592624425888062,0.562285840511322,False,0.7592624425888062
66,0.5,v0zCBqDeKcE_9,1.7999999523162842,-0.025021586567163467,-0.32954880595207214,0.044249095022678375,True,0.044249095022678375
66,0.5,v0zCBqDeKcE_10,2.200000047683716,0.32060450315475464,-0.0986764058470726,-0.5144155621528625,False,-0.0986764058470726
66,0.5,v0zCBqDeKcE_11,1.600000023841858,-0.2365548312664032,-0.5092983841896057,-0.2382170706987381,True,-0.2382170706987381
66,0.5,v0zCBqDeKcE_12,-0.4000000059604645,-0.9866598844528198,-1.081097960472107,-0.9363294839859009,False,-1.081097960472107
66,0.5,v0zCBqDeKcE_13,1.7999999523162842,-0.37981006503105164,-0.9505161046981812,-0.5808065533638,False,-0.9505161046981812
66,0.5,v0zCBqDeKcE_14,1.5,-0.17382140457630157,-0.7524065375328064,-0.6708291172981262,True,-0.6708291172981262
66,0.5,v0zCBqDeKcE_15,2.4000000953674316,-0.13104407489299774,-0.7470850348472595,-0.5953333377838135,True,-0.5953333377838135
66,0.5,v0zCBqDeKcE_16,0.0,0.37029632925987244,0.03441090136766434,-0.4103235602378845,False,0.03441090136766434
66,0.5,f_pcplsH_V0_1,0.25,-0.03735767677426338,-0.03735767677426338,0.043675217777490616,True,0.043675217777490616
66,0.5,f_pcplsH_V0_2,1.399999976158142,1.5045801401138306,1.4372057914733887,1.5010672807693481,False,1.4372057914733887
66,0.5,f_pcplsH_V0_3,0.800000011920929,0.005433423910290003,0.16165009140968323,-0.08043409883975983,True,-0.08043409883975983
66,0.5,f_pcplsH_V0_4,0.5,0.11911612749099731,0.07229042053222656,0.08812062442302704,True,0.08812062442302704
66,0.5,f_pcplsH_V0_5,1.2000000476837158,1.2148938179016113,0.7430056929588318,-0.3329615294933319,False,0.7430056929588318
66,0.5,f_pcplsH_V0_6,1.600000023841858,0.7807191610336304,0.5165569186210632,0.058992136269807816,False,0.5165569186210632
66,0.5,f_pcplsH_V0_7,0.0,0.03730757161974907,-0.6573067903518677,-0.9624530076980591,True,-0.9624530076980591
66,0.5,f_pcplsH_V0_8,0.800000011920929,0.20625245571136475,-0.5335491895675659,-0.8680529594421387,True,-0.8680529594421387
66,0.5,f_pcplsH_V0_9,-2.4000000953674316,-0.27112963795661926,-0.7559942603111267,-1.0839155912399292,False,-0.7559942603111267
66,0.5,f_pcplsH_V0_10,1.2000000476837158,0.9873460531234741,0.4477085769176483,0.5092728734016418,False,0.4477085769176483
66,0.5,f_pcplsH_V0_11,-0.4000000059604645,-0.13550153374671936,-0.5338037610054016,-0.2063080221414566,True,-0.2063080221414566
66,0.5,f_pcplsH_V0_12,-0.800000011920929,-0.10181263834238052,-0.4076581299304962,-0.6778416037559509,True,-0.6778416037559509
66,0.5,f_pcplsH_V0_13,1.600000023841858,1.207802653312683,0.6350411176681519,0.6288806796073914,False,0.6350411176681519
66,0.5,f_pcplsH_V0_14,-1.0,-0.3362056016921997,-0.7083799839019775,-0.5700474977493286,False,-0.7083799839019775
66,0.5,f_pcplsH_V0_15,-1.0,-1.3316428661346436,-1.5436160564422607,-1.1893352270126343,False,-1.5436160564422607
66,0.5,tIrG4oNLFzE_1,2.799999952316284,1.9135828018188477,1.9135828018188477,2.422724723815918,False,1.9135828018188477
66,0.5,tIrG4oNLFzE_2,2.4000000953674316,1.559326410293579,1.5879220962524414,1.7671014070510864,False,1.5879220962524414
66,0.5,tIrG4oNLFzE_3,2.5999999046325684,0.34675073623657227,0.616760790348053,0.9309883713722229,False,0.616760790348053
66,0.5,tIrG4oNLFzE_4,1.399999976158142,0.09345201402902603,0.16093787550926208,-0.6621119379997253,True,-0.6621119379997253
66,0.5,tIrG4oNLFzE_5,0.4000000059604645,0.13367445766925812,-0.11121205985546112,0.05466081202030182,True,0.05466081202030182
66,0.5,tIrG4oNLFzE_6,1.25,1.4013948440551758,1.122788667678833,0.46083971858024597,False,1.122788667678833
66,0.5,tIrG4oNLFzE_7,-1.399999976158142,0.31594225764274597,0.19897551834583282,-0.4702772796154022,False,0.19897551834583282
66,0.5,tIrG4oNLFzE_8,-1.2000000476837158,-0.8187950253486633,-0.7287647128105164,-1.1497819423675537,False,-0.7287647128105164
66,0.5,tIrG4oNLFzE_9,-1.0,0.24819663166999817,-0.4085347354412079,-0.7006980776786804,True,-0.7006980776786804
66,0.5,tIrG4oNLFzE_10,-1.7999999523162842,-0.4868260324001312,-0.7122564911842346,-0.8864823579788208,False,-0.7122564911842346
66,0.5,tIrG4oNLFzE_11,-1.600000023841858,0.21624663472175598,-0.13997004926204681,-0.23893314599990845,True,-0.23893314599990845
66,0.5,tIrG4oNLFzE_12,-2.5999999046325684,-1.0940558910369873,-1.1937894821166992,-1.402549147605896,False,-1.1937894821166992
66,0.5,tIrG4oNLFzE_13,-2.0,0.14801008999347687,-0.701205849647522,-0.4478093087673187,True,-0.4478093087673187
66,0.5,tIrG4oNLFzE_14,-2.4000000953674316,0.2226262390613556,-0.5451523661613464,-0.0588301420211792,True,-0.0588301420211792
66,0.5,tIrG4oNLFzE_15,-2.0,1.2998366355895996,0.9457890391349792,0.4598448574542999,False,0.9457890391349792
66,0.5,tIrG4oNLFzE_16,-1.600000023841858,-0.4535144865512848,-0.4867890775203705,-0.6908209323883057,False,-0.4867890775203705
66,0.5,tIrG4oNLFzE_17,-0.4000000059604645,0.6133402585983276,0.3234649896621704,-0.4849432110786438,False,0.3234649896621704
66,0.5,tIrG4oNLFzE_18,-2.200000047683716,-0.45999616384506226,-0.5602388381958008,-0.8654209971427917,False,-0.5602388381958008
66,0.5,cM3Yna7AavY_1,2.200000047683716,0.10349493473768234,0.10349493473768234,0.15425927937030792,True,0.15425927937030792
66,0.5,cM3Yna7AavY_2,2.5,0.20783938467502594,-0.004298792686313391,0.043258264660835266,True,0.043258264660835266
66,0.5,cM3Yna7AavY_3,1.0,0.5558408498764038,0.5267516374588013,0.22976918518543243,False,0.5267516374588013
66,0.5,cM3Yna7AavY_4,0.6000000238418579,0.08984765410423279,-0.10873691737651825,0.18876796960830688,True,0.18876796960830688
66,0.5,cM3Yna7AavY_5,2.799999952316284,1.65072762966156,1.4745407104492188,1.721437931060791,False,1.4745407104492188
66,0.5,cM3Yna7AavY_6,2.799999952316284,1.8056312799453735,1.5634865760803223,1.8506616353988647,False,1.5634865760803223
66,0.5,cM3Yna7AavY_7,3.0,0.31287845969200134,0.4289048910140991,0.948016345500946,False,0.4289048910140991
66,0.5,cM3Yna7AavY_8,-0.6000000238418579,-0.9675400257110596,-0.6603484153747559,-0.6005806922912598,False,-0.6603484153747559
66,0.5,cM3Yna7AavY_9,-0.20000000298023224,-0.9808526635169983,-1.0105524063110352,-1.2324763536453247,False,-1.0105524063110352
66,0.5,cM3Yna7AavY_10,1.600000023841858,0.4711686074733734,-0.44770628213882446,-0.17508384585380554,False,-0.44770628213882446
66,0.5,cM3Yna7AavY_11,2.0,1.336480736732483,0.8981001973152161,0.77159583568573,False,0.8981001973152161
66,0.5,cM3Yna7AavY_12,-1.0,-0.9150621294975281,-0.9062997102737427,-0.96321040391922,False,-0.9062997102737427
66,0.5,cM3Yna7AavY_13,-1.600000023841858,-0.7119965553283691,-1.128805160522461,-0.8233047723770142,False,-1.128805160522461
66,0.5,cM3Yna7AavY_14,-2.5999999046325684,0.4139728248119354,-0.6243207454681396,-0.51096111536026,False,-0.6243207454681396
66,0.5,cM3Yna7AavY_15,-2.4000000953674316,-0.8674226403236389,-1.1083483695983887,-0.9631739258766174,False,-1.1083483695983887
66,0.5,cM3Yna7AavY_16,-2.799999952316284,-0.05916513502597809,-0.4212718904018402,-0.6670427918434143,True,-0.6670427918434143
66,0.5,lXPQBPVc5Cw_1,0.20000000298023224,1.4533214569091797,1.4533214569091797,1.737104892730713,False,1.4533214569091797
66,0.5,lXPQBPVc5Cw_2,-2.200000047683716,0.44903886318206787,0.5661986470222473,0.9642535448074341,False,0.5661986470222473
66,0.5,lXPQBPVc5Cw_3,-2.4000000953674316,-1.1212979555130005,-0.938844621181488,-1.1842988729476929,False,-0.938844621181488
66,0.5,lXPQBPVc5Cw_4,-1.2000000476837158,-0.7164918184280396,-0.6151326298713684,-0.9211891293525696,False,-0.6151326298713684
66,0.5,lXPQBPVc5Cw_5,-1.0,-0.5899798274040222,-1.0446423292160034,-0.9210550785064697,False,-1.0446423292160034
66,0.5,lXPQBPVc5Cw_6,-1.399999976158142,-0.9236238598823547,-1.254135251045227,-1.4159857034683228,False,-1.254135251045227
66,0.5,lXPQBPVc5Cw_7,-2.799999952316284,-0.2636737823486328,-1.0275815725326538,-0.6178373098373413,False,-1.0275815725326538
66,0.5,lXPQBPVc5Cw_8,2.5999999046325684,-0.28180962800979614,-1.0228193998336792,-0.618140697479248,False,-1.0228193998336792
66,0.5,lXPQBPVc5Cw_9,-2.5999999046325684,-0.5573220252990723,-0.973992109298706,-1.1024441719055176,False,-0.973992109298706
66,0.5,lXPQBPVc5Cw_10,-2.200000047683716,-1.0231776237487793,-1.2340693473815918,-1.3621535301208496,False,-1.2340693473815918
66,0.5,lXPQBPVc5Cw_11,-1.7999999523162842,-0.8494131565093994,-1.4078056812286377,-1.223724365234375,False,-1.4078056812286377
66,0.5,lXPQBPVc5Cw_12,-2.0,-1.1696460247039795,-1.4805010557174683,-1.4619781970977783,False,-1.4805010557174683
66,0.5,lXPQBPVc5Cw_13,2.799999952316284,1.191056489944458,0.5146128535270691,0.8389264345169067,False,0.5146128535270691
66,0.5,lXPQBPVc5Cw_14,-2.200000047683716,-0.7625942826271057,-0.8771647810935974,-0.9305956363677979,False,-0.8771647810935974
66,0.5,lXPQBPVc5Cw_15,-2.799999952316284,-1.287858009338379,-1.6408708095550537,-1.6850346326828003,False,-1.6408708095550537
66,0.5,lXPQBPVc5Cw_16,0.20000000298023224,0.11800295114517212,-0.4512922763824463,-1.038181185722351,True,-1.038181185722351
66,0.5,lXPQBPVc5Cw_17,-1.7999999523162842,1.5032916069030762,0.6602647304534912,0.5955703854560852,False,0.6602647304534912
66,0.5,lXPQBPVc5Cw_18,-1.399999976158142,-0.9077492356300354,-1.0529004335403442,-1.0646218061447144,False,-1.0529004335403442
66,0.5,lXPQBPVc5Cw_19,-1.7999999523162842,0.07963818311691284,-0.6345343589782715,-0.07457748800516129,True,-0.07457748800516129
66,0.5,lXPQBPVc5Cw_20,-1.7999999523162842,-0.15343260765075684,-0.5181263089179993,-1.0281020402908325,True,-1.0281020402908325
66,0.5,lXPQBPVc5Cw_21,1.7999999523162842,0.008606918156147003,-0.6902797222137451,-0.31256699562072754,True,-0.31256699562072754
66,0.5,lXPQBPVc5Cw_22,2.5999999046325684,-0.057220615446567535,-0.7115343809127808,-0.3197694718837738,True,-0.3197694718837738
66,0.5,lXPQBPVc5Cw_23,-2.4000000953674316,0.5935885310173035,-0.5363740921020508,-0.7435083389282227,False,-0.5363740921020508
66,0.5,lXPQBPVc5Cw_24,-1.399999976158142,-1.0305006504058838,-1.3822730779647827,-1.0245518684387207,False,-1.3822730779647827
66,0.5,lXPQBPVc5Cw_25,-2.4000000953674316,-0.11744806915521622,-0.775101363658905,-0.9928813576698303,True,-0.9928813576698303
66,0.5,lXPQBPVc5Cw_26,-2.799999952316284,0.15488335490226746,-0.7132713198661804,-0.3544965386390686,True,-0.3544965386390686
66,0.5,lXPQBPVc5Cw_27,-2.799999952316284,0.2414853721857071,-0.48618242144584656,-0.10536660254001617,True,-0.10536660254001617
66,0.5,lXPQBPVc5Cw_28,0.800000011920929,1.038692593574524,0.5102192163467407,-0.3437463343143463,False,0.5102192163467407
66,0.5,lXPQBPVc5Cw_29,-1.2000000476837158,-0.5684424638748169,-0.671508252620697,-0.9040638208389282,False,-0.671508252620697
66,0.5,lXPQBPVc5Cw_30,-2.0,-0.48115667700767517,-0.7465795874595642,-1.084686279296875,False,-0.7465795874595642
66,0.5,cXypl4FnoZo_1,1.0,0.5279613733291626,0.5279613733291626,0.6337324380874634,False,0.5279613733291626
66,0.5,cXypl4FnoZo_2,1.0,1.1685162782669067,1.1187061071395874,1.039261817932129,False,1.1187061071395874
66,0.5,cXypl4FnoZo_3,1.7999999523162842,0.2864270508289337,0.2145988494157791,0.42508214712142944,False,0.2145988494157791
66,0.5,cXypl4FnoZo_4,-0.800000011920929,0.36560115218162537,0.20957638323307037,-0.23895734548568726,False,0.20957638323307037
66,0.5,cXypl4FnoZo_5,1.7999999523162842,0.24434450268745422,0.07902037352323532,0.29029616713523865,True,0.29029616713523865
66,0.5,cXypl4FnoZo_6,-0.6000000238418579,0.8835093379020691,0.7063332200050354,0.1790095865726471,False,0.7063332200050354
66,0.5,cXypl4FnoZo_7,-1.0,-0.19322599470615387,-0.23679806292057037,-0.49384674429893494,True,-0.49384674429893494
66,0.5,cXypl4FnoZo_8,1.399999976158142,0.6721345782279968,0.37760958075523376,-0.42497941851615906,False,0.37760958075523376
66,0.5,cXypl4FnoZo_9,1.2000000476837158,0.8291036486625671,0.49288293719291687,-0.06929413974285126,False,0.49288293719291687
66,0.5,cXypl4FnoZo_10,2.0,1.770763874053955,1.3230458498001099,1.1646841764450073,False,1.3230458498001099
66,0.5,cXypl4FnoZo_11,1.399999976158142,0.11929493397474289,0.1073886901140213,0.3334245979785919,True,0.3334245979785919
66,0.5,cXypl4FnoZo_12,2.0,1.2579431533813477,1.087048053741455,1.0853018760681152,False,1.087048053741455
66,0.5,cXypl4FnoZo_13,-1.0,-0.3504098355770111,-0.4376140534877777,-0.7511224746704102,False,-0.4376140534877777
66,0.5,cXypl4FnoZo_14,-0.6000000238418579,0.3449265658855438,0.03873481974005699,-0.2571178078651428,False,0.03873481974005699
66,0.5,cXypl4FnoZo_15,0.0,0.11288908123970032,-0.18205320835113525,-0.5833649635314941,True,-0.5833649635314941
66,0.5,cXypl4FnoZo_16,-0.6000000238418579,0.1332697868347168,-0.374225914478302,-0.2477322816848755,True,-0.2477322816848755
66,0.5,cXypl4FnoZo_17,-0.6000000238418579,0.09841421246528625,-0.49467673897743225,-0.386770635843277,True,-0.386770635843277
66,0.5,cXypl4FnoZo_18,-0.25,0.26112663745880127,-0.40679019689559937,-0.32008978724479675,False,-0.40679019689559937
66,0.5,cXypl4FnoZo_19,0.800000011920929,0.8671451210975647,0.522635817527771,-0.07331042736768723,False,0.522635817527771
66,0.5,cXypl4FnoZo_20,-1.0,-0.23395076394081116,-0.43772852420806885,-0.8052471876144409,True,-0.8052471876144409
66,0.5,cXypl4FnoZo_21,-0.6000000238418579,0.4140654504299164,-0.32951149344444275,-0.7338516116142273,False,-0.32951149344444275
66,0.5,cXypl4FnoZo_22,0.20000000298023224,0.5699511170387268,-0.21484044194221497,-0.6281589865684509,False,-0.21484044194221497
66,0.5,cXypl4FnoZo_23,0.4000000059604645,1.125085711479187,0.6809753775596619,0.412041574716568,False,0.6809753775596619
66,0.5,cXypl4FnoZo_24,0.20000000298023224,0.49997612833976746,0.13808488845825195,-0.5295057892799377,False,0.13808488845825195
66,0.5,cXypl4FnoZo_25,-1.2000000476837158,-0.04673852026462555,-0.18026217818260193,-0.6003514528274536,True,-0.6003514528274536
66,0.5,cXypl4FnoZo_26,0.6000000238418579,0.25758323073387146,-0.2570069134235382,-0.10656251013278961,False,-0.2570069134235382
66,0.5,cXypl4FnoZo_27,0.800000011920929,0.3601769506931305,-0.16824395954608917,0.10028761625289917,False,-0.16824395954608917
66,0.5,cXypl4FnoZo_28,-2.200000047683716,-0.09077902138233185,-0.5580891966819763,-0.48892635107040405,True,-0.48892635107040405
66,0.5,cXypl4FnoZo_29,-1.399999976158142,0.3243139088153839,-0.3009978234767914,-0.3295186758041382,False,-0.3009978234767914
66,0.5,c7UH_rxdZv4_1,-2.799999952316284,-0.9736078977584839,-0.9736078977584839,-1.2725706100463867,False,-0.9736078977584839
66,0.5,c7UH_rxdZv4_2,-2.5999999046325684,-1.2241123914718628,-1.3705687522888184,-1.4662059545516968,False,-1.3705687522888184
66,0.5,c7UH_rxdZv4_3,-0.800000011920929,-0.014490241184830666,-0.7482503056526184,-0.2936810851097107,True,-0.2936810851097107
66,0.5,c7UH_rxdZv4_4,1.600000023841858,1.6602939367294312,1.1139895915985107,1.2917903661727905,False,1.1139895915985107
66,0.5,c7UH_rxdZv4_5,-2.200000047683716,0.8264865279197693,0.5594639182090759,-0.3441341519355774,False,0.5594639182090759
66,0.5,c7UH_rxdZv4_6,-2.5999999046325684,-0.07357646524906158,-0.19643785059452057,-0.2893168032169342,True,-0.2893168032169342
66,0.5,c7UH_rxdZv4_7,-3.0,-1.065213680267334,-0.9204641580581665,-1.3647923469543457,False,-0.9204641580581665
66,0.5,c7UH_rxdZv4_8,-2.799999952316284,-0.281800240278244,-0.8239431381225586,-1.0596550703048706,False,-0.8239431381225586
66,0.5,c7UH_rxdZv4_9,-0.4000000059604645,-0.0011142059229314327,-0.5680609941482544,-0.27189111709594727,True,-0.27189111709594727
66,0.5,c7UH_rxdZv4_10,0.800000011920929,0.06757403165102005,-0.20565371215343475,0.3281601369380951,True,0.3281601369380951
66,0.5,c7UH_rxdZv4_11,1.0,-0.3398621678352356,-0.8636118173599243,-0.6231890320777893,False,-0.8636118173599243
66,0.5,c7UH_rxdZv4_12,-2.799999952316284,-1.402030110359192,-1.3597736358642578,-1.3910025358200073,False,-1.3597736358642578
66,0.5,c7UH_rxdZv4_13,-2.5999999046325684,-0.7073628902435303,-0.9851584434509277,-1.117143988609314,False,-0.9851584434509277
66,0.5,c7UH_rxdZv4_14,1.2000000476837158,1.0835602283477783,0.6074274778366089,0.6009362936019897,False,0.6074274778366089
66,0.5,c7UH_rxdZv4_15,-2.4000000953674316,-1.277295470237732,-1.2173606157302856,-1.156596302986145,False,-1.2173606157302856
66,0.5,c7UH_rxdZv4_16,-2.0,0.06547630578279495,-0.5977511405944824,-0.6432436108589172,True,-0.6432436108589172
66,0.5,c7UH_rxdZv4_17,-1.399999976158142,0.38096141815185547,-0.3911058306694031,-0.5389705300331116,False,-0.3911058306694031
66,0.5,c7UH_rxdZv4_18,-2.25,-0.8923712372779846,-0.9136680960655212,-0.9663783311843872,False,-0.9136680960655212
66,0.5,c7UH_rxdZv4_19,-1.7999999523162842,-0.3670588433742523,-0.9941039681434631,-1.0477235317230225,False,-0.9941039681434631
66,0.5,c7UH_rxdZv4_20,-1.7999999523162842,-0.5079137682914734,-0.7687807083129883,-0.9044435620307922,False,-0.7687807083129883
66,0.5,c7UH_rxdZv4_21,-0.800000011920929,0.7300625443458557,0.1963937133550644,0.18658308684825897,False,0.1963937133550644
66,0.5,c7UH_rxdZv4_22,-2.4000000953674316,-0.7056863903999329,-0.785926103591919,-0.6669475436210632,False,-0.785926103591919
66,0.5,c7UH_rxdZv4_23,-0.6000000238418579,0.2666838467121124,-0.5503895282745361,-0.7184387445449829,False,-0.5503895282745361
66,0.5,c7UH_rxdZv4_24,-1.7999999523162842,-0.34471333026885986,-0.9196335673332214,-0.5156993269920349,False,-0.9196335673332214
66,0.5,c7UH_rxdZv4_25,0.0,1.345131278038025,0.699424684047699,0.8204359412193298,False,0.699424684047699
66,0.5,c7UH_rxdZv4_26,-2.5999999046325684,-0.41890770196914673,-0.6945006847381592,-0.903076708316803,False,-0.6945006847381592
66,0.5,c7UH_rxdZv4_27,-1.7999999523162842,0.4634009897708893,0.09093526005744934,-0.16423647105693817,False,0.09093526005744934
66,0.5,c7UH_rxdZv4_28,-0.800000011920929,-0.24500328302383423,-0.508418619632721,-1.0007755756378174,True,-1.0007755756378174
66,0.5,c7UH_rxdZv4_29,0.6000000238418579,0.9211002588272095,0.4690890610218048,0.594678521156311,False,0.4690890610218048
66,0.5,c7UH_rxdZv4_30,1.2000000476837158,-0.5167812705039978,-0.7293302416801453,-0.4621623754501343,False,-0.7293302416801453
66,0.5,c7UH_rxdZv4_31,-1.399999976158142,0.3975134789943695,-0.09887823462486267,0.2712835371494293,False,-0.09887823462486267
66,0.5,c7UH_rxdZv4_32,-2.200000047683716,-0.19391629099845886,-0.559592604637146,-0.34861329197883606,True,-0.34861329197883606
66,0.5,c7UH_rxdZv4_33,-1.7999999523162842,-1.0057368278503418,-1.0765001773834229,-1.0025712251663208,False,-1.0765001773834229
66,0.6,f9O3YtZ2VfI_1,-1.2000000476837158,0.3929401636123657,0.3929401636123657,-0.24751172959804535,False,0.3929401636123657
66,0.6,f9O3YtZ2VfI_2,1.25,0.7261462807655334,0.30552875995635986,0.9878813028335571,False,0.30552875995635986
66,0.6,f9O3YtZ2VfI_3,0.6000000238418579,0.5042620897293091,0.3225459158420563,-0.18698075413703918,False,0.3225459158420563
66,0.6,f9O3YtZ2VfI_4,-2.4000000953674316,0.2961151599884033,0.14367853105068207,-0.09452913701534271,False,0.14367853105068207
66,0.6,f9O3YtZ2VfI_5,-1.7999999523162842,0.7050430178642273,0.38682666420936584,-0.1067127138376236,False,0.38682666420936584
66,0.6,f9O3YtZ2VfI_6,-2.5999999046325684,0.4686807692050934,0.18552415072917938,-0.03464910015463829,False,0.18552415072917938
66,0.6,f9O3YtZ2VfI_7,-1.2000000476837158,-1.1332777738571167,-1.1487104892730713,-1.3871772289276123,False,-1.1487104892730713
66,0.6,f9O3YtZ2VfI_8,-1.7999999523162842,-1.1577823162078857,-1.2739593982696533,-1.15322744846344,False,-1.2739593982696533
66,0.6,f9O3YtZ2VfI_9,-2.200000047683716,0.8685293793678284,-0.012963132932782173,-0.5504233241081238,False,-0.012963132932782173
66,0.6,f9O3YtZ2VfI_10,-2.0,0.9154802560806274,0.1781662106513977,0.5372511744499207,False,0.1781662106513977
66,0.6,f9O3YtZ2VfI_11,-0.800000011920929,0.9446133375167847,0.23202350735664368,-0.4575444757938385,False,0.23202350735664368
66,0.6,f9O3YtZ2VfI_12,-1.7999999523162842,0.9409587979316711,0.34455618262290955,0.6980990767478943,False,0.34455618262290955
66,0.6,f9O3YtZ2VfI_13,-1.600000023841858,0.652743935585022,0.013739552348852158,-0.6148425340652466,False,0.013739552348852158
66,0.6,f9O3YtZ2VfI_14,1.2000000476837158,0.7331796884536743,0.06162615120410919,-0.5366573929786682,False,0.06162615120410919
66,0.6,f9O3YtZ2VfI_15,-1.2000000476837158,0.47385233640670776,-0.16873228549957275,-0.6762844324111938,False,-0.16873228549957275
66,0.6,f9O3YtZ2VfI_16,-1.0,0.25537174940109253,-0.37551772594451904,-0.3965371251106262,False,-0.37551772594451904
66,0.6,f9O3YtZ2VfI_17,-2.0,0.2403881698846817,-0.4409295320510864,-0.502089262008667,True,-0.502089262008667
66,0.6,f9O3YtZ2VfI_18,-1.0,-1.1688565015792847,-1.2749725580215454,-0.8185113072395325,False,-1.2749725580215454
66,0.6,f9O3YtZ2VfI_19,-0.6000000238418579,-0.12884625792503357,-0.83447265625,-0.8288031816482544,True,-0.8288031816482544
66,0.6,f9O3YtZ2VfI_20,-0.4000000059604645,-0.8014902472496033,-1.1452885866165161,-1.2489608526229858,False,-1.1452885866165161
66,0.6,f9O3YtZ2VfI_21,2.0,1.6942732334136963,1.299414873123169,2.054713249206543,False,1.299414873123169
66,0.6,f9O3YtZ2VfI_22,1.399999976158142,1.674954891204834,1.3586878776550293,2.1356308460235596,False,1.3586878776550293
66,0.6,f9O3YtZ2VfI_23,1.600000023841858,1.4104502201080322,1.23445725440979,2.007248640060425,False,1.23445725440979
66,0.6,f9O3YtZ2VfI_24,-2.5999999046325684,-1.4518734216690063,-1.0793503522872925,-0.6823491454124451,False,-1.0793503522872925
66,0.6,f9O3YtZ2VfI_25,-1.399999976158142,0.6384978890419006,-0.04062177985906601,0.5768795609474182,False,-0.04062177985906601
66,0.6,f9O3YtZ2VfI_26,1.399999976158142,0.7718799710273743,0.18805661797523499,-0.3352336585521698,False,0.18805661797523499
66,0.6,f9O3YtZ2VfI_27,1.600000023841858,1.6859663724899292,1.3820042610168457,2.1220810413360596,False,1.3820042610168457
66,0.6,f9O3YtZ2VfI_28,1.2000000476837158,0.7538432478904724,0.8316166996955872,0.4851176142692566,False,0.8316166996955872
66,0.6,f9O3YtZ2VfI_29,-2.0,0.06215595453977585,0.3689497411251068,0.2673391103744507,True,0.2673391103744507
66,0.6,f9O3YtZ2VfI_30,-1.0,-1.7034982442855835,-1.446982979774475,-1.2947920560836792,False,-1.446982979774475
66,0.6,wMbj6ajWbic_1,0.5,0.7797458171844482,0.7797458171844482,1.4415721893310547,False,0.7797458171844482
66,0.6,wMbj6ajWbic_2,-0.800000011920929,0.20879796147346497,0.15656635165214539,-0.3209972679615021,True,-0.3209972679615021
66,0.6,wMbj6ajWbic_3,0.0,0.09726768732070923,-0.20459875464439392,1.1279348134994507,True,1.1279348134994507
66,0.6,wMbj6ajWbic_4,1.0,0.22081275284290314,-0.24155400693416595,-0.008454011753201485,True,-0.008454011753201485
66,0.6,wMbj6ajWbic_5,0.20000000298023224,0.5999835729598999,-0.2497502863407135,1.050382375717163,False,-0.2497502863407135
66,0.6,wMbj6ajWbic_6,1.7999999523162842,0.785089373588562,0.38142743706703186,1.5285252332687378,False,0.38142743706703186
66,0.6,wMbj6ajWbic_7,-1.2000000476837158,-0.21070563793182373,-0.49094781279563904,-0.3557383120059967,True,-0.3557383120059967
66,0.6,wMbj6ajWbic_8,-0.20000000298023224,-0.22829943895339966,-0.5363844633102417,-0.34011659026145935,True,-0.34011659026145935
66,0.6,wMbj6ajWbic_9,-2.0,-1.5496255159378052,-1.6615251302719116,-1.678218126296997,False,-1.6615251302719116
66,0.6,wMbj6ajWbic_10,-1.7999999523162842,1.072749137878418,-0.4491364359855652,0.12015388906002045,False,-0.4491364359855652
66,0.6,wMbj6ajWbic_11,0.4000000059604645,-1.6886241436004639,-1.9816772937774658,-1.6931731700897217,False,-1.9816772937774658
66,0.6,wMbj6ajWbic_12,1.600000023841858,1.2972172498703003,0.6786981821060181,1.483722448348999,False,0.6786981821060181
66,0.6,wMbj6ajWbic_13,2.0,0.9405040740966797,0.5426121354103088,1.0058649778366089,False,0.5426121354103088
66,0.6,wMbj6ajWbic_14,-0.800000011920929,-1.0519558191299438,-1.185267686843872,-0.9062154293060303,False,-1.185267686843872
66,0.6,wMbj6ajWbic_15,2.0,0.19016145169734955,-1.0919110774993896,-0.2609296441078186,True,-0.2609296441078186
66,0.6,wMbj6ajWbic_16,-0.4000000059604645,-0.9680883884429932,-1.4147247076034546,-1.0374170541763306,False,-1.4147247076034546
66,0.6,wMbj6ajWbic_17,2.0,0.08919306844472885,-1.0958889722824097,-0.9934740662574768,True,-0.9934740662574768
66,0.6,wMbj6ajWbic_18,-1.0,0.49840474128723145,-0.21002446115016937,0.659026026725769,False,-0.21002446115016937
66,0.6,wMbj6ajWbic_19,-0.6000000238418579,-0.27655795216560364,-1.1522074937820435,-0.9918020367622375,False,-1.1522074937820435
66,0.6,wMbj6ajWbic_20,-0.4000000059604645,0.5222916007041931,-0.5254349112510681,-0.6526913642883301,False,-0.5254349112510681
66,0.6,wMbj6ajWbic_21,1.600000023841858,0.7672685384750366,-0.43533116579055786,0.2308267205953598,False,-0.43533116579055786
66,0.6,wMbj6ajWbic_22,1.399999976158142,0.65495765209198,-0.5005364418029785,0.2215212732553482,False,-0.5005364418029785
66,0.6,wMbj6ajWbic_23,1.7999999523162842,0.43765538930892944,-0.48605167865753174,-0.7492035031318665,False,-0.48605167865753174
66,0.6,wMbj6ajWbic_24,1.399999976158142,1.6342253684997559,1.1527783870697021,1.9561558961868286,False,1.1527783870697021
66,0.6,wMbj6ajWbic_25,2.0,0.24760045111179352,0.47947290539741516,0.2824413478374481,True,0.2824413478374481
66,0.6,wMbj6ajWbic_26,1.7999999523162842,0.724660336971283,0.530758261680603,1.2706702947616577,False,0.530758261680603
66,0.6,wMbj6ajWbic_27,0.0,-0.2472732663154602,-0.2683495283126831,-0.6530448794364929,True,-0.6530448794364929
66,0.6,wMbj6ajWbic_28,2.4000000953674316,0.920591413974762,0.17581011354923248,0.7755886912345886,False,0.17581011354923248
66,0.6,wMbj6ajWbic_29,1.7999999523162842,1.6780729293823242,1.3272486925125122,2.1009697914123535,False,1.3272486925125122
66,0.6,wMbj6ajWbic_30,0.800000011920929,1.4122841358184814,1.3407009840011597,1.6311688423156738,False,1.3407009840011597
66,0.6,vvZ4IcEtiZc_1,2.0,0.9865503311157227,0.9865503311157227,0.5707303285598755,False,0.9865503311157227
66,0.6,vvZ4IcEtiZc_2,2.4000000953674316,1.876704454421997,1.7065138816833496,2.354221820831299,False,1.7065138816833496
66,0.6,vvZ4IcEtiZc_3,1.399999976158142,-0.8134354948997498,-0.4536973536014557,-0.6042358875274658,False,-0.4536973536014557
66,0.6,vvZ4IcEtiZc_4,2.200000047683716,1.5775269269943237,1.448532223701477,1.7735698223114014,False,1.448532223701477
66,0.6,vvZ4IcEtiZc_5,1.2000000476837158,1.189160943031311,1.1954549551010132,0.9714785814285278,False,1.1954549551010132
66,0.6,vvZ4IcEtiZc_6,1.0,0.27436912059783936,0.5566288232803345,1.1941194534301758,False,0.5566288232803345
66,0.6,vvZ4IcEtiZc_7,1.399999976158142,1.2056156396865845,1.1102094650268555,0.9176978468894958,False,1.1102094650268555
66,0.6,vvZ4IcEtiZc_8,-1.5,-1.343219518661499,-0.8192264437675476,-0.5868916511535645,False,-0.8192264437675476
66,0.6,vvZ4IcEtiZc_9,2.200000047683716,1.4449406862258911,1.2568960189819336,1.9845316410064697,False,1.2568960189819336
66,0.6,vvZ4IcEtiZc_10,-2.0,-0.763995885848999,-0.5535605549812317,-0.8176566362380981,False,-0.5535605549812317
66,0.6,vvZ4IcEtiZc_11,1.600000023841858,0.12154464423656464,0.08602351695299149,-0.030604751780629158,True,-0.030604751780629158
66,0.6,vvZ4IcEtiZc_12,0.20000000298023224,-0.270264208316803,-0.14708921313285828,0.3492143154144287,False,-0.14708921313285828
66,0.6,d3_k5Xpfmik_1,2.0,1.5550692081451416,1.5550692081451416,2.318270683288574,False,1.5550692081451416
66,0.6,d3_k5Xpfmik_2,0.0,0.6980451345443726,1.0266706943511963,0.760567307472229,False,1.0266706943511963
66,0.6,d3_k5Xpfmik_3,2.0,0.7610761523246765,0.9387357831001282,1.3696835041046143,False,0.9387357831001282
66,0.6,d3_k5Xpfmik_4,-1.0,-1.500628113746643,-1.023864984512329,-1.2583894729614258,False,-1.023864984512329
66,0.6,d3_k5Xpfmik_5,2.200000047683716,0.5121647119522095,0.1764346808195114,-0.5836920142173767,False,0.1764346808195114
66,0.6,d3_k5Xpfmik_6,1.600000023841858,0.5247793793678284,0.1580818146467209,-0.644488513469696,False,0.1580818146467209
66,0.6,d3_k5Xpfmik_7,0.4000000059604645,0.5110073685646057,0.10875088721513748,-0.47986558079719543,False,0.10875088721513748
66,0.6,d3_k5Xpfmik_8,2.200000047683716,0.6356521844863892,0.35088521242141724,0.02281363494694233,False,0.35088521242141724
66,0.6,d3_k5Xpfmik_9,1.399999976158142,0.46070483326911926,0.23448187112808228,1.0579382181167603,False,0.23448187112808228
66,0.6,d3_k5Xpfmik_10,0.4000000059604645,0.34497761726379395,0.24987998604774475,0.7591034770011902,False,0.24987998604774475
66,0.6,d3_k5Xpfmik_11,2.4000000953674316,1.3021239042282104,1.1688944101333618,1.2716898918151855,False,1.1688944101333618
66,0.6,d3_k5Xpfmik_12,2.0,0.9662895798683167,0.5000343322753906,1.185485601425171,False,0.5000343322753906
66,0.6,d3_k5Xpfmik_13,2.200000047683716,1.5091872215270996,1.2485384941101074,1.8394025564193726,False,1.2485384941101074
66,0.6,d3_k5Xpfmik_14,2.0,-0.20350970327854156,-0.017838018015027046,0.4083259105682373,True,0.4083259105682373
66,0.6,d3_k5Xpfmik_15,2.5999999046325684,0.5506862998008728,0.07936904579401016,-0.31846800446510315,False,0.07936904579401016
66,0.6,d3_k5Xpfmik_16,2.0,1.775095820426941,1.5858584642410278,1.8909133672714233,False,1.5858584642410278
66,0.6,d3_k5Xpfmik_17,1.600000023841858,0.5930479764938354,0.9774231910705566,0.6670727133750916,False,0.9774231910705566
66,0.6,d3_k5Xpfmik_18,0.800000011920929,1.0629884004592896,1.159895658493042,1.4793797731399536,False,1.159895658493042
66,0.6,d3_k5Xpfmik_19,0.20000000298023224,0.6302007436752319,0.912482738494873,1.3823436498641968,False,0.912482738494873
66,0.6,vyB00TXsimI_1,0.0,1.041409969329834,1.041409969329834,1.8567616939544678,False,1.041409969329834
66,0.6,vyB00TXsimI_2,-2.4000000953674316,-1.213124394416809,-0.929028332233429,-0.08238153904676437,False,-0.929028332233429
66,0.6,vyB00TXsimI_3,2.200000047683716,0.1680074781179428,-0.5244017243385315,-0.7410500645637512,True,-0.7410500645637512
66,0.6,vyB00TXsimI_4,1.7999999523162842,0.8023962378501892,0.13168759644031525,-0.47201743721961975,False,0.13168759644031525
66,0.6,vyB00TXsimI_5,1.7999999523162842,0.49826765060424805,-0.10217388719320297,-0.24044014513492584,False,-0.10217388719320297
66,0.6,vyB00TXsimI_6,2.0,1.0534106492996216,0.7378310561180115,1.8807131052017212,False,0.7378310561180115
66,0.6,vyB00TXsimI_7,2.4000000953674316,1.8007984161376953,1.466770052909851,2.1850473880767822,False,1.466770052909851
66,0.6,vyB00TXsimI_8,2.5999999046325684,1.5666844844818115,1.3544529676437378,2.0761780738830566,False,1.3544529676437378
66,0.6,vyB00TXsimI_9,-0.25,0.22638943791389465,0.7061172723770142,0.31699201464653015,True,0.31699201464653015
66,0.6,vyB00TXsimI_10,1.3333333730697632,0.35937735438346863,0.7581108212471008,0.5129849314689636,False,0.7581108212471008
66,0.6,vyB00TXsimI_11,-0.20000000298023224,0.6642923355102539,0.9781865477561951,0.6579282283782959,False,0.9781865477561951
66,0.6,vyB00TXsimI_12,0.20000000298023224,0.8568347096443176,0.8324773907661438,0.7246971726417542,False,0.8324773907661438
66,0.6,vyB00TXsimI_13,2.4000000953674316,0.1078835278749466,0.4981587529182434,0.03399800509214401,True,0.03399800509214401
66,0.6,vyB00TXsimI_14,2.0,1.5964232683181763,1.2333812713623047,2.0667545795440674,False,1.2333812713623047
66,0.6,vyB00TXsimI_15,2.5999999046325684,0.647922158241272,0.7825454473495483,1.2191007137298584,False,0.7825454473495483
66,0.6,vyB00TXsimI_16,0.4000000059604645,0.11249392479658127,0.15431028604507446,0.6750863194465637,True,0.6750863194465637
66,0.6,vyB00TXsimI_17,1.399999976158142,1.4026682376861572,0.9660058617591858,1.9035478830337524,False,0.9660058617591858
66,0.6,vyB00TXsimI_18,2.4000000953674316,1.733611822128296,1.573915958404541,1.8568731546401978,False,1.573915958404541
66,0.6,vyB00TXsimI_19,1.2000000476837158,0.40114471316337585,0.7927078008651733,1.2647513151168823,False,0.7927078008651733
66,0.6,vyB00TXsimI_20,2.200000047683716,1.5237091779708862,1.4099942445755005,1.6893478631973267,False,1.4099942445755005
66,0.6,vyB00TXsimI_21,1.2000000476837158,1.421600103378296,1.3419551849365234,1.7170275449752808,False,1.3419551849365234
66,0.6,vyB00TXsimI_22,0.6000000238418579,0.43345046043395996,0.8991802930831909,0.3978520631790161,False,0.8991802930831909
66,0.6,fvVhgmXxadc_1,-0.4000000059604645,0.4357137978076935,0.4357137978076935,0.4183798134326935,False,0.4357137978076935
66,0.6,fvVhgmXxadc_2,-2.799999952316284,-1.879246473312378,-1.9185121059417725,-1.7738261222839355,False,-1.9185121059417725
66,0.6,fvVhgmXxadc_3,-2.200000047683716,-1.2622032165527344,-1.6574040651321411,-1.5595269203186035,False,-1.6574040651321411
66,0.6,fvVhgmXxadc_4,-2.799999952316284,-1.392140507698059,-1.8229426145553589,-1.5298852920532227,False,-1.8229426145553589
66,0.6,fvVhgmXxadc_5,0.0,0.42285415530204773,-0.7636125683784485,-0.8878488540649414,False,-0.7636125683784485
66,0.6,fvVhgmXxadc_6,-0.20000000298023224,-1.6985251903533936,-2.0459160804748535,-1.7396950721740723,False,-2.0459160804748535
66,0.6,fvVhgmXxadc_7,-1.0,0.15985509753227234,-0.9925068616867065,-1.074286937713623,True,-1.074286937713623
66,0.6,fvVhgmXxadc_8,-0.5,0.623770534992218,-0.6018131375312805,-0.7805716395378113,False,-0.6018131375312805
66,0.6,fvVhgmXxadc_9,-0.4000000059604645,-0.41399312019348145,-0.9659216403961182,-0.607664942741394,False,-0.9659216403961182
66,0.6,fvVhgmXxadc_10,0.0,0.3281278908252716,-0.734965443611145,-0.8925781846046448,False,-0.734965443611145
66,0.6,fvVhgmXxadc_11,-0.20000000298023224,0.3104613721370697,-0.9973465800285339,-0.3142198920249939,False,-0.9973465800285339
66,0.6,fvVhgmXxadc_12,0.0,0.42259541153907776,-0.650534451007843,-0.8081845641136169,False,-0.650534451007843
66,0.6,fvVhgmXxadc_13,0.20000000298023224,-0.6060510277748108,-1.1313666105270386,-0.8677292466163635,False,-1.1313666105270386
66,0.6,fvVhgmXxadc_14,0.0,0.3629312813282013,-0.934868335723877,-0.34346476197242737,False,-0.934868335723877
66,0.6,ob23OKe5a9Q_1,1.2000000476837158,1.7634965181350708,1.7634965181350708,2.5832107067108154,False,1.7634965181350708
66,0.6,ob23OKe5a9Q_2,1.0,-0.015975048765540123,0.5928409695625305,0.12030941247940063,True,0.12030941247940063
66,0.6,ob23OKe5a9Q_3,-1.2000000476837158,0.2806522846221924,0.7169554233551025,0.3514634668827057,False,0.7169554233551025
66,0.6,ob23OKe5a9Q_4,-1.5,0.08528824150562286,0.34328800439834595,1.0462770462036133,True,1.0462770462036133
66,0.6,ob23OKe5a9Q_5,-1.7999999523162842,-1.8528143167495728,-1.6742053031921387,-1.368694543838501,False,-1.6742053031921387
66,0.6,ob23OKe5a9Q_6,0.0,-1.6231545209884644,-1.9706611633300781,-1.5382999181747437,False,-1.9706611633300781
66,0.6,ob23OKe5a9Q_7,0.6000000238418579,1.6532419919967651,1.1120351552963257,2.0855305194854736,False,1.1120351552963257
66,0.6,ob23OKe5a9Q_8,0.6000000238418579,1.5499781370162964,1.3193923234939575,1.6887396574020386,False,1.3193923234939575
66,0.6,ob23OKe5a9Q_9,-1.399999976158142,0.35999351739883423,0.8152592182159424,0.41626250743865967,False,0.8152592182159424
66,0.6,ob23OKe5a9Q_10,1.25,0.9762467741966248,1.2035194635391235,0.7721336483955383,False,1.2035194635391235
66,0.6,ob23OKe5a9Q_11,0.800000011920929,1.4797284603118896,1.3807004690170288,1.7290959358215332,False,1.3807004690170288
66,0.6,ob23OKe5a9Q_12,2.799999952316284,0.3176237940788269,0.8166412115097046,0.6727939248085022,False,0.8166412115097046
66,0.6,ob23OKe5a9Q_13,1.25,-0.30148249864578247,0.46460893750190735,0.16294686496257782,False,0.46460893750190735
66,0.6,ob23OKe5a9Q_14,0.800000011920929,0.22236226499080658,0.5996936559677124,0.3653465509414673,True,0.3653465509414673
66,0.6,zhpQhgha_KU_1,-1.600000023841858,-0.3335225284099579,-0.3335225284099579,-0.48872679471969604,False,-0.3335225284099579
66,0.6,zhpQhgha_KU_2,1.600000023841858,1.5843312740325928,1.5209190845489502,1.8638477325439453,False,1.5209190845489502
66,0.6,zhpQhgha_KU_3,-1.600000023841858,0.12242009490728378,0.5405698418617249,0.416368693113327,True,0.416368693113327
66,0.6,zhpQhgha_KU_4,-1.600000023841858,-1.2123159170150757,-1.0927585363388062,-1.3170263767242432,False,-1.0927585363388062
66,0.6,zhpQhgha_KU_5,-2.200000047683716,0.6656345129013062,0.166785329580307,-0.3155248761177063,False,0.166785329580307
66,0.6,zhpQhgha_KU_6,1.0,0.8538048267364502,0.41188594698905945,-0.15414665639400482,False,0.41188594698905945
66,0.6,zhpQhgha_KU_7,1.0,0.8206241726875305,0.4066489338874817,0.9192485809326172,False,0.4066489338874817
66,0.6,zhpQhgha_KU_8,-1.0,0.3580962121486664,0.045345209538936615,0.6881384253501892,False,0.045345209538936615
66,0.6,zhpQhgha_KU_9,-1.0,-1.7755049467086792,-1.438542366027832,-1.3074005842208862,False,-1.438542366027832
66,0.6,zhpQhgha_KU_10,0.6000000238418579,0.40411439538002014,0.08730269223451614,0.8659873008728027,False,0.08730269223451614
66,0.6,zhpQhgha_KU_11,-2.4000000953674316,-1.8580384254455566,-1.6813628673553467,-1.3139880895614624,False,-1.6813628673553467
66,0.6,zhpQhgha_KU_12,-1.399999976158142,-1.6579922437667847,-1.7206196784973145,-1.4470579624176025,False,-1.7206196784973145
66,0.6,zhpQhgha_KU_13,-1.0,-1.260980486869812,-1.433255672454834,-1.195866584777832,False,-1.433255672454834
66,0.6,zhpQhgha_KU_14,-1.5,0.6851609945297241,-0.46929416060447693,-0.8089510202407837,False,-0.46929416060447693
66,0.6,zhpQhgha_KU_15,-2.0,0.4745328426361084,-0.6892533898353577,-0.9480366110801697,False,-0.6892533898353577
66,0.6,zhpQhgha_KU_16,1.7999999523162842,0.7035698294639587,-0.5257861018180847,0.034507736563682556,False,-0.5257861018180847
66,0.6,zhpQhgha_KU_17,1.75,0.8326798677444458,-0.3585878610610962,0.10672590136528015,False,-0.3585878610610962
66,0.6,zhpQhgha_KU_18,0.6000000238418579,0.7432240843772888,-0.4245598614215851,0.10904175043106079,False,-0.4245598614215851
66,0.6,zhpQhgha_KU_19,-0.800000011920929,-0.6104391813278198,-0.8035046458244324,-0.41368550062179565,False,-0.8035046458244324
66,0.6,zhpQhgha_KU_20,-1.399999976158142,0.8297155499458313,-0.3710678219795227,0.08007322996854782,False,-0.3710678219795227
66,0.6,zhpQhgha_KU_21,0.6000000238418579,-0.06352565437555313,-0.4570702612400055,-0.7868390083312988,True,-0.7868390083312988
66,0.6,zhpQhgha_KU_22,0.6000000238418579,0.7335328459739685,-0.007026750594377518,0.38354989886283875,False,-0.007026750594377518
66,0.6,zhpQhgha_KU_23,-0.5,0.5282287001609802,-0.16857260465621948,-0.7450361847877502,False,-0.16857260465621948
66,0.6,zhpQhgha_KU_24,0.0,0.7598366737365723,0.12591886520385742,-0.1021280363202095,False,0.12591886520385742
66,0.6,zhpQhgha_KU_25,1.0,0.3767165243625641,0.15698516368865967,1.125855565071106,False,0.15698516368865967
66,0.6,zhpQhgha_KU_26,0.0,-1.375488042831421,-1.1024490594863892,-0.8454160690307617,False,-1.1024490594863892
66,0.6,zhpQhgha_KU_27,0.800000011920929,0.792987585067749,-0.123759426176548,-0.57846599817276,False,-0.123759426176548
66,0.6,zhpQhgha_KU_28,1.399999976158142,1.2758241891860962,1.0226858854293823,1.2507238388061523,False,1.0226858854293823
66,0.6,zhpQhgha_KU_29,-1.2000000476837158,0.21354347467422485,0.4781797230243683,0.21085429191589355,True,0.21085429191589355
66,0.6,zhpQhgha_KU_30,-2.0,-1.6312525272369385,-1.4109514951705933,-1.3678632974624634,False,-1.4109514951705933
66,0.6,zhpQhgha_KU_31,-1.0,0.4222542941570282,-0.2733388841152191,-0.2910007834434509,False,-0.2733388841152191
66,0.6,zhpQhgha_KU_32,0.800000011920929,0.5470663905143738,0.16654591262340546,0.6034268140792847,False,0.16654591262340546
66,0.6,zhpQhgha_KU_33,-0.4000000059604645,0.3432767689228058,0.1087871566414833,0.17038767039775848,False,0.1087871566414833
66,0.6,zhpQhgha_KU_34,1.2000000476837158,1.8012616634368896,1.4673779010772705,2.1961121559143066,False,1.4673779010772705
66,0.6,zhpQhgha_KU_35,0.6000000238418579,0.32404884696006775,0.7285900115966797,1.2446041107177734,False,0.7285900115966797
66,0.6,phBUpBr1hSo_1,1.399999976158142,1.6778411865234375,1.6778411865234375,2.062765121459961,False,1.6778411865234375
66,0.6,phBUpBr1hSo_2,2.200000047683716,1.0058032274246216,1.2551900148391724,1.5432900190353394,False,1.2551900148391724
66,0.6,phBUpBr1hSo_3,2.799999952316284,0.4353792071342468,0.9186131954193115,1.337403416633606,False,0.9186131954193115
66,0.6,phBUpBr1hSo_4,-0.800000011920929,-1.170663595199585,-0.6853362321853638,-0.7195374369621277,False,-0.6853362321853638
66,0.6,phBUpBr1hSo_5,-1.399999976158142,0.5446814894676208,0.11059784889221191,0.11287621408700943,False,0.11059784889221191
66,0.6,phBUpBr1hSo_6,1.600000023841858,1.1989449262619019,0.9462764859199524,1.8394306898117065,False,0.9462764859199524
66,0.6,phBUpBr1hSo_7,-1.0,1.0694202184677124,0.9150846600532532,0.6938754916191101,False,0.9150846600532532
66,0.6,phBUpBr1hSo_8,-2.200000047683716,0.49386513233184814,0.514752209186554,1.2146596908569336,False,0.514752209186554
66,0.6,phBUpBr1hSo_9,-2.0,-0.4709066152572632,-0.42583757638931274,-0.4528183341026306,False,-0.42583757638931274
66,0.6,phBUpBr1hSo_10,-1.399999976158142,1.0888078212738037,0.11612748354673386,-0.14890755712985992,False,0.11612748354673386
66,0.6,phBUpBr1hSo_11,2.0,1.3470550775527954,1.0789004564285278,1.8773903846740723,False,1.0789004564285278
66,0.6,phBUpBr1hSo_12,1.7999999523162842,0.333711713552475,0.4533967077732086,1.1471302509307861,False,0.4533967077732086
66,0.6,phBUpBr1hSo_13,0.800000011920929,0.832784116268158,0.7445994019508362,0.7822588086128235,False,0.7445994019508362
66,0.6,phBUpBr1hSo_14,-1.2000000476837158,1.0192925930023193,0.7469556927680969,0.5072005987167358,False,0.7469556927680969
66,0.6,phBUpBr1hSo_15,-2.200000047683716,-0.4842674136161804,-0.4585006535053253,-0.9474145770072937,False,-0.4585006535053253
66,0.6,phBUpBr1hSo_16,-1.600000023841858,0.5638366937637329,-0.31347423791885376,0.5089626908302307,False,-0.31347423791885376
66,0.6,phBUpBr1hSo_17,2.0,0.8420984148979187,0.5217557549476624,0.41651466488838196,False,0.5217557549476624
66,0.6,phBUpBr1hSo_18,0.800000011920929,1.0348691940307617,0.7941862344741821,1.7093572616577148,False,0.7941862344741821
66,0.6,phBUpBr1hSo_19,2.0,1.3504202365875244,1.105408787727356,1.972228765487671,False,1.105408787727356
66,0.6,phBUpBr1hSo_20,-1.25,0.4815419912338257,0.5625720620155334,1.2692782878875732,False,0.5625720620155334
66,0.6,phBUpBr1hSo_21,0.800000011920929,-0.035065777599811554,0.05389310419559479,1.2854459285736084,True,1.2854459285736084
66,0.6,yDtzw_Y-7RU_1,0.800000011920929,0.015359698794782162,0.015359698794782162,-0.650162935256958,True,-0.650162935256958
66,0.6,yDtzw_Y-7RU_2,0.800000011920929,-0.8813467621803284,-1.0564085245132446,-0.7903420329093933,False,-1.0564085245132446
66,0.6,yDtzw_Y-7RU_3,0.75,0.5938659310340881,-0.4563639760017395,-0.5473554730415344,False,-0.4563639760017395
66,0.6,yDtzw_Y-7RU_4,-1.0,0.6995412707328796,-0.6746900677680969,0.028508707880973816,False,-0.6746900677680969
66,0.6,yDtzw_Y-7RU_5,0.5,0.515657365322113,-0.4905851483345032,-0.4312658905982971,False,-0.4905851483345032
66,0.6,yDtzw_Y-7RU_6,-1.2000000476837158,0.7414736747741699,-0.2502891421318054,-0.3808693587779999,False,-0.2502891421318054
66,0.6,yDtzw_Y-7RU_7,-0.20000000298023224,0.58444744348526,-0.6518836617469788,0.15821462869644165,False,-0.6518836617469788
66,0.6,yDtzw_Y-7RU_8,-1.5,-1.5304299592971802,-1.6832951307296753,-1.5298603773117065,False,-1.6832951307296753
66,0.6,yDtzw_Y-7RU_9,-1.0,-0.7729946374893188,-1.2042858600616455,-1.3441206216812134,False,-1.2042858600616455
66,0.6,yDtzw_Y-7RU_10,-0.6000000238418579,0.3329809308052063,-0.9273049235343933,-0.8869003653526306,False,-0.9273049235343933
66,0.6,yDtzw_Y-7RU_11,-1.399999976158142,-1.5236003398895264,-1.9368970394134521,-1.4700087308883667,False,-1.9368970394134521
66,0.6,yDtzw_Y-7RU_12,-0.6666666865348816,0.6975182294845581,-0.58586186170578,-0.46877846121788025,False,-0.58586186170578
66,0.6,yDtzw_Y-7RU_13,-1.7999999523162842,-1.3268181085586548,-1.7089112997055054,-1.3072375059127808,False,-1.7089112997055054
66,0.6,yDtzw_Y-7RU_14,2.200000047683716,1.5601381063461304,1.1036558151245117,1.7607898712158203,False,1.1036558151245117
66,0.6,yDtzw_Y-7RU_15,0.6000000238418579,1.3918184041976929,1.0979048013687134,1.8573851585388184,False,1.0979048013687134
66,0.6,yDtzw_Y-7RU_16,0.6000000238418579,0.44858890771865845,0.8227033615112305,0.4231257736682892,False,0.8227033615112305
66,0.6,yDtzw_Y-7RU_17,0.20000000298023224,0.9483968615531921,0.8635196089744568,1.2079806327819824,False,0.8635196089744568
66,0.6,yDtzw_Y-7RU_18,-2.0,0.8497974872589111,0.7998496294021606,1.1381713151931763,False,0.7998496294021606
66,0.6,yDtzw_Y-7RU_19,-1.600000023841858,0.286263108253479,0.6424375176429749,-0.011017272248864174,False,0.6424375176429749
66,0.6,yDtzw_Y-7RU_20,-0.6000000238418579,-0.07194166630506516,-0.44120901823043823,0.3527348041534424,True,0.3527348041534424
66,0.6,yDtzw_Y-7RU_21,0.20000000298023224,1.2929115295410156,0.7526198029518127,1.6806328296661377,False,0.7526198029518127
66,0.6,yDtzw_Y-7RU_22,2.0,1.7249126434326172,1.3613908290863037,2.186272144317627,False,1.3613908290863037
66,0.6,yDtzw_Y-7RU_23,2.200000047683716,1.354936122894287,1.062621831893921,1.9117308855056763,False,1.062621831893921
66,0.6,yDtzw_Y-7RU_24,-0.800000011920929,-1.1111143827438354,-0.8363091349601746,-1.491045594215393,False,-0.8363091349601746
66,0.6,nzpVDcQ0ywM_1,0.0,1.6780953407287598,1.6780953407287598,2.411267042160034,False,1.6780953407287598
66,0.6,nzpVDcQ0ywM_2,-1.600000023841858,-0.8436345458030701,-0.6235865354537964,-0.4972230792045593,False,-0.6235865354537964
66,0.6,nzpVDcQ0ywM_3,0.800000011920929,0.4432697594165802,0.009350359439849854,0.7435775995254517,False,0.009350359439849854
66,0.6,nzpVDcQ0ywM_4,-1.600000023841858,-0.3159756064414978,-0.38128283619880676,-0.5439051985740662,False,-0.38128283619880676
66,0.6,nzpVDcQ0ywM_5,-0.4000000059604645,-1.4788181781768799,-1.569790005683899,-1.1135660409927368,False,-1.569790005683899
66,0.6,nzpVDcQ0ywM_6,-1.399999976158142,-1.649441123008728,-1.9626544713974,-1.6641676425933838,False,-1.9626544713974
66,0.6,nzpVDcQ0ywM_7,-1.0,0.9479476809501648,-0.575450599193573,0.12930133938789368,False,-0.575450599193573
66,0.6,nzpVDcQ0ywM_8,2.0,-0.530654788017273,-1.3751935958862305,-1.2619445323944092,False,-1.3751935958862305
66,0.6,nzpVDcQ0ywM_9,-2.200000047683716,-1.3962457180023193,-1.8433870077133179,-0.8278809189796448,False,-1.8433870077133179
66,0.6,nzpVDcQ0ywM_10,-1.0,-1.2415350675582886,-1.7261561155319214,-1.641769528388977,False,-1.7261561155319214
66,0.6,nzpVDcQ0ywM_11,0.0,-0.9193671941757202,-1.4036827087402344,-1.1583906412124634,False,-1.4036827087402344
66,0.6,nzpVDcQ0ywM_12,-1.399999976158142,0.32735735177993774,-0.565338671207428,-0.481365442276001,False,-0.565338671207428
66,0.6,nzpVDcQ0ywM_13,-1.0,0.16743092238903046,-0.7032771706581116,-0.6066097021102905,True,-0.6066097021102905
66,0.6,nzpVDcQ0ywM_14,0.20000000298023224,0.6057034730911255,-0.31730541586875916,-0.7002516388893127,False,-0.31730541586875916
66,0.6,nzpVDcQ0ywM_15,-0.6000000238418579,1.0971429347991943,0.6228523850440979,1.2740870714187622,False,0.6228523850440979
66,0.6,nzpVDcQ0ywM_16,1.399999976158142,-1.5335721969604492,-1.278369665145874,-1.4670804738998413,False,-1.278369665145874
66,0.6,nzpVDcQ0ywM_17,1.600000023841858,1.3060576915740967,0.8549355864524841,1.7740230560302734,False,0.8549355864524841
66,0.6,nzpVDcQ0ywM_18,1.2000000476837158,1.3664085865020752,1.073134183883667,1.9194374084472656,False,1.073134183883667
66,0.6,nzpVDcQ0ywM_19,-2.0,0.18508966267108917,0.49044886231422424,0.23802073299884796,True,0.23802073299884796
66,0.6,nzpVDcQ0ywM_20,0.20000000298023224,0.3734908998012543,0.29140523076057434,-0.04027222469449043,False,0.29140523076057434
66,0.6,nzpVDcQ0ywM_21,-1.399999976158142,0.42947813868522644,0.5342351794242859,0.9947956204414368,False,0.5342351794242859
66,0.6,nzpVDcQ0ywM_22,2.0,1.6882574558258057,1.3340073823928833,2.1261167526245117,False,1.3340073823928833
66,0.6,nzpVDcQ0ywM_23,2.0,1.7338571548461914,1.4270223379135132,2.2251410484313965,False,1.4270223379135132
66,0.6,nzpVDcQ0ywM_24,1.600000023841858,0.45991989970207214,1.0205895900726318,0.7675794363021851,False,1.0205895900726318
66,0.6,jUzDDGyPkXU_1,2.799999952316284,1.8331265449523926,1.8331265449523926,2.593700647354126,False,1.8331265449523926
66,0.6,jUzDDGyPkXU_2,2.5999999046325684,1.8614689111709595,1.8585731983184814,2.437570810317993,False,1.8585731983184814
66,0.6,jUzDDGyPkXU_3,0.0,0.7316045165061951,0.893381655216217,1.0220898389816284,False,0.893381655216217
66,0.6,jUzDDGyPkXU_4,-1.600000023841858,1.160585880279541,1.1986167430877686,1.4066271781921387,False,1.1986167430877686
66,0.6,jUzDDGyPkXU_5,-1.2000000476837158,0.33305615186691284,0.6865620017051697,1.1956391334533691,False,0.6865620017051697
66,0.6,jUzDDGyPkXU_6,-1.600000023841858,-1.6811567544937134,-1.3117130994796753,-0.9657761454582214,False,-1.3117130994796753
66,0.6,jUzDDGyPkXU_7,-0.6000000238418579,0.1626897007226944,-0.8777919411659241,0.018566135317087173,True,0.018566135317087173
66,0.6,jUzDDGyPkXU_8,1.7999999523162842,0.2155051827430725,-0.8218132257461548,0.02557346597313881,True,0.02557346597313881
66,0.6,jUzDDGyPkXU_9,2.799999952316284,1.8557544946670532,1.4856300354003906,2.316894769668579,False,1.4856300354003906
66,0.6,jUzDDGyPkXU_10,2.4000000953674316,0.4953431487083435,0.7792549729347229,0.5723240971565247,False,0.7792549729347229
66,0.6,jUzDDGyPkXU_11,2.4000000953674316,0.22083953022956848,0.584252655506134,0.21769000589847565,True,0.21769000589847565
66,0.6,jUzDDGyPkXU_12,0.5,1.3211123943328857,1.032025933265686,1.913854718208313,False,1.032025933265686
66,0.6,jUzDDGyPkXU_13,-0.6000000238418579,-1.0092283487319946,-0.8310892581939697,-0.4835723042488098,False,-0.8310892581939697
66,0.6,jUzDDGyPkXU_14,0.800000011920929,0.30620276927948,-0.20759235322475433,-0.6804072260856628,False,-0.20759235322475433
66,0.6,jUzDDGyPkXU_15,1.3333333730697632,-0.3537672758102417,-0.6752309203147888,0.3156072795391083,False,-0.6752309203147888
66,0.6,jUzDDGyPkXU_16,1.2000000476837158,0.16671673953533173,-0.6454299688339233,0.03690333664417267,True,0.03690333664417267
66,0.6,jUzDDGyPkXU_17,-2.799999952316284,-0.33412274718284607,-0.9057480096817017,-1.0801345109939575,False,-0.9057480096817017
66,0.6,jUzDDGyPkXU_18,-2.4000000953674316,-1.262515902519226,-1.5057803392410278,-1.7574158906936646,False,-1.5057803392410278
66,0.6,jUzDDGyPkXU_19,2.200000047683716,0.5350825786590576,-0.6867520213127136,-0.0934748649597168,False,-0.6867520213127136
66,0.6,jUzDDGyPkXU_20,-2.200000047683716,0.3352605104446411,-0.6490503549575806,-0.9029871821403503,False,-0.6490503549575806
66,0.6,jUzDDGyPkXU_21,-1.0,1.0730265378952026,0.8013705611228943,0.3248307704925537,False,0.8013705611228943
66,0.6,jUzDDGyPkXU_22,-2.4000000953674316,0.11020582914352417,0.20943522453308105,1.0165001153945923,True,1.0165001153945923
66,0.6,jUzDDGyPkXU_23,1.2000000476837158,0.2393966019153595,0.2724718749523163,1.1029267311096191,True,1.1029267311096191
66,0.6,jUzDDGyPkXU_24,-1.0,-0.47740253806114197,-0.19388040900230408,-0.6855086088180542,False,-0.19388040900230408
66,0.6,jUzDDGyPkXU_25,-2.0,0.13787178695201874,0.17490434646606445,-0.3866439759731293,True,-0.3866439759731293
66,0.6,jUzDDGyPkXU_26,-2.0,-1.4092247486114502,-1.5652498006820679,-1.0675445795059204,False,-1.5652498006820679
66,0.6,jUzDDGyPkXU_27,-2.0,-1.5793262720108032,-1.8995006084442139,-1.8427520990371704,False,-1.8995006084442139
66,0.6,rnaNMUZpvvg_1,-2.5999999046325684,0.03536473959684372,0.03536473959684372,-0.027106257155537605,True,-0.027106257155537605
66,0.6,rnaNMUZpvvg_2,2.25,-0.6994895339012146,-0.9075340628623962,-1.1296582221984863,False,-0.9075340628623962
66,0.6,rnaNMUZpvvg_3,-0.800000011920929,-0.8064207434654236,-1.518905520439148,-1.2539150714874268,False,-1.518905520439148
66,0.6,rnaNMUZpvvg_4,-2.4000000953674316,-0.12118371576070786,-0.5766628980636597,-1.0504705905914307,True,-1.0504705905914307
66,0.6,rnaNMUZpvvg_5,-2.799999952316284,-0.147472083568573,-0.6936139464378357,-0.8792757987976074,True,-0.8792757987976074
66,0.6,rnaNMUZpvvg_6,-2.5999999046325684,-0.2658630907535553,-0.7786535620689392,-1.154249668121338,False,-0.7786535620689392
66,0.6,rnaNMUZpvvg_7,-0.4000000059604645,0.41960951685905457,-0.9260331988334656,-0.40720638632774353,False,-0.9260331988334656
66,0.6,rnaNMUZpvvg_8,-1.600000023841858,0.06573598831892014,-0.4905190169811249,-0.9042025208473206,True,-0.9042025208473206
66,0.6,rnaNMUZpvvg_9,-1.399999976158142,0.5247527360916138,-0.7792512774467468,-0.2996102571487427,False,-0.7792512774467468
66,0.6,rnaNMUZpvvg_10,-2.5999999046325684,0.6051032543182373,-0.6966642141342163,-0.2291141003370285,False,-0.6966642141342163
66,0.6,rnaNMUZpvvg_11,-2.5999999046325684,-1.6863303184509277,-1.9046419858932495,-1.8874744176864624,False,-1.9046419858932495
66,0.6,rnaNMUZpvvg_12,-1.0,-1.6606576442718506,-2.0432751178741455,-1.7820500135421753,False,-2.0432751178741455
66,0.6,rnaNMUZpvvg_13,-2.0,-1.4609549045562744,-2.039313316345215,-1.6506800651550293,False,-2.039313316345215
66,0.6,rnaNMUZpvvg_14,-2.5999999046325684,0.19248124957084656,-0.8743065595626831,-0.8182759881019592,True,-0.8182759881019592
66,0.6,rnaNMUZpvvg_15,-1.600000023841858,0.6210607886314392,-0.8886231184005737,-0.48432114720344543,False,-0.8886231184005737
66,0.6,rnaNMUZpvvg_16,-1.7999999523162842,-1.3179035186767578,-1.8444340229034424,-1.4507858753204346,False,-1.8444340229034424
66,0.6,rnaNMUZpvvg_17,-1.600000023841858,-0.47348493337631226,-1.142552375793457,-0.7986856698989868,False,-1.142552375793457
66,0.6,rnaNMUZpvvg_18,-2.200000047683716,-1.5021021366119385,-1.7940735816955566,-1.3095901012420654,False,-1.7940735816955566
66,0.6,rnaNMUZpvvg_19,-1.399999976158142,-1.3494460582733154,-1.8649345636367798,-1.2278826236724854,False,-1.8649345636367798
66,0.6,rnaNMUZpvvg_20,0.800000011920929,1.4726784229278564,1.1628683805465698,1.0335991382598877,False,1.1628683805465698
66,0.6,rnaNMUZpvvg_21,-2.5999999046325684,-1.707821011543274,-1.9650596380233765,-1.3283905982971191,False,-1.9650596380233765
66,0.6,rnaNMUZpvvg_22,-2.200000047683716,-1.5838611125946045,-1.9125229120254517,-1.674856424331665,False,-1.9125229120254517
66,0.6,yvsjCA6Y5Fc_1,-2.0,0.24448925256729126,0.24448925256729126,1.1357191801071167,True,1.1357191801071167
66,0.6,yvsjCA6Y5Fc_2,-1.2000000476837158,0.7422512173652649,0.7076959013938904,1.2226344347000122,False,0.7076959013938904
66,0.6,yvsjCA6Y5Fc_3,-2.0,0.3487066924571991,0.22499673068523407,-0.04759662225842476,False,0.22499673068523407
66,0.6,yvsjCA6Y5Fc_4,-0.20000000298023224,-1.1380923986434937,-1.2415950298309326,-0.526391863822937,False,-1.2415950298309326
66,0.6,yvsjCA6Y5Fc_5,0.4000000059604645,0.26163938641548157,-0.6608284115791321,-0.7270105481147766,False,-0.6608284115791321
66,0.6,yvsjCA6Y5Fc_6,0.0,0.07009599357843399,-0.9556359648704529,-0.0660230815410614,True,-0.0660230815410614
66,0.6,yvsjCA6Y5Fc_7,-1.7999999523162842,0.4565171003341675,-0.6137703657150269,0.23009039461612701,False,-0.6137703657150269
66,0.6,yvsjCA6Y5Fc_8,0.4000000059604645,-1.3881680965423584,-1.6412614583969116,-1.397987961769104,False,-1.6412614583969116
66,0.6,yvsjCA6Y5Fc_9,-1.399999976158142,0.4440194070339203,-0.6297544240951538,-0.44694262742996216,False,-0.6297544240951538
66,0.6,yvsjCA6Y5Fc_10,-2.0,0.3051530122756958,-0.7873919606208801,-0.8750321269035339,False,-0.7873919606208801
66,0.6,yvsjCA6Y5Fc_11,2.0,0.825794517993927,0.2619076073169708,0.7473618984222412,False,0.2619076073169708
66,0.6,yvsjCA6Y5Fc_12,-0.6000000238418579,-1.0923421382904053,-1.3750977516174316,-1.1137943267822266,False,-1.3750977516174316
66,0.6,yvsjCA6Y5Fc_13,-2.0,-1.5653564929962158,-1.97686767578125,-1.770689606666565,False,-1.97686767578125
66,0.6,yvsjCA6Y5Fc_14,-1.0,-0.019606348127126694,-1.2175277471542358,-1.096275806427002,True,-1.096275806427002
66,0.6,yvsjCA6Y5Fc_15,-2.0,-1.793131709098816,-2.198892593383789,-1.1473320722579956,False,-2.198892593383789
66,0.6,yvsjCA6Y5Fc_16,-1.7999999523162842,-1.6390379667282104,-2.0776097774505615,-1.6067243814468384,False,-2.0776097774505615
66,0.6,yvsjCA6Y5Fc_17,-0.6000000238418579,-0.23072941601276398,-0.9066010117530823,-0.6863769888877869,True,-0.6863769888877869
66,0.6,yvsjCA6Y5Fc_18,-2.200000047683716,-0.11660826206207275,-1.0290170907974243,-1.0470738410949707,True,-1.0470738410949707
66,0.6,yvsjCA6Y5Fc_19,-1.600000023841858,0.22768011689186096,-1.0781723260879517,-0.40054813027381897,True,-0.40054813027381897
66,0.6,yvsjCA6Y5Fc_20,0.800000011920929,1.2787257432937622,0.6372827887535095,1.5378021001815796,False,0.6372827887535095
66,0.6,yvsjCA6Y5Fc_21,-1.7999999523162842,0.37785235047340393,0.15333226323127747,0.7136582136154175,False,0.15333226323127747
66,0.6,yvsjCA6Y5Fc_22,-1.600000023841858,-1.4941730499267578,-1.5061832666397095,-1.4027637243270874,False,-1.5061832666397095
66,0.6,yvsjCA6Y5Fc_23,-1.2000000476837158,-0.3566516637802124,-0.8826918601989746,-0.9797820448875427,False,-0.8826918601989746
66,0.6,pLTX3ipuDJI_1,-2.4000000953674316,-1.441064715385437,-1.441064715385437,-1.3486485481262207,False,-1.441064715385437
66,0.6,pLTX3ipuDJI_2,-1.7999999523162842,0.6199923157691956,-0.3511852025985718,-0.09319567680358887,False,-0.3511852025985718
66,0.6,pLTX3ipuDJI_3,-1.2000000476837158,-1.2453904151916504,-1.3293440341949463,-0.8071479797363281,False,-1.3293440341949463
66,0.6,pLTX3ipuDJI_4,-2.200000047683716,-0.5753597617149353,-0.8620911836624146,-0.2498653680086136,False,-0.8620911836624146
66,0.6,pLTX3ipuDJI_5,-2.0,0.3865388035774231,-0.9118369221687317,-0.12144435942173004,False,-0.9118369221687317
66,0.6,pLTX3ipuDJI_6,-1.399999976158142,0.6557393074035645,-0.6766095757484436,0.010590288788080215,False,-0.6766095757484436
66,0.6,pLTX3ipuDJI_7,0.800000011920929,0.7746836543083191,0.3515370488166809,0.8264464139938354,False,0.3515370488166809
66,0.6,pLTX3ipuDJI_8,-2.0,-1.172643780708313,-1.4423928260803223,-1.4179577827453613,False,-1.4423928260803223
66,0.6,pLTX3ipuDJI_9,0.0,-0.9732766151428223,-1.100471019744873,-0.42698538303375244,False,-1.100471019744873
66,0.6,pLTX3ipuDJI_10,-1.600000023841858,-1.4899754524230957,-1.4816182851791382,-1.1460500955581665,False,-1.4816182851791382
66,0.6,pLTX3ipuDJI_11,0.6000000238418579,0.5226800441741943,-0.6608522534370422,0.08703503757715225,False,-0.6608522534370422
66,0.6,pLTX3ipuDJI_12,-2.0,0.4800925850868225,-0.6663509011268616,0.11436603218317032,False,-0.6663509011268616
66,0.6,pLTX3ipuDJI_13,-1.399999976158142,0.6957062482833862,-0.3683892488479614,-0.20104824006557465,False,-0.3683892488479614
66,0.6,pLTX3ipuDJI_14,-2.0,0.9888284206390381,-0.17045772075653076,-0.42800137400627136,False,-0.17045772075653076
66,0.6,pLTX3ipuDJI_15,-1.399999976158142,-0.755118191242218,-1.0767203569412231,-1.0989540815353394,False,-1.0767203569412231
66,0.6,pLTX3ipuDJI_16,-1.600000023841858,0.8986904621124268,-0.3081270754337311,-0.5286414623260498,False,-0.3081270754337311
66,0.6,cW1FSBF59ik_1,-2.5999999046325684,-0.11318867653608322,-0.11318867653608322,-0.6361953020095825,True,-0.6361953020095825
66,0.6,cW1FSBF59ik_2,3.0,1.3656054735183716,1.287390947341919,1.5887444019317627,False,1.287390947341919
66,0.6,cW1FSBF59ik_3,-1.0,-0.046704865992069244,0.5717986226081848,-0.002471423242241144,True,-0.002471423242241144
66,0.6,cW1FSBF59ik_4,1.600000023841858,1.2966992855072021,0.9503900408744812,1.833799123764038,False,0.9503900408744812
66,0.6,cW1FSBF59ik_5,2.0,0.16174523532390594,0.5588526129722595,0.03286164626479149,True,0.03286164626479149
66,0.6,cW1FSBF59ik_6,1.2000000476837158,1.566105604171753,1.0824283361434937,1.9116755723953247,False,1.0824283361434937
66,0.6,cW1FSBF59ik_7,0.5,1.3290014266967773,0.9298722147941589,1.8120176792144775,False,0.9298722147941589
66,0.6,cW1FSBF59ik_8,1.7999999523162842,0.7103491425514221,1.1029257774353027,0.6441400647163391,False,1.1029257774353027
66,0.6,cW1FSBF59ik_9,-2.4000000953674316,-1.347875714302063,-1.2011463642120361,-0.9181621670722961,False,-1.2011463642120361
66,0.6,cW1FSBF59ik_10,-1.0,1.7222927808761597,1.2684996128082275,2.099668502807617,False,1.2684996128082275
66,0.6,cW1FSBF59ik_11,-1.0,0.022808261215686798,0.1768994778394699,0.8657381534576416,True,0.8657381534576416
66,0.6,cW1FSBF59ik_12,2.200000047683716,-0.016371306031942368,-0.10408352315425873,0.3564046025276184,True,0.3564046025276184
66,0.6,cW1FSBF59ik_13,2.0,0.9693377017974854,0.7455869913101196,0.510790228843689,False,0.7455869913101196
66,0.6,cW1FSBF59ik_14,-1.2000000476837158,0.6219733953475952,0.6670054793357849,0.197510227560997,False,0.6670054793357849
66,0.6,cW1FSBF59ik_15,-2.5999999046325684,0.38586628437042236,0.6147561073303223,0.3021860420703888,False,0.6147561073303223
66,0.6,cW1FSBF59ik_16,3.0,1.6934773921966553,1.2784943580627441,2.014801263809204,False,1.2784943580627441
66,0.6,cW1FSBF59ik_17,2.4000000953674316,0.6820842623710632,0.8391163349151611,0.501706600189209,False,0.8391163349151611
66,0.6,cW1FSBF59ik_18,2.5999999046325684,0.8137723803520203,0.7663441896438599,1.2866179943084717,False,0.7663441896438599
66,0.6,cW1FSBF59ik_19,0.20000000298023224,0.7026264667510986,0.8670976758003235,0.4949052333831787,False,0.8670976758003235
66,0.6,cW1FSBF59ik_20,2.5,1.5600643157958984,1.2225701808929443,1.9191014766693115,False,1.2225701808929443
66,0.6,cW1FSBF59ik_21,1.600000023841858,1.4516793489456177,1.3456778526306152,1.6416363716125488,False,1.3456778526306152
66,0.6,cW1FSBF59ik_22,-1.0,0.27923569083213806,0.8254163861274719,1.2306945323944092,False,0.8254163861274719
66,0.6,cW1FSBF59ik_23,1.399999976158142,0.25203385949134827,0.8794975876808167,0.413679301738739,False,0.8794975876808167
66,0.6,cW1FSBF59ik_24,0.0,0.6712837219238281,0.9207121729850769,1.2828549146652222,False,0.9207121729850769
66,0.6,tmZoasNr4rU_1,0.0,0.461003839969635,0.461003839969635,1.0974963903427124,False,0.461003839969635
66,0.6,tmZoasNr4rU_2,-2.0,-1.3832429647445679,-1.4179637432098389,-1.6488804817199707,False,-1.4179637432098389
66,0.6,tmZoasNr4rU_3,-2.0,0.2589791715145111,-0.5608943104743958,-0.9749632477760315,False,-0.5608943104743958
66,0.6,tmZoasNr4rU_4,-0.800000011920929,-0.2893921732902527,-1.0972427129745483,-1.1760667562484741,False,-1.0972427129745483
66,0.6,tmZoasNr4rU_5,-0.800000011920929,0.15743808448314667,-1.161989450454712,-0.5814427137374878,True,-0.5814427137374878
66,0.6,tmZoasNr4rU_6,-1.7999999523162842,-0.40342411398887634,-1.2332254648208618,-1.347253680229187,False,-1.2332254648208618
66,0.6,tmZoasNr4rU_7,-1.0,-1.277423620223999,-1.6585816144943237,-1.59139883518219,False,-1.6585816144943237
66,0.6,tmZoasNr4rU_8,-2.0,-1.1179399490356445,-1.607556939125061,-1.6166847944259644,False,-1.607556939125061
66,0.6,tmZoasNr4rU_9,-0.6000000238418579,-0.16839975118637085,-1.4390045404434204,-1.0199499130249023,True,-1.0199499130249023
66,0.6,tmZoasNr4rU_10,-1.7999999523162842,0.0891222283244133,-1.2759833335876465,-1.0108535289764404,True,-1.0108535289764404
66,0.6,tmZoasNr4rU_11,-0.6000000238418579,0.4048776924610138,-0.3265991508960724,0.766035795211792,False,-0.3265991508960724
66,0.6,tmZoasNr4rU_12,-2.200000047683716,0.4423829913139343,-0.3755112886428833,-0.8903555274009705,False,-0.3755112886428833
66,0.6,tmZoasNr4rU_13,-0.800000011920929,0.12867258489131927,-0.41662153601646423,-0.6106861233711243,True,-0.6106861233711243
66,0.6,tmZoasNr4rU_14,-2.0,-1.4665756225585938,-1.6116584539413452,-1.8022277355194092,False,-1.6116584539413452
66,0.6,tmZoasNr4rU_15,0.25,-0.9460618495941162,-1.362761378288269,-1.557563304901123,False,-1.362761378288269
66,0.6,tmZoasNr4rU_16,-1.399999976158142,-0.21564039587974548,-1.1592776775360107,-1.4141595363616943,True,-1.4141595363616943
66,0.6,tmZoasNr4rU_17,-1.399999976158142,-1.4109342098236084,-1.8338472843170166,-1.8356409072875977,False,-1.8338472843170166
66,0.6,tmZoasNr4rU_18,0.0,-1.694039225578308,-2.1947238445281982,-1.7082902193069458,False,-2.1947238445281982
66,0.6,tmZoasNr4rU_19,0.20000000298023224,-0.5816125273704529,-1.5625710487365723,-1.583640694618225,False,-1.5625710487365723
66,0.6,tmZoasNr4rU_20,-1.0,-0.2795265316963196,-1.4285331964492798,-1.4124573469161987,False,-1.4285331964492798
66,0.6,d6hH302o4v8_1,-2.799999952316284,-0.15291568636894226,-0.15291568636894226,0.8017688393592834,True,0.8017688393592834
66,0.6,d6hH302o4v8_2,-1.7999999523162842,-1.6786606311798096,-1.7935916185379028,-1.784980058670044,False,-1.7935916185379028
66,0.6,d6hH302o4v8_3,0.20000000298023224,-0.2612019181251526,-1.163215160369873,-1.2988965511322021,False,-1.163215160369873
66,0.6,d6hH302o4v8_4,-1.600000023841858,-1.3610137701034546,-1.9585597515106201,-1.636179804801941,False,-1.9585597515106201
66,0.6,d6hH302o4v8_5,-1.3333333730697632,0.19964611530303955,-0.7008633613586426,-1.085720419883728,True,-1.085720419883728
66,0.6,d6hH302o4v8_6,-2.0,-0.15276013314723969,-1.0108145475387573,-1.2240757942199707,True,-1.2240757942199707
66,0.6,d6hH302o4v8_7,-2.799999952316284,0.0958881601691246,-0.8243595361709595,-1.1381312608718872,True,-1.1381312608718872
66,0.6,d6hH302o4v8_8,-2.200000047683716,0.5394651889801025,-0.902391791343689,-0.4708744287490845,False,-0.902391791343689
66,0.6,d6hH302o4v8_9,-2.4000000953674316,-0.8660608530044556,-1.2828090190887451,-1.532671332359314,False,-1.2828090190887451
66,0.6,d6hH302o4v8_10,-1.2000000476837158,-0.6526824831962585,-1.132516860961914,-1.6135327816009521,False,-1.132516860961914
66,0.6,d6hH302o4v8_11,-1.0,-1.6804289817810059,-2.0273540019989014,-1.7687135934829712,False,-2.0273540019989014
66,0.6,d6hH302o4v8_12,1.399999976158142,0.6202853322029114,-0.6251674294471741,-0.9291725158691406,False,-0.6251674294471741
66,0.6,d6hH302o4v8_13,-2.0,0.5953088402748108,-0.5925065279006958,-0.9355155229568481,False,-0.5925065279006958
66,0.6,d6hH302o4v8_14,-1.7999999523162842,-1.4813902378082275,-1.8697667121887207,-1.7639436721801758,False,-1.8697667121887207
66,0.6,d6hH302o4v8_15,-1.75,-1.4687451124191284,-1.896231770515442,-1.4616395235061646,False,-1.896231770515442
66,0.6,d6hH302o4v8_16,-2.0,-0.48634958267211914,-1.4729931354522705,-1.4982762336730957,False,-1.4729931354522705
66,0.6,d6hH302o4v8_17,-2.0,1.2546372413635254,-0.5595511794090271,-0.32269927859306335,False,-0.5595511794090271
66,0.6,d6hH302o4v8_18,-2.0,0.219630166888237,-0.9346565008163452,-1.1561099290847778,True,-1.1561099290847778
66,0.6,d6hH302o4v8_19,-2.799999952316284,-1.479306936264038,-1.8956212997436523,-1.7707228660583496,False,-1.8956212997436523
66,0.6,d6hH302o4v8_20,1.0,1.230004072189331,0.6083321571350098,1.4886915683746338,False,0.6083321571350098
66,0.6,d6hH302o4v8_21,-2.4000000953674316,-1.5244842767715454,-1.749801516532898,-1.385245680809021,False,-1.749801516532898
66,0.6,d6hH302o4v8_22,-1.0,-0.22711727023124695,-1.1504255533218384,-1.3112554550170898,True,-1.3112554550170898
66,0.6,d6hH302o4v8_23,-2.5999999046325684,-0.1495177000761032,-1.5408185720443726,-0.9917500615119934,True,-0.9917500615119934
66,0.6,d6hH302o4v8_24,-2.799999952316284,-1.1231073141098022,-1.6961140632629395,-1.7786803245544434,False,-1.6961140632629395
66,0.6,d6hH302o4v8_25,-1.600000023841858,-1.4948933124542236,-1.95729660987854,-1.8599283695220947,False,-1.95729660987854
66,0.6,d6hH302o4v8_26,-2.5999999046325684,-1.3558933734893799,-1.9607601165771484,-1.5564417839050293,False,-1.9607601165771484
66,0.6,d6hH302o4v8_27,-2.5999999046325684,-0.9351761341094971,-1.7271157503128052,-1.4602437019348145,False,-1.7271157503128052
66,0.6,d6hH302o4v8_28,-1.0,0.8423513174057007,-0.6071261763572693,-0.3286868929862976,False,-0.6071261763572693
66,0.6,d6hH302o4v8_29,-1.7999999523162842,0.5384703278541565,-0.8735228776931763,-0.4451711177825928,False,-0.8735228776931763
66,0.6,d6hH302o4v8_30,-2.799999952316284,0.3875485360622406,-0.3922305405139923,-0.9209296107292175,False,-0.3922305405139923
66,0.6,d6hH302o4v8_31,-1.399999976158142,0.5227914452552795,-0.7686834931373596,-0.347205251455307,False,-0.7686834931373596
66,0.6,d6hH302o4v8_32,-0.6000000238418579,0.5317952632904053,0.18634875118732452,-0.10029996186494827,False,0.18634875118732452
66,0.6,d6hH302o4v8_33,-3.0,-1.6307798624038696,-1.7108432054519653,-1.8472580909729004,False,-1.7108432054519653
66,0.6,d6hH302o4v8_34,-3.0,0.683432400226593,-0.7873787879943848,-0.2726380228996277,False,-0.7873787879943848
66,0.6,d6hH302o4v8_35,-1.600000023841858,-1.638913631439209,-1.9322829246520996,-1.9006322622299194,False,-1.9322829246520996
66,0.6,d6hH302o4v8_36,-2.200000047683716,0.5201469659805298,-1.1508194208145142,-0.7539253234863281,False,-1.1508194208145142
66,0.6,d6hH302o4v8_37,-2.200000047683716,0.5268131494522095,-1.1573841571807861,-0.7935344576835632,False,-1.1573841571807861
66,0.6,d6hH302o4v8_38,-3.0,-1.6216198205947876,-2.145451068878174,-1.8578853607177734,False,-2.145451068878174
66,0.6,d6hH302o4v8_39,-3.0,0.5490332841873169,-1.1024963855743408,-0.67155522108078,False,-1.1024963855743408
66,0.6,d6hH302o4v8_40,-1.0,-0.019840992987155914,-0.9966667294502258,-0.8728905916213989,True,-0.8728905916213989
66,0.6,d6hH302o4v8_41,-2.4000000953674316,1.1467429399490356,-0.3482520282268524,-0.15089298784732819,False,-0.3482520282268524
66,0.6,d6hH302o4v8_42,-1.399999976158142,0.2584189474582672,-1.139431357383728,-0.614392876625061,False,-1.139431357383728
66,0.6,d6hH302o4v8_43,-2.5,0.03076266311109066,-1.3111249208450317,-0.6788684725761414,True,-0.6788684725761414
66,0.6,dq3Nf_lMPnE_1,0.0,0.29786401987075806,0.29786401987075806,1.0093454122543335,False,0.29786401987075806
66,0.6,dq3Nf_lMPnE_2,-1.399999976158142,-1.4427690505981445,-1.476132869720459,-1.7249300479888916,False,-1.476132869720459
66,0.6,dq3Nf_lMPnE_3,-1.2000000476837158,-0.6714720726013184,-1.5078120231628418,-1.3777601718902588,False,-1.5078120231628418
66,0.6,dq3Nf_lMPnE_4,-0.4000000059604645,-0.39726686477661133,-1.371859073638916,-1.0654234886169434,False,-1.371859073638916
66,0.6,dq3Nf_lMPnE_5,1.2000000476837158,-0.46948450803756714,-1.3924795389175415,-1.1991595029830933,False,-1.3924795389175415
66,0.6,dq3Nf_lMPnE_6,0.800000011920929,-0.9456454515457153,-1.5853217840194702,-1.1093803644180298,False,-1.5853217840194702
66,0.6,dq3Nf_lMPnE_7,-2.0,-1.5599284172058105,-1.924657940864563,-1.790662407875061,False,-1.924657940864563
66,0.6,dq3Nf_lMPnE_8,0.6000000238418579,-0.48911651968955994,-1.4025763273239136,-1.2993602752685547,False,-1.4025763273239136
66,0.6,dq3Nf_lMPnE_9,-0.800000011920929,-0.8544138669967651,-1.4619537591934204,-0.5796905159950256,False,-1.4619537591934204
66,0.6,dq3Nf_lMPnE_10,1.0,0.43618103861808777,-1.1325000524520874,-0.4182685613632202,False,-1.1325000524520874
66,0.6,dq3Nf_lMPnE_11,-0.6000000238418579,-0.42708420753479004,-1.173341989517212,0.41546615958213806,False,-1.173341989517212
66,0.6,dq3Nf_lMPnE_12,-1.600000023841858,-1.7195079326629639,-2.157554864883423,-1.6661639213562012,False,-2.157554864883423
66,0.6,dq3Nf_lMPnE_13,-1.2000000476837158,0.21186065673828125,-1.3325095176696777,-0.6117169260978699,True,-0.6117169260978699
66,0.6,dq3Nf_lMPnE_14,-1.7999999523162842,1.0347734689712524,0.1800694465637207,1.2486330270767212,False,0.1800694465637207
66,0.6,dq3Nf_lMPnE_15,1.0,1.4608345031738281,1.0166479349136353,1.8867192268371582,False,1.0166479349136353
66,0.6,k5Y_838nuGo_1,-1.600000023841858,0.740922749042511,0.740922749042511,-0.011422187089920044,False,0.740922749042511
66,0.6,k5Y_838nuGo_2,1.2000000476837158,-1.3211346864700317,-1.3402382135391235,-1.1027082204818726,False,-1.3402382135391235
66,0.6,k5Y_838nuGo_3,0.800000011920929,1.0126715898513794,0.8479551672935486,1.7444195747375488,False,0.8479551672935486
66,0.6,k5Y_838nuGo_4,1.0,0.9954085350036621,0.8069213628768921,0.36074554920196533,False,0.8069213628768921
66,0.6,k5Y_838nuGo_5,-1.3333333730697632,-1.3056522607803345,-1.2636040449142456,-1.5708869695663452,False,-1.2636040449142456
66,0.6,k5Y_838nuGo_6,2.0,0.22421352565288544,-0.6493645906448364,-1.2696553468704224,True,-1.2696553468704224
66,0.6,k5Y_838nuGo_7,-2.4000000953674316,0.5399744510650635,-0.36639001965522766,-0.46254637837409973,False,-0.36639001965522766
66,0.6,k5Y_838nuGo_8,-1.399999976158142,-1.7225759029388428,-1.8210238218307495,-1.410528302192688,False,-1.8210238218307495
66,0.6,k5Y_838nuGo_9,1.7999999523162842,0.8303331732749939,-0.28073903918266296,-0.7329240441322327,False,-0.28073903918266296
66,0.6,k5Y_838nuGo_10,2.0,0.4337618350982666,-0.5833081007003784,-0.5448672771453857,False,-0.5833081007003784
66,0.6,k5Y_838nuGo_11,0.5,1.273258924484253,0.940486490726471,0.9668773412704468,False,0.940486490726471
66,0.6,k5Y_838nuGo_12,0.20000000298023224,0.20238643884658813,-0.08979576826095581,0.45178982615470886,True,0.45178982615470886
66,0.6,k5Y_838nuGo_13,0.6000000238418579,0.39448052644729614,0.042898960411548615,0.565222442150116,False,0.042898960411548615
66,0.6,k5Y_838nuGo_14,-1.7999999523162842,-0.8723903298377991,-1.0776559114456177,-0.3015044629573822,False,-1.0776559114456177
66,0.6,k5Y_838nuGo_15,-0.800000011920929,0.7718363404273987,0.1808030754327774,-0.42666906118392944,False,0.1808030754327774
66,0.6,k5Y_838nuGo_16,0.25,-1.2399548292160034,-1.4045377969741821,-1.3593670129776,False,-1.4045377969741821
66,0.6,k5Y_838nuGo_17,0.800000011920929,0.6169871687889099,-0.4749447703361511,-0.3372654914855957,False,-0.4749447703361511
66,0.6,k5Y_838nuGo_18,0.4000000059604645,1.253864049911499,0.774134635925293,1.4341862201690674,False,0.774134635925293
66,0.6,k5Y_838nuGo_19,-0.6000000238418579,0.5223264694213867,0.5930091142654419,0.09403336048126221,False,0.5930091142654419
66,0.6,k5Y_838nuGo_20,0.4000000059604645,0.4554360806941986,0.4172229766845703,-0.37220391631126404,False,0.4172229766845703
66,0.6,k5Y_838nuGo_21,-0.20000000298023224,-1.6900120973587036,-1.7043044567108154,-1.573858618736267,False,-1.7043044567108154
66,0.6,k5Y_838nuGo_22,0.4000000059604645,0.6018180847167969,-0.2562011480331421,-0.8986765742301941,False,-0.2562011480331421
66,0.6,k5Y_838nuGo_23,-0.20000000298023224,0.9640797972679138,0.3680667281150818,0.536716639995575,False,0.3680667281150818
66,0.6,k5Y_838nuGo_24,0.6000000238418579,0.4890079200267792,0.3201735317707062,0.2429339438676834,False,0.3201735317707062
66,0.6,k5Y_838nuGo_25,-0.20000000298023224,-0.4354398846626282,-0.9407307505607605,-0.025556446984410286,False,-0.9407307505607605
66,0.6,k5Y_838nuGo_26,2.0,0.5203548669815063,-0.38989195227622986,-0.9260664582252502,False,-0.38989195227622986
66,0.6,k5Y_838nuGo_27,-0.800000011920929,0.11545046418905258,-0.9327455163002014,-0.24972857534885406,True,-0.24972857534885406
66,0.6,k5Y_838nuGo_28,2.0,1.7830709218978882,1.142479658126831,1.808607578277588,False,1.142479658126831
66,0.6,k5Y_838nuGo_29,-0.75,0.5786746740341187,0.8544154763221741,0.2869264483451843,False,0.8544154763221741
66,0.6,k5Y_838nuGo_30,1.600000023841858,0.2764298915863037,0.46378135681152344,1.123375654220581,False,0.46378135681152344
66,0.6,k5Y_838nuGo_31,-1.0,-1.6799328327178955,-1.5506755113601685,-1.3373839855194092,False,-1.5506755113601685
66,0.6,iiK8YX8oH1E_1,-2.5999999046325684,-1.2360587120056152,-1.2360587120056152,-1.108860731124878,False,-1.2360587120056152
66,0.6,iiK8YX8oH1E_2,1.2000000476837158,0.9746090173721313,0.8210561871528625,1.8175196647644043,False,0.8210561871528625
66,0.6,iiK8YX8oH1E_3,-1.25,-1.8947747945785522,-1.918243408203125,-1.9342068433761597,False,-1.918243408203125
66,0.6,iiK8YX8oH1E_4,-2.0,0.5268988013267517,-0.7681720852851868,0.03997482731938362,False,-0.7681720852851868
66,0.6,iiK8YX8oH1E_5,-0.4000000059604645,-1.0427167415618896,-1.441908597946167,-0.9771366715431213,False,-1.441908597946167
66,0.6,iiK8YX8oH1E_6,0.20000000298023224,0.7049748301506042,-0.5787834525108337,-0.6163080334663391,False,-0.5787834525108337
66,0.6,iiK8YX8oH1E_7,-1.600000023841858,-0.3346955478191376,-0.9074686169624329,-1.2172837257385254,False,-0.9074686169624329
66,0.6,iiK8YX8oH1E_8,-1.0,0.6346524357795715,0.3421838879585266,0.6660120487213135,False,0.3421838879585266
66,0.6,iiK8YX8oH1E_9,0.4000000059604645,-0.014723269268870354,-0.1394204944372177,0.5284608006477356,True,0.5284608006477356
66,0.6,iiK8YX8oH1E_10,0.0,-1.2175766229629517,-1.3939409255981445,-1.382773756980896,False,-1.3939409255981445
66,0.6,iiK8YX8oH1E_11,1.0,0.8155501484870911,-0.3200071454048157,0.5494375824928284,False,-0.3200071454048157
66,0.6,iiK8YX8oH1E_12,1.7999999523162842,0.7196986079216003,-0.4146682024002075,0.47248151898384094,False,-0.4146682024002075
66,0.6,iiK8YX8oH1E_13,-2.0,-0.8616878390312195,-1.182811975479126,-1.2650279998779297,False,-1.182811975479126
66,0.6,iiK8YX8oH1E_14,-1.2000000476837158,0.5371014475822449,-0.5217353105545044,-0.5573148727416992,False,-0.5217353105545044
66,0.6,iiK8YX8oH1E_15,0.6000000238418579,0.041337721049785614,-0.13450108468532562,1.064826488494873,True,1.064826488494873
66,0.6,iiK8YX8oH1E_16,0.0,0.948654294013977,0.14095115661621094,0.08505114912986755,False,0.14095115661621094
66,0.6,iiK8YX8oH1E_17,1.600000023841858,0.7994997501373291,0.0409945547580719,0.023063519969582558,False,0.0409945547580719
66,0.6,iiK8YX8oH1E_18,-1.0,-0.27664652466773987,-0.20643366873264313,0.5066876411437988,False,-0.20643366873264313
66,0.6,tStelxIAHjw_1,0.0,0.5100100040435791,0.5100100040435791,0.00019135838374495506,False,0.5100100040435791
66,0.6,tStelxIAHjw_2,-2.0,-0.8884248733520508,-1.086283802986145,-0.01682901382446289,False,-1.086283802986145
66,0.6,tStelxIAHjw_3,0.5,0.5038985013961792,-0.5392962098121643,-0.576330304145813,False,-0.5392962098121643
66,0.6,tStelxIAHjw_4,-2.799999952316284,-1.4761725664138794,-1.7947909832000732,-1.1624541282653809,False,-1.7947909832000732
66,0.6,tStelxIAHjw_5,-2.200000047683716,0.4624916911125183,-0.6942489147186279,-0.8803459405899048,False,-0.6942489147186279
66,0.6,tStelxIAHjw_6,1.600000023841858,1.2357759475708008,0.8803510069847107,1.1310176849365234,False,0.8803510069847107
66,0.6,tStelxIAHjw_7,1.399999976158142,0.6753360629081726,0.26423224806785583,0.8531009554862976,False,0.26423224806785583
66,0.6,tStelxIAHjw_8,-2.0,0.6279869079589844,0.6112582087516785,0.44025757908821106,False,0.6112582087516785
66,0.6,tStelxIAHjw_9,-1.399999976158142,-1.452919602394104,-1.2717891931533813,-1.2127093076705933,False,-1.2717891931533813
66,0.6,tStelxIAHjw_10,-0.4000000059604645,0.12664759159088135,-0.6221662759780884,0.07055741548538208,True,0.07055741548538208
66,0.6,tStelxIAHjw_11,-2.799999952316284,-1.2090048789978027,-1.4111535549163818,-1.4595035314559937,False,-1.4111535549163818
66,0.6,tStelxIAHjw_12,-1.0,-0.9352072477340698,-1.1030776500701904,-0.8619444966316223,False,-1.1030776500701904
66,0.6,tStelxIAHjw_13,-1.600000023841858,-1.1845672130584717,-1.446913480758667,-1.5194449424743652,False,-1.446913480758667
66,0.6,tStelxIAHjw_14,-1.7999999523162842,-1.1968351602554321,-1.413964033126831,-1.1979970932006836,False,-1.413964033126831
66,0.6,tStelxIAHjw_15,0.4000000059604645,0.09954129159450531,-0.859215259552002,-0.09550318866968155,True,-0.09550318866968155
66,0.6,tStelxIAHjw_16,0.800000011920929,0.6316623687744141,-0.24461400508880615,-0.28604891896247864,False,-0.24461400508880615
66,0.6,nbWiPyCm4g0_1,1.2000000476837158,1.6918574571609497,1.6918574571609497,2.4056332111358643,False,1.6918574571609497
66,0.6,nbWiPyCm4g0_2,-2.4000000953674316,1.3447699546813965,1.4132171869277954,1.2799698114395142,False,1.4132171869277954
66,0.6,nbWiPyCm4g0_3,-1.7999999523162842,-1.9044384956359863,-1.59683096408844,-1.5966582298278809,False,-1.59683096408844
66,0.6,nbWiPyCm4g0_4,-2.200000047683716,0.7467227578163147,-0.2424808293581009,0.07677239179611206,False,-0.2424808293581009
66,0.6,nbWiPyCm4g0_5,-1.399999976158142,0.005449152085930109,-0.3203642964363098,-1.0195280313491821,True,-1.0195280313491821
66,0.6,nbWiPyCm4g0_6,0.0,-1.281496524810791,-1.7514773607254028,-1.1088051795959473,False,-1.7514773607254028
66,0.6,nbWiPyCm4g0_7,-1.2000000476837158,-1.550317406654358,-2.0678131580352783,-1.6110819578170776,False,-2.0678131580352783
66,0.6,nbWiPyCm4g0_8,-2.200000047683716,-0.564715564250946,-1.3599720001220703,-0.621300220489502,False,-1.3599720001220703
66,0.6,nbWiPyCm4g0_9,-1.399999976158142,-1.0848559141159058,-1.7263717651367188,-1.3637194633483887,False,-1.7263717651367188
66,0.6,nbWiPyCm4g0_10,1.2000000476837158,0.18844890594482422,-0.8050838112831116,-1.2507944107055664,True,-1.2507944107055664
66,0.6,etzxEpPuc6I_1,0.4000000059604645,-0.6955183148384094,-0.6955183148384094,-0.5064682364463806,False,-0.6955183148384094
66,0.6,etzxEpPuc6I_2,1.2000000476837158,0.1378493756055832,-0.7735369205474854,-0.7180433869361877,True,-0.7180433869361877
66,0.6,etzxEpPuc6I_3,-1.600000023841858,-1.2964600324630737,-1.5883457660675049,-1.1198862791061401,False,-1.5883457660675049
66,0.6,etzxEpPuc6I_4,0.800000011920929,0.43847018480300903,0.10501591116189957,1.4321959018707275,False,0.10501591116189957
66,0.6,etzxEpPuc6I_5,0.0,0.19471479952335358,-0.15248265862464905,0.34967663884162903,True,0.34967663884162903
66,0.6,etzxEpPuc6I_6,0.4000000059604645,0.7124367356300354,0.4802209734916687,0.7985012531280518,False,0.4802209734916687
66,0.6,etzxEpPuc6I_7,-1.2000000476837158,0.9095787405967712,-0.05521561950445175,0.2190161496400833,False,-0.05521561950445175
66,0.6,etzxEpPuc6I_8,-1.0,0.3796714246273041,-0.10727444291114807,1.1331652402877808,False,-0.10727444291114807
66,0.6,etzxEpPuc6I_9,-2.799999952316284,0.5241897702217102,-0.39426389336586,-0.12441112101078033,False,-0.39426389336586
66,0.6,etzxEpPuc6I_10,-1.399999976158142,0.48866045475006104,-0.2748260200023651,0.31886041164398193,False,-0.2748260200023651
66,0.6,etzxEpPuc6I_11,-1.600000023841858,0.5053279995918274,-0.11693266034126282,1.121681809425354,False,-0.11693266034126282
66,0.6,etzxEpPuc6I_12,0.6666666865348816,-0.32149332761764526,-0.9572161436080933,-0.5254375338554382,False,-0.9572161436080933
66,0.6,etzxEpPuc6I_13,-2.200000047683716,-1.3211034536361694,-1.6114521026611328,-0.6725305318832397,False,-1.6114521026611328
66,0.6,etzxEpPuc6I_14,-1.2000000476837158,0.29421478509902954,-1.100947618484497,-0.16655060648918152,False,-1.100947618484497
66,0.6,etzxEpPuc6I_15,0.20000000298023224,0.8455963134765625,-0.6012474894523621,0.15801207721233368,False,-0.6012474894523621
66,0.6,etzxEpPuc6I_16,-2.4000000953674316,0.018544131889939308,-1.096788763999939,-0.7271866202354431,True,-0.7271866202354431
66,0.6,etzxEpPuc6I_17,-0.4000000059604645,0.16532829403877258,-0.955027163028717,-0.6181284189224243,True,-0.6181284189224243
66,0.6,etzxEpPuc6I_18,1.399999976158142,0.39542487263679504,-0.8888468146324158,0.07800689339637756,False,-0.8888468146324158
66,0.6,etzxEpPuc6I_19,-0.5,-1.0883867740631104,-1.3866313695907593,-0.6739789247512817,False,-1.3866313695907593
66,0.6,v0zCBqDeKcE_1,2.5999999046325684,-0.2013413906097412,-0.2013413906097412,-0.5100621581077576,True,-0.5100621581077576
66,0.6,v0zCBqDeKcE_2,-0.4000000059604645,1.4757510423660278,1.157484769821167,1.9528696537017822,False,1.157484769821167
66,0.6,v0zCBqDeKcE_3,0.6000000238418579,1.0848994255065918,0.7654770016670227,1.750556468963623,False,0.7654770016670227
66,0.6,v0zCBqDeKcE_4,0.0,-0.14398284256458282,-0.21391619741916656,0.3128093481063843,True,0.3128093481063843
66,0.6,v0zCBqDeKcE_5,2.0,0.35854193568229675,0.35433340072631836,-0.5723735094070435,False,0.35433340072631836
66,0.6,v0zCBqDeKcE_6,0.800000011920929,0.327656626701355,0.30745160579681396,-0.2453867644071579,False,0.30745160579681396
66,0.6,v0zCBqDeKcE_7,1.399999976158142,0.568691611289978,0.023268358781933784,0.2739222049713135,False,0.023268358781933784
66,0.6,v0zCBqDeKcE_8,1.7999999523162842,-0.2838490307331085,-0.19912073016166687,-0.7137835621833801,False,-0.19912073016166687
66,0.6,v0zCBqDeKcE_9,1.7999999523162842,1.4604047536849976,1.2405967712402344,1.5502080917358398,False,1.2405967712402344
66,0.6,v0zCBqDeKcE_10,2.200000047683716,1.5028958320617676,1.375313639640808,1.697059154510498,False,1.375313639640808
66,0.6,v0zCBqDeKcE_11,1.600000023841858,0.8518279194831848,0.8737712502479553,0.8890272378921509,False,0.8737712502479553
66,0.6,v0zCBqDeKcE_12,-0.4000000059604645,-1.4043302536010742,-1.5376567840576172,-1.136358380317688,False,-1.5376567840576172
66,0.6,v0zCBqDeKcE_13,1.7999999523162842,1.3093311786651611,0.6467857956886292,1.826547622680664,False,0.6467857956886292
66,0.6,v0zCBqDeKcE_14,1.5,0.7330774664878845,0.4070051312446594,0.5293737053871155,False,0.4070051312446594
66,0.6,v0zCBqDeKcE_15,2.4000000953674316,-0.5131767988204956,-0.076924629509449,-0.45285776257514954,False,-0.076924629509449
66,0.6,v0zCBqDeKcE_16,0.0,0.05960586667060852,-0.5204562544822693,0.4513500928878784,True,0.4513500928878784
66,0.6,f_pcplsH_V0_1,0.25,0.46707838773727417,0.46707838773727417,0.30341097712516785,False,0.46707838773727417
66,0.6,f_pcplsH_V0_2,1.399999976158142,0.3679479956626892,0.035104900598526,0.9437201023101807,False,0.035104900598526
66,0.6,f_pcplsH_V0_3,0.800000011920929,0.3834533989429474,0.1300046592950821,-0.4879637658596039,False,0.1300046592950821
66,0.6,f_pcplsH_V0_4,0.5,0.07743271440267563,-0.22430451214313507,-0.504092276096344,True,-0.504092276096344
66,0.6,f_pcplsH_V0_5,1.2000000476837158,-1.1228384971618652,-1.5157500505447388,0.41555964946746826,False,-1.5157500505447388
66,0.6,f_pcplsH_V0_6,1.600000023841858,1.5473796129226685,0.9481109380722046,1.7858394384384155,False,0.9481109380722046
66,0.6,f_pcplsH_V0_7,0.0,0.22362247109413147,0.0723172277212143,0.4865395426750183,True,0.4865395426750183
66,0.6,f_pcplsH_V0_8,0.800000011920929,1.8082139492034912,1.3843293190002441,2.119809627532959,False,1.3843293190002441
66,0.6,f_pcplsH_V0_9,-2.4000000953674316,-1.5759902000427246,-1.358605146408081,-1.181859016418457,False,-1.358605146408081
66,0.6,f_pcplsH_V0_10,1.2000000476837158,0.12109079211950302,-0.4329509437084198,-0.7135113477706909,True,-0.7135113477706909
66,0.6,f_pcplsH_V0_11,-0.4000000059604645,0.2311205118894577,-0.4581402838230133,-0.8467534780502319,True,-0.8467534780502319
66,0.6,f_pcplsH_V0_12,-0.800000011920929,0.24661192297935486,-0.4806649684906006,-0.7918541431427002,True,-0.7918541431427002
66,0.6,f_pcplsH_V0_13,1.600000023841858,0.07073092460632324,-0.5831136703491211,-0.5285561084747314,True,-0.5285561084747314
66,0.6,f_pcplsH_V0_14,-1.0,0.21304288506507874,-0.9898984432220459,-0.045107971876859665,True,-0.045107971876859665
66,0.6,f_pcplsH_V0_15,-1.0,0.18856866657733917,-1.047118067741394,-0.3651166260242462,True,-0.3651166260242462
66,0.6,tIrG4oNLFzE_1,2.799999952316284,1.8442251682281494,1.8442251682281494,2.5333251953125,False,1.8442251682281494
66,0.6,tIrG4oNLFzE_2,2.4000000953674316,-0.3725244402885437,0.4253985583782196,-0.035417500883340836,False,0.4253985583782196
66,0.6,tIrG4oNLFzE_3,2.5999999046325684,1.5766388177871704,1.542570948600769,1.708437204360962,False,1.542570948600769
66,0.6,tIrG4oNLFzE_4,1.399999976158142,-1.565711498260498,-1.1151363849639893,-1.2094889879226685,False,-1.1151363849639893
66,0.6,tIrG4oNLFzE_5,0.4000000059604645,-0.2938717007637024,-0.719141960144043,-0.587516188621521,False,-0.719141960144043
66,0.6,tIrG4oNLFzE_6,1.25,0.627810001373291,-0.36367979645729065,0.776202917098999,False,-0.36367979645729065
66,0.6,tIrG4oNLFzE_7,-1.399999976158142,-0.06771286576986313,-0.5562008619308472,-0.3368067145347595,True,-0.3368067145347595
66,0.6,tIrG4oNLFzE_8,-1.2000000476837158,-1.4710488319396973,-1.7787514925003052,-1.2623398303985596,False,-1.7787514925003052
66,0.6,tIrG4oNLFzE_9,-1.0,-1.2716128826141357,-1.7358283996582031,-1.5708473920822144,False,-1.7358283996582031
66,0.6,tIrG4oNLFzE_10,-1.7999999523162842,0.14018802344799042,-1.0136680603027344,-1.0228791236877441,True,-1.0228791236877441
66,0.6,tIrG4oNLFzE_11,-1.600000023841858,-0.35607364773750305,-0.8436269760131836,-0.6918663382530212,False,-0.8436269760131836
66,0.6,tIrG4oNLFzE_12,-2.5999999046325684,-0.6003777980804443,-1.4392858743667603,-1.3761358261108398,False,-1.4392858743667603
66,0.6,tIrG4oNLFzE_13,-2.0,-1.7008006572723389,-1.992162823677063,-1.680737853050232,False,-1.992162823677063
66,0.6,tIrG4oNLFzE_14,-2.4000000953674316,0.6244125962257385,-0.9465938806533813,-0.4447064995765686,False,-0.9465938806533813
66,0.6,tIrG4oNLFzE_15,-2.0,0.7995487451553345,-0.5205305218696594,-0.7696625590324402,False,-0.5205305218696594
66,0.6,tIrG4oNLFzE_16,-1.600000023841858,-1.4352483749389648,-1.7131754159927368,-1.2035104036331177,False,-1.7131754159927368
66,0.6,tIrG4oNLFzE_17,-0.4000000059604645,-0.3750538229942322,-0.8802792429924011,-0.9566575884819031,False,-0.8802792429924011
66,0.6,tIrG4oNLFzE_18,-2.200000047683716,0.9988174438476562,-0.2088707685470581,-0.6088833212852478,False,-0.2088707685470581
66,0.6,cM3Yna7AavY_1,2.200000047683716,-1.53934645652771,-1.53934645652771,-0.9569254517555237,False,-1.53934645652771
66,0.6,cM3Yna7AavY_2,2.5,0.9528493881225586,0.6902750134468079,1.1348357200622559,False,0.6902750134468079
66,0.6,cM3Yna7AavY_3,1.0,-0.024964576587080956,0.006377274636179209,0.8986813426017761,True,0.8986813426017761
66,0.6,cM3Yna7AavY_4,0.6000000238418579,-0.22452031075954437,-0.526957094669342,1.6120480298995972,True,1.6120480298995972
66,0.6,cM3Yna7AavY_5,2.799999952316284,1.5460569858551025,1.255496859550476,1.6971216201782227,False,1.255496859550476
66,0.6,cM3Yna7AavY_6,2.799999952316284,0.05587884038686752,0.6068496108055115,1.1063897609710693,True,1.1063897609710693
66,0.6,cM3Yna7AavY_7,3.0,0.6070212721824646,0.888451874256134,0.6608244776725769,False,0.888451874256134
66,0.6,cM3Yna7AavY_8,-0.6000000238418579,0.014895820990204811,0.5489797592163086,1.163230299949646,True,1.163230299949646
66,0.6,cM3Yna7AavY_9,-0.20000000298023224,-0.09162146598100662,0.39563173055648804,-0.10184204578399658,True,-0.10184204578399658
66,0.6,cM3Yna7AavY_10,1.600000023841858,0.6785082817077637,0.8389335870742798,0.5670983195304871,False,0.8389335870742798
66,0.6,cM3Yna7AavY_11,2.0,0.7873989939689636,0.9376898407936096,0.6775758862495422,False,0.9376898407936096
66,0.6,cM3Yna7AavY_12,-1.0,-0.0691574215888977,0.4274708330631256,1.1147246360778809,True,1.1147246360778809
66,0.6,cM3Yna7AavY_13,-1.600000023841858,0.29178762435913086,0.5882964730262756,1.2257349491119385,False,0.5882964730262756
66,0.6,cM3Yna7AavY_14,-2.5999999046325684,-0.7915984392166138,-0.7018349170684814,-0.5987352728843689,False,-0.7018349170684814
66,0.6,cM3Yna7AavY_15,-2.4000000953674316,0.23030062019824982,-0.308845192193985,0.6988085508346558,True,0.6988085508346558
66,0.6,cM3Yna7AavY_16,-2.799999952316284,0.28255587816238403,-0.0671386793255806,-0.3958769142627716,False,-0.0671386793255806
66,0.6,lXPQBPVc5Cw_1,0.20000000298023224,0.7465914487838745,0.7465914487838745,0.3633492588996887,False,0.7465914487838745
66,0.6,lXPQBPVc5Cw_2,-2.200000047683716,-1.3435996770858765,-1.3352818489074707,-1.1316101551055908,False,-1.3352818489074707
66,0.6,lXPQBPVc5Cw_3,-2.4000000953674316,0.6596677899360657,0.008068937808275223,0.26292726397514343,False,0.008068937808275223
66,0.6,lXPQBPVc5Cw_4,-1.2000000476837158,0.1446969211101532,-0.27692100405693054,-0.8544227480888367,True,-0.8544227480888367
66,0.6,lXPQBPVc5Cw_5,-1.0,-0.834455132484436,-1.0472095012664795,-0.7844330668449402,False,-1.0472095012664795
66,0.6,lXPQBPVc5Cw_6,-1.399999976158142,-1.803712010383606,-2.212261199951172,-1.878304362297058,False,-2.212261199951172
66,0.6,lXPQBPVc5Cw_7,-2.799999952316284,-1.5286788940429688,-2.0156750679016113,-1.869459629058838,False,-2.0156750679016113
66,0.6,lXPQBPVc5Cw_8,2.5999999046325684,1.5466824769973755,1.0843430757522583,0.9944841265678406,False,1.0843430757522583
66,0.6,lXPQBPVc5Cw_9,-2.5999999046325684,-1.5820634365081787,-1.8109956979751587,-1.2115685939788818,False,-1.8109956979751587
66,0.6,lXPQBPVc5Cw_10,-2.200000047683716,-1.743364691734314,-2.1185050010681152,-1.733051061630249,False,-2.1185050010681152
66,0.6,lXPQBPVc5Cw_11,-1.7999999523162842,-0.6915724277496338,-1.6152422428131104,-1.6867191791534424,False,-1.6152422428131104
66,0.6,lXPQBPVc5Cw_12,-2.0,-1.7888994216918945,-2.2782015800476074,-1.9239863157272339,False,-2.2782015800476074
66,0.6,lXPQBPVc5Cw_13,2.799999952316284,1.8515589237213135,0.9827476143836975,1.8256224393844604,False,0.9827476143836975
66,0.6,lXPQBPVc5Cw_14,-2.200000047683716,-1.9457577466964722,-1.8535606861114502,-2.0657479763031006,False,-1.8535606861114502
66,0.6,lXPQBPVc5Cw_15,-2.799999952316284,-1.8285094499588013,-2.211754322052002,-2.145820140838623,False,-2.211754322052002
66,0.6,lXPQBPVc5Cw_16,0.20000000298023224,-1.3639402389526367,-1.9739975929260254,-1.1080163717269897,False,-1.9739975929260254
66,0.6,lXPQBPVc5Cw_17,-1.7999999523162842,1.6181799173355103,0.7746087312698364,1.475398063659668,False,0.7746087312698364
66,0.6,lXPQBPVc5Cw_18,-1.399999976158142,-1.8208303451538086,-2.0416526794433594,-1.8458662033081055,False,-2.0416526794433594
66,0.6,lXPQBPVc5Cw_19,-1.7999999523162842,-1.6784425973892212,-2.137847661972046,-1.6581758260726929,False,-2.137847661972046
66,0.6,lXPQBPVc5Cw_20,-1.7999999523162842,-0.1869051605463028,-1.2304329872131348,-1.493888020515442,True,-1.493888020515442
66,0.6,lXPQBPVc5Cw_21,1.7999999523162842,0.7858560085296631,-0.852159857749939,-0.5495446920394897,False,-0.852159857749939
66,0.6,lXPQBPVc5Cw_22,2.5999999046325684,0.5277569890022278,-0.602696418762207,-0.7588134407997131,False,-0.602696418762207
66,0.6,lXPQBPVc5Cw_23,-2.4000000953674316,-1.0782160758972168,-1.5810855627059937,-0.9379914402961731,False,-1.5810855627059937
66,0.6,lXPQBPVc5Cw_24,-1.399999976158142,-0.03480343520641327,-1.4175434112548828,-0.8625252842903137,True,-0.8625252842903137
66,0.6,lXPQBPVc5Cw_25,-2.4000000953674316,0.6158154010772705,-0.6641489267349243,-0.9105609059333801,False,-0.6641489267349243
66,0.6,lXPQBPVc5Cw_26,-2.799999952316284,0.36337727308273315,-1.0035390853881836,-0.4586130976676941,False,-1.0035390853881836
66,0.6,lXPQBPVc5Cw_27,-2.799999952316284,-1.827412486076355,-2.0547990798950195,-1.6590003967285156,False,-2.0547990798950195
66,0.6,lXPQBPVc5Cw_28,0.800000011920929,-0.006170101463794708,-0.6216335892677307,-0.7103993892669678,True,-0.7103993892669678
66,0.6,lXPQBPVc5Cw_29,-1.2000000476837158,-1.6047207117080688,-1.873783826828003,-1.3283940553665161,False,-1.873783826828003
66,0.6,lXPQBPVc5Cw_30,-2.0,-1.0363707542419434,-1.5464811325073242,-1.2468922138214111,False,-1.5464811325073242
66,0.6,cXypl4FnoZo_1,1.0,0.7361631989479065,0.7361631989479065,1.3861267566680908,False,0.7361631989479065
66,0.6,cXypl4FnoZo_2,1.0,1.0520809888839722,1.028519868850708,1.2086585760116577,False,1.028519868850708
66,0.6,cXypl4FnoZo_3,1.7999999523162842,0.7825379371643066,0.9688389301300049,0.3487699329853058,False,0.9688389301300049
66,0.6,cXypl4FnoZo_4,-0.800000011920929,0.6839215159416199,0.7112922072410583,1.1112010478973389,False,0.7112922072410583
66,0.6,cXypl4FnoZo_5,1.7999999523162842,1.5992854833602905,1.3847695589065552,2.0656049251556396,False,1.3847695589065552
66,0.6,cXypl4FnoZo_6,-0.6000000238418579,0.7798674702644348,0.7115887999534607,1.110374093055725,False,0.7115887999534607
66,0.6,cXypl4FnoZo_7,-1.0,0.6001138091087341,0.4603967070579529,0.8097347021102905,False,0.4603967070579529
66,0.6,cXypl4FnoZo_8,1.399999976158142,0.6245408058166504,0.5699059367179871,-0.13339722156524658,False,0.5699059367179871
66,0.6,cXypl4FnoZo_9,1.2000000476837158,0.6697045564651489,0.5811449289321899,-0.1508144587278366,False,0.5811449289321899
66,0.6,cXypl4FnoZo_10,2.0,1.4944844245910645,1.296910285949707,1.5546069145202637,False,1.296910285949707
66,0.6,cXypl4FnoZo_11,1.399999976158142,1.3117355108261108,1.0462310314178467,1.8190901279449463,False,1.0462310314178467
66,0.6,cXypl4FnoZo_12,2.0,0.42615702748298645,0.9092505574226379,0.2016707956790924,False,0.9092505574226379
66,0.6,cXypl4FnoZo_13,-1.0,-1.307228446006775,-0.9673765897750854,-1.2268391847610474,False,-0.9673765897750854
66,0.6,cXypl4FnoZo_14,-0.6000000238418579,0.27294719219207764,-0.13574925065040588,-0.41526132822036743,False,-0.13574925065040588
66,0.6,cXypl4FnoZo_15,0.0,0.620273232460022,-0.1503313034772873,0.2888176739215851,False,-0.1503313034772873
66,0.6,cXypl4FnoZo_16,-0.6000000238418579,-1.3608264923095703,-1.4392402172088623,-1.3086692094802856,False,-1.4392402172088623
66,0.6,cXypl4FnoZo_17,-0.6000000238418579,0.5586602687835693,-0.29488545656204224,-0.9071581959724426,False,-0.29488545656204224
66,0.6,cXypl4FnoZo_18,-0.25,0.5065775513648987,-0.3532203435897827,-0.8324035406112671,False,-0.3532203435897827
66,0.6,cXypl4FnoZo_19,0.800000011920929,0.9007521867752075,0.6527254581451416,-0.01468229852616787,False,0.6527254581451416
66,0.6,cXypl4FnoZo_20,-1.0,0.5463910698890686,-0.24390184879302979,0.0828729122877121,False,-0.24390184879302979
66,0.6,cXypl4FnoZo_21,-0.6000000238418579,0.7157999873161316,-0.08936616033315659,0.19804997742176056,False,-0.08936616033315659
66,0.6,cXypl4FnoZo_22,0.20000000298023224,0.149783194065094,-0.12726174294948578,0.2963813543319702,True,0.2963813543319702
66,0.6,cXypl4FnoZo_23,0.4000000059604645,0.9111960530281067,0.576971709728241,1.257932186126709,False,0.576971709728241
66,0.6,cXypl4FnoZo_24,0.20000000298023224,-0.12497075647115707,-0.11997397989034653,0.7009099721908569,True,0.7009099721908569
66,0.6,cXypl4FnoZo_25,-1.2000000476837158,0.5216894745826721,0.09744729846715927,-0.2522946298122406,False,0.09744729846715927
66,0.6,cXypl4FnoZo_26,0.6000000238418579,0.8330563306808472,0.06330575048923492,0.4798630475997925,False,0.06330575048923492
66,0.6,cXypl4FnoZo_27,0.800000011920929,0.8581762313842773,0.2839397192001343,-0.25096315145492554,False,0.2839397192001343
66,0.6,cXypl4FnoZo_28,-2.200000047683716,-0.8434406518936157,-0.8733986020088196,-0.751508355140686,False,-0.8733986020088196
66,0.6,cXypl4FnoZo_29,-1.399999976158142,0.3577421009540558,-0.56806880235672,-0.8126485347747803,False,-0.56806880235672
66,0.6,c7UH_rxdZv4_1,-2.799999952316284,-1.7546429634094238,-1.7546429634094238,-1.9433757066726685,False,-1.7546429634094238
66,0.6,c7UH_rxdZv4_2,-2.5999999046325684,0.2061600685119629,-1.0085819959640503,-0.11408527195453644,True,-0.11408527195453644
66,0.6,c7UH_rxdZv4_3,-0.800000011920929,-0.3136923313140869,-0.7046322822570801,-1.2649246454238892,False,-0.7046322822570801
66,0.6,c7UH_rxdZv4_4,1.600000023841858,1.7151496410369873,1.3414292335510254,2.1507434844970703,False,1.3414292335510254
66,0.6,c7UH_rxdZv4_5,-2.200000047683716,0.2637682259082794,0.4634349048137665,-0.22777171432971954,False,0.4634349048137665
66,0.6,c7UH_rxdZv4_6,-2.5999999046325684,-1.837602138519287,-1.7108855247497559,-1.4572365283966064,False,-1.7108855247497559
66,0.6,c7UH_rxdZv4_7,-3.0,-0.0038879262283444405,-1.2010324001312256,-0.37383535504341125,True,-0.37383535504341125
66,0.6,c7UH_rxdZv4_8,-2.799999952316284,-1.4612869024276733,-1.8198550939559937,-1.754547357559204,False,-1.8198550939559937
66,0.6,c7UH_rxdZv4_9,-0.4000000059604645,0.39095890522003174,-0.8258569836616516,-0.9840227365493774,False,-0.8258569836616516
66,0.6,c7UH_rxdZv4_10,0.800000011920929,-0.6042082905769348,-1.109635353088379,-0.8471720814704895,False,-1.109635353088379
66,0.6,c7UH_rxdZv4_11,1.0,1.0236846208572388,0.3304554522037506,1.4343574047088623,False,0.3304554522037506
66,0.6,c7UH_rxdZv4_12,-2.799999952316284,0.13070346415042877,-0.18466666340827942,-0.6806421279907227,True,-0.6806421279907227
66,0.6,c7UH_rxdZv4_13,-2.5999999046325684,-0.02480687014758587,-0.7564319968223572,-0.05839315429329872,True,-0.05839315429329872
66,0.6,c7UH_rxdZv4_14,1.2000000476837158,0.5808987021446228,0.10115275532007217,-0.3347308933734894,False,0.10115275532007217
66,0.6,c7UH_rxdZv4_15,-2.4000000953674316,-0.4423202574253082,-0.6557305455207825,-0.9872475862503052,False,-0.6557305455207825
66,0.6,c7UH_rxdZv4_16,-2.0,-0.04810440540313721,-0.4478430449962616,-0.7668529748916626,True,-0.7668529748916626
66,0.6,c7UH_rxdZv4_17,-1.399999976158142,-0.13550256192684174,-0.5832614302635193,-0.8646471500396729,True,-0.8646471500396729
66,0.6,c7UH_rxdZv4_18,-2.25,-0.10704657435417175,-1.179315447807312,-0.4249328374862671,True,-0.4249328374862671
66,0.6,c7UH_rxdZv4_19,-1.7999999523162842,-1.5917201042175293,-2.0250542163848877,-1.5862778425216675,False,-2.0250542163848877
66,0.6,c7UH_rxdZv4_20,-1.7999999523162842,0.08309372514486313,-0.7259070873260498,-0.8507837057113647,True,-0.8507837057113647
66,0.6,c7UH_rxdZv4_21,-0.800000011920929,0.09337268769741058,-1.0954391956329346,-0.4907514452934265,True,-0.4907514452934265
66,0.6,c7UH_rxdZv4_22,-2.4000000953674316,-1.366222858428955,-1.7956480979919434,-1.3360930681228638,False,-1.7956480979919434
66,0.6,c7UH_rxdZv4_23,-0.6000000238418579,-0.019434666261076927,-0.9030255079269409,-1.2446415424346924,True,-1.2446415424346924
66,0.6,c7UH_rxdZv4_24,-1.7999999523162842,0.11261434853076935,-0.8012976050376892,-1.211529016494751,True,-1.211529016494751
66,0.6,c7UH_rxdZv4_25,0.0,0.05982731282711029,-0.8333094120025635,-1.2000054121017456,True,-1.2000054121017456
66,0.6,c7UH_rxdZv4_26,-2.5999999046325684,0.3428713381290436,-0.8944770097732544,-0.48154711723327637,False,-0.8944770097732544
66,0.6,c7UH_rxdZv4_27,-1.7999999523162842,-0.7355299592018127,-1.2858537435531616,-0.4315362572669983,False,-1.2858537435531616
66,0.6,c7UH_rxdZv4_28,-0.800000011920929,-1.2405860424041748,-1.6681582927703857,-1.2456395626068115,False,-1.6681582927703857
66,0.6,c7UH_rxdZv4_29,0.6000000238418579,0.06712373346090317,-0.7908675074577332,-1.131618618965149,True,-1.131618618965149
66,0.6,c7UH_rxdZv4_30,1.2000000476837158,-0.23609307408332825,-1.0380500555038452,-1.24590003490448,True,-1.24590003490448
66,0.6,c7UH_rxdZv4_31,-1.399999976158142,-0.23922716081142426,-1.091954231262207,-0.9840837121009827,True,-0.9840837121009827
66,0.6,c7UH_rxdZv4_32,-2.200000047683716,0.4424222707748413,-0.21315601468086243,0.0863281786441803,False,-0.21315601468086243
66,0.6,c7UH_rxdZv4_33,-1.7999999523162842,-0.990576446056366,-1.2845051288604736,-1.6041269302368164,False,-1.2845051288604736
66,0.7,f9O3YtZ2VfI_1,-1.2000000476837158,0.4549805819988251,0.4549805819988251,0.13564546406269073,False,0.4549805819988251
66,0.7,f9O3YtZ2VfI_2,1.25,0.6084606647491455,0.47615334391593933,0.3581430912017822,False,0.47615334391593933
66,0.7,f9O3YtZ2VfI_3,0.6000000238418579,1.8637274503707886,1.7027206420898438,1.175767421722412,False,1.7027206420898438
66,0.7,f9O3YtZ2VfI_4,-2.4000000953674316,-0.9268819093704224,-0.7322055697441101,-1.794962763786316,False,-0.7322055697441101
66,0.7,f9O3YtZ2VfI_5,-1.7999999523162842,-1.1009025573730469,-0.9244029521942139,-1.92412531375885,False,-0.9244029521942139
66,0.7,f9O3YtZ2VfI_6,-2.5999999046325684,1.0269579887390137,-0.05632501468062401,-0.3316897749900818,False,-0.05632501468062401
66,0.7,f9O3YtZ2VfI_7,-1.2000000476837158,0.6881070733070374,-0.17820227146148682,-0.4476960003376007,False,-0.17820227146148682
66,0.7,f9O3YtZ2VfI_8,-1.7999999523162842,0.6950693130493164,-0.1883721798658371,-0.5384424328804016,False,-0.1883721798658371
66,0.7,f9O3YtZ2VfI_9,-2.200000047683716,-0.6006407141685486,-0.745117723941803,-1.9557081460952759,False,-0.745117723941803
66,0.7,f9O3YtZ2VfI_10,-2.0,-1.2230966091156006,-0.9648133516311646,-1.6613526344299316,False,-0.9648133516311646
66,0.7,f9O3YtZ2VfI_11,-0.800000011920929,1.1316089630126953,0.001943850889801979,-0.18932117521762848,False,0.001943850889801979
66,0.7,f9O3YtZ2VfI_12,-1.7999999523162842,0.9782304167747498,-0.03453230485320091,0.22440771758556366,False,-0.03453230485320091
66,0.7,f9O3YtZ2VfI_13,-1.600000023841858,-1.227555274963379,-0.7649670243263245,-1.7127281427383423,False,-0.7649670243263245
66,0.7,f9O3YtZ2VfI_14,1.2000000476837158,0.9905375838279724,-0.08453207463026047,-0.32170331478118896,False,-0.08453207463026047
66,0.7,f9O3YtZ2VfI_15,-1.2000000476837158,0.6112861037254333,-0.29726389050483704,-0.4265371263027191,False,-0.29726389050483704
66,0.7,f9O3YtZ2VfI_16,-1.0,0.514662504196167,-0.4294971227645874,-0.44625717401504517,False,-0.4294971227645874
66,0.7,f9O3YtZ2VfI_17,-2.0,-0.9373804926872253,-0.8909731507301331,-0.3741890788078308,False,-0.8909731507301331
66,0.7,f9O3YtZ2VfI_18,-1.0,-1.1219768524169922,-0.7968820929527283,-0.6701988577842712,False,-0.7968820929527283
66,0.7,f9O3YtZ2VfI_19,-0.6000000238418579,0.2554875910282135,-0.482766717672348,0.061817433685064316,False,-0.482766717672348
66,0.7,f9O3YtZ2VfI_20,-0.4000000059604645,-1.293745517730713,-1.012113332748413,-0.385578453540802,False,-1.012113332748413
66,0.7,f9O3YtZ2VfI_21,2.0,0.7073908448219299,-0.428117036819458,0.7414163947105408,False,-0.428117036819458
66,0.7,f9O3YtZ2VfI_22,1.399999976158142,0.9504250884056091,-0.28373873233795166,0.6835752129554749,False,-0.28373873233795166
66,0.7,f9O3YtZ2VfI_23,1.600000023841858,0.5180384516716003,-0.5129194855690002,0.41817161440849304,False,-0.5129194855690002
66,0.7,f9O3YtZ2VfI_24,-2.5999999046325684,-1.171589970588684,-0.9765293598175049,-1.3576133251190186,False,-0.9765293598175049
66,0.7,f9O3YtZ2VfI_25,-1.399999976158142,0.7925205230712891,-0.41358375549316406,0.061698563396930695,False,-0.41358375549316406
66,0.7,f9O3YtZ2VfI_26,1.399999976158142,2.149582862854004,1.101009488105774,1.9481641054153442,False,1.101009488105774
66,0.7,f9O3YtZ2VfI_27,1.600000023841858,0.8267296552658081,0.4091925323009491,1.0728199481964111,False,0.4091925323009491
66,0.7,f9O3YtZ2VfI_28,1.2000000476837158,1.012062907218933,0.5868447422981262,0.8699796199798584,False,0.5868447422981262
66,0.7,f9O3YtZ2VfI_29,-2.0,-0.0682559609413147,0.05061984434723854,0.5518908500671387,True,0.5518908500671387
66,0.7,f9O3YtZ2VfI_30,-1.0,-1.224433422088623,-0.74338299036026,-1.790968418121338,False,-0.74338299036026
66,0.7,wMbj6ajWbic_1,0.5,0.2549951374530792,0.2549951374530792,0.9760684370994568,False,0.2549951374530792
66,0.7,wMbj6ajWbic_2,-0.800000011920929,0.2207813262939453,0.07966402173042297,-0.04410288482904434,True,-0.04410288482904434
66,0.7,wMbj6ajWbic_3,0.0,1.16469407081604,0.6561816334724426,-0.21727535128593445,False,0.6561816334724426
66,0.7,wMbj6ajWbic_4,1.0,-1.2198197841644287,-0.9518356919288635,-1.689889907836914,False,-0.9518356919288635
66,0.7,wMbj6ajWbic_5,0.20000000298023224,2.1651668548583984,1.2860541343688965,2.1337883472442627,False,1.2860541343688965
66,0.7,wMbj6ajWbic_6,1.7999999523162842,0.6087452173233032,0.3901039958000183,0.7993190288543701,False,0.3901039958000183
66,0.7,wMbj6ajWbic_7,-1.2000000476837158,-1.2191847562789917,-0.9284423589706421,-2.0966217517852783,False,-0.9284423589706421
66,0.7,wMbj6ajWbic_8,-0.20000000298023224,0.627396285533905,0.1724405288696289,-0.05920322611927986,False,0.1724405288696289
66,0.7,wMbj6ajWbic_9,-2.0,-1.1468207836151123,-0.8624855875968933,-2.0182602405548096,False,-0.8624855875968933
66,0.7,wMbj6ajWbic_10,-1.7999999523162842,0.002698601223528385,-0.5974951386451721,-0.29305848479270935,True,-0.29305848479270935
66,0.7,wMbj6ajWbic_11,0.4000000059604645,1.013762354850769,-0.05576850846409798,0.3748743534088135,False,-0.05576850846409798
66,0.7,wMbj6ajWbic_12,1.600000023841858,1.8489062786102295,0.9346436262130737,1.254992127418518,False,0.9346436262130737
66,0.7,wMbj6ajWbic_13,2.0,0.6924944519996643,0.4940922260284424,0.5092700719833374,False,0.4940922260284424
66,0.7,wMbj6ajWbic_14,-0.800000011920929,-0.05967629328370094,-0.08479911834001541,0.059153903275728226,True,0.059153903275728226
66,0.7,wMbj6ajWbic_15,2.0,-0.3545003831386566,-0.36876821517944336,-0.07477710396051407,False,-0.36876821517944336
66,0.7,wMbj6ajWbic_16,-0.4000000059604645,-0.6327555775642395,-0.709657609462738,-0.46711990237236023,False,-0.709657609462738
66,0.7,wMbj6ajWbic_17,2.0,0.6518641114234924,-0.39139315485954285,-0.2121647596359253,False,-0.39139315485954285
66,0.7,wMbj6ajWbic_18,-1.0,0.6752479672431946,0.0022930260747671127,0.6114727854728699,False,0.0022930260747671127
66,0.7,wMbj6ajWbic_19,-0.6000000238418579,0.7341980934143066,-0.2734393775463104,0.11506274342536926,False,-0.2734393775463104
66,0.7,wMbj6ajWbic_20,-0.4000000059604645,1.9006835222244263,0.8859450817108154,1.6452564001083374,False,0.8859450817108154
66,0.7,wMbj6ajWbic_21,1.600000023841858,0.8024131655693054,0.15027378499507904,0.3822731077671051,False,0.15027378499507904
66,0.7,wMbj6ajWbic_22,1.399999976158142,0.7412840127944946,0.11336664855480194,0.45451781153678894,False,0.11336664855480194
66,0.7,wMbj6ajWbic_23,1.7999999523162842,0.36327019333839417,0.01340090949088335,0.046103980392217636,False,0.01340090949088335
66,0.7,wMbj6ajWbic_24,1.399999976158142,0.5062772035598755,-0.07184192538261414,-0.11978781223297119,False,-0.07184192538261414
66,0.7,wMbj6ajWbic_25,2.0,0.5284069776535034,0.0907905325293541,0.04235459864139557,False,0.0907905325293541
66,0.7,wMbj6ajWbic_26,1.7999999523162842,2.1032817363739014,1.564241886138916,1.3484244346618652,False,1.564241886138916
66,0.7,wMbj6ajWbic_27,0.0,-0.7109751105308533,-0.48695307970046997,0.08318974077701569,False,-0.48695307970046997
66,0.7,wMbj6ajWbic_28,2.4000000953674316,2.2728188037872314,1.3394216299057007,2.056830406188965,False,1.3394216299057007
66,0.7,wMbj6ajWbic_29,1.7999999523162842,1.029320240020752,0.8456643223762512,1.2565830945968628,False,0.8456643223762512
66,0.7,wMbj6ajWbic_30,0.800000011920929,0.49271854758262634,0.4583994448184967,0.6594339609146118,False,0.4583994448184967
66,0.7,vvZ4IcEtiZc_1,2.0,2.333559274673462,2.333559274673462,2.32749342918396,False,2.333559274673462
66,0.7,vvZ4IcEtiZc_2,2.4000000953674316,1.5995060205459595,1.8917138576507568,1.2645926475524902,False,1.8917138576507568
66,0.7,vvZ4IcEtiZc_3,1.399999976158142,-1.0275087356567383,-0.31573525071144104,-1.635762095451355,False,-0.31573525071144104
66,0.7,vvZ4IcEtiZc_4,2.200000047683716,1.4695526361465454,1.0757994651794434,0.6046662926673889,False,1.0757994651794434
66,0.7,vvZ4IcEtiZc_5,1.2000000476837158,1.7252540588378906,1.3062409162521362,0.7046664953231812,False,1.3062409162521362
66,0.7,vvZ4IcEtiZc_6,1.0,1.3947917222976685,1.1065963506698608,0.5894351601600647,False,1.1065963506698608
66,0.7,vvZ4IcEtiZc_7,1.399999976158142,0.4283362329006195,0.4753490090370178,-0.09540464729070663,False,0.4753490090370178
66,0.7,vvZ4IcEtiZc_8,-1.5,-0.9156332612037659,-0.3328159749507904,-1.6173672676086426,False,-0.3328159749507904
66,0.7,vvZ4IcEtiZc_9,2.200000047683716,2.2031242847442627,1.666753888130188,2.0454189777374268,False,1.666753888130188
66,0.7,vvZ4IcEtiZc_10,-2.0,1.8141436576843262,1.7146496772766113,1.1386054754257202,False,1.7146496772766113
66,0.7,vvZ4IcEtiZc_11,1.600000023841858,1.6290690898895264,1.6190322637557983,0.9724920392036438,False,1.6190322637557983
66,0.7,vvZ4IcEtiZc_12,0.20000000298023224,-0.4502538740634918,0.1634507179260254,-0.15038050711154938,False,0.1634507179260254
66,0.7,d3_k5Xpfmik_1,2.0,1.1900688409805298,1.1900688409805298,0.9038635492324829,False,1.1900688409805298
66,0.7,d3_k5Xpfmik_2,0.0,0.9192883372306824,0.9198207259178162,0.7989564538002014,False,0.9198207259178162
66,0.7,d3_k5Xpfmik_3,2.0,2.1135077476501465,2.0048952102661133,1.6878759860992432,False,2.0048952102661133
66,0.7,d3_k5Xpfmik_4,-1.0,-0.7791655659675598,-0.45162832736968994,-0.4145504832267761,False,-0.45162832736968994
66,0.7,d3_k5Xpfmik_5,2.200000047683716,0.5430192947387695,-0.0629819855093956,0.44551607966423035,False,-0.0629819855093956
66,0.7,d3_k5Xpfmik_6,1.600000023841858,2.149770498275757,1.3670501708984375,2.1143531799316406,False,1.3670501708984375
66,0.7,d3_k5Xpfmik_7,0.4000000059604645,-0.48694661259651184,-0.37798887491226196,-0.44516345858573914,False,-0.37798887491226196
66,0.7,d3_k5Xpfmik_8,2.200000047683716,0.7678973078727722,0.030964385718107224,0.009051436558365822,False,0.030964385718107224
66,0.7,d3_k5Xpfmik_9,1.399999976158142,0.6816110610961914,0.2673287093639374,0.7090907096862793,False,0.2673287093639374
66,0.7,d3_k5Xpfmik_10,0.4000000059604645,1.140852928161621,0.52004474401474,1.012377142906189,False,0.52004474401474
66,0.7,d3_k5Xpfmik_11,2.4000000953674316,1.6537381410598755,1.0885512828826904,1.553317666053772,False,1.0885512828826904
66,0.7,d3_k5Xpfmik_12,2.0,1.1309144496917725,0.9581490755081177,1.9782708883285522,False,0.9581490755081177
66,0.7,d3_k5Xpfmik_13,2.200000047683716,1.98484206199646,1.4631870985031128,1.5334246158599854,False,1.4631870985031128
66,0.7,d3_k5Xpfmik_14,2.0,-0.23880520462989807,-0.05546865239739418,0.490828275680542,True,0.490828275680542
66,0.7,d3_k5Xpfmik_15,2.5999999046325684,2.011183261871338,1.286576747894287,1.9524260759353638,False,1.286576747894287
66,0.7,d3_k5Xpfmik_16,2.0,2.3004238605499268,1.6571626663208008,2.1182053089141846,False,1.6571626663208008
66,0.7,d3_k5Xpfmik_17,1.600000023841858,0.3335239291191101,0.7549213767051697,1.2120037078857422,False,0.7549213767051697
66,0.7,d3_k5Xpfmik_18,0.800000011920929,-1.1227874755859375,-0.43403148651123047,-1.4394866228103638,False,-0.43403148651123047
66,0.7,d3_k5Xpfmik_19,0.20000000298023224,0.8185088634490967,0.24947471916675568,0.3478745222091675,False,0.24947471916675568
66,0.7,vyB00TXsimI_1,0.0,0.2767356336116791,0.2767356336116791,0.9586617946624756,False,0.2767356336116791
66,0.7,vyB00TXsimI_2,-2.4000000953674316,0.8509118556976318,0.908152163028717,1.222495198249817,False,0.908152163028717
66,0.7,vyB00TXsimI_3,2.200000047683716,1.126153588294983,1.101639986038208,1.3894954919815063,False,1.101639986038208
66,0.7,vyB00TXsimI_4,1.7999999523162842,0.9689008593559265,0.8092925548553467,0.5242639780044556,False,0.8092925548553467
66,0.7,vyB00TXsimI_5,1.7999999523162842,2.3104748725891113,1.9312572479248047,1.8816032409667969,False,1.9312572479248047
66,0.7,vyB00TXsimI_6,2.0,0.8181862235069275,1.1764472723007202,1.1114895343780518,False,1.1764472723007202
66,0.7,vyB00TXsimI_7,2.4000000953674316,2.23531174659729,2.0782175064086914,1.9727238416671753,False,2.0782175064086914
66,0.7,vyB00TXsimI_8,2.5999999046325684,2.1962971687316895,1.9831682443618774,2.155555486679077,False,1.9831682443618774
66,0.7,vyB00TXsimI_9,-0.25,0.43798425793647766,1.0280678272247314,0.9275082349777222,False,1.0280678272247314
66,0.7,vyB00TXsimI_10,1.3333333730697632,1.9037089347839355,1.7583197355270386,1.3352673053741455,False,1.7583197355270386
66,0.7,vyB00TXsimI_11,-0.20000000298023224,-0.9137741327285767,-0.2876380980014801,0.7155753970146179,False,-0.2876380980014801
66,0.7,vyB00TXsimI_12,0.20000000298023224,1.1207916736602783,0.830099880695343,1.390941858291626,False,0.830099880695343
66,0.7,vyB00TXsimI_13,2.4000000953674316,0.6938304305076599,0.5696312189102173,-0.7776916027069092,False,0.5696312189102173
66,0.7,vyB00TXsimI_14,2.0,2.299437999725342,1.4233967065811157,2.139427900314331,False,1.4233967065811157
66,0.7,vyB00TXsimI_15,2.5999999046325684,1.3628838062286377,0.9369813203811646,1.950250267982483,False,0.9369813203811646
66,0.7,vyB00TXsimI_16,0.4000000059604645,-0.24328725039958954,-0.3189299404621124,1.5312037467956543,True,1.5312037467956543
66,0.7,vyB00TXsimI_17,1.399999976158142,1.6996912956237793,0.9058743119239807,2.012693166732788,False,0.9058743119239807
66,0.7,vyB00TXsimI_18,2.4000000953674316,2.342258930206299,1.574249267578125,2.103285551071167,False,1.574249267578125
66,0.7,vyB00TXsimI_19,1.2000000476837158,0.9689056277275085,1.1174026727676392,0.8790024518966675,False,1.1174026727676392
66,0.7,vyB00TXsimI_20,2.200000047683716,0.927718997001648,1.1028577089309692,0.6933217644691467,False,1.1028577089309692
66,0.7,vyB00TXsimI_21,1.2000000476837158,1.7757909297943115,1.449639916419983,1.9686305522918701,False,1.449639916419983
66,0.7,vyB00TXsimI_22,0.6000000238418579,0.07092981785535812,0.5285227298736572,0.7358201742172241,True,0.7358201742172241
66,0.7,fvVhgmXxadc_1,-0.4000000059604645,0.683316171169281,0.683316171169281,0.9771750569343567,False,0.683316171169281
66,0.7,fvVhgmXxadc_2,-2.799999952316284,-1.2600655555725098,-1.1694576740264893,-2.5249695777893066,False,-1.1694576740264893
66,0.7,fvVhgmXxadc_3,-2.200000047683716,-0.878716766834259,-1.0009440183639526,-1.6920465230941772,False,-1.0009440183639526
66,0.7,fvVhgmXxadc_4,-2.799999952316284,0.17021378874778748,-0.561479926109314,-0.38462305068969727,True,-0.38462305068969727
66,0.7,fvVhgmXxadc_5,0.0,-0.15649919211864471,-0.8041706681251526,-0.10768295079469681,True,-0.10768295079469681
66,0.7,fvVhgmXxadc_6,-0.20000000298023224,0.4065980911254883,-0.42636194825172424,-0.10557538270950317,False,-0.42636194825172424
66,0.7,fvVhgmXxadc_7,-1.0,-0.5172817707061768,-0.8495137095451355,-0.6405198574066162,False,-0.8495137095451355
66,0.7,fvVhgmXxadc_8,-0.5,-0.9113255739212036,-0.9921398162841797,-1.2765251398086548,False,-0.9921398162841797
66,0.7,fvVhgmXxadc_9,-0.4000000059604645,0.6638684272766113,-0.5169641375541687,0.009553825482726097,False,-0.5169641375541687
66,0.7,fvVhgmXxadc_10,0.0,-0.4899323880672455,-0.696721076965332,-1.124056339263916,False,-0.696721076965332
66,0.7,fvVhgmXxadc_11,-0.20000000298023224,0.10907357931137085,-0.32160285115242004,0.39381736516952515,True,0.39381736516952515
66,0.7,fvVhgmXxadc_12,0.0,-0.6341047883033752,-0.7456225156784058,-0.03470001742243767,False,-0.7456225156784058
66,0.7,fvVhgmXxadc_13,0.20000000298023224,-1.1040747165679932,-0.9974575638771057,-0.5742332339286804,False,-0.9974575638771057
66,0.7,fvVhgmXxadc_14,0.0,-0.88431715965271,-1.0359723567962646,-0.17052061855793,False,-1.0359723567962646
66,0.7,ob23OKe5a9Q_1,1.2000000476837158,1.2956043481826782,1.2956043481826782,0.6553534269332886,False,1.2956043481826782
66,0.7,ob23OKe5a9Q_2,1.0,0.28582239151000977,0.3633382320404053,-0.3076699674129486,False,0.3633382320404053
66,0.7,ob23OKe5a9Q_3,-1.2000000476837158,0.3095495402812958,0.15347911417484283,0.37968242168426514,False,0.15347911417484283
66,0.7,ob23OKe5a9Q_4,-1.5,0.004032227210700512,-0.12274502217769623,-0.20501571893692017,True,-0.20501571893692017
66,0.7,ob23OKe5a9Q_5,-1.7999999523162842,0.8312487006187439,0.5233785510063171,0.19912315905094147,False,0.5233785510063171
66,0.7,ob23OKe5a9Q_6,0.0,0.3819669783115387,0.3642171025276184,0.4718184173107147,False,0.3642171025276184
66,0.7,ob23OKe5a9Q_7,0.6000000238418579,0.4130866527557373,0.3783344328403473,0.5490065813064575,False,0.3783344328403473
66,0.7,ob23OKe5a9Q_8,0.6000000238418579,-0.06432436406612396,0.05739622190594673,-0.14648477733135223,True,-0.14648477733135223
66,0.7,ob23OKe5a9Q_9,-1.399999976158142,0.059585314244031906,0.1220172867178917,-0.04122592881321907,True,-0.04122592881321907
66,0.7,ob23OKe5a9Q_10,1.25,2.220444917678833,1.6852692365646362,2.086372137069702,False,1.6852692365646362
66,0.7,ob23OKe5a9Q_11,0.800000011920929,1.5080386400222778,1.5423561334609985,1.94724702835083,False,1.5423561334609985
66,0.7,ob23OKe5a9Q_12,2.799999952316284,2.394397020339966,2.0303454399108887,2.151829242706299,False,2.0303454399108887
66,0.7,ob23OKe5a9Q_13,1.25,0.45103347301483154,0.9090140461921692,0.41961926221847534,False,0.9090140461921692
66,0.7,ob23OKe5a9Q_14,0.800000011920929,-0.41185131669044495,0.35223639011383057,0.1130499318242073,False,0.35223639011383057
66,0.7,zhpQhgha_KU_1,-1.600000023841858,-1.2311923503875732,-1.2311923503875732,-2.312469005584717,False,-1.2311923503875732
66,0.7,zhpQhgha_KU_2,1.600000023841858,0.2672983407974243,-0.352033793926239,0.3993445038795471,False,-0.352033793926239
66,0.7,zhpQhgha_KU_3,-1.600000023841858,0.5355464220046997,-0.11738075315952301,-0.31724077463150024,False,-0.11738075315952301
66,0.7,zhpQhgha_KU_4,-1.600000023841858,0.37311843037605286,-0.2741749882698059,-0.13330009579658508,False,-0.2741749882698059
66,0.7,zhpQhgha_KU_5,-2.200000047683716,0.32065635919570923,-0.31394267082214355,-0.18210819363594055,False,-0.31394267082214355
66,0.7,zhpQhgha_KU_6,1.0,1.6432496309280396,1.0503573417663574,1.3115184307098389,False,1.0503573417663574
66,0.7,zhpQhgha_KU_7,1.0,0.89663165807724,0.5959423780441284,0.4699285924434662,False,0.5959423780441284
66,0.7,zhpQhgha_KU_8,-1.0,0.44039982557296753,0.20419941842556,0.03979676961898804,False,0.20419941842556
66,0.7,zhpQhgha_KU_9,-1.0,0.4856107831001282,0.19721606373786926,0.2995591461658478,False,0.19721606373786926
66,0.7,zhpQhgha_KU_10,0.6000000238418579,1.3575448989868164,0.8874990940093994,0.6826532483100891,False,0.8874990940093994
66,0.7,zhpQhgha_KU_11,-2.4000000953674316,-1.3411471843719482,-0.7007819414138794,-1.9896286725997925,False,-0.7007819414138794
66,0.7,zhpQhgha_KU_12,-1.399999976158142,-0.9091107249259949,-0.8733915090560913,-2.0838727951049805,False,-0.8733915090560913
66,0.7,zhpQhgha_KU_13,-1.0,-0.6154857873916626,-0.7472132444381714,-1.7429651021957397,False,-0.7472132444381714
66,0.7,zhpQhgha_KU_14,-1.5,-0.810361921787262,-0.8414835929870605,-2.206587791442871,False,-0.8414835929870605
66,0.7,zhpQhgha_KU_15,-2.0,0.1441093534231186,-0.6315290927886963,-0.8576332330703735,True,-0.8576332330703735
66,0.7,zhpQhgha_KU_16,1.7999999523162842,1.8405492305755615,1.1017009019851685,2.124464988708496,False,1.1017009019851685
66,0.7,zhpQhgha_KU_17,1.75,1.4695152044296265,1.1342148780822754,0.9731512069702148,False,1.1342148780822754
66,0.7,zhpQhgha_KU_18,0.6000000238418579,0.6801759600639343,0.8200384974479675,1.0260008573532104,False,0.8200384974479675
66,0.7,zhpQhgha_KU_19,-0.800000011920929,-0.18652760982513428,0.04153453931212425,0.09471891820430756,True,0.09471891820430756
66,0.7,zhpQhgha_KU_20,-1.399999976158142,-0.7427532076835632,-0.6028318405151367,-1.9268200397491455,False,-0.6028318405151367
66,0.7,zhpQhgha_KU_21,0.6000000238418579,0.4252346456050873,-0.13496509194374084,-0.06125011667609215,False,-0.13496509194374084
66,0.7,zhpQhgha_KU_22,0.6000000238418579,-1.209863543510437,-0.7858989238739014,-0.16529898345470428,False,-0.7858989238739014
66,0.7,zhpQhgha_KU_23,-0.5,1.1727092266082764,0.5417211055755615,1.3274325132369995,False,0.5417211055755615
66,0.7,zhpQhgha_KU_24,0.0,-1.3064045906066895,-0.7450801730155945,-1.6393494606018066,False,-0.7450801730155945
66,0.7,zhpQhgha_KU_25,1.0,0.844836950302124,0.35261082649230957,0.9628680348396301,False,0.35261082649230957
66,0.7,zhpQhgha_KU_26,0.0,-0.9164945483207703,-0.6125831007957458,-0.9089910387992859,False,-0.6125831007957458
66,0.7,zhpQhgha_KU_27,0.800000011920929,1.4918497800827026,0.8010792136192322,0.45466846227645874,False,0.8010792136192322
66,0.7,zhpQhgha_KU_28,1.399999976158142,2.1053125858306885,1.423783302307129,1.7917059659957886,False,1.423783302307129
66,0.7,zhpQhgha_KU_29,-1.2000000476837158,-1.4567242860794067,-0.9429135918617249,-1.851542592048645,False,-0.9429135918617249
66,0.7,zhpQhgha_KU_30,-2.0,0.26258018612861633,-0.2985375225543976,0.14977584779262543,False,-0.2985375225543976
66,0.7,zhpQhgha_KU_31,-1.0,1.0589760541915894,0.2624013125896454,-0.016963256523013115,False,0.2624013125896454
66,0.7,zhpQhgha_KU_32,0.800000011920929,1.3784737586975098,0.48376187682151794,0.17766067385673523,False,0.48376187682151794
66,0.7,zhpQhgha_KU_33,-0.4000000059604645,0.2753812372684479,0.06902770698070526,0.40711793303489685,False,0.06902770698070526
66,0.7,zhpQhgha_KU_34,1.2000000476837158,1.0085179805755615,0.19836463034152985,0.5351590514183044,False,0.19836463034152985
66,0.7,zhpQhgha_KU_35,0.6000000238418579,0.3854360282421112,0.030332408845424652,0.6129131317138672,False,0.030332408845424652
66,0.7,phBUpBr1hSo_1,1.399999976158142,1.4800138473510742,1.4800138473510742,1.0451604127883911,False,1.4800138473510742
66,0.7,phBUpBr1hSo_2,2.200000047683716,1.456420660018921,1.4742698669433594,0.8865553140640259,False,1.4742698669433594
66,0.7,phBUpBr1hSo_3,2.799999952316284,1.3974144458770752,1.410554051399231,0.8727204203605652,False,1.410554051399231
66,0.7,phBUpBr1hSo_4,-0.800000011920929,0.47549667954444885,0.7280347943305969,0.34500569105148315,False,0.7280347943305969
66,0.7,phBUpBr1hSo_5,-1.399999976158142,0.8557989597320557,0.934429407119751,0.6707010269165039,False,0.934429407119751
66,0.7,phBUpBr1hSo_6,1.600000023841858,1.9711076021194458,1.6649479866027832,1.3559777736663818,False,1.6649479866027832
66,0.7,phBUpBr1hSo_7,-1.0,1.4620320796966553,1.4981135129928589,0.9672091007232666,False,1.4981135129928589
66,0.7,phBUpBr1hSo_8,-2.200000047683716,-0.9144458770751953,-0.1939833164215088,-0.43567630648612976,False,-0.1939833164215088
66,0.7,phBUpBr1hSo_9,-2.0,-0.9731613993644714,-0.4143138825893402,-0.9603553414344788,False,-0.4143138825893402
66,0.7,phBUpBr1hSo_10,-1.399999976158142,-1.25003981590271,-0.612225353717804,-2.1035070419311523,False,-0.612225353717804
66,0.7,phBUpBr1hSo_11,2.0,1.3975235223770142,0.344461590051651,-0.05566537752747536,False,0.344461590051651
66,0.7,phBUpBr1hSo_12,1.7999999523162842,0.46033933758735657,-0.10486600548028946,-0.3799116313457489,False,-0.10486600548028946
66,0.7,phBUpBr1hSo_13,0.800000011920929,2.117594003677368,1.4350965023040771,1.693215012550354,False,1.4350965023040771
66,0.7,phBUpBr1hSo_14,-1.2000000476837158,-0.8402095437049866,-0.24533052742481232,-1.0885560512542725,False,-0.24533052742481232
66,0.7,phBUpBr1hSo_15,-2.200000047683716,0.6951542496681213,0.325158029794693,0.14849527180194855,False,0.325158029794693
66,0.7,phBUpBr1hSo_16,-1.600000023841858,-0.8995537757873535,-0.43535155057907104,0.028059422969818115,False,-0.43535155057907104
66,0.7,phBUpBr1hSo_17,2.0,1.316784143447876,0.3576190173625946,0.5127315521240234,False,0.3576190173625946
66,0.7,phBUpBr1hSo_18,0.800000011920929,1.2473218441009521,0.8321221470832825,1.239892601966858,False,0.8321221470832825
66,0.7,phBUpBr1hSo_19,2.0,2.063058614730835,1.5784209966659546,1.6383179426193237,False,1.5784209966659546
66,0.7,phBUpBr1hSo_20,-1.25,-0.5021625757217407,-0.03965048864483833,-0.10078570246696472,False,-0.03965048864483833
66,0.7,phBUpBr1hSo_21,0.800000011920929,1.313918948173523,0.7053296566009521,0.28557005524635315,False,0.7053296566009521
66,0.7,yDtzw_Y-7RU_1,0.800000011920929,0.8524100184440613,0.8524100184440613,0.5524902939796448,False,0.8524100184440613
66,0.7,yDtzw_Y-7RU_2,0.800000011920929,0.09941628575325012,0.07092025876045227,0.2885217070579529,True,0.2885217070579529
66,0.7,yDtzw_Y-7RU_3,0.75,0.6942465901374817,0.03338925167918205,0.5460358262062073,False,0.03338925167918205
66,0.7,yDtzw_Y-7RU_4,-1.0,0.3758409321308136,0.11008040606975555,0.42463168501853943,False,0.11008040606975555
66,0.7,yDtzw_Y-7RU_5,0.5,0.4510785639286041,0.19147686660289764,-1.7948862314224243,False,0.19147686660289764
66,0.7,yDtzw_Y-7RU_6,-1.2000000476837158,-1.03046715259552,-0.9413644671440125,-1.642683982849121,False,-0.9413644671440125
66,0.7,yDtzw_Y-7RU_7,-0.20000000298023224,0.6466185450553894,-0.417212575674057,-0.43143966794013977,False,-0.417212575674057
66,0.7,yDtzw_Y-7RU_8,-1.5,0.6724656820297241,-0.14349135756492615,0.011340111494064331,False,-0.14349135756492615
66,0.7,yDtzw_Y-7RU_9,-1.0,-0.9114653468132019,-1.0017133951187134,-0.6755799055099487,False,-1.0017133951187134
66,0.7,yDtzw_Y-7RU_10,-0.6000000238418579,0.4608422517776489,-0.5792728066444397,-0.690367579460144,False,-0.5792728066444397
66,0.7,yDtzw_Y-7RU_11,-1.399999976158142,-1.2496757507324219,-1.215924620628357,-1.8468064069747925,False,-1.215924620628357
66,0.7,yDtzw_Y-7RU_12,-0.6666666865348816,0.6487778425216675,-0.34998488426208496,-0.4372178912162781,False,-0.34998488426208496
66,0.7,yDtzw_Y-7RU_13,-1.7999999523162842,-1.2510253190994263,-1.030478835105896,-2.0336389541625977,False,-1.030478835105896
66,0.7,yDtzw_Y-7RU_14,2.200000047683716,0.2814124524593353,-0.566565990447998,-0.7015181183815002,False,-0.566565990447998
66,0.7,yDtzw_Y-7RU_15,0.6000000238418579,1.1056251525878906,-0.3158160448074341,0.08856770396232605,False,-0.3158160448074341
66,0.7,yDtzw_Y-7RU_16,0.6000000238418579,0.7632888555526733,-0.5052839517593384,-0.4363768994808197,False,-0.5052839517593384
66,0.7,yDtzw_Y-7RU_17,0.20000000298023224,0.2179170399904251,-0.59145188331604,-0.7603665590286255,True,-0.7603665590286255
66,0.7,yDtzw_Y-7RU_18,-2.0,-1.047085165977478,-1.0969526767730713,-2.364699125289917,False,-1.0969526767730713
66,0.7,yDtzw_Y-7RU_19,-1.600000023841858,-0.21661143004894257,-0.8696228265762329,-1.164863109588623,True,-1.164863109588623
66,0.7,yDtzw_Y-7RU_20,-0.6000000238418579,0.6503940224647522,-0.7236225605010986,-0.7540268301963806,False,-0.7236225605010986
66,0.7,yDtzw_Y-7RU_21,0.20000000298023224,1.8484121561050415,0.5203074216842651,1.1264886856079102,False,0.5203074216842651
66,0.7,yDtzw_Y-7RU_22,2.0,0.6913214921951294,-0.1962655484676361,0.20019006729125977,False,-0.1962655484676361
66,0.7,yDtzw_Y-7RU_23,2.200000047683716,2.070199966430664,1.0575499534606934,1.5425745248794556,False,1.0575499534606934
66,0.7,yDtzw_Y-7RU_24,-0.800000011920929,0.3131847381591797,0.2512510418891907,0.6480270624160767,False,0.2512510418891907
66,0.7,nzpVDcQ0ywM_1,0.0,2.0455663204193115,2.0455663204193115,2.3141367435455322,False,2.0455663204193115
66,0.7,nzpVDcQ0ywM_2,-1.600000023841858,0.3777625858783722,0.8089450001716614,0.3610007166862488,False,0.8089450001716614
66,0.7,nzpVDcQ0ywM_3,0.800000011920929,1.0089031457901,0.9662337303161621,2.0203895568847656,False,0.9662337303161621
66,0.7,nzpVDcQ0ywM_4,-1.600000023841858,-0.1467408835887909,0.19352486729621887,0.5288884043693542,True,0.5288884043693542
66,0.7,nzpVDcQ0ywM_5,-0.4000000059604645,-0.731095552444458,-0.5829108953475952,-1.1490229368209839,False,-0.5829108953475952
66,0.7,nzpVDcQ0ywM_6,-1.399999976158142,0.18986770510673523,-0.30276837944984436,0.3922271728515625,True,0.3922271728515625
66,0.7,nzpVDcQ0ywM_7,-1.0,-0.9254977107048035,-0.9077423214912415,-0.7556597590446472,False,-0.9077423214912415
66,0.7,nzpVDcQ0ywM_8,2.0,0.17032445967197418,-0.4260193407535553,-0.7170770168304443,True,-0.7170770168304443
66,0.7,nzpVDcQ0ywM_9,-2.200000047683716,-1.0711613893508911,-1.0501021146774292,-0.9833757877349854,False,-1.0501021146774292
66,0.7,nzpVDcQ0ywM_10,-1.0,0.3165751099586487,-0.4356422424316406,-0.7895852327346802,False,-0.4356422424316406
66,0.7,nzpVDcQ0ywM_11,0.0,0.035055894404649734,-0.29447513818740845,-0.4383973777294159,True,-0.4383973777294159
66,0.7,nzpVDcQ0ywM_12,-1.399999976158142,0.5502405166625977,-0.13585548102855682,-0.09152857959270477,False,-0.13585548102855682
66,0.7,nzpVDcQ0ywM_13,-1.0,0.6480152010917664,-0.13727079331874847,0.07645663619041443,False,-0.13727079331874847
66,0.7,nzpVDcQ0ywM_14,0.20000000298023224,0.7314316630363464,-0.002845081500709057,0.002223765943199396,False,-0.002845081500709057
66,0.7,nzpVDcQ0ywM_15,-0.6000000238418579,0.3428468108177185,-0.2400929182767868,-0.3012382984161377,False,-0.2400929182767868
66,0.7,nzpVDcQ0ywM_16,1.399999976158142,1.0652343034744263,0.20887228846549988,0.3450506925582886,False,0.20887228846549988
66,0.7,nzpVDcQ0ywM_17,1.600000023841858,0.7766666412353516,0.08443842828273773,0.08137865364551544,False,0.08443842828273773
66,0.7,nzpVDcQ0ywM_18,1.2000000476837158,0.7262862920761108,0.06629835069179535,0.463849276304245,False,0.06629835069179535
66,0.7,nzpVDcQ0ywM_19,-2.0,0.7778709530830383,0.10089528560638428,0.30474168062210083,False,0.10089528560638428
66,0.7,nzpVDcQ0ywM_20,0.20000000298023224,0.998875081539154,0.24146915972232819,0.428150475025177,False,0.24146915972232819
66,0.7,nzpVDcQ0ywM_21,-1.399999976158142,-1.190763235092163,-0.7673262357711792,-1.6658910512924194,False,-0.7673262357711792
66,0.7,nzpVDcQ0ywM_22,2.0,0.7611590027809143,-0.185763880610466,0.01674136519432068,False,-0.185763880610466
66,0.7,nzpVDcQ0ywM_23,2.0,2.286602735519409,1.324803113937378,2.097658634185791,False,1.324803113937378
66,0.7,nzpVDcQ0ywM_24,1.600000023841858,0.610258936882019,0.5988672971725464,0.8154270052909851,False,0.5988672971725464
66,0.7,jUzDDGyPkXU_1,2.799999952316284,2.3167500495910645,2.3167500495910645,2.5219407081604004,False,2.3167500495910645
66,0.7,jUzDDGyPkXU_2,2.5999999046325684,0.8418810963630676,1.2628915309906006,1.308746099472046,False,1.2628915309906006
66,0.7,jUzDDGyPkXU_3,0.0,-0.3208000957965851,0.3314008414745331,0.7274789810180664,False,0.3314008414745331
66,0.7,jUzDDGyPkXU_4,-1.600000023841858,0.591050386428833,0.8400391340255737,0.7179800271987915,False,0.8400391340255737
66,0.7,jUzDDGyPkXU_5,-1.2000000476837158,0.2049432098865509,0.4995150566101074,0.46670323610305786,True,0.46670323610305786
66,0.7,jUzDDGyPkXU_6,-1.600000023841858,-1.214349627494812,-0.9779700636863708,-1.7600324153900146,False,-0.9779700636863708
66,0.7,jUzDDGyPkXU_7,-0.6000000238418579,0.3096393346786499,-0.48610395193099976,-0.10215543210506439,False,-0.48610395193099976
66,0.7,jUzDDGyPkXU_8,1.7999999523162842,2.226863384246826,1.2677961587905884,1.9893091917037964,False,1.2677961587905884
66,0.7,jUzDDGyPkXU_9,2.799999952316284,2.345055103302002,1.669372320175171,2.266453504562378,False,1.669372320175171
66,0.7,jUzDDGyPkXU_10,2.4000000953674316,2.059390068054199,1.6142590045928955,2.0184271335601807,False,1.6142590045928955
66,0.7,jUzDDGyPkXU_11,2.4000000953674316,0.4826076328754425,0.7442770004272461,1.0131300687789917,False,0.7442770004272461
66,0.7,jUzDDGyPkXU_12,0.5,0.4886651635169983,0.721007227897644,0.6723945140838623,False,0.721007227897644
66,0.7,jUzDDGyPkXU_13,-0.6000000238418579,0.28592586517333984,0.5757312178611755,0.8466820120811462,False,0.5757312178611755
66,0.7,jUzDDGyPkXU_14,0.800000011920929,2.0942041873931885,1.5740360021591187,1.4187252521514893,False,1.5740360021591187
66,0.7,jUzDDGyPkXU_15,1.3333333730697632,0.5463993549346924,0.7665956616401672,0.9362876415252686,False,0.7665956616401672
66,0.7,jUzDDGyPkXU_16,1.2000000476837158,0.1964762955904007,0.5433140397071838,0.6980924010276794,True,0.6980924010276794
66,0.7,jUzDDGyPkXU_17,-2.799999952316284,-0.34309977293014526,0.19971828162670135,-0.04183155670762062,False,0.19971828162670135
66,0.7,jUzDDGyPkXU_18,-2.4000000953674316,0.44512060284614563,0.6523382067680359,0.6810117363929749,False,0.6523382067680359
66,0.7,jUzDDGyPkXU_19,2.200000047683716,-1.314882516860962,-0.8736547827720642,-2.116908073425293,False,-0.8736547827720642
66,0.7,jUzDDGyPkXU_20,-2.200000047683716,0.7047373652458191,-0.054235246032476425,0.6299071311950684,False,-0.054235246032476425
66,0.7,jUzDDGyPkXU_21,-1.0,0.42222899198532104,-0.10706297308206558,0.2394350916147232,False,-0.10706297308206558
66,0.7,jUzDDGyPkXU_22,-2.4000000953674316,0.18498185276985168,-0.32049065828323364,0.4553791880607605,True,0.4553791880607605
66,0.7,jUzDDGyPkXU_23,1.2000000476837158,0.2476789355278015,-0.23080438375473022,-0.4663339853286743,True,-0.4663339853286743
66,0.7,jUzDDGyPkXU_24,-1.0,-1.088433027267456,-0.9457286596298218,-1.65395987033844,False,-0.9457286596298218
66,0.7,jUzDDGyPkXU_25,-2.0,-1.2356466054916382,-1.0684062242507935,-2.239847421646118,False,-1.0684062242507935
66,0.7,jUzDDGyPkXU_26,-2.0,-1.1025251150131226,-1.0321382284164429,-1.3580561876296997,False,-1.0321382284164429
66,0.7,jUzDDGyPkXU_27,-2.0,0.27738532423973083,-0.708065390586853,-0.28343817591667175,False,-0.708065390586853
66,0.7,rnaNMUZpvvg_1,-2.5999999046325684,0.2997627556324005,0.2997627556324005,0.010343454778194427,False,0.2997627556324005
66,0.7,rnaNMUZpvvg_2,2.25,1.7853639125823975,1.6199175119400024,1.4904452562332153,False,1.6199175119400024
66,0.7,rnaNMUZpvvg_3,-0.800000011920929,0.8421188592910767,0.4619785249233246,0.7581480741500854,False,0.4619785249233246
66,0.7,rnaNMUZpvvg_4,-2.4000000953674316,-1.3372267484664917,-1.5122960805892944,-2.160111665725708,False,-1.5122960805892944
66,0.7,rnaNMUZpvvg_5,-2.799999952316284,-1.321612000465393,-1.3403009176254272,-2.3297407627105713,False,-1.3403009176254272
66,0.7,rnaNMUZpvvg_6,-2.5999999046325684,-1.2326253652572632,-1.3048675060272217,-2.506126880645752,False,-1.3048675060272217
66,0.7,rnaNMUZpvvg_7,-0.4000000059604645,-0.9413330554962158,-1.1631271839141846,-2.311722993850708,False,-1.1631271839141846
66,0.7,rnaNMUZpvvg_8,-1.600000023841858,-1.1492468118667603,-1.217270851135254,-2.5225088596343994,False,-1.217270851135254
66,0.7,rnaNMUZpvvg_9,-1.399999976158142,0.5949285626411438,-0.7408572435379028,-0.7248917818069458,False,-0.7408572435379028
66,0.7,rnaNMUZpvvg_10,-2.5999999046325684,-0.8888919353485107,-1.0628350973129272,-1.7288962602615356,False,-1.0628350973129272
66,0.7,rnaNMUZpvvg_11,-2.5999999046325684,-1.3442937135696411,-1.304887294769287,-2.443964719772339,False,-1.304887294769287
66,0.7,rnaNMUZpvvg_12,-1.0,-1.2312051057815552,-1.266581654548645,-2.2585840225219727,False,-1.266581654548645
66,0.7,rnaNMUZpvvg_13,-2.0,0.9421924352645874,-0.5681028366088867,-0.3197079002857208,False,-0.5681028366088867
66,0.7,rnaNMUZpvvg_14,-2.5999999046325684,0.3269446790218353,-0.8746122717857361,-0.9864842295646667,False,-0.8746122717857361
66,0.7,rnaNMUZpvvg_15,-1.600000023841858,0.690086841583252,-0.692134439945221,-0.6609609723091125,False,-0.692134439945221
66,0.7,rnaNMUZpvvg_16,-1.7999999523162842,0.7951022982597351,-0.6306424140930176,-0.4234927296638489,False,-0.6306424140930176
66,0.7,rnaNMUZpvvg_17,-1.600000023841858,-0.7473689913749695,-1.157179594039917,-1.8091944456100464,False,-1.157179594039917
66,0.7,rnaNMUZpvvg_18,-2.200000047683716,-1.0426400899887085,-1.2768431901931763,-2.3156421184539795,False,-1.2768431901931763
66,0.7,rnaNMUZpvvg_19,-1.399999976158142,-0.18683752417564392,-0.8754680752754211,-1.1746419668197632,True,-1.1746419668197632
66,0.7,rnaNMUZpvvg_20,0.800000011920929,0.6718194484710693,-0.7499056458473206,-0.8202252388000488,False,-0.7499056458473206
66,0.7,rnaNMUZpvvg_21,-2.5999999046325684,0.6890482902526855,-0.7373936176300049,-0.8376530408859253,False,-0.7373936176300049
66,0.7,rnaNMUZpvvg_22,-2.200000047683716,-0.9673735499382019,-1.177816390991211,-1.8364120721817017,False,-1.177816390991211
66,0.7,yvsjCA6Y5Fc_1,-2.0,0.31559276580810547,0.31559276580810547,0.26157233119010925,False,0.31559276580810547
66,0.7,yvsjCA6Y5Fc_2,-1.2000000476837158,0.05572338402271271,-0.08635091781616211,-0.11919459700584412,True,-0.11919459700584412
66,0.7,yvsjCA6Y5Fc_3,-2.0,-1.3265368938446045,-1.3898496627807617,-1.9387139081954956,False,-1.3898496627807617
66,0.7,yvsjCA6Y5Fc_4,-0.20000000298023224,0.763241708278656,-0.4507792294025421,-0.05838250741362572,False,-0.4507792294025421
66,0.7,yvsjCA6Y5Fc_5,0.4000000059604645,-1.2437340021133423,-1.1605786085128784,-0.3701479434967041,False,-1.1605786085128784
66,0.7,yvsjCA6Y5Fc_6,0.0,0.20841443538665771,-0.826147198677063,-0.4472942352294922,True,-0.4472942352294922
66,0.7,yvsjCA6Y5Fc_7,-1.7999999523162842,-1.2606674432754517,-1.1864227056503296,-1.6713913679122925,False,-1.1864227056503296
66,0.7,yvsjCA6Y5Fc_8,0.4000000059604645,-1.2742093801498413,-1.2010481357574463,-1.5550814867019653,False,-1.2010481357574463
66,0.7,yvsjCA6Y5Fc_9,-1.399999976158142,-0.26256757974624634,-0.9260178804397583,-0.1622294932603836,False,-0.9260178804397583
66,0.7,yvsjCA6Y5Fc_10,-2.0,-0.35973116755485535,-0.9699620008468628,-0.582964301109314,False,-0.9699620008468628
66,0.7,yvsjCA6Y5Fc_11,2.0,0.7122843265533447,-0.08088970929384232,-0.07641107589006424,False,-0.08088970929384232
66,0.7,yvsjCA6Y5Fc_12,-0.6000000238418579,0.0037668896839022636,-0.6198177337646484,-0.8506262302398682,True,-0.8506262302398682
66,0.7,yvsjCA6Y5Fc_13,-2.0,-1.0884613990783691,-1.117318868637085,-2.301069498062134,False,-1.117318868637085
66,0.7,yvsjCA6Y5Fc_14,-1.0,-1.1162270307540894,-1.1340358257293701,-2.339271306991577,False,-1.1340358257293701
66,0.7,yvsjCA6Y5Fc_15,-2.0,0.840894341468811,-0.5406369566917419,-0.36571866273880005,False,-0.5406369566917419
66,0.7,yvsjCA6Y5Fc_16,-1.7999999523162842,0.0027476968243718147,-0.7182636857032776,-1.0450255870819092,True,-1.0450255870819092
66,0.7,yvsjCA6Y5Fc_17,-0.6000000238418579,0.47137588262557983,-0.4472336173057556,-0.539553165435791,False,-0.4472336173057556
66,0.7,yvsjCA6Y5Fc_18,-2.200000047683716,-1.1791458129882812,-1.0556601285934448,-2.1105401515960693,False,-1.0556601285934448
66,0.7,yvsjCA6Y5Fc_19,-1.600000023841858,-0.9192923307418823,-0.9580574631690979,-1.3449093103408813,False,-0.9580574631690979
66,0.7,yvsjCA6Y5Fc_20,0.800000011920929,0.01503633800894022,-0.7572765350341797,-0.045951828360557556,True,-0.045951828360557556
66,0.7,yvsjCA6Y5Fc_21,-1.7999999523162842,0.5124679803848267,-0.6522262096405029,-0.6761053800582886,False,-0.6522262096405029
66,0.7,yvsjCA6Y5Fc_22,-1.600000023841858,-1.2810096740722656,-1.10895574092865,-1.7613722085952759,False,-1.10895574092865
66,0.7,yvsjCA6Y5Fc_23,-1.2000000476837158,-0.021941568702459335,-0.7379271388053894,-0.9501183032989502,True,-0.9501183032989502
66,0.7,pLTX3ipuDJI_1,-2.4000000953674316,1.1589784622192383,1.1589784622192383,0.9093677997589111,False,1.1589784622192383
66,0.7,pLTX3ipuDJI_2,-1.7999999523162842,0.46196213364601135,0.5349798202514648,0.4997735619544983,False,0.5349798202514648
66,0.7,pLTX3ipuDJI_3,-1.2000000476837158,0.2395564168691635,0.20407865941524506,0.7143964767456055,True,0.7143964767456055
66,0.7,pLTX3ipuDJI_4,-2.200000047683716,-0.8909253478050232,-0.5039968490600586,0.12772834300994873,False,-0.5039968490600586
66,0.7,pLTX3ipuDJI_5,-2.0,1.3215179443359375,0.3960355222225189,0.18190769851207733,False,0.3960355222225189
66,0.7,pLTX3ipuDJI_6,-1.399999976158142,-1.2437845468521118,-0.7030894160270691,-1.9454704523086548,False,-0.7030894160270691
66,0.7,pLTX3ipuDJI_7,0.800000011920929,-0.3300330936908722,-0.5205050706863403,1.2020171880722046,False,-0.5205050706863403
66,0.7,pLTX3ipuDJI_8,-2.0,-1.277521014213562,-0.7823622822761536,-2.0791661739349365,False,-0.7823622822761536
66,0.7,pLTX3ipuDJI_9,0.0,-0.5754063725471497,-0.47656434774398804,-0.806571900844574,False,-0.47656434774398804
66,0.7,pLTX3ipuDJI_10,-1.600000023841858,0.3528631031513214,-0.27961021661758423,-0.40163111686706543,False,-0.27961021661758423
66,0.7,pLTX3ipuDJI_11,0.6000000238418579,-0.20332607626914978,-0.4156395494937897,0.7234743237495422,True,0.7234743237495422
66,0.7,pLTX3ipuDJI_12,-2.0,1.0981366634368896,0.11449936777353287,0.4777221977710724,False,0.11449936777353287
66,0.7,pLTX3ipuDJI_13,-1.399999976158142,-0.8281524777412415,-0.5554600954055786,-0.24711738526821136,False,-0.5554600954055786
66,0.7,pLTX3ipuDJI_14,-2.0,0.629189133644104,-0.12713682651519775,0.06974571943283081,False,-0.12713682651519775
66,0.7,pLTX3ipuDJI_15,-1.399999976158142,1.4760609865188599,0.336722731590271,0.3928041458129883,False,0.336722731590271
66,0.7,pLTX3ipuDJI_16,-1.600000023841858,-0.34816837310791016,-0.4333632290363312,-1.7486380338668823,False,-0.4333632290363312
66,0.7,cW1FSBF59ik_1,-2.5999999046325684,-1.1554869413375854,-1.1554869413375854,-2.596683979034424,False,-1.1554869413375854
66,0.7,cW1FSBF59ik_2,3.0,0.7066823244094849,0.018623072654008865,-0.385410338640213,False,0.018623072654008865
66,0.7,cW1FSBF59ik_3,-1.0,-0.03342081606388092,-0.5692098140716553,-0.9820906519889832,True,-0.9820906519889832
66,0.7,cW1FSBF59ik_4,1.600000023841858,1.7218055725097656,0.9026432633399963,1.8608286380767822,False,0.9026432633399963
66,0.7,cW1FSBF59ik_5,2.0,2.33154034614563,1.5833462476730347,2.072190523147583,False,1.5833462476730347
66,0.7,cW1FSBF59ik_6,1.2000000476837158,2.218939781188965,1.8601715564727783,1.7707585096359253,False,1.8601715564727783
66,0.7,cW1FSBF59ik_7,0.5,2.047592878341675,1.789323091506958,1.36390221118927,False,1.789323091506958
66,0.7,cW1FSBF59ik_8,1.7999999523162842,2.2782576084136963,2.0047030448913574,1.9593874216079712,False,2.0047030448913574
66,0.7,cW1FSBF59ik_9,-2.4000000953674316,-1.2675237655639648,-1.08653724193573,-1.6050846576690674,False,-1.08653724193573
66,0.7,cW1FSBF59ik_10,-1.0,-0.172263041138649,-0.5892937779426575,-0.07208549976348877,True,-0.07208549976348877
66,0.7,cW1FSBF59ik_11,-1.0,0.03191036358475685,-0.6123523116111755,-0.7066848278045654,True,-0.7066848278045654
66,0.7,cW1FSBF59ik_12,2.200000047683716,0.7180696725845337,-0.04061640053987503,-0.01240590400993824,False,-0.04061640053987503
66,0.7,cW1FSBF59ik_13,2.0,1.2628992795944214,0.7093843817710876,0.9661922454833984,False,0.7093843817710876
66,0.7,cW1FSBF59ik_14,-1.2000000476837158,0.1471889466047287,-0.2144632637500763,0.18708229064941406,True,0.18708229064941406
66,0.7,cW1FSBF59ik_15,-2.5999999046325684,-1.2921459674835205,-0.9920650124549866,-2.068002939224243,False,-0.9920650124549866
66,0.7,cW1FSBF59ik_16,3.0,-0.23772622644901276,-0.8387890458106995,-0.9144176840782166,True,-0.9144176840782166
66,0.7,cW1FSBF59ik_17,2.4000000953674316,0.6538522839546204,-0.3512208163738251,0.45801156759262085,False,-0.3512208163738251
66,0.7,cW1FSBF59ik_18,2.5999999046325684,2.2360377311706543,1.169411540031433,2.026113748550415,False,1.169411540031433
66,0.7,cW1FSBF59ik_19,0.20000000298023224,0.4466318190097809,0.11224877834320068,0.6696374416351318,False,0.11224877834320068
66,0.7,cW1FSBF59ik_20,2.5,0.28053638339042664,0.22518204152584076,0.4717528820037842,False,0.22518204152584076
66,0.7,cW1FSBF59ik_21,1.600000023841858,0.5907160043716431,0.2048652023077011,0.8966049551963806,False,0.2048652023077011
66,0.7,cW1FSBF59ik_22,-1.0,0.2517637312412262,-0.015695683658123016,0.47687941789627075,False,-0.015695683658123016
66,0.7,cW1FSBF59ik_23,1.399999976158142,2.0288381576538086,1.2162871360778809,1.9537570476531982,False,1.2162871360778809
66,0.7,cW1FSBF59ik_24,0.0,0.369114488363266,0.028116803616285324,1.1087528467178345,False,0.028116803616285324
66,0.7,tmZoasNr4rU_1,0.0,0.18779511749744415,0.18779511749744415,0.4426421523094177,True,0.4426421523094177
66,0.7,tmZoasNr4rU_2,-2.0,0.232786163687706,-0.26672273874282837,-0.054559703916311264,True,-0.054559703916311264
66,0.7,tmZoasNr4rU_3,-2.0,-1.2506076097488403,-1.3185354471206665,-1.499526858329773,False,-1.3185354471206665
66,0.7,tmZoasNr4rU_4,-0.800000011920929,-1.1873462200164795,-1.1348235607147217,-1.462897777557373,False,-1.1348235607147217
66,0.7,tmZoasNr4rU_5,-0.800000011920929,-1.1286746263504028,-1.1263940334320068,-1.196211576461792,False,-1.1263940334320068
66,0.7,tmZoasNr4rU_6,-1.7999999523162842,-0.22865061461925507,-0.8652005791664124,-0.21701885759830475,True,-0.21701885759830475
66,0.7,tmZoasNr4rU_7,-1.0,0.39524316787719727,-0.8298322558403015,-0.13508979976177216,False,-0.8298322558403015
66,0.7,tmZoasNr4rU_8,-2.0,-0.029972657561302185,-0.7751025557518005,-0.22980903089046478,True,-0.22980903089046478
66,0.7,tmZoasNr4rU_9,-0.6000000238418579,-1.0138657093048096,-1.1460949182510376,-2.025386333465576,False,-1.1460949182510376
66,0.7,tmZoasNr4rU_10,-1.7999999523162842,-0.8281462788581848,-1.044970989227295,-0.17367632687091827,False,-1.044970989227295
66,0.7,tmZoasNr4rU_11,-0.6000000238418579,0.221037819981575,-0.8530682921409607,0.1320296674966812,True,0.1320296674966812
66,0.7,tmZoasNr4rU_12,-2.200000047683716,0.03961700201034546,-0.9401255249977112,-0.03199642896652222,True,-0.03199642896652222
66,0.7,tmZoasNr4rU_13,-0.800000011920929,-0.6222338080406189,-0.921814501285553,-0.34934911131858826,False,-0.921814501285553
66,0.7,tmZoasNr4rU_14,-2.0,-1.180672287940979,-1.2014868259429932,-2.3005354404449463,False,-1.2014868259429932
66,0.7,tmZoasNr4rU_15,0.25,-0.13006803393363953,-0.8337156176567078,-0.43017977476119995,True,-0.43017977476119995
66,0.7,tmZoasNr4rU_16,-1.399999976158142,-1.2712446451187134,-1.2749886512756348,-2.3400371074676514,False,-1.2749886512756348
66,0.7,tmZoasNr4rU_17,-1.399999976158142,-0.024066682904958725,-1.033215045928955,-1.055294156074524,True,-1.055294156074524
66,0.7,tmZoasNr4rU_18,0.0,-1.2472585439682007,-1.2743884325027466,-2.30605149269104,False,-1.2743884325027466
66,0.7,tmZoasNr4rU_19,0.20000000298023224,-0.4705531895160675,-0.8246973156929016,-0.5483911633491516,False,-0.8246973156929016
66,0.7,tmZoasNr4rU_20,-1.0,0.2680734097957611,-0.9108843207359314,-0.7555573582649231,False,-0.9108843207359314
66,0.7,d6hH302o4v8_1,-2.799999952316284,-1.081296443939209,-1.081296443939209,-2.677847146987915,False,-1.081296443939209
66,0.7,d6hH302o4v8_2,-1.7999999523162842,-0.2875586152076721,-0.6344543099403381,-1.023351788520813,False,-0.6344543099403381
66,0.7,d6hH302o4v8_3,0.20000000298023224,-0.5051419734954834,-0.9347003698348999,-0.829018235206604,False,-0.9347003698348999
66,0.7,d6hH302o4v8_4,-1.600000023841858,-0.705336332321167,-0.9897473454475403,-0.8179188966751099,False,-0.9897473454475403
66,0.7,d6hH302o4v8_5,-1.3333333730697632,-0.7961705327033997,-1.0845915079116821,-1.242633581161499,False,-1.0845915079116821
66,0.7,d6hH302o4v8_6,-2.0,-1.2953813076019287,-1.158511757850647,-2.180663824081421,False,-1.158511757850647
66,0.7,d6hH302o4v8_7,-2.799999952316284,0.05300094559788704,-0.6440386772155762,-0.6501500606536865,True,-0.6501500606536865
66,0.7,d6hH302o4v8_8,-2.200000047683716,-1.0275201797485352,-1.0877232551574707,-2.300910472869873,False,-1.0877232551574707
66,0.7,d6hH302o4v8_9,-2.4000000953674316,-0.5580925345420837,-0.8568145036697388,-1.9844586849212646,False,-0.8568145036697388
66,0.7,d6hH302o4v8_10,-1.2000000476837158,0.0327804870903492,-0.6699474453926086,-0.7734623551368713,True,-0.7734623551368713
66,0.7,d6hH302o4v8_11,-1.0,-0.936687707901001,-1.097129464149475,-1.7193244695663452,False,-1.097129464149475
66,0.7,d6hH302o4v8_12,1.399999976158142,0.12794581055641174,-0.8476807475090027,-1.0476799011230469,True,-1.0476799011230469
66,0.7,d6hH302o4v8_13,-2.0,0.3841683566570282,-0.5219124555587769,-0.537618100643158,False,-0.5219124555587769
66,0.7,d6hH302o4v8_14,-1.7999999523162842,-1.3052301406860352,-1.1496551036834717,-2.272334575653076,False,-1.1496551036834717
66,0.7,d6hH302o4v8_15,-1.75,0.43209943175315857,-0.7091372609138489,-0.5839390754699707,False,-0.7091372609138489
66,0.7,d6hH302o4v8_16,-2.0,0.7764253616333008,-0.5256713032722473,-0.07111486792564392,False,-0.5256713032722473
66,0.7,d6hH302o4v8_17,-2.0,-0.1810479760169983,-0.8260950446128845,-1.0650434494018555,True,-1.0650434494018555
66,0.7,d6hH302o4v8_18,-2.0,-0.39724627137184143,-1.0002089738845825,-0.9402589201927185,False,-1.0002089738845825
66,0.7,d6hH302o4v8_19,-2.799999952316284,0.24363088607788086,-0.6084190011024475,-0.714891791343689,True,-0.714891791343689
66,0.7,d6hH302o4v8_20,1.0,0.06483636796474457,-0.9039822220802307,-1.1707223653793335,True,-1.1707223653793335
66,0.7,d6hH302o4v8_21,-2.4000000953674316,-0.9347041249275208,-1.1138132810592651,-1.7593234777450562,False,-1.1138132810592651
66,0.7,d6hH302o4v8_22,-1.0,-1.4716484546661377,-1.438027262687683,-2.1204335689544678,False,-1.438027262687683
66,0.7,d6hH302o4v8_23,-2.5999999046325684,-1.143317461013794,-1.137847900390625,-2.3644092082977295,False,-1.137847900390625
66,0.7,d6hH302o4v8_24,-2.799999952316284,0.20889022946357727,-0.5882223844528198,-0.7274734973907471,True,-0.7274734973907471
66,0.7,d6hH302o4v8_25,-1.600000023841858,-0.27488258481025696,-0.8581767082214355,-1.2062441110610962,False,-0.8581767082214355
66,0.7,d6hH302o4v8_26,-2.5999999046325684,0.41652998328208923,-0.7861573100090027,-0.9113848805427551,False,-0.7861573100090027
66,0.7,d6hH302o4v8_27,-2.5999999046325684,0.7126468420028687,-0.6255569458007812,-0.5385855436325073,False,-0.6255569458007812
66,0.7,d6hH302o4v8_28,-1.0,-1.193781852722168,-1.2037992477416992,-2.1233983039855957,False,-1.2037992477416992
66,0.7,d6hH302o4v8_29,-1.7999999523162842,-0.7886104583740234,-1.0199401378631592,-1.7025983333587646,False,-1.0199401378631592
66,0.7,d6hH302o4v8_30,-2.799999952316284,0.3240456283092499,-0.8372696042060852,-1.019806146621704,False,-0.8372696042060852
66,0.7,d6hH302o4v8_31,-1.399999976158142,-0.11886455118656158,-0.8077964782714844,-1.036738634109497,True,-1.036738634109497
66,0.7,d6hH302o4v8_32,-0.6000000238418579,-0.603891134262085,-0.9464238286018372,0.4726804792881012,False,-0.9464238286018372
66,0.7,d6hH302o4v8_33,-3.0,-1.0822561979293823,-1.1454200744628906,-2.402935028076172,False,-1.1454200744628906
66,0.7,d6hH302o4v8_34,-3.0,-0.5877556800842285,-0.9127104878425598,-1.9423218965530396,False,-0.9127104878425598
66,0.7,d6hH302o4v8_35,-1.600000023841858,0.006619102321565151,-0.5982754230499268,-0.7741341590881348,True,-0.7741341590881348
66,0.7,d6hH302o4v8_36,-2.200000047683716,0.5749751329421997,-0.5583035349845886,-0.5602881908416748,False,-0.5583035349845886
66,0.7,d6hH302o4v8_37,-2.200000047683716,-0.062382716685533524,-0.6206973195075989,-0.6114919781684875,True,-0.6114919781684875
66,0.7,d6hH302o4v8_38,-3.0,-1.0806491374969482,-1.1072136163711548,-2.1831717491149902,False,-1.1072136163711548
66,0.7,d6hH302o4v8_39,-3.0,-0.11787867546081543,-0.6934233903884888,-0.7704249620437622,True,-0.7704249620437622
66,0.7,d6hH302o4v8_40,-1.0,1.23906409740448,-0.27541521191596985,-0.13580584526062012,False,-0.27541521191596985
66,0.7,d6hH302o4v8_41,-2.4000000953674316,1.0837018489837646,-0.3373950123786926,-0.06932040303945541,False,-0.3373950123786926
66,0.7,d6hH302o4v8_42,-1.399999976158142,0.3207947313785553,-0.4024565815925598,-0.620752215385437,False,-0.4024565815925598
66,0.7,d6hH302o4v8_43,-2.5,-0.23480747640132904,-0.7013747096061707,-0.9685189723968506,True,-0.9685189723968506
66,0.7,dq3Nf_lMPnE_1,0.0,1.3228627443313599,1.3228627443313599,1.1127418279647827,False,1.3228627443313599
66,0.7,dq3Nf_lMPnE_2,-1.399999976158142,-1.0910232067108154,-0.9167557954788208,-2.0463449954986572,False,-0.9167557954788208
66,0.7,dq3Nf_lMPnE_3,-1.2000000476837158,-0.5213035345077515,-0.851892352104187,-1.0737576484680176,False,-0.851892352104187
66,0.7,dq3Nf_lMPnE_4,-0.4000000059604645,0.3827778697013855,-0.4704320728778839,-0.22857503592967987,False,-0.4704320728778839
66,0.7,dq3Nf_lMPnE_5,1.2000000476837158,-1.1147551536560059,-1.0416415929794312,-1.1750822067260742,False,-1.0416415929794312
66,0.7,dq3Nf_lMPnE_6,0.800000011920929,-0.8791938424110413,-0.942829430103302,-1.7444809675216675,False,-0.942829430103302
66,0.7,dq3Nf_lMPnE_7,-2.0,0.01585785299539566,-0.7905598878860474,-0.7567632794380188,True,-0.7567632794380188
66,0.7,dq3Nf_lMPnE_8,0.6000000238418579,0.12022217363119125,-0.5879268050193787,-1.2066599130630493,True,-1.2066599130630493
66,0.7,dq3Nf_lMPnE_9,-0.800000011920929,0.1287374198436737,-0.5854284167289734,-1.211774230003357,True,-1.211774230003357
66,0.7,dq3Nf_lMPnE_10,1.0,0.46769478917121887,-0.5523894429206848,-0.4072696268558502,False,-0.5523894429206848
66,0.7,dq3Nf_lMPnE_11,-0.6000000238418579,0.08599720150232315,-0.5957909822463989,-1.2100849151611328,True,-1.2100849151611328
66,0.7,dq3Nf_lMPnE_12,-1.600000023841858,0.1746644824743271,-0.7065966725349426,-0.7492226958274841,True,-0.7492226958274841
66,0.7,dq3Nf_lMPnE_13,-1.2000000476837158,-0.3405259847640991,-0.8440021872520447,-1.1787023544311523,False,-0.8440021872520447
66,0.7,dq3Nf_lMPnE_14,-1.7999999523162842,0.28568771481513977,-0.6197057962417603,-0.5152652263641357,False,-0.6197057962417603
66,0.7,dq3Nf_lMPnE_15,1.0,0.2564300000667572,-0.632453203201294,-0.682285487651825,False,-0.632453203201294
66,0.7,k5Y_838nuGo_1,-1.600000023841858,-0.0033737551420927048,-0.0033737551420927048,0.18539975583553314,True,0.18539975583553314
66,0.7,k5Y_838nuGo_2,1.2000000476837158,0.5571491122245789,0.2522951066493988,0.05880794674158096,False,0.2522951066493988
66,0.7,k5Y_838nuGo_3,0.800000011920929,1.5664223432540894,1.148245096206665,1.524692416191101,False,1.148245096206665
66,0.7,k5Y_838nuGo_4,1.0,1.183785080909729,0.945560872554779,0.7389794588088989,False,0.945560872554779
66,0.7,k5Y_838nuGo_5,-1.3333333730697632,0.24899473786354065,0.18520893156528473,-0.07992173731327057,True,-0.07992173731327057
66,0.7,k5Y_838nuGo_6,2.0,2.1288013458251953,1.4040281772613525,1.1023815870285034,False,1.4040281772613525
66,0.7,k5Y_838nuGo_7,-2.4000000953674316,0.9815416932106018,1.0751508474349976,0.23539584875106812,False,1.0751508474349976
66,0.7,k5Y_838nuGo_8,-1.399999976158142,0.46810418367385864,0.7212643623352051,-0.03075823001563549,False,0.7212643623352051
66,0.7,k5Y_838nuGo_9,1.7999999523162842,2.120436668395996,1.6612831354141235,1.8631316423416138,False,1.6612831354141235
66,0.7,k5Y_838nuGo_10,2.0,1.929748296737671,1.5800724029541016,1.6323736906051636,False,1.5800724029541016
66,0.7,k5Y_838nuGo_11,0.5,1.8819835186004639,1.8010939359664917,1.2310681343078613,False,1.8010939359664917
66,0.7,k5Y_838nuGo_12,0.20000000298023224,0.4089488983154297,0.6685707569122314,0.3508567810058594,False,0.6685707569122314
66,0.7,k5Y_838nuGo_13,0.6000000238418579,0.5054324269294739,0.7304570078849792,0.08656627684831619,False,0.7304570078849792
66,0.7,k5Y_838nuGo_14,-1.7999999523162842,-0.529048502445221,-0.40432652831077576,-0.49208882451057434,False,-0.40432652831077576
66,0.7,k5Y_838nuGo_15,-0.800000011920929,0.8003097772598267,0.17387841641902924,0.3733484447002411,False,0.17387841641902924
66,0.7,k5Y_838nuGo_16,0.25,-1.016574501991272,-0.8286219239234924,-1.9432339668273926,False,-0.8286219239234924
66,0.7,k5Y_838nuGo_17,0.800000011920929,-0.11589004099369049,-0.3935509920120239,-0.45550528168678284,True,-0.45550528168678284
66,0.7,k5Y_838nuGo_18,0.4000000059604645,1.0931235551834106,0.16312527656555176,-0.2350662797689438,False,0.16312527656555176
66,0.7,k5Y_838nuGo_19,-0.6000000238418579,-1.125480055809021,-0.8103572726249695,-1.6908457279205322,False,-0.8103572726249695
66,0.7,k5Y_838nuGo_20,0.4000000059604645,-0.39081084728240967,-0.579146683216095,-1.2981332540512085,False,-0.579146683216095
66,0.7,k5Y_838nuGo_21,-0.20000000298023224,-1.2860996723175049,-0.8681528568267822,-2.2062535285949707,False,-0.8681528568267822
66,0.7,k5Y_838nuGo_22,0.4000000059604645,0.4646933972835541,-0.41774848103523254,-0.7772958278656006,False,-0.41774848103523254
66,0.7,k5Y_838nuGo_23,-0.20000000298023224,0.7852134108543396,0.1892448216676712,-0.43127092719078064,False,0.1892448216676712
66,0.7,k5Y_838nuGo_24,0.6000000238418579,-0.47196581959724426,-0.4977206289768219,-0.95865398645401,False,-0.4977206289768219
66,0.7,k5Y_838nuGo_25,-0.20000000298023224,0.2912616431713104,-0.4161434769630432,-0.8503680229187012,False,-0.4161434769630432
66,0.7,k5Y_838nuGo_26,2.0,2.125091075897217,1.1155811548233032,1.3255113363265991,False,1.1155811548233032
66,0.7,k5Y_838nuGo_27,-0.800000011920929,0.40462982654571533,0.28791508078575134,-0.09768080711364746,False,0.28791508078575134
66,0.7,k5Y_838nuGo_28,2.0,1.016589641571045,0.922694206237793,0.28201964497566223,False,0.922694206237793
66,0.7,k5Y_838nuGo_29,-0.75,-0.8897730112075806,-0.6809036135673523,-1.779873013496399,False,-0.6809036135673523
66,0.7,k5Y_838nuGo_30,1.600000023841858,1.1539497375488281,0.2856854796409607,-0.03182130679488182,False,0.2856854796409607
66,0.7,k5Y_838nuGo_31,-1.0,-1.2469940185546875,-0.8090197443962097,-1.9547905921936035,False,-0.8090197443962097
66,0.7,iiK8YX8oH1E_1,-2.5999999046325684,0.8256558775901794,0.8256558775901794,1.256242036819458,False,0.8256558775901794
66,0.7,iiK8YX8oH1E_2,1.2000000476837158,0.5895794034004211,0.5281426310539246,1.5532138347625732,False,0.5281426310539246
66,0.7,iiK8YX8oH1E_3,-1.25,1.224381685256958,0.7618328928947449,1.0948536396026611,False,0.7618328928947449
66,0.7,iiK8YX8oH1E_4,-2.0,0.6318504214286804,0.593784511089325,1.0191304683685303,False,0.593784511089325
66,0.7,iiK8YX8oH1E_5,-0.4000000059604645,-0.7290943264961243,-0.3807494640350342,-1.2816543579101562,False,-0.3807494640350342
66,0.7,iiK8YX8oH1E_6,0.20000000298023224,2.1360204219818115,1.6060805320739746,1.793331265449524,False,1.6060805320739746
66,0.7,iiK8YX8oH1E_7,-1.600000023841858,-0.47729194164276123,-0.328975647687912,-0.3364422917366028,False,-0.328975647687912
66,0.7,iiK8YX8oH1E_8,-1.0,0.8600115180015564,0.20166993141174316,0.9951735138893127,False,0.20166993141174316
66,0.7,iiK8YX8oH1E_9,0.4000000059604645,-0.5857483148574829,-0.5260078310966492,0.49572256207466125,False,-0.5260078310966492
66,0.7,iiK8YX8oH1E_10,0.0,0.9647666811943054,0.03382062539458275,1.0205352306365967,False,0.03382062539458275
66,0.7,iiK8YX8oH1E_11,1.0,-0.34716901183128357,-0.33055946230888367,1.4010412693023682,False,-0.33055946230888367
66,0.7,iiK8YX8oH1E_12,1.7999999523162842,0.9116864204406738,0.03217517212033272,0.913235068321228,False,0.03217517212033272
66,0.7,iiK8YX8oH1E_13,-2.0,-1.3062275648117065,-0.7880467772483826,-0.6797029972076416,False,-0.7880467772483826
66,0.7,iiK8YX8oH1E_14,-1.2000000476837158,0.9864876866340637,-0.04326295852661133,0.7369821667671204,False,-0.04326295852661133
66,0.7,iiK8YX8oH1E_15,0.6000000238418579,0.968962550163269,0.0557943619787693,1.2692441940307617,False,0.0557943619787693
66,0.7,iiK8YX8oH1E_16,0.0,1.2229604721069336,0.21442905068397522,1.2282401323318481,False,0.21442905068397522
66,0.7,iiK8YX8oH1E_17,1.600000023841858,2.343449592590332,1.6228866577148438,2.017115831375122,False,1.6228866577148438
66,0.7,iiK8YX8oH1E_18,-1.0,-0.7044201493263245,-0.14149899780750275,0.8328104615211487,False,-0.14149899780750275
66,0.7,tStelxIAHjw_1,0.0,1.7212194204330444,1.7212194204330444,1.3903239965438843,False,1.7212194204330444
66,0.7,tStelxIAHjw_2,-2.0,-0.5711395740509033,-0.35717839002609253,-0.9281840324401855,False,-0.35717839002609253
66,0.7,tStelxIAHjw_3,0.5,0.7810038924217224,0.29256224632263184,0.7768461108207703,False,0.29256224632263184
66,0.7,tStelxIAHjw_4,-2.799999952316284,-0.03230978921055794,-0.34875190258026123,-0.09846412390470505,True,-0.09846412390470505
66,0.7,tStelxIAHjw_5,-2.200000047683716,0.911302924156189,0.1362007111310959,-0.01205490529537201,False,0.1362007111310959
66,0.7,tStelxIAHjw_6,1.600000023841858,0.44562390446662903,-0.08851450681686401,-0.3174450397491455,False,-0.08851450681686401
66,0.7,tStelxIAHjw_7,1.399999976158142,0.5730639100074768,-0.0361446812748909,-0.29965028166770935,False,-0.0361446812748909
66,0.7,tStelxIAHjw_8,-2.0,0.10049881041049957,-0.3421894609928131,0.16172002255916595,True,0.16172002255916595
66,0.7,tStelxIAHjw_9,-1.399999976158142,-0.715605616569519,-0.7345256209373474,-1.7045705318450928,False,-0.7345256209373474
66,0.7,tStelxIAHjw_10,-0.4000000059604645,0.18348294496536255,-0.45371752977371216,-0.528988242149353,True,-0.528988242149353
66,0.7,tStelxIAHjw_11,-2.799999952316284,0.6313114166259766,-0.18124906718730927,-0.4268978238105774,False,-0.18124906718730927
66,0.7,tStelxIAHjw_12,-1.0,-1.2130426168441772,-1.0716370344161987,-1.201591968536377,False,-1.0716370344161987
66,0.7,tStelxIAHjw_13,-1.600000023841858,-1.4488321542739868,-1.2194652557373047,-1.8490560054779053,False,-1.2194652557373047
66,0.7,tStelxIAHjw_14,-1.7999999523162842,1.031387209892273,-0.10665518045425415,-0.308499813079834,False,-0.10665518045425415
66,0.7,tStelxIAHjw_15,0.4000000059604645,0.8012819290161133,-0.21481798589229584,-0.42698317766189575,False,-0.21481798589229584
66,0.7,tStelxIAHjw_16,0.800000011920929,0.7448784112930298,-0.28866755962371826,-0.058153439313173294,False,-0.28866755962371826
66,0.7,nbWiPyCm4g0_1,1.2000000476837158,0.4541887640953064,0.4541887640953064,-0.07529537379741669,False,0.4541887640953064
66,0.7,nbWiPyCm4g0_2,-2.4000000953674316,1.5787922143936157,1.3971352577209473,1.1617573499679565,False,1.3971352577209473
66,0.7,nbWiPyCm4g0_3,-1.7999999523162842,0.7192195653915405,0.431898832321167,0.4437122642993927,False,0.431898832321167
66,0.7,nbWiPyCm4g0_4,-2.200000047683716,0.7457213401794434,0.3992575705051422,0.494479775428772,False,0.3992575705051422
66,0.7,nbWiPyCm4g0_5,-1.399999976158142,0.8986395597457886,0.5022416114807129,0.7030644416809082,False,0.5022416114807129
66,0.7,nbWiPyCm4g0_6,0.0,-0.8729247450828552,-0.8291327357292175,-1.9508626461029053,False,-0.8291327357292175
66,0.7,nbWiPyCm4g0_7,-1.2000000476837158,-1.2920194864273071,-1.2158448696136475,-2.2801103591918945,False,-1.2158448696136475
66,0.7,nbWiPyCm4g0_8,-2.200000047683716,-0.7811771631240845,-1.004480004310608,-0.07646259665489197,False,-1.004480004310608
66,0.7,nbWiPyCm4g0_9,-1.399999976158142,-0.02076040953397751,-0.6973159313201904,-0.8279252648353577,True,-0.8279252648353577
66,0.7,nbWiPyCm4g0_10,1.2000000476837158,1.570616364479065,0.7074562311172485,0.8761781454086304,False,0.7074562311172485
66,0.7,etzxEpPuc6I_1,0.4000000059604645,1.5656503438949585,1.5656503438949585,1.1576893329620361,False,1.5656503438949585
66,0.7,etzxEpPuc6I_2,1.2000000476837158,0.6549500226974487,0.9656072854995728,1.173960566520691,False,0.9656072854995728
66,0.7,etzxEpPuc6I_3,-1.600000023841858,0.5410060882568359,0.8530393838882446,0.8900923728942871,False,0.8530393838882446
66,0.7,etzxEpPuc6I_4,0.800000011920929,0.6143685579299927,0.8796496391296387,1.0219870805740356,False,0.8796496391296387
66,0.7,etzxEpPuc6I_5,0.0,0.5293166041374207,0.5998252630233765,0.8224709630012512,False,0.5998252630233765
66,0.7,etzxEpPuc6I_6,0.4000000059604645,0.6248711943626404,0.7853446006774902,0.061930250376462936,False,0.7853446006774902
66,0.7,etzxEpPuc6I_7,-1.2000000476837158,1.434474229812622,1.1400458812713623,0.3975260853767395,False,1.1400458812713623
66,0.7,etzxEpPuc6I_8,-1.0,1.7249436378479004,1.3781956434249878,0.7037809491157532,False,1.3781956434249878
66,0.7,etzxEpPuc6I_9,-2.799999952316284,0.6243095397949219,0.9491003751754761,0.8121894598007202,False,0.9491003751754761
66,0.7,etzxEpPuc6I_10,-1.399999976158142,-1.3108932971954346,-0.23631450533866882,-1.8838340044021606,False,-0.23631450533866882
66,0.7,etzxEpPuc6I_11,-1.600000023841858,-0.48026373982429504,-0.3632623255252838,-1.8400397300720215,False,-0.3632623255252838
66,0.7,etzxEpPuc6I_12,0.6666666865348816,-1.2515270709991455,-0.6951834559440613,0.25848230719566345,False,-0.6951834559440613
66,0.7,etzxEpPuc6I_13,-2.200000047683716,0.7792407274246216,-0.0869002640247345,-0.2908984124660492,False,-0.0869002640247345
66,0.7,etzxEpPuc6I_14,-1.2000000476837158,-1.1957882642745972,-0.6589890122413635,-1.4731043577194214,False,-0.6589890122413635
66,0.7,etzxEpPuc6I_15,0.20000000298023224,0.753578245639801,-0.19069203734397888,0.9305027723312378,False,-0.19069203734397888
66,0.7,etzxEpPuc6I_16,-2.4000000953674316,-0.028821680694818497,-0.5915465950965881,-0.22585108876228333,True,-0.22585108876228333
66,0.7,etzxEpPuc6I_17,-0.4000000059604645,-0.9316924810409546,-0.5342877507209778,1.2684866189956665,False,-0.5342877507209778
66,0.7,etzxEpPuc6I_18,1.399999976158142,1.833079218864441,1.2236562967300415,1.883400321006775,False,1.2236562967300415
66,0.7,etzxEpPuc6I_19,-0.5,0.6678441166877747,0.7273418307304382,1.021665334701538,False,0.7273418307304382
66,0.7,v0zCBqDeKcE_1,2.5999999046325684,0.2122381627559662,0.2122381627559662,-0.40804675221443176,True,-0.40804675221443176
66,0.7,v0zCBqDeKcE_2,-0.4000000059604645,-0.011150727979838848,-0.11898130178451538,0.794494092464447,True,0.794494092464447
66,0.7,v0zCBqDeKcE_3,0.6000000238418579,1.1446788311004639,0.5881900191307068,1.5087090730667114,False,0.5881900191307068
66,0.7,v0zCBqDeKcE_4,0.0,0.5510498285293579,0.30487194657325745,1.047468662261963,False,0.30487194657325745
66,0.7,v0zCBqDeKcE_5,2.0,0.22237643599510193,0.009091529995203018,0.7431274056434631,True,0.7431274056434631
66,0.7,v0zCBqDeKcE_6,0.800000011920929,0.3485141694545746,0.21198664605617523,0.45976075530052185,False,0.21198664605617523
66,0.7,v0zCBqDeKcE_7,1.399999976158142,0.1907702535390854,0.031155653297901154,0.09900534152984619,True,0.09900534152984619
66,0.7,v0zCBqDeKcE_8,1.7999999523162842,2.078948497772217,1.3495486974716187,1.632788062095642,False,1.3495486974716187
66,0.7,v0zCBqDeKcE_9,1.7999999523162842,0.3390890061855316,0.4478128254413605,0.49996218085289,False,0.4478128254413605
66,0.7,v0zCBqDeKcE_10,2.200000047683716,1.4819161891937256,1.2937248945236206,1.955736756324768,False,1.2937248945236206
66,0.7,v0zCBqDeKcE_11,1.600000023841858,1.3882297277450562,1.0030125379562378,1.6203781366348267,False,1.0030125379562378
66,0.7,v0zCBqDeKcE_12,-0.4000000059604645,-1.2197085618972778,-0.9411081075668335,-1.283747911453247,False,-0.9411081075668335
66,0.7,v0zCBqDeKcE_13,1.7999999523162842,-0.520923912525177,-0.8343353867530823,-0.32868582010269165,False,-0.8343353867530823
66,0.7,v0zCBqDeKcE_14,1.5,1.6120437383651733,0.8894752860069275,0.4852513074874878,False,0.8894752860069275
66,0.7,v0zCBqDeKcE_15,2.4000000953674316,1.0320818424224854,0.44516482949256897,1.116421103477478,False,0.44516482949256897
66,0.7,v0zCBqDeKcE_16,0.0,0.12447397410869598,-0.03735824301838875,-0.33862921595573425,True,-0.33862921595573425
66,0.7,f_pcplsH_V0_1,0.25,0.06269963085651398,0.06269963085651398,0.41840091347694397,True,0.41840091347694397
66,0.7,f_pcplsH_V0_2,1.399999976158142,0.5684746503829956,0.45418453216552734,0.7312288880348206,False,0.45418453216552734
66,0.7,f_pcplsH_V0_3,0.800000011920929,-0.6067449450492859,-0.65499347448349,-0.08745847642421722,False,-0.65499347448349
66,0.7,f_pcplsH_V0_4,0.5,-0.5963845252990723,-0.7172272801399231,1.1741362810134888,False,-0.7172272801399231
66,0.7,f_pcplsH_V0_5,1.2000000476837158,0.33112362027168274,-0.3564334213733673,0.020886370912194252,False,-0.3564334213733673
66,0.7,f_pcplsH_V0_6,1.600000023841858,-0.3360646367073059,-0.8331477046012878,-1.099156141281128,False,-0.8331477046012878
66,0.7,f_pcplsH_V0_7,0.0,0.2021758109331131,-0.8771898150444031,-0.7742737531661987,True,-0.7742737531661987
66,0.7,f_pcplsH_V0_8,0.800000011920929,0.34467944502830505,-0.793656051158905,-0.5429109334945679,False,-0.793656051158905
66,0.7,f_pcplsH_V0_9,-2.4000000953674316,-0.8806297183036804,-1.0927430391311646,-2.1548616886138916,False,-1.0927430391311646
66,0.7,f_pcplsH_V0_10,1.2000000476837158,-0.11634674668312073,-1.0459421873092651,-1.2792531251907349,True,-1.2792531251907349
66,0.7,f_pcplsH_V0_11,-0.4000000059604645,0.0965428501367569,-0.9434898495674133,-1.1570684909820557,True,-1.1570684909820557
66,0.7,f_pcplsH_V0_12,-0.800000011920929,0.2829202711582184,-0.553248405456543,-0.530365526676178,False,-0.553248405456543
66,0.7,f_pcplsH_V0_13,1.600000023841858,2.0753819942474365,0.8143283724784851,1.293208360671997,False,0.8143283724784851
66,0.7,f_pcplsH_V0_14,-1.0,-0.8846781849861145,-0.9263837933540344,-0.0755273699760437,False,-0.9263837933540344
66,0.7,f_pcplsH_V0_15,-1.0,-1.4986544847488403,-1.456020474433899,-1.8234405517578125,False,-1.456020474433899
66,0.7,tIrG4oNLFzE_1,2.799999952316284,2.2457876205444336,2.2457876205444336,2.491486072540283,False,2.2457876205444336
66,0.7,tIrG4oNLFzE_2,2.4000000953674316,0.6015399694442749,1.026546835899353,0.2943669557571411,False,1.026546835899353
66,0.7,tIrG4oNLFzE_3,2.5999999046325684,2.229887008666992,2.139951467514038,1.9821754693984985,False,2.139951467514038
66,0.7,tIrG4oNLFzE_4,1.399999976158142,-1.0231834650039673,-0.5095629692077637,-1.1156657934188843,False,-0.5095629692077637
66,0.7,tIrG4oNLFzE_5,0.4000000059604645,0.6162221431732178,0.27729740738868713,1.1429643630981445,False,0.27729740738868713
66,0.7,tIrG4oNLFzE_6,1.25,1.0675294399261475,0.589647650718689,0.560623824596405,False,0.589647650718689
66,0.7,tIrG4oNLFzE_7,-1.399999976158142,-0.08338455855846405,-0.20957642793655396,0.06869128346443176,True,0.06869128346443176
66,0.7,tIrG4oNLFzE_8,-1.2000000476837158,0.8704259395599365,0.38990068435668945,0.2553841471672058,False,0.38990068435668945
66,0.7,tIrG4oNLFzE_9,-1.0,0.3796972334384918,0.21874386072158813,0.7732101678848267,False,0.21874386072158813
66,0.7,tIrG4oNLFzE_10,-1.7999999523162842,0.4514417052268982,0.25392159819602966,0.8612754940986633,False,0.25392159819602966
66,0.7,tIrG4oNLFzE_11,-1.600000023841858,-0.9319292306900024,-0.5791909098625183,0.28128719329833984,False,-0.5791909098625183
66,0.7,tIrG4oNLFzE_12,-2.5999999046325684,-0.8786678910255432,-0.865646243095398,-2.547340154647827,False,-0.865646243095398
66,0.7,tIrG4oNLFzE_13,-2.0,0.6943868398666382,-0.23274409770965576,-0.723392128944397,False,-0.23274409770965576
66,0.7,tIrG4oNLFzE_14,-2.4000000953674316,0.9612694978713989,-0.05133316293358803,-0.32098257541656494,False,-0.05133316293358803
66,0.7,tIrG4oNLFzE_15,-2.0,1.1944267749786377,0.13343891501426697,-0.06187907233834267,False,0.13343891501426697
66,0.7,tIrG4oNLFzE_16,-1.600000023841858,-1.150168776512146,-0.6858883500099182,-1.8750033378601074,False,-0.6858883500099182
66,0.7,tIrG4oNLFzE_17,-0.4000000059604645,-0.9016547799110413,-0.5898571610450745,-0.7321901321411133,False,-0.5898571610450745
66,0.7,tIrG4oNLFzE_18,-2.200000047683716,-1.3114358186721802,-0.7812368869781494,-2.157240629196167,False,-0.7812368869781494
66,0.7,cM3Yna7AavY_1,2.200000047683716,1.122059941291809,1.122059941291809,0.6790433526039124,False,1.122059941291809
66,0.7,cM3Yna7AavY_2,2.5,0.31767168641090393,0.476235955953598,0.5101010799407959,False,0.476235955953598
66,0.7,cM3Yna7AavY_3,1.0,0.4928010106086731,0.46020472049713135,1.039298176765442,False,0.46020472049713135
66,0.7,cM3Yna7AavY_4,0.6000000238418579,0.08860942721366882,-0.058709826320409775,0.6644970178604126,True,0.6644970178604126
66,0.7,cM3Yna7AavY_5,2.799999952316284,2.2235352993011475,1.6925935745239258,2.1393327713012695,False,1.6925935745239258
66,0.7,cM3Yna7AavY_6,2.799999952316284,0.6137988567352295,0.8946659564971924,0.8567537665367126,False,0.8946659564971924
66,0.7,cM3Yna7AavY_7,3.0,2.2885870933532715,1.9463891983032227,2.1648550033569336,False,1.9463891983032227
66,0.7,cM3Yna7AavY_8,-0.6000000238418579,-1.1532078981399536,-0.47856393456459045,-0.4670928418636322,False,-0.47856393456459045
66,0.7,cM3Yna7AavY_9,-0.20000000298023224,-1.0241032838821411,-0.6377187371253967,-1.7818094491958618,False,-0.6377187371253967
66,0.7,cM3Yna7AavY_10,1.600000023841858,0.6185362935066223,-0.06538998335599899,0.7758663296699524,False,-0.06538998335599899
66,0.7,cM3Yna7AavY_11,2.0,0.014867352321743965,-0.4809565544128418,0.29904061555862427,True,0.29904061555862427
66,0.7,cM3Yna7AavY_12,-1.0,-1.253167748451233,-0.9744845032691956,-0.902786910533905,False,-0.9744845032691956
66,0.7,cM3Yna7AavY_13,-1.600000023841858,-1.284240961074829,-0.8912146687507629,-1.6528233289718628,False,-0.8912146687507629
66,0.7,cM3Yna7AavY_14,-2.5999999046325684,-0.4894026815891266,-0.522400438785553,-1.2390034198760986,False,-0.522400438785553
66,0.7,cM3Yna7AavY_15,-2.4000000953674316,1.0176992416381836,-0.010638938285410404,0.4134702682495117,False,-0.010638938285410404
66,0.7,cM3Yna7AavY_16,-2.799999952316284,-0.3057996332645416,-0.7807446718215942,-0.449555903673172,False,-0.7807446718215942
66,0.7,lXPQBPVc5Cw_1,0.20000000298023224,2.1778218746185303,2.1778218746185303,2.2556045055389404,False,2.1778218746185303
66,0.7,lXPQBPVc5Cw_2,-2.200000047683716,1.2865123748779297,1.5762102603912354,0.8808658719062805,False,1.5762102603912354
66,0.7,lXPQBPVc5Cw_3,-2.4000000953674316,0.6723690032958984,1.062281847000122,0.5170502662658691,False,1.062281847000122
66,0.7,lXPQBPVc5Cw_4,-1.2000000476837158,-1.226818323135376,-0.6317299008369446,-1.375524878501892,False,-0.6317299008369446
66,0.7,lXPQBPVc5Cw_5,-1.0,-0.25631850957870483,-0.30568405985832214,0.02642897702753544,False,-0.30568405985832214
66,0.7,lXPQBPVc5Cw_6,-1.399999976158142,-0.4591771960258484,-0.8332474231719971,-0.7455934882164001,False,-0.8332474231719971
66,0.7,lXPQBPVc5Cw_7,-2.799999952316284,0.3684961497783661,-0.3992566764354706,-0.7864189743995667,False,-0.3992566764354706
66,0.7,lXPQBPVc5Cw_8,2.5999999046325684,2.2257533073425293,1.108573079109192,1.9201174974441528,False,1.108573079109192
66,0.7,lXPQBPVc5Cw_9,-2.5999999046325684,-1.182083249092102,-0.9577183723449707,-1.6621413230895996,False,-0.9577183723449707
66,0.7,lXPQBPVc5Cw_10,-2.200000047683716,-0.287259966135025,-0.7165908217430115,-1.277450680732727,False,-0.7165908217430115
66,0.7,lXPQBPVc5Cw_11,-1.7999999523162842,0.7445586323738098,-0.4611852765083313,-0.1948656439781189,False,-0.4611852765083313
66,0.7,lXPQBPVc5Cw_12,-2.0,-1.2830551862716675,-1.2463067770004272,-2.574552536010742,False,-1.2463067770004272
66,0.7,lXPQBPVc5Cw_13,2.799999952316284,-0.4359286427497864,-0.9733327031135559,-1.9119518995285034,False,-0.9733327031135559
66,0.7,lXPQBPVc5Cw_14,-2.200000047683716,-1.4602750539779663,-1.5442110300064087,-2.631913661956787,False,-1.5442110300064087
66,0.7,lXPQBPVc5Cw_15,-2.799999952316284,0.014450062066316605,-0.7510533928871155,-1.2465046644210815,True,-1.2465046644210815
66,0.7,lXPQBPVc5Cw_16,0.20000000298023224,-0.7109532356262207,-0.9868642091751099,-1.3100017309188843,False,-0.9868642091751099
66,0.7,lXPQBPVc5Cw_17,-1.7999999523162842,0.49669989943504333,-0.7262315154075623,-0.17619891464710236,False,-0.7262315154075623
66,0.7,lXPQBPVc5Cw_18,-1.399999976158142,0.6810718178749084,-0.6264951825141907,-0.08311550319194794,False,-0.6264951825141907
66,0.7,lXPQBPVc5Cw_19,-1.7999999523162842,-1.312526822090149,-1.2325873374938965,-2.4726037979125977,False,-1.2325873374938965
66,0.7,lXPQBPVc5Cw_20,-1.7999999523162842,0.3296531140804291,-0.8351042866706848,-0.575657844543457,False,-0.8351042866706848
66,0.7,lXPQBPVc5Cw_21,1.7999999523162842,2.2352287769317627,0.8329795002937317,2.030748128890991,False,0.8329795002937317
66,0.7,lXPQBPVc5Cw_22,2.5999999046325684,0.4792850911617279,0.06701210141181946,0.19222289323806763,False,0.06701210141181946
66,0.7,lXPQBPVc5Cw_23,-2.4000000953674316,-0.9115990400314331,-0.9998165965080261,-0.6508952379226685,False,-0.9998165965080261
66,0.7,lXPQBPVc5Cw_24,-1.399999976158142,-1.3215476274490356,-1.1193891763687134,-1.2619725465774536,False,-1.1193891763687134
66,0.7,lXPQBPVc5Cw_25,-2.4000000953674316,0.5706810355186462,-0.6034549474716187,-0.07616644352674484,False,-0.6034549474716187
66,0.7,lXPQBPVc5Cw_26,-2.799999952316284,-0.7480551600456238,-0.9197382926940918,-2.1640543937683105,False,-0.9197382926940918
66,0.7,lXPQBPVc5Cw_27,-2.799999952316284,-1.0799708366394043,-0.9217058420181274,-2.2729384899139404,False,-0.9217058420181274
66,0.7,lXPQBPVc5Cw_28,0.800000011920929,0.8060839176177979,0.17929363250732422,-1.0601933002471924,False,0.17929363250732422
66,0.7,lXPQBPVc5Cw_29,-1.2000000476837158,-1.1446629762649536,-0.8704264760017395,-1.6697561740875244,False,-0.8704264760017395
66,0.7,lXPQBPVc5Cw_30,-2.0,0.18627481162548065,-0.6072871088981628,-0.774163544178009,True,-0.774163544178009
66,0.7,cXypl4FnoZo_1,1.0,0.7604142427444458,0.7604142427444458,1.1208090782165527,False,0.7604142427444458
66,0.7,cXypl4FnoZo_2,1.0,0.8998922109603882,0.8189762830734253,1.116378664970398,False,0.8189762830734253
66,0.7,cXypl4FnoZo_3,1.7999999523162842,0.6147437691688538,0.5143190026283264,0.8289363384246826,False,0.5143190026283264
66,0.7,cXypl4FnoZo_4,-0.800000011920929,-1.1562376022338867,-1.0516725778579712,-1.0825409889221191,False,-1.0516725778579712
66,0.7,cXypl4FnoZo_5,1.7999999523162842,1.0485838651657104,0.037770286202430725,0.9290958046913147,False,0.037770286202430725
66,0.7,cXypl4FnoZo_6,-0.6000000238418579,0.06149902939796448,-0.529583752155304,-0.03503886237740517,True,-0.03503886237740517
66,0.7,cXypl4FnoZo_7,-1.0,0.7959488034248352,-0.0037176059558987617,-0.1723211407661438,False,-0.0037176059558987617
66,0.7,cXypl4FnoZo_8,1.399999976158142,-0.11938942968845367,-0.3438757061958313,-0.2633795142173767,True,-0.2633795142173767
66,0.7,cXypl4FnoZo_9,1.2000000476837158,0.6533455848693848,-0.13739649951457977,-0.36374080181121826,False,-0.13739649951457977
66,0.7,cXypl4FnoZo_10,2.0,2.08803653717041,1.3475347757339478,1.7475709915161133,False,1.3475347757339478
66,0.7,cXypl4FnoZo_11,1.399999976158142,1.6002472639083862,1.0633028745651245,1.60604727268219,False,1.0633028745651245
66,0.7,cXypl4FnoZo_12,2.0,0.3689000904560089,0.39511385560035706,0.32232552766799927,False,0.39511385560035706
66,0.7,cXypl4FnoZo_13,-1.0,-0.8190653920173645,-0.6835541725158691,-1.5587986707687378,False,-0.6835541725158691
66,0.7,cXypl4FnoZo_14,-0.6000000238418579,0.6273195147514343,-0.05026202276349068,-0.08537556231021881,False,-0.05026202276349068
66,0.7,cXypl4FnoZo_15,0.0,-0.2554861605167389,-0.350924015045166,-0.6430525183677673,False,-0.350924015045166
66,0.7,cXypl4FnoZo_16,-0.6000000238418579,0.6364733576774597,-0.1658908575773239,-0.024016520008444786,False,-0.1658908575773239
66,0.7,cXypl4FnoZo_17,-0.6000000238418579,0.6917293071746826,-0.13158340752124786,-0.06247660890221596,False,-0.13158340752124786
66,0.7,cXypl4FnoZo_18,-0.25,0.26120999455451965,-0.37225091457366943,-0.35272425413131714,False,-0.37225091457366943
66,0.7,cXypl4FnoZo_19,0.800000011920929,0.8756647706031799,-0.021824989467859268,0.23656170070171356,False,-0.021824989467859268
66,0.7,cXypl4FnoZo_20,-1.0,-0.889864444732666,-0.7330875992774963,-1.4637504816055298,False,-0.7330875992774963
66,0.7,cXypl4FnoZo_21,-0.6000000238418579,-0.18311239778995514,-0.482807457447052,-0.8942484259605408,True,-0.8942484259605408
66,0.7,cXypl4FnoZo_22,0.20000000298023224,-0.27269646525382996,-0.5031558871269226,-0.2459554225206375,False,-0.5031558871269226
66,0.7,cXypl4FnoZo_23,0.4000000059604645,0.2638343274593353,-0.47080448269844055,-0.590021014213562,False,-0.47080448269844055
66,0.7,cXypl4FnoZo_24,0.20000000298023224,0.5640086531639099,-0.31404513120651245,-0.5754554867744446,False,-0.31404513120651245
66,0.7,cXypl4FnoZo_25,-1.2000000476837158,0.631827175617218,-0.41645196080207825,-0.4071211814880371,False,-0.41645196080207825
66,0.7,cXypl4FnoZo_26,0.6000000238418579,-0.5980043411254883,-0.7633822560310364,-0.6893957257270813,False,-0.7633822560310364
66,0.7,cXypl4FnoZo_27,0.800000011920929,0.933545708656311,-0.2779586911201477,0.09784556180238724,False,-0.2779586911201477
66,0.7,cXypl4FnoZo_28,-2.200000047683716,-0.7945870757102966,-0.7818304300308228,-1.0996390581130981,False,-0.7818304300308228
66,0.7,cXypl4FnoZo_29,-1.399999976158142,0.7058053016662598,-0.2821092903614044,-0.19400158524513245,False,-0.2821092903614044
66,0.7,c7UH_rxdZv4_1,-2.799999952316284,-1.0356931686401367,-1.0356931686401367,-2.522521495819092,False,-1.0356931686401367
66,0.7,c7UH_rxdZv4_2,-2.5999999046325684,-0.2830334007740021,-0.7247036099433899,-0.879618227481842,False,-0.7247036099433899
66,0.7,c7UH_rxdZv4_3,-0.800000011920929,-1.236389398574829,-1.1052898168563843,-0.17648375034332275,False,-1.1052898168563843
66,0.7,c7UH_rxdZv4_4,1.600000023841858,2.144141435623169,1.4314085245132446,1.8354827165603638,False,1.4314085245132446
66,0.7,c7UH_rxdZv4_5,-2.200000047683716,-0.36964020133018494,-0.308150976896286,0.5562945008277893,False,-0.308150976896286
66,0.7,c7UH_rxdZv4_6,-2.5999999046325684,-0.7139971256256104,-0.5414367914199829,-2.0430572032928467,False,-0.5414367914199829
66,0.7,c7UH_rxdZv4_7,-3.0,-1.1359682083129883,-0.8409917950630188,-2.292745351791382,False,-0.8409917950630188
66,0.7,c7UH_rxdZv4_8,-2.799999952316284,-0.8322921991348267,-0.7477338910102844,-1.8412294387817383,False,-0.7477338910102844
66,0.7,c7UH_rxdZv4_9,-0.4000000059604645,0.10385977476835251,-0.20343881845474243,1.408252239227295,True,1.408252239227295
66,0.7,c7UH_rxdZv4_10,0.800000011920929,0.48081234097480774,-0.2801206111907959,0.06343516707420349,False,-0.2801206111907959
66,0.7,c7UH_rxdZv4_11,1.0,0.5002493262290955,-0.2673438489437103,-0.16270051896572113,False,-0.2673438489437103
66,0.7,c7UH_rxdZv4_12,-2.799999952316284,0.38938087224960327,-0.30343151092529297,-0.35650262236595154,False,-0.30343151092529297
66,0.7,c7UH_rxdZv4_13,-2.5999999046325684,-1.236633062362671,-0.9728507399559021,-1.7362443208694458,False,-0.9728507399559021
66,0.7,c7UH_rxdZv4_14,1.2000000476837158,1.0080664157867432,-0.05765264108777046,0.09630469977855682,False,-0.05765264108777046
66,0.7,c7UH_rxdZv4_15,-2.4000000953674316,0.18380779027938843,-0.4660019874572754,-0.362833708524704,True,-0.362833708524704
66,0.7,c7UH_rxdZv4_16,-2.0,-1.186777949333191,-0.849787712097168,-1.654204249382019,False,-0.849787712097168
66,0.7,c7UH_rxdZv4_17,-1.399999976158142,0.46454015374183655,-0.40424567461013794,0.0672324001789093,False,-0.40424567461013794
66,0.7,c7UH_rxdZv4_18,-2.25,-0.38168439269065857,-0.8897950649261475,-0.9724937677383423,False,-0.8897950649261475
66,0.7,c7UH_rxdZv4_19,-1.7999999523162842,-0.1754208505153656,-0.8360376954078674,-1.1444897651672363,True,-1.1444897651672363
66,0.7,c7UH_rxdZv4_20,-1.7999999523162842,0.4096784293651581,-0.5330873727798462,-0.3180244266986847,False,-0.5330873727798462
66,0.7,c7UH_rxdZv4_21,-0.800000011920929,0.4548223316669464,-0.42593690752983093,-0.7549239993095398,False,-0.42593690752983093
66,0.7,c7UH_rxdZv4_22,-2.4000000953674316,-1.23179030418396,-0.9646674990653992,-0.9955025315284729,False,-0.9646674990653992
66,0.7,c7UH_rxdZv4_23,-0.6000000238418579,-1.1093902587890625,-0.915617048740387,-1.9858512878417969,False,-0.915617048740387
66,0.7,c7UH_rxdZv4_24,-1.7999999523162842,0.16581806540489197,-0.6308010220527649,-0.3824853301048279,True,-0.3824853301048279
66,0.7,c7UH_rxdZv4_25,0.0,0.1521061360836029,-0.6386036276817322,-0.677084743976593,True,-0.677084743976593
66,0.7,c7UH_rxdZv4_26,-2.5999999046325684,0.4742683470249176,-0.379355251789093,-0.5252801179885864,False,-0.379355251789093
66,0.7,c7UH_rxdZv4_27,-1.7999999523162842,0.4152475595474243,-0.429641455411911,-0.33381691575050354,False,-0.429641455411911
66,0.7,c7UH_rxdZv4_28,-0.800000011920929,-0.1858680248260498,-0.7754139304161072,-0.4238322079181671,True,-0.4238322079181671
66,0.7,c7UH_rxdZv4_29,0.6000000238418579,-0.13219423592090607,-0.7340360879898071,-0.2592356204986572,True,-0.2592356204986572
66,0.7,c7UH_rxdZv4_30,1.2000000476837158,0.3071550726890564,-0.622555136680603,-0.7346180081367493,False,-0.622555136680603
66,0.7,c7UH_rxdZv4_31,-1.399999976158142,0.13969822227954865,-0.7087714076042175,-0.8514984250068665,True,-0.8514984250068665
66,0.7,c7UH_rxdZv4_32,-2.200000047683716,-0.244160458445549,-0.6131431460380554,-0.22702224552631378,True,-0.22702224552631378
66,0.7,c7UH_rxdZv4_33,-1.7999999523162842,-1.0501811504364014,-1.0196571350097656,-1.2628417015075684,False,-1.0196571350097656
