dataset,seed,rate,modality,bucket,gaps,mean_gap_length,cumulative_write_mean,cumulative_write_median,cumulative_decay_mean,cumulative_decay_median,error_change_mean,error_change_median,write_per_step_mean,write_per_step_median,overlap_mean_mean,overlap_mean_median,overlap_max_mean,overlap_max_median,overlap_sum_mean,overlap_sum_median
IEMOCAPFour,66,0.1,visual,1,85,1,0.33576461274231617,0.30987418070435524,0.019012054477763527,0.019025668501853943,0.35477666802204005,0.32821940099529456,0.33576461274231617,0.30987418070435524,0.3183224860003547,0.29996695183217525,0.551212749411078,0.5476584434509277,0.3183224860003547,0.29996695183217525
IEMOCAPFour,66,0.1,text,1,102,1,0.2910640171544133,0.2926932906266302,0.018934331754423387,0.018965891329571605,0.3099983490637005,0.311914811420138,0.2910640171544133,0.2926932906266302,0.3388915167751667,0.3550013448111713,0.5706411569434053,0.5859832763671875,0.3388915167751667,0.3550013448111713
IEMOCAPFour,66,0.1,audio,1,107,1,0.3209510150313308,0.2923186826519668,0.018985043608400726,0.018978970125317574,0.33993605848088443,0.31164957939472515,0.3209510150313308,0.2923186826519668,0.3176582790671839,0.33060585614293814,0.5150918072072145,0.5692592859268188,0.3176582790671839,0.33060585614293814
IEMOCAPFour,66,0.1,audio,2-3,10,2.1,0.4221499209990725,0.42738532030489296,0.022621755744330584,0.02276742912363261,0.44477167647128224,0.45336635342391673,0.19963184292816247,0.21369266015244648,0.26766623098325604,0.2741269070732718,0.5240988820791245,0.531226709485054,0.5626580140786246,0.5918391069862992
IEMOCAPFour,66,0.1,visual,2-3,12,2.1666666666666665,0.43263978346173343,0.4377360618673265,0.01773422126037379,0.016369412885978818,0.450374003447602,0.4563211113854777,0.20414081683136626,0.21886803093366325,0.2911817310571981,0.28614885511342436,0.5565454363822937,0.5533769130706787,0.6321820488277202,0.6381427305750549
IEMOCAPFour,66,0.1,text,2-3,16,2.1875,0.3587812934492831,0.31780928932130337,0.020634710614103824,0.021849456941708922,0.37941600568888134,0.34193794762541074,0.1656754650187698,0.14991955648292787,0.31800895873311674,0.3113430431112647,0.6152079924941063,0.6216433346271515,0.6903762004658347,0.6691693537868559
IEMOCAPFour,66,0.3,audio,2-3,78,2.141025641025641,0.40444730459831846,0.3933224845677614,0.020902043847271647,0.02065207588020712,0.4253493485626817,0.41734495426135254,0.19244999838415852,0.18848325638100505,0.2704155184646957,0.26982523151673377,0.5589631625857109,0.5784596502780914,0.5798035243821617,0.5547533116186969
IEMOCAPFour,66,0.3,visual,1,193,1,0.27800850196587107,0.2828920818865299,0.019102759440936187,0.019142163451761007,0.2971112612154081,0.30119144878699444,0.27800850196587107,0.2828920818865299,0.2898139673359982,0.2795485779643059,0.534449934418955,0.5404992699623108,0.2898139673359982,0.2795485779643059
IEMOCAPFour,66,0.3,text,1,197,1,0.2598377212345468,0.23783853719942272,0.019062838611679938,0.019147938350215554,0.2789005599958086,0.25717316537338775,0.2598377212345468,0.23783853719942272,0.30369756442138945,0.314602492377162,0.5571551982521405,0.5728413462638855,0.30369756442138945,0.314602492377162
IEMOCAPFour,66,0.3,visual,2-3,60,2.2,0.3634054021482977,0.35057844303082675,0.020638982887612657,0.020819918718189,0.3840443853512246,0.3739802080017398,0.16798141727599109,0.1462676899197201,0.2742023546132259,0.2718246693645293,0.5796891927719117,0.6003156900405884,0.6082053003328232,0.5709002832882106
IEMOCAPFour,66,0.3,audio,1,180,1,0.2881594744892532,0.28328633354976773,0.01911497922588347,0.019143177662044764,0.30727445369086326,0.30285047492725425,0.2881594744892532,0.28328633354976773,0.29074240736873536,0.3080270476639271,0.5021324700779385,0.548039585351944,0.29074240736873536,0.3080270476639271
IEMOCAPFour,66,0.3,text,2-3,64,2.265625,0.3861535121613997,0.3408976999344304,0.022090775295509957,0.021490641753189266,0.4082442873605032,0.36269922326755477,0.17275554869108115,0.16008866648189723,0.29310822766698647,0.2973398885806091,0.5998090663924813,0.6050618290901184,0.663771176332375,0.6347822113893926
IEMOCAPFour,66,0.3,text,4-7,4,4.25,0.35113683552481234,0.35349019418936223,0.021887113427510485,0.022630759864114225,0.37302394836478925,0.3741659330735274,0.08181121214292944,0.08837254854734056,0.2614641269487038,0.27516676259692757,0.5347961112856865,0.5437097251415253,1.114157588846865,1.1646689865738153
IEMOCAPFour,66,0.3,audio,4-7,4,4,0.6066469909274019,0.5232568818610162,0.017575868812855333,0.026224354282021523,0.624222859182737,0.5542120136360609,0.15166174773185048,0.13081422046525404,0.2873710018211568,0.26973341755365254,0.6456397473812103,0.6538132131099701,1.1494840072846273,1.0789336702146102
IEMOCAPFour,66,0.3,visual,4-7,4,4,0.6310906858416274,0.6444519872311503,0.013456978078465909,0.01236683374736458,0.6445476675926329,0.6568188249548257,0.15777267146040685,0.16111299680778757,0.33781324040319305,0.3496353240625467,0.6861877888441086,0.709216982126236,1.3512529616127722,1.3985412962501869
IEMOCAPFour,66,0.5,audio,2-3,119,2.2436974789915967,0.35405179163824546,0.3359330613166094,0.02247101003734567,0.02231503394432366,0.37652280224926066,0.3572737822396448,0.16120449871285258,0.15063098073005676,0.25704058869487506,0.2549911695532501,0.553959675321058,0.5827184915542603,0.5743659651347146,0.5543830734677613
IEMOCAPFour,66,0.5,text,1,178,1,0.25541789916846275,0.2276988485828042,0.019145922490730462,0.01917648804374039,0.2745638212272956,0.24690871905113454,0.25541789916846275,0.2276988485828042,0.28818711528869795,0.28192086168564856,0.5421621060270941,0.5658194720745087,0.28818711528869795,0.28192086168564856
IEMOCAPFour,66,0.5,visual,1,175,1,0.2327949490211904,0.23303438816219568,0.019189603967326028,0.019200580660253763,0.25198455296866346,0.2519822689355351,0.2327949490211904,0.23303438816219568,0.2560560144011729,0.2481048828922212,0.5127149535076959,0.515709638595581,0.2560560144011729,0.2481048828922212
IEMOCAPFour,66,0.5,visual,2-3,101,2.3366336633663365,0.3697120848844879,0.35514362156391144,0.022442245232356287,0.021632030606269836,0.39215432986032167,0.37359950033896894,0.16303200681314253,0.15643572186430296,0.25027058209198844,0.2330423460031549,0.5644842226906578,0.5656788349151611,0.5818089235027661,0.5466043881606311
IEMOCAPFour,66,0.5,text,2-3,108,2.3703703703703702,0.40195249265202115,0.388363137608394,0.023883220921831066,0.024685660493560135,0.4258357137566606,0.40866646602444234,0.17188776961479618,0.1662526549771428,0.28611135050416553,0.2883041091263294,0.6135115493778829,0.6261370182037354,0.6759844712645712,0.6610259991139174
IEMOCAPFour,66,0.5,audio,1,175,1,0.2639796327945909,0.24934483948163688,0.019113255219001854,0.01915023964829743,0.2830928880867473,0.26839314587414265,0.2639796327945909,0.24934483948163688,0.2665115342482126,0.2775854831561446,0.4807955781902586,0.5076894760131836,0.2665115342482126,0.2775854831561446
IEMOCAPFour,66,0.5,text,4-7,18,4.888888888888889,0.49673439605006325,0.3904003497445956,0.025902146331241563,0.030587091692723334,0.5226365405600922,0.4279572428786196,0.10563492309496117,0.0821039731381461,0.2884940425048443,0.28541598374431487,0.6536208954122331,0.6569027900695801,1.416857261734549,1.3964106943458319
IEMOCAPFour,66,0.5,visual,4-7,26,4.384615384615385,0.45714152615535286,0.42523663316387683,0.022910337008607503,0.022784311091527343,0.4800518639184212,0.4574213216146745,0.10514632893856077,0.10410449649013268,0.23329151500171671,0.21360702282981947,0.5958694070577621,0.608586847782135,1.0208791475563954,1.0213530456530862
IEMOCAPFour,66,0.5,audio,4-7,18,4.611111111111111,0.5455970700455105,0.4991352637298405,0.023779615255383153,0.021553178201429546,0.5693766858453778,0.5319409764888405,0.12023450378881381,0.11774362996220589,0.23840178545239804,0.2422072222456336,0.6175016330348121,0.5948916077613831,1.0872729332639008,1.0945631032809615
IEMOCAPFour,66,0.5,audio,8+,1,8,0.43584831594489515,0.43584831594489515,0.06244875746779144,0.06244875746779144,0.49829707309254445,0.49829707309254445,0.054481039493111894,0.054481039493111894,0.1756721707060933,0.1756721707060933,0.5229377746582031,0.5229377746582031,1.4053773656487465,1.4053773656487465
IEMOCAPFour,66,0.5,text,8+,3,8,0.4710612278431654,0.5065816710703075,0.03548631312636038,0.039945805445313454,0.5065475381027985,0.5574118157237535,0.058882653480395675,0.06332270888378844,0.254658455310467,0.22226540255360305,0.6150775154431661,0.6136025190353394,2.037267642483736,1.7781232204288244
IEMOCAPFour,66,0.5,visual,8+,3,8.666666666666666,0.6012791589989016,0.5760124502703547,0.010916077454263965,0.018477733246982098,0.6121952398449745,0.5944901836774079,0.0694755197511296,0.07200155628379434,0.2640962707971792,0.2842594201986988,0.5929784576098124,0.6329677700996399,2.2716259551622593,2.525771568296477
IEMOCAPFour,66,0.7,visual,4-7,60,5.083333333333333,0.4874429224214206,0.46864148566965014,0.025782783764104047,0.027773956768214703,0.5132257061887079,0.4985755551351758,0.09913329769525536,0.09392231109086424,0.23550532910352415,0.20672587475356913,0.6052938496073087,0.6029893159866333,1.197396307529804,1.1666157774161547
IEMOCAPFour,66,0.7,text,1,136,1,0.2475615241273772,0.23156459629535675,0.01923996347057469,0.01926775649189949,0.26680148774802853,0.2505458506020659,0.2475615241273772,0.23156459629535675,0.27986405307156553,0.2783846505917609,0.5486884965177845,0.5594375431537628,0.27986405307156553,0.2783846505917609
IEMOCAPFour,66,0.7,audio,2-3,110,2.4727272727272727,0.4023709725736725,0.3948513231007382,0.022814486001152545,0.022658946458250284,0.425185458557462,0.4139048053548322,0.16460965667061056,0.16024945804383606,0.2516786032795525,0.25524786819005385,0.5703474681485783,0.5927330851554871,0.6247127070948905,0.6212542860303074
IEMOCAPFour,66,0.7,visual,2-3,93,2.3655913978494625,0.3521029839357261,0.3315920033492148,0.024298564923967245,0.02327062375843525,0.3764015485430034,0.36157598358840914,0.15044997906851446,0.14085543248802423,0.2358665297047392,0.22141948412172496,0.5558220023109067,0.567894458770752,0.5662441150953753,0.5152466674335301
IEMOCAPFour,66,0.7,visual,1,125,1,0.2172282120892778,0.20659058168530464,0.01927071608323604,0.01926909456960857,0.23649892840786196,0.22585310153954197,0.2172282120892778,0.20659058168530464,0.25035618722299113,0.2409620862454176,0.5113966472148895,0.5027870535850525,0.25035618722299113,0.2409620862454176
IEMOCAPFour,66,0.7,audio,1,124,1,0.24003990970724712,0.2222389185335487,0.019207494310854424,0.019225413212552667,0.2592474042114132,0.24162431359764014,0.24003990970724712,0.2222389185335487,0.25796185264686844,0.27337609557434916,0.48412878510932766,0.5178893506526947,0.25796185264686844,0.27337609557434916
IEMOCAPFour,66,0.7,text,4-7,46,4.695652173913044,0.46273045217031206,0.4630783051252365,0.029909099421828338,0.030683145043440163,0.4926395506467404,0.48016135855868924,0.10208784229289374,0.09947560357977636,0.27409697195498645,0.2780766610521823,0.6345475614070892,0.6344542503356934,1.2771662432047457,1.2566218285355717
IEMOCAPFour,66,0.7,text,2-3,115,2.391304347826087,0.37902702408862987,0.36424262449145317,0.023627389708290928,0.02412235247902572,0.40265441364735244,0.38314502478169743,0.1631844980458297,0.15891454135999084,0.2682700537253117,0.27302954827124876,0.6204003248525702,0.6242549419403076,0.6399443187214353,0.6013231817632914
IEMOCAPFour,66,0.7,audio,4-7,39,4.769230769230769,0.5035535648871118,0.5104444418102503,0.028260057386106405,0.024437405401840806,0.5318136207874303,0.5332813194545452,0.10799070561677956,0.10986582129262387,0.24305067646765077,0.2512280754279345,0.6178324940877084,0.6257245540618896,1.146572278914018,1.0986875025555491
IEMOCAPFour,66,0.7,audio,8+,9,8.88888888888889,0.6156725822171817,0.6146578281186521,0.03686059036085175,0.03109336970373988,0.6525331742096669,0.6664208341317135,0.06959532642702146,0.07595999901079468,0.24354738189394462,0.24683395010005268,0.6491711205906339,0.6599168181419373,2.1713911368149437,2.221505550900474
IEMOCAPFour,66,0.7,text,8+,4,8.75,0.6282172562787309,0.6061690049245954,0.028379640833009034,0.023293863399885595,0.6565968934046396,0.6273070093993738,0.07096059620542089,0.06735211165828837,0.2538628648973018,0.2604266795808346,0.6839573234319687,0.7065228819847107,2.2457802283170167,2.3438401162275113
IEMOCAPFour,66,0.7,visual,8+,5,9.6,0.7664709302596748,0.6736693598795682,0.0078109255991876125,0.00598518829792738,0.7742818528487987,0.6835078803851502,0.08205047397133303,0.08122052997350693,0.2857741857056565,0.2847893411817495,0.6874940156936645,0.6790728569030762,2.696258836868219,2.827087508048862
IEMOCAPFour,67,0.1,text,2-3,12,2.0833333333333335,0.43482526834122837,0.42427470115944743,0.020560062878454726,0.020494310883805156,0.4553853296577775,0.44762421342602465,0.2075587208253435,0.21213735057972372,0.33789104533368824,0.3403502383735031,0.6767441431681315,0.6721282303333282,0.7024543259952528,0.6867877368349582
IEMOCAPFour,67,0.1,visual,1,90,1,0.3022032142539198,0.28111583564896137,0.019270038346035613,0.019285116228275,0.3214732521932294,0.3000738572955015,0.3022032142539198,0.28111583564896137,0.3079904603616645,0.3140741279348731,0.6043330614765485,0.6215736269950867,0.3079904603616645,0.3140741279348731
IEMOCAPFour,67,0.1,audio,1,92,1,0.28965244678092067,0.2845917355734855,0.01933515587133234,0.019292525597847998,0.3089876029988891,0.3037911542051006,0.28965244678092067,0.2845917355734855,0.2799852185970572,0.28971876529976726,0.5386006547057111,0.5561587512493134,0.2799852185970572,0.28971876529976726
IEMOCAPFour,67,0.1,text,1,92,1,0.26797001225666306,0.25028944853693247,0.019257999802230977,0.01926647638902068,0.28722801243833124,0.2698438292281935,0.26797001225666306,0.25028944853693247,0.3264210136916043,0.32200077129527926,0.5871877819299698,0.5900126695632935,0.3264210136916043,0.32200077129527926
IEMOCAPFour,67,0.1,visual,2-3,8,2.125,0.3733939001103863,0.3398960097692907,0.017489781574113294,0.01625007134862244,0.3908836823297861,0.3559796130812174,0.17536235102064288,0.16877424468596777,0.2940030274136613,0.3049378355499357,0.6292367093265057,0.6805479228496552,0.6370195818599313,0.6098756710998714
IEMOCAPFour,67,0.1,audio,2-3,7,2,0.36629945379016654,0.3666254971176386,0.018974019347557,0.016909178579226136,0.38527347127767697,0.3828249437865452,0.18314972689508327,0.1833127485588193,0.24260736276794756,0.2263538760598749,0.5038435714585441,0.49718135595321655,0.4852147255358951,0.4527077521197498
IEMOCAPFour,67,0.3,visual,2-3,76,2.1710526315789473,0.3965946213973343,0.3808086318895221,0.020306072491956383,0.01991686236578971,0.416900693529789,0.3986879491058062,0.18506895043231597,0.17032879701582715,0.2794097343560823,0.28045740810921416,0.6411983806051706,0.6680566370487213,0.6067743780256837,0.5829301001504064
IEMOCAPFour,67,0.3,audio,1,192,1,0.2647329824891737,0.25942013994790614,0.01933774941547502,0.01933310565073043,0.2840707319929739,0.2787133586425625,0.2647329824891737,0.25942013994790614,0.2591764872186104,0.2453895783983171,0.5194750442945709,0.5140653252601624,0.2591764872186104,0.2453895783983171
IEMOCAPFour,67,0.3,visual,1,175,1,0.2678835237491876,0.25756044033914804,0.019377417214480892,0.019391309469938278,0.28726094132389074,0.27682405399536947,0.2678835237491876,0.25756044033914804,0.27182757000771485,0.2777735386043787,0.5645397133486612,0.5648789405822754,0.27182757000771485,0.2777735386043787
IEMOCAPFour,67,0.3,text,4-7,6,4.5,0.5537075765508538,0.5836406836751848,0.028019723404819768,0.029606939759105444,0.5817272994269539,0.6122431547773886,0.12712995610652594,0.12439488273230381,0.2901554093508619,0.2989303372451104,0.6757328808307648,0.6746511161327362,1.2964100890870516,1.1957213489804417
IEMOCAPFour,67,0.3,audio,4-7,4,4,0.5631664693937637,0.5168988178484142,0.009646577585954219,0.009225448011420667,0.5728130472234625,0.5234656446482404,0.14079161734844092,0.12922470446210355,0.2593006536917528,0.24719221107079647,0.6459321230649948,0.6498777568340302,1.0372026147670113,0.9887688442831859
IEMOCAPFour,67,0.3,text,2-3,69,2.1884057971014492,0.3612572464491308,0.3604891689028591,0.02260233757113093,0.02290938561782241,0.38385958414880367,0.38408071905723773,0.1665711873340317,0.1694396132370457,0.2956224447622409,0.29269849602133036,0.6340615792550902,0.6419262290000916,0.6486766333000032,0.6117130620405078
IEMOCAPFour,67,0.3,audio,2-3,53,2.2264150943396226,0.33358762691781485,0.33222179114818573,0.02161902919376515,0.021315511548891664,0.3552066562658852,0.349987179695745,0.1510943771404384,0.14903790992684662,0.2393486772820576,0.2336627719923854,0.5711162022824557,0.601115345954895,0.5321180542254433,0.49122964811977
IEMOCAPFour,67,0.3,text,1,159,1,0.25738281771282917,0.24559992575086653,0.019304398901953873,0.019357821438461542,0.27668721675176783,0.26545432465718477,0.25738281771282917,0.24559992575086653,0.3070018537805281,0.3023788221180439,0.5823122321059869,0.5920668840408325,0.3070018537805281,0.3023788221180439
IEMOCAPFour,67,0.3,visual,4-7,5,4,0.4115813450422138,0.4416625543963164,0.022570043057203292,0.02358769392594695,0.434151389496401,0.456148027049494,0.10289533626055344,0.1104156385990791,0.2684038630046416,0.2800591201521456,0.643464732170105,0.678832471370697,1.0736154520185663,1.1202364806085825
IEMOCAPFour,67,0.5,audio,2-3,123,2.268292682926829,0.34628505969601797,0.33146016020327806,0.022411420244753847,0.022068814607337117,0.3686964797753473,0.3562349278436159,0.15400747830889927,0.14736443455331028,0.23458955280896374,0.23035622240665057,0.5973633801549431,0.6083027124404907,0.5323797711966242,0.49354666424915195
IEMOCAPFour,67,0.5,audio,1,172,1,0.241609291655423,0.23879406054038554,0.019393582263863972,0.01940144831314683,0.2610028736768749,0.25796283230010886,0.241609291655423,0.23879406054038554,0.24611183561974875,0.23853451572358608,0.5196697243251079,0.5251153111457825,0.24611183561974875,0.23853451572358608
IEMOCAPFour,67,0.5,text,4-7,22,4.818181818181818,0.4791636850833046,0.45951194618828595,0.03265262803655456,0.030854469863697886,0.511816311794312,0.5191757038264768,0.10257101664271757,0.09815767023246735,0.2662971495686616,0.2751879430226316,0.668780508366498,0.6835409700870514,1.2786325791067528,1.1907010891009122
IEMOCAPFour,67,0.5,text,1,170,1,0.26035175332525634,0.24076204595621675,0.01937415460946367,0.019410827895626426,0.27972590770830935,0.26004222940537147,0.26035175332525634,0.24076204595621675,0.29918326616752894,0.3007394992746413,0.5838186279815786,0.5921793282032013,0.29918326616752894,0.3007394992746413
IEMOCAPFour,67,0.5,visual,1,159,1,0.25630964171697834,0.25738514587283134,0.019422565102899365,0.01941192871890962,0.27573220641516977,0.27679733240802307,0.25630964171697834,0.25738514587283134,0.27087387822146686,0.2700944864191115,0.5559203640657401,0.5657138824462891,0.27087387822146686,0.2700944864191115
IEMOCAPFour,67,0.5,visual,2-3,109,2.238532110091743,0.36405377197848343,0.33377715572714806,0.020484972958786225,0.020044411765411496,0.3845387448309005,0.35405925108352676,0.16452313850018616,0.15724043641239405,0.26247496621516625,0.2522365874610841,0.633573478514995,0.6649782061576843,0.5890583152041147,0.5438361903652549
IEMOCAPFour,67,0.5,text,2-3,109,2.3944954128440368,0.37796954010878137,0.37369134556502104,0.024273487253311098,0.024408766301348805,0.4022430268784081,0.3944797229487449,0.16191008121888822,0.15847059292718768,0.284780725527559,0.2813791651278734,0.6371386086722033,0.6507077217102051,0.680443583698217,0.6456831418909132
IEMOCAPFour,67,0.5,visual,4-7,28,4.642857142857143,0.4642003645837706,0.4513831972144544,0.02395716608069571,0.02454998390749097,0.48815752925526923,0.47036330732225906,0.1006320569379933,0.09605755438096822,0.24466138981501684,0.24243202520301566,0.6631996184587479,0.7030415236949921,1.1436557876420141,1.0840917831519619
IEMOCAPFour,67,0.5,audio,4-7,18,4.611111111111111,0.5277566633109624,0.5393864308716729,0.02302896001169251,0.02020089130382985,0.550785623911199,0.5739032659039367,0.11675968798208199,0.11650992014911027,0.2392274913498633,0.23179686160292476,0.671215244465404,0.6927710771560669,1.0983968711354666,1.0539516569115222
IEMOCAPFour,67,0.5,text,8+,1,8,0.7232977524399757,0.7232977524399757,5.0545670092105865e-05,5.0545670092105865e-05,0.7233482941228431,0.7233482941228431,0.09041221905499697,0.09041221905499697,0.2892837621184299,0.2892837621184299,0.7823350429534912,0.7823350429534912,2.314270096947439,2.314270096947439
IEMOCAPFour,67,0.7,audio,1,126,1,0.24438255410715345,0.23708536918275058,0.019505974515119477,0.019505109055899084,0.26388852876730123,0.256485658515885,0.24438255410715345,0.23708536918275058,0.24848586901752573,0.24393928772769868,0.5400506754716238,0.537600189447403,0.24848586901752573,0.24393928772769868
IEMOCAPFour,67,0.7,visual,1,132,1,0.238097340197507,0.23896548384800553,0.019522580815563826,0.019497584900818765,0.25761992130568695,0.25852591063448926,0.238097340197507,0.23896548384800553,0.26361677203958883,0.25835890509188175,0.5621462511745366,0.5572380125522614,0.26361677203958883,0.25835890509188175
IEMOCAPFour,67,0.7,audio,2-3,126,2.365079365079365,0.33548436105983065,0.33871567610185593,0.02355757931668666,0.023671803413890302,0.35904194043743903,0.3609765052460716,0.14523969828822555,0.1445004045769262,0.22985363289930674,0.22917781269643456,0.5990532932300416,0.6058526933193207,0.5416299172821233,0.5349146188236773
IEMOCAPFour,67,0.7,visual,4-7,55,4.745454545454545,0.4736321886451068,0.4703644812107086,0.025398060243407433,0.02589441346935928,0.4990302497954293,0.4936007322394289,0.10206433203121752,0.10111728155364592,0.249747483607784,0.2472012533573434,0.6764443760568445,0.7003573775291443,1.1861064151104075,1.1833512764424086
IEMOCAPFour,67,0.7,visual,2-3,110,2.4363636363636365,0.37209870807551354,0.37102805357426405,0.0235636779287068,0.02359659387730062,0.3956623854955441,0.39478776985924924,0.1573984668558379,0.1488091864157468,0.25380906013539944,0.252265339018777,0.6236261679367585,0.6534857153892517,0.6169722561504882,0.6014992065029219
IEMOCAPFour,67,0.7,text,4-7,41,4.7560975609756095,0.4732164790024754,0.4679359595756978,0.03182079363614321,0.03187504434026778,0.5050372716088044,0.49729416334594134,0.10107858312382761,0.09619597947624113,0.27386586289920056,0.27035438042366877,0.6589067520164862,0.6650026440620422,1.3061667282003682,1.2130522220395505
IEMOCAPFour,67,0.7,text,1,138,1,0.2520363113296259,0.23836832598317415,0.019453356131924775,0.019443335593678057,0.2714896673210403,0.25799679722695146,0.2520363113296259,0.23836832598317415,0.28896749474739225,0.2919619556632824,0.5941448529129443,0.6077820956707001,0.28896749474739225,0.2919619556632824
IEMOCAPFour,67,0.7,text,2-3,116,2.4051724137931036,0.35658130351080686,0.34931141685228795,0.02584352478352857,0.025576351210474968,0.3824248282118537,0.3735690436733421,0.15177985361490223,0.14345950144343078,0.2738810588094545,0.27316725331669056,0.6179710968301214,0.6198897063732147,0.6564396705979216,0.612367878202349
IEMOCAPFour,67,0.7,audio,8+,6,8.833333333333334,0.5886982139588023,0.5145245724124834,0.031143840906831127,0.027373967692255974,0.6198420547868105,0.5640836934981053,0.06950668769199043,0.06427338530193083,0.2423494931206686,0.24196009263631332,0.6680308183034261,0.6797743439674377,2.1475399642561874,1.9602659344673157
IEMOCAPFour,67,0.7,audio,4-7,44,4.863636363636363,0.46523707385428925,0.45741780870594084,0.02444130326197906,0.023601670865900815,0.4896783769563626,0.4878029540850548,0.09704445607870014,0.09337162658339367,0.22217446135399732,0.22432837258093058,0.6350223124027252,0.6468343734741211,1.08717468584258,0.9905337688978761
IEMOCAPFour,67,0.7,visual,8+,4,9.5,0.6213068841025233,0.6669508097693324,0.014891197031829506,0.0108330431394279,0.636198078193047,0.6777838515736221,0.06742694221819484,0.06555141098631014,0.22346657115849666,0.22245973569806665,0.6649249792098999,0.6928683817386627,2.1281239220988937,1.8085332193877548
IEMOCAPFour,67,0.7,text,8+,5,8.8,0.5691505607217551,0.526482755318284,0.02787443161942065,0.03143959864974022,0.5970249899663032,0.547018458833918,0.0646796195115894,0.06094361567455861,0.2783293070230219,0.27746886625472045,0.7193736553192138,0.7473788857460022,2.4510250080842524,2.497219796292484
IEMOCAPFour,68,0.1,audio,1,91,1,0.31609055774726463,0.2942012483254075,0.018899080115830996,0.0189103907905519,0.3349896377232933,0.31273476663045585,0.31609055774726463,0.2942012483254075,0.31385526388556095,0.3016089089214802,0.5580970536876511,0.5584354400634766,0.31385526388556095,0.3016089089214802
IEMOCAPFour,68,0.1,text,1,111,1,0.2835115763581115,0.27336577558889985,0.018926208337500423,0.018985806964337826,0.3024377842165786,0.2923515790316742,0.2835115763581115,0.27336577558889985,0.3302396254494434,0.3395672757178545,0.5663401626788818,0.5888074636459351,0.3302396254494434,0.3395672757178545
IEMOCAPFour,68,0.1,visual,1,106,1,0.27835906065016425,0.268209136556834,0.018969669927104887,0.01903489779215306,0.29732873024154544,0.28740055068556103,0.27835906065016425,0.268209136556834,0.29423856674440924,0.2916578729636967,0.5344736719468854,0.5275170803070068,0.29423856674440924,0.2916578729636967
IEMOCAPFour,68,0.1,visual,2-3,18,2.0555555555555554,0.3250181704449157,0.3351452655624598,0.020181876038097672,0.02024732285644859,0.34520004720879016,0.3533371947160049,0.15791236414332632,0.16162604982188594,0.26026017877868274,0.22719140007393435,0.5321228007475535,0.5177268385887146,0.5386187205893092,0.4543828001478687
IEMOCAPFour,68,0.1,text,2-3,7,2,0.4467904467933944,0.5177996195852757,0.019537673132228,0.020866702776402235,0.46632812283262737,0.5401036923576612,0.2233952233966972,0.2588998097926378,0.36482010608805077,0.3636690992861986,0.6878109787191663,0.7216532230377197,0.7296402121761015,0.7273381985723972
IEMOCAPFour,68,0.1,audio,2-3,9,2,0.47665472344184917,0.4550196686759591,0.01593300632925497,0.01691705477423966,0.4925877282067732,0.47398139553843066,0.23832736172092459,0.22750983433797956,0.32629274670034647,0.3266388140618801,0.6354631980260214,0.6681997776031494,0.6525854934006929,0.6532776281237602
IEMOCAPFour,68,0.3,visual,1,147,1,0.25455793821756556,0.2571091614663601,0.01902882301020531,0.01903437450528145,0.27358676147703737,0.2760446320462506,0.25455793821756556,0.2571091614663601,0.2667678887987522,0.26194404950365424,0.5060168097213823,0.5073336958885193,0.2667678887987522,0.26194404950365424
IEMOCAPFour,68,0.3,text,1,171,1,0.25713089519324683,0.2417710570152849,0.018921209994175237,0.018948716344311833,0.2760521050283403,0.26040666818153113,0.25713089519324683,0.2417710570152849,0.29487306894040094,0.2826222386211157,0.5454292692984753,0.5513681769371033,0.29487306894040094,0.2826222386211157
IEMOCAPFour,68,0.3,text,2-3,71,2.183098591549296,0.35050647717762845,0.3637773534283042,0.02336048952821957,0.023410014808177948,0.37386696684429616,0.37884395476430655,0.1623258347928572,0.15142510633450001,0.2769780409079102,0.2719847585540265,0.6008038516615478,0.6222403049468994,0.6069971519361683,0.5572758847847581
IEMOCAPFour,68,0.3,audio,2-3,66,2.227272727272727,0.4198221016893954,0.3958014127565548,0.01910243678668683,0.018377966829575598,0.43892453851191077,0.4141429584778962,0.1908675509397966,0.18283267109654844,0.27300629783551106,0.26550643949303776,0.5955684392741232,0.6089979112148285,0.6061956723552253,0.5931803872808814
IEMOCAPFour,68,0.3,visual,2-3,73,2.2054794520547945,0.3404825349395763,0.33841013442724943,0.020632055871928595,0.0208892326336354,0.3611145908761662,0.3600407187186647,0.15540261330618843,0.15040259482339025,0.2653112502108949,0.2708705519326031,0.580108253106679,0.590692937374115,0.5864555190495943,0.5586833655834198
IEMOCAPFour,68,0.3,audio,1,168,1,0.2855527198948299,0.27041773102246225,0.018908359497020553,0.018913728301413357,0.30446107943934986,0.28897383179719327,0.2855527198948299,0.27041773102246225,0.28854138709998334,0.29178557451814413,0.5538442966838678,0.5618970394134521,0.28854138709998334,0.29178557451814413
IEMOCAPFour,68,0.3,visual,4-7,8,4.375,0.47726206175866537,0.5285800350829959,0.02075482188956812,0.018919504014775157,0.4980168812453485,0.5397399703142582,0.11207244992692722,0.10611942899413407,0.24995735715804457,0.2673486208950635,0.6203368678689003,0.621571958065033,1.1162542593374383,1.069394483580254
IEMOCAPFour,68,0.3,text,4-7,6,4.333333333333333,0.40836654099014896,0.3837451945291832,0.019853887788485736,0.017791133606806397,0.42822042428936885,0.41168460113112815,0.09508633264146435,0.09138170629157685,0.27011117805959656,0.2674110751831904,0.6098717153072357,0.6413849890232086,1.1696484529335673,1.2007975707529113
IEMOCAPFour,68,0.3,audio,4-7,3,5.666666666666667,0.7618748945339272,0.6408952567726374,0.004849951947107911,0.0008124622981995344,0.7667248482903233,0.65815042189206,0.1329927261009635,0.12817905135452748,0.27993815458335336,0.27493539080023766,0.6745076179504395,0.6878626942634583,1.6248518939440448,1.3746769540011883
IEMOCAPFour,68,0.5,text,2-3,122,2.319672131147541,0.3385199150519033,0.32313882268499583,0.024785934833878438,0.024949519778601825,0.36330585009004535,0.3466494930689805,0.14985819335847514,0.14572788524674252,0.25944575138343623,0.25237440544879064,0.5853941286685037,0.5907777547836304,0.6013614705689327,0.577017015311867
IEMOCAPFour,68,0.5,audio,1,175,1,0.2579125968978873,0.23598594032227993,0.0189359041123784,0.01894986373372376,0.27684850111998716,0.25489194220426725,0.2579125968978873,0.23598594032227993,0.26327252654425265,0.2540658377110958,0.5251900821072715,0.5166364312171936,0.26327252654425265,0.2540658377110958
IEMOCAPFour,68,0.5,text,1,140,1,0.2267271114164032,0.20832704985514283,0.01902077619285722,0.019059780868701637,0.24574788737149253,0.22726876293017995,0.2267271114164032,0.20832704985514283,0.27759947351130126,0.25614688848145306,0.5559937585677419,0.5580830872058868,0.27759947351130126,0.25614688848145306
IEMOCAPFour,68,0.5,audio,2-3,110,2.309090909090909,0.38077916914956983,0.3488678539870307,0.0229086006779901,0.02266871801111847,0.4036877700760008,0.371804988324584,0.16881243290033926,0.16322465089615434,0.248909529474578,0.24512737558688968,0.5885096671906385,0.59236279129982,0.5744167313868688,0.5434889527969062
IEMOCAPFour,68,0.5,visual,1,182,1,0.22472097746104228,0.22050331300124526,0.01911191839550796,0.019139215000905097,0.24383289599253719,0.23978127256850712,0.22472097746104228,0.22050331300124526,0.25129574920200476,0.23818262899294496,0.5212628410740213,0.524214506149292,0.25129574920200476,0.23818262899294496
IEMOCAPFour,68,0.5,visual,2-3,101,2.376237623762376,0.3449186555393464,0.3349793921224773,0.023465064681586947,0.02324884128756821,0.3683837204318371,0.3595531767277862,0.15065681064795708,0.13301771460101008,0.24547499471778977,0.24149467175205547,0.5922385932195304,0.6008144617080688,0.5825203557252091,0.5784180709160864
IEMOCAPFour,68,0.5,audio,4-7,23,4.826086956521739,0.5279281582764309,0.5314641920849681,0.017102276572309758,0.015750809106975794,0.5450304355538759,0.5538760730123613,0.11255346052432973,0.11086103180423379,0.2642502612353343,0.25707059456035497,0.6328224889610125,0.662254273891449,1.2958585442544932,1.2663999083451927
IEMOCAPFour,68,0.5,text,4-7,23,4.6521739130434785,0.4491056144622195,0.43126879446208477,0.02934409261924093,0.031683705281466246,0.478449707879285,0.47025289469456766,0.09900137928261964,0.09053278634590761,0.24858268298168704,0.23977446323260665,0.6342029286467511,0.6194086670875549,1.1473679199419997,1.0758218197152019
IEMOCAPFour,68,0.5,visual,4-7,28,4.607142857142857,0.42271800379967317,0.42764010070823133,0.026450215231826796,0.024478685460053384,0.449168220358063,0.455387345613417,0.09332231429112889,0.09277835481916555,0.24350049452567915,0.23499101580819115,0.6098608991929463,0.6081082224845886,1.1239984749533636,1.0705561824142933
IEMOCAPFour,68,0.5,audio,8+,4,8,0.735308475268539,0.7545426595024765,0.011724627460353076,0.00942754466086626,0.7470331029762747,0.7535506901440385,0.09191355940856738,0.09431783243780956,0.2731551480574126,0.27352887087181443,0.6771745979785919,0.6799481213092804,2.1852411844593007,2.1882309669745155
IEMOCAPFour,68,0.5,visual,8+,1,11,0.6079560965299606,0.6079560965299606,0.04567482159473002,0.04567482159473002,0.6536309190123575,0.6536309190123575,0.05526873604817824,0.05526873604817824,0.2396627925230529,0.2396627925230529,0.707737147808075,0.707737147808075,2.6362907177535817,2.6362907177535817
IEMOCAPFour,68,0.7,audio,2-3,110,2.3454545454545452,0.3591505140277811,0.3541932963998988,0.0223648003323681,0.022096618311479688,0.38151531480695916,0.3755648633741657,0.15592992087776744,0.15372681043421227,0.2414302718790361,0.23732955249336857,0.5882699367674914,0.5949356555938721,0.5673059861030196,0.5338937871274538
IEMOCAPFour,68,0.7,text,2-3,119,2.3445378151260505,0.31572051638025134,0.28482350520789623,0.025614099698376004,0.025534435641020536,0.34133461585658836,0.31538964321953245,0.13672697771482786,0.13144864758942276,0.2419891683021182,0.23445155145600438,0.5704619441212726,0.5720877647399902,0.5683265565747803,0.5356084033846855
IEMOCAPFour,68,0.7,text,1,134,1,0.19972022197560282,0.19423200655728579,0.01904471271928511,0.019112318521365523,0.21876493473904593,0.2131609949428821,0.19972022197560282,0.19423200655728579,0.25921480751721493,0.25461455958429724,0.5363246271414543,0.5500802099704742,0.25921480751721493,0.25461455958429724
IEMOCAPFour,68,0.7,visual,1,134,1,0.21921684422161875,0.18632392049767077,0.019134005227598793,0.019142675679177046,0.23835084955656508,0.20534485529060476,0.21921684422161875,0.18632392049767077,0.24248343592930113,0.23264470603317022,0.5151384363868343,0.5099824666976929,0.24248343592930113,0.23264470603317022
IEMOCAPFour,68,0.7,visual,2-3,95,2.3684210526315788,0.3174342618140049,0.3165867265779525,0.02459219168307946,0.02461617672815919,0.3420264531284039,0.3462085413921159,0.13782143638113906,0.13387332235773405,0.23612529014966352,0.23083425965160131,0.5671322800611195,0.5822253823280334,0.5563168086473046,0.5487308921292424
IEMOCAPFour,68,0.7,audio,1,129,1,0.24769104439620823,0.23164894129149616,0.01897464082359748,0.019003320252522826,0.2666656852541832,0.2508518035247107,0.24769104439620823,0.23164894129149616,0.24412084521785335,0.22922537475824356,0.5122415647488232,0.4934832453727722,0.24412084521785335,0.22922537475824356
IEMOCAPFour,68,0.7,text,4-7,46,4.717391304347826,0.4512981930545167,0.4256180818192661,0.031016189817582137,0.03137619514018297,0.48231438261538406,0.4722322590314434,0.0980751929070037,0.09684293860336765,0.24466674323900536,0.24368242114724126,0.6244627081829569,0.6347191333770752,1.1570067004067823,1.1065858802758157
IEMOCAPFour,68,0.7,audio,4-7,49,4.775510204081633,0.5132490367134462,0.5003980232868344,0.022963050771884774,0.023010258795693517,0.5362120875289126,0.5319860094823525,0.10889069456095736,0.10802788008004427,0.23020261341974727,0.2245052129146643,0.6092774466592439,0.6116069555282593,1.0997427846043732,1.0554334144107997
IEMOCAPFour,68,0.7,visual,8+,5,10,0.5914230145979673,0.6088861196767539,0.031464079907163975,0.03477517724968493,0.6228870955223101,0.6524953026309959,0.05960540948033502,0.058812875486910346,0.21081254033910668,0.2101899717500518,0.6511609435081482,0.6451880931854248,2.1316729665966703,2.152870334801264
IEMOCAPFour,68,0.7,visual,4-7,57,4.807017543859649,0.410003371434613,0.4070038602221757,0.029960285847712504,0.02961458987556398,0.43996365629276335,0.43036135173315415,0.08871033831638399,0.09096270735608414,0.229153489824011,0.2273509504739195,0.6088452135261736,0.618787407875061,1.0983690069171421,1.048145324923098
IEMOCAPFour,68,0.7,text,8+,7,8.857142857142858,0.5094411744669612,0.509289788082242,0.037724446139431426,0.03888141643255949,0.5471656213693288,0.565083093883004,0.05824381079342321,0.05516480936203152,0.24497932584661974,0.24629473319509998,0.6332730821200779,0.651219367980957,2.184662626856672,2.111002470366657
IEMOCAPFour,68,0.7,audio,8+,4,8.75,0.6482820427627303,0.699020626838319,0.017782833892852068,0.02662513020914048,0.6660648782444696,0.709316598426085,0.07484575549007988,0.07864594105340075,0.2569186891843047,0.2517204467440024,0.6351326704025269,0.6484485566616058,2.2430884956847876,2.221571976901032
IEMOCAPFour,69,0.1,audio,1,88,1,0.2919325154031288,0.28964453004300594,0.019004441874461587,0.01896425348240882,0.31093695695091644,0.3085564529392286,0.2919325154031288,0.28964453004300594,0.29904932001954876,0.3048176756128669,0.5540231747383421,0.5799716114997864,0.29904932001954876,0.3048176756128669
IEMOCAPFour,69,0.1,visual,1,105,1,0.29652930548348067,0.2924760803580284,0.019107461396959565,0.01910549425520003,0.31563676693696746,0.31178113810528885,0.29652930548348067,0.2924760803580284,0.3062242253328718,0.30172992777079344,0.6133523841698965,0.6125301718711853,0.3062242253328718,0.30172992777079344
IEMOCAPFour,69,0.1,text,1,100,1,0.2576729933102615,0.23625484120566398,0.018968658645171672,0.019057648605667055,0.2766416518382721,0.2549210027355002,0.2576729933102615,0.23625484120566398,0.3232966050715186,0.32211147993803024,0.6168389493227004,0.6196231544017792,0.3232966050715186,0.32211147993803024
IEMOCAPFour,69,0.1,text,2-3,8,2.25,0.366095438686898,0.31764334300532937,0.019226288190111518,0.019967253669165075,0.3853217276491705,0.3390184436721029,0.1611112929870918,0.15336655902986723,0.3461152454353093,0.34989062359090894,0.6583138406276703,0.6357788145542145,0.7794387399335392,0.7430332433432341
IEMOCAPFour,69,0.1,visual,2-3,14,2.0714285714285716,0.3768235167621502,0.38999814447015524,0.020742315516274954,0.021301600034348667,0.3975658306548472,0.4155695179961185,0.18352333770044857,0.17997870314866304,0.2757445644736955,0.27795512590091676,0.6114971084254128,0.6162098050117493,0.5689990655020145,0.5770969156874344
IEMOCAPFour,69,0.1,audio,2-3,10,2,0.3672723477939144,0.3758137534605339,0.01904217090923339,0.01888568967115134,0.38631451826258856,0.3935396681117709,0.1836361738969572,0.18790687673026696,0.2910395663930103,0.2970789128448814,0.6230529963970184,0.6116693317890167,0.5820791327860206,0.5941578256897628
IEMOCAPFour,69,0.1,visual,4-7,1,4,0.5261264517903328,0.5261264517903328,0.010000847978517413,0.010000847978517413,0.5361273106391309,0.5361273106391309,0.1315316129475832,0.1315316129475832,0.3542667058063671,0.3542667058063671,0.7133920788764954,0.7133920788764954,1.4170668232254684,1.4170668232254684
IEMOCAPFour,69,0.3,text,1,170,1,0.2646533451563514,0.2393828007625416,0.018987634289078414,0.018994136597029865,0.2836409794184446,0.25849782140358,0.2646533451563514,0.2393828007625416,0.2999774225823143,0.2988797577563673,0.600389342974214,0.5985152721405029,0.2999774225823143,0.2988797577563673
IEMOCAPFour,69,0.3,visual,1,179,1,0.26579517028918853,0.2617277093231678,0.019105691073836976,0.01915015932172537,0.2849008612979839,0.2805812266014982,0.26579517028918853,0.2617277093231678,0.28888447152050056,0.2906536525115371,0.5979074462832019,0.5987274050712585,0.28888447152050056,0.2906536525115371
IEMOCAPFour,69,0.3,audio,1,178,1,0.26408484490363326,0.2583073596470058,0.01904751837719232,0.019056772929616272,0.2831323630180327,0.27698526238964405,0.26408484490363326,0.2583073596470058,0.27433195735002197,0.28304484602995217,0.5423175554429547,0.5569441914558411,0.27433195735002197,0.28304484602995217
IEMOCAPFour,69,0.3,text,2-3,73,2.232876712328767,0.3964889917717226,0.3680943415965885,0.02142687532125832,0.021755011985078454,0.41791586685985127,0.38900899497093633,0.18145789228221315,0.17321936460211873,0.3118347603990909,0.31683251867070794,0.6758219820179351,0.6540082693099976,0.6945973620973273,0.6692705694586039
IEMOCAPFour,69,0.3,audio,2-3,73,2.1232876712328768,0.38197565056090177,0.3778776600956917,0.019475709334373065,0.019884230103343725,0.4014513595682056,0.3942542093718657,0.18367678547686297,0.17765997524838895,0.2749813296973012,0.27553789783269167,0.6055652748232019,0.5979413986206055,0.5827958832003738,0.5854318914934993
IEMOCAPFour,69,0.3,visual,2-3,65,2.2,0.3835246459258577,0.3690185546875,0.021163279735125027,0.020650857826694846,0.40468792563011585,0.3880264326217002,0.17917528113362213,0.17184933135285974,0.2739688033545509,0.27442056491660577,0.648822295665741,0.6549236178398132,0.5982721380280474,0.5939628779888153
IEMOCAPFour,69,0.3,visual,4-7,7,4.142857142857143,0.4232632539434625,0.40209800214506686,0.020088972922946726,0.017470245948061347,0.4433522272738628,0.4390390346525237,0.10112253940564447,0.10052450053626671,0.2340477873438171,0.2310242427047342,0.6527044347354344,0.6402105093002319,0.9831792216614953,0.9240969708189368
IEMOCAPFour,69,0.3,audio,4-7,5,4.2,0.49380784705281255,0.442373844794929,0.021630176855251194,0.016379001550376415,0.5154380256019067,0.46739479509415105,0.11923523121513427,0.11059346119873226,0.2763094812189229,0.27452127176802604,0.6365588426589965,0.6449617743492126,1.1601421792292967,1.1176872693467885
IEMOCAPFour,69,0.3,text,4-7,2,4.5,0.6024130963487551,0.6024130963487551,0.01894134480971843,0.01894134480971843,0.6213544396669022,0.6213544396669022,0.1374042196723167,0.1374042196723167,0.31761163860792296,0.31761163860792296,0.7219351232051849,0.7219351232051849,1.4222537423484027,1.4222537423484027
IEMOCAPFour,69,0.5,visual,2-3,115,2.2782608695652176,0.35297665820234336,0.3328756634145975,0.023465925078515127,0.02334230300039053,0.37644258368910294,0.3603465367195895,0.15919820500800952,0.1539751993259415,0.25460226768332506,0.25047331186942756,0.6367140995419543,0.6128233075141907,0.577881827490384,0.5664865481667221
IEMOCAPFour,69,0.5,text,1,176,1,0.262043165773238,0.22840505733620375,0.01905044027543309,0.019052819698117673,0.28109360625310065,0.24771411877009086,0.262043165773238,0.22840505733620375,0.2944283882256555,0.2861993284896016,0.6045381853526289,0.6044082343578339,0.2944283882256555,0.2861993284896016
IEMOCAPFour,69,0.5,audio,1,150,1,0.24845736110039676,0.24398982303682715,0.01907932437878723,0.019081265665590763,0.2675366856684559,0.26323117685205943,0.24845736110039676,0.24398982303682715,0.27263837673390906,0.2775207026861608,0.5594141457478206,0.5623973309993744,0.27263837673390906,0.2775207026861608
IEMOCAPFour,69,0.5,audio,2-3,125,2.312,0.3670022211484611,0.360319247469306,0.022210096091032028,0.021860829321667552,0.38921231718803756,0.38196441910258727,0.16114345582947134,0.15389500744640827,0.2608747573331154,0.26207801327109337,0.6194706641435623,0.6183093786239624,0.6046641385112889,0.5613261060789227
IEMOCAPFour,69,0.5,text,4-7,26,4.730769230769231,0.4833070349861653,0.4374001198448241,0.029690733537651025,0.027196626760996878,0.5129977680573155,0.47400501152151264,0.10706546574118019,0.10371441434836015,0.2889019045266434,0.2899552317103371,0.7135797349306253,0.7165122628211975,1.3626527761270364,1.3146091802045703
IEMOCAPFour,69,0.5,visual,1,148,1,0.22717332164914272,0.19792297901585698,0.019253218141415885,0.019279872882179916,0.24642654006995784,0.21722833745297976,0.22717332164914272,0.19792297901585698,0.2592481608467957,0.25527660734951496,0.5545501093808058,0.5543395578861237,0.2592481608467957,0.25527660734951496
IEMOCAPFour,69,0.5,text,2-3,112,2.3214285714285716,0.3895806268025938,0.3710473417304456,0.024121311658486126,0.024437046726234257,0.4137019391228835,0.39331708880490623,0.17344675813018554,0.16002709150779992,0.2884004017744571,0.2775705645132499,0.6598271171429327,0.6656768321990967,0.6691007101903129,0.6492308555170894
IEMOCAPFour,69,0.5,audio,4-7,18,5.055555555555555,0.4963713089107639,0.4649755780119449,0.021144865300609834,0.020996567443944514,0.5175161735474426,0.48390234654652886,0.10217058216689756,0.09711471560876817,0.2674307757900491,0.26890089707948,0.6809087561236488,0.6910267174243927,1.355615347811383,1.269142206350807
IEMOCAPFour,69,0.5,visual,4-7,21,4.714285714285714,0.39296211185865104,0.40465010865591466,0.025880356862520177,0.02889775554649532,0.41884246805243275,0.427748678586795,0.08637310837787764,0.0848831623326987,0.2430461298218187,0.2334292771993205,0.6671882669130961,0.6504942774772644,1.1394461840557466,1.067889801808633
IEMOCAPFour,69,0.5,visual,8+,2,8,0.5079562772298232,0.5079562772298232,0.03706639271695167,0.03706639271695167,0.5450226628217933,0.5450226628217933,0.0634945346537279,0.0634945346537279,0.23847379493236076,0.23847379493236076,0.6902827620506287,0.6902827620506287,1.907790359458886,1.907790359458886
IEMOCAPFour,69,0.5,text,8+,1,8,0.5598590571898967,0.5598590571898967,-0.004984396509826183,-0.004984396509826183,0.5548746677668532,0.5548746677668532,0.06998238214873709,0.06998238214873709,0.3529222821816802,0.3529222821816802,0.8108744025230408,0.8108744025230408,2.8233782574534416,2.8233782574534416
IEMOCAPFour,69,0.5,audio,8+,1,9,0.471337330294773,0.471337330294773,0.07127484772354364,0.07127484772354364,0.5426121728378348,0.5426121728378348,0.052370814477197,0.052370814477197,0.23515760538996094,0.23515760538996094,0.6801822185516357,0.6801822185516357,2.1164184485096484,2.1164184485096484
IEMOCAPFour,69,0.7,audio,2-3,96,2.3958333333333335,0.3728127604772453,0.35978558531496674,0.023272608273449197,0.02173797821160406,0.3960853696160977,0.3819885601551505,0.15916686759091034,0.15554121130844578,0.2507925983315242,0.2496554615208879,0.6208156247933706,0.6199944317340851,0.5993138744797761,0.5858866217313334
IEMOCAPFour,69,0.7,audio,4-7,56,4.875,0.47353837698964135,0.46027925924863666,0.02671616540257154,0.02493972540833056,0.5002545423672343,0.4900837303357548,0.10061233295699927,0.09828597879580533,0.2529067444184151,0.25472535333829,0.6760604711515563,0.6924316585063934,1.2328532291742573,1.1799274906516075
IEMOCAPFour,69,0.7,audio,1,118,1,0.25026476758500654,0.25233798543922603,0.019170777809064267,0.01917712506838143,0.26943554547686566,0.27132723489194177,0.25026476758500654,0.25233798543922603,0.26834889646753735,0.271230943268165,0.5691230648149879,0.5669946372509003,0.26834889646753735,0.271230943268165
IEMOCAPFour,69,0.7,text,2-3,128,2.359375,0.35457157519977045,0.34033296327106655,0.02542138910121139,0.024876001058146358,0.3799929636774948,0.3724005200783722,0.15367877966612772,0.1424605769570917,0.2651668969401726,0.26521874603349715,0.6525759620126337,0.6696330606937408,0.6245406038187866,0.5951142283156514
IEMOCAPFour,69,0.7,text,4-7,46,4.804347826086956,0.5329555886008007,0.5323223767336458,0.030520020118590608,0.030628628679551184,0.5634756094696454,0.5769306536894874,0.11369384124402176,0.10799564157579361,0.26813778410262334,0.269491230341373,0.6969913412695345,0.7004545629024506,1.293947606132386,1.1853282721713185
IEMOCAPFour,69,0.7,visual,2-3,106,2.330188679245283,0.3319002880741192,0.3264497253112495,0.023939284397166152,0.023144556093029678,0.3558395725989063,0.3472348426876124,0.14557900893356968,0.13395027007209137,0.23345926026070532,0.2370994004692572,0.6153938255782397,0.6119288206100464,0.5466525874832066,0.5095902883913368
IEMOCAPFour,69,0.7,visual,4-7,53,4.943396226415095,0.43244570947498223,0.41971411020495,0.027157226674047845,0.026359821669757366,0.4596029364006684,0.4455313397629652,0.09013407451951222,0.08256065467139706,0.2324415977027337,0.22551090084016323,0.6604852946299427,0.6695519685745239,1.1495812654611655,1.087700208183378
IEMOCAPFour,69,0.7,visual,1,139,1,0.2090089179436415,0.1916287848725915,0.019298506419931492,0.019305621040984988,0.22830742427284925,0.2105989565316122,0.2090089179436415,0.1916287848725915,0.24187779147931704,0.23330832552164793,0.5424575915010713,0.5475444197654724,0.24187779147931704,0.23330832552164793
IEMOCAPFour,69,0.7,text,1,113,1,0.2422642819748252,0.2346636368893087,0.019157816736291335,0.019218105357140303,0.2614220988006816,0.25413881376880454,0.2422642819748252,0.2346636368893087,0.27313360676841103,0.2719607651233673,0.6312118919022316,0.6457962393760681,0.27313360676841103,0.2719607651233673
IEMOCAPFour,69,0.7,audio,8+,8,9,0.5503228263114579,0.5407798369415104,0.02773348119808361,0.030422155396081507,0.5780563092375814,0.5838098972599255,0.06230547425980654,0.06145132170220475,0.2674889629257652,0.26819262618082573,0.7235882952809334,0.7051007747650146,2.402407519213739,2.30703789438121
IEMOCAPFour,69,0.7,visual,8+,2,11,0.7342620097333565,0.7342620097333565,0.0072364406660199165,0.0072364406660199165,0.7414984492861549,0.7414984492861549,0.06675109179394151,0.06675109179394151,0.2705420379907909,0.2705420379907909,0.6975769400596619,0.6975769400596619,2.9759624178986996,2.9759624178986996
IEMOCAPFour,69,0.7,text,8+,6,8.666666666666666,0.47558926841399324,0.5014698683517054,0.0591691565932706,0.061211768188513815,0.5347584266103999,0.5576722588084522,0.05525797405086147,0.06268373354396317,0.2528972938307561,0.25543548829155044,0.6921420892079672,0.6936209201812744,2.176903693626324,2.1923311864957213
IEMOCAPFour,70,0.1,text,1,95,1,0.2525424201114986,0.23378214263357222,0.019078862295780135,0.01910941186361015,0.27162128206898495,0.2524194738653023,0.2525424201114986,0.23378214263357222,0.30488928851034297,0.3177886875346303,0.5700764411374142,0.5808863043785095,0.30488928851034297,0.3177886875346303
IEMOCAPFour,70,0.1,visual,1,91,1,0.301190897862038,0.297678415896371,0.019121325179514894,0.019090459682047367,0.3203122226733375,0.3167268419274478,0.301190897862038,0.297678415896371,0.309713785920374,0.29898932576179504,0.5353457757404873,0.5372399687767029,0.309713785920374,0.29898932576179504
IEMOCAPFour,70,0.1,audio,1,108,1,0.2948258692911757,0.2938153753057122,0.01904387968480242,0.019073651870712638,0.31386974847306126,0.312959821530967,0.2948258692911757,0.2938153753057122,0.28999635826632447,0.2906527523882687,0.5163505543713216,0.5225384831428528,0.28999635826632447,0.2906527523882687
IEMOCAPFour,70,0.1,audio,2-3,13,2.230769230769231,0.4255416578469941,0.44221731927245855,0.017854835479878463,0.019170715007930994,0.44339649324543784,0.4616324368689675,0.19497737006093255,0.20665136852767318,0.29932821337253046,0.3041994612819205,0.5419560968875885,0.5324614644050598,0.6717068926395419,0.6374900005757809
IEMOCAPFour,70,0.1,text,2-3,16,2.125,0.3405185673182132,0.3447719062678516,0.02341078972676769,0.023537305649369955,0.3639293590726993,0.3707224640020286,0.16342943085085912,0.158096772521579,0.28297478720681585,0.2767741765710525,0.633269440382719,0.6737922430038452,0.5945405999373179,0.5928689746651798
IEMOCAPFour,70,0.1,visual,2-3,13,2,0.37518691655714065,0.38833655416965485,0.020741174955709048,0.021328656934201717,0.39592809171993465,0.41174110599968117,0.18759345827857032,0.19416827708482742,0.2927905029008308,0.2886527625378221,0.5655398896107307,0.5417773723602295,0.5855810058016616,0.5773055250756443
IEMOCAPFour,70,0.3,audio,1,170,1,0.26461153176530977,0.25853246019687504,0.019112304652876715,0.019147886661812663,0.2837238364259546,0.2780390240077395,0.26461153176530977,0.25853246019687504,0.2696769217179869,0.26795737096108496,0.4930328979211695,0.4842268228530884,0.2696769217179869,0.26795737096108496
IEMOCAPFour,70,0.3,visual,1,186,1,0.27902789845792275,0.2531491464469582,0.01916720835875059,0.019190163118764758,0.2981951069341644,0.27267791990743717,0.27902789845792275,0.2531491464469582,0.29631224842754605,0.2880082670599222,0.5445076978655272,0.5491274297237396,0.29631224842754605,0.2880082670599222
IEMOCAPFour,70,0.3,text,1,192,1,0.22891813427183175,0.212002772372216,0.019091779221829103,0.019149963976815343,0.24800991383188867,0.23116321385168703,0.22891813427183175,0.212002772372216,0.2684388909444048,0.2523956587538123,0.5456999541105082,0.565080314874649,0.2684388909444048,0.2523956587538123
IEMOCAPFour,70,0.3,text,2-3,55,2.1636363636363636,0.34796046464788644,0.3476644176989794,0.022841979152607647,0.022725614486262202,0.3708024438981242,0.37049253737495746,0.16259691152354758,0.15924553980585188,0.25417385918871416,0.24682638747617602,0.6065947408025915,0.6216024160385132,0.5536254557939669,0.508087633526884
IEMOCAPFour,70,0.3,audio,2-3,63,2.2222222222222223,0.3890246871954924,0.358736825408414,0.021107650055210033,0.02115850616246462,0.41013233728327103,0.38070986612001434,0.1778853581817919,0.1707273991778493,0.26633980872133245,0.2687250133603811,0.553824909622707,0.5415389537811279,0.5930845706722706,0.5623783599585295
IEMOCAPFour,70,0.3,visual,2-3,58,2.206896551724138,0.4292683137243549,0.41044406848959625,0.020058687509374756,0.01965724502224475,0.4493270014100462,0.4307198187780159,0.1970925991083549,0.18993925023823977,0.28801181091092015,0.27328400139231235,0.5964000183960487,0.619111031293869,0.6345548865963416,0.5966062187217176
IEMOCAPFour,70,0.3,visual,4-7,6,4.833333333333333,0.590863766342712,0.6860038847662508,0.015255171223543584,0.017095483955927193,0.6061189370399612,0.689448001976416,0.1239499595889356,0.11759395180270076,0.30060200589387454,0.295422998117283,0.5956220328807831,0.5977649688720703,1.4748888355291758,1.326453959220089
IEMOCAPFour,70,0.3,audio,4-7,6,4,0.4795380027887101,0.4783826753264293,0.015553829143755138,0.014508534804917872,0.4950918312176024,0.49815916204352106,0.11988450069717753,0.11959566883160733,0.26708237155495834,0.2769384849234484,0.6068503757317861,0.6130972802639008,1.0683294862198334,1.1077539396937937
IEMOCAPFour,70,0.3,text,4-7,1,4,0.4266086760908365,0.4266086760908365,0.030770250130444765,0.030770250130444765,0.45737893306068145,0.45737893306068145,0.10665216902270913,0.10665216902270913,0.20295493950834498,0.20295493950834498,0.7223623991012573,0.7223623991012573,0.8118197580333799,0.8118197580333799
IEMOCAPFour,70,0.5,visual,2-3,110,2.2545454545454544,0.3727762412110513,0.3522301848279312,0.021660573805936358,0.021762819262221456,0.3944368147976506,0.3737718383417814,0.16775831175742276,0.16240507280842092,0.2619096224596653,0.2601773209947472,0.5711964764378288,0.5738902688026428,0.5922510933205062,0.5570689928717911
IEMOCAPFour,70,0.5,audio,1,166,1,0.23926985360743724,0.22992199193686247,0.01915536499834698,0.019175729365088046,0.2584252184111743,0.249156397592742,0.23926985360743724,0.22992199193686247,0.25773262240677086,0.26189060893375427,0.5108646928186876,0.5174878835678101,0.25773262240677086,0.26189060893375427
IEMOCAPFour,70,0.5,visual,1,177,1,0.24762246746235753,0.22022595489397645,0.019243172932242564,0.019265830516815186,0.26686564021785497,0.23936023588612443,0.24762246746235753,0.22022595489397645,0.26714710588205215,0.26214037695899606,0.5263110271281441,0.5240767002105713,0.26714710588205215,0.26214037695899606
IEMOCAPFour,70,0.5,text,2-3,86,2.255813953488372,0.30077194410977276,0.28858539287466556,0.0249869738215429,0.02369403257034719,0.3257589177128889,0.3107477179291891,0.1360874249094054,0.12761884718202055,0.23728990511582485,0.23297690126734474,0.5949140870293905,0.5953691303730011,0.5309516074255022,0.511328263906762
IEMOCAPFour,70,0.5,text,1,180,1,0.22974101392578128,0.20475470460951328,0.019161360985082056,0.019194667576812208,0.24890237517823455,0.22374143216438824,0.22974101392578128,0.20475470460951328,0.2567769791911511,0.23738762945868075,0.5235928542912006,0.5172022581100464,0.2567769791911511,0.23738762945868075
IEMOCAPFour,70,0.5,audio,2-3,106,2.3207547169811322,0.368732227604476,0.3592350377002731,0.02249624277135568,0.022115776897408068,0.3912284703296705,0.3837426471618528,0.1627519592288047,0.1634745400515385,0.24477716924433388,0.24357681672942516,0.5509878807472732,0.5503427684307098,0.5668896760781655,0.5475665214471519
IEMOCAPFour,70,0.5,visual,4-7,26,4.346153846153846,0.4902973516951673,0.47874757600948215,0.020762797543564096,0.01986383809708059,0.5110601488796909,0.49410603403521236,0.11546688667373159,0.11456063305959105,0.2569313013496307,0.2577279840654228,0.6122782677412033,0.6002496778964996,1.1156364650143167,1.0745951911667362
IEMOCAPFour,70,0.5,audio,4-7,25,4.72,0.49811841459944844,0.48089861613698304,0.020760341342538596,0.020144890062510967,0.5188787566144311,0.504188592916762,0.10660388604846473,0.10662915147840976,0.26443300461800145,0.26337770046666265,0.5975450253486634,0.5884665250778198,1.2572736515803262,1.2315281839109957
IEMOCAPFour,70,0.5,text,4-7,31,4.709677419354839,0.4862265525340673,0.4570744119118899,0.027728038607165217,0.02852190611883998,0.5139545904718444,0.4865758858504705,0.10411672331478601,0.10120344099899133,0.24325324482471,0.22806124724447727,0.665013692071361,0.6795295476913452,1.150375851689117,1.118712567142211
IEMOCAPFour,70,0.5,text,8+,1,8,0.9272013681475073,0.9272013681475073,-0.005650192964822054,-0.005650192964822054,0.9215511777583743,0.9215511777583743,0.11590017101843841,0.11590017101843841,0.31242851048591547,0.31242851048591547,0.6516222357749939,0.6516222357749939,2.4994280838873237,2.4994280838873237
IEMOCAPFour,70,0.7,visual,2-3,117,2.3333333333333335,0.36092212113639355,0.359916907036677,0.023639123906723708,0.02299338858574629,0.38456124520013724,0.3797494479222223,0.15791821362188038,0.1568663762882352,0.2462976356522854,0.24589217826724052,0.5884896404722817,0.5803484916687012,0.575666757618897,0.5431997207924724
IEMOCAPFour,70,0.7,text,4-7,37,5.135135135135135,0.44545824507981335,0.42149388208054006,0.03265961681215747,0.034133063396438956,0.4781178618180314,0.4635295544285327,0.08950298839075517,0.08883551240433007,0.22526696386979742,0.21979254772886633,0.6202404080210505,0.6161273121833801,1.1531671788574926,1.1053764724638313
IEMOCAPFour,70,0.7,visual,4-7,55,4.745454545454545,0.47489550596272406,0.4717167681083083,0.02371355666440319,0.02455190126784146,0.4986090628418341,0.49453235739201773,0.10074798785494761,0.09822746943682432,0.245072447618329,0.2430784828029573,0.6150144745003093,0.6140446662902832,1.1710049268641425,1.0862280009314418
IEMOCAPFour,70,0.7,audio,4-7,42,4.642857142857143,0.48068064390515375,0.45430135587230325,0.025610770808444136,0.02596078033093363,0.5062914149856668,0.47819830876687774,0.1057992195776403,0.09917740188539029,0.24332446893947696,0.24634378001501317,0.6276891479889551,0.6125838160514832,1.1300469150204056,1.0504130689660087
IEMOCAPFour,70,0.7,audio,1,127,1,0.22410403775953225,0.21822717390023172,0.01922378484453038,0.019233816536143422,0.24332782274806358,0.23773831863945816,0.22410403775953225,0.21822717390023172,0.23969975827256307,0.24345283024013042,0.5147897293717842,0.5249468088150024,0.23969975827256307,0.24345283024013042
IEMOCAPFour,70,0.7,visual,1,107,1,0.23771238369022923,0.21562545048072934,0.01935274123919205,0.019335387274622917,0.2570651249929074,0.2353282457424939,0.23771238369022923,0.21562545048072934,0.25970618780397714,0.2542391999159008,0.5472398049363466,0.5561929941177368,0.25970618780397714,0.2542391999159008
IEMOCAPFour,70,0.7,text,1,137,1,0.20458380863016104,0.18305173516273499,0.019270789428838413,0.01929614646360278,0.22385459852421596,0.20251156417361926,0.20458380863016104,0.18305173516273499,0.23684866963392873,0.22350381407886744,0.5351768025081524,0.5329479575157166,0.23684866963392873,0.22350381407886744
IEMOCAPFour,70,0.7,text,2-3,124,2.3306451612903225,0.33527703465886355,0.32973485928960145,0.024885879084092354,0.02449583529960364,0.36016291374107823,0.35638743725576205,0.14667083614165344,0.13818117923801765,0.23356961463521717,0.23100372828776017,0.5870361638165289,0.5871012806892395,0.5443999112955474,0.5239235365297645
IEMOCAPFour,70,0.7,visual,8+,9,8.555555555555555,0.640205228390793,0.6291861680801958,0.02764973784279492,0.024903499986976385,0.6678549652935746,0.6540896724472987,0.07576801548719142,0.06990957423113286,0.2424565697283582,0.2462241241009906,0.6335959898100959,0.6304906010627747,2.073352574435477,2.095259491703473
IEMOCAPFour,70,0.7,audio,8+,5,9.2,0.6129850956145674,0.6157197610009462,0.01692922320216894,0.02138942596502602,0.6299143191296025,0.6371892785246018,0.06782328399901297,0.0684133067778829,0.25178092062162266,0.25637690184844864,0.6146983623504638,0.616366982460022,2.295992585248314,2.307392116636038
IEMOCAPFour,70,0.7,audio,2-3,131,2.381679389312977,0.36806568832541925,0.3711464321240783,0.02349869741788063,0.02316667209379375,0.39156438610118255,0.39462932411697693,0.1579096563703691,0.15319497976452112,0.2477926182742503,0.24822408007457852,0.5743010071397737,0.5701707601547241,0.5925730308268987,0.5567203876562417
IEMOCAPFour,70,0.7,text,8+,5,9.2,0.483424333576113,0.4585956810042262,0.04012154908850789,0.03642355767078698,0.5235458833223674,0.49501923950447235,0.05227767944141912,0.057324460125528276,0.23482074231879474,0.21437538545190665,0.7197998404502869,0.7184192538261414,2.1298728835769,1.9951659166254103
CMUMOSI,66,0.1,audio,1,61,1,0.1246336542840925,0.08646595315076411,0.020905576562356264,0.02093783300369978,0.1455392311101724,0.10744510055337742,0.1246336542840925,0.08646595315076411,0.19960282260521514,0.20527354069054127,0.3246270227627676,0.3235013484954834,0.19960282260521514,0.20527354069054127
CMUMOSI,66,0.1,text,1,58,1,0.06704146205046183,0.056570479879155755,0.020536455679042585,0.02063038421329111,0.08757791774593804,0.07731196790882677,0.06704146205046183,0.056570479879155755,0.2717626782100054,0.26323038642294705,0.4623879348409587,0.455213338136673,0.2717626782100054,0.26323038642294705
CMUMOSI,66,0.1,text,2-3,6,2.1666666666666665,0.07573431377143909,0.08078810304868966,0.03267190904201319,0.02953626972157508,0.1084062227425117,0.10679805696418043,0.036536270345095545,0.04039405152434483,0.2777453983306057,0.28006076673045754,0.47478193044662476,0.4706644117832184,0.5905465858522803,0.5987510730046779
CMUMOSI,66,0.1,visual,1,47,1,0.1835746715028592,0.15080502745695412,0.02057452177866659,0.02066092728637159,0.2041491929408523,0.17159299712147913,0.1835746715028592,0.15080502745695412,0.26168250195196574,0.2625484438613057,0.4443046273069179,0.43690842390060425,0.26168250195196574,0.2625484438613057
CMUMOSI,66,0.1,audio,2-3,7,2.142857142857143,0.2138992786806609,0.24202917073853314,0.02591051410750619,0.02137682377360761,0.23980979258054244,0.2608118042553542,0.09846899227150493,0.11872905896355708,0.20365659321569615,0.20631519379094243,0.3358779123851231,0.33664655685424805,0.4376321536089693,0.41263038758188486
CMUMOSI,66,0.1,visual,2-3,6,2.1666666666666665,0.16836473376800618,0.18749562604352832,0.027402701321989298,0.02561416896060109,0.1957674338891593,0.2089096566032822,0.08136499805712244,0.09374781302176416,0.24708328707816285,0.2607983008492738,0.46094241241614026,0.4649355709552765,0.542914133441324,0.5215966016985476
CMUMOSI,66,0.3,text,1,93,1,0.06603765518464629,0.049691902473568916,0.020553290964134278,0.020635077729821205,0.08659094601063516,0.07060705922958732,0.06603765518464629,0.049691902473568916,0.25736276641480565,0.24476935248821974,0.4477533871127713,0.4321310520172119,0.25736276641480565,0.24476935248821974
CMUMOSI,66,0.3,text,2-3,39,2.2051282051282053,0.09308518949322976,0.06582531868480146,0.035735551572333164,0.03546802652999759,0.12882074108692437,0.0987420344245038,0.04154673005697023,0.03287756128702313,0.24605452933778557,0.23684841953217983,0.47560806228564334,0.4878101050853729,0.5431297144804819,0.48185658687725663
CMUMOSI,66,0.3,audio,2-3,28,2.142857142857143,0.16028528503375128,0.12873606709763408,0.028591398598759303,0.028376705246046185,0.18887668404938399,0.15987124601997493,0.07610053019570409,0.0641501562204212,0.18586728731558347,0.18760436412412673,0.3393358162471226,0.3333347290754318,0.39673519017690395,0.3901308873319067
CMUMOSI,66,0.3,visual,1,113,1,0.20023096348385663,0.1598307923413813,0.020670786409317393,0.02070630108937621,0.22090175002569465,0.18053709391097073,0.20023096348385663,0.1598307923413813,0.24017935557356845,0.24242827855050564,0.4246628350388687,0.41907310485839844,0.24017935557356845,0.24242827855050564
CMUMOSI,66,0.3,visual,2-3,30,2.2666666666666666,0.23109180676595617,0.21705857489723712,0.026801509542080264,0.025843903771601617,0.25789331662387366,0.24335976881775423,0.1071890758182336,0.10042479180265218,0.23504642046173102,0.24032421258743852,0.4617201447486877,0.4684363156557083,0.5290483666040624,0.49077973747625947
CMUMOSI,66,0.3,audio,1,89,1,0.11388078767262148,0.08291943371295929,0.02094278053453799,0.020952467108145356,0.1348235682105624,0.1039691789974313,0.11388078767262148,0.08291943371295929,0.1825086793573207,0.19905897649005055,0.3245723970820395,0.32310110330581665,0.1825086793573207,0.19905897649005055
CMUMOSI,66,0.3,audio,4-7,1,4,0.3205683119595051,0.3205683119595051,0.03344695991836488,0.03344695991836488,0.3540152739815312,0.3540152739815312,0.08014207798987627,0.08014207798987627,0.1769484417163767,0.1769484417163767,0.3687339723110199,0.3687339723110199,0.7077937668655068,0.7077937668655068
CMUMOSI,66,0.3,visual,4-7,1,4,0.14967234944924712,0.14967234944924712,0.046944953268393874,0.046944953268393874,0.19661730018560775,0.19661730018560775,0.03741808736231178,0.03741808736231178,0.2022056474816054,0.2022056474816054,0.514227569103241,0.514227569103241,0.8088225899264216,0.8088225899264216
CMUMOSI,66,0.3,text,4-7,4,4,0.06922742398455739,0.06695922056678683,0.06335385283455253,0.06346184015274048,0.13258127724839142,0.13102568258182146,0.017306855996139348,0.016739805141696706,0.24521269218530506,0.24657677445793524,0.502400241792202,0.4885716885328293,0.9808507687412202,0.986307097831741
CMUMOSI,66,0.5,audio,1,89,1,0.10307590209805731,0.078494364162907,0.020953743595609003,0.020990014309063554,0.12402964570571456,0.0991714254305407,0.10307590209805731,0.078494364162907,0.16808717250052232,0.15856145601719618,0.32034647096408886,0.31573042273521423,0.16808717250052232,0.15856145601719618
CMUMOSI,66,0.5,text,4-7,10,4.3,0.11069015625398607,0.1099963306915015,0.06137955004815012,0.061273475526832044,0.17206970596125756,0.16921745793297305,0.026515540229156614,0.023614462232217193,0.2612114572706438,0.26351669688786694,0.511622029542923,0.5141894221305847,1.1350120785005857,1.0612828256562352
CMUMOSI,66,0.5,audio,2-3,67,2.2388059701492535,0.13661132295748024,0.1101052314043045,0.030206710451157456,0.03004420199431479,0.1668180336966353,0.14628328584512929,0.061889758022833356,0.05118380312342197,0.17254824501975435,0.17483633663505316,0.33829653752383904,0.33315449953079224,0.38839811220792914,0.36766773788258433
CMUMOSI,66,0.5,text,1,89,1,0.08441815499655819,0.06704205786809325,0.020682521190578014,0.02077974146232009,0.10510067615341337,0.08785620498019853,0.08441815499655819,0.06704205786809325,0.2350173958726332,0.23235867731273174,0.4254944434996401,0.4088357388973236,0.2350173958726332,0.23235867731273174
CMUMOSI,66,0.5,visual,1,91,1,0.19067156300265956,0.13660778990015388,0.020690685895445583,0.0207320312038064,0.21136224868355435,0.15725738417677348,0.19067156300265956,0.13660778990015388,0.22375715998702447,0.22373507171869278,0.4166830696247436,0.3995625078678131,0.22375715998702447,0.22373507171869278
CMUMOSI,66,0.5,text,2-3,70,2.3142857142857145,0.1014062365467128,0.09418925282079726,0.03715938963162314,0.03587448823964223,0.13856562625320035,0.1259415941331099,0.04423776849566604,0.04181169637013227,0.24382690898686027,0.2347206014674157,0.48182567272867477,0.49183087050914764,0.5641359192809822,0.557801901944913
CMUMOSI,66,0.5,visual,4-7,15,4.266666666666667,0.24504303211967152,0.1901719921734184,0.03705826594183843,0.034382725367322564,0.2821012967804563,0.23529251754189318,0.05858209521897758,0.0475429980433546,0.22550590350234415,0.23923991415358614,0.5181999564170837,0.5307517051696777,0.9704925137921236,0.9569596566143446
CMUMOSI,66,0.5,visual,2-3,47,2.25531914893617,0.24513821242912176,0.24847624241374433,0.02776497358238285,0.026808517752215266,0.27290318653036166,0.28612396176322363,0.11259100705150726,0.10989004233852029,0.23271105486440558,0.23537737946026027,0.48962110598036584,0.5087047815322876,0.5226480545775787,0.4991907738149166
CMUMOSI,66,0.5,audio,4-7,16,4.5,0.22781233619025443,0.17939544981345534,0.055847452458692715,0.05879403918515891,0.28365978893293686,0.24420512404049077,0.05132859121949877,0.03782576962257735,0.1767726419703346,0.17921125516295433,0.36240133456885815,0.3482437878847122,0.794403757310647,0.7786136630456895
CMUMOSI,66,0.5,audio,8+,1,8,0.37631637835875154,0.37631637835875154,0.04567245626822114,0.04567245626822114,0.4219888384013757,0.4219888384013757,0.04703954729484394,0.04703954729484394,0.1708008057466941,0.1708008057466941,0.3785470426082611,0.3785470426082611,1.3664064459735528,1.3664064459735528
CMUMOSI,66,0.5,visual,8+,2,8.5,0.42669002735055983,0.42669002735055983,0.029264617594890296,0.029264617594890296,0.4559546491764195,0.4559546491764195,0.049224355435904324,0.049224355435904324,0.19908505541914362,0.19908505541914362,0.4749549925327301,0.4749549925327301,1.6968267276824918,1.6968267276824918
CMUMOSI,66,0.7,audio,4-7,30,4.533333333333333,0.17734864108109225,0.17985981318634003,0.04859497536284228,0.04699319880455732,0.22594361665648346,0.22936125775959226,0.038776281610656056,0.03787212389676521,0.1673677311670257,0.16512068817974068,0.35112145245075227,0.3344942182302475,0.7609388014534488,0.7195570986368693
CMUMOSI,66,0.7,text,1,76,1,0.07576368862033919,0.05022081430070102,0.020705530499598307,0.020773543510586023,0.09646921906943662,0.07099657777871471,0.07576368862033919,0.05022081430070102,0.2261229707402986,0.2219377652509138,0.4147455335447663,0.4128603935241699,0.2261229707402986,0.2219377652509138
CMUMOSI,66,0.7,visual,2-3,59,2.457627118644068,0.22204217950860827,0.17568027623929083,0.031089401168559315,0.03093283297494054,0.25313158061142194,0.20097001674002968,0.0929141287931299,0.0699350677896291,0.2106680839789813,0.20292220815705755,0.4702582980616618,0.49012503027915955,0.5166924047368673,0.49481218960136175
CMUMOSI,66,0.7,audio,2-3,63,2.380952380952381,0.1384577814060899,0.10570959676988423,0.03378374873113538,0.03398445504717529,0.17224152989529967,0.14963235129289387,0.06169115440863328,0.04822253773454577,0.1629871210439387,0.16348911604533595,0.3338844146993425,0.32270348072052,0.38585648515136056,0.36548652104102075
CMUMOSI,66,0.7,text,4-7,18,4.555555555555555,0.16936399570355812,0.17120819655247033,0.061116269065274134,0.06542090361472219,0.2304802641092465,0.24383727891654416,0.03789176388570383,0.035957738693105055,0.22639821101641885,0.22809228399031173,0.5083902428547541,0.5226227045059204,1.0347020900096848,0.9889531978406012
CMUMOSI,66,0.7,text,2-3,61,2.4098360655737703,0.12376457564799939,0.11691113119013608,0.03744237395728648,0.03553452040068805,0.16120694945287842,0.14944598522924935,0.05285795281680627,0.04603476636111736,0.2344051510430529,0.2263761900831014,0.4818689490928025,0.4883938133716583,0.567193264027172,0.5122525724582374
CMUMOSI,66,0.7,visual,1,63,1,0.1564773209060409,0.12077604560181499,0.020666228282073186,0.020761325722560287,0.17714354926265657,0.14115918903553393,0.1564773209060409,0.12077604560181499,0.21395746790822448,0.18438818911090493,0.4115549089416625,0.3979596197605133,0.21395746790822448,0.18438818911090493
CMUMOSI,66,0.7,visual,4-7,29,5.206896551724138,0.3414847356556305,0.24168857117183506,0.036458672827173924,0.036476466339081526,0.3779434088187529,0.29413153777932166,0.0674969781187863,0.048983907466754316,0.21338369466282378,0.21450845982568958,0.5276428399414852,0.532719612121582,1.1085553703235527,1.1483980556949973
CMUMOSI,66,0.7,audio,1,56,1,0.11400234297200638,0.07747191214002669,0.02094428622097309,0.020949169993400574,0.1349466292949241,0.0982990695620174,0.11400234297200638,0.07747191214002669,0.16984054391962541,0.15493388043250889,0.3256430434329169,0.3168916404247284,0.16984054391962541,0.15493388043250889
CMUMOSI,66,0.7,visual,8+,3,8.333333333333334,0.3489455191108088,0.26363972667604685,0.0719957851494352,0.062181748915463686,0.42094130158390425,0.3558765621164639,0.04102878106425999,0.032954965834505856,0.201651450964467,0.18774062187003437,0.5119988719622294,0.5223690271377563,1.6914086297038011,1.501924974960275
CMUMOSI,66,0.7,text,8+,3,8.666666666666666,0.13300402198607722,0.10911222896538675,0.1077808861931165,0.11738699045963585,0.24078490759711713,0.22649921873380663,0.01528337387329278,0.013639028620673344,0.22322710048885913,0.2240572970767971,0.5056461890538534,0.5236574411392212,1.9343581387074664,1.9536916540237144
CMUMOSI,66,0.7,audio,8+,2,10,0.2423568780068308,0.2423568780068308,0.08413971913978457,0.08413971913978457,0.3264965975422456,0.3264965975422456,0.024887786246836185,0.024887786246836185,0.1894185704489549,0.1894185704489549,0.3921865373849869,0.3921865373849869,1.934881316497922,1.934881316497922
CMUMOSI,67,0.1,text,1,52,1,0.041838314943911076,0.03244329639710486,0.02056083870747198,0.020633064093999565,0.06239915357267679,0.05287392082573206,0.041838314943911076,0.03244329639710486,0.23781601873745856,0.23991830507293344,0.5100730199080247,0.49019744992256165,0.23781601873745856,0.23991830507293344
CMUMOSI,67,0.1,visual,1,54,1,0.15620416815013247,0.08015275991056114,0.020453982197472617,0.02058519737329334,0.17665815070672075,0.10090176332778356,0.15620416815013247,0.08015275991056114,0.278600278159569,0.2916467112954706,0.49076684481567806,0.4688151776790619,0.278600278159569,0.2916467112954706
CMUMOSI,67,0.1,audio,1,56,1,0.13831704961817845,0.1278204971458763,0.020736321241461804,0.020748361595906317,0.1590533709989391,0.1485596892648573,0.13831704961817845,0.1278204971458763,0.2983155426793798,0.30465690162964165,0.510641905346087,0.5011277198791504,0.2983155426793798,0.30465690162964165
CMUMOSI,67,0.1,text,2-3,8,2.125,0.028996216831728816,0.027820759336464107,0.03668373340042308,0.03513605915941298,0.06567995022464856,0.06434809073107317,0.013866892559841896,0.01256069669034332,0.23100114185460066,0.2293418773333542,0.5168681815266609,0.4901247024536133,0.4934916646743659,0.4586837546667084
CMUMOSI,67,0.1,visual,2-3,5,2,0.19591801287606359,0.1431876285932958,0.024614756042137743,0.02481042081490159,0.2205327673244028,0.16060318799281958,0.09795900643803179,0.0715938142966479,0.30032958458177744,0.297034103423357,0.5555296242237091,0.5722233057022095,0.6006591691635549,0.594068206846714
CMUMOSI,67,0.1,audio,2-3,6,2.3333333333333335,0.19661773807213953,0.21206464793067425,0.027738710787768166,0.02577360440045595,0.2243564488518738,0.2350499489239155,0.08466222503274265,0.08187986401996264,0.27898737194482237,0.28180737083312124,0.5382550855477651,0.5406504273414612,0.653693024845173,0.637700874125585
CMUMOSI,67,0.3,audio,1,76,1,0.1125125780940595,0.07242580049205571,0.020794999433411777,0.02084299025591463,0.13330757753485495,0.09327847039457993,0.1125125780940595,0.07242580049205571,0.2594556759393431,0.28517469810321927,0.49686414787643834,0.4914558380842209,0.2594556759393431,0.28517469810321927
CMUMOSI,67,0.3,visual,1,103,1,0.1633706164740713,0.09944482776336372,0.02049644631378859,0.020566856022924185,0.1838670627560629,0.12011622327190707,0.1633706164740713,0.09944482776336372,0.2544297344035478,0.2574956906028092,0.4916469064152357,0.4673081636428833,0.2544297344035478,0.2574956906028092
CMUMOSI,67,0.3,audio,2-3,49,2.204081632653061,0.15159345782190867,0.1208120733499527,0.029734232562727163,0.028795178746804595,0.18132769074993715,0.15060769521005568,0.0700788137575827,0.06040603667497635,0.26154516898111446,0.2717331077437848,0.5348119504597723,0.5167117118835449,0.5774984407875383,0.5747074871324003
CMUMOSI,67,0.3,text,1,115,1,0.04261670210297503,0.03443266078829765,0.02053201522718629,0.020588068291544914,0.0631487173190734,0.055061263003153726,0.04261670210297503,0.03443266078829765,0.21940295345595348,0.23311041295528412,0.514111177040183,0.49769747257232666,0.21940295345595348,0.23311041295528412
CMUMOSI,67,0.3,text,2-3,29,2.1379310344827585,0.06824626203562165,0.05897990264929831,0.03638580588399079,0.03702185582369566,0.10463206807679822,0.09647654989385046,0.03262098034945499,0.026911254040896893,0.20815227755034962,0.20691586518660188,0.5161734685815614,0.5085896253585815,0.4460971959874612,0.4198214670177549
CMUMOSI,67,0.3,visual,2-3,40,2.25,0.18196383693721147,0.1351468114880845,0.02585519216954708,0.027527885045856237,0.2078190282840069,0.16239046747068642,0.08188243199450275,0.06659158563707024,0.2593024760494397,0.2555183725974833,0.5142391294240951,0.4844886511564255,0.5826262627087999,0.5644249888136983
CMUMOSI,67,0.3,text,4-7,4,4.5,0.0663775788852945,0.05792722734622657,0.07908977789338678,0.07870804367121309,0.14546735755720874,0.13849822476913687,0.014277576925815083,0.012721591204172,0.21001151864184067,0.2111086374905426,0.5233105570077896,0.5151825845241547,0.9428248305921443,0.9338463210733607
CMUMOSI,67,0.3,audio,4-7,1,4,0.13423524680547416,0.13423524680547416,0.061370244482532144,0.061370244482532144,0.19560549039215402,0.19560549039215402,0.03355881170136854,0.03355881170136854,0.23882452165707946,0.23882452165707946,0.5244958400726318,0.5244958400726318,0.9552980866283178,0.9552980866283178
CMUMOSI,67,0.3,visual,4-7,1,4,0.09193427162244916,0.09193427162244916,0.04303425597026944,0.04303425597026944,0.13496852909884183,0.13496852909884183,0.02298356790561229,0.02298356790561229,0.2244293570984155,0.2244293570984155,0.48474279046058655,0.48474279046058655,0.897717428393662,0.897717428393662
CMUMOSI,67,0.5,audio,1,91,1,0.11728053251383724,0.07905924716033041,0.0208379186863837,0.020895576337352395,0.13811845130961017,0.09993289788872062,0.11728053251383724,0.07905924716033041,0.2452110909897793,0.26704990584403276,0.505152206826996,0.482688844203949,0.2452110909897793,0.26704990584403276
CMUMOSI,67,0.5,visual,2-3,61,2.4262295081967213,0.20558959138045302,0.17376470030285418,0.030023225945741184,0.030827426817268133,0.23561281671745896,0.21347972869989462,0.08665640979605763,0.07468306389637291,0.2440909082534382,0.2444478366523981,0.5182734439607526,0.4939579963684082,0.5913636429754437,0.5633584908209741
CMUMOSI,67,0.5,text,1,94,1,0.05029381679598876,0.03311605402268469,0.020546805589122974,0.020586676779203117,0.07084062268708333,0.053561619479296496,0.05029381679598876,0.03311605402268469,0.20261757453269463,0.19061294477432966,0.5153070983100445,0.518317461013794,0.20261757453269463,0.19061294477432966
CMUMOSI,67,0.5,audio,2-3,64,2.28125,0.15221145281611825,0.14955954626202583,0.0312639442490763,0.030671134940348566,0.18347539694762816,0.1757339778359892,0.06824723388187219,0.06592122812677795,0.24720990752848593,0.2506193832183877,0.519874116871506,0.5265494585037231,0.565183255127522,0.5301814849954098
CMUMOSI,67,0.5,text,2-3,68,2.411764705882353,0.07338542749879279,0.06749385979492217,0.041362750508329445,0.03881494305096567,0.11474817789252591,0.10609122903406387,0.03146630174716633,0.02645673626102507,0.19783568343144212,0.20042011933401227,0.5166194473995882,0.5083852410316467,0.4777701761203763,0.4344456043327227
CMUMOSI,67,0.5,visual,1,97,1,0.15669497469987376,0.08822351996786892,0.02051921118502073,0.020606420934200287,0.17721418565275768,0.10857845698046731,0.15669497469987376,0.08822351996786892,0.2450590549245688,0.25334456842392683,0.4789311603172538,0.4587040841579437,0.2450590549245688,0.25334456842392683
CMUMOSI,67,0.5,audio,4-7,13,4.3076923076923075,0.14233133748460275,0.13104984862729907,0.05083709041802929,0.055197208654135466,0.19316842753757485,0.17757126089782105,0.03328994286533159,0.028887840278912336,0.2595959354930808,0.26519059827551245,0.5313672377513006,0.5100856423377991,1.1181965528432136,1.1053510382771492
CMUMOSI,67,0.5,text,4-7,7,5.142857142857143,0.10336344812198409,0.0921907217707485,0.0784042082128248,0.0810312123503536,0.18176765686231583,0.1828661182662472,0.019934996823403276,0.01536512029512475,0.19780096567618394,0.1949878770392388,0.5531551454748426,0.5586020946502686,1.019121632562019,1.024282533209771
CMUMOSI,67,0.5,visual,4-7,8,4.625,0.1832921176101081,0.19527001108508557,0.04289464667090215,0.041226751054637134,0.22618676494948886,0.22987441233635764,0.04206876976968488,0.04191490828525275,0.23484458734455985,0.22583765804301947,0.5583368390798569,0.5715666115283966,1.0768512635113439,1.1127405376173556
CMUMOSI,67,0.7,visual,1,68,1,0.14797781345174266,0.07617954269517213,0.020621241645558792,0.020737314596772194,0.16859905535974415,0.09658670394856017,0.14797781345174266,0.07617954269517213,0.22347809193203882,0.19735638657584786,0.47493982139755697,0.4584110379219055,0.22347809193203882,0.19735638657584786
CMUMOSI,67,0.7,audio,1,58,1,0.13749383923453118,0.10072661098092794,0.020883228649899107,0.020923039293847978,0.15837706800904675,0.12164202792882861,0.13749383923453118,0.10072661098092794,0.22540341728519456,0.2117597804754041,0.5037874502354655,0.47748038172721863,0.22540341728519456,0.2117597804754041
CMUMOSI,67,0.7,text,2-3,45,2.3777777777777778,0.08707815561857489,0.06512350426055491,0.03986806852432589,0.03760240273550153,0.12694622399455208,0.10388581326697022,0.03746078370690897,0.0311279131565243,0.1902149215185394,0.18535821698606014,0.5187439845667945,0.5017693042755127,0.451705659698281,0.41977057384792715
CMUMOSI,67,0.7,visual,2-3,63,2.2857142857142856,0.18771248308956504,0.13981410511769354,0.028850639431131263,0.02932856185361743,0.21656312296746033,0.1652600763954979,0.08203649299931294,0.06094967189710587,0.2358988250135173,0.23961640009656549,0.4994696988945916,0.46847623586654663,0.5375573094638567,0.53185233194381
CMUMOSI,67,0.7,text,8+,6,9.833333333333334,0.17020349414087832,0.15756875253282487,0.1259979559496666,0.14233792223967612,0.2962014491155666,0.2977551271105767,0.018853686389576813,0.014324432048438626,0.18728053648744455,0.18644609937274997,0.506425807873408,0.47975215315818787,1.8303289948768604,1.880753564531915
CMUMOSI,67,0.7,audio,2-3,61,2.3278688524590163,0.13874103859082232,0.12232052604667842,0.03331708066455531,0.03275497164577246,0.1720581192927862,0.15063668644324935,0.06219653839619494,0.047170836168030895,0.23575988768210604,0.2352528057526797,0.506145224219463,0.4871743321418762,0.5529376247718351,0.5263918451964855
CMUMOSI,67,0.7,audio,4-7,26,4.576923076923077,0.1610472118571544,0.1416922298958525,0.05136877596557427,0.047782885609194636,0.2124159878415832,0.1880259398594717,0.03516273725890442,0.032541010063141584,0.23851281150748216,0.2374835358816199,0.5245075730177072,0.5080918371677399,1.0930160079196167,1.0530687388963997
CMUMOSI,67,0.7,text,1,79,1,0.0666438205376904,0.05819362564943731,0.020609747479917315,0.020727100782096386,0.08725356801040084,0.07893190714821685,0.0666438205376904,0.05819362564943731,0.19355937517749122,0.18421970214694738,0.500946429711354,0.4940035939216614,0.19355937517749122,0.18421970214694738
CMUMOSI,67,0.7,text,4-7,27,4.814814814814815,0.11171802720141218,0.10111881815828383,0.07385861313970829,0.06960584409534931,0.18557664060554763,0.1990857781165687,0.02403558914869329,0.01898993793874979,0.19180216416045184,0.18835954554378986,0.5284292256390607,0.48927024006843567,0.9317322813483231,0.8461860129609704
CMUMOSI,67,0.7,visual,4-7,27,4.7407407407407405,0.2977851138415712,0.29523785202763975,0.043396411204917565,0.04099453333765268,0.3411815263808354,0.3313392289564945,0.06409218899845728,0.06284266011789441,0.23318272088849393,0.23246561537962407,0.5418376569394712,0.5840122103691101,1.1041454381430176,0.9906114153563976
CMUMOSI,67,0.7,audio,8+,3,9.333333333333334,0.3562096784201761,0.29398243757896125,0.06218828936107457,0.05553997657261789,0.4183979696190363,0.349469473654608,0.0384900293149123,0.0319534752310978,0.24375701518255044,0.2410314945348849,0.6165443460146586,0.6182076930999756,2.281850087805651,2.169283450813964
CMUMOSI,68,0.1,audio,2-3,9,2.111111111111111,0.13519521212826172,0.12034042691811919,0.026626540787724987,0.02600801270455122,0.1618217525979162,0.14487450825981796,0.06536907963972124,0.056327147176489234,0.2392974041091899,0.24067789781838655,0.4500796397527059,0.43704599142074585,0.5047810114920139,0.48523506987839937
CMUMOSI,68,0.1,text,1,50,1,0.05864351067459211,0.04580714134499431,0.01999471664894372,0.02014537202194333,0.07863822740091564,0.0662498014899029,0.05864351067459211,0.04580714134499431,0.3392822253028862,0.34876852994784713,0.6061745828390122,0.6148383915424347,0.3392822253028862,0.34876852994784713
CMUMOSI,68,0.1,text,2-3,5,2,0.09715991271659732,0.052292299224063754,0.03144206013530493,0.030476502841338515,0.12860197192785564,0.07866047773859464,0.04857995635829866,0.026146149612031877,0.3186526758596301,0.3475123564712703,0.5839123487472534,0.5891185402870178,0.6373053517192602,0.6950247129425406
CMUMOSI,68,0.1,visual,1,46,1,0.2261707445140928,0.17085415148176253,0.019976695541434154,0.020168011425994337,0.24614743979933615,0.19099064707802427,0.2261707445140928,0.17085415148176253,0.3432388878174369,0.354220780543983,0.5967458473599475,0.6060710251331329,0.3432388878174369,0.354220780543983
CMUMOSI,68,0.1,audio,1,58,1,0.10839385314290573,0.07369622762780637,0.02033114650061932,0.020392675418406725,0.1287249996026605,0.09398337623042607,0.10839385314290573,0.07369622762780637,0.24086105140881484,0.24364280933514237,0.42733780320348413,0.4249648451805115,0.24086105140881484,0.24364280933514237
CMUMOSI,68,0.1,visual,2-3,6,2,0.16614968764285246,0.07297750387806445,0.030489235107476514,0.03348287451080978,0.19663892396238225,0.10412189140606642,0.08307484382142623,0.03648875193903223,0.3248942233234023,0.3356423657387495,0.5806187639633814,0.5928942859172821,0.6497884466468046,0.671284731477499
CMUMOSI,68,0.3,text,2-3,38,2.289473684210526,0.09104129634368674,0.0698912312509492,0.0353936992836871,0.034537053550593555,0.1264349958257873,0.10710748020574101,0.04159060068093567,0.03264637823061396,0.2854419379678132,0.2799094627068068,0.6018637959894381,0.6115958988666534,0.654136742801041,0.5976399529026821
CMUMOSI,68,0.3,text,1,91,1,0.06060709864423088,0.04104510019533336,0.02009551507001231,0.020182172069326043,0.08070261371800111,0.06145672758066212,0.06060709864423088,0.04104510019533336,0.2954647557091628,0.3407031334936619,0.5656196890951513,0.596446692943573,0.2954647557091628,0.3407031334936619
CMUMOSI,68,0.3,audio,1,93,1,0.09979209390979621,0.06720646657049656,0.020380705953024887,0.020421280525624752,0.12017279989773885,0.08757337421593547,0.09979209390979621,0.06720646657049656,0.22546185343526304,0.22750092670321465,0.42731352551009066,0.4279284179210663,0.22546185343526304,0.22750092670321465
CMUMOSI,68,0.3,visual,2-3,40,2.225,0.24371423480915838,0.20502135064452887,0.028028190496843308,0.028987018973566592,0.271742425115292,0.23303968638720107,0.11168787402663535,0.0820189535540218,0.295714444371697,0.2946463114931248,0.5968321785330772,0.6130211055278778,0.6584828819643007,0.6327848066575825
CMUMOSI,68,0.3,audio,2-3,41,2.268292682926829,0.14635241600094226,0.15227638348005712,0.02947907781841733,0.02987881423905492,0.1758314937587562,0.1849380952280626,0.06644091159256736,0.05474921129643917,0.2250838677325036,0.22642538091167808,0.4417717703958837,0.43059396743774414,0.5108110159181241,0.47488935058936477
CMUMOSI,68,0.3,audio,4-7,1,4,0.14628546126186848,0.14628546126186848,0.023630694020539522,0.023630694020539522,0.16991615947335958,0.16991615947335958,0.03657136531546712,0.03657136531546712,0.2107164891785942,0.2107164891785942,0.42314019799232483,0.42314019799232483,0.8428659567143768,0.8428659567143768
CMUMOSI,68,0.3,visual,1,99,1,0.20502697791189256,0.12105582002550364,0.01998041900147618,0.02007620083168149,0.22500739791601776,0.14077710127276077,0.20502697791189256,0.12105582002550364,0.3071227289390553,0.3292698338627815,0.568491199401894,0.5898185968399048,0.3071227289390553,0.3292698338627815
CMUMOSI,68,0.3,visual,4-7,2,4,0.37527288496494293,0.37527288496494293,0.022128854179754853,0.022128854179754853,0.397401736358006,0.397401736358006,0.09381822124123573,0.09381822124123573,0.35843880544416606,0.35843880544416606,0.6600290834903717,0.6600290834903717,1.4337552217766643,1.4337552217766643
CMUMOSI,68,0.5,text,2-3,65,2.3076923076923075,0.11724566397113868,0.08651196071878076,0.035774282292606166,0.035213091876357794,0.15301994637558472,0.12684901655302383,0.05177184478499186,0.03831926116254181,0.2648714895372112,0.2654721650760621,0.5833969418819134,0.6050378680229187,0.6126533169039668,0.5604626508429646
CMUMOSI,68,0.5,text,1,103,1,0.08923100657055824,0.04982975567691028,0.020188050068806387,0.02025790116749704,0.10941905669276873,0.07019453616157989,0.08923100657055824,0.04982975567691028,0.26692798699690845,0.26593137811869383,0.5436102794212045,0.5833470821380615,0.26692798699690845,0.26593137811869383
CMUMOSI,68,0.5,audio,1,106,1,0.09719542632063956,0.0630430766614154,0.02040824170426448,0.02044067590031773,0.11760366823606125,0.0834941518355663,0.09719542632063956,0.0630430766614154,0.21433945770928953,0.21079794480465353,0.42809647546624235,0.42894120514392853,0.21433945770928953,0.21079794480465353
CMUMOSI,68,0.5,visual,1,84,1,0.19131736116001516,0.0995277650654316,0.020033689978022483,0.02018702868372202,0.21135105078319394,0.1198166034755559,0.19131736116001516,0.0995277650654316,0.281055407232738,0.2875334855634719,0.5498673302077112,0.5778367519378662,0.281055407232738,0.2875334855634719
CMUMOSI,68,0.5,visual,2-3,68,2.3529411764705883,0.3169216552050784,0.2902806638740003,0.027293528221301076,0.027404067455790937,0.3442151830580074,0.30916773946592,0.1395759662646371,0.11568295699544251,0.2828590406445038,0.27969523472711444,0.6054143099223867,0.612428218126297,0.6624599804636091,0.6497585939941928
CMUMOSI,68,0.5,audio,2-3,54,2.2222222222222223,0.12241644976462272,0.10666457453044131,0.030953834665490797,0.029702070052735507,0.15337028451277648,0.13513000777174966,0.055949648056412116,0.041751159296836704,0.21653671639132094,0.212814926286228,0.44697873018406054,0.45515190064907074,0.4807809590312428,0.44631229317747056
CMUMOSI,68,0.5,visual,4-7,13,4.6923076923076925,0.2582404718000012,0.17072307039052248,0.04194544284389569,0.046113317366689444,0.30018591420580026,0.21776564288484224,0.051841241529641244,0.04019529419019818,0.28750887374400463,0.2883047235331365,0.6031296115655166,0.5964250564575195,1.349665774193664,1.2644772450439632
CMUMOSI,68,0.5,text,4-7,5,4.4,0.09259558171033859,0.059693844290450215,0.06957833087071777,0.07006130367517471,0.16217391234458772,0.13662460561317857,0.022056502650957554,0.014923461072612554,0.25040737960953263,0.24397055845474824,0.6052016139030456,0.6183062791824341,1.1031733163865283,1.1361145612318069
CMUMOSI,68,0.5,audio,4-7,12,4.5,0.17453727164926627,0.19141443236730993,0.05707572028040886,0.05814148287754506,0.2316129921295366,0.25570678900385246,0.03902021495677117,0.040881209960207346,0.21598097464997812,0.21844640116614755,0.45667147139708203,0.4581674188375473,0.9712154167840102,0.9003240859601647
CMUMOSI,68,0.5,text,8+,1,8,0.10081039532087743,0.10081039532087743,0.12640271056443453,0.12640271056443453,0.22721310675842687,0.22721310675842687,0.012601299415109679,0.012601299415109679,0.27512885321630165,0.27512885321630165,0.6009616255760193,0.6009616255760193,2.201030825730413,2.201030825730413
CMUMOSI,68,0.7,text,1,53,1,0.10761626982481552,0.08058680966496468,0.020098483457915345,0.020226707449182868,0.12771475305981886,0.10056207236630144,0.10761626982481552,0.08058680966496468,0.2481735484951334,0.20554157719016075,0.5298676569506807,0.47475558519363403,0.2481735484951334,0.20554157719016075
CMUMOSI,68,0.7,visual,4-7,13,5.3076923076923075,0.31207494871117747,0.2065079058520496,0.042091169233362265,0.041355883702635765,0.35416611764160805,0.2651525825021963,0.05862027449510316,0.039861215930432084,0.26399369665094047,0.2691904658983861,0.6133933342420138,0.6126568913459778,1.4031454738981735,1.335290476679802
CMUMOSI,68,0.7,visual,2-3,63,2.380952380952381,0.29767308779253016,0.28474813955836,0.028520371445218132,0.031354642705991864,0.32619345952133744,0.3092149867225089,0.1261126269443483,0.11756278108805418,0.264914623887288,0.2677067508921027,0.5867457948033772,0.609015941619873,0.6306457140719488,0.5821715304628015
CMUMOSI,68,0.7,visual,1,81,1,0.17327528052537897,0.07944644847884774,0.020136180271992436,0.020247961161658168,0.19341146096718867,0.09999822259123903,0.17327528052537897,0.07944644847884774,0.2574091109915717,0.22369184158742428,0.5228517853919371,0.4731539487838745,0.2574091109915717,0.22369184158742428
CMUMOSI,68,0.7,audio,1,71,1,0.08599527412041708,0.0581636200658977,0.020460710686985666,0.020492856623604894,0.10645598466474017,0.0784199327481474,0.08599527412041708,0.0581636200658977,0.2120795842181419,0.2118656982202083,0.4332363475376452,0.4394441843032837,0.2120795842181419,0.2118656982202083
CMUMOSI,68,0.7,text,4-7,31,4.709677419354839,0.14520919158483944,0.11450650100596249,0.06729291042973919,0.06599167617969215,0.21250210192157548,0.20343055010016542,0.03258112718273575,0.02121250396594405,0.24551739741790754,0.2528892756284525,0.5898279278509079,0.612142026424408,1.1638584736501798,1.0760739892721176
CMUMOSI,68,0.7,audio,2-3,56,2.4285714285714284,0.12424310886334362,0.0972170028835535,0.03544549574975723,0.03413938183803111,0.15968860442915553,0.1322408787364111,0.051428285733674695,0.0445159455218042,0.20888652474691516,0.2071543263349061,0.4507525547274521,0.4509134143590927,0.5068517830472307,0.44174225721508265
CMUMOSI,68,0.7,visual,8+,5,8.4,0.3964764484670013,0.37744055641815066,0.03251942894421518,0.022547217784449458,0.4289958752979146,0.39998776219727006,0.047141332702012734,0.04718006955226883,0.25970835508895107,0.25538473040796816,0.6209493756294251,0.6238715648651123,2.1840447929222138,2.0430778432637453
CMUMOSI,68,0.7,text,2-3,67,2.373134328358209,0.10879550419518474,0.08580698980949819,0.03868819138820547,0.03621124546043575,0.14748369530114822,0.12446325582641293,0.04867885231280199,0.03423514182213694,0.25255052611464635,0.2502343044616282,0.5851869187248286,0.6046662330627441,0.5980908928209665,0.5773625918664038
CMUMOSI,68,0.7,audio,4-7,21,4.523809523809524,0.1623473744285071,0.1582171954214573,0.05274283499013455,0.05533672007732093,0.21509020898076328,0.20190519144125574,0.03540912414050942,0.03564167144941166,0.21110797998706057,0.2113413130864501,0.4535590268316723,0.459844172000885,0.9552317127873677,0.9233980276621878
CMUMOSI,68,0.7,audio,8+,5,8.8,0.14230658262968063,0.16200062725692987,0.12526939208619298,0.12095571658574045,0.26757597468695166,0.27225379772698943,0.016167553357610647,0.018357029798525302,0.20963282249579818,0.20566626896404408,0.464798104763031,0.4676187038421631,1.8431799076963216,1.7752217259258032
CMUMOSI,68,0.7,text,8+,3,10,0.15097916079685092,0.14833866129629314,0.12462009528341393,0.12537074880674481,0.2755992561263459,0.273709407694696,0.015234922361560165,0.014833866129629314,0.2718733634359928,0.2662167151769002,0.611390749613444,0.6163687705993652,2.727513047400862,2.9635577951557934
CMUMOSI,69,0.1,text,1,53,1,0.09130771072880137,0.0811448956374079,0.020725854610989115,0.02081278432160616,0.11203356535787741,0.10192681549233384,0.09130771072880137,0.0811448956374079,0.36402823763266906,0.38310990296304226,0.6280231397106962,0.6326720118522644,0.36402823763266906,0.38310990296304226
CMUMOSI,69,0.1,audio,1,49,1,0.14755042546846886,0.1014762306585908,0.02097585307890359,0.02102075074799359,0.16852627891755534,0.12226136831304757,0.14755042546846886,0.1014762306585908,0.26202602507261447,0.2785387486219406,0.4316230154767328,0.4223056733608246,0.26202602507261447,0.2785387486219406
CMUMOSI,69,0.1,audio,2-3,7,2.142857142857143,0.2938085110924606,0.23060331214219332,0.02057345517511879,0.021138300886377692,0.314381965593254,0.25296350875578355,0.1414137004952257,0.08682556718122214,0.2845348095011321,0.28637935500591993,0.48512087975229534,0.5131809711456299,0.6095559058843979,0.5735806003212929
CMUMOSI,69,0.1,visual,1,49,1,0.17776848978068374,0.13470257609151304,0.020681493316910098,0.02074562292546034,0.19844998303029124,0.15577090315127862,0.17776848978068374,0.13470257609151304,0.2744847905432463,0.2863076264038682,0.5701240361953268,0.5982905626296997,0.2744847905432463,0.2863076264038682
CMUMOSI,69,0.1,text,2-3,7,2.2857142857142856,0.08007192864481892,0.06025923020206392,0.035011575457506945,0.03226466942578554,0.11508350437725312,0.10606654614093713,0.03764864415972538,0.02385703648906201,0.3707153357432357,0.39181049168109894,0.6479065929140363,0.6446616649627686,0.8559384125151804,0.7836209833621979
CMUMOSI,69,0.1,visual,2-3,5,2.2,0.16805938987527042,0.1298807563725859,0.03138542224187404,0.031470365705899894,0.19944481425409322,0.16895831662259297,0.07970033639188234,0.054294352419674397,0.2712764240878945,0.2848062051149706,0.6096151232719421,0.615851879119873,0.599514089198783,0.5744297262281179
CMUMOSI,69,0.3,visual,1,92,1,0.1548495888950445,0.10839552187826484,0.020804206648355594,0.02089287666603923,0.17565379562852682,0.12890411435182614,0.1548495888950445,0.10839552187826484,0.2543761314895085,0.280506627401337,0.5395613775953002,0.5957236588001251,0.2543761314895085,0.280506627401337
CMUMOSI,69,0.3,audio,1,89,1,0.13223708305884613,0.09525264613330364,0.02101581504442886,0.021082163555547595,0.15325289811753057,0.11633586767857196,0.13223708305884613,0.09525264613330364,0.24264396431991894,0.2674578223377466,0.43047887053382533,0.4247603714466095,0.24264396431991894,0.2674578223377466
CMUMOSI,69,0.3,text,2-3,32,2.15625,0.12704433050384978,0.1035241954959929,0.03291480249754386,0.033986502210609615,0.15995913281261664,0.13889976607606513,0.05878313022185466,0.0456720445654355,0.3386389058587156,0.330200377444271,0.6394462957978249,0.6395805478096008,0.729372671661622,0.6862664468353614
CMUMOSI,69,0.3,text,1,94,1,0.08601263933815062,0.06828281376510859,0.020728046562463204,0.020946210366673768,0.10674068588773576,0.0893111481809683,0.08601263933815062,0.06828281376510859,0.3252379091139487,0.28562308149412274,0.6116411508397853,0.6309259831905365,0.3252379091139487,0.28562308149412274
CMUMOSI,69,0.3,visual,2-3,39,2.2564102564102564,0.18129185941488218,0.14278256800025702,0.028227201928623404,0.029995559016242623,0.20951906157036623,0.17959642857022118,0.08213046877087754,0.05518188785451154,0.25661994982809305,0.2588507845066488,0.6049822087471302,0.6126950979232788,0.5774589845259936,0.5735848816111684
CMUMOSI,69,0.3,text,4-7,5,4,0.14881414505653084,0.13424751488491893,0.0452118921559304,0.04850052832625806,0.19402603661001194,0.18542025671922602,0.03720353626413271,0.03356187872122973,0.3183125026815105,0.31028981372946873,0.6458001613616944,0.6442919373512268,1.273250010726042,1.241159254917875
CMUMOSI,69,0.3,audio,2-3,31,2.096774193548387,0.21090035296736226,0.19836756866425276,0.024934917628284422,0.02502873563207686,0.2358352710685546,0.21517394648617483,0.10381068687094876,0.09918378433212638,0.26501901762219526,0.2730800323188305,0.4883503221696423,0.4916248619556427,0.553897015014363,0.5527347475290298
CMUMOSI,69,0.3,audio,4-7,5,4.4,0.2659355512354523,0.17116837296634912,0.03815128244459629,0.04123208159580827,0.30408683662280966,0.2136918766555027,0.06471985339109475,0.04279209324158728,0.2518166466616094,0.2586233237525448,0.48108927011489866,0.4666254222393036,1.1107159161474556,1.0941243097186089
CMUMOSI,69,0.3,visual,4-7,2,5.5,0.10683081182651222,0.10683081182651222,0.06348529958631843,0.06348529958631843,0.1703161108034692,0.1703161108034692,0.019045061198994517,0.019045061198994517,0.24411604753307378,0.24411604753307378,0.6364134848117828,0.6364134848117828,1.359302630473394,1.359302630473394
CMUMOSI,69,0.5,audio,1,79,1,0.16557669251732812,0.12149963970296085,0.021051122606555117,0.021112319082021713,0.18662781510326418,0.14222780039563077,0.16557669251732812,0.12149963970296085,0.2345208344609724,0.2609335221350193,0.44175101495996305,0.43174660205841064,0.2345208344609724,0.2609335221350193
CMUMOSI,69,0.5,text,2-3,61,2.377049180327869,0.15171570800908948,0.12859630631282926,0.03556712027486475,0.033240602584555745,0.18728282844915425,0.16704612211469794,0.0656429616587435,0.05298620031680912,0.3019662859990857,0.28608394662539166,0.6400652273756559,0.6474609375,0.7138654348959567,0.6800033329054713
CMUMOSI,69,0.5,visual,1,91,1,0.13150613898268113,0.09658284089528024,0.020849915884005334,0.020879582967609167,0.1523560549436487,0.11769892876691301,0.13150613898268113,0.09658284089528024,0.24043565688035604,0.27341378480196,0.5353688797452948,0.6165784597396851,0.24043565688035604,0.27341378480196
CMUMOSI,69,0.5,text,1,92,1,0.11223265161337938,0.08558352349791676,0.02086403986196155,0.020982779329642653,0.1330966914757858,0.1066789284159313,0.11223265161337938,0.08558352349791676,0.30791324644941714,0.2813978949561715,0.6180148542575215,0.6404640674591064,0.30791324644941714,0.2813978949561715
CMUMOSI,69,0.5,visual,2-3,64,2.203125,0.21015417545822856,0.1817329372279346,0.029072012288452243,0.029122300329618156,0.23922618792440176,0.20876607310128747,0.09809054766234719,0.07706646559139094,0.23321968256277614,0.22682458307826892,0.613725240342319,0.6392332017421722,0.5118372504221043,0.5145799563033506
CMUMOSI,69,0.5,audio,4-7,18,5,0.3040044270003111,0.28587551927194,0.034455014560889036,0.04102280561346561,0.33845944015380763,0.31998293129981903,0.06376457248667192,0.057914815443967066,0.22393199361826258,0.21842968608252705,0.4984505491124259,0.5165807604789734,1.1212619312702574,1.0803376735420898
CMUMOSI,69,0.5,visual,4-7,18,4.388888888888889,0.24409830666586962,0.19545653741806746,0.04378827605008458,0.04803979943972081,0.28788658257094035,0.2265784318842634,0.05483184784415816,0.04114602122960302,0.2229922561223955,0.22321595781249925,0.6263012770149443,0.6469448208808899,0.990803426629605,0.9303948110900819
CMUMOSI,69,0.5,text,4-7,14,4.5,0.17436724954417773,0.16054751037154347,0.05620471595986081,0.06179341860115528,0.23057196631504798,0.22234093077713624,0.03976324943146117,0.030174637824529782,0.30582770691098815,0.3057790185391371,0.6533538358552116,0.6589360535144806,1.375027086826906,1.2886637854389846
CMUMOSI,69,0.5,audio,2-3,62,2.338709677419355,0.18870181152446858,0.1455901563167572,0.028663407842208062,0.029854824766516685,0.21736521980357149,0.17064813993420103,0.08350734319224934,0.061225067533086985,0.23959124777954252,0.2425800918911894,0.49240607215512183,0.5083723068237305,0.5619050969647604,0.5496930389199406
CMUMOSI,69,0.7,text,2-3,68,2.2794117647058822,0.19669698196572855,0.18596348748542368,0.034688685507075316,0.0351112816715613,0.23138566782033784,0.2260800148214912,0.08920167637452502,0.07802010484738275,0.2900348536390012,0.28067277026517934,0.639117023524116,0.6468952000141144,0.6616532913039384,0.5709301172755659
CMUMOSI,69,0.7,visual,4-7,22,4.954545454545454,0.2669238188113509,0.24456310365349054,0.04626883181150664,0.04952856234740466,0.31319265051429696,0.2892756585506504,0.055259444368841906,0.04765619828166174,0.2191118791251513,0.22370773750299122,0.6412333033301614,0.654662549495697,1.0902135320145383,1.0294814137741923
CMUMOSI,69,0.7,audio,4-7,30,4.866666666666666,0.3033716869773343,0.3149962229654193,0.03938411172324171,0.04147910512983799,0.34275579794484656,0.347963659639845,0.064138306676011,0.06779910249169915,0.21863858904453023,0.21877954902925661,0.5343035320440929,0.5592952966690063,1.0709950236215566,1.0013894393341616
CMUMOSI,69,0.7,text,1,72,1,0.11060813116879824,0.09443417593138292,0.0208173110052788,0.020944452728144825,0.1314254421094271,0.11554138434075867,0.11060813116879824,0.09443417593138292,0.2925324790267041,0.28081556782126427,0.6073851498464743,0.6302679777145386,0.2925324790267041,0.28081556782126427
CMUMOSI,69,0.7,text,8+,4,9.5,0.3998472522944212,0.4257947305450216,0.0953079090686515,0.10007266455795616,0.4951551619624297,0.5048095303063747,0.04312753625721302,0.03951760075894845,0.2791373153946225,0.28477015772174735,0.6575611531734467,0.6573718190193176,2.6687798141501844,2.422188454074785
CMUMOSI,69,0.7,audio,2-3,61,2.360655737704918,0.24715291467098305,0.1986734438687563,0.026418816004345407,0.027463480830192566,0.2735717315732681,0.21511581300364924,0.10708418182832764,0.09224107442423701,0.23057300490874266,0.22670365730300546,0.5036246419930067,0.519168496131897,0.5446413175630398,0.5433083749376237
CMUMOSI,69,0.7,visual,2-3,63,2.4126984126984126,0.2197424336872433,0.1884225239045918,0.030918432691592782,0.031916698440909386,0.25066086638104484,0.21983291535434546,0.09278882337794467,0.07509083005910118,0.238516030512829,0.23989722474167743,0.6193699070385524,0.6476370096206665,0.5731985345464348,0.5694265025667846
CMUMOSI,69,0.7,text,4-7,19,4.421052631578948,0.23903481034856094,0.18557033385150135,0.05460201393763878,0.0560725515242666,0.2936368247215126,0.2511355480646671,0.05506740334288528,0.04346848593559116,0.2963047289327318,0.2886582617647946,0.6560035473422,0.6555626392364502,1.3098005869205256,1.2446839200565591
CMUMOSI,69,0.7,audio,1,64,1,0.16207335119543131,0.12434715055860579,0.02108722108823713,0.021170983789488673,0.18316057206075698,0.14560061564770876,0.16207335119543131,0.12434715055860579,0.22481892181167495,0.2579172358382493,0.4429417927749455,0.45385807752609253,0.22481892181167495,0.2579172358382493
CMUMOSI,69,0.7,visual,1,72,1,0.14007939952878384,0.1129020897205919,0.02092526060813624,0.021009944728575647,0.16100466003110292,0.13401283178791346,0.14007939952878384,0.1129020897205919,0.22387217348053431,0.253195125143975,0.5109475201202763,0.6063234508037567,0.22387217348053431,0.253195125143975
CMUMOSI,69,0.7,audio,8+,2,8.5,0.3647249339846894,0.3647249339846894,0.045212733559310436,0.045212733559310436,0.40993766805695486,0.40993766805695486,0.04206356191813635,0.04206356191813635,0.18275676912485828,0.18275676912485828,0.5317294299602509,0.5317294299602509,1.5481165046803653,1.5481165046803653
CMUMOSI,69,0.7,visual,8+,3,8,0.3933574117254466,0.3745890320278704,0.04826123740834495,0.04284691601060331,0.4416186465289987,0.41481302868487546,0.04916967646568082,0.0468236290034838,0.23432598828609721,0.21484090975718573,0.658357580502828,0.6547589898109436,1.8746079062887777,1.7187272780574858
CMUMOSI,70,0.1,audio,1,53,1,0.30705101639120225,0.21638821624219418,0.02044507847518994,0.020583046600222588,0.32749609496645377,0.23664848861699284,0.30705101639120225,0.21638821624219418,0.31486389876062154,0.3279399238526821,0.47680476139176564,0.47846701741218567,0.31486389876062154,0.3279399238526821
CMUMOSI,70,0.1,visual,1,60,1,0.23655301745748147,0.17894409922882915,0.020572733937297017,0.020620509167201817,0.25712575172663793,0.19981833762176393,0.23655301745748147,0.17894409922882915,0.37070582778348277,0.39961076248437166,0.53622760673364,0.5258703827857971,0.37070582778348277,0.39961076248437166
CMUMOSI,70,0.1,text,1,51,1,0.10816280482172527,0.08917794213630259,0.02047645189689801,0.02048195293173194,0.12863925695976422,0.10949396900832653,0.10816280482172527,0.08917794213630259,0.4015160306338586,0.4132648967206478,0.5385087769405514,0.5184264779090881,0.4015160306338586,0.4132648967206478
CMUMOSI,70,0.1,audio,2-3,8,2.25,0.286351426912006,0.18933564564213157,0.02569091206532903,0.026262996369041502,0.312042337647199,0.2172247896328372,0.12244802390341647,0.08838919166009873,0.30373117059934884,0.3281222257452706,0.4799291081726551,0.4869651347398758,0.6913861010689288,0.6600825227797031
CMUMOSI,70,0.1,visual,2-3,2,2,0.0824636515462771,0.0824636515462771,0.025273123057559133,0.025273123057559133,0.10773677506040258,0.10773677506040258,0.04123182577313855,0.04123182577313855,0.37707185302861035,0.37707185302861035,0.5709057152271271,0.5709057152271271,0.7541437060572207,0.7541437060572207
CMUMOSI,70,0.1,text,2-3,8,2,0.1025520302937366,0.06506922864355147,0.03134905529441312,0.032311689807102084,0.13390108520206923,0.09843192030166392,0.0512760151468683,0.032534614321775734,0.39549396809889004,0.4007497145794332,0.5597736835479736,0.563257247209549,0.7909879361977801,0.8014994291588664
CMUMOSI,70,0.3,text,1,102,1,0.11256681916112189,0.08953096263576299,0.020483365038172434,0.02056600956711918,0.13305018415137645,0.11013716876277613,0.11256681916112189,0.08953096263576299,0.3812486413574102,0.3991617187857628,0.515336301981234,0.5082670152187347,0.3812486413574102,0.3991617187857628
CMUMOSI,70,0.3,visual,1,93,1,0.20976498990159442,0.15050131641328335,0.020612974673689853,0.020625051809474826,0.23037796422196513,0.17155745002764888,0.20976498990159442,0.15050131641328335,0.3298888068335752,0.3799184337258339,0.5327544827615062,0.506913423538208,0.3298888068335752,0.3799184337258339
CMUMOSI,70,0.3,audio,2-3,41,2.2195121951219514,0.3563172221893626,0.291542487218976,0.024413091193021434,0.02437130850739777,0.3807303125686303,0.31274129816665663,0.16392212841097584,0.145771243609488,0.2834570726211281,0.2935458472929895,0.48545083330898753,0.48342299461364746,0.63336789804772,0.6150341723114252
CMUMOSI,70,0.3,audio,1,93,1,0.23098657718078502,0.16814955603331327,0.020593154582104856,0.02075405023060739,0.2515797318331068,0.18904404356908344,0.23098657718078502,0.16814955603331327,0.27927944465960947,0.3146939631551504,0.47416545691028716,0.47478777170181274,0.27927944465960947,0.3146939631551504
CMUMOSI,70,0.3,audio,4-7,7,4.285714285714286,0.40140159900433253,0.4678740408271551,0.015293949915628349,0.009561731712892652,0.4166955464004007,0.46684970159549266,0.09453692091296294,0.1110222227871418,0.28001211943504,0.2901331000030041,0.486561690058027,0.47654515504837036,1.1996545079496823,1.2269743480719626
CMUMOSI,70,0.3,text,2-3,34,2.3823529411764706,0.20611794333329753,0.12894798628985882,0.03332287966109374,0.034282679203897715,0.23944082294121258,0.16802156678113533,0.09116520202038444,0.057344572618603706,0.3884523364203964,0.3906507378754517,0.5754313293625327,0.5861884951591492,0.9263752072173006,0.8183183297514915
CMUMOSI,70,0.3,visual,2-3,30,2.2333333333333334,0.351720469041417,0.3688896431121975,0.021693088742904366,0.021906940615735948,0.3734135583071293,0.38532564896013355,0.16077618767610855,0.15251835392943275,0.3375735934978972,0.3174474185798317,0.5491682559251785,0.544914573431015,0.7579129503419002,0.7618163144215941
CMUMOSI,70,0.3,visual,4-7,2,4.5,0.5800214700866491,0.5800214700866491,0.015806369367055595,0.015806369367055595,0.5958278341022378,0.5958278341022378,0.13100652988650835,0.13100652988650835,0.35352817199309355,0.35352817199309355,0.5266304016113281,0.5266304016113281,1.6074591825017706,1.6074591825017706
CMUMOSI,70,0.3,text,4-7,2,5,0.12157092452980578,0.12157092452980578,0.04975078417919576,0.04975078417919576,0.1713217105334479,0.1713217105334479,0.023269734791635223,0.023269734791635223,0.3984997509202609,0.3984997509202609,0.592610239982605,0.592610239982605,2.008423729799688,2.008423729799688
CMUMOSI,70,0.5,text,1,87,1,0.11703027352615762,0.07504048780538142,0.0206856536893067,0.0206896485760808,0.13771592694215595,0.0955545404140139,0.11703027352615762,0.07504048780538142,0.3629917225896798,0.38277798146009445,0.5122210379989668,0.5046125054359436,0.3629917225896798,0.38277798146009445
CMUMOSI,70,0.5,text,2-3,57,2.3157894736842106,0.19553403459538363,0.17241757782176137,0.03232096627828453,0.03196176583878696,0.22785500035752193,0.20339923875508248,0.08538359682190053,0.07528460677713156,0.36910286341243753,0.3722105463966727,0.5482687348859352,0.5559989213943481,0.8533518051957352,0.8198982737958431
CMUMOSI,70,0.5,visual,1,95,1,0.19256816616919087,0.11933176964521408,0.020710128222249057,0.02081691287457943,0.21327829469310497,0.13970758146751905,0.19256816616919087,0.11933176964521408,0.30197432515162387,0.34959196485579014,0.521594529716592,0.5044230222702026,0.30197432515162387,0.34959196485579014
CMUMOSI,70,0.5,audio,1,82,1,0.1980365335986745,0.12182860122993588,0.020780533532294015,0.020921198069117963,0.2188170675770091,0.14250221254224016,0.1980365335986745,0.12182860122993588,0.26676077839475487,0.29725085478276014,0.4634150902672512,0.4632682651281357,0.26676077839475487,0.29725085478276014
CMUMOSI,70,0.5,visual,4-7,20,4.6,0.31239715848350896,0.24502946168649942,0.03763524024980143,0.03998944477643818,0.35003239919406043,0.274048408944509,0.06616301161267552,0.056342099379980935,0.3155208480872569,0.31054624400400954,0.5769003331661224,0.5783992111682892,1.4531847311882302,1.3762282957322896
CMUMOSI,70,0.5,audio,4-7,10,4.7,0.3194617814850062,0.30508144409395754,0.029494890151545404,0.02643155527766794,0.3489566723341341,0.33623372625424963,0.07105330802788515,0.05886806010468198,0.27515067995243175,0.27987607786781155,0.4881812959909439,0.4909278303384781,1.3045806624693796,1.1437487526563928
CMUMOSI,70,0.5,visual,2-3,51,2.235294117647059,0.25065464143842164,0.20048371516168118,0.02672433730342663,0.02600287809036672,0.27737897806846556,0.23156883470801404,0.11528946070481408,0.09507469274103642,0.30839721110399837,0.29506377212237567,0.5556513170401255,0.5520191788673401,0.6900846857312775,0.6046645315364003
CMUMOSI,70,0.5,text,4-7,18,4.666666666666667,0.26066278357110506,0.23672167281620204,0.049458266882639795,0.05618852598126978,0.3101210502247543,0.29366116104938556,0.058168797639060625,0.05794971144059673,0.3702114969535075,0.36590090568643063,0.5873405751254823,0.5892027616500854,1.7222060424068735,1.6449826154857874
CMUMOSI,70,0.5,audio,2-3,66,2.3333333333333335,0.2817130340457273,0.24773636751342565,0.026225762593447034,0.028564567561261356,0.3079387963053278,0.2816643761825617,0.12342356437684338,0.10711291391635314,0.2680611286360554,0.2610642591413731,0.4801634373989972,0.4800141751766205,0.6292003915860374,0.592443810775876
CMUMOSI,70,0.5,text,8+,1,8,0.30844151973724365,0.30844151973724365,0.09844887792132795,0.09844887792132795,0.40689040144206956,0.40689040144206956,0.03855518996715546,0.03855518996715546,0.3766213764902204,0.3766213764902204,0.5312138795852661,0.5312138795852661,3.0129710119217634,3.0129710119217634
CMUMOSI,70,0.7,text,4-7,26,4.846153846153846,0.3023603396006645,0.286442281678319,0.052144554416792326,0.04847638797946274,0.35450489406828356,0.3336309903097572,0.06691296796632962,0.06482698533218353,0.3669239850697745,0.36383756599389017,0.5545251942597903,0.5441705286502838,1.7759681499849718,1.6403716681525111
CMUMOSI,70,0.7,text,1,63,1,0.16188785596750677,0.12970929499715567,0.020701808404059163,0.020713483914732933,0.18258966422009898,0.15017120752600022,0.16188785596750677,0.12970929499715567,0.35806946982703514,0.3353127408772707,0.4882099637909541,0.4891883432865143,0.35806946982703514,0.3353127408772707
CMUMOSI,70,0.7,visual,2-3,68,2.411764705882353,0.2752877871047103,0.25946606567595154,0.03009494026328492,0.03220904537010938,0.3053827278593564,0.2963185611879453,0.116469997970853,0.09823605616111308,0.2995366552175826,0.29338247003033757,0.543540515443858,0.5394320487976074,0.7225987979002051,0.7389683064538985
CMUMOSI,70,0.7,text,2-3,77,2.3896103896103895,0.2550747011449527,0.20304339192807674,0.03291556569626676,0.03327021817676723,0.28799026618028845,0.23121645623177756,0.10972444729292886,0.09107499802485108,0.368277077536901,0.36819497123360634,0.5473801706518445,0.5316634774208069,0.8781331967586627,0.8224364295601845
CMUMOSI,70,0.7,visual,1,74,1,0.22613470471854247,0.17122090398333967,0.02071283188510082,0.0207934130448848,0.24684753675115348,0.19205351023265393,0.22613470471854247,0.17122090398333967,0.3303523545335928,0.3973615765571594,0.5149818473571056,0.507102906703949,0.3303523545335928,0.3973615765571594
CMUMOSI,70,0.7,audio,1,60,1,0.2103406833911625,0.12820853886660188,0.02091954674106091,0.02094485447742045,0.23126023056206577,0.14934718258518842,0.2103406833911625,0.12820853886660188,0.2743636665652351,0.30785342399030924,0.45946324716011683,0.4616445451974869,0.2743636665652351,0.30785342399030924
CMUMOSI,70,0.7,audio,2-3,63,2.4126984126984126,0.26153094140768407,0.19966599415056407,0.030102027003609,0.03186780773103237,0.2916329678154152,0.23310985632633674,0.11153360447543303,0.09142490856659909,0.24453891417234594,0.24330686032772064,0.47489095349160454,0.4761306643486023,0.5878872217532868,0.527203508419916
CMUMOSI,70,0.7,audio,4-7,26,4.538461538461538,0.3402882074319328,0.3269478394649923,0.038313624704292476,0.03845938725862652,0.37860183174377826,0.356385548313483,0.0755762847379765,0.07123389141634107,0.2476934364469357,0.25343888002680615,0.4801669246875323,0.4740806519985199,1.1240269250523012,1.116376548889093
CMUMOSI,70,0.7,visual,4-7,23,4.695652173913044,0.30079326369678194,0.3058350454084575,0.0425126569284855,0.04041543183848262,0.3433059200087487,0.3354586125278729,0.06690067044193192,0.06899642280768603,0.2930762594855703,0.28869986825156957,0.5811141340628915,0.6003432273864746,1.3683939394237392,1.2971789799630642
CMUMOSI,70,0.7,visual,8+,1,8,0.5674320049583912,0.5674320049583912,0.021423871628940105,0.021423871628940105,0.5888558711012593,0.5888558711012593,0.0709290006197989,0.0709290006197989,0.3386125539254863,0.3386125539254863,0.5418186783790588,0.5418186783790588,2.7089004314038903,2.7089004314038903
CMUMOSI,70,0.7,audio,8+,3,9.333333333333334,0.6133713099018981,0.6176093202084303,0.008434801284844676,0.026287005515769124,0.6218061156350814,0.6438963284017518,0.06637576768795649,0.06178682057652622,0.2603844564640894,0.26090989890508354,0.49919208884239197,0.4972606897354126,2.4299046320375055,2.582389185205102
CMUMOSI,70,0.7,text,8+,1,8,0.21143807377666235,0.21143807377666235,0.08578920341096818,0.08578920341096818,0.2972272791521391,0.2972272791521391,0.026429759222082794,0.026429759222082794,0.3826213924912736,0.3826213924912736,0.5785937309265137,0.5785937309265137,3.0609711399301887,3.0609711399301887
