seed,rate,conversation,utterance,pattern,label,on,off
66,0.0,f9O3YtZ2VfI,0,ATV,-1.2000000476837158,-1.2449307441711426,-1.244930624961853
66,0.0,wMbj6ajWbic,0,ATV,0.5,0.6129103899002075,0.6129103302955627
66,0.0,vvZ4IcEtiZc,0,ATV,2.0,1.7037239074707031,1.7037237882614136
66,0.0,d3_k5Xpfmik,0,ATV,2.0,1.702601671218872,1.702601671218872
66,0.0,vyB00TXsimI,0,ATV,0.0,1.1226191520690918,1.1226190328598022
66,0.0,fvVhgmXxadc,0,ATV,-0.4000000059604645,1.6583969593048096,1.6583970785140991
66,0.0,ob23OKe5a9Q,0,ATV,1.2000000476837158,1.7314379215240479,1.7314380407333374
66,0.0,zhpQhgha_KU,0,ATV,-1.600000023841858,-1.554230809211731,-1.5542306900024414
66,0.0,phBUpBr1hSo,0,ATV,1.399999976158142,2.085193634033203,2.0851938724517822
66,0.0,yDtzw_Y-7RU,0,ATV,0.800000011920929,0.5868470072746277,0.5868469476699829
66,0.0,nzpVDcQ0ywM,0,ATV,0.0,1.6190519332885742,1.6190516948699951
66,0.0,jUzDDGyPkXU,0,ATV,2.799999952316284,1.8068872690200806,1.8068873882293701
66,0.0,rnaNMUZpvvg,0,ATV,-2.5999999046325684,-1.5189664363861084,-1.518966555595398
66,0.0,yvsjCA6Y5Fc,0,ATV,-2.0,-0.1943410038948059,-0.19434098899364471
66,0.0,pLTX3ipuDJI,0,ATV,-2.4000000953674316,-1.009582757949829,-1.009582757949829
66,0.0,cW1FSBF59ik,0,ATV,-2.5999999046325684,-1.5179033279418945,-1.5179033279418945
66,0.0,tmZoasNr4rU,0,ATV,0.0,0.6753764748573303,0.6753764152526855
66,0.0,d6hH302o4v8,0,ATV,-2.799999952316284,-1.9461982250213623,-1.9461981058120728
66,0.0,dq3Nf_lMPnE,0,ATV,0.0,0.8723231554031372,0.8723231554031372
66,0.0,k5Y_838nuGo,0,ATV,-1.600000023841858,-1.0053184032440186,-1.0053184032440186
66,0.0,iiK8YX8oH1E,0,ATV,-2.5999999046325684,-0.7292275428771973,-0.729227602481842
66,0.0,tStelxIAHjw,0,ATV,0.0,1.133152961730957,1.133152961730957
66,0.0,nbWiPyCm4g0,0,ATV,1.2000000476837158,1.6199723482131958,1.6199722290039062
66,0.0,etzxEpPuc6I,0,ATV,0.4000000059604645,0.021459899842739105,0.021459925919771194
66,0.0,v0zCBqDeKcE,0,ATV,2.5999999046325684,0.7630569934844971,0.7630571126937866
66,0.0,f_pcplsH_V0,0,ATV,0.25,1.4976296424865723,1.4976296424865723
66,0.0,tIrG4oNLFzE,0,ATV,2.799999952316284,1.8463046550750732,1.8463046550750732
66,0.0,cM3Yna7AavY,0,ATV,2.200000047683716,-0.9042462110519409,-0.9042461514472961
66,0.0,lXPQBPVc5Cw,0,ATV,0.20000000298023224,1.686282753944397,1.6862826347351074
66,0.0,cXypl4FnoZo,0,ATV,1.0,-0.1762833297252655,-0.1762833446264267
66,0.0,c7UH_rxdZv4,0,ATV,-2.799999952316284,-1.4458881616592407,-1.4458882808685303
66,0.0,f9O3YtZ2VfI,1,ATV,1.25,1.6324163675308228,1.6413707733154297
66,0.0,wMbj6ajWbic,1,ATV,-0.800000011920929,-0.9753869771957397,-0.9657310843467712
66,0.0,vvZ4IcEtiZc,1,ATV,2.4000000953674316,2.013087272644043,2.01888108253479
66,0.0,d3_k5Xpfmik,1,ATV,0.0,0.6682329177856445,0.6765689253807068
66,0.0,vyB00TXsimI,1,ATV,-2.4000000953674316,-0.989319920539856,-0.9803247451782227
66,0.0,fvVhgmXxadc,1,ATV,-2.799999952316284,-1.2952442169189453,-1.2889431715011597
66,0.0,ob23OKe5a9Q,1,ATV,1.0,0.9947758913040161,1.0029106140136719
66,0.0,zhpQhgha_KU,1,ATV,1.600000023841858,1.766747236251831,1.7755792140960693
66,0.0,phBUpBr1hSo,1,ATV,2.200000047683716,1.7304140329360962,1.735711932182312
66,0.0,yDtzw_Y-7RU,1,ATV,0.800000011920929,0.08383806049823761,0.09516946226358414
66,0.0,nzpVDcQ0ywM,1,ATV,-1.600000023841858,0.0650731548666954,0.07489337772130966
66,0.0,jUzDDGyPkXU,1,ATV,2.5999999046325684,1.998600959777832,2.004208564758301
66,0.0,rnaNMUZpvvg,1,ATV,2.25,1.4306917190551758,1.4404572248458862
66,0.0,yvsjCA6Y5Fc,1,ATV,-1.2000000476837158,-1.4282417297363281,-1.4237446784973145
66,0.0,pLTX3ipuDJI,1,ATV,-1.7999999523162842,-0.43146222829818726,-0.41940948367118835
66,0.0,cW1FSBF59ik,1,ATV,3.0,1.4372234344482422,1.4472947120666504
66,0.0,tmZoasNr4rU,1,ATV,-2.0,-1.0828866958618164,-1.0738986730575562
66,0.0,d6hH302o4v8,1,ATV,-1.7999999523162842,-1.4196481704711914,-1.4161168336868286
66,0.0,dq3Nf_lMPnE,1,ATV,-1.399999976158142,-1.2309802770614624,-1.2235510349273682
66,0.0,k5Y_838nuGo,1,ATV,1.2000000476837158,-0.9240138530731201,-0.9149073362350464
66,0.0,iiK8YX8oH1E,1,ATV,1.2000000476837158,1.1256978511810303,1.1351313591003418
66,0.0,tStelxIAHjw,1,ATV,-2.0,-0.22009195387363434,-0.20972704887390137
66,0.0,nbWiPyCm4g0,1,ATV,-2.4000000953674316,1.3222510814666748,1.328637957572937
66,0.0,etzxEpPuc6I,1,ATV,1.2000000476837158,0.06179390847682953,0.07384848594665527
66,0.0,v0zCBqDeKcE,1,ATV,-0.4000000059604645,1.3937275409698486,1.4017584323883057
66,0.0,f_pcplsH_V0,1,ATV,1.399999976158142,0.8453546762466431,0.8535401821136475
66,0.0,tIrG4oNLFzE,1,ATV,2.4000000953674316,1.7923331260681152,1.7979551553726196
66,0.0,cM3Yna7AavY,1,ATV,2.5,1.0419219732284546,1.0521823167800903
66,0.0,lXPQBPVc5Cw,1,ATV,-2.200000047683716,-0.5878557562828064,-0.5790005326271057
66,0.0,cXypl4FnoZo,1,ATV,1.0,1.253343105316162,1.2621911764144897
66,0.0,c7UH_rxdZv4,1,ATV,-2.5999999046325684,-1.6622529029846191,-1.6610437631607056
66,0.0,f9O3YtZ2VfI,2,ATV,0.6000000238418579,1.0811634063720703,1.0894801616668701
66,0.0,wMbj6ajWbic,2,ATV,0.0,-0.12090951204299927,-0.10802248120307922
66,0.0,vvZ4IcEtiZc,2,ATV,1.399999976158142,-0.621269702911377,-0.6140998005867004
66,0.0,d3_k5Xpfmik,2,ATV,2.0,1.722874402999878,1.7296183109283447
66,0.0,vyB00TXsimI,2,ATV,2.200000047683716,1.802636981010437,1.8113372325897217
66,0.0,fvVhgmXxadc,2,ATV,-2.200000047683716,-1.277534008026123,-1.2723056077957153
66,0.0,ob23OKe5a9Q,2,ATV,-1.2000000476837158,-1.1111023426055908,-1.1033552885055542
66,0.0,zhpQhgha_KU,2,ATV,-1.600000023841858,-1.3371641635894775,-1.3314536809921265
66,0.0,phBUpBr1hSo,2,ATV,2.799999952316284,1.8296194076538086,1.8349725008010864
66,0.0,yDtzw_Y-7RU,2,ATV,0.75,-0.13688784837722778,-0.12399062514305115
66,0.0,nzpVDcQ0ywM,2,ATV,0.800000011920929,0.7948800921440125,0.8049120306968689
66,0.0,jUzDDGyPkXU,2,ATV,0.0,1.0572059154510498,1.0624308586120605
66,0.0,rnaNMUZpvvg,2,ATV,-0.800000011920929,-0.1295427680015564,-0.11749721318483353
66,0.0,yvsjCA6Y5Fc,2,ATV,-2.0,-1.3584635257720947,-1.3546862602233887
66,0.0,pLTX3ipuDJI,2,ATV,-1.2000000476837158,-0.7282074689865112,-0.7186357378959656
66,0.0,cW1FSBF59ik,2,ATV,-1.0,-0.8032321929931641,-0.7930334210395813
66,0.0,tmZoasNr4rU,2,ATV,-2.0,-0.7619998455047607,-0.7516267895698547
66,0.0,d6hH302o4v8,2,ATV,0.20000000298023224,-1.0869324207305908,-1.081386685371399
66,0.0,dq3Nf_lMPnE,2,ATV,-1.2000000476837158,-1.559242606163025,-1.5572187900543213
66,0.0,k5Y_838nuGo,2,ATV,0.800000011920929,0.9502695798873901,0.9619495868682861
66,0.0,iiK8YX8oH1E,2,ATV,-1.25,-0.35237348079681396,-0.33940330147743225
66,0.0,tStelxIAHjw,2,ATV,0.5,0.22247348725795746,0.23491550981998444
66,0.0,nbWiPyCm4g0,2,ATV,-1.7999999523162842,-1.0658107995986938,-1.0588657855987549
66,0.0,etzxEpPuc6I,2,ATV,-1.600000023841858,-0.995276689529419,-0.9864802360534668
66,0.0,v0zCBqDeKcE,2,ATV,0.6000000238418579,0.6185616254806519,0.6273168325424194
66,0.0,f_pcplsH_V0,2,ATV,0.800000011920929,-0.07075193524360657,-0.060658372938632965
66,0.0,tIrG4oNLFzE,2,ATV,2.5999999046325684,1.727403163909912,1.7328091859817505
66,0.0,cM3Yna7AavY,2,ATV,1.0,0.06423062831163406,0.07444404065608978
66,0.0,lXPQBPVc5Cw,2,ATV,-2.4000000953674316,-1.32039213180542,-1.3142273426055908
66,0.0,cXypl4FnoZo,2,ATV,1.7999999523162842,1.4764792919158936,1.4843511581420898
66,0.0,c7UH_rxdZv4,2,ATV,-0.800000011920929,-0.247158020734787,-0.23514306545257568
66,0.0,f9O3YtZ2VfI,3,ATV,-2.4000000953674316,-1.3337205648422241,-1.3278402090072632
66,0.0,wMbj6ajWbic,3,ATV,1.0,-1.134404182434082,-1.1277323961257935
66,0.0,vvZ4IcEtiZc,3,ATV,2.200000047683716,1.667072057723999,1.6753672361373901
66,0.0,d3_k5Xpfmik,3,ATV,-1.0,-0.35676109790802,-0.3479952812194824
66,0.0,vyB00TXsimI,3,ATV,1.7999999523162842,1.7145953178405762,1.721267580986023
66,0.0,fvVhgmXxadc,3,ATV,-2.799999952316284,-1.2730486392974854,-1.268664002418518
66,0.0,ob23OKe5a9Q,3,ATV,-1.5,-0.8812952637672424,-0.8722183704376221
66,0.0,zhpQhgha_KU,3,ATV,-1.600000023841858,-1.0088648796081543,-1.0014880895614624
66,0.0,phBUpBr1hSo,3,ATV,-0.800000011920929,-0.3839811086654663,-0.37596237659454346
66,0.0,yDtzw_Y-7RU,3,ATV,-1.0,-0.7698497772216797,-0.7590577006340027
66,0.0,nzpVDcQ0ywM,3,ATV,-1.600000023841858,-1.4277552366256714,-1.4228655099868774
66,0.0,jUzDDGyPkXU,3,ATV,-1.600000023841858,0.8405011892318726,0.8470154404640198
66,0.0,rnaNMUZpvvg,3,ATV,-2.4000000953674316,-1.6214048862457275,-1.619824767112732
66,0.0,yvsjCA6Y5Fc,3,ATV,-0.20000000298023224,0.013162367045879364,0.02600039169192314
66,0.0,pLTX3ipuDJI,3,ATV,-2.200000047683716,-0.3329949378967285,-0.3215102553367615
66,0.0,cW1FSBF59ik,3,ATV,1.600000023841858,1.1288691759109497,1.1395289897918701
66,0.0,tmZoasNr4rU,3,ATV,-0.800000011920929,-1.0350151062011719,-1.0280414819717407
66,0.0,d6hH302o4v8,3,ATV,-1.600000023841858,-0.7883458137512207,-0.7807556986808777
66,0.0,dq3Nf_lMPnE,3,ATV,-0.4000000059604645,-0.14849767088890076,-0.1358262002468109
66,0.0,k5Y_838nuGo,3,ATV,1.0,1.0286450386047363,1.037829875946045
66,0.0,iiK8YX8oH1E,3,ATV,-2.0,-0.685672402381897,-0.6750237941741943
66,0.0,tStelxIAHjw,3,ATV,-2.799999952316284,-1.0088119506835938,-1.0001577138900757
66,0.0,nbWiPyCm4g0,3,ATV,-2.200000047683716,-1.2940950393676758,-1.2891011238098145
66,0.0,etzxEpPuc6I,3,ATV,0.800000011920929,0.3464187979698181,0.35922083258628845
66,0.0,v0zCBqDeKcE,3,ATV,0.0,0.1016632542014122,0.11133044213056564
66,0.0,f_pcplsH_V0,3,ATV,0.5,0.34449708461761475,0.3554513156414032
66,0.0,tIrG4oNLFzE,3,ATV,1.399999976158142,-0.3329046368598938,-0.32460638880729675
66,0.0,cM3Yna7AavY,3,ATV,0.6000000238418579,0.6605544090270996,0.6703065633773804
66,0.0,lXPQBPVc5Cw,3,ATV,-1.2000000476837158,-1.0604126453399658,-1.0534003973007202
66,0.0,cXypl4FnoZo,3,ATV,-0.800000011920929,-0.3385609984397888,-0.32958969473838806
66,0.0,c7UH_rxdZv4,3,ATV,1.600000023841858,1.6325063705444336,1.6412500143051147
66,0.0,f9O3YtZ2VfI,4,ATV,-1.7999999523162842,-0.8643853068351746,-0.8556265830993652
66,0.0,wMbj6ajWbic,4,ATV,0.20000000298023224,1.5899546146392822,1.5995343923568726
66,0.0,vvZ4IcEtiZc,4,ATV,1.2000000476837158,1.914716124534607,1.9207948446273804
66,0.0,d3_k5Xpfmik,4,ATV,2.200000047683716,1.9185580015182495,1.926952600479126
66,0.0,vyB00TXsimI,4,ATV,1.7999999523162842,1.6753838062286377,1.6810179948806763
66,0.0,fvVhgmXxadc,4,ATV,0.0,-0.6772422790527344,-0.6681503057479858
66,0.0,ob23OKe5a9Q,4,ATV,-1.7999999523162842,-1.673134684562683,-1.6725577116012573
66,0.0,zhpQhgha_KU,4,ATV,-2.200000047683716,-1.3585362434387207,-1.3547245264053345
66,0.0,phBUpBr1hSo,4,ATV,-1.399999976158142,-1.2339365482330322,-1.2273463010787964
66,0.0,yDtzw_Y-7RU,4,ATV,0.5,-1.2574377059936523,-1.2523486614227295
66,0.0,nzpVDcQ0ywM,4,ATV,-0.4000000059604645,-0.9701398611068726,-0.9630129933357239
66,0.0,jUzDDGyPkXU,4,ATV,-1.2000000476837158,-0.9828768372535706,-0.9746909737586975
66,0.0,rnaNMUZpvvg,4,ATV,-2.799999952316284,-1.6326072216033936,-1.631646990776062
66,0.0,yvsjCA6Y5Fc,4,ATV,0.4000000059604645,-0.1714649498462677,-0.15908770263195038
66,0.0,pLTX3ipuDJI,4,ATV,-2.0,-0.9127435684204102,-0.9051222801208496
66,0.0,cW1FSBF59ik,4,ATV,2.0,1.6728379726409912,1.6808282136917114
66,0.0,tmZoasNr4rU,4,ATV,-0.800000011920929,-0.7526060342788696,-0.743793249130249
66,0.0,d6hH302o4v8,4,ATV,-1.3333333730697632,-0.7860414981842041,-0.7779840230941772
66,0.0,dq3Nf_lMPnE,4,ATV,1.2000000476837158,-1.3194260597229004,-1.314521074295044
66,0.0,k5Y_838nuGo,4,ATV,-1.3333333730697632,-1.0459332466125488,-1.037917137145996
66,0.0,iiK8YX8oH1E,4,ATV,-0.4000000059604645,-0.16885659098625183,-0.15674549341201782
66,0.0,tStelxIAHjw,4,ATV,-2.200000047683716,-1.165815830230713,-1.16028892993927
66,0.0,nbWiPyCm4g0,4,ATV,-1.399999976158142,-1.0620213747024536,-1.0560154914855957
66,0.0,etzxEpPuc6I,4,ATV,0.0,0.24380046129226685,0.25592130422592163
66,0.0,v0zCBqDeKcE,4,ATV,2.0,1.5638694763183594,1.572253704071045
66,0.0,f_pcplsH_V0,4,ATV,1.2000000476837158,-0.09068476408720016,-0.07818161696195602
66,0.0,tIrG4oNLFzE,4,ATV,0.4000000059604645,-0.0743059292435646,-0.06244050711393356
66,0.0,cM3Yna7AavY,4,ATV,2.799999952316284,1.8063044548034668,1.8140405416488647
66,0.0,lXPQBPVc5Cw,4,ATV,-1.0,-0.44331201910972595,-0.4322807490825653
66,0.0,cXypl4FnoZo,4,ATV,1.7999999523162842,1.7074832916259766,1.715747594833374
66,0.0,c7UH_rxdZv4,4,ATV,-2.200000047683716,0.10854452848434448,0.11840565502643585
66,0.0,f9O3YtZ2VfI,5,ATV,-2.5999999046325684,-1.0333731174468994,-1.026671290397644
66,0.0,wMbj6ajWbic,5,ATV,1.7999999523162842,0.5289803147315979,0.5387705564498901
66,0.0,vvZ4IcEtiZc,5,ATV,1.0,1.476743459701538,1.4822256565093994
66,0.0,d3_k5Xpfmik,5,ATV,1.600000023841858,1.7997219562530518,1.805853247642517
66,0.0,vyB00TXsimI,5,ATV,2.0,0.5348182320594788,0.5424010753631592
66,0.0,fvVhgmXxadc,5,ATV,-0.20000000298023224,-1.1439738273620605,-1.138607144355774
66,0.0,ob23OKe5a9Q,5,ATV,0.0,-1.361923098564148,-1.3586480617523193
66,0.0,zhpQhgha_KU,5,ATV,1.0,1.0379447937011719,1.0503287315368652
66,0.0,phBUpBr1hSo,5,ATV,1.600000023841858,1.2985773086547852,1.3081241846084595
66,0.0,yDtzw_Y-7RU,5,ATV,-1.2000000476837158,-0.4113590121269226,-0.3998372554779053
66,0.0,nzpVDcQ0ywM,5,ATV,-1.399999976158142,-1.7447863817214966,-1.7449085712432861
66,0.0,jUzDDGyPkXU,5,ATV,-1.600000023841858,-1.3345586061477661,-1.3296101093292236
66,0.0,rnaNMUZpvvg,5,ATV,-2.5999999046325684,-1.3378818035125732,-1.3344203233718872
66,0.0,yvsjCA6Y5Fc,5,ATV,0.0,-1.5138646364212036,-1.5113059282302856
66,0.0,pLTX3ipuDJI,5,ATV,-1.399999976158142,-1.1004688739776611,-1.0943728685379028
66,0.0,cW1FSBF59ik,5,ATV,1.2000000476837158,1.641011118888855,1.64696204662323
66,0.0,tmZoasNr4rU,5,ATV,-1.7999999523162842,-0.7202584743499756,-0.7109820246696472
66,0.0,d6hH302o4v8,5,ATV,-2.0,-1.2714431285858154,-1.2671269178390503
66,0.0,dq3Nf_lMPnE,5,ATV,0.800000011920929,-1.1480273008346558,-1.1427481174468994
66,0.0,k5Y_838nuGo,5,ATV,2.0,1.182950735092163,1.193299412727356
66,0.0,iiK8YX8oH1E,5,ATV,0.20000000298023224,1.455651879310608,1.4646257162094116
66,0.0,tStelxIAHjw,5,ATV,1.600000023841858,1.3013908863067627,1.312337875366211
66,0.0,nbWiPyCm4g0,5,ATV,0.0,-0.9245196580886841,-0.917716383934021
66,0.0,etzxEpPuc6I,5,ATV,0.4000000059604645,0.6096137166023254,0.6197304725646973
66,0.0,v0zCBqDeKcE,5,ATV,0.800000011920929,1.1591360569000244,1.1667674779891968
66,0.0,f_pcplsH_V0,5,ATV,1.600000023841858,0.7549271583557129,0.7652506828308105
66,0.0,tIrG4oNLFzE,5,ATV,1.25,0.7407952547073364,0.7510421872138977
66,0.0,cM3Yna7AavY,5,ATV,2.799999952316284,1.4648622274398804,1.4704488515853882
66,0.0,lXPQBPVc5Cw,5,ATV,-1.399999976158142,-1.7516863346099854,-1.7519315481185913
66,0.0,cXypl4FnoZo,5,ATV,-0.6000000238418579,0.23687636852264404,0.24652399122714996
66,0.0,c7UH_rxdZv4,5,ATV,-2.5999999046325684,-1.3839144706726074,-1.378544569015503
66,0.0,f9O3YtZ2VfI,6,ATV,-1.2000000476837158,-0.8853868842124939,-0.8773602247238159
66,0.0,wMbj6ajWbic,6,ATV,-1.2000000476837158,-1.209315538406372,-1.2020741701126099
66,0.0,vvZ4IcEtiZc,6,ATV,1.399999976158142,0.6266810894012451,0.6342676877975464
66,0.0,d3_k5Xpfmik,6,ATV,0.4000000059604645,-0.30034738779067993,-0.2917868494987488
66,0.0,vyB00TXsimI,6,ATV,2.4000000953674316,1.7180001735687256,1.7258613109588623
66,0.0,fvVhgmXxadc,6,ATV,-1.0,-0.6619477272033691,-0.6526926159858704
66,0.0,ob23OKe5a9Q,6,ATV,0.6000000238418579,1.129530668258667,1.1430187225341797
66,0.0,zhpQhgha_KU,6,ATV,1.0,0.945828914642334,0.9550328254699707
66,0.0,phBUpBr1hSo,6,ATV,-1.0,-0.3219136595726013,-0.31064197421073914
66,0.0,yDtzw_Y-7RU,6,ATV,-0.20000000298023224,-0.8355014324188232,-0.8271512389183044
66,0.0,nzpVDcQ0ywM,6,ATV,-1.0,-1.0268805027008057,-1.0208081007003784
66,0.0,jUzDDGyPkXU,6,ATV,-0.6000000238418579,-0.9115517735481262,-0.904003381729126
66,0.0,rnaNMUZpvvg,6,ATV,-0.4000000059604645,-1.197741150856018,-1.193432092666626
66,0.0,yvsjCA6Y5Fc,6,ATV,-1.7999999523162842,-0.7113628387451172,-0.7019315958023071
66,0.0,pLTX3ipuDJI,6,ATV,0.800000011920929,0.363311231136322,0.3763268291950226
66,0.0,cW1FSBF59ik,6,ATV,0.5,1.1494923830032349,1.1561017036437988
66,0.0,tmZoasNr4rU,6,ATV,-1.0,-0.7983560562133789,-0.7897949814796448
66,0.0,d6hH302o4v8,6,ATV,-2.799999952316284,-1.4488162994384766,-1.446238398551941
66,0.0,dq3Nf_lMPnE,6,ATV,-2.0,-1.787466287612915,-1.787996530532837
66,0.0,k5Y_838nuGo,6,ATV,-2.4000000953674316,-1.2006139755249023,-1.1935646533966064
66,0.0,iiK8YX8oH1E,6,ATV,-1.600000023841858,-0.38891687989234924,-0.3769262433052063
66,0.0,tStelxIAHjw,6,ATV,1.399999976158142,1.1694579124450684,1.1782491207122803
66,0.0,nbWiPyCm4g0,6,ATV,-1.2000000476837158,-1.447666883468628,-1.4452155828475952
66,0.0,etzxEpPuc6I,6,ATV,-1.2000000476837158,-0.44838035106658936,-0.43704551458358765
66,0.0,v0zCBqDeKcE,6,ATV,1.399999976158142,0.2312210500240326,0.24068081378936768
66,0.0,f_pcplsH_V0,6,ATV,0.0,-0.7344470024108887,-0.72392737865448
66,0.0,tIrG4oNLFzE,6,ATV,-1.399999976158142,-0.8383989334106445,-0.8286226391792297
66,0.0,cM3Yna7AavY,6,ATV,3.0,1.889984130859375,1.895574688911438
66,0.0,lXPQBPVc5Cw,6,ATV,-2.799999952316284,-1.468008279800415,-1.465649962425232
66,0.0,cXypl4FnoZo,6,ATV,-1.0,-0.39713573455810547,-0.38551345467567444
66,0.0,c7UH_rxdZv4,6,ATV,-3.0,-1.4566032886505127,-1.453568935394287
66,0.0,f9O3YtZ2VfI,7,ATV,-1.7999999523162842,-0.24005523324012756,-0.227994903922081
66,0.0,wMbj6ajWbic,7,ATV,-0.20000000298023224,-0.24334199726581573,-0.23105506598949432
66,0.0,vvZ4IcEtiZc,7,ATV,-1.5,-0.6076363325119019,-0.5979945659637451
66,0.0,d3_k5Xpfmik,7,ATV,2.200000047683716,1.855412483215332,1.8630619049072266
66,0.0,vyB00TXsimI,7,ATV,2.5999999046325684,1.7063708305358887,1.7122360467910767
66,0.0,fvVhgmXxadc,7,ATV,-0.5,-0.9179575443267822,-0.9107654094696045
66,0.0,ob23OKe5a9Q,7,ATV,0.6000000238418579,1.72365140914917,1.732499122619629
66,0.0,zhpQhgha_KU,7,ATV,-1.0,-1.5927238464355469,-1.5908788442611694
66,0.0,phBUpBr1hSo,7,ATV,-2.200000047683716,-0.39226096868515015,-0.3807801902294159
66,0.0,yDtzw_Y-7RU,7,ATV,-1.5,-0.5070467591285706,-0.4958333373069763
66,0.0,nzpVDcQ0ywM,7,ATV,2.0,1.4516010284423828,1.463523507118225
66,0.0,jUzDDGyPkXU,7,ATV,1.7999999523162842,1.7725239992141724,1.7813818454742432
66,0.0,rnaNMUZpvvg,7,ATV,-1.600000023841858,-1.790324091911316,-1.7909127473831177
66,0.0,yvsjCA6Y5Fc,7,ATV,0.4000000059604645,-0.8439127206802368,-0.8350239396095276
66,0.0,pLTX3ipuDJI,7,ATV,-2.0,-1.1987909078598022,-1.1928071975708008
66,0.0,cW1FSBF59ik,7,ATV,1.7999999523162842,1.6039297580718994,1.610021710395813
66,0.0,tmZoasNr4rU,7,ATV,-2.0,-0.9074745178222656,-0.8997814059257507
66,0.0,d6hH302o4v8,7,ATV,-2.200000047683716,-1.462573766708374,-1.460202932357788
66,0.0,dq3Nf_lMPnE,7,ATV,0.6000000238418579,0.0649438351392746,0.07891828566789627
66,0.0,k5Y_838nuGo,7,ATV,-1.399999976158142,-0.999884843826294,-0.9928702116012573
66,0.0,iiK8YX8oH1E,7,ATV,-1.0,1.0288594961166382,1.038365364074707
66,0.0,tStelxIAHjw,7,ATV,-2.0,-0.43937018513679504,-0.4288792014122009
66,0.0,nbWiPyCm4g0,7,ATV,-2.200000047683716,-0.635922908782959,-0.6271758675575256
66,0.0,etzxEpPuc6I,7,ATV,-1.0,-0.8860299587249756,-0.876430094242096
66,0.0,v0zCBqDeKcE,7,ATV,1.7999999523162842,1.034688115119934,1.0440526008605957
66,0.0,f_pcplsH_V0,7,ATV,0.800000011920929,1.5298877954483032,1.539481520652771
66,0.0,tIrG4oNLFzE,7,ATV,-1.2000000476837158,-1.2687045335769653,-1.263501524925232
66,0.0,cM3Yna7AavY,7,ATV,-0.6000000238418579,-0.48398590087890625,-0.4773353040218353
66,0.0,lXPQBPVc5Cw,7,ATV,2.5999999046325684,1.6158692836761475,1.628957986831665
66,0.0,cXypl4FnoZo,7,ATV,1.399999976158142,-0.03526443988084793,-0.0227564238011837
66,0.0,c7UH_rxdZv4,7,ATV,-2.799999952316284,-1.4447746276855469,-1.4419775009155273
66,0.0,f9O3YtZ2VfI,8,ATV,-2.200000047683716,-1.3412277698516846,-1.3370922803878784
66,0.0,wMbj6ajWbic,8,ATV,-2.0,-1.3488928079605103,-1.3445178270339966
66,0.0,vvZ4IcEtiZc,8,ATV,2.200000047683716,1.7203090190887451,1.7285951375961304
66,0.0,d3_k5Xpfmik,8,ATV,1.399999976158142,0.5503877401351929,0.5584873557090759
66,0.0,vyB00TXsimI,8,ATV,-0.25,-0.24836933612823486,-0.2397346794605255
66,0.0,fvVhgmXxadc,8,ATV,-0.4000000059604645,-0.6746311187744141,-0.6651192307472229
66,0.0,ob23OKe5a9Q,8,ATV,-1.399999976158142,-1.3530046939849854,-1.3476548194885254
66,0.0,zhpQhgha_KU,8,ATV,-1.0,-1.15723717212677,-1.151766061782837
66,0.0,phBUpBr1hSo,8,ATV,-2.0,-0.3503915071487427,-0.3386398255825043
66,0.0,yDtzw_Y-7RU,8,ATV,-1.0,-1.1911835670471191,-1.1857049465179443
66,0.0,nzpVDcQ0ywM,8,ATV,-2.200000047683716,-1.3414409160614014,-1.3354099988937378
66,0.0,jUzDDGyPkXU,8,ATV,2.799999952316284,1.9585257768630981,1.9647940397262573
66,0.0,rnaNMUZpvvg,8,ATV,-1.399999976158142,-1.6339248418807983,-1.6330280303955078
66,0.0,yvsjCA6Y5Fc,8,ATV,-1.399999976158142,-1.0174663066864014,-1.0106805562973022
66,0.0,pLTX3ipuDJI,8,ATV,0.0,-0.5211282968521118,-0.510733962059021
66,0.0,cW1FSBF59ik,8,ATV,-2.4000000953674316,-0.6343585252761841,-0.6260301470756531
66,0.0,tmZoasNr4rU,8,ATV,-0.6000000238418579,-1.438568353652954,-1.435732126235962
66,0.0,d6hH302o4v8,8,ATV,-2.4000000953674316,-0.9414485692977905,-0.9350700974464417
66,0.0,dq3Nf_lMPnE,8,ATV,-0.800000011920929,-1.1190882921218872,-1.1125849485397339
66,0.0,k5Y_838nuGo,8,ATV,1.7999999523162842,1.6106897592544556,1.620654821395874
66,0.0,iiK8YX8oH1E,8,ATV,0.4000000059604645,0.6720783710479736,0.6817712783813477
66,0.0,tStelxIAHjw,8,ATV,-1.399999976158142,-0.7028611898422241,-0.6921961307525635
66,0.0,nbWiPyCm4g0,8,ATV,-1.399999976158142,-1.0347137451171875,-1.0284044742584229
66,0.0,etzxEpPuc6I,8,ATV,-2.799999952316284,-1.3468751907348633,-1.3424618244171143
66,0.0,v0zCBqDeKcE,8,ATV,1.7999999523162842,1.723860263824463,1.7306263446807861
66,0.0,f_pcplsH_V0,8,ATV,-2.4000000953674316,-0.3793516159057617,-0.36871445178985596
66,0.0,tIrG4oNLFzE,8,ATV,-1.0,-0.828667163848877,-0.8202732801437378
66,0.0,cM3Yna7AavY,8,ATV,-0.20000000298023224,-1.415968894958496,-1.411221981048584
66,0.0,lXPQBPVc5Cw,8,ATV,-2.5999999046325684,-0.9681238532066345,-0.9584360718727112
66,0.0,cXypl4FnoZo,8,ATV,1.2000000476837158,0.4759608507156372,0.4882555305957794
66,0.0,c7UH_rxdZv4,8,ATV,-0.4000000059604645,0.3483602702617645,0.3616269528865814
66,0.0,f9O3YtZ2VfI,9,ATV,-2.0,-0.7430778741836548,-0.7336172461509705
66,0.0,wMbj6ajWbic,9,ATV,-1.7999999523162842,-0.32205474376678467,-0.3102268874645233
66,0.0,vvZ4IcEtiZc,9,ATV,-2.0,-0.6190484166145325,-0.610170841217041
66,0.0,d3_k5Xpfmik,9,ATV,0.4000000059604645,0.8089499473571777,0.817693829536438
66,0.0,vyB00TXsimI,9,ATV,1.3333333730697632,0.8970302939414978,0.9064970016479492
66,0.0,fvVhgmXxadc,9,ATV,0.0,-0.7603121399879456,-0.751616358757019
66,0.0,ob23OKe5a9Q,9,ATV,1.25,1.814150094985962,1.822593092918396
66,0.0,zhpQhgha_KU,9,ATV,0.6000000238418579,0.4436471164226532,0.45688650012016296
66,0.0,phBUpBr1hSo,9,ATV,-1.399999976158142,-1.0038939714431763,-0.996645450592041
66,0.0,yDtzw_Y-7RU,9,ATV,-0.6000000238418579,-0.4385279417037964,-0.4279208481311798
66,0.0,nzpVDcQ0ywM,9,ATV,-1.0,-1.1948840618133545,-1.189581274986267
66,0.0,jUzDDGyPkXU,9,ATV,2.4000000953674316,1.6728341579437256,1.678221583366394
66,0.0,rnaNMUZpvvg,9,ATV,-2.5999999046325684,-1.0810363292694092,-1.0760464668273926
66,0.0,yvsjCA6Y5Fc,9,ATV,-2.0,-0.9251973032951355,-0.9182766675949097
66,0.0,pLTX3ipuDJI,9,ATV,-1.600000023841858,-1.2649998664855957,-1.2605671882629395
66,0.0,cW1FSBF59ik,9,ATV,-1.0,1.623182773590088,1.631996512413025
66,0.0,tmZoasNr4rU,9,ATV,-1.7999999523162842,-0.7151280641555786,-0.7064470648765564
66,0.0,d6hH302o4v8,9,ATV,-1.2000000476837158,-0.9652105569839478,-0.9588104486465454
66,0.0,dq3Nf_lMPnE,9,ATV,1.0,0.6660469174385071,0.6795142292976379
66,0.0,k5Y_838nuGo,9,ATV,2.0,1.3800280094146729,1.3882150650024414
66,0.0,iiK8YX8oH1E,9,ATV,0.0,-0.5361391305923462,-0.5245903730392456
66,0.0,tStelxIAHjw,9,ATV,-0.4000000059604645,-1.2256903648376465,-1.2204631567001343
66,0.0,nbWiPyCm4g0,9,ATV,1.2000000476837158,1.2490962743759155,1.2613461017608643
66,0.0,etzxEpPuc6I,9,ATV,-1.399999976158142,-1.1814765930175781,-1.1757466793060303
66,0.0,v0zCBqDeKcE,9,ATV,2.200000047683716,1.7723791599273682,1.777930736541748
66,0.0,f_pcplsH_V0,9,ATV,1.2000000476837158,1.1674306392669678,1.176781415939331
66,0.0,tIrG4oNLFzE,9,ATV,-1.7999999523162842,-1.1610946655273438,-1.155364751815796
66,0.0,cM3Yna7AavY,9,ATV,1.600000023841858,1.439525842666626,1.4501638412475586
66,0.0,lXPQBPVc5Cw,9,ATV,-2.200000047683716,-1.6396706104278564,-1.638701319694519
66,0.0,cXypl4FnoZo,9,ATV,2.0,1.7980496883392334,1.806441068649292
66,0.0,c7UH_rxdZv4,9,ATV,0.800000011920929,-0.4615873098373413,-0.4501742720603943
66,0.0,f9O3YtZ2VfI,10,ATV,-0.800000011920929,-0.9663779735565186,-0.9589763283729553
66,0.0,wMbj6ajWbic,10,ATV,0.4000000059604645,-0.8344845771789551,-0.8253786563873291
66,0.0,vvZ4IcEtiZc,10,ATV,1.600000023841858,-0.035539425909519196,-0.02315666154026985
66,0.0,d3_k5Xpfmik,10,ATV,2.4000000953674316,1.2178378105163574,1.226169228553772
66,0.0,vyB00TXsimI,10,ATV,-0.20000000298023224,0.41433942317962646,0.4240691065788269
66,0.0,fvVhgmXxadc,10,ATV,-0.20000000298023224,-0.02337772399187088,-0.010733824223279953
66,0.0,ob23OKe5a9Q,10,ATV,0.800000011920929,1.6849555969238281,1.6919478178024292
66,0.0,zhpQhgha_KU,10,ATV,-2.4000000953674316,-1.5962157249450684,-1.594770908355713
66,0.0,phBUpBr1hSo,10,ATV,2.0,1.4341425895690918,1.4436579942703247
66,0.0,yDtzw_Y-7RU,10,ATV,-1.399999976158142,-1.1682488918304443,-1.1622893810272217
66,0.0,nzpVDcQ0ywM,10,ATV,0.0,-0.6477895379066467,-0.6383565664291382
66,0.0,jUzDDGyPkXU,10,ATV,2.4000000953674316,1.0561611652374268,1.0620325803756714
66,0.0,rnaNMUZpvvg,10,ATV,-2.5999999046325684,-1.5815904140472412,-1.5802171230316162
66,0.0,yvsjCA6Y5Fc,10,ATV,2.0,-0.034277260303497314,-0.02181745320558548
66,0.0,pLTX3ipuDJI,10,ATV,0.6000000238418579,0.3187788426876068,0.33173301815986633
66,0.0,cW1FSBF59ik,10,ATV,-1.0,-1.0240588188171387,-1.016353726387024
66,0.0,tmZoasNr4rU,10,ATV,-0.6000000238418579,0.3491910398006439,0.36236661672592163
66,0.0,d6hH302o4v8,10,ATV,-1.0,-1.3498700857162476,-1.3465006351470947
66,0.0,dq3Nf_lMPnE,10,ATV,-0.6000000238418579,-0.6903282403945923,-0.6794459819793701
66,0.0,k5Y_838nuGo,10,ATV,0.5,1.201122522354126,1.2091126441955566
66,0.0,iiK8YX8oH1E,10,ATV,1.0,0.912429690361023,0.9226471781730652
66,0.0,tStelxIAHjw,10,ATV,-2.799999952316284,-1.3786892890930176,-1.3752553462982178
66,0.0,etzxEpPuc6I,10,ATV,-1.600000023841858,-1.0351600646972656,-1.0279499292373657
66,0.0,v0zCBqDeKcE,10,ATV,1.600000023841858,0.7127093076705933,0.7192624807357788
66,0.0,f_pcplsH_V0,10,ATV,-0.4000000059604645,-1.312265157699585,-1.3063201904296875
66,0.0,tIrG4oNLFzE,10,ATV,-1.600000023841858,-0.20803232491016388,-0.1960878223180771
66,0.0,cM3Yna7AavY,10,ATV,2.0,1.4466865062713623,1.4542735815048218
66,0.0,lXPQBPVc5Cw,10,ATV,-1.7999999523162842,-1.267656683921814,-1.2636581659317017
66,0.0,cXypl4FnoZo,10,ATV,1.399999976158142,1.202283263206482,1.2098249197006226
66,0.0,c7UH_rxdZv4,10,ATV,1.0,0.4607822299003601,0.4733993411064148
66,0.0,f9O3YtZ2VfI,11,ATV,-1.7999999523162842,-0.40851011872291565,-0.3971864879131317
66,0.0,wMbj6ajWbic,11,ATV,1.600000023841858,0.8202389478683472,0.833148181438446
66,0.0,vvZ4IcEtiZc,11,ATV,0.20000000298023224,0.09336302429437637,0.10566738247871399
66,0.0,d3_k5Xpfmik,11,ATV,2.0,1.5102810859680176,1.517743468284607
66,0.0,vyB00TXsimI,11,ATV,0.20000000298023224,0.657683253288269,0.6673855781555176
66,0.0,fvVhgmXxadc,11,ATV,0.0,0.04289162904024124,0.05554988235235214
66,0.0,ob23OKe5a9Q,11,ATV,2.799999952316284,1.9065086841583252,1.9123725891113281
66,0.0,zhpQhgha_KU,11,ATV,-1.399999976158142,-1.4547024965286255,-1.4521758556365967
66,0.0,phBUpBr1hSo,11,ATV,1.7999999523162842,-0.0703793317079544,-0.059218525886535645
66,0.0,yDtzw_Y-7RU,11,ATV,-0.6666666865348816,-0.6775614619255066,-0.6679607033729553
66,0.0,nzpVDcQ0ywM,11,ATV,-1.399999976158142,-1.2531969547271729,-1.248448133468628
66,0.0,jUzDDGyPkXU,11,ATV,0.5,1.2194640636444092,1.2266350984573364
66,0.0,rnaNMUZpvvg,11,ATV,-1.0,-1.5917022228240967,-1.5904476642608643
66,0.0,yvsjCA6Y5Fc,11,ATV,-0.6000000238418579,-0.7135233283042908,-0.7041419744491577
66,0.0,pLTX3ipuDJI,11,ATV,-2.0,-0.5369874238967896,-0.5260342359542847
66,0.0,cW1FSBF59ik,11,ATV,2.200000047683716,-0.18809038400650024,-0.1755491942167282
66,0.0,tmZoasNr4rU,11,ATV,-2.200000047683716,-1.3994863033294678,-1.3955727815628052
66,0.0,d6hH302o4v8,11,ATV,1.399999976158142,1.5725117921829224,1.584291934967041
66,0.0,dq3Nf_lMPnE,11,ATV,-1.600000023841858,-1.799086570739746,-1.79976224899292
66,0.0,k5Y_838nuGo,11,ATV,0.20000000298023224,0.9765214920043945,0.9849250316619873
66,0.0,iiK8YX8oH1E,11,ATV,1.7999999523162842,1.834128499031067,1.8418834209442139
66,0.0,tStelxIAHjw,11,ATV,-1.0,-0.4581056535243988,-0.4470210373401642
66,0.0,etzxEpPuc6I,11,ATV,0.6666666865348816,-0.9481741189956665,-0.9407027363777161
66,0.0,v0zCBqDeKcE,11,ATV,-0.4000000059604645,-0.7991998195648193,-0.7906268835067749
66,0.0,f_pcplsH_V0,11,ATV,-0.800000011920929,-0.8621312379837036,-0.8541991114616394
66,0.0,tIrG4oNLFzE,11,ATV,-2.5999999046325684,-1.5890758037567139,-1.587664008140564
66,0.0,cM3Yna7AavY,11,ATV,-1.0,-0.8509202003479004,-0.8433354496955872
66,0.0,lXPQBPVc5Cw,11,ATV,-2.0,-1.4417009353637695,-1.4388797283172607
66,0.0,cXypl4FnoZo,11,ATV,2.0,1.390129804611206,1.3975850343704224
66,0.0,c7UH_rxdZv4,11,ATV,-2.799999952316284,-1.5700997114181519,-1.5677841901779175
66,0.0,f9O3YtZ2VfI,12,ATV,-1.600000023841858,-0.972278356552124,-0.9644807577133179
66,0.0,wMbj6ajWbic,12,ATV,2.0,1.3998031616210938,1.4084572792053223
66,0.0,d3_k5Xpfmik,12,ATV,2.200000047683716,1.6120655536651611,1.618481993675232
66,0.0,vyB00TXsimI,12,ATV,2.4000000953674316,-0.13830894231796265,-0.12649275362491608
66,0.0,fvVhgmXxadc,12,ATV,0.20000000298023224,-0.5237122774124146,-0.5128394365310669
66,0.0,ob23OKe5a9Q,12,ATV,1.25,-0.3990084230899811,-0.39091548323631287
66,0.0,zhpQhgha_KU,12,ATV,-1.0,-1.0667963027954102,-1.0610295534133911
66,0.0,phBUpBr1hSo,12,ATV,0.800000011920929,1.4770433902740479,1.4855647087097168
66,0.0,yDtzw_Y-7RU,12,ATV,-1.7999999523162842,-1.3138595819473267,-1.3097113370895386
66,0.0,nzpVDcQ0ywM,12,ATV,-1.0,-0.25415098667144775,-0.24247731268405914
66,0.0,jUzDDGyPkXU,12,ATV,-0.6000000238418579,-0.8483188152313232,-0.8403504490852356
66,0.0,rnaNMUZpvvg,12,ATV,-2.0,-1.0166898965835571,-1.0110421180725098
66,0.0,yvsjCA6Y5Fc,12,ATV,-2.0,-1.6299333572387695,-1.6290583610534668
66,0.0,pLTX3ipuDJI,12,ATV,-1.399999976158142,-0.029249735176563263,-0.01691334694623947
66,0.0,cW1FSBF59ik,12,ATV,2.0,0.5574407577514648,0.5695220828056335
66,0.0,tmZoasNr4rU,12,ATV,-0.800000011920929,-0.44395408034324646,-0.43272465467453003
66,0.0,d6hH302o4v8,12,ATV,-2.0,-1.3411762714385986,-1.3352100849151611
66,0.0,dq3Nf_lMPnE,12,ATV,-1.2000000476837158,-0.37204623222351074,-0.3611735999584198
66,0.0,k5Y_838nuGo,12,ATV,0.6000000238418579,0.30559253692626953,0.31539690494537354
66,0.0,iiK8YX8oH1E,12,ATV,-2.0,0.3478969931602478,0.3566732704639435
66,0.0,tStelxIAHjw,12,ATV,-1.600000023841858,-1.426530122756958,-1.4235059022903442
66,0.0,etzxEpPuc6I,12,ATV,-2.200000047683716,-1.1879260540008545,-1.1823829412460327
66,0.0,v0zCBqDeKcE,12,ATV,1.7999999523162842,0.9435827732086182,0.9535265564918518
66,0.0,f_pcplsH_V0,12,ATV,1.600000023841858,0.8273928165435791,0.8405208587646484
66,0.0,tIrG4oNLFzE,12,ATV,-2.0,-1.4046039581298828,-1.4014307260513306
66,0.0,cM3Yna7AavY,12,ATV,-1.600000023841858,-1.1681841611862183,-1.1610934734344482
66,0.0,lXPQBPVc5Cw,12,ATV,2.799999952316284,1.4949915409088135,1.5091136693954468
66,0.0,cXypl4FnoZo,12,ATV,-1.0,-0.366915762424469,-0.35756149888038635
66,0.0,c7UH_rxdZv4,12,ATV,-2.5999999046325684,-1.2555192708969116,-1.2510210275650024
66,0.0,f9O3YtZ2VfI,13,ATV,1.2000000476837158,0.9571670293807983,0.9690297245979309
66,0.0,wMbj6ajWbic,13,ATV,-0.800000011920929,-0.979074239730835,-0.9700183272361755
66,0.0,d3_k5Xpfmik,13,ATV,2.0,0.4362550973892212,0.4447469413280487
66,0.0,vyB00TXsimI,13,ATV,2.0,1.6455789804458618,1.6540595293045044
66,0.0,fvVhgmXxadc,13,ATV,0.0,-0.30379751324653625,-0.2919005751609802
66,0.0,ob23OKe5a9Q,13,ATV,0.800000011920929,1.5453550815582275,1.5541064739227295
66,0.0,zhpQhgha_KU,13,ATV,-1.5,-1.4547337293624878,-1.4521561861038208
66,0.0,phBUpBr1hSo,13,ATV,-1.2000000476837158,-0.2061271369457245,-0.1962069720029831
66,0.0,yDtzw_Y-7RU,13,ATV,2.200000047683716,1.44673490524292,1.4574583768844604
66,0.0,nzpVDcQ0ywM,13,ATV,0.20000000298023224,-0.5595124363899231,-0.5486849546432495
66,0.0,jUzDDGyPkXU,13,ATV,0.800000011920929,1.0621111392974854,1.0714993476867676
66,0.0,rnaNMUZpvvg,13,ATV,-2.5999999046325684,-1.5445537567138672,-1.5428643226623535
66,0.0,yvsjCA6Y5Fc,13,ATV,-1.0,-1.3333709239959717,-1.3299471139907837
66,0.0,pLTX3ipuDJI,13,ATV,-2.0,-1.169025182723999,-1.1630984544754028
66,0.0,cW1FSBF59ik,13,ATV,-1.2000000476837158,-1.3032276630401611,-1.2972921133041382
66,0.0,tmZoasNr4rU,13,ATV,-2.0,-1.2547410726547241,-1.2497444152832031
66,0.0,d6hH302o4v8,13,ATV,-1.7999999523162842,-1.4124819040298462,-1.4092836380004883
66,0.0,dq3Nf_lMPnE,13,ATV,-1.7999999523162842,-0.3549548387527466,-0.3428311049938202
66,0.0,k5Y_838nuGo,13,ATV,-1.7999999523162842,-0.08228707313537598,-0.0707782655954361
66,0.0,iiK8YX8oH1E,13,ATV,-1.2000000476837158,-0.5899001359939575,-0.5780457258224487
66,0.0,tStelxIAHjw,13,ATV,-1.7999999523162842,-0.6066550016403198,-0.5968741178512573
66,0.0,etzxEpPuc6I,13,ATV,-1.2000000476837158,-0.774478018283844,-0.7656902074813843
66,0.0,v0zCBqDeKcE,13,ATV,1.5,0.8236602544784546,0.8332394361495972
66,0.0,f_pcplsH_V0,13,ATV,-1.0,-0.9190418720245361,-0.9100091457366943
66,0.0,tIrG4oNLFzE,13,ATV,-2.4000000953674316,-0.9986966848373413,-0.9921642541885376
66,0.0,cM3Yna7AavY,13,ATV,-2.5999999046325684,-0.01236184686422348,0.0008104462176561356
66,0.0,lXPQBPVc5Cw,13,ATV,-2.200000047683716,-1.9082927703857422,-1.9109569787979126
66,0.0,cXypl4FnoZo,13,ATV,-0.6000000238418579,-0.03032642975449562,-0.01804514415562153
66,0.0,c7UH_rxdZv4,13,ATV,1.2000000476837158,1.125502347946167,1.1373409032821655
66,0.0,f9O3YtZ2VfI,14,ATV,-1.2000000476837158,-1.2014259099960327,-1.1944403648376465
66,0.0,wMbj6ajWbic,14,ATV,2.0,-0.31885838508605957,-0.306885689496994
66,0.0,d3_k5Xpfmik,14,ATV,2.5999999046325684,1.736020565032959,1.7436647415161133
66,0.0,vyB00TXsimI,14,ATV,2.5999999046325684,1.3368210792541504,1.3445862531661987
66,0.0,zhpQhgha_KU,14,ATV,-2.0,-1.3302137851715088,-1.326789379119873
66,0.0,phBUpBr1hSo,14,ATV,-2.200000047683716,-0.7915384769439697,-0.7814850807189941
66,0.0,yDtzw_Y-7RU,14,ATV,0.6000000238418579,1.4968326091766357,1.5050193071365356
66,0.0,nzpVDcQ0ywM,14,ATV,-0.6000000238418579,0.5250626802444458,0.5379707217216492
66,0.0,jUzDDGyPkXU,14,ATV,1.3333333730697632,0.007821038365364075,0.018224097788333893
66,0.0,rnaNMUZpvvg,14,ATV,-1.600000023841858,-1.305682897567749,-1.3021390438079834
66,0.0,yvsjCA6Y5Fc,14,ATV,-2.0,-1.3402667045593262,-1.336823582649231
66,0.0,pLTX3ipuDJI,14,ATV,-1.399999976158142,-0.8311773538589478,-0.8230457305908203
66,0.0,cW1FSBF59ik,14,ATV,-2.5999999046325684,-1.3290619850158691,-1.325169324874878
66,0.0,tmZoasNr4rU,14,ATV,0.25,-0.7123068571090698,-0.7032662034034729
66,0.0,d6hH302o4v8,14,ATV,-1.75,-1.3258994817733765,-1.3222817182540894
66,0.0,dq3Nf_lMPnE,14,ATV,1.0,0.8286927938461304,0.8402219414710999
66,0.0,k5Y_838nuGo,14,ATV,-0.800000011920929,1.3461633920669556,1.355061411857605
66,0.0,iiK8YX8oH1E,14,ATV,0.6000000238418579,0.5409126281738281,0.5532522201538086
66,0.0,tStelxIAHjw,14,ATV,0.4000000059604645,0.07202327251434326,0.08477997034788132
66,0.0,etzxEpPuc6I,14,ATV,0.20000000298023224,0.6748322248458862,0.6872929930686951
66,0.0,v0zCBqDeKcE,14,ATV,2.4000000953674316,1.5303328037261963,1.5379173755645752
66,0.0,f_pcplsH_V0,14,ATV,-1.0,-1.5322911739349365,-1.5303442478179932
66,0.0,tIrG4oNLFzE,14,ATV,-2.0,0.8591095209121704,0.8719612956047058
66,0.0,cM3Yna7AavY,14,ATV,-2.4000000953674316,-1.1819381713867188,-1.1752084493637085
66,0.0,lXPQBPVc5Cw,14,ATV,-2.799999952316284,-1.7764849662780762,-1.776759386062622
66,0.0,cXypl4FnoZo,14,ATV,0.0,-0.705276608467102,-0.694922685623169
66,0.0,c7UH_rxdZv4,14,ATV,-2.4000000953674316,-1.5935732126235962,-1.5913281440734863
66,0.0,f9O3YtZ2VfI,15,ATV,-1.0,1.0490301847457886,1.0601646900177002
66,0.0,wMbj6ajWbic,15,ATV,-0.4000000059604645,-1.0921311378479004,-1.0858311653137207
66,0.0,d3_k5Xpfmik,15,ATV,2.0,1.9387476444244385,1.944759488105774
66,0.0,vyB00TXsimI,15,ATV,0.4000000059604645,0.6105459928512573,0.6198965311050415
66,0.0,zhpQhgha_KU,15,ATV,1.7999999523162842,1.7855135202407837,1.7954041957855225
66,0.0,phBUpBr1hSo,15,ATV,-1.600000023841858,0.19054380059242249,0.20331716537475586
66,0.0,yDtzw_Y-7RU,15,ATV,0.6000000238418579,1.3085525035858154,1.3159563541412354
66,0.0,nzpVDcQ0ywM,15,ATV,1.399999976158142,-0.5244652032852173,-0.5124711990356445
66,0.0,jUzDDGyPkXU,15,ATV,1.2000000476837158,1.3655955791473389,1.3745272159576416
66,0.0,rnaNMUZpvvg,15,ATV,-1.7999999523162842,-1.4803051948547363,-1.4781017303466797
66,0.0,yvsjCA6Y5Fc,15,ATV,-1.7999999523162842,-1.6236369609832764,-1.62270987033844
66,0.0,pLTX3ipuDJI,15,ATV,-1.600000023841858,-1.2245442867279053,-1.2197598218917847
66,0.0,cW1FSBF59ik,15,ATV,3.0,1.3724101781845093,1.384144902229309
66,0.0,tmZoasNr4rU,15,ATV,-1.399999976158142,-1.50065279006958,-1.498387336730957
66,0.0,d6hH302o4v8,15,ATV,-2.0,-1.6542651653289795,-1.6535935401916504
66,0.0,k5Y_838nuGo,15,ATV,0.25,-0.724708080291748,-0.7142079472541809
66,0.0,iiK8YX8oH1E,15,ATV,0.0,0.23981139063835144,0.25238245725631714
66,0.0,tStelxIAHjw,15,ATV,0.800000011920929,1.591672420501709,1.600269079208374
66,0.0,etzxEpPuc6I,15,ATV,-2.4000000953674316,-1.5669968128204346,-1.5647083520889282
66,0.0,v0zCBqDeKcE,15,ATV,0.0,0.20320044457912445,0.21257348358631134
66,0.0,tIrG4oNLFzE,15,ATV,-1.600000023841858,-0.6930011510848999,-0.6822019219398499
66,0.0,cM3Yna7AavY,15,ATV,-2.799999952316284,-0.9170651435852051,-0.9089293479919434
66,0.0,lXPQBPVc5Cw,15,ATV,0.20000000298023224,-0.9142463803291321,-0.9068698883056641
66,0.0,cXypl4FnoZo,15,ATV,-0.6000000238418579,-0.8458846211433411,-0.8371552228927612
66,0.0,c7UH_rxdZv4,15,ATV,-2.0,-1.1266651153564453,-1.1206653118133545
66,0.0,f9O3YtZ2VfI,16,ATV,-2.0,-0.641605794429779,-0.6305186748504639
66,0.0,wMbj6ajWbic,16,ATV,2.0,0.9648233652114868,0.9778132438659668
66,0.0,d3_k5Xpfmik,16,ATV,1.600000023841858,0.3019488751888275,0.3094846308231354
66,0.0,vyB00TXsimI,16,ATV,1.399999976158142,1.3305869102478027,1.3390313386917114
66,0.0,zhpQhgha_KU,16,ATV,1.75,1.7258267402648926,1.7327162027359009
66,0.0,phBUpBr1hSo,16,ATV,2.0,0.5026793479919434,0.5147397518157959
66,0.0,yDtzw_Y-7RU,16,ATV,0.20000000298023224,0.5977973937988281,0.6071493625640869
66,0.0,nzpVDcQ0ywM,16,ATV,1.600000023841858,1.0292778015136719,1.040206789970398
66,0.0,jUzDDGyPkXU,16,ATV,-2.799999952316284,-1.6474089622497559,-1.6458206176757812
66,0.0,rnaNMUZpvvg,16,ATV,-1.600000023841858,-1.038936734199524,-1.0332509279251099
66,0.0,yvsjCA6Y5Fc,16,ATV,-0.6000000238418579,-0.058967262506484985,-0.04698596149682999
66,0.0,cW1FSBF59ik,16,ATV,2.4000000953674316,1.8093353509902954,1.816850185394287
66,0.0,tmZoasNr4rU,16,ATV,-1.399999976158142,-1.2920465469360352,-1.2881895303726196
66,0.0,d6hH302o4v8,16,ATV,-2.0,-1.0902013778686523,-1.0850238800048828
66,0.0,k5Y_838nuGo,16,ATV,0.800000011920929,0.19481591880321503,0.20782317221164703
66,0.0,iiK8YX8oH1E,16,ATV,1.600000023841858,2.010355234146118,2.018352508544922
66,0.0,etzxEpPuc6I,16,ATV,-0.4000000059604645,-0.0781870111823082,-0.06557280570268631
66,0.0,tIrG4oNLFzE,16,ATV,-0.4000000059604645,-0.03647448122501373,-0.023624645546078682
66,0.0,lXPQBPVc5Cw,16,ATV,-1.7999999523162842,0.940677285194397,0.9533800482749939
66,0.0,cXypl4FnoZo,16,ATV,-0.6000000238418579,-0.6429482698440552,-0.6330567002296448
66,0.0,c7UH_rxdZv4,16,ATV,-1.399999976158142,1.1047472953796387,1.1169623136520386
66,0.0,f9O3YtZ2VfI,17,ATV,-1.0,-0.8761024475097656,-0.8671725988388062
66,0.0,wMbj6ajWbic,17,ATV,-1.0,0.4801899194717407,0.4912549555301666
66,0.0,d3_k5Xpfmik,17,ATV,0.800000011920929,-0.7417441606521606,-0.7311407923698425
66,0.0,vyB00TXsimI,17,ATV,2.4000000953674316,1.8191802501678467,1.82577645778656
66,0.0,zhpQhgha_KU,17,ATV,0.6000000238418579,-0.4915814697742462,-0.48291730880737305
66,0.0,phBUpBr1hSo,17,ATV,0.800000011920929,1.1706063747406006,1.1795059442520142
66,0.0,yDtzw_Y-7RU,17,ATV,-2.0,-1.1872507333755493,-1.1799067258834839
66,0.0,nzpVDcQ0ywM,17,ATV,1.2000000476837158,1.2572417259216309,1.2660316228866577
66,0.0,jUzDDGyPkXU,17,ATV,-2.4000000953674316,-1.160864233970642,-1.1547995805740356
66,0.0,rnaNMUZpvvg,17,ATV,-2.200000047683716,-1.4210721254348755,-1.417948842048645
66,0.0,yvsjCA6Y5Fc,17,ATV,-2.200000047683716,-1.4889569282531738,-1.4865010976791382
66,0.0,cW1FSBF59ik,17,ATV,2.5999999046325684,1.930395483970642,1.9361072778701782
66,0.0,tmZoasNr4rU,17,ATV,0.0,-1.4293910264968872,-1.4266899824142456
66,0.0,d6hH302o4v8,17,ATV,-2.0,-1.6353620290756226,-1.6344798803329468
66,0.0,k5Y_838nuGo,17,ATV,0.4000000059604645,1.2179951667785645,1.2271455526351929
66,0.0,iiK8YX8oH1E,17,ATV,-1.0,0.930509090423584,0.9382922649383545
66,0.0,etzxEpPuc6I,17,ATV,1.399999976158142,1.4166483879089355,1.4252337217330933
66,0.0,tIrG4oNLFzE,17,ATV,-2.200000047683716,-1.067293405532837,-1.0600216388702393
66,0.0,lXPQBPVc5Cw,17,ATV,-1.399999976158142,-1.1671042442321777,-1.1599185466766357
66,0.0,cXypl4FnoZo,17,ATV,-0.25,-0.9114153385162354,-0.9039489030838013
66,0.0,c7UH_rxdZv4,17,ATV,-2.25,-1.329845666885376,-1.3241825103759766
66,0.0,f9O3YtZ2VfI,18,ATV,-0.6000000238418579,-0.8094069957733154,-0.800263524055481
66,0.0,wMbj6ajWbic,18,ATV,-0.6000000238418579,-0.2308071404695511,-0.2186344712972641
66,0.0,d3_k5Xpfmik,18,ATV,0.20000000298023224,0.6882812976837158,0.7003751993179321
66,0.0,vyB00TXsimI,18,ATV,1.2000000476837158,1.6346806287765503,1.640245795249939
66,0.0,zhpQhgha_KU,18,ATV,-0.800000011920929,-0.23452666401863098,-0.22219644486904144
66,0.0,phBUpBr1hSo,18,ATV,2.0,1.6438380479812622,1.6512986421585083
66,0.0,yDtzw_Y-7RU,18,ATV,-1.600000023841858,-1.3613861799240112,-1.3578213453292847
66,0.0,nzpVDcQ0ywM,18,ATV,-2.0,-0.14214061200618744,-0.13169656693935394
66,0.0,jUzDDGyPkXU,18,ATV,2.200000047683716,-1.47342848777771,-1.4706352949142456
66,0.0,rnaNMUZpvvg,18,ATV,-1.399999976158142,-1.3584704399108887,-1.3552275896072388
66,0.0,yvsjCA6Y5Fc,18,ATV,-1.600000023841858,-1.2438836097717285,-1.239548683166504
66,0.0,cW1FSBF59ik,18,ATV,0.20000000298023224,0.7384856939315796,0.7450323104858398
66,0.0,tmZoasNr4rU,18,ATV,0.20000000298023224,-0.786659836769104,-0.7786923050880432
66,0.0,d6hH302o4v8,18,ATV,-2.799999952316284,-1.2237017154693604,-1.219419240951538
66,0.0,k5Y_838nuGo,18,ATV,-0.6000000238418579,-0.5711190700531006,-0.5603316426277161
66,0.0,etzxEpPuc6I,18,ATV,-0.5,-0.10749158263206482,-0.09752397239208221
66,0.0,lXPQBPVc5Cw,18,ATV,-1.7999999523162842,-1.3017771244049072,-1.2975417375564575
66,0.0,cXypl4FnoZo,18,ATV,0.800000011920929,0.39523783326148987,0.40831249952316284
66,0.0,c7UH_rxdZv4,18,ATV,-1.7999999523162842,-1.5373167991638184,-1.5352977514266968
66,0.0,f9O3YtZ2VfI,19,ATV,-0.4000000059604645,-0.5978552103042603,-0.5867068767547607
66,0.0,wMbj6ajWbic,19,ATV,-0.4000000059604645,0.9602940678596497,0.9705461263656616
66,0.0,vyB00TXsimI,19,ATV,2.200000047683716,1.9181015491485596,1.9236139059066772
66,0.0,zhpQhgha_KU,19,ATV,-1.399999976158142,-0.935645580291748,-0.9269461035728455
66,0.0,phBUpBr1hSo,19,ATV,-1.25,0.2933686077594757,0.3032154440879822
66,0.0,yDtzw_Y-7RU,19,ATV,-0.6000000238418579,-0.4785924553871155,-0.46837663650512695
66,0.0,nzpVDcQ0ywM,19,ATV,0.20000000298023224,0.4211958050727844,0.4327264428138733
66,0.0,jUzDDGyPkXU,19,ATV,-2.200000047683716,-1.4003918170928955,-1.3971807956695557
66,0.0,rnaNMUZpvvg,19,ATV,0.800000011920929,1.2882250547409058,1.3014497756958008
66,0.0,yvsjCA6Y5Fc,19,ATV,0.800000011920929,1.3341267108917236,1.3463082313537598
66,0.0,cW1FSBF59ik,19,ATV,2.5,1.2474281787872314,1.2551097869873047
66,0.0,tmZoasNr4rU,19,ATV,-1.0,-1.3744515180587769,-1.3710232973098755
66,0.0,d6hH302o4v8,19,ATV,1.0,0.4666339159011841,0.4802604615688324
66,0.0,k5Y_838nuGo,19,ATV,0.4000000059604645,-0.630305290222168,-0.6198023557662964
66,0.0,lXPQBPVc5Cw,19,ATV,-1.7999999523162842,-0.9663504958152771,-0.9597187638282776
66,0.0,cXypl4FnoZo,19,ATV,-1.0,-0.5905003547668457,-0.5798366069793701
66,0.0,c7UH_rxdZv4,19,ATV,-1.7999999523162842,-0.9633467197418213,-0.9565410614013672
66,0.0,f9O3YtZ2VfI,20,ATV,2.0,1.5845264196395874,1.5931121110916138
66,0.0,wMbj6ajWbic,20,ATV,1.600000023841858,1.4830286502838135,1.4913350343704224
66,0.0,vyB00TXsimI,20,ATV,1.2000000476837158,1.5954136848449707,1.600701928138733
66,0.0,zhpQhgha_KU,20,ATV,0.6000000238418579,-0.6547824740409851,-0.6449831128120422
66,0.0,phBUpBr1hSo,20,ATV,0.800000011920929,0.49841850996017456,0.5089625716209412
66,0.0,yDtzw_Y-7RU,20,ATV,0.20000000298023224,1.1555612087249756,1.1664071083068848
66,0.0,nzpVDcQ0ywM,20,ATV,-1.399999976158142,-1.0921876430511475,-1.0840874910354614
66,0.0,jUzDDGyPkXU,20,ATV,-1.0,0.9727929830551147,0.9857153296470642
66,0.0,rnaNMUZpvvg,20,ATV,-2.5999999046325684,-1.3330166339874268,-1.3276286125183105
66,0.0,yvsjCA6Y5Fc,20,ATV,-1.7999999523162842,-1.2568917274475098,-1.250523567199707
66,0.0,cW1FSBF59ik,20,ATV,1.600000023841858,1.6880567073822021,1.6946042776107788
66,0.0,d6hH302o4v8,20,ATV,-2.4000000953674316,-1.4164291620254517,-1.4127719402313232
66,0.0,k5Y_838nuGo,20,ATV,-0.20000000298023224,-1.2179056406021118,-1.2131736278533936
66,0.0,lXPQBPVc5Cw,20,ATV,1.7999999523162842,1.5453407764434814,1.5560935735702515
66,0.0,cXypl4FnoZo,20,ATV,-0.6000000238418579,-0.3491326570510864,-0.3374936282634735
66,0.0,c7UH_rxdZv4,20,ATV,-0.800000011920929,0.3152768611907959,0.3286122977733612
66,0.0,f9O3YtZ2VfI,21,ATV,1.399999976158142,1.5907742977142334,1.5978474617004395
66,0.0,wMbj6ajWbic,21,ATV,1.399999976158142,1.5521206855773926,1.5588549375534058
66,0.0,vyB00TXsimI,21,ATV,0.6000000238418579,-0.16263264417648315,-0.15418313443660736
66,0.0,zhpQhgha_KU,21,ATV,0.6000000238418579,-0.25863999128341675,-0.2467319667339325
66,0.0,yDtzw_Y-7RU,21,ATV,2.0,1.7444404363632202,1.7519645690917969
66,0.0,nzpVDcQ0ywM,21,ATV,2.0,1.6727428436279297,1.6814604997634888
66,0.0,jUzDDGyPkXU,21,ATV,-2.4000000953674316,-1.342137098312378,-1.3363265991210938
66,0.0,rnaNMUZpvvg,21,ATV,-2.200000047683716,-1.4153259992599487,-1.4122886657714844
66,0.0,yvsjCA6Y5Fc,21,ATV,-1.600000023841858,-1.0990737676620483,-1.0927537679672241
66,0.0,cW1FSBF59ik,21,ATV,-1.0,1.0478601455688477,1.054718255996704
66,0.0,d6hH302o4v8,21,ATV,-1.0,-1.7849900722503662,-1.7855243682861328
66,0.0,k5Y_838nuGo,21,ATV,0.4000000059604645,1.164130687713623,1.1764006614685059
66,0.0,lXPQBPVc5Cw,21,ATV,2.5999999046325684,1.8671355247497559,1.8746615648269653
66,0.0,cXypl4FnoZo,21,ATV,0.20000000298023224,0.3980610966682434,0.41076987981796265
66,0.0,c7UH_rxdZv4,21,ATV,-2.4000000953674316,-0.6580036878585815,-0.6471361517906189
66,0.0,f9O3YtZ2VfI,22,ATV,1.600000023841858,1.4947190284729004,1.500663161277771
66,0.0,wMbj6ajWbic,22,ATV,1.7999999523162842,1.6085078716278076,1.614479899406433
66,0.0,zhpQhgha_KU,22,ATV,-0.5,0.6033698320388794,0.6157082319259644
66,0.0,yDtzw_Y-7RU,22,ATV,2.200000047683716,1.4403936862945557,1.4468932151794434
66,0.0,nzpVDcQ0ywM,22,ATV,2.0,1.8941792249679565,1.900260090827942
66,0.0,jUzDDGyPkXU,22,ATV,1.2000000476837158,1.5910059213638306,1.5999735593795776
66,0.0,yvsjCA6Y5Fc,22,ATV,-1.2000000476837158,-0.8209721446037292,-0.8126308917999268
66,0.0,cW1FSBF59ik,22,ATV,1.399999976158142,1.40399169921875,1.4111747741699219
66,0.0,d6hH302o4v8,22,ATV,-2.5999999046325684,-1.8906750679016113,-1.892087459564209
66,0.0,k5Y_838nuGo,22,ATV,-0.20000000298023224,0.6005111932754517,0.6109681725502014
66,0.0,lXPQBPVc5Cw,22,ATV,-2.4000000953674316,-0.684383749961853,-0.6755274534225464
66,0.0,cXypl4FnoZo,22,ATV,0.4000000059604645,0.636143147945404,0.6471737623214722
66,0.0,c7UH_rxdZv4,22,ATV,-0.6000000238418579,-1.3814239501953125,-1.3772854804992676
66,0.0,f9O3YtZ2VfI,23,ATV,-2.5999999046325684,-0.7527159452438354,-0.7449281215667725
66,0.0,wMbj6ajWbic,23,ATV,1.399999976158142,1.3998844623565674,1.4060711860656738
66,0.0,zhpQhgha_KU,23,ATV,0.0,-0.8014099597930908,-0.7912168502807617
66,0.0,yDtzw_Y-7RU,23,ATV,-0.800000011920929,-0.14476624131202698,-0.13527141511440277
66,0.0,nzpVDcQ0ywM,23,ATV,1.600000023841858,1.5324758291244507,1.5380908250808716
66,0.0,jUzDDGyPkXU,23,ATV,-1.0,-1.014510989189148,-1.0059144496917725
66,0.0,cW1FSBF59ik,23,ATV,0.0,1.2330291271209717,1.240459680557251
66,0.0,d6hH302o4v8,23,ATV,-2.799999952316284,-1.4603800773620605,-1.4580519199371338
66,0.0,k5Y_838nuGo,23,ATV,0.6000000238418579,-0.23340491950511932,-0.2211626023054123
66,0.0,lXPQBPVc5Cw,23,ATV,-1.399999976158142,-1.2881386280059814,-1.2829053401947021
66,0.0,cXypl4FnoZo,23,ATV,0.20000000298023224,0.18667072057724,0.19849850237369537
66,0.0,c7UH_rxdZv4,23,ATV,-1.7999999523162842,-0.9082981944084167,-0.9005351066589355
66,0.0,f9O3YtZ2VfI,24,ATV,-1.399999976158142,-1.3185834884643555,-1.3132596015930176
66,0.0,wMbj6ajWbic,24,ATV,2.0,0.9509328603744507,0.9580637812614441
66,0.0,zhpQhgha_KU,24,ATV,1.0,0.18939940631389618,0.20225489139556885
66,0.0,jUzDDGyPkXU,24,ATV,-2.0,-1.4422224760055542,-1.4386745691299438
66,0.0,d6hH302o4v8,24,ATV,-1.600000023841858,-1.1662678718566895,-1.161666750907898
66,0.0,k5Y_838nuGo,24,ATV,-0.20000000298023224,-1.073106288909912,-1.0662758350372314
66,0.0,lXPQBPVc5Cw,24,ATV,-2.4000000953674316,-0.48791950941085815,-0.47706735134124756
66,0.0,cXypl4FnoZo,24,ATV,-1.2000000476837158,-0.5538146495819092,-0.5428394675254822
66,0.0,c7UH_rxdZv4,24,ATV,0.0,0.4223991930484772,0.4357680678367615
66,0.0,f9O3YtZ2VfI,25,ATV,1.399999976158142,1.310989260673523,1.321885347366333
66,0.0,wMbj6ajWbic,25,ATV,1.7999999523162842,1.3584269285202026,1.3654950857162476
66,0.0,zhpQhgha_KU,25,ATV,0.0,-0.19645392894744873,-0.18408550322055817
66,0.0,jUzDDGyPkXU,25,ATV,-2.0,-0.6058204174041748,-0.595523476600647
66,0.0,d6hH302o4v8,25,ATV,-2.5999999046325684,-1.2073116302490234,-1.202836275100708
66,0.0,k5Y_838nuGo,25,ATV,2.0,1.2121391296386719,1.2244762182235718
66,0.0,lXPQBPVc5Cw,25,ATV,-2.799999952316284,-1.313865303993225,-1.3099919557571411
66,0.0,cXypl4FnoZo,25,ATV,0.6000000238418579,0.2070445418357849,0.2197989821434021
66,0.0,c7UH_rxdZv4,25,ATV,-2.5999999046325684,-0.5262022614479065,-0.514721155166626
66,0.0,f9O3YtZ2VfI,26,ATV,1.600000023841858,1.7243983745574951,1.7315428256988525
66,0.0,wMbj6ajWbic,26,ATV,0.0,0.1345500648021698,0.14380213618278503
66,0.0,zhpQhgha_KU,26,ATV,0.800000011920929,0.39848822355270386,0.41109272837638855
66,0.0,jUzDDGyPkXU,26,ATV,-2.0,-1.578792691230774,-1.577028512954712
66,0.0,d6hH302o4v8,26,ATV,-2.5999999046325684,-0.8019936084747314,-0.7943764328956604
66,0.0,k5Y_838nuGo,26,ATV,-0.800000011920929,-0.604653000831604,-0.5935338735580444
66,0.0,lXPQBPVc5Cw,26,ATV,-2.799999952316284,-1.0040485858917236,-0.9975289106369019
66,0.0,cXypl4FnoZo,26,ATV,0.800000011920929,0.23152078688144684,0.24410958588123322
66,0.0,c7UH_rxdZv4,26,ATV,-1.7999999523162842,-0.08150900900363922,-0.06876424700021744
66,0.0,f9O3YtZ2VfI,27,ATV,1.2000000476837158,1.3780543804168701,1.3844350576400757
66,0.0,wMbj6ajWbic,27,ATV,2.4000000953674316,1.7501747608184814,1.75770902633667
66,0.0,zhpQhgha_KU,27,ATV,1.399999976158142,1.2441948652267456,1.2530879974365234
66,0.0,d6hH302o4v8,27,ATV,-1.0,-1.275383472442627,-1.2709122896194458
66,0.0,k5Y_838nuGo,27,ATV,2.0,0.8617455959320068,0.8741620779037476
66,0.0,lXPQBPVc5Cw,27,ATV,0.800000011920929,-0.32848039269447327,-0.31722357869148254
66,0.0,cXypl4FnoZo,27,ATV,-2.200000047683716,-0.34245312213897705,-0.3305482566356659
66,0.0,c7UH_rxdZv4,27,ATV,-0.800000011920929,-1.037209153175354,-1.0290461778640747
66,0.0,f9O3YtZ2VfI,28,ATV,-2.0,0.07642382383346558,0.08575423061847687
66,0.0,wMbj6ajWbic,28,ATV,1.7999999523162842,1.831287145614624,1.8372124433517456
66,0.0,zhpQhgha_KU,28,ATV,-1.2000000476837158,-1.3470897674560547,-1.3414862155914307
66,0.0,d6hH302o4v8,28,ATV,-1.7999999523162842,-1.1485986709594727,-1.143747329711914
66,0.0,k5Y_838nuGo,28,ATV,-0.75,-0.6507775783538818,-0.6406508684158325
66,0.0,lXPQBPVc5Cw,28,ATV,-1.2000000476837158,-1.309280514717102,-1.3052724599838257
66,0.0,cXypl4FnoZo,28,ATV,-1.399999976158142,-0.27583956718444824,-0.26372650265693665
66,0.0,c7UH_rxdZv4,28,ATV,0.6000000238418579,1.0514280796051025,1.0621272325515747
66,0.0,f9O3YtZ2VfI,29,ATV,-1.0,-1.093543291091919,-1.0852243900299072
66,0.0,wMbj6ajWbic,29,ATV,0.800000011920929,1.664860486984253,1.67037034034729
66,0.0,zhpQhgha_KU,29,ATV,-2.0,-1.2551695108413696,-1.2502363920211792
66,0.0,d6hH302o4v8,29,ATV,-2.799999952316284,-1.630668044090271,-1.6297565698623657
66,0.0,k5Y_838nuGo,29,ATV,1.600000023841858,1.1562010049819946,1.1660255193710327
66,0.0,lXPQBPVc5Cw,29,ATV,-2.0,-0.985505998134613,-0.9790937900543213
66,0.0,c7UH_rxdZv4,29,ATV,1.2000000476837158,0.07641151547431946,0.08771182596683502
66,0.0,zhpQhgha_KU,30,ATV,-1.0,-0.6093376278877258,-0.5993340611457825
66,0.0,d6hH302o4v8,30,ATV,-1.399999976158142,-1.5888879299163818,-1.5876253843307495
66,0.0,k5Y_838nuGo,30,ATV,-1.0,-0.6480565071105957,-0.6370132565498352
66,0.0,c7UH_rxdZv4,30,ATV,-1.399999976158142,0.22678419947624207,0.23894597589969635
66,0.0,zhpQhgha_KU,31,ATV,0.800000011920929,0.36600401997566223,0.37901437282562256
66,0.0,d6hH302o4v8,31,ATV,-0.6000000238418579,-0.2683600187301636,-0.2579042315483093
66,0.0,c7UH_rxdZv4,31,ATV,-2.200000047683716,0.08389688283205032,0.09534914791584015
66,0.0,zhpQhgha_KU,32,ATV,-0.4000000059604645,0.45433247089385986,0.46598297357559204
66,0.0,d6hH302o4v8,32,ATV,-3.0,-1.6338980197906494,-1.6329550743103027
66,0.0,c7UH_rxdZv4,32,ATV,-1.7999999523162842,-0.49798130989074707,-0.48637476563453674
66,0.0,zhpQhgha_KU,33,ATV,1.2000000476837158,1.772495985031128,1.7806028127670288
66,0.0,d6hH302o4v8,33,ATV,-3.0,-0.7984042167663574,-0.7905861735343933
66,0.0,zhpQhgha_KU,34,ATV,0.6000000238418579,1.12007474899292,1.1273410320281982
66,0.0,d6hH302o4v8,34,ATV,-1.600000023841858,-1.677550196647644,-1.67704176902771
66,0.0,d6hH302o4v8,35,ATV,-2.200000047683716,-1.6048463582992554,-1.6037228107452393
66,0.0,d6hH302o4v8,36,ATV,-2.200000047683716,-1.7076711654663086,-1.707468032836914
66,0.0,d6hH302o4v8,37,ATV,-3.0,-1.6200463771820068,-1.6191028356552124
66,0.0,d6hH302o4v8,38,ATV,-3.0,-1.7277370691299438,-1.7277461290359497
66,0.0,d6hH302o4v8,39,ATV,-1.0,-0.837455153465271,-0.8303921818733215
66,0.0,d6hH302o4v8,40,ATV,-2.4000000953674316,-1.389088749885559,-1.385911464691162
66,0.0,d6hH302o4v8,41,ATV,-1.399999976158142,-1.1764670610427856,-1.1719037294387817
66,0.0,d6hH302o4v8,42,ATV,-2.5,-0.7833260297775269,-0.7754392027854919
66,0.1,f9O3YtZ2VfI,0,ATV,-1.2000000476837158,-1.901548981666565,-1.9015491008758545
66,0.1,wMbj6ajWbic,0,ATV,0.5,1.103493094444275,1.103493094444275
66,0.1,vvZ4IcEtiZc,0,ATV,2.0,1.545333981513977,1.5453342199325562
66,0.1,d3_k5Xpfmik,0,ATV,2.0,1.5250228643417358,1.5250228643417358
66,0.1,vyB00TXsimI,0,ATV,0.0,0.9852757453918457,0.9852758049964905
66,0.1,fvVhgmXxadc,0,T,-0.4000000059604645,1.7798713445663452,1.7798713445663452
66,0.1,ob23OKe5a9Q,0,ATV,1.2000000476837158,1.4961605072021484,1.4961605072021484
66,0.1,zhpQhgha_KU,0,ATV,-1.600000023841858,-1.8052016496658325,-1.805201768875122
66,0.1,phBUpBr1hSo,0,ATV,1.399999976158142,1.858249306678772,1.858249545097351
66,0.1,yDtzw_Y-7RU,0,AT,0.800000011920929,0.9536969065666199,0.9536968469619751
66,0.1,nzpVDcQ0ywM,0,ATV,0.0,1.5073565244674683,1.5073564052581787
66,0.1,jUzDDGyPkXU,0,ATV,2.799999952316284,1.5041006803512573,1.5041006803512573
66,0.1,rnaNMUZpvvg,0,AV,-2.5999999046325684,-0.28622931241989136,-0.2862292528152466
66,0.1,yvsjCA6Y5Fc,0,ATV,-2.0,0.33221811056137085,0.33221811056137085
66,0.1,pLTX3ipuDJI,0,ATV,-2.4000000953674316,-1.5553733110427856,-1.5553733110427856
66,0.1,cW1FSBF59ik,0,ATV,-2.5999999046325684,-1.9253789186477661,-1.925378680229187
66,0.1,tmZoasNr4rU,0,ATV,0.0,0.5200470685958862,0.5200470089912415
66,0.1,d6hH302o4v8,0,AT,-2.799999952316284,-2.344390630722046,-2.344390630722046
66,0.1,dq3Nf_lMPnE,0,ATV,0.0,0.7847111821174622,0.7847111225128174
66,0.1,k5Y_838nuGo,0,ATV,-1.600000023841858,-1.587164282798767,-1.5871645212173462
66,0.1,iiK8YX8oH1E,0,AT,-2.5999999046325684,-1.6050833463668823,-1.6050834655761719
66,0.1,tStelxIAHjw,0,ATV,0.0,1.2094210386276245,1.2094210386276245
66,0.1,nbWiPyCm4g0,0,ATV,1.2000000476837158,1.32661771774292,1.3266178369522095
66,0.1,etzxEpPuc6I,0,ATV,0.4000000059604645,0.09625992923974991,0.0962599515914917
66,0.1,v0zCBqDeKcE,0,ATV,2.5999999046325684,0.7574893236160278,0.7574893236160278
66,0.1,f_pcplsH_V0,0,ATV,0.25,1.3429609537124634,1.3429609537124634
66,0.1,tIrG4oNLFzE,0,ATV,2.799999952316284,1.550991415977478,1.550991415977478
66,0.1,cM3Yna7AavY,0,ATV,2.200000047683716,-0.7885040640830994,-0.7885040640830994
66,0.1,lXPQBPVc5Cw,0,AV,0.20000000298023224,0.46887874603271484,0.4688788056373596
66,0.1,cXypl4FnoZo,0,ATV,1.0,-0.3575739860534668,-0.3575739860534668
66,0.1,c7UH_rxdZv4,0,AT,-2.799999952316284,-2.0234930515289307,-2.0234930515289307
66,0.1,f9O3YtZ2VfI,1,ATV,1.25,1.2363594770431519,1.2538620233535767
66,0.1,wMbj6ajWbic,1,ATV,-0.800000011920929,-1.2257194519042969,-1.2138502597808838
66,0.1,vvZ4IcEtiZc,1,ATV,2.4000000953674316,1.8367918729782104,1.8492975234985352
66,0.1,d3_k5Xpfmik,1,ATV,0.0,0.2447100281715393,0.2597264051437378
66,0.1,vyB00TXsimI,1,ATV,-2.4000000953674316,-1.08065927028656,-1.0672768354415894
66,0.1,fvVhgmXxadc,1,ATV,-2.799999952316284,-1.8830232620239258,-1.8812634944915771
66,0.1,ob23OKe5a9Q,1,ATV,1.0,1.062726616859436,1.0783414840698242
66,0.1,zhpQhgha_KU,1,ATV,1.600000023841858,1.4352262020111084,1.451442003250122
66,0.1,phBUpBr1hSo,1,ATV,2.200000047683716,1.7189480066299438,1.7303489446640015
66,0.1,yDtzw_Y-7RU,1,V,0.800000011920929,-0.11489104479551315,-0.05958418548107147
66,0.1,nzpVDcQ0ywM,1,TV,-1.600000023841858,-0.45320266485214233,-0.43098294734954834
66,0.1,jUzDDGyPkXU,1,ATV,2.5999999046325684,1.73507559299469,1.7484219074249268
66,0.1,rnaNMUZpvvg,1,ATV,2.25,1.2009251117706299,1.2173001766204834
66,0.1,yvsjCA6Y5Fc,1,ATV,-1.2000000476837158,-1.9102569818496704,-1.9095802307128906
66,0.1,pLTX3ipuDJI,1,ATV,-1.7999999523162842,-0.3424438238143921,-0.3258773684501648
66,0.1,cW1FSBF59ik,1,AV,3.0,-0.8323208689689636,-0.8023195862770081
66,0.1,tmZoasNr4rU,1,ATV,-2.0,-1.8296862840652466,-1.827237844467163
66,0.1,d6hH302o4v8,1,V,-1.7999999523162842,-1.0867387056350708,-1.0660721063613892
66,0.1,dq3Nf_lMPnE,1,ATV,-1.399999976158142,-1.515165090560913,-1.5068546533584595
66,0.1,k5Y_838nuGo,1,ATV,1.2000000476837158,-1.3675519227981567,-1.3603755235671997
66,0.1,iiK8YX8oH1E,1,ATV,1.2000000476837158,0.9217069149017334,0.9385752081871033
66,0.1,tStelxIAHjw,1,TV,-2.0,0.4306594133377075,0.4568779468536377
66,0.1,nbWiPyCm4g0,1,ATV,-2.4000000953674316,1.0121945142745972,1.0275237560272217
66,0.1,etzxEpPuc6I,1,ATV,1.2000000476837158,-0.17403951287269592,-0.15772245824337006
66,0.1,v0zCBqDeKcE,1,ATV,-0.4000000059604645,1.1492384672164917,1.1648415327072144
66,0.1,f_pcplsH_V0,1,ATV,1.399999976158142,0.6811906695365906,0.6963655352592468
66,0.1,tIrG4oNLFzE,1,ATV,2.4000000953674316,1.545857310295105,1.5599602460861206
66,0.1,cM3Yna7AavY,1,ATV,2.5,0.8819299936294556,0.8985654711723328
66,0.1,lXPQBPVc5Cw,1,ATV,-2.200000047683716,-1.1750925779342651,-1.16265070438385
66,0.1,cXypl4FnoZo,1,ATV,1.0,1.1118098497390747,1.1269055604934692
66,0.1,c7UH_rxdZv4,1,ATV,-2.5999999046325684,-2.1017885208129883,-2.104609727859497
66,0.1,f9O3YtZ2VfI,2,ATV,0.6000000238418579,0.763096034526825,0.777944803237915
66,0.1,wMbj6ajWbic,2,ATV,0.0,-0.29130125045776367,-0.2747870683670044
66,0.1,vvZ4IcEtiZc,2,ATV,1.399999976158142,-0.4027366638183594,-0.390236496925354
66,0.1,d3_k5Xpfmik,2,ATV,2.0,1.4256006479263306,1.4408599138259888
66,0.1,vyB00TXsimI,2,ATV,2.200000047683716,1.5255025625228882,1.5410465002059937
66,0.1,fvVhgmXxadc,2,ATV,-2.200000047683716,-1.7688500881195068,-1.7665537595748901
66,0.1,ob23OKe5a9Q,2,AT,-1.2000000476837158,-1.6994857788085938,-1.690997838973999
66,0.1,zhpQhgha_KU,2,ATV,-1.600000023841858,-1.7805603742599487,-1.7767314910888672
66,0.1,phBUpBr1hSo,2,ATV,2.799999952316284,1.6839667558670044,1.696220874786377
66,0.1,yDtzw_Y-7RU,2,ATV,0.75,-0.0033945925533771515,0.011560829356312752
66,0.1,nzpVDcQ0ywM,2,ATV,0.800000011920929,1.0209676027297974,1.0364186763763428
66,0.1,jUzDDGyPkXU,2,TV,0.0,0.9316388368606567,0.9555298089981079
66,0.1,rnaNMUZpvvg,2,TV,-0.800000011920929,-0.917941689491272,-0.8998260498046875
66,0.1,yvsjCA6Y5Fc,2,ATV,-2.0,-1.8991109132766724,-1.8992185592651367
66,0.1,pLTX3ipuDJI,2,ATV,-1.2000000476837158,-0.806788980960846,-0.7939931750297546
66,0.1,cW1FSBF59ik,2,AV,-1.0,-1.0678828954696655,-1.0484586954116821
66,0.1,tmZoasNr4rU,2,AV,-2.0,-0.7310488820075989,-0.6999003291130066
66,0.1,d6hH302o4v8,2,ATV,0.20000000298023224,-0.9373142123222351,-0.9255469441413879
66,0.1,dq3Nf_lMPnE,2,ATV,-1.2000000476837158,-1.9285706281661987,-1.9288603067398071
66,0.1,k5Y_838nuGo,2,ATV,0.800000011920929,0.630611002445221,0.6479889154434204
66,0.1,iiK8YX8oH1E,2,ATV,-1.25,-1.0441945791244507,-1.0295112133026123
66,0.1,tStelxIAHjw,2,ATV,0.5,0.34584224224090576,0.3608419895172119
66,0.1,nbWiPyCm4g0,2,TV,-1.7999999523162842,-1.769677996635437,-1.770476222038269
66,0.1,etzxEpPuc6I,2,TV,-1.600000023841858,-1.2299426794052124,-1.220172643661499
66,0.1,v0zCBqDeKcE,2,ATV,0.6000000238418579,0.7841506600379944,0.7988112568855286
66,0.1,f_pcplsH_V0,2,ATV,0.800000011920929,-0.6181314587593079,-0.6032976508140564
66,0.1,tIrG4oNLFzE,2,ATV,2.5999999046325684,1.5721040964126587,1.5855958461761475
66,0.1,cM3Yna7AavY,2,ATV,1.0,0.039430081844329834,0.05410638451576233
66,0.1,lXPQBPVc5Cw,2,ATV,-2.4000000953674316,-1.9474433660507202,-1.9484814405441284
66,0.1,cXypl4FnoZo,2,ATV,1.7999999523162842,1.2422267198562622,1.2571706771850586
66,0.1,c7UH_rxdZv4,2,ATV,-0.800000011920929,-0.513365626335144,-0.49892091751098633
66,0.1,f9O3YtZ2VfI,3,ATV,-2.4000000953674316,-1.9780728816986084,-1.9784290790557861
66,0.1,wMbj6ajWbic,3,ATV,1.0,-1.8117595911026,-1.8101778030395508
66,0.1,vvZ4IcEtiZc,3,ATV,2.200000047683716,1.5032743215560913,1.5185490846633911
66,0.1,d3_k5Xpfmik,3,ATV,-1.0,-1.0001261234283447,-0.98846036195755
66,0.1,vyB00TXsimI,3,ATV,1.7999999523162842,1.5605392456054688,1.5749461650848389
66,0.1,fvVhgmXxadc,3,ATV,-2.799999952316284,-1.8091033697128296,-1.8081005811691284
66,0.1,ob23OKe5a9Q,3,TV,-1.5,-1.1942486763000488,-1.1845496892929077
66,0.1,zhpQhgha_KU,3,AV,-1.600000023841858,-0.9890410900115967,-0.9672890901565552
66,0.1,phBUpBr1hSo,3,AT,-0.800000011920929,-0.9446261525154114,-0.928844153881073
66,0.1,yDtzw_Y-7RU,3,ATV,-1.0,0.4751051068305969,0.4911724328994751
66,0.1,nzpVDcQ0ywM,3,AT,-1.600000023841858,-1.7225576639175415,-1.7170237302780151
66,0.1,jUzDDGyPkXU,3,ATV,-1.600000023841858,1.1272952556610107,1.1417025327682495
66,0.1,rnaNMUZpvvg,3,ATV,-2.4000000953674316,-2.033987045288086,-2.035949945449829
66,0.1,yvsjCA6Y5Fc,3,ATV,-0.20000000298023224,-0.355430543422699,-0.34082257747650146
66,0.1,pLTX3ipuDJI,3,ATV,-2.200000047683716,-0.09043277055025101,-0.07430651783943176
66,0.1,cW1FSBF59ik,3,ATV,1.600000023841858,0.7613431215286255,0.7796167135238647
66,0.1,tmZoasNr4rU,3,TV,-0.800000011920929,-1.459206223487854,-1.4558957815170288
66,0.1,d6hH302o4v8,3,ATV,-1.600000023841858,-1.1381324529647827,-1.1299254894256592
66,0.1,dq3Nf_lMPnE,3,ATV,-0.4000000059604645,-0.18320493400096893,-0.1672532707452774
66,0.1,k5Y_838nuGo,3,ATV,1.0,0.9555955529212952,0.970074474811554
66,0.1,iiK8YX8oH1E,3,TV,-2.0,-1.2787271738052368,-1.269732117652893
66,0.1,tStelxIAHjw,3,ATV,-2.799999952316284,-1.3711336851119995,-1.362528681755066
66,0.1,nbWiPyCm4g0,3,TV,-2.200000047683716,-1.8175464868545532,-1.8210018873214722
66,0.1,etzxEpPuc6I,3,AV,0.800000011920929,-0.7088384032249451,-0.6797474026679993
66,0.1,v0zCBqDeKcE,3,AV,0.0,0.026468999683856964,0.07512146234512329
66,0.1,f_pcplsH_V0,3,ATV,0.5,0.13331745564937592,0.1500089466571808
66,0.1,tIrG4oNLFzE,3,ATV,1.399999976158142,0.14610137045383453,0.16056448221206665
66,0.1,cM3Yna7AavY,3,V,0.6000000238418579,-0.040431760251522064,0.007233472540974617
66,0.1,lXPQBPVc5Cw,3,ATV,-1.2000000476837158,-1.559661626815796,-1.5556198358535767
66,0.1,cXypl4FnoZo,3,ATV,-0.800000011920929,-0.9451451897621155,-0.9328004717826843
66,0.1,c7UH_rxdZv4,3,AV,1.600000023841858,-0.57859867811203,-0.5431621670722961
66,0.1,f9O3YtZ2VfI,4,AV,-1.7999999523162842,-0.7293532490730286,-0.6962930560112
66,0.1,wMbj6ajWbic,4,TV,0.20000000298023224,0.997769296169281,1.0284603834152222
66,0.1,vvZ4IcEtiZc,4,TV,1.2000000476837158,1.6093417406082153,1.634039282798767
66,0.1,d3_k5Xpfmik,4,AV,2.200000047683716,-0.41322094202041626,-0.3642115592956543
66,0.1,vyB00TXsimI,4,AV,1.7999999523162842,0.4182530641555786,0.4686296582221985
66,0.1,fvVhgmXxadc,4,ATV,0.0,-0.6588990092277527,-0.6474859118461609
66,0.1,ob23OKe5a9Q,4,ATV,-1.7999999523162842,-2.0929343700408936,-2.0958056449890137
66,0.1,zhpQhgha_KU,4,ATV,-2.200000047683716,-1.8625792264938354,-1.8622063398361206
66,0.1,phBUpBr1hSo,4,TV,-1.399999976158142,-1.7249187231063843,-1.7266790866851807
66,0.1,yDtzw_Y-7RU,4,ATV,0.5,-0.8975683450698853,-0.8835101127624512
66,0.1,nzpVDcQ0ywM,4,ATV,-0.4000000059604645,-0.830857515335083,-0.8186832070350647
66,0.1,jUzDDGyPkXU,4,ATV,-1.2000000476837158,-0.7822931408882141,-0.7697389125823975
66,0.1,rnaNMUZpvvg,4,ATV,-2.799999952316284,-2.0764529705047607,-2.0786452293395996
66,0.1,yvsjCA6Y5Fc,4,ATV,0.4000000059604645,-0.6642382740974426,-0.6508641242980957
66,0.1,pLTX3ipuDJI,4,ATV,-2.0,-1.3458958864212036,-1.3390874862670898
66,0.1,cW1FSBF59ik,4,ATV,2.0,1.341800332069397,1.3568981885910034
66,0.1,tmZoasNr4rU,4,ATV,-0.800000011920929,-1.427310824394226,-1.4225232601165771
66,0.1,d6hH302o4v8,4,ATV,-1.3333333730697632,-1.0995482206344604,-1.091302752494812
66,0.1,dq3Nf_lMPnE,4,ATV,1.2000000476837158,-0.9515244960784912,-0.9398277401924133
66,0.1,k5Y_838nuGo,4,ATV,-1.3333333730697632,-1.6364837884902954,-1.6314048767089844
66,0.1,iiK8YX8oH1E,4,T,-0.4000000059604645,-0.2949492931365967,-0.26166725158691406
66,0.1,tStelxIAHjw,4,ATV,-2.200000047683716,-1.651356816291809,-1.6485166549682617
66,0.1,nbWiPyCm4g0,4,ATV,-1.399999976158142,-1.465101957321167,-1.460845708847046
66,0.1,etzxEpPuc6I,4,AV,0.0,-0.35621678829193115,-0.31607943773269653
66,0.1,v0zCBqDeKcE,4,ATV,2.0,1.2413756847381592,1.2562847137451172
66,0.1,f_pcplsH_V0,4,ATV,1.2000000476837158,0.09385279566049576,0.11045524477958679
66,0.1,tIrG4oNLFzE,4,ATV,0.4000000059604645,0.5387734770774841,0.5532614588737488
66,0.1,cM3Yna7AavY,4,ATV,2.799999952316284,1.418226957321167,1.433761477470398
66,0.1,lXPQBPVc5Cw,4,ATV,-1.0,-0.5731617212295532,-0.5601157546043396
66,0.1,cXypl4FnoZo,4,A,1.7999999523162842,-0.15132591128349304,-0.1072012409567833
66,0.1,c7UH_rxdZv4,4,AT,-2.200000047683716,0.6590772271156311,0.6927428841590881
66,0.1,f9O3YtZ2VfI,5,ATV,-2.5999999046325684,-1.6124790906906128,-1.6088517904281616
66,0.1,wMbj6ajWbic,5,ATV,1.7999999523162842,0.32740098237991333,0.34204936027526855
66,0.1,vvZ4IcEtiZc,5,ATV,1.0,1.49122953414917,1.503906488418579
66,0.1,d3_k5Xpfmik,5,ATV,1.600000023841858,1.2873988151550293,1.302603006362915
66,0.1,vyB00TXsimI,5,ATV,2.0,1.282143235206604,1.2965264320373535
66,0.1,fvVhgmXxadc,5,ATV,-0.20000000298023224,-1.693355679512024,-1.691038966178894
66,0.1,ob23OKe5a9Q,5,ATV,0.0,-1.6006585359573364,-1.5976752042770386
66,0.1,zhpQhgha_KU,5,ATV,1.0,0.8523571491241455,0.8697949051856995
66,0.1,phBUpBr1hSo,5,AV,1.600000023841858,-0.26644468307495117,-0.22306954860687256
66,0.1,yDtzw_Y-7RU,5,ATV,-1.2000000476837158,-0.49126267433166504,-0.47586822509765625
66,0.1,nzpVDcQ0ywM,5,ATV,-1.399999976158142,-2.115795135498047,-2.1188125610351562
66,0.1,jUzDDGyPkXU,5,ATV,-1.600000023841858,-1.7228879928588867,-1.7197688817977905
66,0.1,rnaNMUZpvvg,5,TV,-2.5999999046325684,-2.0180885791778564,-2.025468587875366
66,0.1,yvsjCA6Y5Fc,5,ATV,0.0,-1.9756375551223755,-1.9767848253250122
66,0.1,pLTX3ipuDJI,5,A,-1.399999976158142,-0.31144702434539795,-0.2718719244003296
66,0.1,cW1FSBF59ik,5,AV,1.2000000476837158,0.6986626982688904,0.7477412223815918
66,0.1,tmZoasNr4rU,5,AT,-1.7999999523162842,-0.7574973702430725,-0.7405317425727844
66,0.1,d6hH302o4v8,5,ATV,-2.0,-1.8158313035964966,-1.8150211572647095
66,0.1,dq3Nf_lMPnE,5,ATV,0.800000011920929,-1.2636770009994507,-1.256372094154358
66,0.1,k5Y_838nuGo,5,ATV,2.0,1.1042135953903198,1.121048927307129
66,0.1,iiK8YX8oH1E,5,ATV,0.20000000298023224,1.1594250202178955,1.1754794120788574
66,0.1,tStelxIAHjw,5,ATV,1.600000023841858,1.0521160364151,1.0694531202316284
66,0.1,nbWiPyCm4g0,5,AV,0.0,-1.1117314100265503,-1.101122498512268
66,0.1,etzxEpPuc6I,5,ATV,0.4000000059604645,0.8971631526947021,0.9128126502037048
66,0.1,v0zCBqDeKcE,5,AV,0.800000011920929,0.18551112711429596,0.23053011298179626
66,0.1,f_pcplsH_V0,5,ATV,1.600000023841858,0.4518006443977356,0.46720629930496216
66,0.1,tIrG4oNLFzE,5,AV,1.25,0.11171507090330124,0.17288359999656677
66,0.1,cM3Yna7AavY,5,TV,2.799999952316284,1.2574981451034546,1.2815848588943481
66,0.1,lXPQBPVc5Cw,5,ATV,-1.399999976158142,-2.1949117183685303,-2.198714017868042
66,0.1,cXypl4FnoZo,5,ATV,-0.6000000238418579,-0.06616055965423584,-0.0496249683201313
66,0.1,c7UH_rxdZv4,5,ATV,-2.5999999046325684,-1.3690091371536255,-1.3596090078353882
66,0.1,f9O3YtZ2VfI,6,ATV,-1.2000000476837158,-1.4224947690963745,-1.4172857999801636
66,0.1,wMbj6ajWbic,6,ATV,-1.2000000476837158,-1.6501049995422363,-1.6455659866333008
66,0.1,vvZ4IcEtiZc,6,ATV,1.399999976158142,0.8931140303611755,0.9069724678993225
66,0.1,d3_k5Xpfmik,6,ATV,0.4000000059604645,-0.5431782603263855,-0.5292626023292542
66,0.1,vyB00TXsimI,6,AT,2.4000000953674316,1.3396095037460327,1.369479775428772
66,0.1,fvVhgmXxadc,6,ATV,-1.0,-0.21264253556728363,-0.19745968282222748
66,0.1,ob23OKe5a9Q,6,AT,0.6000000238418579,0.8481488823890686,0.8834866285324097
66,0.1,zhpQhgha_KU,6,ATV,1.0,1.1411038637161255,1.1554158926010132
66,0.1,phBUpBr1hSo,6,AV,-1.0,-0.4469519257545471,-0.4066575765609741
66,0.1,yDtzw_Y-7RU,6,AV,-0.20000000298023224,-0.9486077427864075,-0.9280523657798767
66,0.1,nzpVDcQ0ywM,6,ATV,-1.0,-1.416609764099121,-1.4117753505706787
66,0.1,jUzDDGyPkXU,6,TV,-0.6000000238418579,-0.8920828700065613,-0.8802028894424438
66,0.1,rnaNMUZpvvg,6,A,-0.4000000059604645,-0.8687048554420471,-0.8581573963165283
66,0.1,yvsjCA6Y5Fc,6,AT,-1.7999999523162842,-1.6225948333740234,-1.617811679840088
66,0.1,pLTX3ipuDJI,6,ATV,0.800000011920929,0.6469625234603882,0.6635868549346924
66,0.1,cW1FSBF59ik,6,ATV,0.5,0.9375861883163452,0.9522405862808228
66,0.1,tmZoasNr4rU,6,ATV,-1.0,-1.1389883756637573,-1.1305691003799438
66,0.1,d6hH302o4v8,6,ATV,-2.799999952316284,-1.9266279935836792,-1.9271583557128906
66,0.1,dq3Nf_lMPnE,6,ATV,-2.0,-2.1827926635742188,-2.1865458488464355
66,0.1,k5Y_838nuGo,6,ATV,-2.4000000953674316,-1.7549880743026733,-1.7518476247787476
66,0.1,iiK8YX8oH1E,6,ATV,-1.600000023841858,-0.9326671957969666,-0.9182900786399841
66,0.1,tStelxIAHjw,6,ATV,1.399999976158142,1.0664398670196533,1.0809746980667114
66,0.1,nbWiPyCm4g0,6,ATV,-1.2000000476837158,-1.9960013628005981,-1.9972470998764038
66,0.1,etzxEpPuc6I,6,AT,-1.2000000476837158,-0.8105875849723816,-0.7890670299530029
66,0.1,v0zCBqDeKcE,6,ATV,1.399999976158142,0.140999436378479,0.15483689308166504
66,0.1,f_pcplsH_V0,6,ATV,0.0,-1.4951826333999634,-1.4886870384216309
66,0.1,tIrG4oNLFzE,6,AT,-1.399999976158142,-1.0129348039627075,-0.9919593930244446
66,0.1,cM3Yna7AavY,6,AV,3.0,0.2589721083641052,0.3054053783416748
66,0.1,lXPQBPVc5Cw,6,AV,-2.799999952316284,-1.0003559589385986,-0.9874054789543152
66,0.1,cXypl4FnoZo,6,ATV,-1.0,-0.8785354495048523,-0.8663148880004883
66,0.1,c7UH_rxdZv4,6,ATV,-3.0,-1.944344401359558,-1.9450339078903198
66,0.1,f9O3YtZ2VfI,7,ATV,-1.7999999523162842,-0.5738378763198853,-0.5609080195426941
66,0.1,wMbj6ajWbic,7,ATV,-0.20000000298023224,-0.304010272026062,-0.28832024335861206
66,0.1,vvZ4IcEtiZc,7,ATV,-1.5,-0.5468021035194397,-0.5339753031730652
66,0.1,d3_k5Xpfmik,7,AT,2.200000047683716,1.195114016532898,1.2288402318954468
66,0.1,vyB00TXsimI,7,ATV,2.5999999046325684,1.4531900882720947,1.4670512676239014
66,0.1,fvVhgmXxadc,7,TV,-0.5,-1.2119097709655762,-1.2042839527130127
66,0.1,ob23OKe5a9Q,7,ATV,0.6000000238418579,1.286267638206482,1.3016307353973389
66,0.1,zhpQhgha_KU,7,ATV,-1.0,-1.9801627397537231,-1.981182336807251
66,0.1,phBUpBr1hSo,7,AT,-2.200000047683716,-0.7880346179008484,-0.7672340273857117
66,0.1,yDtzw_Y-7RU,7,ATV,-1.5,-1.2408323287963867,-1.2335197925567627
66,0.1,nzpVDcQ0ywM,7,ATV,2.0,0.9070203304290771,0.9258562922477722
66,0.1,jUzDDGyPkXU,7,ATV,1.7999999523162842,1.2332720756530762,1.2503348588943481
66,0.1,rnaNMUZpvvg,7,ATV,-1.600000023841858,-2.2046642303466797,-2.2080459594726562
66,0.1,yvsjCA6Y5Fc,7,TV,0.4000000059604645,-1.3537205457687378,-1.3492826223373413
66,0.1,pLTX3ipuDJI,7,ATV,-2.0,-1.6038252115249634,-1.599265217781067
66,0.1,cW1FSBF59ik,7,TV,1.7999999523162842,1.286328673362732,1.31087064743042
66,0.1,tmZoasNr4rU,7,ATV,-2.0,-1.6647580862045288,-1.6619610786437988
66,0.1,d6hH302o4v8,7,ATV,-2.200000047683716,-2.083773374557495,-2.0859599113464355
66,0.1,dq3Nf_lMPnE,7,ATV,0.6000000238418579,0.5398882031440735,0.5584275722503662
66,0.1,k5Y_838nuGo,7,AT,-1.399999976158142,-1.5277841091156006,-1.520259141921997
66,0.1,iiK8YX8oH1E,7,ATV,-1.0,0.8500306606292725,0.8663138151168823
66,0.1,tStelxIAHjw,7,TV,-2.0,-1.1265612840652466,-1.1137443780899048
66,0.1,nbWiPyCm4g0,7,AT,-2.200000047683716,-1.2236970663070679,-1.2147529125213623
66,0.1,etzxEpPuc6I,7,ATV,-1.0,-1.1012605428695679,-1.0901035070419312
66,0.1,v0zCBqDeKcE,7,ATV,1.7999999523162842,0.8272727727890015,0.841911792755127
66,0.1,f_pcplsH_V0,7,ATV,0.800000011920929,1.0140987634658813,1.0320123434066772
66,0.1,tIrG4oNLFzE,7,ATV,-1.2000000476837158,-1.6722379922866821,-1.6691478490829468
66,0.1,cM3Yna7AavY,7,ATV,-0.6000000238418579,-1.2462053298950195,-1.2368745803833008
66,0.1,lXPQBPVc5Cw,7,TV,2.5999999046325684,1.0540010929107666,1.0848605632781982
66,0.1,cXypl4FnoZo,7,ATV,1.399999976158142,-0.0884815901517868,-0.07217568904161453
66,0.1,c7UH_rxdZv4,7,ATV,-2.799999952316284,-1.6787769794464111,-1.676356554031372
66,0.1,f9O3YtZ2VfI,8,ATV,-2.200000047683716,-1.9430714845657349,-1.9438483715057373
66,0.1,wMbj6ajWbic,8,ATV,-2.0,-1.80321204662323,-1.8017345666885376
66,0.1,vvZ4IcEtiZc,8,ATV,2.200000047683716,1.5072147846221924,1.5224436521530151
66,0.1,d3_k5Xpfmik,8,ATV,1.399999976158142,0.5515825152397156,0.5655142068862915
66,0.1,vyB00TXsimI,8,TV,-0.25,-0.05265850946307182,-0.030298538506031036
66,0.1,fvVhgmXxadc,8,ATV,-0.4000000059604645,-0.8065529465675354,-0.7953532934188843
66,0.1,ob23OKe5a9Q,8,TV,-1.399999976158142,-1.6333261728286743,-1.6312814950942993
66,0.1,zhpQhgha_KU,8,ATV,-1.0,-1.533795952796936,-1.5293190479278564
66,0.1,phBUpBr1hSo,8,ATV,-2.0,-0.10455251485109329,-0.0886390209197998
66,0.1,yDtzw_Y-7RU,8,AT,-1.0,-1.1588554382324219,-1.1442492008209229
66,0.1,nzpVDcQ0ywM,8,TV,-2.200000047683716,-1.4334301948547363,-1.427194595336914
66,0.1,jUzDDGyPkXU,8,AV,2.799999952316284,0.2645333409309387,0.3212568163871765
66,0.1,rnaNMUZpvvg,8,AV,-1.399999976158142,-1.3430284261703491,-1.3384774923324585
66,0.1,yvsjCA6Y5Fc,8,ATV,-1.399999976158142,-1.4891437292099,-1.485033392906189
66,0.1,pLTX3ipuDJI,8,ATV,0.0,-0.30801987648010254,-0.29258644580841064
66,0.1,cW1FSBF59ik,8,ATV,-2.4000000953674316,-1.1977895498275757,-1.1871956586837769
66,0.1,tmZoasNr4rU,8,ATV,-0.6000000238418579,-1.966316819190979,-1.9671437740325928
66,0.1,d6hH302o4v8,8,ATV,-2.4000000953674316,-1.474286675453186,-1.4706456661224365
66,0.1,dq3Nf_lMPnE,8,A,-0.800000011920929,-0.4713165760040283,-0.4260683059692383
66,0.1,k5Y_838nuGo,8,TV,1.7999999523162842,1.129526972770691,1.160438895225525
66,0.1,iiK8YX8oH1E,8,ATV,0.4000000059604645,0.4715973734855652,0.486996591091156
66,0.1,tStelxIAHjw,8,ATV,-1.399999976158142,-1.30011785030365,-1.2922921180725098
66,0.1,nbWiPyCm4g0,8,ATV,-1.399999976158142,-1.6996217966079712,-1.6977218389511108
66,0.1,etzxEpPuc6I,8,ATV,-2.799999952316284,-1.861945390701294,-1.861725091934204
66,0.1,v0zCBqDeKcE,8,AV,1.7999999523162842,0.07502202689647675,0.12726062536239624
66,0.1,f_pcplsH_V0,8,ATV,-2.4000000953674316,-0.8361933827400208,-0.8215992450714111
66,0.1,tIrG4oNLFzE,8,ATV,-1.0,-0.7239108085632324,-0.7118057608604431
66,0.1,cM3Yna7AavY,8,ATV,-0.20000000298023224,-1.9514137506484985,-1.9519811868667603
66,0.1,lXPQBPVc5Cw,8,TV,-2.5999999046325684,-1.3156960010528564,-1.3068630695343018
66,0.1,cXypl4FnoZo,8,ATV,1.2000000476837158,0.2757571339607239,0.2921827435493469
66,0.1,c7UH_rxdZv4,8,TV,-0.4000000059604645,0.3159646987915039,0.34109771251678467
66,0.1,f9O3YtZ2VfI,9,ATV,-2.0,-1.5326756238937378,-1.5289188623428345
66,0.1,wMbj6ajWbic,9,ATV,-1.7999999523162842,-0.26757073402404785,-0.2523164749145508
66,0.1,vvZ4IcEtiZc,9,TV,-2.0,-0.7346401810646057,-0.7170291543006897
66,0.1,d3_k5Xpfmik,9,ATV,0.4000000059604645,1.1184942722320557,1.1329281330108643
66,0.1,vyB00TXsimI,9,TV,1.3333333730697632,0.7471611499786377,0.7724834680557251
66,0.1,fvVhgmXxadc,9,ATV,0.0,-0.8361400961875916,-0.8251750469207764
66,0.1,ob23OKe5a9Q,9,AV,1.25,0.093482106924057,0.15280193090438843
66,0.1,zhpQhgha_KU,9,ATV,0.6000000238418579,0.6939247250556946,0.7111184000968933
66,0.1,phBUpBr1hSo,9,AT,-1.399999976158142,-1.8163365125656128,-1.81410813331604
66,0.1,yDtzw_Y-7RU,9,TV,-0.6000000238418579,-0.7002875208854675,-0.6841476559638977
66,0.1,nzpVDcQ0ywM,9,ATV,-1.0,-1.5146116018295288,-1.5099388360977173
66,0.1,jUzDDGyPkXU,9,ATV,2.4000000953674316,1.439609408378601,1.4540903568267822
66,0.1,rnaNMUZpvvg,9,AT,-2.5999999046325684,-1.6124643087387085,-1.6094778776168823
66,0.1,yvsjCA6Y5Fc,9,ATV,-2.0,-0.5558122992515564,-0.5435695052146912
66,0.1,pLTX3ipuDJI,9,ATV,-1.600000023841858,-1.5986970663070679,-1.5951793193817139
66,0.1,cW1FSBF59ik,9,ATV,-1.0,1.36890709400177,1.3842920064926147
66,0.1,tmZoasNr4rU,9,AV,-1.7999999523162842,-1.3039193153381348,-1.2989943027496338
66,0.1,d6hH302o4v8,9,ATV,-1.2000000476837158,-1.4624639749526978,-1.4584354162216187
66,0.1,dq3Nf_lMPnE,9,ATV,1.0,0.6540516018867493,0.6695001125335693
66,0.1,k5Y_838nuGo,9,AT,2.0,0.9710680842399597,1.0022515058517456
66,0.1,iiK8YX8oH1E,9,TV,0.0,-1.5696568489074707,-1.5676454305648804
66,0.1,tStelxIAHjw,9,TV,-0.4000000059604645,-1.6125648021697998,-1.6123789548873901
66,0.1,nbWiPyCm4g0,9,ATV,1.2000000476837158,0.7930243611335754,0.8111656308174133
66,0.1,etzxEpPuc6I,9,ATV,-1.399999976158142,-1.703231692314148,-1.7010905742645264
66,0.1,v0zCBqDeKcE,9,ATV,2.200000047683716,1.467406153678894,1.48212468624115
66,0.1,f_pcplsH_V0,9,ATV,1.2000000476837158,0.7859587669372559,0.8022568225860596
66,0.1,tIrG4oNLFzE,9,ATV,-1.7999999523162842,-1.6440962553024292,-1.641019582748413
66,0.1,cM3Yna7AavY,9,ATV,1.600000023841858,1.0212448835372925,1.0393296480178833
66,0.1,lXPQBPVc5Cw,9,TV,-2.200000047683716,-1.9883623123168945,-1.9957886934280396
66,0.1,cXypl4FnoZo,9,ATV,2.0,1.3567816019058228,1.3719061613082886
66,0.1,c7UH_rxdZv4,9,ATV,0.800000011920929,-0.6297891139984131,-0.615260899066925
66,0.1,f9O3YtZ2VfI,10,AT,-0.800000011920929,-1.8549907207489014,-1.854246973991394
66,0.1,wMbj6ajWbic,10,AT,0.4000000059604645,-1.501981258392334,-1.4948346614837646
66,0.1,vvZ4IcEtiZc,10,ATV,1.600000023841858,0.23639120161533356,0.2522225081920624
66,0.1,d3_k5Xpfmik,10,ATV,2.4000000953674316,1.3264808654785156,1.3409779071807861
66,0.1,vyB00TXsimI,10,AV,-0.20000000298023224,0.18125537037849426,0.23681879043579102
66,0.1,fvVhgmXxadc,10,ATV,-0.20000000298023224,-0.10603438317775726,-0.08976373821496964
66,0.1,ob23OKe5a9Q,10,ATV,0.800000011920929,1.3319772481918335,1.3472212553024292
66,0.1,zhpQhgha_KU,10,ATV,-2.4000000953674316,-2.0276925563812256,-2.0298140048980713
66,0.1,phBUpBr1hSo,10,AT,2.0,1.1088849306106567,1.1395363807678223
66,0.1,yDtzw_Y-7RU,10,ATV,-1.399999976158142,-1.6497902870178223,-1.6467945575714111
66,0.1,nzpVDcQ0ywM,10,ATV,0.0,-0.7031201720237732,-0.6916077136993408
66,0.1,jUzDDGyPkXU,10,ATV,2.4000000953674316,1.0210055112838745,1.035323977470398
66,0.1,rnaNMUZpvvg,10,AV,-2.5999999046325684,-0.9168158173561096,-0.9010127186775208
66,0.1,yvsjCA6Y5Fc,10,ATV,2.0,0.07944897562265396,0.09602037072181702
66,0.1,pLTX3ipuDJI,10,ATV,0.6000000238418579,0.3496255874633789,0.3662149906158447
66,0.1,cW1FSBF59ik,10,ATV,-1.0,-1.4729350805282593,-1.4646720886230469
66,0.1,tmZoasNr4rU,10,ATV,-0.6000000238418579,-0.0731407105922699,-0.05810665339231491
66,0.1,d6hH302o4v8,10,TV,-1.0,-1.688786506652832,-1.6904051303863525
66,0.1,dq3Nf_lMPnE,10,ATV,-0.6000000238418579,-0.30137115716934204,-0.28566789627075195
66,0.1,k5Y_838nuGo,10,AV,0.5,-0.4338787794113159,-0.3825986385345459
66,0.1,iiK8YX8oH1E,10,ATV,1.0,0.7695665955543518,0.7864463329315186
66,0.1,tStelxIAHjw,10,ATV,-2.799999952316284,-1.744498610496521,-1.7429641485214233
66,0.1,etzxEpPuc6I,10,TV,-1.600000023841858,-1.5450774431228638,-1.5436723232269287
66,0.1,v0zCBqDeKcE,10,ATV,1.600000023841858,0.6050930619239807,0.6192924976348877
66,0.1,f_pcplsH_V0,10,TV,-0.4000000059604645,-1.6801310777664185,-1.6802371740341187
66,0.1,tIrG4oNLFzE,10,ATV,-1.600000023841858,-0.6161990761756897,-0.6037471890449524
66,0.1,cM3Yna7AavY,10,ATV,2.0,1.1190165281295776,1.1337183713912964
66,0.1,lXPQBPVc5Cw,10,ATV,-1.7999999523162842,-1.7684234380722046,-1.767441749572754
66,0.1,cXypl4FnoZo,10,TV,1.399999976158142,0.8775327205657959,0.9021344184875488
66,0.1,c7UH_rxdZv4,10,AV,1.0,-0.9985367655754089,-0.97593754529953
66,0.1,f9O3YtZ2VfI,11,ATV,-1.7999999523162842,-0.6725621819496155,-0.6603719592094421
66,0.1,wMbj6ajWbic,11,ATV,1.600000023841858,0.8344621062278748,0.8519513010978699
66,0.1,vvZ4IcEtiZc,11,AT,0.20000000298023224,-0.08708919584751129,-0.061708129942417145
66,0.1,d3_k5Xpfmik,11,ATV,2.0,1.4698357582092285,1.4840912818908691
66,0.1,vyB00TXsimI,11,ATV,0.20000000298023224,0.5728639960289001,0.5870878100395203
66,0.1,fvVhgmXxadc,11,ATV,0.0,-0.09092672169208527,-0.0744486078619957
66,0.1,ob23OKe5a9Q,11,ATV,2.799999952316284,1.557038426399231,1.5719207525253296
66,0.1,zhpQhgha_KU,11,ATV,-1.399999976158142,-1.8301564455032349,-1.8295303583145142
66,0.1,phBUpBr1hSo,11,ATV,1.7999999523162842,0.18757666647434235,0.20209410786628723
66,0.1,yDtzw_Y-7RU,11,ATV,-0.6666666865348816,-1.159636378288269,-1.151830792427063
66,0.1,nzpVDcQ0ywM,11,ATV,-1.399999976158142,-1.5207101106643677,-1.5162467956542969
66,0.1,jUzDDGyPkXU,11,ATV,0.5,1.016554832458496,1.030603289604187
66,0.1,rnaNMUZpvvg,11,TV,-1.0,-1.8379584550857544,-1.8424148559570312
66,0.1,yvsjCA6Y5Fc,11,AV,-0.6000000238418579,-0.7151213884353638,-0.6821961402893066
66,0.1,pLTX3ipuDJI,11,ATV,-2.0,-0.3430776000022888,-0.32748693227767944
66,0.1,cW1FSBF59ik,11,ATV,2.200000047683716,-0.03590080142021179,-0.019373539835214615
66,0.1,tmZoasNr4rU,11,TV,-2.200000047683716,-1.84878408908844,-1.8532031774520874
66,0.1,d6hH302o4v8,11,ATV,1.399999976158142,1.0966912508010864,1.115105390548706
66,0.1,dq3Nf_lMPnE,11,ATV,-1.600000023841858,-2.0955076217651367,-2.098245859146118
66,0.1,k5Y_838nuGo,11,ATV,0.20000000298023224,0.8711831569671631,0.8854358196258545
66,0.1,iiK8YX8oH1E,11,ATV,1.7999999523162842,1.4637395143508911,1.4790517091751099
66,0.1,tStelxIAHjw,11,ATV,-1.0,-1.2414718866348267,-1.2344754934310913
66,0.1,etzxEpPuc6I,11,ATV,0.6666666865348816,-1.1212743520736694,-1.1130620241165161
66,0.1,v0zCBqDeKcE,11,ATV,-0.4000000059604645,-1.3209911584854126,-1.3113291263580322
66,0.1,f_pcplsH_V0,11,ATV,-0.800000011920929,-0.9064655303955078,-0.8965132236480713
66,0.1,tIrG4oNLFzE,11,ATV,-2.5999999046325684,-2.0675692558288574,-2.0700201988220215
66,0.1,cM3Yna7AavY,11,ATV,-1.0,-1.334148645401001,-1.324206829071045
66,0.1,lXPQBPVc5Cw,11,ATV,-2.0,-2.0223522186279297,-2.0239155292510986
66,0.1,cXypl4FnoZo,11,ATV,2.0,1.0982080698013306,1.1127097606658936
66,0.1,c7UH_rxdZv4,11,ATV,-2.799999952316284,-2.105813980102539,-2.1086370944976807
66,0.1,f9O3YtZ2VfI,12,AV,-1.600000023841858,-0.9246174693107605,-0.9048737287521362
66,0.1,wMbj6ajWbic,12,ATV,2.0,1.3009229898452759,1.3157291412353516
66,0.1,d3_k5Xpfmik,12,A,2.200000047683716,0.9176846146583557,0.9752464890480042
66,0.1,vyB00TXsimI,12,ATV,2.4000000953674316,-0.13288496434688568,-0.1178465485572815
66,0.1,fvVhgmXxadc,12,ATV,0.20000000298023224,-0.8397911787033081,-0.8277002573013306
66,0.1,ob23OKe5a9Q,12,ATV,1.25,-0.31660258769989014,-0.30306828022003174
66,0.1,zhpQhgha_KU,12,TV,-1.0,-1.4987897872924805,-1.4971569776535034
66,0.1,phBUpBr1hSo,12,AT,0.800000011920929,1.1193023920059204,1.1472183465957642
66,0.1,yDtzw_Y-7RU,12,ATV,-1.7999999523162842,-1.7497626543045044,-1.7482330799102783
66,0.1,nzpVDcQ0ywM,12,AV,-1.0,-1.0492736101150513,-1.0355255603790283
66,0.1,jUzDDGyPkXU,12,ATV,-0.6000000238418579,-1.1617835760116577,-1.1504721641540527
66,0.1,rnaNMUZpvvg,12,AV,-2.0,-0.7647005319595337,-0.7461270093917847
66,0.1,yvsjCA6Y5Fc,12,ATV,-2.0,-2.027644395828247,-2.029510736465454
66,0.1,pLTX3ipuDJI,12,ATV,-1.399999976158142,-0.0048615336418151855,0.011160604655742645
66,0.1,cW1FSBF59ik,12,ATV,2.0,0.4635140895843506,0.48005741834640503
66,0.1,tmZoasNr4rU,12,ATV,-0.800000011920929,-1.1175750494003296,-1.1099501848220825
66,0.1,d6hH302o4v8,12,ATV,-2.0,-1.8659144639968872,-1.8647174835205078
66,0.1,dq3Nf_lMPnE,12,ATV,-1.2000000476837158,0.0853518396615982,0.10257630050182343
66,0.1,k5Y_838nuGo,12,ATV,0.6000000238418579,0.30648499727249146,0.3207573890686035
66,0.1,iiK8YX8oH1E,12,ATV,-2.0,-0.3337576389312744,-0.32027631998062134
66,0.1,tStelxIAHjw,12,ATV,-1.600000023841858,-1.913617491722107,-1.9139971733093262
66,0.1,etzxEpPuc6I,12,ATV,-2.200000047683716,-1.4161620140075684,-1.410712718963623
66,0.1,v0zCBqDeKcE,12,ATV,1.7999999523162842,0.5961947441101074,0.6132785677909851
66,0.1,f_pcplsH_V0,12,ATV,1.600000023841858,0.6155944466590881,0.6328921914100647
66,0.1,tIrG4oNLFzE,12,ATV,-2.0,-1.8546503782272339,-1.8543097972869873
66,0.1,cM3Yna7AavY,12,AV,-1.600000023841858,-1.0857096910476685,-1.060926914215088
66,0.1,lXPQBPVc5Cw,12,ATV,2.799999952316284,0.8563152551651001,0.8764292597770691
66,0.1,cXypl4FnoZo,12,AT,-1.0,-1.0579324960708618,-1.0381865501403809
66,0.1,c7UH_rxdZv4,12,ATV,-2.5999999046325684,-1.7121281623840332,-1.7102569341659546
66,0.1,f9O3YtZ2VfI,13,ATV,1.2000000476837158,0.7016280293464661,0.7187068462371826
66,0.1,wMbj6ajWbic,13,ATV,-0.800000011920929,-1.2462586164474487,-1.2352590560913086
66,0.1,d3_k5Xpfmik,13,ATV,2.0,0.7603529095649719,0.7745544910430908
66,0.1,vyB00TXsimI,13,V,2.0,-0.6186795234680176,-0.5854697227478027
66,0.1,fvVhgmXxadc,13,ATV,0.0,-0.7176499962806702,-0.7052473425865173
66,0.1,ob23OKe5a9Q,13,ATV,0.800000011920929,1.0576318502426147,1.072736144065857
66,0.1,zhpQhgha_KU,13,ATV,-1.5,-1.91803777217865,-1.9184921979904175
66,0.1,phBUpBr1hSo,13,ATV,-1.2000000476837158,-0.09921278059482574,-0.08577172458171844
66,0.1,yDtzw_Y-7RU,13,ATV,2.200000047683716,1.1460992097854614,1.1637107133865356
66,0.1,nzpVDcQ0ywM,13,ATV,0.20000000298023224,-0.8887561559677124,-0.879095733165741
66,0.1,jUzDDGyPkXU,13,ATV,0.800000011920929,0.767431914806366,0.7835218906402588
66,0.1,rnaNMUZpvvg,13,ATV,-2.5999999046325684,-1.9503686428070068,-1.951168179512024
66,0.1,yvsjCA6Y5Fc,13,ATV,-1.0,-1.7340470552444458,-1.7324286699295044
66,0.1,pLTX3ipuDJI,13,ATV,-2.0,-1.6262999773025513,-1.622714877128601
66,0.1,cW1FSBF59ik,13,AT,-1.2000000476837158,-1.8929756879806519,-1.8920321464538574
66,0.1,tmZoasNr4rU,13,ATV,-2.0,-1.9279097318649292,-1.9282894134521484
66,0.1,d6hH302o4v8,13,TV,-1.7999999523162842,-1.806016445159912,-1.809557318687439
66,0.1,dq3Nf_lMPnE,13,ATV,-1.7999999523162842,-0.009859945625066757,0.007666677236557007
66,0.1,k5Y_838nuGo,13,AV,-1.7999999523162842,-0.09829488396644592,-0.039302438497543335
66,0.1,iiK8YX8oH1E,13,AT,-1.2000000476837158,-1.5596226453781128,-1.5511950254440308
66,0.1,tStelxIAHjw,13,ATV,-1.7999999523162842,-0.9531740546226501,-0.9438596367835999
66,0.1,etzxEpPuc6I,13,ATV,-1.2000000476837158,-1.2775957584381104,-1.2711995840072632
66,0.1,v0zCBqDeKcE,13,ATV,1.5,0.7038324475288391,0.7186444401741028
66,0.1,f_pcplsH_V0,13,ATV,-1.0,-0.4105679988861084,-0.3942672610282898
66,0.1,tIrG4oNLFzE,13,ATV,-2.4000000953674316,-1.589861273765564,-1.5868583917617798
66,0.1,cM3Yna7AavY,13,ATV,-2.5999999046325684,-0.5825423002243042,-0.5678582191467285
66,0.1,lXPQBPVc5Cw,13,ATV,-2.200000047683716,-2.31976580619812,-2.328085422515869
66,0.1,cXypl4FnoZo,13,ATV,-0.6000000238418579,-0.30181884765625,-0.2856823205947876
66,0.1,c7UH_rxdZv4,13,ATV,1.2000000476837158,0.8062267303466797,0.8238181471824646
66,0.1,f9O3YtZ2VfI,14,AV,-1.2000000476837158,-0.6990106701850891,-0.652978777885437
66,0.1,wMbj6ajWbic,14,ATV,2.0,-0.27492135763168335,-0.2586655616760254
66,0.1,d3_k5Xpfmik,14,ATV,2.5999999046325684,1.4296023845672607,1.4445438385009766
66,0.1,vyB00TXsimI,14,ATV,2.5999999046325684,0.9630220532417297,0.978021502494812
66,0.1,zhpQhgha_KU,14,ATV,-2.0,-1.8474715948104858,-1.8471611738204956
66,0.1,phBUpBr1hSo,14,ATV,-2.200000047683716,-1.1003743410110474,-1.0891261100769043
66,0.1,yDtzw_Y-7RU,14,ATV,0.6000000238418579,1.335320234298706,1.3500837087631226
66,0.1,nzpVDcQ0ywM,14,T,-0.6000000238418579,0.418376624584198,0.4558418393135071
66,0.1,jUzDDGyPkXU,14,ATV,1.3333333730697632,-0.20741227269172668,-0.19195334613323212
66,0.1,rnaNMUZpvvg,14,ATV,-1.600000023841858,-1.5213576555252075,-1.5178667306900024
66,0.1,yvsjCA6Y5Fc,14,ATV,-2.0,-1.1262034177780151,-1.1186177730560303
66,0.1,pLTX3ipuDJI,14,AT,-1.399999976158142,-1.6449373960494995,-1.6395671367645264
66,0.1,cW1FSBF59ik,14,ATV,-2.5999999046325684,-1.7577284574508667,-1.7561445236206055
66,0.1,tmZoasNr4rU,14,ATV,0.25,-1.4673527479171753,-1.4632827043533325
66,0.1,d6hH302o4v8,14,ATV,-1.75,-1.9566888809204102,-1.9575614929199219
66,0.1,dq3Nf_lMPnE,14,ATV,1.0,0.665677011013031,0.681634783744812
66,0.1,k5Y_838nuGo,14,AT,-0.800000011920929,1.027150273323059,1.0596511363983154
66,0.1,iiK8YX8oH1E,14,AV,0.6000000238418579,-0.21495047211647034,-0.17514581978321075
66,0.1,tStelxIAHjw,14,AT,0.4000000059604645,0.02578878402709961,0.055631399154663086
66,0.1,etzxEpPuc6I,14,ATV,0.20000000298023224,0.3431980609893799,0.3598875403404236
66,0.1,v0zCBqDeKcE,14,AT,2.4000000953674316,1.1469238996505737,1.1797786951065063
66,0.1,f_pcplsH_V0,14,ATV,-1.0,-1.9107106924057007,-1.9106394052505493
66,0.1,tIrG4oNLFzE,14,AV,-2.0,-0.38622021675109863,-0.3550443649291992
66,0.1,cM3Yna7AavY,14,ATV,-2.4000000953674316,-1.8596628904342651,-1.8592561483383179
66,0.1,lXPQBPVc5Cw,14,AV,-2.799999952316284,-1.151525616645813,-1.1348671913146973
66,0.1,cXypl4FnoZo,14,ATV,0.0,-0.8478754758834839,-0.8356429934501648
66,0.1,c7UH_rxdZv4,14,ATV,-2.4000000953674316,-2.096968650817871,-2.100069046020508
66,0.1,f9O3YtZ2VfI,15,ATV,-1.0,0.8060925602912903,0.8211562633514404
66,0.1,wMbj6ajWbic,15,AV,-0.4000000059604645,-0.8863102197647095,-0.859373152256012
66,0.1,d3_k5Xpfmik,15,ATV,2.0,1.6518038511276245,1.6659773588180542
66,0.1,vyB00TXsimI,15,ATV,0.4000000059604645,0.6228380799293518,0.6372923254966736
66,0.1,zhpQhgha_KU,15,ATV,1.7999999523162842,1.393303632736206,1.4112226963043213
66,0.1,phBUpBr1hSo,15,ATV,-1.600000023841858,0.03796239197254181,0.0540238693356514
66,0.1,yDtzw_Y-7RU,15,ATV,0.6000000238418579,1.1684097051620483,1.183163046836853
66,0.1,nzpVDcQ0ywM,15,AV,1.399999976158142,0.1537363976240158,0.2118453085422516
66,0.1,jUzDDGyPkXU,15,ATV,1.2000000476837158,1.0637837648391724,1.0789645910263062
66,0.1,rnaNMUZpvvg,15,ATV,-1.7999999523162842,-1.945892333984375,-1.9466429948806763
66,0.1,yvsjCA6Y5Fc,15,ATV,-1.7999999523162842,-1.6891162395477295,-1.6867512464523315
66,0.1,pLTX3ipuDJI,15,ATV,-1.600000023841858,-1.5505324602127075,-1.547021508216858
66,0.1,cW1FSBF59ik,15,ATV,3.0,0.894974410533905,0.9131023287773132
66,0.1,tmZoasNr4rU,15,V,-1.399999976158142,-1.092254877090454,-1.0841633081436157
66,0.1,d6hH302o4v8,15,ATV,-2.0,-2.138040781021118,-2.141058921813965
66,0.1,k5Y_838nuGo,15,ATV,0.25,-0.9350765347480774,-0.9218161106109619
66,0.1,iiK8YX8oH1E,15,ATV,0.0,-0.367175817489624,-0.35152238607406616
66,0.1,tStelxIAHjw,15,ATV,0.800000011920929,1.3245725631713867,1.3392457962036133
66,0.1,etzxEpPuc6I,15,ATV,-2.4000000953674316,-2.087808847427368,-2.0913686752319336
66,0.1,v0zCBqDeKcE,15,AT,0.0,0.15896199643611908,0.19146645069122314
66,0.1,tIrG4oNLFzE,15,ATV,-1.600000023841858,-1.0688620805740356,-1.060132384300232
66,0.1,cM3Yna7AavY,15,ATV,-2.799999952316284,-1.054432988166809,-1.045431137084961
66,0.1,lXPQBPVc5Cw,15,ATV,0.20000000298023224,-1.060212254524231,-1.0506502389907837
66,0.1,cXypl4FnoZo,15,ATV,-0.6000000238418579,-1.4094945192337036,-1.4037506580352783
66,0.1,c7UH_rxdZv4,15,ATV,-2.0,-1.8161481618881226,-1.815219759941101
66,0.1,f9O3YtZ2VfI,16,ATV,-2.0,-0.5122931599617004,-0.49678778648376465
66,0.1,wMbj6ajWbic,16,ATV,2.0,0.9459429979324341,0.9625348448753357
66,0.1,d3_k5Xpfmik,16,ATV,1.600000023841858,0.1836775243282318,0.19734296202659607
66,0.1,vyB00TXsimI,16,ATV,1.399999976158142,1.067635178565979,1.0820362567901611
66,0.1,zhpQhgha_KU,16,ATV,1.75,1.60525381565094,1.6201043128967285
66,0.1,phBUpBr1hSo,16,TV,2.0,0.932007908821106,0.959298849105835
66,0.1,yDtzw_Y-7RU,16,ATV,0.20000000298023224,0.627944827079773,0.641955554485321
66,0.1,nzpVDcQ0ywM,16,ATV,1.600000023841858,1.0992811918258667,1.1138280630111694
66,0.1,jUzDDGyPkXU,16,ATV,-2.799999952316284,-2.118190288543701,-2.1215837001800537
66,0.1,rnaNMUZpvvg,16,ATV,-1.600000023841858,-0.9966523051261902,-0.9885430335998535
66,0.1,yvsjCA6Y5Fc,16,TV,-0.6000000238418579,-0.22854503989219666,-0.20739629864692688
66,0.1,cW1FSBF59ik,16,AV,2.4000000953674316,0.3885924220085144,0.45192980766296387
66,0.1,tmZoasNr4rU,16,TV,-1.399999976158142,-1.5595687627792358,-1.5591260194778442
66,0.1,d6hH302o4v8,16,ATV,-2.0,-1.5703877210617065,-1.5674583911895752
66,0.1,k5Y_838nuGo,16,ATV,0.800000011920929,0.065350241959095,0.08209934830665588
66,0.1,iiK8YX8oH1E,16,AT,1.600000023841858,1.5000592470169067,1.5292507410049438
66,0.1,etzxEpPuc6I,16,ATV,-0.4000000059604645,0.1297086626291275,0.1466943472623825
66,0.1,tIrG4oNLFzE,16,ATV,-0.4000000059604645,0.11558078229427338,0.13199590146541595
66,0.1,lXPQBPVc5Cw,16,ATV,-1.7999999523162842,0.8118945956230164,0.8293468356132507
66,0.1,cXypl4FnoZo,16,ATV,-0.6000000238418579,-0.9644848704338074,-0.9551993608474731
66,0.1,c7UH_rxdZv4,16,ATV,-1.399999976158142,0.6570479869842529,0.6749494075775146
66,0.1,f9O3YtZ2VfI,17,ATV,-1.0,-1.2372914552688599,-1.2285397052764893
66,0.1,wMbj6ajWbic,17,AV,-1.0,0.1454043835401535,0.20540669560432434
66,0.1,d3_k5Xpfmik,17,ATV,0.800000011920929,-1.3058542013168335,-1.2960294485092163
66,0.1,vyB00TXsimI,17,ATV,2.4000000953674316,1.4931060075759888,1.5077234506607056
66,0.1,zhpQhgha_KU,17,ATV,0.6000000238418579,0.7761709094047546,0.7909344434738159
66,0.1,phBUpBr1hSo,17,ATV,0.800000011920929,1.1815155744552612,1.1959455013275146
66,0.1,yDtzw_Y-7RU,17,ATV,-2.0,-1.6422516107559204,-1.6372230052947998
66,0.1,nzpVDcQ0ywM,17,ATV,1.2000000476837158,1.2609871625900269,1.2758917808532715
66,0.1,jUzDDGyPkXU,17,ATV,-2.4000000953674316,-1.8391398191452026,-1.8383004665374756
66,0.1,rnaNMUZpvvg,17,ATV,-2.200000047683716,-1.489075779914856,-1.4844862222671509
66,0.1,yvsjCA6Y5Fc,17,ATV,-2.200000047683716,-1.9204269647598267,-1.9207334518432617
66,0.1,cW1FSBF59ik,17,AV,2.5999999046325684,0.45686912536621094,0.5194061398506165
66,0.1,tmZoasNr4rU,17,ATV,0.0,-1.9988425970077515,-2.0000743865966797
66,0.1,d6hH302o4v8,17,ATV,-2.0,-2.138597249984741,-2.1414570808410645
66,0.1,k5Y_838nuGo,17,ATV,0.4000000059604645,1.146823763847351,1.1613174676895142
66,0.1,iiK8YX8oH1E,17,AT,-1.0,1.1250522136688232,1.153606653213501
66,0.1,etzxEpPuc6I,17,TV,1.399999976158142,1.2338930368423462,1.2602660655975342
66,0.1,tIrG4oNLFzE,17,ATV,-2.200000047683716,-1.536210060119629,-1.5317119359970093
66,0.1,lXPQBPVc5Cw,17,ATV,-1.399999976158142,-1.635905146598816,-1.631452202796936
66,0.1,cXypl4FnoZo,17,AT,-0.25,-1.6089175939559937,-1.6036194562911987
66,0.1,c7UH_rxdZv4,17,ATV,-2.25,-1.8300803899765015,-1.828586220741272
66,0.1,f9O3YtZ2VfI,18,ATV,-0.6000000238418579,-0.812804102897644,-0.8008272051811218
66,0.1,wMbj6ajWbic,18,ATV,-0.6000000238418579,0.07658237963914871,0.09093925356864929
66,0.1,d3_k5Xpfmik,18,AT,0.20000000298023224,0.4857743978500366,0.5191777348518372
66,0.1,vyB00TXsimI,18,TV,1.2000000476837158,1.3430956602096558,1.3673498630523682
66,0.1,zhpQhgha_KU,18,ATV,-0.800000011920929,-0.2746468782424927,-0.26078516244888306
66,0.1,phBUpBr1hSo,18,TV,2.0,1.419411301612854,1.4450814723968506
66,0.1,yDtzw_Y-7RU,18,ATV,-1.600000023841858,-1.9128764867782593,-1.9131901264190674
66,0.1,nzpVDcQ0ywM,18,AT,-2.0,0.32775282859802246,0.3576628565788269
66,0.1,jUzDDGyPkXU,18,ATV,2.200000047683716,-2.026263952255249,-2.0280778408050537
66,0.1,rnaNMUZpvvg,18,TV,-1.399999976158142,-1.6750187873840332,-1.6763509511947632
66,0.1,yvsjCA6Y5Fc,18,TV,-1.600000023841858,-1.5357286930084229,-1.5344491004943848
66,0.1,cW1FSBF59ik,18,ATV,0.20000000298023224,0.7632280588150024,0.7776484489440918
66,0.1,tmZoasNr4rU,18,ATV,0.20000000298023224,-1.1618565320968628,-1.1553164720535278
66,0.1,d6hH302o4v8,18,TV,-2.799999952316284,-1.868815541267395,-1.8734506368637085
66,0.1,k5Y_838nuGo,18,AV,-0.6000000238418579,-0.10686597228050232,-0.04787785932421684
66,0.1,etzxEpPuc6I,18,AT,-0.5,-0.5265706181526184,-0.5046743750572205
66,0.1,lXPQBPVc5Cw,18,TV,-1.7999999523162842,-1.629185676574707,-1.62921941280365
66,0.1,cXypl4FnoZo,18,AT,0.800000011920929,0.18965108692646027,0.22042793035507202
66,0.1,c7UH_rxdZv4,18,ATV,-1.7999999523162842,-1.9809321165084839,-1.982004165649414
66,0.1,f9O3YtZ2VfI,19,ATV,-0.4000000059604645,-1.2563601732254028,-1.2477855682373047
66,0.1,wMbj6ajWbic,19,ATV,-0.4000000059604645,0.7933047413825989,0.8081737756729126
66,0.1,vyB00TXsimI,19,ATV,2.200000047683716,1.6569651365280151,1.6703081130981445
66,0.1,zhpQhgha_KU,19,ATV,-1.399999976158142,-1.403929352760315,-1.3968108892440796
66,0.1,phBUpBr1hSo,19,ATV,-1.25,1.3696749210357666,1.383629322052002
66,0.1,yDtzw_Y-7RU,19,ATV,-0.6000000238418579,-0.6617169380187988,-0.6505786776542664
66,0.1,nzpVDcQ0ywM,19,ATV,0.20000000298023224,0.15060721337795258,0.16514497995376587
66,0.1,jUzDDGyPkXU,19,ATV,-2.200000047683716,-1.8842123746871948,-1.8842766284942627
66,0.1,rnaNMUZpvvg,19,ATV,0.800000011920929,0.9422867298126221,0.9604405760765076
66,0.1,yvsjCA6Y5Fc,19,TV,0.800000011920929,0.5507630109786987,0.5776997804641724
66,0.1,cW1FSBF59ik,19,AT,2.5,0.9152043461799622,0.9448416829109192
66,0.1,tmZoasNr4rU,19,ATV,-1.0,-1.9383257627487183,-1.9388056993484497
66,0.1,d6hH302o4v8,19,ATV,1.0,0.28425127267837524,0.30113697052001953
66,0.1,k5Y_838nuGo,19,TV,0.4000000059604645,-0.765911877155304,-0.7478412985801697
66,0.1,lXPQBPVc5Cw,19,ATV,-1.7999999523162842,-1.400844931602478,-1.3957507610321045
66,0.1,cXypl4FnoZo,19,AT,-1.0,-1.2852081060409546,-1.2729347944259644
66,0.1,c7UH_rxdZv4,19,ATV,-1.7999999523162842,-1.4194667339324951,-1.4148154258728027
66,0.1,f9O3YtZ2VfI,20,ATV,2.0,1.1503733396530151,1.1669219732284546
66,0.1,wMbj6ajWbic,20,ATV,1.600000023841858,1.1711610555648804,1.185850739479065
66,0.1,vyB00TXsimI,20,AV,1.2000000476837158,0.5852810740470886,0.6316455006599426
66,0.1,zhpQhgha_KU,20,ATV,0.6000000238418579,-0.778097927570343,-0.7661446332931519
66,0.1,phBUpBr1hSo,20,ATV,0.800000011920929,0.6167013049125671,0.6305031180381775
66,0.1,yDtzw_Y-7RU,20,ATV,0.20000000298023224,0.998532235622406,1.0156337022781372
66,0.1,nzpVDcQ0ywM,20,AV,-1.399999976158142,-0.5274656414985657,-0.4737125039100647
66,0.1,jUzDDGyPkXU,20,AT,-1.0,0.47414934635162354,0.5075551867485046
66,0.1,rnaNMUZpvvg,20,ATV,-2.5999999046325684,-1.4554520845413208,-1.448562741279602
66,0.1,yvsjCA6Y5Fc,20,ATV,-1.7999999523162842,-1.73101806640625,-1.728230595588684
66,0.1,cW1FSBF59ik,20,ATV,1.600000023841858,1.4892196655273438,1.503595232963562
66,0.1,d6hH302o4v8,20,TV,-2.4000000953674316,-1.9577428102493286,-1.9647631645202637
66,0.1,k5Y_838nuGo,20,AT,-0.20000000298023224,-1.8913198709487915,-1.8906017541885376
66,0.1,lXPQBPVc5Cw,20,AV,1.7999999523162842,-0.6729001402854919,-0.6498376131057739
66,0.1,cXypl4FnoZo,20,ATV,-0.6000000238418579,-0.6346889138221741,-0.621709406375885
66,0.1,c7UH_rxdZv4,20,ATV,-0.800000011920929,-0.055021606385707855,-0.03928924351930618
66,0.1,f9O3YtZ2VfI,21,ATV,1.399999976158142,1.2941932678222656,1.309068202972412
66,0.1,wMbj6ajWbic,21,ATV,1.399999976158142,1.298256516456604,1.3127156496047974
66,0.1,vyB00TXsimI,21,ATV,0.6000000238418579,-0.2995816469192505,-0.2866519093513489
66,0.1,zhpQhgha_KU,21,ATV,0.6000000238418579,-0.7250672578811646,-0.7125002145767212
66,0.1,yDtzw_Y-7RU,21,ATV,2.0,1.454215407371521,1.4691832065582275
66,0.1,nzpVDcQ0ywM,21,ATV,2.0,1.4412981271743774,1.456212043762207
66,0.1,jUzDDGyPkXU,21,ATV,-2.4000000953674316,-1.822532296180725,-1.8209519386291504
66,0.1,rnaNMUZpvvg,21,ATV,-2.200000047683716,-1.7161259651184082,-1.7140196561813354
66,0.1,yvsjCA6Y5Fc,21,ATV,-1.600000023841858,-1.6881508827209473,-1.685793399810791
66,0.1,cW1FSBF59ik,21,V,-1.0,0.4911033511161804,0.530439555644989
66,0.1,d6hH302o4v8,21,ATV,-1.0,-2.1478090286254883,-2.150865077972412
66,0.1,k5Y_838nuGo,21,ATV,0.4000000059604645,0.8078827261924744,0.8255179524421692
66,0.1,lXPQBPVc5Cw,21,TV,2.5999999046325684,1.2519752979278564,1.2832410335540771
66,0.1,cXypl4FnoZo,21,ATV,0.20000000298023224,0.2869926691055298,0.30357593297958374
66,0.1,c7UH_rxdZv4,21,ATV,-2.4000000953674316,-1.0048930644989014,-0.9940257668495178
66,0.1,f9O3YtZ2VfI,22,ATV,1.600000023841858,1.2413053512573242,1.2557239532470703
66,0.1,wMbj6ajWbic,22,ATV,1.7999999523162842,1.33743155002594,1.3517680168151855
66,0.1,zhpQhgha_KU,22,ATV,-0.5,0.38200658559799194,0.3986867070198059
66,0.1,yDtzw_Y-7RU,22,ATV,2.200000047683716,1.3351962566375732,1.3493033647537231
66,0.1,nzpVDcQ0ywM,22,ATV,2.0,1.7188327312469482,1.7323521375656128
66,0.1,jUzDDGyPkXU,22,ATV,1.2000000476837158,1.0466688871383667,1.0646904706954956
66,0.1,yvsjCA6Y5Fc,22,TV,-1.2000000476837158,-1.1780633926391602,-1.1706185340881348
66,0.1,cW1FSBF59ik,22,A,1.399999976158142,0.35063087940216064,0.3943004608154297
66,0.1,d6hH302o4v8,22,T,-2.5999999046325684,-1.990308165550232,-1.9944897890090942
66,0.1,k5Y_838nuGo,22,AT,-0.20000000298023224,0.7404218912124634,0.7734354734420776
66,0.1,lXPQBPVc5Cw,22,ATV,-2.4000000953674316,-1.1537889242172241,-1.1416294574737549
66,0.1,cXypl4FnoZo,22,ATV,0.4000000059604645,0.45359039306640625,0.46972334384918213
66,0.1,c7UH_rxdZv4,22,ATV,-0.6000000238418579,-1.5105197429656982,-1.5057181119918823
66,0.1,f9O3YtZ2VfI,23,ATV,-2.5999999046325684,-1.1313725709915161,-1.1202454566955566
66,0.1,wMbj6ajWbic,23,ATV,1.399999976158142,1.1869620084762573,1.201262354850769
66,0.1,zhpQhgha_KU,23,ATV,0.0,-1.2743996381759644,-1.2657414674758911
66,0.1,yDtzw_Y-7RU,23,ATV,-0.800000011920929,-0.7124516367912292,-0.6998038291931152
66,0.1,nzpVDcQ0ywM,23,ATV,1.600000023841858,1.3972336053848267,1.4108837842941284
66,0.1,jUzDDGyPkXU,23,ATV,-1.0,-1.5381563901901245,-1.531111478805542
66,0.1,cW1FSBF59ik,23,A,0.0,0.6511783599853516,0.6976205706596375
66,0.1,d6hH302o4v8,23,ATV,-2.799999952316284,-2.0092523097991943,-2.0106992721557617
66,0.1,k5Y_838nuGo,23,ATV,0.6000000238418579,0.1464034914970398,0.16163907945156097
66,0.1,lXPQBPVc5Cw,23,ATV,-1.399999976158142,-1.9234720468521118,-1.9236825704574585
66,0.1,cXypl4FnoZo,23,ATV,0.20000000298023224,0.03188738226890564,0.048036105930805206
66,0.1,c7UH_rxdZv4,23,ATV,-1.7999999523162842,-1.5113353729248047,-1.506912350654602
66,0.1,f9O3YtZ2VfI,24,ATV,-1.399999976158142,-1.896497130393982,-1.8965200185775757
66,0.1,wMbj6ajWbic,24,V,2.0,0.0724409744143486,0.10792076587677002
66,0.1,zhpQhgha_KU,24,AV,1.0,-0.7792083621025085,-0.7539752721786499
66,0.1,jUzDDGyPkXU,24,ATV,-2.0,-1.944048523902893,-1.9445863962173462
66,0.1,d6hH302o4v8,24,ATV,-1.600000023841858,-1.6578497886657715,-1.6557201147079468
66,0.1,k5Y_838nuGo,24,ATV,-0.20000000298023224,-1.038474678993225,-1.026848554611206
66,0.1,lXPQBPVc5Cw,24,ATV,-2.4000000953674316,-0.5161178708076477,-0.504097044467926
66,0.1,cXypl4FnoZo,24,AV,-1.2000000476837158,-0.5585986971855164,-0.5191183686256409
66,0.1,c7UH_rxdZv4,24,T,0.0,0.6881242394447327,0.7264832854270935
66,0.1,f9O3YtZ2VfI,25,ATV,1.399999976158142,0.8577988743782043,0.8759243488311768
66,0.1,wMbj6ajWbic,25,AT,1.7999999523162842,1.045446753501892,1.0764566659927368
66,0.1,zhpQhgha_KU,25,ATV,0.0,-0.6221962571144104,-0.6087044477462769
66,0.1,jUzDDGyPkXU,25,ATV,-2.0,-0.8815364241600037,-0.8718020915985107
66,0.1,d6hH302o4v8,25,AV,-2.5999999046325684,-1.0828677415847778,-1.072143793106079
66,0.1,k5Y_838nuGo,25,ATV,2.0,0.7343029379844666,0.7519418597221375
66,0.1,lXPQBPVc5Cw,25,ATV,-2.799999952316284,-1.7995408773422241,-1.7985990047454834
66,0.1,cXypl4FnoZo,25,AV,0.6000000238418579,-0.32990384101867676,-0.2836134433746338
66,0.1,c7UH_rxdZv4,25,ATV,-2.5999999046325684,-0.3892471194267273,-0.37285423278808594
66,0.1,f9O3YtZ2VfI,26,ATV,1.600000023841858,1.3654500246047974,1.3805851936340332
66,0.1,wMbj6ajWbic,26,ATV,0.0,-0.36134666204452515,-0.3485691547393799
66,0.1,zhpQhgha_KU,26,ATV,0.800000011920929,0.43556535243988037,0.45210421085357666
66,0.1,jUzDDGyPkXU,26,TV,-2.0,-1.8860913515090942,-1.892006516456604
66,0.1,d6hH302o4v8,26,TV,-2.5999999046325684,-1.1739805936813354,-1.1671192646026611
66,0.1,k5Y_838nuGo,26,ATV,-0.800000011920929,-0.9897924065589905,-0.9773867130279541
66,0.1,lXPQBPVc5Cw,26,AT,-2.799999952316284,-1.7389732599258423,-1.7359133958816528
66,0.1,cXypl4FnoZo,26,ATV,0.800000011920929,-0.031236346811056137,-0.015186302363872528
66,0.1,c7UH_rxdZv4,26,T,-1.7999999523162842,0.37484264373779297,0.4119362235069275
66,0.1,f9O3YtZ2VfI,27,ATV,1.2000000476837158,1.0718132257461548,1.086351752281189
66,0.1,wMbj6ajWbic,27,AV,2.4000000953674316,-0.10906291007995605,-0.048868678510189056
66,0.1,zhpQhgha_KU,27,ATV,1.399999976158142,1.0500694513320923,1.0650668144226074
66,0.1,d6hH302o4v8,27,ATV,-1.0,-1.5652673244476318,-1.561606764793396
66,0.1,k5Y_838nuGo,27,ATV,2.0,1.1021076440811157,1.1186484098434448
66,0.1,lXPQBPVc5Cw,27,AT,0.800000011920929,0.02318771928548813,0.052758485078811646
66,0.1,cXypl4FnoZo,27,TV,-2.200000047683716,-0.9012872576713562,-0.8862974047660828
66,0.1,c7UH_rxdZv4,27,ATV,-0.800000011920929,-0.5147790312767029,-0.4989624619483948
66,0.1,f9O3YtZ2VfI,28,TV,-2.0,-0.22869855165481567,-0.20677410066127777
66,0.1,wMbj6ajWbic,28,ATV,1.7999999523162842,1.4697035551071167,1.4850298166275024
66,0.1,zhpQhgha_KU,28,ATV,-1.2000000476837158,-1.828905463218689,-1.8268959522247314
66,0.1,d6hH302o4v8,28,ATV,-1.7999999523162842,-1.366345763206482,-1.361327052116394
66,0.1,k5Y_838nuGo,28,ATV,-0.75,-1.2819232940673828,-1.2715040445327759
66,0.1,lXPQBPVc5Cw,28,ATV,-1.2000000476837158,-1.5921555757522583,-1.5882388353347778
66,0.1,cXypl4FnoZo,28,ATV,-1.399999976158142,-1.0354704856872559,-1.0257339477539062
66,0.1,c7UH_rxdZv4,28,ATV,0.6000000238418579,0.9451793432235718,0.9600744843482971
66,0.1,f9O3YtZ2VfI,29,TV,-1.0,-1.6951919794082642,-1.6959861516952515
66,0.1,wMbj6ajWbic,29,V,0.800000011920929,0.12517082691192627,0.16489192843437195
66,0.1,zhpQhgha_KU,29,AT,-2.0,-1.9389277696609497,-1.939424753189087
66,0.1,d6hH302o4v8,29,ATV,-2.799999952316284,-2.107604742050171,-2.1101772785186768
66,0.1,k5Y_838nuGo,29,ATV,1.600000023841858,0.9664108157157898,0.9830908179283142
66,0.1,lXPQBPVc5Cw,29,ATV,-2.0,-1.5078483819961548,-1.503857135772705
66,0.1,c7UH_rxdZv4,29,ATV,1.2000000476837158,0.20505063235759735,0.21962380409240723
66,0.1,zhpQhgha_KU,30,ATV,-1.0,-0.33471208810806274,-0.3200063705444336
66,0.1,d6hH302o4v8,30,ATV,-1.399999976158142,-1.9308767318725586,-1.9314693212509155
66,0.1,k5Y_838nuGo,30,ATV,-1.0,-1.2700659036636353,-1.2598716020584106
66,0.1,c7UH_rxdZv4,30,ATV,-1.399999976158142,0.2453620880842209,0.26079362630844116
66,0.1,zhpQhgha_KU,31,TV,0.800000011920929,0.30336737632751465,0.328402042388916
66,0.1,d6hH302o4v8,31,ATV,-0.6000000238418579,0.3697407841682434,0.3863524794578552
66,0.1,c7UH_rxdZv4,31,AV,-2.200000047683716,-0.4495285749435425,-0.39273470640182495
66,0.1,zhpQhgha_KU,32,ATV,-0.4000000059604645,0.38050633668899536,0.3963845372200012
66,0.1,d6hH302o4v8,32,AV,-3.0,-0.9655753970146179,-0.9406804442405701
66,0.1,c7UH_rxdZv4,32,ATV,-1.7999999523162842,-1.0984550714492798,-1.086761474609375
66,0.1,zhpQhgha_KU,33,ATV,1.2000000476837158,1.4096405506134033,1.4248480796813965
66,0.1,d6hH302o4v8,33,ATV,-3.0,-0.7980495691299438,-0.7860386967658997
66,0.1,zhpQhgha_KU,34,ATV,0.6000000238418579,1.0393141508102417,1.0535907745361328
66,0.1,d6hH302o4v8,34,ATV,-1.600000023841858,-2.0104753971099854,-2.0122313499450684
66,0.1,d6hH302o4v8,35,ATV,-2.200000047683716,-2.0503990650177,-2.0522303581237793
66,0.1,d6hH302o4v8,36,ATV,-2.200000047683716,-2.210819959640503,-2.214310884475708
66,0.1,d6hH302o4v8,37,ATV,-3.0,-1.996890902519226,-1.9981523752212524
66,0.1,d6hH302o4v8,38,ATV,-3.0,-2.2305288314819336,-2.2341933250427246
66,0.1,d6hH302o4v8,39,AV,-1.0,-0.7354059815406799,-0.7150667905807495
66,0.1,d6hH302o4v8,40,ATV,-2.4000000953674316,-1.9726303815841675,-1.9737555980682373
66,0.1,d6hH302o4v8,41,T,-1.399999976158142,-1.5638684034347534,-1.5625145435333252
66,0.1,d6hH302o4v8,42,ATV,-2.5,-1.0392390489578247,-1.031532645225525
66,0.2,f9O3YtZ2VfI,0,AT,-1.2000000476837158,-1.9454928636550903,-1.9454928636550903
66,0.2,wMbj6ajWbic,0,A,0.5,0.9069903492927551,0.9069902896881104
66,0.2,vvZ4IcEtiZc,0,T,2.0,1.8542659282684326,1.854265809059143
66,0.2,d3_k5Xpfmik,0,ATV,2.0,1.5250228643417358,1.5250228643417358
66,0.2,vyB00TXsimI,0,V,0.0,0.26299434900283813,0.26299434900283813
66,0.2,fvVhgmXxadc,0,ATV,-0.4000000059604645,1.4573205709457397,1.4573204517364502
66,0.2,ob23OKe5a9Q,0,ATV,1.2000000476837158,1.4961605072021484,1.4961605072021484
66,0.2,zhpQhgha_KU,0,ATV,-1.600000023841858,-1.8052016496658325,-1.805201768875122
66,0.2,phBUpBr1hSo,0,ATV,1.399999976158142,1.858249306678772,1.858249545097351
66,0.2,yDtzw_Y-7RU,0,T,0.800000011920929,1.1978150606155396,1.197815179824829
66,0.2,nzpVDcQ0ywM,0,TV,0.0,1.3636730909347534,1.3636730909347534
66,0.2,jUzDDGyPkXU,0,A,2.799999952316284,0.37214577198028564,0.3721458315849304
66,0.2,rnaNMUZpvvg,0,ATV,-2.5999999046325684,-2.072314500808716,-2.072314500808716
66,0.2,yvsjCA6Y5Fc,0,TV,-2.0,0.4437568783760071,0.4437568783760071
66,0.2,pLTX3ipuDJI,0,AV,-2.4000000953674316,0.27942436933517456,0.2794243097305298
66,0.2,cW1FSBF59ik,0,ATV,-2.5999999046325684,-1.9253789186477661,-1.925378680229187
66,0.2,tmZoasNr4rU,0,ATV,0.0,0.5200470685958862,0.5200470089912415
66,0.2,d6hH302o4v8,0,ATV,-2.799999952316284,-2.4594404697418213,-2.4594407081604004
66,0.2,dq3Nf_lMPnE,0,ATV,0.0,0.7847111821174622,0.7847111225128174
66,0.2,k5Y_838nuGo,0,TV,-1.600000023841858,-1.5631861686706543,-1.5631861686706543
66,0.2,iiK8YX8oH1E,0,ATV,-2.5999999046325684,-1.177939772605896,-1.177939772605896
66,0.2,tStelxIAHjw,0,ATV,0.0,1.2094210386276245,1.2094210386276245
66,0.2,nbWiPyCm4g0,0,ATV,1.2000000476837158,1.32661771774292,1.3266178369522095
66,0.2,etzxEpPuc6I,0,AV,0.4000000059604645,0.42389023303985596,0.4238901734352112
66,0.2,v0zCBqDeKcE,0,ATV,2.5999999046325684,0.7574893236160278,0.7574893236160278
66,0.2,f_pcplsH_V0,0,AV,0.25,0.017440497875213623,0.01744047924876213
66,0.2,tIrG4oNLFzE,0,ATV,2.799999952316284,1.550991415977478,1.550991415977478
66,0.2,cM3Yna7AavY,0,ATV,2.200000047683716,-0.7885040640830994,-0.7885040640830994
66,0.2,lXPQBPVc5Cw,0,ATV,0.20000000298023224,1.6031419038772583,1.6031419038772583
66,0.2,cXypl4FnoZo,0,T,1.0,-0.5855857729911804,-0.5855857729911804
66,0.2,c7UH_rxdZv4,0,AT,-2.799999952316284,-2.0234930515289307,-2.0234930515289307
66,0.2,f9O3YtZ2VfI,1,ATV,1.25,1.3205739259719849,1.3366715908050537
66,0.2,wMbj6ajWbic,1,AT,-0.800000011920929,-1.304252028465271,-1.2778210639953613
66,0.2,vvZ4IcEtiZc,1,V,2.4000000953674316,1.0631898641586304,1.1107903718948364
66,0.2,d3_k5Xpfmik,1,TV,0.0,0.11845268309116364,0.14450351893901825
66,0.2,vyB00TXsimI,1,AV,-2.4000000953674316,0.05283551663160324,0.12391195446252823
66,0.2,fvVhgmXxadc,1,ATV,-2.799999952316284,-1.8911315202713013,-1.8879529237747192
66,0.2,ob23OKe5a9Q,1,ATV,1.0,1.062726616859436,1.0783414840698242
66,0.2,zhpQhgha_KU,1,ATV,1.600000023841858,1.4352262020111084,1.451442003250122
66,0.2,phBUpBr1hSo,1,AT,2.200000047683716,1.5550719499588013,1.5770434141159058
66,0.2,yDtzw_Y-7RU,1,ATV,0.800000011920929,0.22192636132240295,0.23698997497558594
66,0.2,nzpVDcQ0ywM,1,ATV,-1.600000023841858,0.02149222418665886,0.0370221883058548
66,0.2,jUzDDGyPkXU,1,ATV,2.5999999046325684,1.6735204458236694,1.6897704601287842
66,0.2,rnaNMUZpvvg,1,AV,2.25,-1.0551085472106934,-1.0320013761520386
66,0.2,yvsjCA6Y5Fc,1,V,-1.2000000476837158,-0.4216808080673218,-0.36324387788772583
66,0.2,pLTX3ipuDJI,1,ATV,-1.7999999523162842,-0.1607610583305359,-0.14516647160053253
66,0.2,cW1FSBF59ik,1,ATV,3.0,1.1385196447372437,1.156272292137146
66,0.2,tmZoasNr4rU,1,V,-2.0,-0.3727648854255676,-0.3224468231201172
66,0.2,d6hH302o4v8,1,AT,-1.7999999523162842,-1.8206437826156616,-1.8188228607177734
66,0.2,dq3Nf_lMPnE,1,V,-1.399999976158142,-0.4725649356842041,-0.4249836206436157
66,0.2,k5Y_838nuGo,1,AV,1.2000000476837158,-0.6699778437614441,-0.6314011216163635
66,0.2,iiK8YX8oH1E,1,ATV,1.2000000476837158,0.905897319316864,0.9226832985877991
66,0.2,tStelxIAHjw,1,AV,-2.0,-0.13171856105327606,-0.07151097804307938
66,0.2,nbWiPyCm4g0,1,ATV,-2.4000000953674316,1.0121945142745972,1.0275237560272217
66,0.2,etzxEpPuc6I,1,AT,1.2000000476837158,-0.03994698077440262,-0.011673059314489365
66,0.2,v0zCBqDeKcE,1,ATV,-0.4000000059604645,1.1492384672164917,1.1648415327072144
66,0.2,f_pcplsH_V0,1,AT,1.399999976158142,0.6672505736351013,0.6998919248580933
66,0.2,tIrG4oNLFzE,1,ATV,2.4000000953674316,1.545857310295105,1.5599602460861206
66,0.2,cM3Yna7AavY,1,ATV,2.5,0.8819299936294556,0.8985654711723328
66,0.2,lXPQBPVc5Cw,1,AV,-2.200000047683716,0.3641155958175659,0.42362695932388306
66,0.2,cXypl4FnoZo,1,TV,1.0,1.0385072231292725,1.066937804222107
66,0.2,c7UH_rxdZv4,1,ATV,-2.5999999046325684,-2.1017885208129883,-2.104609727859497
66,0.2,f9O3YtZ2VfI,2,AV,0.6000000238418579,-0.33261537551879883,-0.2732126712799072
66,0.2,wMbj6ajWbic,2,ATV,0.0,-0.21369823813438416,-0.19560760259628296
66,0.2,vvZ4IcEtiZc,2,ATV,1.399999976158142,-0.44323039054870605,-0.4293510913848877
66,0.2,d3_k5Xpfmik,2,ATV,2.0,1.4320653676986694,1.4474337100982666
66,0.2,vyB00TXsimI,2,ATV,2.200000047683716,1.6343610286712646,1.6507904529571533
66,0.2,fvVhgmXxadc,2,ATV,-2.200000047683716,-1.7701776027679443,-1.7682766914367676
66,0.2,ob23OKe5a9Q,2,AT,-1.2000000476837158,-1.6994857788085938,-1.690997838973999
66,0.2,zhpQhgha_KU,2,ATV,-1.600000023841858,-1.7805603742599487,-1.7767314910888672
66,0.2,phBUpBr1hSo,2,ATV,2.799999952316284,1.6916617155075073,1.7034790515899658
66,0.2,yDtzw_Y-7RU,2,ATV,0.75,-0.07216496765613556,-0.05568462237715721
66,0.2,nzpVDcQ0ywM,2,ATV,0.800000011920929,1.0321954488754272,1.0476970672607422
66,0.2,jUzDDGyPkXU,2,AV,0.0,0.1322036236524582,0.18567094206809998
66,0.2,rnaNMUZpvvg,2,ATV,-0.800000011920929,-0.7630693316459656,-0.7509540915489197
66,0.2,yvsjCA6Y5Fc,2,AV,-2.0,-0.355607807636261,-0.29455649852752686
66,0.2,pLTX3ipuDJI,2,ATV,-1.2000000476837158,-0.7359300255775452,-0.7216552495956421
66,0.2,cW1FSBF59ik,2,AT,-1.0,-1.0057395696640015,-0.9829728007316589
66,0.2,tmZoasNr4rU,2,AT,-2.0,-1.5923391580581665,-1.5838650465011597
66,0.2,d6hH302o4v8,2,AT,0.20000000298023224,-0.9320499300956726,-0.9153792262077332
66,0.2,dq3Nf_lMPnE,2,ATV,-1.2000000476837158,-1.7974905967712402,-1.7942407131195068
66,0.2,k5Y_838nuGo,2,AV,0.800000011920929,-0.7201145887374878,-0.6869152784347534
66,0.2,iiK8YX8oH1E,2,ATV,-1.25,-1.0453168153762817,-1.0310262441635132
66,0.2,tStelxIAHjw,2,AV,0.5,0.2599871754646301,0.31890761852264404
66,0.2,nbWiPyCm4g0,2,ATV,-1.7999999523162842,-1.8092628717422485,-1.8057596683502197
66,0.2,etzxEpPuc6I,2,ATV,-1.600000023841858,-1.219017505645752,-1.2079532146453857
66,0.2,v0zCBqDeKcE,2,TV,0.6000000238418579,0.871508002281189,0.8969290852546692
66,0.2,f_pcplsH_V0,2,AT,0.800000011920929,-0.6625396013259888,-0.6344538331031799
66,0.2,tIrG4oNLFzE,2,ATV,2.5999999046325684,1.5721040964126587,1.5855958461761475
66,0.2,cM3Yna7AavY,2,ATV,1.0,0.039430081844329834,0.05410638451576233
66,0.2,lXPQBPVc5Cw,2,V,-2.4000000953674316,0.06895411759614944,0.1215699091553688
66,0.2,cXypl4FnoZo,2,ATV,1.7999999523162842,1.2826043367385864,1.2980537414550781
66,0.2,c7UH_rxdZv4,2,AV,-0.800000011920929,-0.6968164443969727,-0.6669256687164307
66,0.2,f9O3YtZ2VfI,3,T,-2.4000000953674316,-1.760759949684143,-1.7562109231948853
66,0.2,wMbj6ajWbic,3,ATV,1.0,-1.8136719465255737,-1.811903953552246
66,0.2,vvZ4IcEtiZc,3,TV,2.200000047683716,1.470000147819519,1.498514175415039
66,0.2,d3_k5Xpfmik,3,ATV,-1.0,-0.9988825917243958,-0.9872224926948547
66,0.2,vyB00TXsimI,3,ATV,1.7999999523162842,1.5989195108413696,1.6127978563308716
66,0.2,fvVhgmXxadc,3,AV,-2.799999952316284,-1.1738721132278442,-1.1613802909851074
66,0.2,ob23OKe5a9Q,3,ATV,-1.5,-1.3787956237792969,-1.3716259002685547
66,0.2,zhpQhgha_KU,3,AV,-1.600000023841858,-0.9890410900115967,-0.9672890901565552
66,0.2,phBUpBr1hSo,3,ATV,-0.800000011920929,-0.6145126223564148,-0.6022278070449829
66,0.2,yDtzw_Y-7RU,3,AV,-1.0,-0.2942495346069336,-0.24032200872898102
66,0.2,nzpVDcQ0ywM,3,ATV,-1.600000023841858,-1.7166111469268799,-1.7118921279907227
66,0.2,jUzDDGyPkXU,3,ATV,-1.600000023841858,1.1081739664077759,1.1232411861419678
66,0.2,rnaNMUZpvvg,3,TV,-2.4000000953674316,-2.050408124923706,-2.059549570083618
66,0.2,yvsjCA6Y5Fc,3,ATV,-0.20000000298023224,-0.13064511120319366,-0.11445675790309906
66,0.2,pLTX3ipuDJI,3,T,-2.200000047683716,0.13443006575107574,0.17173323035240173
66,0.2,cW1FSBF59ik,3,TV,1.600000023841858,0.985437273979187,1.0132849216461182
66,0.2,tmZoasNr4rU,3,ATV,-0.800000011920929,-1.6535072326660156,-1.6502982378005981
66,0.2,d6hH302o4v8,3,TV,-1.600000023841858,-1.6232911348342896,-1.6232398748397827
66,0.2,dq3Nf_lMPnE,3,A,-0.4000000059604645,-0.7490667700767517,-0.7241169810295105
66,0.2,k5Y_838nuGo,3,ATV,1.0,0.8784367442131042,0.8950585722923279
66,0.2,iiK8YX8oH1E,3,AT,-2.0,-1.5142155885696411,-1.5054266452789307
66,0.2,tStelxIAHjw,3,AV,-2.799999952316284,0.03744898736476898,0.0958000048995018
66,0.2,nbWiPyCm4g0,3,ATV,-2.200000047683716,-1.7947102785110474,-1.7933226823806763
66,0.2,etzxEpPuc6I,3,AT,0.800000011920929,0.587120532989502,0.6195384860038757
66,0.2,v0zCBqDeKcE,3,ATV,0.0,-0.2151016891002655,-0.20176538825035095
66,0.2,f_pcplsH_V0,3,TV,0.5,0.3179107904434204,0.34432142972946167
66,0.2,tIrG4oNLFzE,3,ATV,1.399999976158142,0.14610137045383453,0.16056448221206665
66,0.2,cM3Yna7AavY,3,ATV,0.6000000238418579,0.7033180594444275,0.717846691608429
66,0.2,lXPQBPVc5Cw,3,AV,-1.2000000476837158,0.005893360823392868,0.06297846138477325
66,0.2,cXypl4FnoZo,3,TV,-0.800000011920929,-1.0023823976516724,-0.9855617880821228
66,0.2,c7UH_rxdZv4,3,ATV,1.600000023841858,1.2740718126296997,1.2912688255310059
66,0.2,f9O3YtZ2VfI,4,ATV,-1.7999999523162842,-0.9556806087493896,-0.9446496367454529
66,0.2,wMbj6ajWbic,4,AT,0.20000000298023224,0.9031755328178406,0.9419606328010559
66,0.2,vvZ4IcEtiZc,4,ATV,1.2000000476837158,1.7788861989974976,1.792259931564331
66,0.2,d3_k5Xpfmik,4,ATV,2.200000047683716,1.483608603477478,1.4995527267456055
66,0.2,vyB00TXsimI,4,ATV,1.7999999523162842,1.4997549057006836,1.5134646892547607
66,0.2,fvVhgmXxadc,4,ATV,0.0,-0.6280410885810852,-0.6157312393188477
66,0.2,ob23OKe5a9Q,4,ATV,-1.7999999523162842,-2.0895135402679443,-2.092268466949463
66,0.2,zhpQhgha_KU,4,V,-2.200000047683716,-0.4773598313331604,-0.4490966796875
66,0.2,phBUpBr1hSo,4,ATV,-1.399999976158142,-1.726388692855835,-1.7234036922454834
66,0.2,yDtzw_Y-7RU,4,ATV,0.5,-0.9639004468917847,-0.9512380361557007
66,0.2,nzpVDcQ0ywM,4,AV,-0.4000000059604645,-1.0106642246246338,-0.9901058077812195
66,0.2,jUzDDGyPkXU,4,ATV,-1.2000000476837158,-0.793456494808197,-0.7805861234664917
66,0.2,rnaNMUZpvvg,4,AV,-2.799999952316284,-1.2536903619766235,-1.2467937469482422
66,0.2,yvsjCA6Y5Fc,4,ATV,0.4000000059604645,-0.5740931630134583,-0.5590302348136902
66,0.2,pLTX3ipuDJI,4,AV,-2.0,-0.4092603921890259,-0.3655726909637451
66,0.2,cW1FSBF59ik,4,ATV,2.0,1.3960989713668823,1.411302089691162
66,0.2,tmZoasNr4rU,4,ATV,-0.800000011920929,-1.427941083908081,-1.4231303930282593
66,0.2,d6hH302o4v8,4,ATV,-1.3333333730697632,-1.1179465055465698,-1.1102726459503174
66,0.2,dq3Nf_lMPnE,4,T,1.2000000476837158,-0.9533954858779907,-0.9376636147499084
66,0.2,k5Y_838nuGo,4,TV,-1.3333333730697632,-1.5577174425125122,-1.555288553237915
66,0.2,iiK8YX8oH1E,4,AV,-0.4000000059604645,-0.512358546257019,-0.4820018410682678
66,0.2,tStelxIAHjw,4,ATV,-2.200000047683716,-1.4709758758544922,-1.4631019830703735
66,0.2,nbWiPyCm4g0,4,ATV,-1.399999976158142,-1.4628225564956665,-1.4584627151489258
66,0.2,etzxEpPuc6I,4,ATV,0.0,0.30050134658813477,0.3158265948295593
66,0.2,v0zCBqDeKcE,4,ATV,2.0,1.1475385427474976,1.1625115871429443
66,0.2,f_pcplsH_V0,4,ATV,1.2000000476837158,0.11981236189603806,0.13603362441062927
66,0.2,tIrG4oNLFzE,4,AV,0.4000000059604645,-0.1053372174501419,-0.04431804269552231
66,0.2,cM3Yna7AavY,4,ATV,2.799999952316284,1.4068678617477417,1.4222174882888794
66,0.2,lXPQBPVc5Cw,4,ATV,-1.0,-0.23183801770210266,-0.21790875494480133
66,0.2,cXypl4FnoZo,4,AV,1.7999999523162842,-0.20613200962543488,-0.15319328010082245
66,0.2,c7UH_rxdZv4,4,ATV,-2.200000047683716,0.8857995271682739,0.9005788564682007
66,0.2,f9O3YtZ2VfI,5,V,-2.5999999046325684,-0.6322248578071594,-0.6097119450569153
66,0.2,wMbj6ajWbic,5,V,1.7999999523162842,-0.49859756231307983,-0.4558500647544861
66,0.2,vvZ4IcEtiZc,5,ATV,1.0,1.5005429983139038,1.5130996704101562
66,0.2,d3_k5Xpfmik,5,ATV,1.600000023841858,1.4291218519210815,1.444010853767395
66,0.2,vyB00TXsimI,5,ATV,2.0,1.316424012184143,1.3302888870239258
66,0.2,fvVhgmXxadc,5,ATV,-0.20000000298023224,-1.6848806142807007,-1.682411551475525
66,0.2,ob23OKe5a9Q,5,ATV,0.0,-1.6011618375778198,-1.5981999635696411
66,0.2,zhpQhgha_KU,5,T,1.0,0.9089757800102234,0.948761522769928
66,0.2,phBUpBr1hSo,5,AT,1.600000023841858,0.8893918395042419,0.9230560660362244
66,0.2,yDtzw_Y-7RU,5,ATV,-1.2000000476837158,-0.5144652128219604,-0.4995202422142029
66,0.2,nzpVDcQ0ywM,5,ATV,-1.399999976158142,-2.129746913909912,-2.132885217666626
66,0.2,jUzDDGyPkXU,5,ATV,-1.600000023841858,-1.7245498895645142,-1.7215248346328735
66,0.2,rnaNMUZpvvg,5,AV,-2.5999999046325684,-0.787190318107605,-0.7674389481544495
66,0.2,yvsjCA6Y5Fc,5,ATV,0.0,-1.9551453590393066,-1.9560149908065796
66,0.2,pLTX3ipuDJI,5,ATV,-1.399999976158142,-1.5417654514312744,-1.5372021198272705
66,0.2,cW1FSBF59ik,5,ATV,1.2000000476837158,1.50556218624115,1.5194834470748901
66,0.2,tmZoasNr4rU,5,TV,-1.7999999523162842,-0.5420569777488708,-0.5259255170822144
66,0.2,d6hH302o4v8,5,TV,-2.0,-1.9668830633163452,-1.97401762008667
66,0.2,dq3Nf_lMPnE,5,ATV,0.800000011920929,-1.278069019317627,-1.2710952758789062
66,0.2,k5Y_838nuGo,5,ATV,2.0,1.0842028856277466,1.1013727188110352
66,0.2,iiK8YX8oH1E,5,ATV,0.20000000298023224,1.0875270366668701,1.1049385070800781
66,0.2,tStelxIAHjw,5,AV,1.600000023841858,-0.48760080337524414,-0.44756048917770386
66,0.2,nbWiPyCm4g0,5,ATV,0.0,-0.5548307299613953,-0.5428118109703064
66,0.2,etzxEpPuc6I,5,TV,0.4000000059604645,0.8659363389015198,0.8911580443382263
66,0.2,v0zCBqDeKcE,5,ATV,0.800000011920929,1.0960224866867065,1.1103733777999878
66,0.2,f_pcplsH_V0,5,AV,1.600000023841858,-0.862979531288147,-0.820673942565918
66,0.2,tIrG4oNLFzE,5,ATV,1.25,0.8424319624900818,0.8566367030143738
66,0.2,cM3Yna7AavY,5,AV,2.799999952316284,-0.041128017008304596,0.004193036817014217
66,0.2,lXPQBPVc5Cw,5,ATV,-1.399999976158142,-2.143192768096924,-2.146817445755005
66,0.2,cXypl4FnoZo,5,TV,-0.6000000238418579,-0.04758620262145996,-0.02268310636281967
66,0.2,c7UH_rxdZv4,5,AV,-2.5999999046325684,-0.11567579209804535,-0.06129876524209976
66,0.2,f9O3YtZ2VfI,6,ATV,-1.2000000476837158,-1.3942099809646606,-1.3884243965148926
66,0.2,wMbj6ajWbic,6,TV,-1.2000000476837158,-1.7547515630722046,-1.7563666105270386
66,0.2,vvZ4IcEtiZc,6,AT,1.399999976158142,0.41084927320480347,0.43527281284332275
66,0.2,d3_k5Xpfmik,6,T,0.4000000059604645,-0.3426108956336975,-0.3077402710914612
66,0.2,vyB00TXsimI,6,TV,2.4000000953674316,1.3893808126449585,1.4141466617584229
66,0.2,fvVhgmXxadc,6,A,-1.0,-0.43800026178359985,-0.4105585813522339
66,0.2,ob23OKe5a9Q,6,A,0.6000000238418579,-0.607996940612793,-0.5864658951759338
66,0.2,zhpQhgha_KU,6,AV,1.0,0.14957793056964874,0.2105799913406372
66,0.2,phBUpBr1hSo,6,AT,-1.0,-0.4020876884460449,-0.37415218353271484
66,0.2,yDtzw_Y-7RU,6,AV,-0.20000000298023224,-0.9621732831001282,-0.9425448775291443
66,0.2,nzpVDcQ0ywM,6,V,-1.0,-1.195369005203247,-1.189692735671997
66,0.2,jUzDDGyPkXU,6,ATV,-0.6000000238418579,-0.9862359166145325,-0.9768355488777161
66,0.2,rnaNMUZpvvg,6,ATV,-0.4000000059604645,-0.7377954721450806,-0.7272595167160034
66,0.2,yvsjCA6Y5Fc,6,AV,-1.7999999523162842,-0.5140517354011536,-0.4822561740875244
66,0.2,pLTX3ipuDJI,6,AV,0.800000011920929,-0.6864764094352722,-0.6599768996238708
66,0.2,cW1FSBF59ik,6,A,0.5,0.40088164806365967,0.451602578163147
66,0.2,tmZoasNr4rU,6,ATV,-1.0,-1.141979455947876,-1.1334997415542603
66,0.2,d6hH302o4v8,6,ATV,-2.799999952316284,-1.9271990060806274,-1.927740216255188
66,0.2,dq3Nf_lMPnE,6,ATV,-2.0,-2.1856653690338135,-2.1894001960754395
66,0.2,k5Y_838nuGo,6,AT,-2.4000000953674316,-1.9848819971084595,-1.9865292310714722
66,0.2,iiK8YX8oH1E,6,ATV,-1.600000023841858,-0.9675727486610413,-0.9535238742828369
66,0.2,tStelxIAHjw,6,ATV,1.399999976158142,0.9621521830558777,0.9784074425697327
66,0.2,nbWiPyCm4g0,6,ATV,-1.2000000476837158,-1.9619998931884766,-1.9628351926803589
66,0.2,etzxEpPuc6I,6,TV,-1.2000000476837158,-0.40836238861083984,-0.3873106837272644
66,0.2,v0zCBqDeKcE,6,ATV,1.399999976158142,0.10530273616313934,0.11903619766235352
66,0.2,f_pcplsH_V0,6,ATV,0.0,-1.543012022972107,-1.5377198457717896
66,0.2,tIrG4oNLFzE,6,AV,-1.399999976158142,-0.3331061601638794,-0.27511507272720337
66,0.2,cM3Yna7AavY,6,AT,3.0,1.304770588874817,1.3344234228134155
66,0.2,lXPQBPVc5Cw,6,TV,-2.799999952316284,-1.89677894115448,-1.9020864963531494
66,0.2,cXypl4FnoZo,6,T,-1.0,-1.0024906396865845,-0.9819319248199463
66,0.2,c7UH_rxdZv4,6,T,-3.0,-1.530145525932312,-1.517436146736145
66,0.2,f9O3YtZ2VfI,7,AT,-1.7999999523162842,-0.718399703502655,-0.698342502117157
66,0.2,wMbj6ajWbic,7,AT,-0.20000000298023224,-0.34720128774642944,-0.32126879692077637
66,0.2,vvZ4IcEtiZc,7,ATV,-1.5,-0.5722140669822693,-0.5590654015541077
66,0.2,d3_k5Xpfmik,7,ATV,2.200000047683716,1.4665590524673462,1.4818339347839355
66,0.2,vyB00TXsimI,7,ATV,2.5999999046325684,1.4606791734695435,1.4744434356689453
66,0.2,fvVhgmXxadc,7,ATV,-0.5,-1.5892659425735474,-1.5861088037490845
66,0.2,ob23OKe5a9Q,7,TV,0.6000000238418579,1.174379587173462,1.205542802810669
66,0.2,zhpQhgha_KU,7,AV,-1.0,-0.5125927925109863,-0.45790165662765503
66,0.2,phBUpBr1hSo,7,TV,-2.200000047683716,-0.547880232334137,-0.5281185507774353
66,0.2,yDtzw_Y-7RU,7,TV,-1.5,-1.4218840599060059,-1.4182066917419434
66,0.2,nzpVDcQ0ywM,7,AV,2.0,-1.2803195714950562,-1.2735352516174316
66,0.2,jUzDDGyPkXU,7,ATV,1.7999999523162842,1.2254599332809448,1.2425777912139893
66,0.2,rnaNMUZpvvg,7,ATV,-1.600000023841858,-2.152564287185669,-2.1561028957366943
66,0.2,yvsjCA6Y5Fc,7,TV,0.4000000059604645,-1.2932971715927124,-1.2870880365371704
66,0.2,pLTX3ipuDJI,7,ATV,-2.0,-1.717434048652649,-1.7156000137329102
66,0.2,cW1FSBF59ik,7,TV,1.7999999523162842,1.3099230527877808,1.334211826324463
66,0.2,tmZoasNr4rU,7,V,-2.0,-0.9937023520469666,-0.9811785221099854
66,0.2,d6hH302o4v8,7,ATV,-2.200000047683716,-2.0834949016571045,-2.0856711864471436
66,0.2,dq3Nf_lMPnE,7,ATV,0.6000000238418579,0.5366982221603394,0.5552150011062622
66,0.2,k5Y_838nuGo,7,V,-1.399999976158142,-0.6069691181182861,-0.5820645689964294
66,0.2,iiK8YX8oH1E,7,AT,-1.0,0.6258838176727295,0.6592772006988525
66,0.2,tStelxIAHjw,7,ATV,-2.0,-0.9350688457489014,-0.921608567237854
66,0.2,nbWiPyCm4g0,7,ATV,-2.200000047683716,-1.1801425218582153,-1.173478364944458
66,0.2,etzxEpPuc6I,7,AV,-1.0,0.12249533832073212,0.18076635897159576
66,0.2,v0zCBqDeKcE,7,ATV,1.7999999523162842,0.8152568340301514,0.8299771547317505
66,0.2,f_pcplsH_V0,7,ATV,0.800000011920929,0.9895773530006409,1.007720947265625
66,0.2,tIrG4oNLFzE,7,ATV,-1.2000000476837158,-1.578173279762268,-1.5722237825393677
66,0.2,cM3Yna7AavY,7,AT,-0.6000000238418579,-1.0396379232406616,-1.0211750268936157
66,0.2,lXPQBPVc5Cw,7,ATV,2.5999999046325684,1.0206536054611206,1.0397661924362183
66,0.2,cXypl4FnoZo,7,AV,1.399999976158142,-0.6210693120956421,-0.5886898636817932
66,0.2,c7UH_rxdZv4,7,AT,-2.799999952316284,-1.5908671617507935,-1.5836052894592285
66,0.2,f9O3YtZ2VfI,8,TV,-2.200000047683716,-1.7207200527191162,-1.7227050065994263
66,0.2,wMbj6ajWbic,8,ATV,-2.0,-1.8006948232650757,-1.799195408821106
66,0.2,vvZ4IcEtiZc,8,TV,2.200000047683716,1.4584959745407104,1.4853124618530273
66,0.2,d3_k5Xpfmik,8,ATV,1.399999976158142,0.5552088618278503,0.569208025932312
66,0.2,vyB00TXsimI,8,ATV,-0.25,-0.2147260159254074,-0.20133987069129944
66,0.2,fvVhgmXxadc,8,AV,-0.4000000059604645,-0.8958618640899658,-0.8768998980522156
66,0.2,ob23OKe5a9Q,8,ATV,-1.399999976158142,-1.9006720781326294,-1.8997305631637573
66,0.2,zhpQhgha_KU,8,ATV,-1.0,-1.4247368574142456,-1.417452335357666
66,0.2,phBUpBr1hSo,8,ATV,-2.0,-0.10859111696481705,-0.09251865744590759
66,0.2,yDtzw_Y-7RU,8,ATV,-1.0,-1.385102391242981,-1.3796308040618896
66,0.2,nzpVDcQ0ywM,8,TV,-2.200000047683716,-1.6113814115524292,-1.6116513013839722
66,0.2,jUzDDGyPkXU,8,ATV,2.799999952316284,1.595958948135376,1.6108506917953491
66,0.2,rnaNMUZpvvg,8,ATV,-1.399999976158142,-1.8066662549972534,-1.8057918548583984
66,0.2,yvsjCA6Y5Fc,8,ATV,-1.399999976158142,-1.4689685106277466,-1.4644588232040405
66,0.2,pLTX3ipuDJI,8,ATV,0.0,-0.3665623664855957,-0.352189838886261
66,0.2,cW1FSBF59ik,8,ATV,-2.4000000953674316,-1.1933075189590454,-1.1828819513320923
66,0.2,tmZoasNr4rU,8,AT,-0.6000000238418579,-1.8669568300247192,-1.8664709329605103
66,0.2,d6hH302o4v8,8,ATV,-2.4000000953674316,-1.4741250276565552,-1.4704784154891968
66,0.2,dq3Nf_lMPnE,8,ATV,-0.800000011920929,-0.6956662535667419,-0.6805403232574463
66,0.2,k5Y_838nuGo,8,ATV,1.7999999523162842,1.2595845460891724,1.27664315700531
66,0.2,iiK8YX8oH1E,8,ATV,0.4000000059604645,0.4711726903915405,0.4865991473197937
66,0.2,tStelxIAHjw,8,AT,-1.399999976158142,-1.5138708353042603,-1.505098819732666
66,0.2,nbWiPyCm4g0,8,ATV,-1.399999976158142,-1.6943598985671997,-1.6923187971115112
66,0.2,etzxEpPuc6I,8,ATV,-2.799999952316284,-1.77751624584198,-1.7754286527633667
66,0.2,v0zCBqDeKcE,8,ATV,1.7999999523162842,1.4331084489822388,1.4481451511383057
66,0.2,f_pcplsH_V0,8,AT,-2.4000000953674316,-1.2425271272659302,-1.2283185720443726
66,0.2,tIrG4oNLFzE,8,ATV,-1.0,-0.6864604353904724,-0.6731961369514465
66,0.2,cM3Yna7AavY,8,ATV,-0.20000000298023224,-1.929106593132019,-1.929155945777893
66,0.2,lXPQBPVc5Cw,8,AV,-2.5999999046325684,-0.014152288436889648,0.04959850013256073
66,0.2,cXypl4FnoZo,8,TV,1.2000000476837158,0.12558147311210632,0.1504090130329132
66,0.2,c7UH_rxdZv4,8,ATV,-0.4000000059604645,0.31672078371047974,0.3334915041923523
66,0.2,f9O3YtZ2VfI,9,ATV,-2.0,-1.5276490449905396,-1.523730754852295
66,0.2,wMbj6ajWbic,9,AT,-1.7999999523162842,-0.21500620245933533,-0.18874222040176392
66,0.2,vvZ4IcEtiZc,9,AV,-2.0,0.6078798770904541,0.6639978289604187
66,0.2,d3_k5Xpfmik,9,AT,0.4000000059604645,0.9502952098846436,0.9801836609840393
66,0.2,vyB00TXsimI,9,T,1.3333333730697632,0.7291232943534851,0.7679430842399597
66,0.2,fvVhgmXxadc,9,ATV,0.0,-0.8729931712150574,-0.8630940914154053
66,0.2,ob23OKe5a9Q,9,ATV,1.25,1.549345850944519,1.5649114847183228
66,0.2,zhpQhgha_KU,9,ATV,0.6000000238418579,0.7361482381820679,0.7528150081634521
66,0.2,phBUpBr1hSo,9,A,-1.399999976158142,-0.22719073295593262,-0.18360087275505066
66,0.2,yDtzw_Y-7RU,9,TV,-0.6000000238418579,-0.7548812627792358,-0.7407187223434448
66,0.2,nzpVDcQ0ywM,9,ATV,-1.0,-1.5753039121627808,-1.572232961654663
66,0.2,jUzDDGyPkXU,9,ATV,2.4000000953674316,1.5000728368759155,1.513559341430664
66,0.2,rnaNMUZpvvg,9,AT,-2.5999999046325684,-1.608709692955017,-1.6058666706085205
66,0.2,yvsjCA6Y5Fc,9,ATV,-2.0,-0.539387047290802,-0.52675861120224
66,0.2,pLTX3ipuDJI,9,ATV,-1.600000023841858,-1.6133009195327759,-1.610140323638916
66,0.2,cW1FSBF59ik,9,TV,-1.0,1.3399543762207031,1.3670885562896729
66,0.2,tmZoasNr4rU,9,TV,-1.7999999523162842,-0.9628410935401917,-0.9536499977111816
66,0.2,d6hH302o4v8,9,ATV,-1.2000000476837158,-1.4618421792984009,-1.4577922821044922
66,0.2,dq3Nf_lMPnE,9,AV,1.0,-0.8919269442558289,-0.857975959777832
66,0.2,k5Y_838nuGo,9,ATV,2.0,1.154029130935669,1.1688005924224854
66,0.2,iiK8YX8oH1E,9,ATV,0.0,-1.2198529243469238,-1.2100807428359985
66,0.2,tStelxIAHjw,9,ATV,-0.4000000059604645,-1.8060680627822876,-1.8051685094833374
66,0.2,nbWiPyCm4g0,9,AT,1.2000000476837158,0.5419405102729797,0.5748007297515869
66,0.2,etzxEpPuc6I,9,ATV,-1.399999976158142,-1.6733850240707397,-1.6706749200820923
66,0.2,v0zCBqDeKcE,9,ATV,2.200000047683716,1.5300246477127075,1.5438731908798218
66,0.2,f_pcplsH_V0,9,TV,1.2000000476837158,0.8283692002296448,0.8571196794509888
66,0.2,tIrG4oNLFzE,9,A,-1.7999999523162842,-0.33730363845825195,-0.29768049716949463
66,0.2,cM3Yna7AavY,9,ATV,1.600000023841858,1.0620990991592407,1.0799387693405151
66,0.2,lXPQBPVc5Cw,9,T,-2.200000047683716,-1.6415433883666992,-1.634345293045044
66,0.2,cXypl4FnoZo,9,AV,2.0,-0.5453458428382874,-0.5049718618392944
66,0.2,c7UH_rxdZv4,9,ATV,0.800000011920929,-0.601604163646698,-0.5866817831993103
66,0.2,f9O3YtZ2VfI,10,V,-0.800000011920929,-0.38428986072540283,-0.3563167452812195
66,0.2,wMbj6ajWbic,10,AV,0.4000000059604645,-0.36083555221557617,-0.3194974660873413
66,0.2,vvZ4IcEtiZc,10,AT,1.600000023841858,-0.002957608550786972,0.02033023163676262
66,0.2,d3_k5Xpfmik,10,AV,2.4000000953674316,0.3091936707496643,0.36593759059906006
66,0.2,vyB00TXsimI,10,ATV,-0.20000000298023224,0.15152041614055634,0.16568130254745483
66,0.2,fvVhgmXxadc,10,ATV,-0.20000000298023224,-0.1253521889448166,-0.10932494699954987
66,0.2,ob23OKe5a9Q,10,ATV,0.800000011920929,1.423292636871338,1.43839430809021
66,0.2,zhpQhgha_KU,10,ATV,-2.4000000953674316,-2.0122644901275635,-2.014134407043457
66,0.2,phBUpBr1hSo,10,TV,2.0,1.2067352533340454,1.2327330112457275
66,0.2,yDtzw_Y-7RU,10,ATV,-1.399999976158142,-1.657063364982605,-1.6541762351989746
66,0.2,nzpVDcQ0ywM,10,AT,0.0,-0.7718234658241272,-0.7553740739822388
66,0.2,jUzDDGyPkXU,10,ATV,2.4000000953674316,1.0475698709487915,1.0616344213485718
66,0.2,rnaNMUZpvvg,10,ATV,-2.5999999046325684,-1.9967385530471802,-1.998059868812561
66,0.2,yvsjCA6Y5Fc,10,AT,2.0,0.11364701390266418,0.14471399784088135
66,0.2,pLTX3ipuDJI,10,ATV,0.6000000238418579,0.3410121202468872,0.35752201080322266
66,0.2,cW1FSBF59ik,10,AV,-1.0,-0.054514434188604355,0.002748447470366955
66,0.2,tmZoasNr4rU,10,V,-0.6000000238418579,-0.6994807124137878,-0.6795007586479187
66,0.2,d6hH302o4v8,10,TV,-1.0,-1.6889721155166626,-1.6905795335769653
66,0.2,dq3Nf_lMPnE,10,ATV,-0.6000000238418579,-0.45934563875198364,-0.4433881640434265
66,0.2,k5Y_838nuGo,10,TV,0.5,1.0305912494659424,1.0548590421676636
66,0.2,iiK8YX8oH1E,10,ATV,1.0,0.7691336274147034,0.7860429286956787
66,0.2,tStelxIAHjw,10,AT,-2.799999952316284,-1.7811634540557861,-1.7787281274795532
66,0.2,etzxEpPuc6I,10,AV,-1.600000023841858,-0.4864446520805359,-0.4525010585784912
66,0.2,v0zCBqDeKcE,10,ATV,1.600000023841858,0.6366207003593445,0.6507354378700256
66,0.2,f_pcplsH_V0,10,ATV,-0.4000000059604645,-1.9201196432113647,-1.9198946952819824
66,0.2,tIrG4oNLFzE,10,TV,-1.600000023841858,-0.5490258932113647,-0.5297114849090576
66,0.2,cM3Yna7AavY,10,AV,2.0,-0.19361694157123566,-0.13222636282444
66,0.2,lXPQBPVc5Cw,10,A,-1.7999999523162842,-0.271381139755249,-0.23271192610263824
66,0.2,cXypl4FnoZo,10,ATV,1.399999976158142,0.9768059849739075,0.9922803640365601
66,0.2,c7UH_rxdZv4,10,ATV,1.0,0.24627767503261566,0.2631836533546448
66,0.2,f9O3YtZ2VfI,11,AV,-1.7999999523162842,-0.4537007808685303,-0.42256826162338257
66,0.2,wMbj6ajWbic,11,ATV,1.600000023841858,0.9392951726913452,0.9555367827415466
66,0.2,vvZ4IcEtiZc,11,AV,0.20000000298023224,0.3393900990486145,0.39923548698425293
66,0.2,d3_k5Xpfmik,11,ATV,2.0,1.4468655586242676,1.4614819288253784
66,0.2,vyB00TXsimI,11,A,0.20000000298023224,-0.25512146949768066,-0.20722143352031708
66,0.2,fvVhgmXxadc,11,AT,0.0,-0.3503521680831909,-0.3240562677383423
66,0.2,ob23OKe5a9Q,11,AV,2.799999952316284,0.2603422999382019,0.30836009979248047
66,0.2,zhpQhgha_KU,11,ATV,-1.399999976158142,-1.8237521648406982,-1.8230352401733398
66,0.2,phBUpBr1hSo,11,A,1.7999999523162842,0.3634905219078064,0.42441892623901367
66,0.2,yDtzw_Y-7RU,11,TV,-0.6666666865348816,-1.2882254123687744,-1.2824053764343262
66,0.2,nzpVDcQ0ywM,11,ATV,-1.399999976158142,-1.5329508781433105,-1.5288175344467163
66,0.2,jUzDDGyPkXU,11,AV,0.5,0.19082356989383698,0.23747293651103973
66,0.2,rnaNMUZpvvg,11,ATV,-1.0,-1.8289594650268555,-1.8285112380981445
66,0.2,yvsjCA6Y5Fc,11,TV,-0.6000000238418579,-0.7960847616195679,-0.7798327803611755
66,0.2,pLTX3ipuDJI,11,ATV,-2.0,-0.3454834818840027,-0.32996851205825806
66,0.2,cW1FSBF59ik,11,ATV,2.200000047683716,0.15619806945323944,0.17043688893318176
66,0.2,tmZoasNr4rU,11,T,-2.200000047683716,-1.827898621559143,-1.8287057876586914
66,0.2,d6hH302o4v8,11,AT,1.399999976158142,0.8321279883384705,0.8682377934455872
66,0.2,dq3Nf_lMPnE,11,A,-1.600000023841858,-0.6553354263305664,-0.625622570514679
66,0.2,k5Y_838nuGo,11,ATV,0.20000000298023224,0.9212778210639954,0.935464084148407
66,0.2,iiK8YX8oH1E,11,ATV,1.7999999523162842,1.4644765853881836,1.4798191785812378
66,0.2,tStelxIAHjw,11,AT,-1.0,-1.3948343992233276,-1.3849587440490723
66,0.2,etzxEpPuc6I,11,AV,0.6666666865348816,-1.1194840669631958,-1.1051044464111328
66,0.2,v0zCBqDeKcE,11,ATV,-0.4000000059604645,-1.3067570924758911,-1.2968530654907227
66,0.2,f_pcplsH_V0,11,AV,-0.800000011920929,-1.1436333656311035,-1.1303685903549194
66,0.2,tIrG4oNLFzE,11,ATV,-2.5999999046325684,-2.047358751296997,-2.0496413707733154
66,0.2,cM3Yna7AavY,11,AT,-1.0,-0.8476458191871643,-0.8240337371826172
66,0.2,lXPQBPVc5Cw,11,TV,-2.0,-2.0505189895629883,-2.0600433349609375
66,0.2,cXypl4FnoZo,11,ATV,2.0,1.0442346334457397,1.058766484260559
66,0.2,c7UH_rxdZv4,11,AV,-2.799999952316284,-0.8262333273887634,-0.7882813215255737
66,0.2,f9O3YtZ2VfI,12,AV,-1.600000023841858,-0.9794102311134338,-0.962734043598175
66,0.2,wMbj6ajWbic,12,ATV,2.0,1.335957646369934,1.3508740663528442
66,0.2,d3_k5Xpfmik,12,ATV,2.200000047683716,1.5623314380645752,1.5760788917541504
66,0.2,vyB00TXsimI,12,ATV,2.4000000953674316,-0.22646044194698334,-0.20995989441871643
66,0.2,fvVhgmXxadc,12,ATV,0.20000000298023224,-0.8516263961791992,-0.8398662209510803
66,0.2,ob23OKe5a9Q,12,ATV,1.25,-0.36496102809906006,-0.35169583559036255
66,0.2,zhpQhgha_KU,12,ATV,-1.0,-1.5582472085952759,-1.5548880100250244
66,0.2,phBUpBr1hSo,12,ATV,0.800000011920929,1.383064866065979,1.3977755308151245
66,0.2,yDtzw_Y-7RU,12,T,-1.7999999523162842,-1.559041976928711,-1.5512444972991943
66,0.2,nzpVDcQ0ywM,12,AT,-1.0,0.03444281965494156,0.06398273259401321
66,0.2,jUzDDGyPkXU,12,ATV,-0.6000000238418579,-1.1523030996322632,-1.1410112380981445
66,0.2,rnaNMUZpvvg,12,AV,-2.0,-0.7779819369316101,-0.7598057389259338
66,0.2,yvsjCA6Y5Fc,12,V,-2.0,-0.811246931552887,-0.7918182015419006
66,0.2,pLTX3ipuDJI,12,AT,-1.399999976158142,-0.21040044724941254,-0.18285609781742096
66,0.2,cW1FSBF59ik,12,ATV,2.0,0.5308709740638733,0.546028733253479
66,0.2,tmZoasNr4rU,12,A,-0.800000011920929,-1.0273112058639526,-1.0150386095046997
66,0.2,d6hH302o4v8,12,ATV,-2.0,-1.85936439037323,-1.8578767776489258
66,0.2,dq3Nf_lMPnE,12,TV,-1.2000000476837158,0.27426260709762573,0.2999197840690613
66,0.2,k5Y_838nuGo,12,A,0.6000000238418579,0.06817436218261719,0.12532399594783783
66,0.2,iiK8YX8oH1E,12,ATV,-2.0,-0.33225107192993164,-0.31874406337738037
66,0.2,tStelxIAHjw,12,ATV,-1.600000023841858,-1.9122053384780884,-1.9125652313232422
66,0.2,etzxEpPuc6I,12,ATV,-2.200000047683716,-1.4497236013412476,-1.4449923038482666
66,0.2,v0zCBqDeKcE,12,V,1.7999999523162842,-0.734369158744812,-0.7096821665763855
66,0.2,f_pcplsH_V0,12,AV,1.600000023841858,-0.9479292035102844,-0.9285275340080261
66,0.2,tIrG4oNLFzE,12,AV,-2.0,-0.9296360611915588,-0.910467267036438
66,0.2,cM3Yna7AavY,12,TV,-1.600000023841858,-1.7582815885543823,-1.7606388330459595
66,0.2,lXPQBPVc5Cw,12,AV,2.799999952316284,-1.3836441040039062,-1.380562663078308
66,0.2,cXypl4FnoZo,12,AT,-1.0,-1.089135766029358,-1.070621371269226
66,0.2,c7UH_rxdZv4,12,AT,-2.5999999046325684,-1.6879652738571167,-1.6824090480804443
66,0.2,f9O3YtZ2VfI,13,ATV,1.2000000476837158,0.6672850847244263,0.6845873594284058
66,0.2,wMbj6ajWbic,13,ATV,-0.800000011920929,-1.220505952835083,-1.2093520164489746
66,0.2,d3_k5Xpfmik,13,TV,2.0,0.4942638874053955,0.518324613571167
66,0.2,vyB00TXsimI,13,TV,2.0,1.0410696268081665,1.0686992406845093
66,0.2,fvVhgmXxadc,13,AT,0.0,-0.8023669719696045,-0.783918559551239
66,0.2,ob23OKe5a9Q,13,ATV,0.800000011920929,1.0413806438446045,1.056510329246521
66,0.2,zhpQhgha_KU,13,AT,-1.5,-1.9975262880325317,-1.9996391534805298
66,0.2,phBUpBr1hSo,13,ATV,-1.2000000476837158,-0.074007049202919,-0.060453690588474274
66,0.2,yDtzw_Y-7RU,13,ATV,2.200000047683716,1.1934385299682617,1.2105847597122192
66,0.2,nzpVDcQ0ywM,13,T,0.20000000298023224,-1.065727710723877,-1.048904538154602
66,0.2,jUzDDGyPkXU,13,AT,0.800000011920929,0.6326686143875122,0.6657412052154541
66,0.2,rnaNMUZpvvg,13,ATV,-2.5999999046325684,-1.9549657106399536,-1.955810546875
66,0.2,yvsjCA6Y5Fc,13,AV,-1.0,-0.7309111952781677,-0.7025507092475891
66,0.2,pLTX3ipuDJI,13,AV,-2.0,-0.2812010645866394,-0.2335689663887024
66,0.2,cW1FSBF59ik,13,AV,-1.2000000476837158,-0.09044066071510315,-0.03120538964867592
66,0.2,tmZoasNr4rU,13,TV,-2.0,-1.7936207056045532,-1.7971900701522827
66,0.2,d6hH302o4v8,13,TV,-1.7999999523162842,-1.8035619258880615,-1.8070378303527832
66,0.2,dq3Nf_lMPnE,13,AT,-1.7999999523162842,0.1448071449995041,0.17830517888069153
66,0.2,k5Y_838nuGo,13,V,-1.7999999523162842,-0.16020233929157257,-0.11638007313013077
66,0.2,iiK8YX8oH1E,13,V,-1.2000000476837158,-0.24662898480892181,-0.20388196408748627
66,0.2,tStelxIAHjw,13,ATV,-1.7999999523162842,-0.9518967270851135,-0.9425894021987915
66,0.2,etzxEpPuc6I,13,ATV,-1.2000000476837158,-1.2913020849227905,-1.2852290868759155
66,0.2,v0zCBqDeKcE,13,AT,1.5,0.6848295331001282,0.7201107144355774
66,0.2,f_pcplsH_V0,13,TV,-1.0,-0.514956533908844,-0.4978381395339966
66,0.2,tIrG4oNLFzE,13,TV,-2.4000000953674316,-1.6780186891555786,-1.6791095733642578
66,0.2,cM3Yna7AavY,13,AV,-2.5999999046325684,-0.4301949143409729,-0.3960278630256653
66,0.2,lXPQBPVc5Cw,13,ATV,-2.200000047683716,-2.3820488452911377,-2.387875556945801
66,0.2,cXypl4FnoZo,13,ATV,-0.6000000238418579,-0.3172277808189392,-0.30129343271255493
66,0.2,c7UH_rxdZv4,13,ATV,1.2000000476837158,0.8327848315238953,0.8499367237091064
66,0.2,f9O3YtZ2VfI,14,TV,-1.2000000476837158,-1.4488047361373901,-1.4442808628082275
66,0.2,wMbj6ajWbic,14,ATV,2.0,-0.26065593957901,-0.244206503033638
66,0.2,d3_k5Xpfmik,14,V,2.5999999046325684,-0.16641445457935333,-0.12173658609390259
66,0.2,vyB00TXsimI,14,A,2.5999999046325684,0.021840088069438934,0.08057721704244614
66,0.2,zhpQhgha_KU,14,TV,-2.0,-1.6445863246917725,-1.645422339439392
66,0.2,phBUpBr1hSo,14,TV,-2.200000047683716,-1.2183239459991455,-1.2090483903884888
66,0.2,yDtzw_Y-7RU,14,A,0.6000000238418579,0.6601347923278809,0.7248113751411438
66,0.2,nzpVDcQ0ywM,14,ATV,-0.6000000238418579,0.5965431928634644,0.613376796245575
66,0.2,jUzDDGyPkXU,14,ATV,1.3333333730697632,-0.1963902860879898,-0.18119443953037262
66,0.2,rnaNMUZpvvg,14,A,-1.600000023841858,-0.6529912948608398,-0.6337382793426514
66,0.2,yvsjCA6Y5Fc,14,ATV,-2.0,-1.0396500825881958,-1.0298758745193481
66,0.2,pLTX3ipuDJI,14,TV,-1.399999976158142,-1.1048585176467896,-1.0943063497543335
66,0.2,cW1FSBF59ik,14,ATV,-2.5999999046325684,-1.5937995910644531,-1.5881240367889404
66,0.2,tmZoasNr4rU,14,T,0.25,-1.2379530668258667,-1.2304996252059937
66,0.2,d6hH302o4v8,14,TV,-1.75,-1.9380568265914917,-1.9444098472595215
66,0.2,dq3Nf_lMPnE,14,AT,1.0,0.6729890704154968,0.7092667818069458
66,0.2,k5Y_838nuGo,14,ATV,-0.800000011920929,1.3542603254318237,1.368884563446045
66,0.2,iiK8YX8oH1E,14,ATV,0.6000000238418579,1.0693124532699585,1.083943247795105
66,0.2,tStelxIAHjw,14,TV,0.4000000059604645,0.33359068632125854,0.359191358089447
66,0.2,etzxEpPuc6I,14,AT,0.20000000298023224,-0.2414628118276596,-0.2144039273262024
66,0.2,v0zCBqDeKcE,14,AV,2.4000000953674316,-0.1407047063112259,-0.07988516241312027
66,0.2,f_pcplsH_V0,14,ATV,-1.0,-1.9434937238693237,-1.944024682044983
66,0.2,tIrG4oNLFzE,14,AV,-2.0,-0.3511490821838379,-0.31758832931518555
66,0.2,cM3Yna7AavY,14,AT,-2.4000000953674316,-1.9993163347244263,-2.0014870166778564
66,0.2,lXPQBPVc5Cw,14,ATV,-2.799999952316284,-2.257173776626587,-2.2613027095794678
66,0.2,cXypl4FnoZo,14,ATV,0.0,-0.8546728491783142,-0.8426651358604431
66,0.2,c7UH_rxdZv4,14,TV,-2.4000000953674316,-1.826159119606018,-1.8300920724868774
66,0.2,f9O3YtZ2VfI,15,AT,-1.0,0.5707212090492249,0.604091465473175
66,0.2,wMbj6ajWbic,15,AV,-0.4000000059604645,-0.8687583208084106,-0.8404905796051025
66,0.2,d3_k5Xpfmik,15,ATV,2.0,1.6049957275390625,1.6202296018600464
66,0.2,vyB00TXsimI,15,ATV,0.4000000059604645,0.6254145503044128,0.6399078369140625
66,0.2,zhpQhgha_KU,15,TV,1.7999999523162842,1.2143751382827759,1.2451438903808594
66,0.2,phBUpBr1hSo,15,V,-1.600000023841858,-0.23923416435718536,-0.20817804336547852
66,0.2,yDtzw_Y-7RU,15,ATV,0.6000000238418579,1.1390267610549927,1.154106616973877
66,0.2,nzpVDcQ0ywM,15,AV,1.399999976158142,0.26797956228256226,0.3290020823478699
66,0.2,jUzDDGyPkXU,15,TV,1.2000000476837158,1.1152533292770386,1.1418522596359253
66,0.2,rnaNMUZpvvg,15,ATV,-1.7999999523162842,-1.9584354162216187,-1.9593454599380493
66,0.2,yvsjCA6Y5Fc,15,AV,-1.7999999523162842,-1.0572184324264526,-1.0399994850158691
66,0.2,pLTX3ipuDJI,15,TV,-1.600000023841858,-1.3313088417053223,-1.3260029554367065
66,0.2,cW1FSBF59ik,15,AT,3.0,0.8846549391746521,0.918833315372467
66,0.2,tmZoasNr4rU,15,ATV,-1.399999976158142,-2.0554563999176025,-2.0573408603668213
66,0.2,d6hH302o4v8,15,ATV,-2.0,-2.135002613067627,-2.1379730701446533
66,0.2,k5Y_838nuGo,15,AV,0.25,0.19486020505428314,0.24661661684513092
66,0.2,iiK8YX8oH1E,15,ATV,0.0,-0.16618506610393524,-0.150711789727211
66,0.2,tStelxIAHjw,15,AV,0.800000011920929,-0.31089460849761963,-0.26211947202682495
66,0.2,etzxEpPuc6I,15,ATV,-2.4000000953674316,-2.085571527481079,-2.088840961456299
66,0.2,v0zCBqDeKcE,15,V,0.0,-0.6161084771156311,-0.5768039226531982
66,0.2,tIrG4oNLFzE,15,TV,-1.600000023841858,-1.1348700523376465,-1.125450611114502
66,0.2,cM3Yna7AavY,15,ATV,-2.799999952316284,-1.0704537630081177,-1.061972737312317
66,0.2,lXPQBPVc5Cw,15,ATV,0.20000000298023224,-1.1524691581726074,-1.145431399345398
66,0.2,cXypl4FnoZo,15,ATV,-0.6000000238418579,-1.411928653717041,-1.4062795639038086
66,0.2,c7UH_rxdZv4,15,ATV,-2.0,-1.8125580549240112,-1.811592698097229
66,0.2,f9O3YtZ2VfI,16,ATV,-2.0,-0.559195876121521,-0.5436106324195862
66,0.2,wMbj6ajWbic,16,ATV,2.0,0.9533388614654541,0.9697315692901611
66,0.2,d3_k5Xpfmik,16,ATV,1.600000023841858,0.14918078482151031,0.16307388246059418
66,0.2,vyB00TXsimI,16,ATV,1.399999976158142,1.0683029890060425,1.0827127695083618
66,0.2,zhpQhgha_KU,16,AT,1.75,1.3341048955917358,1.362581491470337
66,0.2,phBUpBr1hSo,16,ATV,2.0,0.857004702091217,0.8736637830734253
66,0.2,yDtzw_Y-7RU,16,ATV,0.20000000298023224,0.6125862002372742,0.6267175078392029
66,0.2,nzpVDcQ0ywM,16,AT,1.600000023841858,0.9984967112541199,1.0289912223815918
66,0.2,jUzDDGyPkXU,16,TV,-2.799999952316284,-1.879912257194519,-1.8853487968444824
66,0.2,rnaNMUZpvvg,16,AV,-1.600000023841858,-1.3681615591049194,-1.365332007408142
66,0.2,yvsjCA6Y5Fc,16,V,-0.6000000238418579,-0.5430797338485718,-0.5166018605232239
66,0.2,cW1FSBF59ik,16,AT,2.4000000953674316,1.3463023900985718,1.3755615949630737
66,0.2,tmZoasNr4rU,16,TV,-1.399999976158142,-1.5917143821716309,-1.5922247171401978
66,0.2,d6hH302o4v8,16,ATV,-2.0,-1.568630576133728,-1.5656609535217285
66,0.2,k5Y_838nuGo,16,AV,0.800000011920929,0.19063839316368103,0.24367959797382355
66,0.2,iiK8YX8oH1E,16,TV,1.600000023841858,1.5031408071517944,1.53179931640625
66,0.2,etzxEpPuc6I,16,AT,-0.4000000059604645,0.053014159202575684,0.08444417268037796
66,0.2,tIrG4oNLFzE,16,AT,-0.4000000059604645,0.07482735812664032,0.10530048608779907
66,0.2,lXPQBPVc5Cw,16,ATV,-1.7999999523162842,0.7653802633285522,0.7831152081489563
66,0.2,cXypl4FnoZo,16,V,-0.6000000238418579,-0.6791154742240906,-0.6591904759407043
66,0.2,c7UH_rxdZv4,16,ATV,-1.399999976158142,0.6460541486740112,0.6639185547828674
66,0.2,f9O3YtZ2VfI,17,ATV,-1.0,-1.2541800737380981,-1.2459008693695068
66,0.2,wMbj6ajWbic,17,AT,-1.0,0.23967435956001282,0.27240586280822754
66,0.2,d3_k5Xpfmik,17,V,0.800000011920929,-0.4244886636734009,-0.3833499550819397
66,0.2,vyB00TXsimI,17,TV,2.4000000953674316,1.2769907712936401,1.3022563457489014
66,0.2,zhpQhgha_KU,17,V,0.6000000238418579,0.08497432619333267,0.12919628620147705
66,0.2,phBUpBr1hSo,17,ATV,0.800000011920929,1.151037335395813,1.1653205156326294
66,0.2,yDtzw_Y-7RU,17,AT,-2.0,-1.5744394063949585,-1.5655802488327026
66,0.2,nzpVDcQ0ywM,17,ATV,1.2000000476837158,1.2902127504348755,1.3049131631851196
66,0.2,jUzDDGyPkXU,17,ATV,-2.4000000953674316,-1.838370442390442,-1.8375123739242554
66,0.2,rnaNMUZpvvg,17,TV,-2.200000047683716,-1.5598825216293335,-1.5591092109680176
66,0.2,yvsjCA6Y5Fc,17,ATV,-2.200000047683716,-1.9223768711090088,-1.922692060470581
66,0.2,cW1FSBF59ik,17,ATV,2.5999999046325684,1.7615236043930054,1.7745767831802368
66,0.2,tmZoasNr4rU,17,ATV,0.0,-2.0078091621398926,-2.009099245071411
66,0.2,d6hH302o4v8,17,ATV,-2.0,-2.137483596801758,-2.1403517723083496
66,0.2,k5Y_838nuGo,17,ATV,0.4000000059604645,1.264039158821106,1.2781445980072021
66,0.2,iiK8YX8oH1E,17,ATV,-1.0,1.2644400596618652,1.2789427042007446
66,0.2,etzxEpPuc6I,17,AT,1.399999976158142,0.971796452999115,1.003190279006958
66,0.2,tIrG4oNLFzE,17,T,-2.200000047683716,-1.6301485300064087,-1.6222816705703735
66,0.2,lXPQBPVc5Cw,17,ATV,-1.399999976158142,-1.650112271308899,-1.6460351943969727
66,0.2,cXypl4FnoZo,17,AT,-0.25,-1.6050999164581299,-1.599587321281433
66,0.2,c7UH_rxdZv4,17,V,-2.25,-0.4657607674598694,-0.42978984117507935
66,0.2,f9O3YtZ2VfI,18,ATV,-0.6000000238418579,-0.8209123015403748,-0.8091896176338196
66,0.2,wMbj6ajWbic,18,AT,-0.6000000238418579,-0.0952392965555191,-0.06428606808185577
66,0.2,d3_k5Xpfmik,18,ATV,0.20000000298023224,0.8049911856651306,0.8197198510169983
66,0.2,vyB00TXsimI,18,AV,1.2000000476837158,0.26535719633102417,0.3122207522392273
66,0.2,zhpQhgha_KU,18,AV,-0.800000011920929,-0.17888249456882477,-0.12695246934890747
66,0.2,phBUpBr1hSo,18,ATV,2.0,1.4927688837051392,1.5072689056396484
66,0.2,yDtzw_Y-7RU,18,V,-1.600000023841858,-1.0535093545913696,-1.0410289764404297
66,0.2,nzpVDcQ0ywM,18,ATV,-2.0,0.4581766724586487,0.47208887338638306
66,0.2,jUzDDGyPkXU,18,ATV,2.200000047683716,-2.026190757751465,-2.0280165672302246
66,0.2,rnaNMUZpvvg,18,AV,-1.399999976158142,-1.146812915802002,-1.138326644897461
66,0.2,yvsjCA6Y5Fc,18,TV,-1.600000023841858,-1.5342352390289307,-1.532959222793579
66,0.2,cW1FSBF59ik,18,ATV,0.20000000298023224,0.8945088982582092,0.9082690477371216
66,0.2,tmZoasNr4rU,18,TV,0.20000000298023224,-0.9706292152404785,-0.9617810249328613
66,0.2,d6hH302o4v8,18,ATV,-2.799999952316284,-1.700675368309021,-1.6990289688110352
66,0.2,k5Y_838nuGo,18,TV,-0.6000000238418579,-1.0236786603927612,-1.0088889598846436
66,0.2,etzxEpPuc6I,18,ATV,-0.5,0.1428515464067459,0.15717719495296478
66,0.2,lXPQBPVc5Cw,18,ATV,-1.7999999523162842,-1.7506729364395142,-1.7490332126617432
66,0.2,cXypl4FnoZo,18,TV,0.800000011920929,0.15495605766773224,0.1792968362569809
66,0.2,c7UH_rxdZv4,18,ATV,-1.7999999523162842,-1.8967324495315552,-1.8963297605514526
66,0.2,f9O3YtZ2VfI,19,ATV,-0.4000000059604645,-1.2609679698944092,-1.2525385618209839
66,0.2,wMbj6ajWbic,19,TV,-0.4000000059604645,0.7824525237083435,0.8096429705619812
66,0.2,vyB00TXsimI,19,A,2.200000047683716,0.7698424458503723,0.8217671513557434
66,0.2,zhpQhgha_KU,19,AT,-1.399999976158142,-1.4693570137023926,-1.4567610025405884
66,0.2,phBUpBr1hSo,19,AT,-1.25,1.1173478364944458,1.145470380783081
66,0.2,yDtzw_Y-7RU,19,ATV,-0.6000000238418579,-0.588598906993866,-0.5753387212753296
66,0.2,nzpVDcQ0ywM,19,A,0.20000000298023224,0.18707193434238434,0.24577774107456207
66,0.2,jUzDDGyPkXU,19,AT,-2.200000047683716,-1.9680813550949097,-1.9694620370864868
66,0.2,rnaNMUZpvvg,19,ATV,0.800000011920929,0.9304372668266296,0.9486573338508606
66,0.2,yvsjCA6Y5Fc,19,TV,0.800000011920929,0.5526949167251587,0.5796367526054382
66,0.2,cW1FSBF59ik,19,ATV,2.5,1.0002565383911133,1.0148866176605225
66,0.2,tmZoasNr4rU,19,ATV,-1.0,-1.9425923824310303,-1.9431407451629639
66,0.2,d6hH302o4v8,19,AT,1.0,0.23343892395496368,0.26380568742752075
66,0.2,k5Y_838nuGo,19,ATV,0.4000000059604645,-0.5038453936576843,-0.48876386880874634
66,0.2,lXPQBPVc5Cw,19,AT,-1.7999999523162842,-1.246093511581421,-1.234054684638977
66,0.2,cXypl4FnoZo,19,ATV,-1.0,-1.040054440498352,-1.02997624874115
66,0.2,c7UH_rxdZv4,19,ATV,-1.7999999523162842,-1.3805580139160156,-1.3749278783798218
66,0.2,f9O3YtZ2VfI,20,ATV,2.0,1.1453235149383545,1.1619882583618164
66,0.2,wMbj6ajWbic,20,ATV,1.600000023841858,1.1706117391586304,1.185332179069519
66,0.2,vyB00TXsimI,20,AV,1.2000000476837158,0.4452769160270691,0.4946914315223694
66,0.2,zhpQhgha_KU,20,AV,0.6000000238418579,-0.6187874674797058,-0.5820884108543396
66,0.2,phBUpBr1hSo,20,ATV,0.800000011920929,0.6016715168952942,0.6155022382736206
66,0.2,yDtzw_Y-7RU,20,ATV,0.20000000298023224,1.0268532037734985,1.043527364730835
66,0.2,nzpVDcQ0ywM,20,ATV,-1.399999976158142,-1.5079970359802246,-1.500991940498352
66,0.2,jUzDDGyPkXU,20,ATV,-1.0,0.7387221455574036,0.756805956363678
66,0.2,rnaNMUZpvvg,20,ATV,-2.5999999046325684,-1.4604365825653076,-1.453683853149414
66,0.2,yvsjCA6Y5Fc,20,ATV,-1.7999999523162842,-1.7268524169921875,-1.7240054607391357
66,0.2,cW1FSBF59ik,20,AV,1.600000023841858,0.2640841603279114,0.3141975402832031
66,0.2,d6hH302o4v8,20,AV,-2.4000000953674316,-0.632156252861023,-0.588833749294281
66,0.2,k5Y_838nuGo,20,AV,-0.20000000298023224,-0.6560361981391907,-0.6251497864723206
66,0.2,lXPQBPVc5Cw,20,A,1.7999999523162842,-0.2967270612716675,-0.26240700483322144
66,0.2,cXypl4FnoZo,20,TV,-0.6000000238418579,-0.7352609038352966,-0.7202851176261902
66,0.2,c7UH_rxdZv4,20,ATV,-0.800000011920929,-0.03682985156774521,-0.02076699212193489
66,0.2,f9O3YtZ2VfI,21,ATV,1.399999976158142,1.2898844480514526,1.3047317266464233
66,0.2,wMbj6ajWbic,21,TV,1.399999976158142,1.2063847780227661,1.2310935258865356
66,0.2,vyB00TXsimI,21,AT,0.6000000238418579,-0.37705689668655396,-0.3516523838043213
66,0.2,zhpQhgha_KU,21,ATV,0.6000000238418579,-0.682826817035675,-0.6689195036888123
66,0.2,yDtzw_Y-7RU,21,ATV,2.0,1.461543083190918,1.4765058755874634
66,0.2,nzpVDcQ0ywM,21,ATV,2.0,1.3611098527908325,1.3766947984695435
66,0.2,jUzDDGyPkXU,21,ATV,-2.4000000953674316,-1.8207615613937378,-1.8189830780029297
66,0.2,rnaNMUZpvvg,21,AT,-2.200000047683716,-1.6743353605270386,-1.6706041097640991
66,0.2,yvsjCA6Y5Fc,21,A,-1.600000023841858,-0.4449467658996582,-0.41661739349365234
66,0.2,cW1FSBF59ik,21,ATV,-1.0,1.0248111486434937,1.0390068292617798
66,0.2,d6hH302o4v8,21,ATV,-1.0,-2.080319881439209,-2.083051919937134
66,0.2,k5Y_838nuGo,21,TV,0.4000000059604645,0.9534321427345276,0.9819511771202087
66,0.2,lXPQBPVc5Cw,21,T,2.5999999046325684,1.460537314414978,1.5028958320617676
66,0.2,cXypl4FnoZo,21,ATV,0.20000000298023224,0.2789124846458435,0.29545652866363525
66,0.2,c7UH_rxdZv4,21,TV,-2.4000000953674316,-0.7164354920387268,-0.6999793648719788
66,0.2,f9O3YtZ2VfI,22,ATV,1.600000023841858,1.237160086631775,1.251590371131897
66,0.2,wMbj6ajWbic,22,ATV,1.7999999523162842,1.3419251441955566,1.3562126159667969
66,0.2,zhpQhgha_KU,22,ATV,-0.5,0.3947877287864685,0.41145461797714233
66,0.2,yDtzw_Y-7RU,22,ATV,2.200000047683716,1.336974024772644,1.3510493040084839
66,0.2,nzpVDcQ0ywM,22,ATV,2.0,1.6972616910934448,1.711464762687683
66,0.2,jUzDDGyPkXU,22,ATV,1.2000000476837158,1.0495342016220093,1.0675263404846191
66,0.2,yvsjCA6Y5Fc,22,AV,-1.2000000476837158,-0.950145959854126,-0.9302393794059753
66,0.2,cW1FSBF59ik,22,ATV,1.399999976158142,1.1292815208435059,1.1438466310501099
66,0.2,d6hH302o4v8,22,ATV,-2.5999999046325684,-2.268327474594116,-2.2729134559631348
66,0.2,k5Y_838nuGo,22,AV,-0.20000000298023224,0.2791134715080261,0.3393917679786682
66,0.2,lXPQBPVc5Cw,22,ATV,-2.4000000953674316,-1.1132861375808716,-1.1008188724517822
66,0.2,cXypl4FnoZo,22,ATV,0.4000000059604645,0.4485129714012146,0.46463561058044434
66,0.2,c7UH_rxdZv4,22,ATV,-0.6000000238418579,-1.5088300704956055,-1.5039900541305542
66,0.2,f9O3YtZ2VfI,23,ATV,-2.5999999046325684,-1.1352704763412476,-1.1241302490234375
66,0.2,wMbj6ajWbic,23,ATV,1.399999976158142,1.1895214319229126,1.203774333000183
66,0.2,zhpQhgha_KU,23,AT,0.0,-1.5477632284164429,-1.5392894744873047
66,0.2,yDtzw_Y-7RU,23,AT,-0.800000011920929,-0.9488444924354553,-0.9268979430198669
66,0.2,nzpVDcQ0ywM,23,ATV,1.600000023841858,1.3906351327896118,1.4045003652572632
66,0.2,jUzDDGyPkXU,23,TV,-1.0,-1.3841503858566284,-1.3771207332611084
66,0.2,cW1FSBF59ik,23,AT,0.0,0.6753116846084595,0.7049700617790222
66,0.2,d6hH302o4v8,23,TV,-2.799999952316284,-2.0827367305755615,-2.09104585647583
66,0.2,k5Y_838nuGo,23,TV,0.6000000238418579,0.29055845737457275,0.31613844633102417
66,0.2,lXPQBPVc5Cw,23,AV,-1.399999976158142,-1.4634238481521606,-1.4604599475860596
66,0.2,cXypl4FnoZo,23,T,0.20000000298023224,-0.24209053814411163,-0.2099856287240982
66,0.2,c7UH_rxdZv4,23,ATV,-1.7999999523162842,-1.5127452611923218,-1.5083725452423096
66,0.2,f9O3YtZ2VfI,24,ATV,-1.399999976158142,-1.8973441123962402,-1.8973991870880127
66,0.2,wMbj6ajWbic,24,ATV,2.0,1.0239671468734741,1.037933588027954
66,0.2,zhpQhgha_KU,24,V,1.0,-0.43060171604156494,-0.40234464406967163
66,0.2,jUzDDGyPkXU,24,V,-2.0,-0.7254934310913086,-0.7054484486579895
66,0.2,d6hH302o4v8,24,V,-1.600000023841858,-1.2873375415802002,-1.2846786975860596
66,0.2,k5Y_838nuGo,24,T,-0.20000000298023224,-0.7336339354515076,-0.7105632424354553
66,0.2,lXPQBPVc5Cw,24,ATV,-2.4000000953674316,-0.4601227641105652,-0.4464735984802246
66,0.2,cXypl4FnoZo,24,AV,-1.2000000476837158,-0.5621817708015442,-0.5230091214179993
66,0.2,c7UH_rxdZv4,24,AV,0.0,-1.2040367126464844,-1.1938962936401367
66,0.2,f9O3YtZ2VfI,25,ATV,1.399999976158142,0.8541485667228699,0.872272253036499
66,0.2,wMbj6ajWbic,25,ATV,1.7999999523162842,1.2241606712341309,1.238364577293396
66,0.2,zhpQhgha_KU,25,ATV,0.0,-0.6106203198432922,-0.5967569351196289
66,0.2,jUzDDGyPkXU,25,ATV,-2.0,-0.7884529232978821,-0.7759856581687927
66,0.2,d6hH302o4v8,25,ATV,-2.5999999046325684,-1.7552634477615356,-1.7541552782058716
66,0.2,k5Y_838nuGo,25,ATV,2.0,0.7927713394165039,0.8098586797714233
66,0.2,lXPQBPVc5Cw,25,AT,-2.799999952316284,-1.9343067407608032,-1.9346158504486084
66,0.2,cXypl4FnoZo,25,T,0.6000000238418579,-0.5795089602470398,-0.5532829761505127
66,0.2,c7UH_rxdZv4,25,V,-2.5999999046325684,-0.6412122845649719,-0.6219342947006226
66,0.2,f9O3YtZ2VfI,26,ATV,1.600000023841858,1.3619798421859741,1.37708580493927
66,0.2,wMbj6ajWbic,26,AV,0.0,-0.006837323307991028,0.03676477074623108
66,0.2,zhpQhgha_KU,26,ATV,0.800000011920929,0.4374447464942932,0.4539841413497925
66,0.2,jUzDDGyPkXU,26,ATV,-2.0,-2.071798324584961,-2.0744636058807373
66,0.2,d6hH302o4v8,26,ATV,-2.5999999046325684,-0.9164718389511108,-0.9076393246650696
66,0.2,k5Y_838nuGo,26,TV,-0.800000011920929,-0.8251505494117737,-0.808330237865448
66,0.2,lXPQBPVc5Cw,26,ATV,-2.799999952316284,-1.4862276315689087,-1.4820486307144165
66,0.2,cXypl4FnoZo,26,ATV,0.800000011920929,-0.07318820059299469,-0.05692952126264572
66,0.2,c7UH_rxdZv4,26,AT,-1.7999999523162842,-0.18749454617500305,-0.1596986949443817
66,0.2,f9O3YtZ2VfI,27,AT,1.2000000476837158,0.9091264605522156,0.9393970370292664
66,0.2,wMbj6ajWbic,27,ATV,2.4000000953674316,1.5115288496017456,1.5257271528244019
66,0.2,zhpQhgha_KU,27,T,1.399999976158142,1.170508861541748,1.2079654932022095
66,0.2,d6hH302o4v8,27,AV,-1.0,-0.6220853924751282,-0.5926096439361572
66,0.2,k5Y_838nuGo,27,TV,2.0,1.0815826654434204,1.1111066341400146
66,0.2,lXPQBPVc5Cw,27,ATV,0.800000011920929,0.1981489211320877,0.2150029093027115
66,0.2,cXypl4FnoZo,27,AV,-2.200000047683716,-0.7950192093849182,-0.7656787633895874
66,0.2,c7UH_rxdZv4,27,T,-0.800000011920929,-0.5086167454719543,-0.4815059304237366
66,0.2,f9O3YtZ2VfI,28,ATV,-2.0,-0.46687477827072144,-0.4539729952812195
66,0.2,wMbj6ajWbic,28,V,1.7999999523162842,0.12680596113204956,0.16386108100414276
66,0.2,zhpQhgha_KU,28,AT,-1.2000000476837158,-1.8481049537658691,-1.8456271886825562
66,0.2,d6hH302o4v8,28,TV,-1.7999999523162842,-1.2937885522842407,-1.2875698804855347
66,0.2,k5Y_838nuGo,28,ATV,-0.75,-1.273425817489624,-1.2629380226135254
66,0.2,lXPQBPVc5Cw,28,ATV,-1.2000000476837158,-1.5912235975265503,-1.5872036218643188
66,0.2,cXypl4FnoZo,28,AV,-1.399999976158142,-0.5516261458396912,-0.5152955055236816
66,0.2,c7UH_rxdZv4,28,ATV,0.6000000238418579,0.9152114987373352,0.9307158589363098
66,0.2,f9O3YtZ2VfI,29,AT,-1.0,-1.7645899057388306,-1.7605791091918945
66,0.2,wMbj6ajWbic,29,ATV,0.800000011920929,1.4206314086914062,1.4346892833709717
66,0.2,zhpQhgha_KU,29,TV,-2.0,-1.5832881927490234,-1.5822468996047974
66,0.2,d6hH302o4v8,29,TV,-2.799999952316284,-1.9732847213745117,-1.980765461921692
66,0.2,k5Y_838nuGo,29,AT,1.600000023841858,0.5650416016578674,0.5988462567329407
66,0.2,lXPQBPVc5Cw,29,ATV,-2.0,-1.5077763795852661,-1.5037587881088257
66,0.2,c7UH_rxdZv4,29,TV,1.2000000476837158,0.3582891821861267,0.38364917039871216
66,0.2,zhpQhgha_KU,30,ATV,-1.0,-0.2784538269042969,-0.2629287838935852
66,0.2,d6hH302o4v8,30,ATV,-1.399999976158142,-1.9267563819885254,-1.9272993803024292
66,0.2,k5Y_838nuGo,30,ATV,-1.0,-1.2839851379394531,-1.274244785308838
66,0.2,c7UH_rxdZv4,30,ATV,-1.399999976158142,0.24403013288974762,0.25954729318618774
66,0.2,zhpQhgha_KU,31,ATV,0.800000011920929,0.21256466209888458,0.22894811630249023
66,0.2,d6hH302o4v8,31,AT,-0.6000000238418579,0.2928885221481323,0.3212536573410034
66,0.2,c7UH_rxdZv4,31,AV,-2.200000047683716,-0.46613603830337524,-0.41007399559020996
66,0.2,zhpQhgha_KU,32,AV,-0.4000000059604645,-0.10422226786613464,-0.05294466018676758
66,0.2,d6hH302o4v8,32,ATV,-3.0,-2.0985562801361084,-2.101706027984619
66,0.2,c7UH_rxdZv4,32,ATV,-1.7999999523162842,-1.1042553186416626,-1.092685341835022
66,0.2,zhpQhgha_KU,33,ATV,1.2000000476837158,1.4052704572677612,1.4204540252685547
66,0.2,d6hH302o4v8,33,TV,-3.0,-1.1314305067062378,-1.122546911239624
66,0.2,zhpQhgha_KU,34,AV,0.6000000238418579,-0.006524849683046341,0.04287177324295044
66,0.2,d6hH302o4v8,34,TV,-1.600000023841858,-2.00286602973938,-2.0112853050231934
66,0.2,d6hH302o4v8,35,TV,-2.200000047683716,-1.9959641695022583,-2.003065586090088
66,0.2,d6hH302o4v8,36,ATV,-2.200000047683716,-2.215714693069458,-2.219341993331909
66,0.2,d6hH302o4v8,37,AV,-3.0,-1.3412684202194214,-1.337659239768982
66,0.2,d6hH302o4v8,38,AT,-3.0,-2.1870205402374268,-2.1914865970611572
66,0.2,d6hH302o4v8,39,ATV,-1.0,-1.3215043544769287,-1.3164525032043457
66,0.2,d6hH302o4v8,40,ATV,-2.4000000953674316,-1.9567450284957886,-1.9576691389083862
66,0.2,d6hH302o4v8,41,AV,-1.399999976158142,-1.1667436361312866,-1.1583908796310425
66,0.2,d6hH302o4v8,42,ATV,-2.5,-1.0417306423187256,-1.034204125404358
66,0.3,f9O3YtZ2VfI,0,AT,-1.2000000476837158,-1.502277135848999,-1.5022770166397095
66,0.3,wMbj6ajWbic,0,A,0.5,0.4275135397911072,0.4275134801864624
66,0.3,vvZ4IcEtiZc,0,TV,2.0,1.6377660036087036,1.6377662420272827
66,0.3,d3_k5Xpfmik,0,T,2.0,1.4931834936141968,1.4931836128234863
66,0.3,vyB00TXsimI,0,TV,0.0,1.0010685920715332,1.0010684728622437
66,0.3,fvVhgmXxadc,0,ATV,-0.4000000059604645,1.3069472312927246,1.3069472312927246
66,0.3,ob23OKe5a9Q,0,AV,1.2000000476837158,0.19098275899887085,0.19098274409770966
66,0.3,zhpQhgha_KU,0,ATV,-1.600000023841858,-1.5186365842819214,-1.518636703491211
66,0.3,phBUpBr1hSo,0,T,1.399999976158142,1.8068805932998657,1.8068805932998657
66,0.3,yDtzw_Y-7RU,0,T,0.800000011920929,1.3904688358306885,1.3904688358306885
66,0.3,nzpVDcQ0ywM,0,AV,0.0,0.13091570138931274,0.13091570138931274
66,0.3,jUzDDGyPkXU,0,AV,2.799999952316284,0.04022609442472458,0.040226131677627563
66,0.3,rnaNMUZpvvg,0,TV,-2.5999999046325684,-1.5698046684265137,-1.5698044300079346
66,0.3,yvsjCA6Y5Fc,0,V,-2.0,0.6361757516860962,0.6361757516860962
66,0.3,pLTX3ipuDJI,0,ATV,-2.4000000953674316,-1.1729100942611694,-1.1729100942611694
66,0.3,cW1FSBF59ik,0,AV,-2.5999999046325684,-0.1445385366678238,-0.1445385366678238
66,0.3,tmZoasNr4rU,0,ATV,0.0,0.6784833669662476,0.6784834265708923
66,0.3,d6hH302o4v8,0,T,-2.799999952316284,-1.6751549243927002,-1.6751549243927002
66,0.3,dq3Nf_lMPnE,0,ATV,0.0,0.7963306903839111,0.7963306903839111
66,0.3,k5Y_838nuGo,0,AT,-1.600000023841858,-1.5330736637115479,-1.5330737829208374
66,0.3,iiK8YX8oH1E,0,AV,-2.5999999046325684,0.4859564006328583,0.4859564006328583
66,0.3,tStelxIAHjw,0,TV,0.0,1.4330904483795166,1.4330904483795166
66,0.3,nbWiPyCm4g0,0,AV,1.2000000476837158,0.2326658070087433,0.23266585171222687
66,0.3,etzxEpPuc6I,0,ATV,0.4000000059604645,-0.42127177119255066,-0.4212717115879059
66,0.3,v0zCBqDeKcE,0,ATV,2.5999999046325684,0.7834515571594238,0.7834514379501343
66,0.3,f_pcplsH_V0,0,A,0.25,0.0431056022644043,0.0431055873632431
66,0.3,tIrG4oNLFzE,0,ATV,2.799999952316284,1.4321991205215454,1.4321990013122559
66,0.3,cM3Yna7AavY,0,AV,2.200000047683716,0.13213346898555756,0.13213345408439636
66,0.3,lXPQBPVc5Cw,0,T,0.20000000298023224,1.6604692935943604,1.6604695320129395
66,0.3,cXypl4FnoZo,0,ATV,1.0,-0.7332648038864136,-0.7332649230957031
66,0.3,c7UH_rxdZv4,0,AV,-2.799999952316284,-0.09893506020307541,-0.0989350825548172
66,0.3,f9O3YtZ2VfI,1,AV,1.25,-0.26403671503067017,-0.23523209989070892
66,0.3,wMbj6ajWbic,1,AV,-0.800000011920929,0.05856127291917801,0.10057325661182404
66,0.3,vvZ4IcEtiZc,1,ATV,2.4000000953674316,1.5528000593185425,1.5579758882522583
66,0.3,d3_k5Xpfmik,1,ATV,0.0,0.17646163702011108,0.18300296366214752
66,0.3,vyB00TXsimI,1,AV,-2.4000000953674316,0.40655988454818726,0.4327267110347748
66,0.3,fvVhgmXxadc,1,T,-2.799999952316284,-1.22751784324646,-1.2243479490280151
66,0.3,ob23OKe5a9Q,1,AT,1.0,1.2302815914154053,1.2471973896026611
66,0.3,zhpQhgha_KU,1,ATV,1.600000023841858,1.381243348121643,1.3895494937896729
66,0.3,phBUpBr1hSo,1,AV,2.200000047683716,0.9463527202606201,0.9677096605300903
66,0.3,yDtzw_Y-7RU,1,V,0.800000011920929,0.7968121767044067,0.8207659721374512
66,0.3,nzpVDcQ0ywM,1,A,-1.600000023841858,0.14007915556430817,0.18748602271080017
66,0.3,jUzDDGyPkXU,1,A,2.5999999046325684,-0.10818208009004593,-0.06506899744272232
66,0.3,rnaNMUZpvvg,1,ATV,2.25,1.0826468467712402,1.0921218395233154
66,0.3,yvsjCA6Y5Fc,1,AT,-1.2000000476837158,-1.4660688638687134,-1.4696465730667114
66,0.3,pLTX3ipuDJI,1,AV,-1.7999999523162842,-0.22984828054904938,-0.202363058924675
66,0.3,cW1FSBF59ik,1,AT,3.0,1.2139854431152344,1.2333307266235352
66,0.3,tmZoasNr4rU,1,ATV,-2.0,-1.332850456237793,-1.3318672180175781
66,0.3,d6hH302o4v8,1,AT,-1.7999999523162842,-1.5267512798309326,-1.5278456211090088
66,0.3,dq3Nf_lMPnE,1,T,-1.399999976158142,-1.3093822002410889,-1.308509111404419
66,0.3,k5Y_838nuGo,1,AV,1.2000000476837158,-0.09447836130857468,-0.059820421040058136
66,0.3,iiK8YX8oH1E,1,AV,1.2000000476837158,0.17842558026313782,0.21862998604774475
66,0.3,tStelxIAHjw,1,ATV,-2.0,0.6218025088310242,0.6297494769096375
66,0.3,nbWiPyCm4g0,1,T,-2.4000000953674316,1.1824750900268555,1.20466148853302
66,0.3,etzxEpPuc6I,1,TV,1.2000000476837158,-0.7662993669509888,-0.758038341999054
66,0.3,v0zCBqDeKcE,1,ATV,-0.4000000059604645,1.2305285930633545,1.2366509437561035
66,0.3,f_pcplsH_V0,1,T,1.399999976158142,0.9002305269241333,0.9239053726196289
66,0.3,tIrG4oNLFzE,1,ATV,2.4000000953674316,1.3573510646820068,1.3626492023468018
66,0.3,cM3Yna7AavY,1,ATV,2.5,1.0418927669525146,1.0495785474777222
66,0.3,lXPQBPVc5Cw,1,ATV,-2.200000047683716,-0.9665676355361938,-0.9640548229217529
66,0.3,cXypl4FnoZo,1,AV,1.0,0.12782295048236847,0.17006517946720123
66,0.3,c7UH_rxdZv4,1,T,-2.5999999046325684,-1.3803954124450684,-1.3829952478408813
66,0.3,f9O3YtZ2VfI,2,ATV,0.6000000238418579,0.8389071822166443,0.8486012816429138
66,0.3,wMbj6ajWbic,2,T,0.0,-0.08128892630338669,-0.05522128939628601
66,0.3,vvZ4IcEtiZc,2,AV,1.399999976158142,0.6566740274429321,0.6781722903251648
66,0.3,d3_k5Xpfmik,2,AT,2.0,1.3294224739074707,1.3432772159576416
66,0.3,vyB00TXsimI,2,AV,2.200000047683716,0.5859408378601074,0.6131801605224609
66,0.3,fvVhgmXxadc,2,TV,-2.200000047683716,-1.38356351852417,-1.3874045610427856
66,0.3,ob23OKe5a9Q,2,ATV,-1.2000000476837158,-1.2145569324493408,-1.2130287885665894
66,0.3,zhpQhgha_KU,2,AT,-1.600000023841858,-1.3373521566390991,-1.3364620208740234
66,0.3,phBUpBr1hSo,2,V,2.799999952316284,1.1970077753067017,1.2219362258911133
66,0.3,yDtzw_Y-7RU,2,AV,0.75,0.5831522941589355,0.6109532713890076
66,0.3,nzpVDcQ0ywM,2,ATV,0.800000011920929,1.0404126644134521,1.048719048500061
66,0.3,jUzDDGyPkXU,2,AV,0.0,-0.1993090957403183,-0.15842586755752563
66,0.3,rnaNMUZpvvg,2,AV,-0.800000011920929,0.28996771574020386,0.3244013786315918
66,0.3,yvsjCA6Y5Fc,2,AT,-2.0,-1.5337059497833252,-1.537552833557129
66,0.3,pLTX3ipuDJI,2,ATV,-1.2000000476837158,-1.0320799350738525,-1.029068112373352
66,0.3,cW1FSBF59ik,2,ATV,-1.0,-1.0466092824935913,-1.0429043769836426
66,0.3,tmZoasNr4rU,2,AV,-2.0,-0.14509020745754242,-0.11231923848390579
66,0.3,d6hH302o4v8,2,ATV,0.20000000298023224,-1.219618797302246,-1.2179625034332275
66,0.3,dq3Nf_lMPnE,2,TV,-1.2000000476837158,-1.6403148174285889,-1.6493525505065918
66,0.3,k5Y_838nuGo,2,ATV,0.800000011920929,1.0206432342529297,1.0294612646102905
66,0.3,iiK8YX8oH1E,2,AT,-1.25,-1.1219284534454346,-1.1158475875854492
66,0.3,tStelxIAHjw,2,AT,0.5,-0.2361130267381668,-0.2180163562297821
66,0.3,nbWiPyCm4g0,2,AV,-1.7999999523162842,0.5118077397346497,0.5338460803031921
66,0.3,etzxEpPuc6I,2,ATV,-1.600000023841858,-1.3154374361038208,-1.3153921365737915
66,0.3,v0zCBqDeKcE,2,AV,0.6000000238418579,0.2692597806453705,0.2877541184425354
66,0.3,f_pcplsH_V0,2,TV,0.800000011920929,-0.30371537804603577,-0.291456937789917
66,0.3,tIrG4oNLFzE,2,ATV,2.5999999046325684,1.36418616771698,1.3691003322601318
66,0.3,cM3Yna7AavY,2,AT,1.0,0.24977251887321472,0.2647775411605835
66,0.3,lXPQBPVc5Cw,2,ATV,-2.4000000953674316,-1.3977758884429932,-1.3985588550567627
66,0.3,cXypl4FnoZo,2,ATV,1.7999999523162842,1.2442281246185303,1.25148606300354
66,0.3,c7UH_rxdZv4,2,ATV,-0.800000011920929,-0.6179219484329224,-0.6108860969543457
66,0.3,f9O3YtZ2VfI,3,AV,-2.4000000953674316,0.17065848410129547,0.20627440512180328
66,0.3,wMbj6ajWbic,3,ATV,1.0,-1.325859785079956,-1.3253021240234375
66,0.3,vvZ4IcEtiZc,3,ATV,2.200000047683716,1.4321482181549072,1.4373496770858765
66,0.3,d3_k5Xpfmik,3,ATV,-1.0,-0.8938117623329163,-0.8903381824493408
66,0.3,vyB00TXsimI,3,AT,1.7999999523162842,1.325160264968872,1.3386694192886353
66,0.3,fvVhgmXxadc,3,AT,-2.799999952316284,-1.4479353427886963,-1.4493979215621948
66,0.3,ob23OKe5a9Q,3,A,-1.5,-0.45567217469215393,-0.4291357100009918
66,0.3,zhpQhgha_KU,3,AV,-1.600000023841858,-0.5849200487136841,-0.5683718919754028
66,0.3,phBUpBr1hSo,3,V,-0.800000011920929,1.1000964641571045,1.1250708103179932
66,0.3,yDtzw_Y-7RU,3,ATV,-1.0,0.8009305000305176,0.8102788329124451
66,0.3,nzpVDcQ0ywM,3,V,-1.600000023841858,0.4508180618286133,0.4711270332336426
66,0.3,jUzDDGyPkXU,3,AT,-1.600000023841858,1.1509931087493896,1.167903184890747
66,0.3,rnaNMUZpvvg,3,V,-2.4000000953674316,0.4366924464702606,0.46450984477996826
66,0.3,yvsjCA6Y5Fc,3,ATV,-0.20000000298023224,-0.42411261796951294,-0.4162646234035492
66,0.3,pLTX3ipuDJI,3,AT,-2.200000047683716,-0.6201102137565613,-0.6079880595207214
66,0.3,cW1FSBF59ik,3,AT,1.600000023841858,0.9901195764541626,1.0144224166870117
66,0.3,tmZoasNr4rU,3,ATV,-0.800000011920929,-1.3132394552230835,-1.3130897283554077
66,0.3,d6hH302o4v8,3,AV,-1.600000023841858,-0.28096216917037964,-0.2631317377090454
66,0.3,dq3Nf_lMPnE,3,ATV,-0.4000000059604645,-0.016681069508194923,-0.006420333869755268
66,0.3,k5Y_838nuGo,3,TV,1.0,1.1773675680160522,1.1897372007369995
66,0.3,iiK8YX8oH1E,3,AV,-2.0,-0.11889725178480148,-0.08952552825212479
66,0.3,tStelxIAHjw,3,A,-2.799999952316284,-0.132821723818779,-0.09720418602228165
66,0.3,nbWiPyCm4g0,3,AV,-2.200000047683716,0.4320794343948364,0.4533015191555023
66,0.3,etzxEpPuc6I,3,ATV,0.800000011920929,0.661304771900177,0.672559380531311
66,0.3,v0zCBqDeKcE,3,ATV,0.0,-0.19536077976226807,-0.18871791660785675
66,0.3,f_pcplsH_V0,3,ATV,0.5,0.23106439411640167,0.24004755914211273
66,0.3,tIrG4oNLFzE,3,V,1.399999976158142,0.7446402311325073,0.765522301197052
66,0.3,cM3Yna7AavY,3,AT,0.6000000238418579,0.7424156665802002,0.7584742307662964
66,0.3,lXPQBPVc5Cw,3,TV,-1.2000000476837158,-1.4078534841537476,-1.4119927883148193
66,0.3,cXypl4FnoZo,3,AV,-0.800000011920929,0.3452805280685425,0.3690839409828186
66,0.3,c7UH_rxdZv4,3,ATV,1.600000023841858,1.2669856548309326,1.274915337562561
66,0.3,f9O3YtZ2VfI,4,ATV,-1.7999999523162842,-1.0655059814453125,-1.0614633560180664
66,0.3,wMbj6ajWbic,4,AT,0.20000000298023224,1.2448475360870361,1.268841028213501
66,0.3,vvZ4IcEtiZc,4,A,1.2000000476837158,0.40149885416030884,0.4179813265800476
66,0.3,d3_k5Xpfmik,4,AV,2.200000047683716,-0.02835916168987751,0.011455828323960304
66,0.3,vyB00TXsimI,4,AV,1.7999999523162842,0.56477952003479,0.5859000086784363
66,0.3,fvVhgmXxadc,4,ATV,0.0,-1.1275817155838013,-1.1258026361465454
66,0.3,ob23OKe5a9Q,4,ATV,-1.7999999523162842,-1.524781346321106,-1.527451753616333
66,0.3,zhpQhgha_KU,4,ATV,-2.200000047683716,-1.389691948890686,-1.390383243560791
66,0.3,phBUpBr1hSo,4,AT,-1.399999976158142,-1.184862732887268,-1.1857155561447144
66,0.3,yDtzw_Y-7RU,4,TV,0.5,-1.2396326065063477,-1.2386195659637451
66,0.3,nzpVDcQ0ywM,4,ATV,-0.4000000059604645,-0.6833954453468323,-0.675304114818573
66,0.3,jUzDDGyPkXU,4,ATV,-1.2000000476837158,-1.2139892578125,-1.2113037109375
66,0.3,rnaNMUZpvvg,4,AV,-2.799999952316284,-0.06815125048160553,-0.033784426748752594
66,0.3,yvsjCA6Y5Fc,4,AT,0.4000000059604645,-0.6430222392082214,-0.6300329566001892
66,0.3,pLTX3ipuDJI,4,T,-2.0,-1.1361370086669922,-1.1301488876342773
66,0.3,cW1FSBF59ik,4,ATV,2.0,1.3157033920288086,1.3225287199020386
66,0.3,tmZoasNr4rU,4,AT,-0.800000011920929,-1.2662192583084106,-1.2643992900848389
66,0.3,d6hH302o4v8,4,AT,-1.3333333730697632,-1.3358900547027588,-1.3352456092834473
66,0.3,dq3Nf_lMPnE,4,ATV,1.2000000476837158,-1.3997224569320679,-1.400280475616455
66,0.3,k5Y_838nuGo,4,ATV,-1.3333333730697632,-1.2380485534667969,-1.236396074295044
66,0.3,iiK8YX8oH1E,4,AV,-0.4000000059604645,-0.07519256323575974,-0.0444708988070488
66,0.3,tStelxIAHjw,4,V,-2.200000047683716,0.5733077526092529,0.6093165874481201
66,0.3,nbWiPyCm4g0,4,ATV,-1.399999976158142,-1.0927155017852783,-1.0889065265655518
66,0.3,etzxEpPuc6I,4,TV,0.0,0.006225338205695152,0.021180646494030952
66,0.3,v0zCBqDeKcE,4,ATV,2.0,1.2123380899429321,1.2197473049163818
66,0.3,f_pcplsH_V0,4,AT,1.2000000476837158,0.948148787021637,0.9701348543167114
66,0.3,tIrG4oNLFzE,4,TV,0.4000000059604645,0.429452508687973,0.4394959807395935
66,0.3,cM3Yna7AavY,4,TV,2.799999952316284,1.5467946529388428,1.5592012405395508
66,0.3,lXPQBPVc5Cw,4,ATV,-1.0,-0.44091910123825073,-0.43353450298309326
66,0.3,cXypl4FnoZo,4,ATV,1.7999999523162842,1.42401921749115,1.4303133487701416
66,0.3,c7UH_rxdZv4,4,ATV,-2.200000047683716,1.0163031816482544,1.0239927768707275
66,0.3,f9O3YtZ2VfI,5,V,-2.5999999046325684,0.24536699056625366,0.27966928482055664
66,0.3,wMbj6ajWbic,5,AV,1.7999999523162842,0.06266538798809052,0.09124328196048737
66,0.3,vvZ4IcEtiZc,5,ATV,1.0,1.2738325595855713,1.278757929801941
66,0.3,d3_k5Xpfmik,5,AT,1.600000023841858,1.320462703704834,1.3368315696716309
66,0.3,vyB00TXsimI,5,A,2.0,0.4125513434410095,0.4306529760360718
66,0.3,fvVhgmXxadc,5,T,-0.20000000298023224,-1.3946423530578613,-1.3964524269104004
66,0.3,ob23OKe5a9Q,5,AV,0.0,-0.6988706588745117,-0.6878952980041504
66,0.3,zhpQhgha_KU,5,TV,1.0,1.0492236614227295,1.0680075883865356
66,0.3,phBUpBr1hSo,5,ATV,1.600000023841858,1.1921133995056152,1.1993900537490845
66,0.3,yDtzw_Y-7RU,5,AT,-1.2000000476837158,-1.1633844375610352,-1.1591906547546387
66,0.3,nzpVDcQ0ywM,5,AV,-1.399999976158142,-0.5359411239624023,-0.5050351619720459
66,0.3,jUzDDGyPkXU,5,ATV,-1.600000023841858,-1.4475526809692383,-1.4489248991012573
66,0.3,rnaNMUZpvvg,5,AT,-2.5999999046325684,-1.2899298667907715,-1.2876936197280884
66,0.3,yvsjCA6Y5Fc,5,ATV,0.0,-1.605561375617981,-1.608968734741211
66,0.3,pLTX3ipuDJI,5,T,-1.399999976158142,-1.3224881887435913,-1.3218436241149902
66,0.3,cW1FSBF59ik,5,T,1.2000000476837158,1.2482099533081055,1.2687509059906006
66,0.3,tmZoasNr4rU,5,AV,-1.7999999523162842,-0.8846631646156311,-0.8809834718704224
66,0.3,d6hH302o4v8,5,ATV,-2.0,-1.439375400543213,-1.4403961896896362
66,0.3,dq3Nf_lMPnE,5,AV,0.800000011920929,-0.8059254884719849,-0.7986010909080505
66,0.3,k5Y_838nuGo,5,AT,2.0,1.2215583324432373,1.2427923679351807
66,0.3,iiK8YX8oH1E,5,TV,0.20000000298023224,1.3670580387115479,1.380934476852417
66,0.3,tStelxIAHjw,5,AV,1.600000023841858,0.20002137124538422,0.239603191614151
66,0.3,nbWiPyCm4g0,5,ATV,0.0,-0.8939391374588013,-0.8894714713096619
66,0.3,etzxEpPuc6I,5,TV,0.4000000059604645,1.1218464374542236,1.1348862648010254
66,0.3,v0zCBqDeKcE,5,AT,0.800000011920929,1.1625099182128906,1.1786394119262695
66,0.3,f_pcplsH_V0,5,V,1.600000023841858,0.2791212201118469,0.30040431022644043
66,0.3,tIrG4oNLFzE,5,AV,1.25,0.5215827822685242,0.5492997169494629
66,0.3,cM3Yna7AavY,5,A,2.799999952316284,0.2405899614095688,0.2552523910999298
66,0.3,lXPQBPVc5Cw,5,ATV,-1.399999976158142,-1.6510305404663086,-1.6542227268218994
66,0.3,cXypl4FnoZo,5,ATV,-0.6000000238418579,0.22184574604034424,0.22879929840564728
66,0.3,c7UH_rxdZv4,5,ATV,-2.5999999046325684,-0.9825574159622192,-0.9777117967605591
66,0.3,f9O3YtZ2VfI,6,TV,-1.2000000476837158,-1.2675875425338745,-1.2692811489105225
66,0.3,wMbj6ajWbic,6,ATV,-1.2000000476837158,-1.3223876953125,-1.3213287591934204
66,0.3,vvZ4IcEtiZc,6,AV,1.399999976158142,0.6834931373596191,0.7045825719833374
66,0.3,d3_k5Xpfmik,6,AT,0.4000000059604645,-0.6561002731323242,-0.6444827914237976
66,0.3,vyB00TXsimI,6,ATV,2.4000000953674316,1.3396058082580566,1.3449499607086182
66,0.3,fvVhgmXxadc,6,ATV,-1.0,-0.049818918108940125,-0.03813769668340683
66,0.3,ob23OKe5a9Q,6,AT,0.6000000238418579,1.1453065872192383,1.1709041595458984
66,0.3,zhpQhgha_KU,6,AV,1.0,0.24744944274425507,0.2872161567211151
66,0.3,phBUpBr1hSo,6,AT,-1.0,-0.5494559407234192,-0.5388737320899963
66,0.3,yDtzw_Y-7RU,6,ATV,-0.20000000298023224,-1.207139492034912,-1.2059606313705444
66,0.3,nzpVDcQ0ywM,6,ATV,-1.0,-1.2711997032165527,-1.2701036930084229
66,0.3,jUzDDGyPkXU,6,ATV,-0.6000000238418579,-1.2384029626846313,-1.2374833822250366
66,0.3,rnaNMUZpvvg,6,AV,-0.4000000059604645,-0.6814319491386414,-0.6685306429862976
66,0.3,yvsjCA6Y5Fc,6,ATV,-1.7999999523162842,-1.2310616970062256,-1.2300667762756348
66,0.3,pLTX3ipuDJI,6,AV,0.800000011920929,-0.29657939076423645,-0.27801454067230225
66,0.3,cW1FSBF59ik,6,A,0.5,0.35713672637939453,0.3750397264957428
66,0.3,tmZoasNr4rU,6,AT,-1.0,-1.1704487800598145,-1.1672590970993042
66,0.3,d6hH302o4v8,6,V,-2.799999952316284,-0.11931837350130081,-0.0956299751996994
66,0.3,dq3Nf_lMPnE,6,TV,-2.0,-1.616270899772644,-1.6234862804412842
66,0.3,k5Y_838nuGo,6,TV,-2.4000000953674316,-1.2414238452911377,-1.2406282424926758
66,0.3,iiK8YX8oH1E,6,T,-1.600000023841858,-1.0383732318878174,-1.0276674032211304
66,0.3,tStelxIAHjw,6,ATV,1.399999976158142,0.9982064962387085,1.0054785013198853
66,0.3,nbWiPyCm4g0,6,AT,-1.2000000476837158,-1.4764597415924072,-1.478094220161438
66,0.3,etzxEpPuc6I,6,ATV,-1.2000000476837158,-0.9168131947517395,-0.9115076661109924
66,0.3,v0zCBqDeKcE,6,ATV,1.399999976158142,0.04533065855503082,0.05226719379425049
66,0.3,f_pcplsH_V0,6,AT,0.0,-1.159533977508545,-1.1546598672866821
66,0.3,tIrG4oNLFzE,6,AT,-1.399999976158142,-0.9968682527542114,-0.9884665608406067
66,0.3,cM3Yna7AavY,6,ATV,3.0,1.400903344154358,1.4062304496765137
66,0.3,lXPQBPVc5Cw,6,ATV,-2.799999952316284,-1.4715710878372192,-1.4724793434143066
66,0.3,cXypl4FnoZo,6,ATV,-1.0,-0.8097004890441895,-0.8036832809448242
66,0.3,c7UH_rxdZv4,6,ATV,-3.0,-1.4154751300811768,-1.4164248704910278
66,0.3,f9O3YtZ2VfI,7,AT,-1.7999999523162842,-0.86900395154953,-0.8602101802825928
66,0.3,wMbj6ajWbic,7,ATV,-0.20000000298023224,-0.0704575926065445,-0.06038527935743332
66,0.3,vvZ4IcEtiZc,7,AT,-1.5,-1.0260740518569946,-1.0280812978744507
66,0.3,d3_k5Xpfmik,7,ATV,2.200000047683716,1.388995885848999,1.3965462446212769
66,0.3,vyB00TXsimI,7,AT,2.5999999046325684,1.411832571029663,1.4227181673049927
66,0.3,fvVhgmXxadc,7,AT,-0.5,-1.2710800170898438,-1.2690093517303467
66,0.3,ob23OKe5a9Q,7,ATV,0.6000000238418579,1.3023769855499268,1.3102015256881714
66,0.3,zhpQhgha_KU,7,T,-1.0,-1.082489252090454,-1.0689985752105713
66,0.3,phBUpBr1hSo,7,AT,-2.200000047683716,-0.9747703075408936,-0.967167317867279
66,0.3,yDtzw_Y-7RU,7,TV,-1.5,-1.1466726064682007,-1.1459324359893799
66,0.3,nzpVDcQ0ywM,7,ATV,2.0,1.0329766273498535,1.0444062948226929
66,0.3,jUzDDGyPkXU,7,TV,1.7999999523162842,1.3890684843063354,1.408453106880188
66,0.3,rnaNMUZpvvg,7,AV,-1.600000023841858,-0.68907630443573,-0.6766750812530518
66,0.3,yvsjCA6Y5Fc,7,AV,0.4000000059604645,-0.5145387649536133,-0.4995385408401489
66,0.3,pLTX3ipuDJI,7,ATV,-2.0,-1.2626988887786865,-1.2621952295303345
66,0.3,cW1FSBF59ik,7,T,1.7999999523162842,1.3080646991729736,1.3278160095214844
66,0.3,tmZoasNr4rU,7,V,-2.0,-0.1409679800271988,-0.12085401266813278
66,0.3,d6hH302o4v8,7,A,-2.200000047683716,-0.6657683849334717,-0.6580063700675964
66,0.3,dq3Nf_lMPnE,7,ATV,0.6000000238418579,0.5552465319633484,0.5692694187164307
66,0.3,k5Y_838nuGo,7,ATV,-1.399999976158142,-1.25770902633667,-1.2571262121200562
66,0.3,iiK8YX8oH1E,7,V,-1.0,0.4930950999259949,0.5335562229156494
66,0.3,tStelxIAHjw,7,ATV,-2.0,-0.9682033658027649,-0.9633221626281738
66,0.3,nbWiPyCm4g0,7,AV,-2.200000047683716,-0.733658492565155,-0.7258996963500977
66,0.3,etzxEpPuc6I,7,ATV,-1.0,-1.104383945465088,-1.1018877029418945
66,0.3,v0zCBqDeKcE,7,T,1.7999999523162842,1.2308638095855713,1.2549771070480347
66,0.3,f_pcplsH_V0,7,AV,0.800000011920929,-0.43221408128738403,-0.40964362025260925
66,0.3,tIrG4oNLFzE,7,ATV,-1.2000000476837158,-1.360690712928772,-1.3611876964569092
66,0.3,cM3Yna7AavY,7,TV,-0.6000000238418579,-0.8082215785980225,-0.8025476336479187
66,0.3,lXPQBPVc5Cw,7,AT,2.5999999046325684,1.0491124391555786,1.0776350498199463
66,0.3,cXypl4FnoZo,7,A,1.399999976158142,-0.2973818778991699,-0.2742865979671478
66,0.3,c7UH_rxdZv4,7,T,-2.799999952316284,-1.1975603103637695,-1.1930490732192993
66,0.3,f9O3YtZ2VfI,8,A,-2.200000047683716,-0.613820493221283,-0.5996255874633789
66,0.3,wMbj6ajWbic,8,ATV,-2.0,-1.425661563873291,-1.4267078638076782
66,0.3,vvZ4IcEtiZc,8,A,2.200000047683716,-0.10070685297250748,-0.07285918295383453
66,0.3,d3_k5Xpfmik,8,AV,1.399999976158142,0.5725202560424805,0.5936623811721802
66,0.3,vyB00TXsimI,8,AT,-0.25,-0.5094622373580933,-0.4989091753959656
66,0.3,fvVhgmXxadc,8,AV,-0.4000000059604645,-0.5260636806488037,-0.5109993815422058
66,0.3,ob23OKe5a9Q,8,V,-1.399999976158142,0.7525426149368286,0.7725191116333008
66,0.3,zhpQhgha_KU,8,ATV,-1.0,-1.2922189235687256,-1.291968822479248
66,0.3,phBUpBr1hSo,8,ATV,-2.0,-0.6949518918991089,-0.6892032623291016
66,0.3,yDtzw_Y-7RU,8,ATV,-1.0,-1.2258074283599854,-1.2249114513397217
66,0.3,nzpVDcQ0ywM,8,ATV,-2.200000047683716,-1.3598415851593018,-1.359283208847046
66,0.3,jUzDDGyPkXU,8,V,2.799999952316284,0.7194033861160278,0.7525737881660461
66,0.3,rnaNMUZpvvg,8,A,-1.399999976158142,-0.6419017910957336,-0.6319690346717834
66,0.3,yvsjCA6Y5Fc,8,T,-1.399999976158142,-1.3215960264205933,-1.3216371536254883
66,0.3,pLTX3ipuDJI,8,ATV,0.0,-0.838463544845581,-0.8343503475189209
66,0.3,cW1FSBF59ik,8,TV,-2.4000000953674316,-1.1316180229187012,-1.1295459270477295
66,0.3,tmZoasNr4rU,8,TV,-0.6000000238418579,-1.4818620681762695,-1.4864002466201782
66,0.3,d6hH302o4v8,8,TV,-2.4000000953674316,-1.4370415210723877,-1.4407169818878174
66,0.3,dq3Nf_lMPnE,8,AV,-0.800000011920929,-0.6410653591156006,-0.6142144203186035
66,0.3,k5Y_838nuGo,8,TV,1.7999999523162842,1.498924732208252,1.5162675380706787
66,0.3,iiK8YX8oH1E,8,TV,0.4000000059604645,-0.16737592220306396,-0.15330573916435242
66,0.3,tStelxIAHjw,8,AV,-1.399999976158142,-0.04403457045555115,-0.009576356038451195
66,0.3,nbWiPyCm4g0,8,AT,-1.399999976158142,-1.3535256385803223,-1.3531614542007446
66,0.3,etzxEpPuc6I,8,AT,-2.799999952316284,-1.460066795349121,-1.4655550718307495
66,0.3,v0zCBqDeKcE,8,AV,1.7999999523162842,0.2988901436328888,0.3166564404964447
66,0.3,f_pcplsH_V0,8,TV,-2.4000000953674316,-1.0389297008514404,-1.0361882448196411
66,0.3,tIrG4oNLFzE,8,ATV,-1.0,-0.8382338881492615,-0.8334361910820007
66,0.3,cM3Yna7AavY,8,ATV,-0.20000000298023224,-1.4872583150863647,-1.4893193244934082
66,0.3,lXPQBPVc5Cw,8,ATV,-2.5999999046325684,-1.1714627742767334,-1.16813325881958
66,0.3,cXypl4FnoZo,8,AV,1.2000000476837158,-0.06186194717884064,-0.031556740403175354
66,0.3,c7UH_rxdZv4,8,AT,-0.4000000059604645,0.3595724403858185,0.37960076332092285
66,0.3,f9O3YtZ2VfI,9,ATV,-2.0,-1.0564427375793457,-1.0539288520812988
66,0.3,wMbj6ajWbic,9,ATV,-1.7999999523162842,-0.7648287415504456,-0.7598095536231995
66,0.3,vvZ4IcEtiZc,9,AV,-2.0,0.3164857029914856,0.3602675795555115
66,0.3,d3_k5Xpfmik,9,ATV,0.4000000059604645,1.0417401790618896,1.0476148128509521
66,0.3,vyB00TXsimI,9,T,1.3333333730697632,1.0640954971313477,1.080950379371643
66,0.3,fvVhgmXxadc,9,AV,0.0,-0.48106735944747925,-0.4647015333175659
66,0.3,ob23OKe5a9Q,9,ATV,1.25,1.4989659786224365,1.5044876337051392
66,0.3,zhpQhgha_KU,9,ATV,0.6000000238418579,0.7667503952980042,0.7782387733459473
66,0.3,phBUpBr1hSo,9,ATV,-1.399999976158142,-1.194819688796997,-1.1937483549118042
66,0.3,yDtzw_Y-7RU,9,V,-0.6000000238418579,0.016966594383120537,0.041121937334537506
66,0.3,nzpVDcQ0ywM,9,ATV,-1.0,-1.3795629739761353,-1.3799701929092407
66,0.3,jUzDDGyPkXU,9,TV,2.4000000953674316,1.4085164070129395,1.4198359251022339
66,0.3,rnaNMUZpvvg,9,ATV,-2.5999999046325684,-1.2343789339065552,-1.2334637641906738
66,0.3,yvsjCA6Y5Fc,9,A,-2.0,-0.6788007616996765,-0.6694550514221191
66,0.3,pLTX3ipuDJI,9,V,-1.600000023841858,0.30659550428390503,0.33660364151000977
66,0.3,cW1FSBF59ik,9,ATV,-1.0,1.2576134204864502,1.2656453847885132
66,0.3,tmZoasNr4rU,9,ATV,-1.7999999523162842,-0.9927387237548828,-0.9898639917373657
66,0.3,d6hH302o4v8,9,T,-1.2000000476837158,-1.2887775897979736,-1.2887835502624512
66,0.3,dq3Nf_lMPnE,9,AT,1.0,0.7402517795562744,0.7665624022483826
66,0.3,k5Y_838nuGo,9,TV,2.0,1.3741168975830078,1.3856501579284668
66,0.3,iiK8YX8oH1E,9,AV,0.0,0.057323187589645386,0.09067780524492264
66,0.3,tStelxIAHjw,9,ATV,-0.4000000059604645,-1.3497874736785889,-1.3501814603805542
66,0.3,nbWiPyCm4g0,9,ATV,1.2000000476837158,1.182112216949463,1.194191336631775
66,0.3,etzxEpPuc6I,9,AT,-1.399999976158142,-1.4578189849853516,-1.462997317314148
66,0.3,v0zCBqDeKcE,9,TV,2.200000047683716,1.529224157333374,1.5392102003097534
66,0.3,f_pcplsH_V0,9,V,1.2000000476837158,0.271619588136673,0.3062313199043274
66,0.3,tIrG4oNLFzE,9,T,-1.7999999523162842,-1.2969892024993896,-1.2960258722305298
66,0.3,cM3Yna7AavY,9,ATV,1.600000023841858,1.1597228050231934,1.1711127758026123
66,0.3,lXPQBPVc5Cw,9,A,-2.200000047683716,-0.5382540225982666,-0.523004949092865
66,0.3,cXypl4FnoZo,9,ATV,2.0,1.3438994884490967,1.3518699407577515
66,0.3,c7UH_rxdZv4,9,ATV,0.800000011920929,-0.6080858111381531,-0.6008161902427673
66,0.3,f9O3YtZ2VfI,10,ATV,-0.800000011920929,-1.2201647758483887,-1.2192292213439941
66,0.3,wMbj6ajWbic,10,ATV,0.4000000059604645,-1.192657470703125,-1.1912051439285278
66,0.3,vvZ4IcEtiZc,10,AT,1.600000023841858,-0.6455758213996887,-0.6369438767433167
66,0.3,d3_k5Xpfmik,10,V,2.4000000953674316,0.8314117193222046,0.8514885306358337
66,0.3,vyB00TXsimI,10,ATV,-0.20000000298023224,0.06695488095283508,0.0740215852856636
66,0.3,fvVhgmXxadc,10,T,-0.20000000298023224,-0.013780204579234123,0.00913660041987896
66,0.3,ob23OKe5a9Q,10,TV,0.800000011920929,1.5191526412963867,1.5288797616958618
66,0.3,zhpQhgha_KU,10,AV,-2.4000000953674316,-0.4349338710308075,-0.41256850957870483
66,0.3,phBUpBr1hSo,10,TV,2.0,1.4070687294006348,1.4237490892410278
66,0.3,yDtzw_Y-7RU,10,T,-1.399999976158142,-1.4324558973312378,-1.4353339672088623
66,0.3,nzpVDcQ0ywM,10,AT,0.0,-0.9099581241607666,-0.9030133485794067
66,0.3,jUzDDGyPkXU,10,ATV,2.4000000953674316,0.9694366455078125,0.9754079580307007
66,0.3,rnaNMUZpvvg,10,AT,-2.5999999046325684,-1.528462290763855,-1.5308802127838135
66,0.3,yvsjCA6Y5Fc,10,A,2.0,-0.4723318815231323,-0.4582570195198059
66,0.3,pLTX3ipuDJI,10,AT,0.6000000238418579,0.29972976446151733,0.31878095865249634
66,0.3,cW1FSBF59ik,10,AV,-1.0,0.254330039024353,0.2739887833595276
66,0.3,tmZoasNr4rU,10,ATV,-0.6000000238418579,0.16997988522052765,0.18051700294017792
66,0.3,d6hH302o4v8,10,TV,-1.0,-1.3929873704910278,-1.3958685398101807
66,0.3,dq3Nf_lMPnE,10,V,-0.6000000238418579,0.07540933042764664,0.09907922148704529
66,0.3,k5Y_838nuGo,10,ATV,0.5,1.0599384307861328,1.066206932067871
66,0.3,iiK8YX8oH1E,10,AV,1.0,0.004085877910256386,0.03702392429113388
66,0.3,tStelxIAHjw,10,V,-2.799999952316284,0.052869848906993866,0.0804179236292839
66,0.3,etzxEpPuc6I,10,ATV,-1.600000023841858,-1.2879230976104736,-1.2875044345855713
66,0.3,v0zCBqDeKcE,10,AT,1.600000023841858,1.079986810684204,1.0922222137451172
66,0.3,f_pcplsH_V0,10,A,-0.4000000059604645,-0.6283164620399475,-0.6135650277137756
66,0.3,tIrG4oNLFzE,10,TV,-1.600000023841858,-0.5612974762916565,-0.5523305535316467
66,0.3,cM3Yna7AavY,10,AT,2.0,1.0640459060668945,1.0796889066696167
66,0.3,lXPQBPVc5Cw,10,TV,-1.7999999523162842,-1.5775096416473389,-1.5847868919372559
66,0.3,cXypl4FnoZo,10,ATV,1.399999976158142,1.2337653636932373,1.2402043342590332
66,0.3,c7UH_rxdZv4,10,AT,1.0,0.27275508642196655,0.2935527265071869
66,0.3,f9O3YtZ2VfI,11,TV,-1.7999999523162842,-1.2678589820861816,-1.2693228721618652
66,0.3,wMbj6ajWbic,11,TV,1.600000023841858,1.235153317451477,1.2537167072296143
66,0.3,vvZ4IcEtiZc,11,AV,0.20000000298023224,0.17675207555294037,0.21505819261074066
66,0.3,d3_k5Xpfmik,11,AT,2.0,1.4121291637420654,1.4252865314483643
66,0.3,vyB00TXsimI,11,ATV,0.20000000298023224,0.553438127040863,0.5608457326889038
66,0.3,fvVhgmXxadc,11,AT,0.0,-0.5866655111312866,-0.5741724371910095
66,0.3,ob23OKe5a9Q,11,T,2.799999952316284,1.5738730430603027,1.5879137516021729
66,0.3,zhpQhgha_KU,11,TV,-1.399999976158142,-1.4437602758407593,-1.4485050439834595
66,0.3,phBUpBr1hSo,11,T,1.7999999523162842,-0.4377085268497467,-0.421766459941864
66,0.3,yDtzw_Y-7RU,11,ATV,-0.6666666865348816,-1.1580334901809692,-1.156532645225525
66,0.3,nzpVDcQ0ywM,11,ATV,-1.399999976158142,-1.3593993186950684,-1.3596552610397339
66,0.3,jUzDDGyPkXU,11,ATV,0.5,0.8913758993148804,0.8977811336517334
66,0.3,rnaNMUZpvvg,11,TV,-1.0,-1.634657621383667,-1.641643762588501
66,0.3,yvsjCA6Y5Fc,11,AT,-0.6000000238418579,-1.0148742198944092,-1.0085867643356323
66,0.3,pLTX3ipuDJI,11,TV,-2.0,-0.7768370509147644,-0.7696077823638916
66,0.3,cW1FSBF59ik,11,AV,2.200000047683716,0.35775458812713623,0.37814629077911377
66,0.3,tmZoasNr4rU,11,AV,-2.200000047683716,-0.35357677936553955,-0.32664525508880615
66,0.3,d6hH302o4v8,11,AT,1.399999976158142,1.0790724754333496,1.105579137802124
66,0.3,dq3Nf_lMPnE,11,A,-1.600000023841858,-0.32265931367874146,-0.29142317175865173
66,0.3,k5Y_838nuGo,11,TV,0.20000000298023224,1.176975965499878,1.186737298965454
66,0.3,iiK8YX8oH1E,11,A,1.7999999523162842,-0.2565886080265045,-0.22959697246551514
66,0.3,tStelxIAHjw,11,ATV,-1.0,-0.8574913740158081,-0.8533852100372314
66,0.3,etzxEpPuc6I,11,ATV,0.6666666865348816,-1.2526576519012451,-1.251975178718567
66,0.3,v0zCBqDeKcE,11,AT,-0.4000000059604645,-0.9820894002914429,-0.9737690687179565
66,0.3,f_pcplsH_V0,11,ATV,-0.800000011920929,-0.5878140330314636,-0.5806120038032532
66,0.3,tIrG4oNLFzE,11,V,-2.5999999046325684,-0.3187335133552551,-0.3014512360095978
66,0.3,cM3Yna7AavY,11,AT,-1.0,-0.7873415946960449,-0.7765599489212036
66,0.3,lXPQBPVc5Cw,11,ATV,-2.0,-1.5413908958435059,-1.5433318614959717
66,0.3,cXypl4FnoZo,11,ATV,2.0,1.2795532941818237,1.285328984260559
66,0.3,c7UH_rxdZv4,11,AV,-2.799999952316284,-0.2934470772743225,-0.26266759634017944
66,0.3,f9O3YtZ2VfI,12,ATV,-1.600000023841858,-1.231218695640564,-1.2303606271743774
66,0.3,wMbj6ajWbic,12,ATV,2.0,1.390878677368164,1.3979382514953613
66,0.3,d3_k5Xpfmik,12,ATV,2.200000047683716,1.4685057401657104,1.473470687866211
66,0.3,vyB00TXsimI,12,AV,2.4000000953674316,0.16836032271385193,0.19552631676197052
66,0.3,fvVhgmXxadc,12,AT,0.20000000298023224,-1.0102648735046387,-1.0039321184158325
66,0.3,ob23OKe5a9Q,12,ATV,1.25,-0.08956015855073929,-0.08368782699108124
66,0.3,zhpQhgha_KU,12,T,-1.0,-1.2518237829208374,-1.2496764659881592
66,0.3,phBUpBr1hSo,12,ATV,0.800000011920929,1.23390531539917,1.2416856288909912
66,0.3,yDtzw_Y-7RU,12,ATV,-1.7999999523162842,-1.4660478830337524,-1.4673939943313599
66,0.3,nzpVDcQ0ywM,12,AT,-1.0,0.4506756663322449,0.4739113450050354
66,0.3,jUzDDGyPkXU,12,TV,-0.6000000238418579,-1.1485763788223267,-1.146240234375
66,0.3,rnaNMUZpvvg,12,ATV,-2.0,-1.3047758340835571,-1.304405927658081
66,0.3,yvsjCA6Y5Fc,12,V,-2.0,-0.10703163594007492,-0.08689174056053162
66,0.3,pLTX3ipuDJI,12,ATV,-1.399999976158142,-0.08147992193698883,-0.07216818630695343
66,0.3,cW1FSBF59ik,12,AV,2.0,-0.17358475923538208,-0.1560685634613037
66,0.3,tmZoasNr4rU,12,TV,-0.800000011920929,-0.5539977550506592,-0.5441201329231262
66,0.3,d6hH302o4v8,12,ATV,-2.0,-1.232530117034912,-1.2300618886947632
66,0.3,dq3Nf_lMPnE,12,ATV,-1.2000000476837158,0.581473708152771,0.5902936458587646
66,0.3,k5Y_838nuGo,12,ATV,0.6000000238418579,0.5685320496559143,0.5760743618011475
66,0.3,iiK8YX8oH1E,12,AV,-2.0,0.2657548189163208,0.3038880228996277
66,0.3,tStelxIAHjw,12,T,-1.600000023841858,-1.3550808429718018,-1.3553462028503418
66,0.3,etzxEpPuc6I,12,ATV,-2.200000047683716,-1.3577277660369873,-1.358020305633545
66,0.3,v0zCBqDeKcE,12,ATV,1.7999999523162842,0.8990699052810669,0.9074096083641052
66,0.3,f_pcplsH_V0,12,ATV,1.600000023841858,0.8257699608802795,0.8368409872055054
66,0.3,tIrG4oNLFzE,12,A,-2.0,-0.47559040784835815,-0.460149884223938
66,0.3,cM3Yna7AavY,12,AV,-1.600000023841858,-0.518243670463562,-0.493709921836853
66,0.3,lXPQBPVc5Cw,12,ATV,2.799999952316284,0.8625013828277588,0.8768627047538757
66,0.3,cXypl4FnoZo,12,AT,-1.0,-0.8140586614608765,-0.8021765947341919
66,0.3,c7UH_rxdZv4,12,ATV,-2.5999999046325684,-1.3075498342514038,-1.3071836233139038
66,0.3,f9O3YtZ2VfI,13,AV,1.2000000476837158,-0.3446400761604309,-0.326153963804245
66,0.3,wMbj6ajWbic,13,A,-0.800000011920929,0.32539254426956177,0.3584567606449127
66,0.3,d3_k5Xpfmik,13,TV,2.0,0.5019603967666626,0.5109372138977051
66,0.3,vyB00TXsimI,13,T,2.0,1.3622970581054688,1.3865041732788086
66,0.3,fvVhgmXxadc,13,ATV,0.0,-0.6911536455154419,-0.6857962012290955
66,0.3,ob23OKe5a9Q,13,ATV,0.800000011920929,1.1675693988800049,1.1751114130020142
66,0.3,zhpQhgha_KU,13,V,-1.5,0.2004069834947586,0.2266678363084793
66,0.3,phBUpBr1hSo,13,AV,-1.2000000476837158,0.3604394197463989,0.3934014141559601
66,0.3,yDtzw_Y-7RU,13,TV,2.200000047683716,1.3751275539398193,1.3949532508850098
66,0.3,nzpVDcQ0ywM,13,A,0.20000000298023224,-0.2297743558883667,-0.19861024618148804
66,0.3,jUzDDGyPkXU,13,ATV,0.800000011920929,0.7846027612686157,0.7938815355300903
66,0.3,rnaNMUZpvvg,13,TV,-2.5999999046325684,-1.5347199440002441,-1.5397979021072388
66,0.3,yvsjCA6Y5Fc,13,AV,-1.0,-0.5134552121162415,-0.5011667609214783
66,0.3,pLTX3ipuDJI,13,A,-2.0,-0.3176473379135132,-0.2934810221195221
66,0.3,cW1FSBF59ik,13,TV,-1.2000000476837158,-1.27659010887146,-1.276921033859253
66,0.3,tmZoasNr4rU,13,ATV,-2.0,-1.410577416419983,-1.4114011526107788
66,0.3,d6hH302o4v8,13,ATV,-1.7999999523162842,-1.4437751770019531,-1.4452292919158936
66,0.3,dq3Nf_lMPnE,13,TV,-1.7999999523162842,0.7161064147949219,0.7312209010124207
66,0.3,k5Y_838nuGo,13,V,-1.7999999523162842,0.7696983814239502,0.7883926033973694
66,0.3,iiK8YX8oH1E,13,AT,-1.2000000476837158,-1.25028657913208,-1.2477147579193115
66,0.3,tStelxIAHjw,13,AV,-1.7999999523162842,-0.3147819936275482,-0.29611170291900635
66,0.3,etzxEpPuc6I,13,TV,-1.2000000476837158,-1.1373629570007324,-1.1366326808929443
66,0.3,v0zCBqDeKcE,13,ATV,1.5,0.9465848207473755,0.9540237188339233
66,0.3,f_pcplsH_V0,13,A,-1.0,-0.23975107073783875,-0.20883740484714508
66,0.3,tIrG4oNLFzE,13,T,-2.4000000953674316,-1.314725637435913,-1.3144773244857788
66,0.3,cM3Yna7AavY,13,AV,-2.5999999046325684,0.18741647899150848,0.2287466675043106
66,0.3,lXPQBPVc5Cw,13,ATV,-2.200000047683716,-1.730400562286377,-1.737138032913208
66,0.3,cXypl4FnoZo,13,ATV,-0.6000000238418579,-0.19370250403881073,-0.18444542586803436
66,0.3,c7UH_rxdZv4,13,AV,1.2000000476837158,-0.3879905939102173,-0.3680453598499298
66,0.3,f9O3YtZ2VfI,14,AV,-1.2000000476837158,-0.5863956212997437,-0.5738234519958496
66,0.3,wMbj6ajWbic,14,ATV,2.0,0.13502563536167145,0.1430351883172989
66,0.3,d3_k5Xpfmik,14,ATV,2.5999999046325684,1.3634755611419678,1.3701328039169312
66,0.3,vyB00TXsimI,14,AT,2.5999999046325684,1.1807078123092651,1.1974083185195923
66,0.3,zhpQhgha_KU,14,ATV,-2.0,-1.385912299156189,-1.3864327669143677
66,0.3,phBUpBr1hSo,14,ATV,-2.200000047683716,-0.8915283679962158,-0.8858505487442017
66,0.3,yDtzw_Y-7RU,14,ATV,0.6000000238418579,1.306714653968811,1.3137725591659546
66,0.3,nzpVDcQ0ywM,14,AT,-0.6000000238418579,0.5491930246353149,0.5701572299003601
66,0.3,jUzDDGyPkXU,14,AV,1.3333333730697632,-0.14381955564022064,-0.1109778881072998
66,0.3,rnaNMUZpvvg,14,AV,-1.600000023841858,-0.8119434118270874,-0.8065439462661743
66,0.3,yvsjCA6Y5Fc,14,T,-2.0,-1.3314610719680786,-1.3325514793395996
66,0.3,pLTX3ipuDJI,14,AV,-1.399999976158142,-0.003293382003903389,0.02860531024634838
66,0.3,cW1FSBF59ik,14,AV,-2.5999999046325684,-0.19714315235614777,-0.1654203236103058
66,0.3,tmZoasNr4rU,14,V,0.25,-0.15233702957630157,-0.13100291788578033
66,0.3,d6hH302o4v8,14,ATV,-1.75,-1.451543927192688,-1.4527639150619507
66,0.3,dq3Nf_lMPnE,14,ATV,1.0,0.9270713925361633,0.9347295761108398
66,0.3,k5Y_838nuGo,14,ATV,-0.800000011920929,1.3693609237670898,1.3751581907272339
66,0.3,iiK8YX8oH1E,14,TV,0.6000000238418579,1.0191965103149414,1.0382871627807617
66,0.3,tStelxIAHjw,14,V,0.4000000059604645,0.22284750640392303,0.2523280382156372
66,0.3,etzxEpPuc6I,14,V,0.20000000298023224,0.5802572965621948,0.6157441139221191
66,0.3,v0zCBqDeKcE,14,T,2.4000000953674316,1.2821893692016602,1.3077118396759033
66,0.3,f_pcplsH_V0,14,TV,-1.0,-1.420509696006775,-1.4247945547103882
66,0.3,tIrG4oNLFzE,14,ATV,-2.0,1.2170246839523315,1.228035569190979
66,0.3,cM3Yna7AavY,14,A,-2.4000000953674316,-0.17819999158382416,-0.144486665725708
66,0.3,lXPQBPVc5Cw,14,AV,-2.799999952316284,-0.888590931892395,-0.8809539675712585
66,0.3,cXypl4FnoZo,14,A,0.0,-0.28419750928878784,-0.2587723433971405
66,0.3,c7UH_rxdZv4,14,ATV,-2.4000000953674316,-1.5907821655273438,-1.5938339233398438
66,0.3,f9O3YtZ2VfI,15,ATV,-1.0,0.9299778938293457,0.9410502910614014
66,0.3,wMbj6ajWbic,15,TV,-0.4000000059604645,-0.824936032295227,-0.8169206380844116
66,0.3,d3_k5Xpfmik,15,AV,2.0,0.5188958048820496,0.5383052229881287
66,0.3,vyB00TXsimI,15,AV,0.4000000059604645,0.28725647926330566,0.3048075735569
66,0.3,zhpQhgha_KU,15,ATV,1.7999999523162842,1.346576452255249,1.3579603433609009
66,0.3,phBUpBr1hSo,15,ATV,-1.600000023841858,-0.2854822278022766,-0.2770615518093109
66,0.3,yDtzw_Y-7RU,15,ATV,0.6000000238418579,1.252008318901062,1.2575639486312866
66,0.3,nzpVDcQ0ywM,15,TV,1.399999976158142,-1.125065565109253,-1.122015118598938
66,0.3,jUzDDGyPkXU,15,ATV,1.2000000476837158,1.0663893222808838,1.0741599798202515
66,0.3,rnaNMUZpvvg,15,ATV,-1.7999999523162842,-1.5334333181381226,-1.5350849628448486
66,0.3,yvsjCA6Y5Fc,15,AT,-1.7999999523162842,-1.5177855491638184,-1.5201345682144165
66,0.3,pLTX3ipuDJI,15,AT,-1.600000023841858,-1.3096157312393188,-1.307839035987854
66,0.3,cW1FSBF59ik,15,A,3.0,-0.39863288402557373,-0.3726070523262024
66,0.3,tmZoasNr4rU,15,AV,-1.399999976158142,-0.7538483142852783,-0.7455403208732605
66,0.3,d6hH302o4v8,15,T,-2.0,-1.5388574600219727,-1.5444976091384888
66,0.3,k5Y_838nuGo,15,AT,0.25,-1.069098949432373,-1.0613250732421875
66,0.3,iiK8YX8oH1E,15,ATV,0.0,-0.44893011450767517,-0.4402070641517639
66,0.3,tStelxIAHjw,15,ATV,0.800000011920929,1.2751553058624268,1.284826397895813
66,0.3,etzxEpPuc6I,15,A,-2.4000000953674316,-0.2885255217552185,-0.26325106620788574
66,0.3,v0zCBqDeKcE,15,T,0.0,-0.3521960973739624,-0.3307461142539978
66,0.3,tIrG4oNLFzE,15,ATV,-1.600000023841858,-1.0371899604797363,-1.0326545238494873
66,0.3,cM3Yna7AavY,15,TV,-2.799999952316284,-1.1093733310699463,-1.1077651977539062
66,0.3,lXPQBPVc5Cw,15,TV,0.20000000298023224,-0.9193090200424194,-0.9143005013465881
66,0.3,cXypl4FnoZo,15,A,-0.6000000238418579,-0.23460975289344788,-0.20768342912197113
66,0.3,c7UH_rxdZv4,15,ATV,-2.0,-1.4017316102981567,-1.4022854566574097
66,0.3,f9O3YtZ2VfI,16,AT,-2.0,-0.9966036081314087,-0.987747311592102
66,0.3,wMbj6ajWbic,16,AT,2.0,1.0185189247131348,1.042619228363037
66,0.3,d3_k5Xpfmik,16,AV,1.600000023841858,0.5389052033424377,0.5590205788612366
66,0.3,vyB00TXsimI,16,ATV,1.399999976158142,1.2453856468200684,1.2508296966552734
66,0.3,zhpQhgha_KU,16,ATV,1.75,1.472599983215332,1.4793095588684082
66,0.3,phBUpBr1hSo,16,TV,2.0,1.2089259624481201,1.2234829664230347
66,0.3,yDtzw_Y-7RU,16,AV,0.20000000298023224,0.5089123249053955,0.5281925797462463
66,0.3,nzpVDcQ0ywM,16,AT,1.600000023841858,0.95588219165802,0.9736953973770142
66,0.3,jUzDDGyPkXU,16,A,-2.799999952316284,-0.13725674152374268,-0.10230449587106705
66,0.3,rnaNMUZpvvg,16,ATV,-1.600000023841858,-1.228667974472046,-1.2276942729949951
66,0.3,yvsjCA6Y5Fc,16,TV,-0.6000000238418579,-0.31815630197525024,-0.3069748878479004
66,0.3,cW1FSBF59ik,16,ATV,2.4000000953674316,1.466013789176941,1.47352933883667
66,0.3,tmZoasNr4rU,16,ATV,-1.399999976158142,-1.4357941150665283,-1.4366672039031982
66,0.3,d6hH302o4v8,16,ATV,-2.0,-1.3364648818969727,-1.3364611864089966
66,0.3,k5Y_838nuGo,16,AT,0.800000011920929,-0.3709254264831543,-0.35501548647880554
66,0.3,iiK8YX8oH1E,16,A,1.600000023841858,0.10001865774393082,0.13535843789577484
66,0.3,etzxEpPuc6I,16,ATV,-0.4000000059604645,0.16458788514137268,0.17504341900348663
66,0.3,tIrG4oNLFzE,16,AT,-0.4000000059604645,-0.053053759038448334,-0.03475726395845413
66,0.3,lXPQBPVc5Cw,16,AT,-1.7999999523162842,0.8728132247924805,0.898622989654541
66,0.3,cXypl4FnoZo,16,ATV,-0.6000000238418579,-0.9562427997589111,-0.952264666557312
66,0.3,c7UH_rxdZv4,16,AT,-1.399999976158142,0.8603730797767639,0.8858059048652649
66,0.3,f9O3YtZ2VfI,17,V,-1.0,0.22389642894268036,0.2582705616950989
66,0.3,wMbj6ajWbic,17,TV,-1.0,0.30212926864624023,0.31592097878456116
66,0.3,d3_k5Xpfmik,17,TV,0.800000011920929,-1.2791898250579834,-1.279571533203125
66,0.3,vyB00TXsimI,17,ATV,2.4000000953674316,1.4530155658721924,1.4580901861190796
66,0.3,zhpQhgha_KU,17,AT,0.6000000238418579,0.549626886844635,0.5645334720611572
66,0.3,phBUpBr1hSo,17,AT,0.800000011920929,0.8352791666984558,0.8483322858810425
66,0.3,yDtzw_Y-7RU,17,TV,-2.0,-1.451500415802002,-1.4562187194824219
66,0.3,nzpVDcQ0ywM,17,ATV,1.2000000476837158,1.2537181377410889,1.260628342628479
66,0.3,jUzDDGyPkXU,17,ATV,-2.4000000953674316,-1.2078641653060913,-1.205256462097168
66,0.3,rnaNMUZpvvg,17,AT,-2.200000047683716,-1.5330060720443726,-1.5352944135665894
66,0.3,yvsjCA6Y5Fc,17,AV,-2.200000047683716,-0.6964557766914368,-0.6860778331756592
66,0.3,cW1FSBF59ik,17,AV,2.5999999046325684,0.6458507180213928,0.6679137945175171
66,0.3,tmZoasNr4rU,17,AT,0.0,-1.5687739849090576,-1.5713163614273071
66,0.3,d6hH302o4v8,17,V,-2.0,-0.054504863917827606,-0.030352672562003136
66,0.3,k5Y_838nuGo,17,ATV,0.4000000059604645,1.0515844821929932,1.0596652030944824
66,0.3,iiK8YX8oH1E,17,ATV,-1.0,1.0836689472198486,1.0913151502609253
66,0.3,etzxEpPuc6I,17,ATV,1.399999976158142,1.3642761707305908,1.3715522289276123
66,0.3,tIrG4oNLFzE,17,V,-2.200000047683716,0.609571635723114,0.6482141017913818
66,0.3,lXPQBPVc5Cw,17,V,-1.399999976158142,0.6009434461593628,0.6351234316825867
66,0.3,cXypl4FnoZo,17,ATV,-0.25,-1.1561683416366577,-1.1546822786331177
66,0.3,c7UH_rxdZv4,17,ATV,-2.25,-1.374812364578247,-1.3748903274536133
66,0.3,f9O3YtZ2VfI,18,AT,-0.6000000238418579,-0.590782105922699,-0.5744602084159851
66,0.3,wMbj6ajWbic,18,TV,-0.6000000238418579,-0.5097635984420776,-0.498435378074646
66,0.3,d3_k5Xpfmik,18,TV,0.20000000298023224,0.9549582600593567,0.9710418581962585
66,0.3,vyB00TXsimI,18,V,1.2000000476837158,1.0223082304000854,1.0437747240066528
66,0.3,zhpQhgha_KU,18,ATV,-0.800000011920929,-0.35913708806037903,-0.35035979747772217
66,0.3,phBUpBr1hSo,18,ATV,2.0,1.3474174737930298,1.3537611961364746
66,0.3,yDtzw_Y-7RU,18,ATV,-1.600000023841858,-1.435377836227417,-1.4365451335906982
66,0.3,nzpVDcQ0ywM,18,AV,-2.0,0.1860712766647339,0.2070704847574234
66,0.3,jUzDDGyPkXU,18,A,2.200000047683716,-0.34339770674705505,-0.31895455718040466
66,0.3,rnaNMUZpvvg,18,ATV,-1.399999976158142,-1.4413766860961914,-1.4419584274291992
66,0.3,yvsjCA6Y5Fc,18,TV,-1.600000023841858,-1.3208017349243164,-1.322893738746643
66,0.3,cW1FSBF59ik,18,ATV,0.20000000298023224,0.4367680549621582,0.4437873959541321
66,0.3,tmZoasNr4rU,18,ATV,0.20000000298023224,-0.9642561078071594,-0.9612865447998047
66,0.3,d6hH302o4v8,18,ATV,-2.799999952316284,-1.3333436250686646,-1.333354115486145
66,0.3,k5Y_838nuGo,18,AV,-0.6000000238418579,0.3271807134151459,0.3606341481208801
66,0.3,etzxEpPuc6I,18,ATV,-0.5,-0.5646451711654663,-0.5579786896705627
66,0.3,lXPQBPVc5Cw,18,ATV,-1.7999999523162842,-1.2705297470092773,-1.2690850496292114
66,0.3,cXypl4FnoZo,18,A,0.800000011920929,-0.3163550794124603,-0.2984224259853363
66,0.3,c7UH_rxdZv4,18,AV,-1.7999999523162842,-0.7511508464813232,-0.7411566376686096
66,0.3,f9O3YtZ2VfI,19,T,-0.4000000059604645,-0.7208824753761292,-0.7035655379295349
66,0.3,wMbj6ajWbic,19,AV,-0.4000000059604645,-0.24607829749584198,-0.21788665652275085
66,0.3,vyB00TXsimI,19,AV,2.200000047683716,0.7132915258407593,0.7347334027290344
66,0.3,zhpQhgha_KU,19,V,-1.399999976158142,0.36957621574401855,0.40551531314849854
66,0.3,phBUpBr1hSo,19,T,-1.25,1.3371953964233398,1.3547077178955078
66,0.3,yDtzw_Y-7RU,19,AV,-0.6000000238418579,-0.8582592606544495,-0.8538737297058105
66,0.3,nzpVDcQ0ywM,19,ATV,0.20000000298023224,0.10790430009365082,0.11532431840896606
66,0.3,jUzDDGyPkXU,19,ATV,-2.200000047683716,-1.4156198501586914,-1.4167872667312622
66,0.3,rnaNMUZpvvg,19,AV,0.800000011920929,-0.6339498162269592,-0.6248883008956909
66,0.3,yvsjCA6Y5Fc,19,ATV,0.800000011920929,0.9873460531234741,0.9986103773117065
66,0.3,cW1FSBF59ik,19,T,2.5,1.4003026485443115,1.4144127368927002
66,0.3,tmZoasNr4rU,19,ATV,-1.0,-1.5312013626098633,-1.5327787399291992
66,0.3,d6hH302o4v8,19,AT,1.0,0.6371977925300598,0.6609996557235718
66,0.3,k5Y_838nuGo,19,ATV,0.4000000059604645,-0.8217607736587524,-0.8153602480888367
66,0.3,lXPQBPVc5Cw,19,TV,-1.7999999523162842,-1.174631118774414,-1.17459237575531
66,0.3,cXypl4FnoZo,19,AT,-1.0,-1.148197889328003,-1.1439969539642334
66,0.3,c7UH_rxdZv4,19,A,-1.7999999523162842,-0.6029070615768433,-0.590019166469574
66,0.3,f9O3YtZ2VfI,20,AT,2.0,1.3132941722869873,1.3319966793060303
66,0.3,wMbj6ajWbic,20,TV,1.600000023841858,1.2103588581085205,1.2241772413253784
66,0.3,vyB00TXsimI,20,T,1.2000000476837158,1.50167977809906,1.5159509181976318
66,0.3,zhpQhgha_KU,20,AV,0.6000000238418579,-0.2119586318731308,-0.18227647244930267
66,0.3,phBUpBr1hSo,20,AV,0.800000011920929,0.4828989505767822,0.5157759785652161
66,0.3,yDtzw_Y-7RU,20,AT,0.20000000298023224,0.9352538585662842,0.9619914889335632
66,0.3,nzpVDcQ0ywM,20,ATV,-1.399999976158142,-1.2421824932098389,-1.240126132965088
66,0.3,jUzDDGyPkXU,20,ATV,-1.0,1.0820016860961914,1.0923066139221191
66,0.3,rnaNMUZpvvg,20,V,-2.5999999046325684,-0.2112439125776291,-0.19270876049995422
66,0.3,yvsjCA6Y5Fc,20,ATV,-1.7999999523162842,-1.4133973121643066,-1.4142780303955078
66,0.3,cW1FSBF59ik,20,AT,1.600000023841858,1.3798067569732666,1.3912490606307983
66,0.3,d6hH302o4v8,20,A,-2.4000000953674316,-0.19955329596996307,-0.1687956303358078
66,0.3,k5Y_838nuGo,20,AT,-0.20000000298023224,-1.465563416481018,-1.4671567678451538
66,0.3,lXPQBPVc5Cw,20,TV,1.7999999523162842,1.314549446105957,1.3334819078445435
66,0.3,cXypl4FnoZo,20,ATV,-0.6000000238418579,-0.7841744422912598,-0.7796451449394226
66,0.3,c7UH_rxdZv4,20,T,-0.800000011920929,0.40608033537864685,0.4313948452472687
66,0.3,f9O3YtZ2VfI,21,AV,1.399999976158142,0.3314583897590637,0.3525601029396057
66,0.3,wMbj6ajWbic,21,TV,1.399999976158142,1.352748155593872,1.3631802797317505
66,0.3,vyB00TXsimI,21,AT,0.6000000238418579,-0.699650228023529,-0.6898155808448792
66,0.3,zhpQhgha_KU,21,ATV,0.6000000238418579,-0.7235285043716431,-0.7174301743507385
66,0.3,yDtzw_Y-7RU,21,V,2.0,0.8382852673530579,0.8697036504745483
66,0.3,nzpVDcQ0ywM,21,AV,2.0,-0.1504213660955429,-0.12177132815122604
66,0.3,jUzDDGyPkXU,21,AT,-2.4000000953674316,-1.369863510131836,-1.3691508769989014
66,0.3,rnaNMUZpvvg,21,TV,-2.200000047683716,-1.5178675651550293,-1.5226376056671143
66,0.3,yvsjCA6Y5Fc,21,TV,-1.600000023841858,-1.5311269760131836,-1.537217378616333
66,0.3,cW1FSBF59ik,21,AV,-1.0,0.5788483619689941,0.5996018648147583
66,0.3,d6hH302o4v8,21,AT,-1.0,-1.4594448804855347,-1.461410403251648
66,0.3,k5Y_838nuGo,21,T,0.4000000059604645,1.3179508447647095,1.3468265533447266
66,0.3,lXPQBPVc5Cw,21,ATV,2.5999999046325684,1.3622286319732666,1.3694074153900146
66,0.3,cXypl4FnoZo,21,TV,0.20000000298023224,0.1386413872241974,0.15446120500564575
66,0.3,c7UH_rxdZv4,21,A,-2.4000000953674316,-0.5086003541946411,-0.4864193797111511
66,0.3,f9O3YtZ2VfI,22,A,1.600000023841858,0.20484985411167145,0.23340840637683868
66,0.3,wMbj6ajWbic,22,A,1.7999999523162842,0.16658756136894226,0.19613559544086456
66,0.3,zhpQhgha_KU,22,A,-0.5,-0.4918866455554962,-0.4745289981365204
66,0.3,yDtzw_Y-7RU,22,AV,2.200000047683716,0.4730457663536072,0.5089710354804993
66,0.3,nzpVDcQ0ywM,22,T,2.0,1.4529764652252197,1.4725855588912964
66,0.3,jUzDDGyPkXU,22,TV,1.2000000476837158,1.373361349105835,1.389801025390625
66,0.3,yvsjCA6Y5Fc,22,AT,-1.2000000476837158,-1.069962739944458,-1.065500020980835
66,0.3,cW1FSBF59ik,22,ATV,1.399999976158142,1.2072234153747559,1.2121747732162476
66,0.3,d6hH302o4v8,22,ATV,-2.5999999046325684,-1.6740585565567017,-1.6783314943313599
66,0.3,k5Y_838nuGo,22,ATV,-0.20000000298023224,0.6189078092575073,0.6268884539604187
66,0.3,lXPQBPVc5Cw,22,AV,-2.4000000953674316,-0.08254662901163101,-0.055592164397239685
66,0.3,cXypl4FnoZo,22,ATV,0.4000000059604645,0.0723440870642662,0.08191069215536118
66,0.3,c7UH_rxdZv4,22,ATV,-0.6000000238418579,-1.4316750764846802,-1.4330499172210693
66,0.3,f9O3YtZ2VfI,23,ATV,-2.5999999046325684,-1.0837115049362183,-1.0798108577728271
66,0.3,wMbj6ajWbic,23,ATV,1.399999976158142,1.165170431137085,1.1711173057556152
66,0.3,zhpQhgha_KU,23,AV,0.0,-0.19051679968833923,-0.16520722210407257
66,0.3,yDtzw_Y-7RU,23,AT,-0.800000011920929,-0.9014540910720825,-0.8912694454193115
66,0.3,nzpVDcQ0ywM,23,AV,1.600000023841858,0.2769431471824646,0.30625730752944946
66,0.3,jUzDDGyPkXU,23,ATV,-1.0,-1.3921148777008057,-1.3920612335205078
66,0.3,cW1FSBF59ik,23,AT,0.0,0.8377068042755127,0.8533496260643005
66,0.3,d6hH302o4v8,23,AV,-2.799999952316284,-0.4268208146095276,-0.40948355197906494
66,0.3,k5Y_838nuGo,23,ATV,0.6000000238418579,0.26015669107437134,0.268761545419693
66,0.3,lXPQBPVc5Cw,23,A,-1.399999976158142,-0.29747074842453003,-0.26233407855033875
66,0.3,cXypl4FnoZo,23,ATV,0.20000000298023224,-0.11788133531808853,-0.10861124098300934
66,0.3,c7UH_rxdZv4,23,AV,-1.7999999523162842,-0.5403385162353516,-0.5222855806350708
66,0.3,f9O3YtZ2VfI,24,AT,-1.399999976158142,-1.4476709365844727,-1.449189305305481
66,0.3,wMbj6ajWbic,24,AV,2.0,0.42249953746795654,0.4412614405155182
66,0.3,zhpQhgha_KU,24,TV,1.0,0.4616057872772217,0.47776493430137634
66,0.3,jUzDDGyPkXU,24,ATV,-2.0,-1.544455885887146,-1.5467398166656494
66,0.3,d6hH302o4v8,24,AT,-1.600000023841858,-1.2528014183044434,-1.2508684396743774
66,0.3,k5Y_838nuGo,24,A,-0.20000000298023224,-0.4617754817008972,-0.4405919313430786
66,0.3,lXPQBPVc5Cw,24,A,-2.4000000953674316,-0.014762703329324722,0.024076445028185844
66,0.3,cXypl4FnoZo,24,AT,-1.2000000476837158,-1.0678989887237549,-1.0620524883270264
66,0.3,c7UH_rxdZv4,24,AV,0.0,-0.6407137513160706,-0.6257647275924683
66,0.3,f9O3YtZ2VfI,25,AV,1.399999976158142,-0.5584285259246826,-0.5441811680793762
66,0.3,wMbj6ajWbic,25,AT,1.7999999523162842,1.1567165851593018,1.1729075908660889
66,0.3,zhpQhgha_KU,25,AV,0.0,0.18143577873706818,0.21894271671772003
66,0.3,jUzDDGyPkXU,25,ATV,-2.0,-1.1533653736114502,-1.1516988277435303
66,0.3,d6hH302o4v8,25,V,-2.5999999046325684,0.1788986325263977,0.20907935500144958
66,0.3,k5Y_838nuGo,25,V,2.0,0.45717114210128784,0.4935648441314697
66,0.3,lXPQBPVc5Cw,25,ATV,-2.799999952316284,-1.2461389303207397,-1.2437069416046143
66,0.3,cXypl4FnoZo,25,ATV,0.6000000238418579,-0.22345320880413055,-0.21485558152198792
66,0.3,c7UH_rxdZv4,25,AV,-2.5999999046325684,-0.4048781991004944,-0.38295048475265503
66,0.3,f9O3YtZ2VfI,26,ATV,1.600000023841858,1.2972272634506226,1.3066757917404175
66,0.3,wMbj6ajWbic,26,ATV,0.0,-0.2161835879087448,-0.2098529189825058
66,0.3,zhpQhgha_KU,26,ATV,0.800000011920929,0.19152596592903137,0.20073466002941132
66,0.3,jUzDDGyPkXU,26,ATV,-2.0,-1.5839322805404663,-1.5866279602050781
66,0.3,d6hH302o4v8,26,TV,-2.5999999046325684,-1.3610219955444336,-1.3639811277389526
66,0.3,k5Y_838nuGo,26,AV,-0.800000011920929,-0.2003180831670761,-0.1657007336616516
66,0.3,lXPQBPVc5Cw,26,ATV,-2.799999952316284,-1.1732878684997559,-1.171555519104004
66,0.3,cXypl4FnoZo,26,ATV,0.800000011920929,-0.4088350534439087,-0.4007735848426819
66,0.3,c7UH_rxdZv4,26,ATV,-1.7999999523162842,0.34783267974853516,0.35955604910850525
66,0.3,f9O3YtZ2VfI,27,AV,1.2000000476837158,0.09506301581859589,0.13195748627185822
66,0.3,wMbj6ajWbic,27,TV,2.4000000953674316,1.4285845756530762,1.4408516883850098
66,0.3,zhpQhgha_KU,27,TV,1.399999976158142,1.292244791984558,1.3048882484436035
66,0.3,d6hH302o4v8,27,AT,-1.0,-1.4294843673706055,-1.430755853652954
66,0.3,k5Y_838nuGo,27,AV,2.0,0.030395420268177986,0.06868483126163483
66,0.3,lXPQBPVc5Cw,27,AT,0.800000011920929,0.15236829221248627,0.17338262498378754
66,0.3,cXypl4FnoZo,27,ATV,-2.200000047683716,-0.8534781336784363,-0.8488580584526062
66,0.3,c7UH_rxdZv4,27,AT,-0.800000011920929,-1.2272257804870605,-1.223106861114502
66,0.3,f9O3YtZ2VfI,28,AT,-2.0,-0.2618107795715332,-0.2464316040277481
66,0.3,wMbj6ajWbic,28,V,1.7999999523162842,0.6606739163398743,0.6787990927696228
66,0.3,zhpQhgha_KU,28,AT,-1.2000000476837158,-1.315489411354065,-1.312910556793213
66,0.3,d6hH302o4v8,28,ATV,-1.7999999523162842,-1.3605906963348389,-1.3608185052871704
66,0.3,k5Y_838nuGo,28,ATV,-0.75,-1.1153464317321777,-1.1123911142349243
66,0.3,lXPQBPVc5Cw,28,ATV,-1.2000000476837158,-1.4697846174240112,-1.4713845252990723
66,0.3,cXypl4FnoZo,28,ATV,-1.399999976158142,-0.8602843284606934,-0.8561246395111084
66,0.3,c7UH_rxdZv4,28,ATV,0.6000000238418579,0.9614961743354797,0.9703774452209473
66,0.3,f9O3YtZ2VfI,29,TV,-1.0,-1.366060733795166,-1.3696238994598389
66,0.3,wMbj6ajWbic,29,ATV,0.800000011920929,1.2788243293762207,1.2846496105194092
66,0.3,zhpQhgha_KU,29,ATV,-2.0,-1.3285198211669922,-1.328629493713379
66,0.3,d6hH302o4v8,29,ATV,-2.799999952316284,-1.5522897243499756,-1.5543065071105957
66,0.3,k5Y_838nuGo,29,V,1.600000023841858,0.43244409561157227,0.46789219975471497
66,0.3,lXPQBPVc5Cw,29,AT,-2.0,-1.2888493537902832,-1.2873927354812622
66,0.3,c7UH_rxdZv4,29,ATV,1.2000000476837158,0.28818365931510925,0.2959660291671753
66,0.3,zhpQhgha_KU,30,ATV,-1.0,-0.28299570083618164,-0.27338555455207825
66,0.3,d6hH302o4v8,30,ATV,-1.399999976158142,-1.4972667694091797,-1.4987812042236328
66,0.3,k5Y_838nuGo,30,AV,-1.0,-0.047609105706214905,-0.019092177972197533
66,0.3,c7UH_rxdZv4,30,AV,-1.399999976158142,-0.19775152206420898,-0.16213011741638184
66,0.3,zhpQhgha_KU,31,A,0.800000011920929,-0.5845901370048523,-0.5688623785972595
66,0.3,d6hH302o4v8,31,A,-0.6000000238418579,-0.5550196766853333,-0.5471149682998657
66,0.3,c7UH_rxdZv4,31,ATV,-2.200000047683716,0.007254509255290031,0.016132762655615807
66,0.3,zhpQhgha_KU,32,AV,-0.4000000059604645,-0.08081245422363281,-0.054596059024333954
66,0.3,d6hH302o4v8,32,AV,-3.0,-0.7790839672088623,-0.7735453844070435
66,0.3,c7UH_rxdZv4,32,TV,-1.7999999523162842,-0.9002673029899597,-0.894823431968689
66,0.3,zhpQhgha_KU,33,AV,1.2000000476837158,-0.34619227051734924,-0.3257349133491516
66,0.3,d6hH302o4v8,33,ATV,-3.0,-1.217750906944275,-1.2167025804519653
66,0.3,zhpQhgha_KU,34,AV,0.6000000238418579,-0.457726389169693,-0.4401877522468567
66,0.3,d6hH302o4v8,34,ATV,-1.600000023841858,-1.4738647937774658,-1.4754798412322998
66,0.3,d6hH302o4v8,35,V,-2.200000047683716,-0.13531886041164398,-0.11334284394979477
66,0.3,d6hH302o4v8,36,ATV,-2.200000047683716,-1.5486984252929688,-1.5506675243377686
66,0.3,d6hH302o4v8,37,A,-3.0,-0.7455964088439941,-0.7402564287185669
66,0.3,d6hH302o4v8,38,AV,-3.0,-0.7238664627075195,-0.7163727283477783
66,0.3,d6hH302o4v8,39,A,-1.0,-0.39593449234962463,-0.3846283555030823
66,0.3,d6hH302o4v8,40,AV,-2.4000000953674316,-0.5437914133071899,-0.5313106179237366
66,0.3,d6hH302o4v8,41,TV,-1.399999976158142,-1.3096654415130615,-1.3111708164215088
66,0.3,d6hH302o4v8,42,AT,-2.5,0.14235852658748627,0.1648688167333603
66,0.4,f9O3YtZ2VfI,0,V,-1.2000000476837158,0.5328863859176636,0.5328863859176636
66,0.4,wMbj6ajWbic,0,TV,0.5,0.6652579307556152,0.66525799036026
66,0.4,vvZ4IcEtiZc,0,A,2.0,-0.15862180292606354,-0.15862178802490234
66,0.4,d3_k5Xpfmik,0,TV,2.0,1.7997938394546509,1.7997937202453613
66,0.4,vyB00TXsimI,0,V,0.0,0.9181296229362488,0.918129563331604
66,0.4,fvVhgmXxadc,0,ATV,-0.4000000059604645,1.693922519683838,1.693922519683838
66,0.4,ob23OKe5a9Q,0,ATV,1.2000000476837158,1.9111957550048828,1.9111957550048828
66,0.4,zhpQhgha_KU,0,ATV,-1.600000023841858,-2.146408796310425,-2.146409034729004
66,0.4,phBUpBr1hSo,0,ATV,1.399999976158142,2.058126211166382,2.058126211166382
66,0.4,yDtzw_Y-7RU,0,A,0.800000011920929,0.6486524343490601,0.6486524343490601
66,0.4,nzpVDcQ0ywM,0,ATV,0.0,1.6316730976104736,1.6316728591918945
66,0.4,jUzDDGyPkXU,0,V,2.799999952316284,0.820749044418335,0.8207489848136902
66,0.4,rnaNMUZpvvg,0,TV,-2.5999999046325684,-1.6504043340682983,-1.6504043340682983
66,0.4,yvsjCA6Y5Fc,0,AT,-2.0,-0.32915472984313965,-0.32915470004081726
66,0.4,pLTX3ipuDJI,0,V,-2.4000000953674316,1.24721360206604,1.24721360206604
66,0.4,cW1FSBF59ik,0,ATV,-2.5999999046325684,-2.0925793647766113,-2.0925793647766113
66,0.4,tmZoasNr4rU,0,V,0.0,0.5447247624397278,0.544724702835083
66,0.4,d6hH302o4v8,0,TV,-2.799999952316284,-2.192072868347168,-2.192072868347168
66,0.4,dq3Nf_lMPnE,0,ATV,0.0,1.1508116722106934,1.150811791419983
66,0.4,k5Y_838nuGo,0,AT,-1.600000023841858,-1.8050267696380615,-1.8050267696380615
66,0.4,iiK8YX8oH1E,0,TV,-2.5999999046325684,-1.1374179124832153,-1.1374179124832153
66,0.4,tStelxIAHjw,0,TV,0.0,1.153098464012146,1.153098464012146
66,0.4,nbWiPyCm4g0,0,T,1.2000000476837158,2.0467326641082764,2.0467326641082764
66,0.4,etzxEpPuc6I,0,V,0.4000000059604645,1.522133469581604,1.5221335887908936
66,0.4,v0zCBqDeKcE,0,AT,2.5999999046325684,1.1610488891601562,1.1610488891601562
66,0.4,f_pcplsH_V0,0,T,0.25,1.9833920001983643,1.9833917617797852
66,0.4,tIrG4oNLFzE,0,T,2.799999952316284,2.1355855464935303,2.135585308074951
66,0.4,cM3Yna7AavY,0,V,2.200000047683716,1.0432199239730835,1.0432199239730835
66,0.4,lXPQBPVc5Cw,0,AT,0.20000000298023224,1.5870881080627441,1.5870879888534546
66,0.4,cXypl4FnoZo,0,AV,1.0,0.4075326919555664,0.407532662153244
66,0.4,c7UH_rxdZv4,0,AV,-2.799999952316284,0.05478506535291672,0.05478508025407791
66,0.4,f9O3YtZ2VfI,1,V,1.25,0.335525780916214,0.410593718290329
66,0.4,wMbj6ajWbic,1,AV,-0.800000011920929,-0.14537975192070007,-0.08932682126760483
66,0.4,vvZ4IcEtiZc,1,V,2.4000000953674316,1.2575531005859375,1.3257375955581665
66,0.4,d3_k5Xpfmik,1,T,0.0,-0.00518155237659812,0.03269633650779724
66,0.4,vyB00TXsimI,1,AV,-2.4000000953674316,0.2470136284828186,0.30778634548187256
66,0.4,fvVhgmXxadc,1,T,-2.799999952316284,-1.4392616748809814,-1.4253820180892944
66,0.4,ob23OKe5a9Q,1,AV,1.0,0.4053207337856293,0.42666125297546387
66,0.4,zhpQhgha_KU,1,AT,1.600000023841858,1.245661973953247,1.2845678329467773
66,0.4,phBUpBr1hSo,1,ATV,2.200000047683716,1.8941916227340698,1.9034173488616943
66,0.4,yDtzw_Y-7RU,1,ATV,0.800000011920929,-0.33795365691185,-0.3207954168319702
66,0.4,nzpVDcQ0ywM,1,A,-1.600000023841858,0.9700100421905518,1.0100698471069336
66,0.4,jUzDDGyPkXU,1,A,2.5999999046325684,0.08143486827611923,0.1526039093732834
66,0.4,rnaNMUZpvvg,1,V,2.25,-1.6024237871170044,-1.604098916053772
66,0.4,yvsjCA6Y5Fc,1,AT,-1.2000000476837158,-1.9493639469146729,-1.9540538787841797
66,0.4,pLTX3ipuDJI,1,AT,-1.7999999523162842,-0.7272767424583435,-0.7013574838638306
66,0.4,cW1FSBF59ik,1,V,3.0,0.07062534242868423,0.1139473095536232
66,0.4,tmZoasNr4rU,1,AT,-2.0,-1.7904715538024902,-1.7906773090362549
66,0.4,d6hH302o4v8,1,TV,-1.7999999523162842,-1.9447815418243408,-1.9534311294555664
66,0.4,dq3Nf_lMPnE,1,ATV,-1.399999976158142,-1.856294870376587,-1.856145977973938
66,0.4,k5Y_838nuGo,1,ATV,1.2000000476837158,-1.261101484298706,-1.252751111984253
66,0.4,iiK8YX8oH1E,1,AT,1.2000000476837158,0.8100321292877197,0.8478060960769653
66,0.4,tStelxIAHjw,1,AT,-2.0,-0.6310248374938965,-0.6034888029098511
66,0.4,nbWiPyCm4g0,1,AT,-2.4000000953674316,1.535248875617981,1.5513156652450562
66,0.4,etzxEpPuc6I,1,TV,1.2000000476837158,-0.3247884511947632,-0.29665520787239075
66,0.4,v0zCBqDeKcE,1,ATV,-0.4000000059604645,1.2888720035552979,1.3026033639907837
66,0.4,f_pcplsH_V0,1,AT,1.399999976158142,1.209176778793335,1.225382924079895
66,0.4,tIrG4oNLFzE,1,TV,2.4000000953674316,1.763859748840332,1.7824269533157349
66,0.4,cM3Yna7AavY,1,T,2.5,1.6596441268920898,1.6972789764404297
66,0.4,lXPQBPVc5Cw,1,ATV,-2.200000047683716,-1.4214236736297607,-1.4154176712036133
66,0.4,cXypl4FnoZo,1,AV,1.0,0.2864289879798889,0.3483564257621765
66,0.4,c7UH_rxdZv4,1,V,-2.5999999046325684,0.11893624812364578,0.18175360560417175
66,0.4,f9O3YtZ2VfI,2,TV,0.6000000238418579,1.5216987133026123,1.5507569313049316
66,0.4,wMbj6ajWbic,2,V,0.0,-1.1801340579986572,-1.1640965938568115
66,0.4,vvZ4IcEtiZc,2,TV,1.399999976158142,-0.06558597832918167,-0.03578893095254898
66,0.4,d3_k5Xpfmik,2,TV,2.0,1.700453519821167,1.7290292978286743
66,0.4,vyB00TXsimI,2,V,2.200000047683716,0.2660689949989319,0.3303943872451782
66,0.4,fvVhgmXxadc,2,ATV,-2.200000047683716,-2.161252737045288,-2.1656436920166016
66,0.4,ob23OKe5a9Q,2,ATV,-1.2000000476837158,-1.4776688814163208,-1.473073959350586
66,0.4,zhpQhgha_KU,2,AT,-1.600000023841858,-1.586254596710205,-1.5793553590774536
66,0.4,phBUpBr1hSo,2,T,2.799999952316284,1.689064860343933,1.7173477411270142
66,0.4,yDtzw_Y-7RU,2,ATV,0.75,-0.4816508889198303,-0.4663678705692291
66,0.4,nzpVDcQ0ywM,2,ATV,0.800000011920929,1.2144615650177002,1.227878212928772
66,0.4,jUzDDGyPkXU,2,ATV,0.0,0.932363748550415,0.9497241973876953
66,0.4,rnaNMUZpvvg,2,TV,-0.800000011920929,-1.3988871574401855,-1.3938062191009521
66,0.4,yvsjCA6Y5Fc,2,AT,-2.0,-1.985431432723999,-1.9908931255340576
66,0.4,pLTX3ipuDJI,2,ATV,-1.2000000476837158,-1.1292288303375244,-1.1196646690368652
66,0.4,cW1FSBF59ik,2,V,-1.0,-0.7274250984191895,-0.7049241065979004
66,0.4,tmZoasNr4rU,2,ATV,-2.0,-1.9761829376220703,-1.9778167009353638
66,0.4,d6hH302o4v8,2,TV,0.20000000298023224,-1.161841869354248,-1.1530561447143555
66,0.4,dq3Nf_lMPnE,2,T,-1.2000000476837158,-1.6818222999572754,-1.6801518201828003
66,0.4,k5Y_838nuGo,2,TV,0.800000011920929,0.9737915396690369,1.0059312582015991
66,0.4,iiK8YX8oH1E,2,AT,-1.25,-1.1964938640594482,-1.180466651916504
66,0.4,tStelxIAHjw,2,T,0.5,-0.625639796257019,-0.5963133573532104
66,0.4,nbWiPyCm4g0,2,AT,-1.7999999523162842,-1.4268741607666016,-1.4196912050247192
66,0.4,etzxEpPuc6I,2,AV,-1.600000023841858,-0.2541779577732086,-0.21204684674739838
66,0.4,v0zCBqDeKcE,2,V,0.6000000238418579,0.2937677204608917,0.3290459215641022
66,0.4,f_pcplsH_V0,2,T,0.800000011920929,-0.5747162103652954,-0.5308125615119934
66,0.4,tIrG4oNLFzE,2,ATV,2.5999999046325684,1.8669264316558838,1.8752561807632446
66,0.4,cM3Yna7AavY,2,AV,1.0,-0.07797304540872574,-0.03468422591686249
66,0.4,lXPQBPVc5Cw,2,TV,-2.4000000953674316,-1.6500980854034424,-1.6509732007980347
66,0.4,cXypl4FnoZo,2,A,1.7999999523162842,0.12766475975513458,0.18943068385124207
66,0.4,c7UH_rxdZv4,2,A,-0.800000011920929,-0.11286189407110214,-0.05402838811278343
66,0.4,f9O3YtZ2VfI,3,TV,-2.4000000953674316,-1.3989441394805908,-1.3919925689697266
66,0.4,wMbj6ajWbic,3,TV,1.0,-1.410038709640503,-1.404905915260315
66,0.4,vvZ4IcEtiZc,3,AT,2.200000047683716,1.1235153675079346,1.1552003622055054
66,0.4,d3_k5Xpfmik,3,AT,-1.0,-1.0290992259979248,-1.009909749031067
66,0.4,vyB00TXsimI,3,V,1.7999999523162842,0.4778793752193451,0.5443094968795776
66,0.4,fvVhgmXxadc,3,TV,-2.799999952316284,-1.6100757122039795,-1.6106401681900024
66,0.4,ob23OKe5a9Q,3,V,-1.5,0.21444764733314514,0.25981608033180237
66,0.4,zhpQhgha_KU,3,ATV,-1.600000023841858,-1.6245232820510864,-1.6212509870529175
66,0.4,phBUpBr1hSo,3,ATV,-0.800000011920929,-0.5157625675201416,-0.5063034296035767
66,0.4,yDtzw_Y-7RU,3,AT,-1.0,-0.4175909161567688,-0.39263492822647095
66,0.4,nzpVDcQ0ywM,3,T,-1.600000023841858,-1.1522064208984375,-1.1337286233901978
66,0.4,jUzDDGyPkXU,3,TV,-1.600000023841858,0.812832236289978,0.8407568335533142
66,0.4,rnaNMUZpvvg,3,TV,-2.4000000953674316,-1.8744890689849854,-1.8805309534072876
66,0.4,yvsjCA6Y5Fc,3,A,-0.20000000298023224,-0.3072139024734497,-0.2713607847690582
66,0.4,pLTX3ipuDJI,3,ATV,-2.200000047683716,-0.5368022322654724,-0.5241502523422241
66,0.4,cW1FSBF59ik,3,TV,1.600000023841858,0.9737524390220642,1.0067387819290161
66,0.4,tmZoasNr4rU,3,T,-0.800000011920929,-1.5580885410308838,-1.555303931236267
66,0.4,d6hH302o4v8,3,A,-1.600000023841858,-0.06121069937944412,-0.03165101632475853
66,0.4,dq3Nf_lMPnE,3,A,-0.4000000059604645,-0.802919864654541,-0.7847461700439453
66,0.4,k5Y_838nuGo,3,T,1.0,1.242922067642212,1.2795064449310303
66,0.4,iiK8YX8oH1E,3,AT,-2.0,-1.3314909934997559,-1.3217681646347046
66,0.4,tStelxIAHjw,3,A,-2.799999952316284,-0.3833019435405731,-0.3469296395778656
66,0.4,nbWiPyCm4g0,3,V,-2.200000047683716,-0.44382065534591675,-0.40985745191574097
66,0.4,etzxEpPuc6I,3,ATV,0.800000011920929,0.014316929504275322,0.03230401873588562
66,0.4,v0zCBqDeKcE,3,AT,0.0,-0.5987803936004639,-0.5722051858901978
66,0.4,f_pcplsH_V0,3,T,0.5,0.5720523595809937,0.6298125982284546
66,0.4,tIrG4oNLFzE,3,AV,1.399999976158142,0.45217111706733704,0.4725109040737152
66,0.4,cM3Yna7AavY,3,V,0.6000000238418579,0.6728402376174927,0.7315258979797363
66,0.4,lXPQBPVc5Cw,3,T,-1.2000000476837158,-1.573469638824463,-1.5696377754211426
66,0.4,cXypl4FnoZo,3,T,-0.800000011920929,-1.1366279125213623,-1.1192430257797241
66,0.4,c7UH_rxdZv4,3,A,1.600000023841858,-0.00015032431110739708,0.05987902730703354
66,0.4,f9O3YtZ2VfI,4,V,-1.7999999523162842,0.16488319635391235,0.22169959545135498
66,0.4,wMbj6ajWbic,4,TV,0.20000000298023224,1.1770081520080566,1.210451602935791
66,0.4,vvZ4IcEtiZc,4,AV,1.2000000476837158,0.7680935859680176,0.8151898384094238
66,0.4,d3_k5Xpfmik,4,TV,2.200000047683716,1.332093596458435,1.3650263547897339
66,0.4,vyB00TXsimI,4,AT,1.7999999523162842,1.4637283086776733,1.4921824932098389
66,0.4,fvVhgmXxadc,4,AV,0.0,-0.8834301233291626,-0.8677453398704529
66,0.4,ob23OKe5a9Q,4,TV,-1.7999999523162842,-1.3168134689331055,-1.311105489730835
66,0.4,zhpQhgha_KU,4,AV,-2.200000047683716,-0.540974497795105,-0.51447993516922
66,0.4,phBUpBr1hSo,4,TV,-1.399999976158142,-1.3169965744018555,-1.311166524887085
66,0.4,yDtzw_Y-7RU,4,T,0.5,-0.879970371723175,-0.86021488904953
66,0.4,nzpVDcQ0ywM,4,ATV,-0.4000000059604645,-1.6011356115341187,-1.5972753763198853
66,0.4,jUzDDGyPkXU,4,ATV,-1.2000000476837158,-1.2439199686050415,-1.2346941232681274
66,0.4,rnaNMUZpvvg,4,ATV,-2.799999952316284,-2.410961389541626,-2.4180006980895996
66,0.4,yvsjCA6Y5Fc,4,ATV,0.4000000059604645,-1.6452679634094238,-1.6431576013565063
66,0.4,pLTX3ipuDJI,4,T,-2.0,-1.5785157680511475,-1.5736429691314697
66,0.4,cW1FSBF59ik,4,AV,2.0,-0.1582464873790741,-0.10821851342916489
66,0.4,tmZoasNr4rU,4,AT,-0.800000011920929,-1.632688283920288,-1.6303191184997559
66,0.4,d6hH302o4v8,4,AV,-1.3333333730697632,-0.5258985161781311,-0.5011526346206665
66,0.4,dq3Nf_lMPnE,4,V,1.2000000476837158,-0.9102375507354736,-0.8978988528251648
66,0.4,k5Y_838nuGo,4,AT,-1.3333333730697632,-1.3005224466323853,-1.2870898246765137
66,0.4,iiK8YX8oH1E,4,AV,-0.4000000059604645,-0.2680668532848358,-0.23804186284542084
66,0.4,tStelxIAHjw,4,TV,-2.200000047683716,-1.4435689449310303,-1.4404295682907104
66,0.4,nbWiPyCm4g0,4,TV,-1.399999976158142,-1.5220916271209717,-1.5199731588363647
66,0.4,etzxEpPuc6I,4,TV,0.0,0.32076695561408997,0.3482474386692047
66,0.4,v0zCBqDeKcE,4,AV,2.0,-0.5521571636199951,-0.518242359161377
66,0.4,f_pcplsH_V0,4,T,1.2000000476837158,0.3607647120952606,0.42012298107147217
66,0.4,tIrG4oNLFzE,4,TV,0.4000000059604645,0.30648499727249146,0.32938122749328613
66,0.4,cM3Yna7AavY,4,T,2.799999952316284,1.5618995428085327,1.5943039655685425
66,0.4,lXPQBPVc5Cw,4,V,-1.0,-1.4988412857055664,-1.4997618198394775
66,0.4,cXypl4FnoZo,4,ATV,1.7999999523162842,1.6097794771194458,1.6263288259506226
66,0.4,c7UH_rxdZv4,4,AT,-2.200000047683716,-0.011510791257023811,0.021538279950618744
66,0.4,f9O3YtZ2VfI,5,A,-2.5999999046325684,-0.16458621621131897,-0.1245884969830513
66,0.4,wMbj6ajWbic,5,AT,1.7999999523162842,0.6317824125289917,0.664301872253418
66,0.4,vvZ4IcEtiZc,5,TV,1.0,1.5019705295562744,1.5276256799697876
66,0.4,d3_k5Xpfmik,5,V,1.600000023841858,0.5403755903244019,0.5825818181037903
66,0.4,vyB00TXsimI,5,AV,2.0,0.5639872550964355,0.5911403298377991
66,0.4,fvVhgmXxadc,5,ATV,-0.20000000298023224,-2.156587600708008,-2.159898281097412
66,0.4,ob23OKe5a9Q,5,A,0.0,-0.6225274205207825,-0.5982339382171631
66,0.4,zhpQhgha_KU,5,V,1.0,0.18577980995178223,0.22063735127449036
66,0.4,phBUpBr1hSo,5,T,1.600000023841858,1.3147969245910645,1.3547312021255493
66,0.4,yDtzw_Y-7RU,5,AV,-1.2000000476837158,-0.09893868863582611,-0.06309609860181808
66,0.4,nzpVDcQ0ywM,5,T,-1.399999976158142,-1.7048085927963257,-1.7034093141555786
66,0.4,jUzDDGyPkXU,5,TV,-1.600000023841858,-1.3484020233154297,-1.3439596891403198
66,0.4,rnaNMUZpvvg,5,T,-2.5999999046325684,-1.8662333488464355,-1.871563196182251
66,0.4,yvsjCA6Y5Fc,5,ATV,0.0,-2.413111925125122,-2.419809103012085
66,0.4,pLTX3ipuDJI,5,AV,-1.399999976158142,-0.34783297777175903,-0.3218400478363037
66,0.4,cW1FSBF59ik,5,V,1.2000000476837158,0.47457873821258545,0.5284197330474854
66,0.4,tmZoasNr4rU,5,TV,-1.7999999523162842,-1.0634673833847046,-1.0566726922988892
66,0.4,d6hH302o4v8,5,A,-2.0,-0.2039547711610794,-0.17666935920715332
66,0.4,dq3Nf_lMPnE,5,T,0.800000011920929,-1.3781943321228027,-1.3716692924499512
66,0.4,k5Y_838nuGo,5,AT,2.0,1.3618512153625488,1.3955446481704712
66,0.4,iiK8YX8oH1E,5,T,0.20000000298023224,1.5044951438903809,1.5465197563171387
66,0.4,tStelxIAHjw,5,ATV,1.600000023841858,1.355998158454895,1.374637246131897
66,0.4,nbWiPyCm4g0,5,AT,0.0,-1.23597252368927,-1.226548433303833
66,0.4,etzxEpPuc6I,5,V,0.4000000059604645,0.484515905380249,0.5302335023880005
66,0.4,v0zCBqDeKcE,5,AV,0.800000011920929,-0.4530165195465088,-0.41794857382774353
66,0.4,f_pcplsH_V0,5,T,1.600000023841858,1.1264197826385498,1.181986689567566
66,0.4,tIrG4oNLFzE,5,AV,1.25,0.4236091375350952,0.4682140648365021
66,0.4,cM3Yna7AavY,5,ATV,2.799999952316284,1.058990716934204,1.0713294744491577
66,0.4,lXPQBPVc5Cw,5,ATV,-1.399999976158142,-2.57800030708313,-2.5864598751068115
66,0.4,cXypl4FnoZo,5,A,-0.6000000238418579,0.3184162974357605,0.3686492145061493
66,0.4,c7UH_rxdZv4,5,T,-2.5999999046325684,-0.9081637263298035,-0.8876250982284546
66,0.4,f9O3YtZ2VfI,6,A,-1.2000000476837158,0.004360290709882975,0.045966945588588715
66,0.4,wMbj6ajWbic,6,AT,-1.2000000476837158,-1.3132588863372803,-1.3011242151260376
66,0.4,vvZ4IcEtiZc,6,AT,1.399999976158142,0.2884371876716614,0.31235840916633606
66,0.4,d3_k5Xpfmik,6,T,0.4000000059604645,-0.35219553112983704,-0.3182758390903473
66,0.4,vyB00TXsimI,6,ATV,2.4000000953674316,1.6450960636138916,1.6561473608016968
66,0.4,fvVhgmXxadc,6,V,-1.0,-0.8522691130638123,-0.841103732585907
66,0.4,ob23OKe5a9Q,6,AT,0.6000000238418579,0.7232552170753479,0.7567148804664612
66,0.4,zhpQhgha_KU,6,V,1.0,0.1865229606628418,0.22215011715888977
66,0.4,phBUpBr1hSo,6,V,-1.0,0.873009443283081,0.9284033179283142
66,0.4,yDtzw_Y-7RU,6,TV,-0.20000000298023224,-0.9920064806938171,-0.9823578000068665
66,0.4,nzpVDcQ0ywM,6,AT,-1.0,-1.3391473293304443,-1.3313122987747192
66,0.4,jUzDDGyPkXU,6,TV,-0.6000000238418579,-1.3622055053710938,-1.3593072891235352
66,0.4,rnaNMUZpvvg,6,V,-0.4000000059604645,-0.9048618078231812,-0.8944694995880127
66,0.4,yvsjCA6Y5Fc,6,V,-1.7999999523162842,-0.24930840730667114,-0.22695599496364594
66,0.4,pLTX3ipuDJI,6,TV,0.800000011920929,0.3857993185520172,0.41172224283218384
66,0.4,cW1FSBF59ik,6,TV,0.5,1.243565559387207,1.2731409072875977
66,0.4,tmZoasNr4rU,6,ATV,-1.0,-1.523106575012207,-1.5193796157836914
66,0.4,d6hH302o4v8,6,AV,-2.799999952316284,-0.9458582401275635,-0.9299681186676025
66,0.4,dq3Nf_lMPnE,6,V,-2.0,-0.7281489372253418,-0.7123023867607117
66,0.4,k5Y_838nuGo,6,AV,-2.4000000953674316,0.43180525302886963,0.470498263835907
66,0.4,iiK8YX8oH1E,6,TV,-1.600000023841858,-1.051819086074829,-1.038993000984192
66,0.4,tStelxIAHjw,6,AT,1.399999976158142,1.2817316055297852,1.310014009475708
66,0.4,nbWiPyCm4g0,6,A,-1.2000000476837158,-0.7258570194244385,-0.7071124911308289
66,0.4,etzxEpPuc6I,6,V,-1.2000000476837158,0.48265162110328674,0.529213011264801
66,0.4,v0zCBqDeKcE,6,AT,1.399999976158142,-0.2978748679161072,-0.27370092272758484
66,0.4,f_pcplsH_V0,6,AV,0.0,-0.442594051361084,-0.3905644416809082
66,0.4,tIrG4oNLFzE,6,ATV,-1.399999976158142,-1.0191941261291504,-1.008142352104187
66,0.4,cM3Yna7AavY,6,T,3.0,1.604925274848938,1.6342754364013672
66,0.4,lXPQBPVc5Cw,6,V,-2.799999952316284,-0.3934584856033325,-0.3748776912689209
66,0.4,cXypl4FnoZo,6,A,-1.0,0.1940198391675949,0.2455851137638092
66,0.4,c7UH_rxdZv4,6,T,-3.0,-1.6945948600769043,-1.692262053489685
66,0.4,f9O3YtZ2VfI,7,A,-1.7999999523162842,0.2880431115627289,0.33451613783836365
66,0.4,wMbj6ajWbic,7,TV,-0.20000000298023224,0.41617530584335327,0.44345366954803467
66,0.4,vvZ4IcEtiZc,7,ATV,-1.5,-0.5294331312179565,-0.5146487951278687
66,0.4,d3_k5Xpfmik,7,V,2.200000047683716,0.33232635259628296,0.386476069688797
66,0.4,vyB00TXsimI,7,AT,2.5999999046325684,1.3251049518585205,1.3464010953903198
66,0.4,fvVhgmXxadc,7,AV,-0.5,-1.0225176811218262,-1.0106898546218872
66,0.4,ob23OKe5a9Q,7,TV,0.6000000238418579,1.4487135410308838,1.47659170627594
66,0.4,zhpQhgha_KU,7,T,-1.0,-1.4876279830932617,-1.479671835899353
66,0.4,phBUpBr1hSo,7,AV,-2.200000047683716,0.3667528033256531,0.4182210862636566
66,0.4,yDtzw_Y-7RU,7,A,-1.5,-0.11618129163980484,-0.08540604263544083
66,0.4,nzpVDcQ0ywM,7,V,2.0,-0.8247243165969849,-0.8118987083435059
66,0.4,jUzDDGyPkXU,7,AT,1.7999999523162842,1.0624005794525146,1.0960651636123657
66,0.4,rnaNMUZpvvg,7,ATV,-1.600000023841858,-2.4202444553375244,-2.426797866821289
66,0.4,yvsjCA6Y5Fc,7,TV,0.4000000059604645,-1.6007872819900513,-1.6018682718276978
66,0.4,pLTX3ipuDJI,7,A,-2.0,-0.30987828969955444,-0.2749810516834259
66,0.4,cW1FSBF59ik,7,V,1.7999999523162842,0.775576651096344,0.8146069049835205
66,0.4,tmZoasNr4rU,7,TV,-2.0,-1.4373695850372314,-1.4354288578033447
66,0.4,d6hH302o4v8,7,V,-2.200000047683716,-0.8118501901626587,-0.7976863980293274
66,0.4,dq3Nf_lMPnE,7,ATV,0.6000000238418579,-0.30745476484298706,-0.2937874495983124
66,0.4,k5Y_838nuGo,7,A,-1.399999976158142,0.30896642804145813,0.3545648753643036
66,0.4,iiK8YX8oH1E,7,AT,-1.0,0.8858841061592102,0.9201934337615967
66,0.4,tStelxIAHjw,7,A,-2.0,0.531796395778656,0.5673092603683472
66,0.4,nbWiPyCm4g0,7,AV,-2.200000047683716,-1.1600435972213745,-1.1490516662597656
66,0.4,etzxEpPuc6I,7,TV,-1.0,-0.8698632717132568,-0.8567695617675781
66,0.4,v0zCBqDeKcE,7,T,1.7999999523162842,1.248734951019287,1.2868050336837769
66,0.4,f_pcplsH_V0,7,ATV,0.800000011920929,1.3744510412216187,1.3900796175003052
66,0.4,tIrG4oNLFzE,7,ATV,-1.2000000476837158,-1.6310569047927856,-1.6274195909500122
66,0.4,cM3Yna7AavY,7,TV,-0.6000000238418579,-1.0829968452453613,-1.0718358755111694
66,0.4,lXPQBPVc5Cw,7,TV,2.5999999046325684,1.2004272937774658,1.2319804430007935
66,0.4,cXypl4FnoZo,7,AT,1.399999976158142,-0.011011729016900063,0.02034596912562847
66,0.4,c7UH_rxdZv4,7,TV,-2.799999952316284,-0.9485583305358887,-0.9394589066505432
66,0.4,f9O3YtZ2VfI,8,ATV,-2.200000047683716,-1.992484211921692,-1.99397611618042
66,0.4,wMbj6ajWbic,8,AT,-2.0,-1.4766151905059814,-1.4683973789215088
66,0.4,vvZ4IcEtiZc,8,A,2.200000047683716,-0.49521899223327637,-0.4557580351829529
66,0.4,d3_k5Xpfmik,8,AV,1.399999976158142,0.10203173011541367,0.15274594724178314
66,0.4,vyB00TXsimI,8,T,-0.25,-0.044207487255334854,-0.016540637239813805
66,0.4,fvVhgmXxadc,8,ATV,-0.4000000059604645,-1.0440607070922852,-1.0371650457382202
66,0.4,ob23OKe5a9Q,8,TV,-1.399999976158142,-1.068603277206421,-1.0568771362304688
66,0.4,zhpQhgha_KU,8,V,-1.0,-0.017475666478276253,0.01179058663547039
66,0.4,phBUpBr1hSo,8,ATV,-2.0,-0.04720158502459526,-0.031133489683270454
66,0.4,yDtzw_Y-7RU,8,V,-1.0,-0.8974183201789856,-0.8840034008026123
66,0.4,nzpVDcQ0ywM,8,A,-2.200000047683716,-0.6466503739356995,-0.6280465126037598
66,0.4,jUzDDGyPkXU,8,V,2.799999952316284,0.43246760964393616,0.48038360476493835
66,0.4,rnaNMUZpvvg,8,TV,-1.399999976158142,-1.8003692626953125,-1.804801344871521
66,0.4,yvsjCA6Y5Fc,8,V,-1.399999976158142,-0.6749738454818726,-0.6608180403709412
66,0.4,pLTX3ipuDJI,8,A,0.0,-0.34418076276779175,-0.3096489906311035
66,0.4,cW1FSBF59ik,8,AT,-2.4000000953674316,-1.381608009338379,-1.369797945022583
66,0.4,tmZoasNr4rU,8,AV,-0.6000000238418579,-1.2989412546157837,-1.2929160594940186
66,0.4,d6hH302o4v8,8,A,-2.4000000953674316,-0.404540091753006,-0.38062894344329834
66,0.4,dq3Nf_lMPnE,8,ATV,-0.800000011920929,-0.7543594837188721,-0.7419821619987488
66,0.4,k5Y_838nuGo,8,TV,1.7999999523162842,1.4513866901397705,1.476967215538025
66,0.4,iiK8YX8oH1E,8,A,0.4000000059604645,0.5163746476173401,0.5734917521476746
66,0.4,tStelxIAHjw,8,AV,-1.399999976158142,0.4575287997722626,0.4914415180683136
66,0.4,nbWiPyCm4g0,8,T,-1.399999976158142,-1.6936135292053223,-1.69288969039917
66,0.4,etzxEpPuc6I,8,AT,-2.799999952316284,-1.7888386249542236,-1.7891255617141724
66,0.4,v0zCBqDeKcE,8,AV,1.7999999523162842,0.007775566074997187,0.05563657730817795
66,0.4,f_pcplsH_V0,8,AT,-2.4000000953674316,-0.9883402585983276,-0.9675353765487671
66,0.4,tIrG4oNLFzE,8,AT,-1.0,-1.2879185676574707,-1.2785944938659668
66,0.4,cM3Yna7AavY,8,AV,-0.20000000298023224,-1.1005592346191406,-1.0778814554214478
66,0.4,lXPQBPVc5Cw,8,ATV,-2.5999999046325684,-1.1574938297271729,-1.1475434303283691
66,0.4,cXypl4FnoZo,8,ATV,1.2000000476837158,0.6896769404411316,0.706360936164856
66,0.4,c7UH_rxdZv4,8,ATV,-0.4000000059604645,0.3205869793891907,0.33768314123153687
66,0.4,f9O3YtZ2VfI,9,AV,-2.0,-0.12421315163373947,-0.09167807549238205
66,0.4,wMbj6ajWbic,9,T,-1.7999999523162842,-0.9566872119903564,-0.9419783353805542
66,0.4,vvZ4IcEtiZc,9,AT,-2.0,-1.4671919345855713,-1.4595668315887451
66,0.4,d3_k5Xpfmik,9,ATV,0.4000000059604645,1.1117087602615356,1.1274410486221313
66,0.4,vyB00TXsimI,9,T,1.3333333730697632,1.06742262840271,1.1009082794189453
66,0.4,fvVhgmXxadc,9,ATV,0.0,-0.6329575777053833,-0.6218302845954895
66,0.4,ob23OKe5a9Q,9,ATV,1.25,1.7931609153747559,1.808502197265625
66,0.4,zhpQhgha_KU,9,TV,0.6000000238418579,0.24614061415195465,0.2712949216365814
66,0.4,phBUpBr1hSo,9,TV,-1.399999976158142,-1.1557526588439941,-1.147801160812378
66,0.4,yDtzw_Y-7RU,9,TV,-0.6000000238418579,-1.1985024213790894,-1.1924734115600586
66,0.4,nzpVDcQ0ywM,9,AV,-1.0,-0.7874734401702881,-0.7698959112167358
66,0.4,jUzDDGyPkXU,9,ATV,2.4000000953674316,1.578078269958496,1.5917508602142334
66,0.4,rnaNMUZpvvg,9,V,-2.5999999046325684,-0.6985654234886169,-0.6847299337387085
66,0.4,yvsjCA6Y5Fc,9,ATV,-2.0,-1.351879596710205,-1.3477287292480469
66,0.4,pLTX3ipuDJI,9,T,-1.600000023841858,-1.1304030418395996,-1.1154162883758545
66,0.4,cW1FSBF59ik,9,A,-1.0,-0.659314751625061,-0.6324545741081238
66,0.4,tmZoasNr4rU,9,V,-1.7999999523162842,-0.7626933455467224,-0.7495889663696289
66,0.4,d6hH302o4v8,9,AV,-1.2000000476837158,-0.6969126462936401,-0.6754282116889954
66,0.4,dq3Nf_lMPnE,9,ATV,1.0,1.0906786918640137,1.1075060367584229
66,0.4,k5Y_838nuGo,9,AV,2.0,0.4843650460243225,0.5108927488327026
66,0.4,iiK8YX8oH1E,9,ATV,0.0,-1.4046679735183716,-1.3974294662475586
66,0.4,tStelxIAHjw,9,AV,-0.4000000059604645,0.10157540440559387,0.1348482221364975
66,0.4,nbWiPyCm4g0,9,AT,1.2000000476837158,0.8710259199142456,0.9021040797233582
66,0.4,etzxEpPuc6I,9,V,-1.399999976158142,0.1569787561893463,0.18880988657474518
66,0.4,v0zCBqDeKcE,9,T,2.200000047683716,1.4533462524414062,1.4863921403884888
66,0.4,f_pcplsH_V0,9,AV,1.2000000476837158,-0.699001669883728,-0.668067455291748
66,0.4,tIrG4oNLFzE,9,TV,-1.7999999523162842,-1.3751161098480225,-1.3722740411758423
66,0.4,cM3Yna7AavY,9,AT,1.600000023841858,1.091111421585083,1.1254208087921143
66,0.4,lXPQBPVc5Cw,9,V,-2.200000047683716,-1.4102951288223267,-1.4066437482833862
66,0.4,cXypl4FnoZo,9,TV,2.0,1.4049893617630005,1.4333738088607788
66,0.4,c7UH_rxdZv4,9,ATV,0.800000011920929,-0.8636512756347656,-0.8528351783752441
66,0.4,f9O3YtZ2VfI,10,V,-0.800000011920929,0.13740164041519165,0.17193739116191864
66,0.4,wMbj6ajWbic,10,AV,0.4000000059604645,-0.2820492684841156,-0.2526189088821411
66,0.4,vvZ4IcEtiZc,10,A,1.600000023841858,-0.5043048858642578,-0.4736759066581726
66,0.4,d3_k5Xpfmik,10,A,2.4000000953674316,0.495480477809906,0.5500412583351135
66,0.4,vyB00TXsimI,10,V,-0.20000000298023224,0.19641254842281342,0.24173453450202942
66,0.4,fvVhgmXxadc,10,TV,-0.20000000298023224,-0.014863254502415657,0.0069952295161783695
66,0.4,ob23OKe5a9Q,10,TV,0.800000011920929,1.5760712623596191,1.5992233753204346
66,0.4,zhpQhgha_KU,10,AV,-2.4000000953674316,-0.7007243037223816,-0.6762562990188599
66,0.4,phBUpBr1hSo,10,V,2.0,0.398966908454895,0.43875160813331604
66,0.4,yDtzw_Y-7RU,10,ATV,-1.399999976158142,-1.9055390357971191,-1.906129240989685
66,0.4,nzpVDcQ0ywM,10,A,0.0,-0.44020363688468933,-0.4176810383796692
66,0.4,jUzDDGyPkXU,10,TV,2.4000000953674316,1.2140432596206665,1.2368566989898682
66,0.4,rnaNMUZpvvg,10,A,-2.5999999046325684,-0.4343484044075012,-0.41422125697135925
66,0.4,yvsjCA6Y5Fc,10,V,2.0,-0.8387385606765747,-0.8258930444717407
66,0.4,pLTX3ipuDJI,10,A,0.6000000238418579,-0.5055051445960999,-0.4790281057357788
66,0.4,cW1FSBF59ik,10,AT,-1.0,-1.6935051679611206,-1.6907061338424683
66,0.4,tmZoasNr4rU,10,AV,-0.6000000238418579,-0.7697989344596863,-0.7518559694290161
66,0.4,d6hH302o4v8,10,TV,-1.0,-1.4988963603973389,-1.4979166984558105
66,0.4,dq3Nf_lMPnE,10,ATV,-0.6000000238418579,-0.30388107895851135,-0.28873762488365173
66,0.4,k5Y_838nuGo,10,A,0.5,0.0451415479183197,0.07188175618648529
66,0.4,iiK8YX8oH1E,10,ATV,1.0,0.563306450843811,0.5822115540504456
66,0.4,tStelxIAHjw,10,ATV,-2.799999952316284,-1.4747803211212158,-1.4688513278961182
66,0.4,etzxEpPuc6I,10,A,-1.600000023841858,-0.5390024185180664,-0.5137954950332642
66,0.4,v0zCBqDeKcE,10,TV,1.600000023841858,0.7625480890274048,0.7862564325332642
66,0.4,f_pcplsH_V0,10,A,-0.4000000059604645,-0.6878831386566162,-0.6589315533638
66,0.4,tIrG4oNLFzE,10,AT,-1.600000023841858,-0.8851301670074463,-0.8708031177520752
66,0.4,cM3Yna7AavY,10,A,2.0,-0.2389601618051529,-0.18898552656173706
66,0.4,lXPQBPVc5Cw,10,AV,-1.7999999523162842,-1.0594252347946167,-1.042185664176941
66,0.4,cXypl4FnoZo,10,AV,1.399999976158142,0.5231350064277649,0.5559985637664795
66,0.4,c7UH_rxdZv4,10,AT,1.0,0.4632079601287842,0.4939308166503906
66,0.4,f9O3YtZ2VfI,11,AV,-1.7999999523162842,-0.21404343843460083,-0.181645929813385
66,0.4,wMbj6ajWbic,11,AT,1.600000023841858,0.6184173822402954,0.6501670479774475
66,0.4,vvZ4IcEtiZc,11,AV,0.20000000298023224,0.034373968839645386,0.07197833806276321
66,0.4,d3_k5Xpfmik,11,ATV,2.0,1.1480469703674316,1.163055658340454
66,0.4,vyB00TXsimI,11,A,0.20000000298023224,0.14634285867214203,0.20061305165290833
66,0.4,fvVhgmXxadc,11,AT,0.0,-0.08280535787343979,-0.05763295292854309
66,0.4,ob23OKe5a9Q,11,ATV,2.799999952316284,1.8432358503341675,1.8528335094451904
66,0.4,zhpQhgha_KU,11,ATV,-1.399999976158142,-1.7629165649414062,-1.7613985538482666
66,0.4,phBUpBr1hSo,11,V,1.7999999523162842,0.37582024931907654,0.41574734449386597
66,0.4,yDtzw_Y-7RU,11,V,-0.6666666865348816,-0.08501090854406357,-0.05862032622098923
66,0.4,nzpVDcQ0ywM,11,ATV,-1.399999976158142,-1.894862413406372,-1.895385503768921
66,0.4,jUzDDGyPkXU,11,ATV,0.5,1.4217157363891602,1.4336143732070923
66,0.4,rnaNMUZpvvg,11,AV,-1.0,-1.0519969463348389,-1.0408461093902588
66,0.4,yvsjCA6Y5Fc,11,ATV,-0.6000000238418579,-1.2379062175750732,-1.232048749923706
66,0.4,pLTX3ipuDJI,11,V,-2.0,0.1277385801076889,0.16038952767848969
66,0.4,cW1FSBF59ik,11,V,2.200000047683716,-0.11864613741636276,-0.09216576814651489
66,0.4,tmZoasNr4rU,11,TV,-2.200000047683716,-1.6270630359649658,-1.6284434795379639
66,0.4,d6hH302o4v8,11,TV,1.399999976158142,1.2566752433776855,1.2884005308151245
66,0.4,dq3Nf_lMPnE,11,T,-1.600000023841858,-1.5966622829437256,-1.591037631034851
66,0.4,k5Y_838nuGo,11,A,0.20000000298023224,0.359512060880661,0.38958391547203064
66,0.4,iiK8YX8oH1E,11,A,1.7999999523162842,-0.10608134418725967,-0.06474082916975021
66,0.4,tStelxIAHjw,11,V,-1.0,-0.07281902432441711,-0.035974856466054916
66,0.4,etzxEpPuc6I,11,ATV,0.6666666865348816,-1.8066045045852661,-1.8063175678253174
66,0.4,v0zCBqDeKcE,11,A,-0.4000000059604645,0.0598386749625206,0.11395084112882614
66,0.4,f_pcplsH_V0,11,TV,-0.800000011920929,-0.9077013731002808,-0.8967898488044739
66,0.4,tIrG4oNLFzE,11,AV,-2.5999999046325684,-0.6946264505386353,-0.6746364831924438
66,0.4,cM3Yna7AavY,11,AT,-1.0,-1.137823462486267,-1.1217858791351318
66,0.4,lXPQBPVc5Cw,11,ATV,-2.0,-2.418876886367798,-2.426147699356079
66,0.4,cXypl4FnoZo,11,AV,2.0,0.255124568939209,0.2892247438430786
66,0.4,c7UH_rxdZv4,11,TV,-2.799999952316284,-1.4146978855133057,-1.4109079837799072
66,0.4,f9O3YtZ2VfI,12,AT,-1.600000023841858,-1.7114717960357666,-1.7095729112625122
66,0.4,wMbj6ajWbic,12,ATV,2.0,1.0588579177856445,1.0746233463287354
66,0.4,d3_k5Xpfmik,12,A,2.200000047683716,0.7871235609054565,0.8433089852333069
66,0.4,vyB00TXsimI,12,AV,2.4000000953674316,-0.3980211019515991,-0.3540383577346802
66,0.4,fvVhgmXxadc,12,TV,0.20000000298023224,-1.1404067277908325,-1.133204698562622
66,0.4,ob23OKe5a9Q,12,ATV,1.25,-0.7472083568572998,-0.7407432794570923
66,0.4,zhpQhgha_KU,12,T,-1.0,-1.616681456565857,-1.613287329673767
66,0.4,phBUpBr1hSo,12,V,0.800000011920929,0.4535815715789795,0.4956793189048767
66,0.4,yDtzw_Y-7RU,12,AV,-1.7999999523162842,-0.691137433052063,-0.6715514659881592
66,0.4,nzpVDcQ0ywM,12,AV,-1.0,-0.8266805410385132,-0.8107270002365112
66,0.4,jUzDDGyPkXU,12,A,-0.6000000238418579,0.17760144174098969,0.20517125725746155
66,0.4,rnaNMUZpvvg,12,TV,-2.0,-1.6461501121520996,-1.6480761766433716
66,0.4,yvsjCA6Y5Fc,12,AV,-2.0,-1.030536413192749,-1.0177408456802368
66,0.4,pLTX3ipuDJI,12,A,-1.399999976158142,-0.2779453992843628,-0.24654501676559448
66,0.4,cW1FSBF59ik,12,ATV,2.0,0.3798754811286926,0.39803728461265564
66,0.4,tmZoasNr4rU,12,A,-0.800000011920929,-1.1694178581237793,-1.1610002517700195
66,0.4,d6hH302o4v8,12,ATV,-2.0,-1.8682656288146973,-1.8676316738128662
66,0.4,dq3Nf_lMPnE,12,V,-1.2000000476837158,-0.7959327697753906,-0.7802392244338989
66,0.4,k5Y_838nuGo,12,A,0.6000000238418579,0.45002132654190063,0.48098546266555786
66,0.4,iiK8YX8oH1E,12,TV,-2.0,-1.2956066131591797,-1.2899315357208252
66,0.4,tStelxIAHjw,12,TV,-1.600000023841858,-1.5127837657928467,-1.5108996629714966
66,0.4,etzxEpPuc6I,12,TV,-2.200000047683716,-0.9693155288696289,-0.9606561660766602
66,0.4,v0zCBqDeKcE,12,ATV,1.7999999523162842,0.6970047950744629,0.7126713395118713
66,0.4,f_pcplsH_V0,12,ATV,1.600000023841858,0.8204930424690247,0.8388863801956177
66,0.4,tIrG4oNLFzE,12,A,-2.0,-0.5428751707077026,-0.5208864212036133
66,0.4,cM3Yna7AavY,12,AT,-1.600000023841858,-1.7519127130508423,-1.750360131263733
66,0.4,lXPQBPVc5Cw,12,T,2.799999952316284,1.0923197269439697,1.130684733390808
66,0.4,cXypl4FnoZo,12,TV,-1.0,-0.9474339485168457,-0.9337637424468994
66,0.4,c7UH_rxdZv4,12,ATV,-2.5999999046325684,-1.928072214126587,-1.9287408590316772
66,0.4,f9O3YtZ2VfI,13,AT,1.2000000476837158,0.7719111442565918,0.8047792911529541
66,0.4,wMbj6ajWbic,13,TV,-0.800000011920929,-1.3553485870361328,-1.349687933921814
66,0.4,d3_k5Xpfmik,13,AV,2.0,0.4137154221534729,0.4643762707710266
66,0.4,vyB00TXsimI,13,AT,2.0,1.400934100151062,1.430895447731018
66,0.4,fvVhgmXxadc,13,ATV,0.0,-1.426215648651123,-1.4218393564224243
66,0.4,ob23OKe5a9Q,13,ATV,0.800000011920929,1.4287559986114502,1.4436521530151367
66,0.4,zhpQhgha_KU,13,AT,-1.5,-1.9065030813217163,-1.9088270664215088
66,0.4,phBUpBr1hSo,13,A,-1.2000000476837158,-0.3647193908691406,-0.331155002117157
66,0.4,yDtzw_Y-7RU,13,T,2.200000047683716,1.0105700492858887,1.050432801246643
66,0.4,nzpVDcQ0ywM,13,V,0.20000000298023224,-0.3097348213195801,-0.28820791840553284
66,0.4,jUzDDGyPkXU,13,AV,0.800000011920929,0.18106138706207275,0.20706075429916382
66,0.4,rnaNMUZpvvg,13,T,-2.5999999046325684,-1.7998266220092773,-1.802130937576294
66,0.4,yvsjCA6Y5Fc,13,V,-1.0,-0.9276198148727417,-0.9166705012321472
66,0.4,pLTX3ipuDJI,13,TV,-2.0,-1.3302878141403198,-1.326319932937622
66,0.4,cW1FSBF59ik,13,TV,-1.2000000476837158,-1.2245445251464844,-1.2174690961837769
66,0.4,tmZoasNr4rU,13,TV,-2.0,-1.6075280904769897,-1.6088184118270874
66,0.4,d6hH302o4v8,13,AV,-1.7999999523162842,-0.5803987979888916,-0.5500328540802002
66,0.4,dq3Nf_lMPnE,13,A,-1.7999999523162842,-0.7229465246200562,-0.7012651562690735
66,0.4,k5Y_838nuGo,13,AT,-1.7999999523162842,-0.3819536566734314,-0.3552491068840027
66,0.4,iiK8YX8oH1E,13,AV,-1.2000000476837158,-0.105438232421875,-0.07205088436603546
66,0.4,tStelxIAHjw,13,A,-1.7999999523162842,-0.4361434578895569,-0.4083130657672882
66,0.4,etzxEpPuc6I,13,ATV,-1.2000000476837158,-1.5950051546096802,-1.5925383567810059
66,0.4,v0zCBqDeKcE,13,T,1.5,1.0992907285690308,1.1317001581192017
66,0.4,f_pcplsH_V0,13,T,-1.0,-0.34431982040405273,-0.3192428648471832
66,0.4,tIrG4oNLFzE,13,TV,-2.4000000953674316,-1.414612054824829,-1.412371277809143
66,0.4,cM3Yna7AavY,13,ATV,-2.5999999046325684,-0.9162591099739075,-0.907764196395874
66,0.4,lXPQBPVc5Cw,13,ATV,-2.200000047683716,-2.5435845851898193,-2.5585615634918213
66,0.4,cXypl4FnoZo,13,AT,-0.6000000238418579,-0.536396861076355,-0.5153468251228333
66,0.4,c7UH_rxdZv4,13,TV,1.2000000476837158,1.1056016683578491,1.135758876800537
66,0.4,f9O3YtZ2VfI,14,AT,-1.2000000476837158,-1.4101388454437256,-1.399860143661499
66,0.4,wMbj6ajWbic,14,ATV,2.0,-1.303016185760498,-1.296608805656433
66,0.4,d3_k5Xpfmik,14,ATV,2.5999999046325684,1.622032642364502,1.6359854936599731
66,0.4,vyB00TXsimI,14,V,2.5999999046325684,0.33041733503341675,0.36174437403678894
66,0.4,zhpQhgha_KU,14,ATV,-2.0,-2.061785936355591,-2.0641322135925293
66,0.4,phBUpBr1hSo,14,AV,-2.200000047683716,-0.06955713033676147,-0.03223583102226257
66,0.4,yDtzw_Y-7RU,14,AV,0.6000000238418579,0.19172894954681396,0.24149365723133087
66,0.4,nzpVDcQ0ywM,14,AV,-0.6000000238418579,-0.5896084308624268,-0.5684658288955688
66,0.4,jUzDDGyPkXU,14,T,1.3333333730697632,-0.15644170343875885,-0.12800973653793335
66,0.4,rnaNMUZpvvg,14,TV,-1.600000023841858,-1.602393388748169,-1.603686809539795
66,0.4,yvsjCA6Y5Fc,14,ATV,-2.0,-1.6084680557250977,-1.606016993522644
66,0.4,pLTX3ipuDJI,14,ATV,-1.399999976158142,-1.4590237140655518,-1.455161213874817
66,0.4,cW1FSBF59ik,14,ATV,-2.5999999046325684,-2.1166460514068604,-2.1196441650390625
66,0.4,tmZoasNr4rU,14,TV,0.25,-1.4249235391616821,-1.4236884117126465
66,0.4,d6hH302o4v8,14,AT,-1.75,-1.5856772661209106,-1.5803415775299072
66,0.4,dq3Nf_lMPnE,14,V,1.0,-0.7870004177093506,-0.7707220315933228
66,0.4,k5Y_838nuGo,14,T,-0.800000011920929,1.2546589374542236,1.2889862060546875
66,0.4,iiK8YX8oH1E,14,TV,0.6000000238418579,-0.2562166750431061,-0.23580358922481537
66,0.4,tStelxIAHjw,14,V,0.4000000059604645,-0.19401776790618896,-0.1659460961818695
66,0.4,etzxEpPuc6I,14,ATV,0.20000000298023224,-0.1407608836889267,-0.12666507065296173
66,0.4,v0zCBqDeKcE,14,AT,2.4000000953674316,1.493806004524231,1.5200632810592651
66,0.4,f_pcplsH_V0,14,ATV,-1.0,-2.2294251918792725,-2.233699083328247
66,0.4,tIrG4oNLFzE,14,AV,-2.0,-0.25389567017555237,-0.2273164987564087
66,0.4,cM3Yna7AavY,14,ATV,-2.4000000953674316,-2.0165817737579346,-2.018311023712158
66,0.4,lXPQBPVc5Cw,14,TV,-2.799999952316284,-1.8652420043945312,-1.870849609375
66,0.4,cXypl4FnoZo,14,AT,0.0,-0.5981223583221436,-0.5782681107521057
66,0.4,c7UH_rxdZv4,14,TV,-2.4000000953674316,-1.6366214752197266,-1.6369004249572754
66,0.4,f9O3YtZ2VfI,15,ATV,-1.0,1.0530399084091187,1.0707337856292725
66,0.4,wMbj6ajWbic,15,V,-0.4000000059604645,-0.6168438792228699,-0.5981764197349548
66,0.4,d3_k5Xpfmik,15,T,2.0,1.550302267074585,1.5795005559921265
66,0.4,vyB00TXsimI,15,ATV,0.4000000059604645,0.7184133529663086,0.7319195866584778
66,0.4,zhpQhgha_KU,15,V,1.7999999523162842,0.21780404448509216,0.24757008254528046
66,0.4,phBUpBr1hSo,15,ATV,-1.600000023841858,-0.2189120352268219,-0.20325784385204315
66,0.4,yDtzw_Y-7RU,15,AT,0.6000000238418579,1.0343163013458252,1.0676246881484985
66,0.4,nzpVDcQ0ywM,15,V,1.399999976158142,0.0448697954416275,0.0740489810705185
66,0.4,jUzDDGyPkXU,15,ATV,1.2000000476837158,1.2505756616592407,1.2661418914794922
66,0.4,rnaNMUZpvvg,15,ATV,-1.7999999523162842,-2.2940876483917236,-2.2986817359924316
66,0.4,yvsjCA6Y5Fc,15,ATV,-1.7999999523162842,-1.8292624950408936,-1.828796625137329
66,0.4,pLTX3ipuDJI,15,AV,-1.600000023841858,-0.5551314949989319,-0.5335812568664551
66,0.4,cW1FSBF59ik,15,TV,3.0,0.8197654485702515,0.8481702208518982
66,0.4,tmZoasNr4rU,15,V,-1.399999976158142,-1.0632494688034058,-1.0559552907943726
66,0.4,d6hH302o4v8,15,T,-2.0,-1.8290228843688965,-1.83049738407135
66,0.4,k5Y_838nuGo,15,T,0.25,-1.1469051837921143,-1.1280685663223267
66,0.4,iiK8YX8oH1E,15,AT,0.0,-1.1924142837524414,-1.1795622110366821
66,0.4,tStelxIAHjw,15,AV,0.800000011920929,-0.3445698618888855,-0.3131125271320343
66,0.4,etzxEpPuc6I,15,A,-2.4000000953674316,-0.635840117931366,-0.6114380955696106
66,0.4,v0zCBqDeKcE,15,AV,0.0,0.3578554689884186,0.381663978099823
66,0.4,tIrG4oNLFzE,15,TV,-1.600000023841858,-1.0436880588531494,-1.0360397100448608
66,0.4,cM3Yna7AavY,15,AT,-2.799999952316284,-1.3889890909194946,-1.3813059329986572
66,0.4,lXPQBPVc5Cw,15,V,0.20000000298023224,-0.6097375154495239,-0.5895324945449829
66,0.4,cXypl4FnoZo,15,AT,-0.6000000238418579,-1.53447425365448,-1.5287108421325684
66,0.4,c7UH_rxdZv4,15,A,-2.0,-0.7587850093841553,-0.7366450428962708
66,0.4,f9O3YtZ2VfI,16,V,-2.0,0.07541373372077942,0.12075486779212952
66,0.4,wMbj6ajWbic,16,ATV,2.0,1.1757417917251587,1.1935434341430664
66,0.4,d3_k5Xpfmik,16,V,1.600000023841858,0.6447443962097168,0.6755645871162415
66,0.4,vyB00TXsimI,16,ATV,1.399999976158142,1.2200106382369995,1.2343056201934814
66,0.4,zhpQhgha_KU,16,ATV,1.75,1.5505752563476562,1.5688406229019165
66,0.4,phBUpBr1hSo,16,AT,2.0,0.5913606286048889,0.6245189309120178
66,0.4,yDtzw_Y-7RU,16,AT,0.20000000298023224,0.5443746447563171,0.5767244100570679
66,0.4,nzpVDcQ0ywM,16,AT,1.600000023841858,1.1579596996307373,1.1928104162216187
66,0.4,jUzDDGyPkXU,16,ATV,-2.799999952316284,-2.061971426010132,-2.0650386810302734
66,0.4,rnaNMUZpvvg,16,A,-1.600000023841858,-0.17293129861354828,-0.1490018367767334
66,0.4,yvsjCA6Y5Fc,16,T,-0.6000000238418579,-0.2975200116634369,-0.2765274941921234
66,0.4,cW1FSBF59ik,16,ATV,2.4000000953674316,1.7466938495635986,1.7612701654434204
66,0.4,tmZoasNr4rU,16,ATV,-1.399999976158142,-2.0637030601501465,-2.0659408569335938
66,0.4,d6hH302o4v8,16,ATV,-2.0,-1.9479928016662598,-1.949142336845398
66,0.4,k5Y_838nuGo,16,TV,0.800000011920929,0.5450510382652283,0.5737711191177368
66,0.4,iiK8YX8oH1E,16,AT,1.600000023841858,1.4312877655029297,1.4654512405395508
66,0.4,etzxEpPuc6I,16,AV,-0.4000000059604645,-0.5441412925720215,-0.5202319025993347
66,0.4,tIrG4oNLFzE,16,AT,-0.4000000059604645,-0.6154958009719849,-0.5962777137756348
66,0.4,lXPQBPVc5Cw,16,V,-1.7999999523162842,-0.08388695120811462,-0.05175944045186043
66,0.4,cXypl4FnoZo,16,A,-0.6000000238418579,-0.5504022240638733,-0.5291370749473572
66,0.4,c7UH_rxdZv4,16,AT,-1.399999976158142,0.9840874671936035,1.0181539058685303
66,0.4,f9O3YtZ2VfI,17,TV,-1.0,-1.0295296907424927,-1.0179438591003418
66,0.4,wMbj6ajWbic,17,V,-1.0,0.3030930757522583,0.3505539894104004
66,0.4,d3_k5Xpfmik,17,AT,0.800000011920929,-0.8017722368240356,-0.7823759317398071
66,0.4,vyB00TXsimI,17,AV,2.4000000953674316,0.5823062658309937,0.6174538731575012
66,0.4,zhpQhgha_KU,17,T,0.6000000238418579,-0.10584620386362076,-0.0735558569431305
66,0.4,phBUpBr1hSo,17,V,0.800000011920929,0.8430794477462769,0.8961001038551331
66,0.4,yDtzw_Y-7RU,17,ATV,-2.0,-1.6810868978500366,-1.6773780584335327
66,0.4,nzpVDcQ0ywM,17,T,1.2000000476837158,1.0212440490722656,1.0538634061813354
66,0.4,jUzDDGyPkXU,17,AV,-2.4000000953674316,-0.5748458504676819,-0.5417897701263428
66,0.4,rnaNMUZpvvg,17,AV,-2.200000047683716,-1.0076578855514526,-0.9955122470855713
66,0.4,yvsjCA6Y5Fc,17,V,-2.200000047683716,-0.7929517030715942,-0.7780430316925049
66,0.4,cW1FSBF59ik,17,V,2.5999999046325684,0.8020169138908386,0.8380640149116516
66,0.4,tmZoasNr4rU,17,ATV,0.0,-2.2088747024536133,-2.2125515937805176
66,0.4,d6hH302o4v8,17,AV,-2.0,-0.9765182733535767,-0.962479829788208
66,0.4,k5Y_838nuGo,17,TV,0.4000000059604645,1.2305102348327637,1.2595545053482056
66,0.4,iiK8YX8oH1E,17,AT,-1.0,0.5833067297935486,0.6118162870407104
66,0.4,etzxEpPuc6I,17,A,1.399999976158142,-0.49217653274536133,-0.4667814075946808
66,0.4,tIrG4oNLFzE,17,ATV,-2.200000047683716,-1.7384910583496094,-1.7371872663497925
66,0.4,lXPQBPVc5Cw,17,AT,-1.399999976158142,-1.7057042121887207,-1.7038429975509644
66,0.4,cXypl4FnoZo,17,TV,-0.25,-1.2592673301696777,-1.254885196685791
66,0.4,c7UH_rxdZv4,17,TV,-2.25,-1.2362035512924194,-1.228128433227539
66,0.4,f9O3YtZ2VfI,18,ATV,-0.6000000238418579,-0.6609177589416504,-0.6482301354408264
66,0.4,wMbj6ajWbic,18,AT,-0.6000000238418579,0.13502025604248047,0.16675594449043274
66,0.4,d3_k5Xpfmik,18,TV,0.20000000298023224,0.7957568168640137,0.8256633281707764
66,0.4,vyB00TXsimI,18,A,1.2000000476837158,0.3979213833808899,0.439723938703537
66,0.4,zhpQhgha_KU,18,ATV,-0.800000011920929,-0.2530103325843811,-0.23690666258335114
66,0.4,phBUpBr1hSo,18,AT,2.0,1.4707038402557373,1.4955403804779053
66,0.4,yDtzw_Y-7RU,18,AV,-1.600000023841858,-0.7472504377365112,-0.7260437607765198
66,0.4,nzpVDcQ0ywM,18,AT,-2.0,0.6090314388275146,0.6393964886665344
66,0.4,jUzDDGyPkXU,18,T,2.200000047683716,-1.6903727054595947,-1.686774492263794
66,0.4,rnaNMUZpvvg,18,AV,-1.399999976158142,-0.9894910454750061,-0.9769999384880066
66,0.4,yvsjCA6Y5Fc,18,AV,-1.600000023841858,-0.9035695791244507,-0.8863198757171631
66,0.4,cW1FSBF59ik,18,TV,0.20000000298023224,0.3350785970687866,0.36011919379234314
66,0.4,tmZoasNr4rU,18,ATV,0.20000000298023224,-1.4296215772628784,-1.426202654838562
66,0.4,d6hH302o4v8,18,T,-2.799999952316284,-1.7345868349075317,-1.734865427017212
66,0.4,k5Y_838nuGo,18,AV,-0.6000000238418579,0.46219897270202637,0.5044475793838501
66,0.4,etzxEpPuc6I,18,A,-0.5,-0.3640372157096863,-0.3356857895851135
66,0.4,lXPQBPVc5Cw,18,V,-1.7999999523162842,0.03217700123786926,0.06308009475469589
66,0.4,cXypl4FnoZo,18,AT,0.800000011920929,0.1992921084165573,0.22569219768047333
66,0.4,c7UH_rxdZv4,18,V,-1.7999999523162842,-0.43285804986953735,-0.40945151448249817
66,0.4,f9O3YtZ2VfI,19,ATV,-0.4000000059604645,-1.7833259105682373,-1.780983805656433
66,0.4,wMbj6ajWbic,19,A,-0.4000000059604645,-0.16216759383678436,-0.12046966701745987
66,0.4,vyB00TXsimI,19,AV,2.200000047683716,0.5553494691848755,0.5910962820053101
66,0.4,zhpQhgha_KU,19,ATV,-1.399999976158142,-1.6767525672912598,-1.6733180284500122
66,0.4,phBUpBr1hSo,19,ATV,-1.25,0.8083980083465576,0.8209336996078491
66,0.4,yDtzw_Y-7RU,19,TV,-0.6000000238418579,-0.5439479351043701,-0.5287970304489136
66,0.4,nzpVDcQ0ywM,19,AT,0.20000000298023224,0.535651683807373,0.5676447153091431
66,0.4,jUzDDGyPkXU,19,AV,-2.200000047683716,-0.531398594379425,-0.5038158893585205
66,0.4,rnaNMUZpvvg,19,AV,0.800000011920929,-0.7805572748184204,-0.7637463212013245
66,0.4,yvsjCA6Y5Fc,19,TV,0.800000011920929,0.882041335105896,0.9106682538986206
66,0.4,cW1FSBF59ik,19,T,2.5,1.3345692157745361,1.3655860424041748
66,0.4,tmZoasNr4rU,19,V,-1.0,-0.9700045585632324,-0.9593292474746704
66,0.4,d6hH302o4v8,19,ATV,1.0,0.40258413553237915,0.4198196530342102
66,0.4,k5Y_838nuGo,19,A,0.4000000059604645,0.6741719841957092,0.7246352434158325
66,0.4,lXPQBPVc5Cw,19,V,-1.7999999523162842,-0.9518355131149292,-0.9398630261421204
66,0.4,cXypl4FnoZo,19,AV,-1.0,-0.46733373403549194,-0.43870556354522705
66,0.4,c7UH_rxdZv4,19,AV,-1.7999999523162842,-0.48407667875289917,-0.4537609815597534
66,0.4,f9O3YtZ2VfI,20,A,2.0,-0.2674960494041443,-0.238259956240654
66,0.4,wMbj6ajWbic,20,A,1.600000023841858,0.09427864849567413,0.1401464343070984
66,0.4,vyB00TXsimI,20,V,1.2000000476837158,0.6230965852737427,0.6656463146209717
66,0.4,zhpQhgha_KU,20,A,0.6000000238418579,-0.7029198408126831,-0.6796930432319641
66,0.4,phBUpBr1hSo,20,T,0.800000011920929,-0.01960076577961445,0.009970542043447495
66,0.4,yDtzw_Y-7RU,20,AT,0.20000000298023224,0.7131417393684387,0.7458570599555969
66,0.4,nzpVDcQ0ywM,20,ATV,-1.399999976158142,-1.541884422302246,-1.5364035367965698
66,0.4,jUzDDGyPkXU,20,ATV,-1.0,0.4336060583591461,0.452629029750824
66,0.4,rnaNMUZpvvg,20,A,-2.5999999046325684,-0.5416983366012573,-0.5223270058631897
66,0.4,yvsjCA6Y5Fc,20,ATV,-1.7999999523162842,-1.864772081375122,-1.8635870218276978
66,0.4,cW1FSBF59ik,20,AT,1.600000023841858,1.3516466617584229,1.3745343685150146
66,0.4,d6hH302o4v8,20,TV,-2.4000000953674316,-1.5752357244491577,-1.5743169784545898
66,0.4,k5Y_838nuGo,20,V,-0.20000000298023224,0.7469387054443359,0.7980924844741821
66,0.4,lXPQBPVc5Cw,20,A,1.7999999523162842,-0.3865763545036316,-0.3606421649456024
66,0.4,cXypl4FnoZo,20,ATV,-0.6000000238418579,-0.5810683965682983,-0.5688815712928772
66,0.4,c7UH_rxdZv4,20,TV,-0.800000011920929,0.32008251547813416,0.3456481099128723
66,0.4,f9O3YtZ2VfI,21,AT,1.399999976158142,1.2058250904083252,1.24031400680542
66,0.4,wMbj6ajWbic,21,AT,1.399999976158142,1.3535141944885254,1.3840515613555908
66,0.4,vyB00TXsimI,21,AT,0.6000000238418579,-0.1599036604166031,-0.1293921172618866
66,0.4,zhpQhgha_KU,21,TV,0.6000000238418579,-1.2152509689331055,-1.209486722946167
66,0.4,yDtzw_Y-7RU,21,AT,2.0,1.3618667125701904,1.3925509452819824
66,0.4,nzpVDcQ0ywM,21,ATV,2.0,1.6557683944702148,1.6717475652694702
66,0.4,jUzDDGyPkXU,21,V,-2.4000000953674316,0.03839854151010513,0.07954343408346176
66,0.4,rnaNMUZpvvg,21,V,-2.200000047683716,-0.7790063619613647,-0.7654223442077637
66,0.4,yvsjCA6Y5Fc,21,V,-1.600000023841858,-0.8211489319801331,-0.8055492043495178
66,0.4,cW1FSBF59ik,21,AV,-1.0,0.39715540409088135,0.421141654253006
66,0.4,d6hH302o4v8,21,ATV,-1.0,-2.404522657394409,-2.4114177227020264
66,0.4,k5Y_838nuGo,21,ATV,0.4000000059604645,1.227653980255127,1.2421555519104004
66,0.4,lXPQBPVc5Cw,21,A,2.5999999046325684,-0.49528688192367554,-0.4708867371082306
66,0.4,cXypl4FnoZo,21,AT,0.20000000298023224,-0.28800809383392334,-0.2650657296180725
66,0.4,c7UH_rxdZv4,21,TV,-2.4000000953674316,-1.0010888576507568,-0.9904122948646545
66,0.4,f9O3YtZ2VfI,22,V,1.600000023841858,0.33124494552612305,0.37726378440856934
66,0.4,wMbj6ajWbic,22,AV,1.7999999523162842,0.22744952142238617,0.2609560489654541
66,0.4,zhpQhgha_KU,22,ATV,-0.5,0.5787899494171143,0.5971569418907166
66,0.4,yDtzw_Y-7RU,22,AV,2.200000047683716,0.5975906848907471,0.6285041570663452
66,0.4,nzpVDcQ0ywM,22,AT,2.0,1.6463617086410522,1.66819167137146
66,0.4,jUzDDGyPkXU,22,ATV,1.2000000476837158,1.524507761001587,1.5397957563400269
66,0.4,yvsjCA6Y5Fc,22,A,-1.2000000476837158,-0.34284794330596924,-0.31514450907707214
66,0.4,cW1FSBF59ik,22,ATV,1.399999976158142,1.3101060390472412,1.321539282798767
66,0.4,d6hH302o4v8,22,T,-2.5999999046325684,-1.746655821800232,-1.7470605373382568
66,0.4,k5Y_838nuGo,22,AV,-0.20000000298023224,0.692680835723877,0.7294737696647644
66,0.4,lXPQBPVc5Cw,22,ATV,-2.4000000953674316,-1.9721760749816895,-1.9735347032546997
66,0.4,cXypl4FnoZo,22,ATV,0.4000000059604645,0.45778438448905945,0.47554439306259155
66,0.4,c7UH_rxdZv4,22,ATV,-0.6000000238418579,-1.8150818347930908,-1.8141623735427856
66,0.4,f9O3YtZ2VfI,23,AV,-2.5999999046325684,0.18499302864074707,0.2253415882587433
66,0.4,wMbj6ajWbic,23,V,1.399999976158142,0.3025142550468445,0.33917924761772156
66,0.4,zhpQhgha_KU,23,A,0.0,0.06332710385322571,0.10862838476896286
66,0.4,yDtzw_Y-7RU,23,T,-0.800000011920929,-1.3244975805282593,-1.3095543384552002
66,0.4,nzpVDcQ0ywM,23,AT,1.600000023841858,1.5466117858886719,1.5665727853775024
66,0.4,jUzDDGyPkXU,23,V,-1.0,-0.26992928981781006,-0.24238897860050201
66,0.4,cW1FSBF59ik,23,AT,0.0,0.8097019195556641,0.832791805267334
66,0.4,d6hH302o4v8,23,AV,-2.799999952316284,-0.7039852142333984,-0.6832289099693298
66,0.4,k5Y_838nuGo,23,TV,0.6000000238418579,0.7192173004150391,0.7459986209869385
66,0.4,lXPQBPVc5Cw,23,ATV,-1.399999976158142,-2.6039485931396484,-2.613316297531128
66,0.4,cXypl4FnoZo,23,AT,0.20000000298023224,-0.20000968873500824,-0.1740848422050476
66,0.4,c7UH_rxdZv4,23,AV,-1.7999999523162842,-0.7154295444488525,-0.6930392980575562
66,0.4,f9O3YtZ2VfI,24,AT,-1.399999976158142,-1.5067198276519775,-1.4979875087738037
66,0.4,wMbj6ajWbic,24,V,2.0,0.2267240285873413,0.2638600766658783
66,0.4,zhpQhgha_KU,24,ATV,1.0,0.812058687210083,0.8284518718719482
66,0.4,jUzDDGyPkXU,24,TV,-2.0,-1.1342366933822632,-1.1233679056167603
66,0.4,d6hH302o4v8,24,AT,-1.600000023841858,-1.4928970336914062,-1.487299919128418
66,0.4,k5Y_838nuGo,24,AT,-0.20000000298023224,-0.7872893810272217,-0.7652791142463684
66,0.4,lXPQBPVc5Cw,24,TV,-2.4000000953674316,-0.7773447036743164,-0.7666757702827454
66,0.4,cXypl4FnoZo,24,ATV,-1.2000000476837158,-0.980796217918396,-0.9712799787521362
66,0.4,c7UH_rxdZv4,24,T,0.0,0.9297078847885132,0.9677074551582336
66,0.4,f9O3YtZ2VfI,25,AV,1.399999976158142,-0.6483218669891357,-0.6184599995613098
66,0.4,wMbj6ajWbic,25,AV,1.7999999523162842,0.2901145815849304,0.3249661922454834
66,0.4,zhpQhgha_KU,25,AV,0.0,0.374679297208786,0.4253349006175995
66,0.4,jUzDDGyPkXU,25,ATV,-2.0,-1.1684895753860474,-1.1595031023025513
66,0.4,d6hH302o4v8,25,ATV,-2.5999999046325684,-1.9551862478256226,-1.9563740491867065
66,0.4,k5Y_838nuGo,25,AT,2.0,1.074461579322815,1.1087242364883423
66,0.4,lXPQBPVc5Cw,25,ATV,-2.799999952316284,-1.9733858108520508,-1.9747077226638794
66,0.4,cXypl4FnoZo,25,ATV,0.6000000238418579,-0.9093275666236877,-0.8997930288314819
66,0.4,c7UH_rxdZv4,25,AT,-2.5999999046325684,-1.0833854675292969,-1.0664151906967163
66,0.4,f9O3YtZ2VfI,26,AV,1.600000023841858,-0.15342068672180176,-0.11328720301389694
66,0.4,wMbj6ajWbic,26,T,0.0,-0.48646509647369385,-0.45931077003479004
66,0.4,zhpQhgha_KU,26,V,0.800000011920929,0.5567634701728821,0.6070519089698792
66,0.4,jUzDDGyPkXU,26,V,-2.0,-0.08455599099397659,-0.05475539714097977
66,0.4,d6hH302o4v8,26,ATV,-2.5999999046325684,-1.0971331596374512,-1.0896190404891968
66,0.4,k5Y_838nuGo,26,ATV,-0.800000011920929,-0.997649073600769,-0.987038791179657
66,0.4,lXPQBPVc5Cw,26,T,-2.799999952316284,-1.5607237815856934,-1.556445598602295
66,0.4,cXypl4FnoZo,26,V,0.800000011920929,0.09084700047969818,0.12317021191120148
66,0.4,c7UH_rxdZv4,26,T,-1.7999999523162842,-0.26399946212768555,-0.23597700893878937
66,0.4,f9O3YtZ2VfI,27,AT,1.2000000476837158,1.2066233158111572,1.2400065660476685
66,0.4,wMbj6ajWbic,27,A,2.4000000953674316,0.2483687400817871,0.29527923464775085
66,0.4,zhpQhgha_KU,27,V,1.399999976158142,0.2036902904510498,0.2507184147834778
66,0.4,d6hH302o4v8,27,T,-1.0,-1.3539903163909912,-1.3444550037384033
66,0.4,k5Y_838nuGo,27,T,2.0,1.1732313632965088,1.2110408544540405
66,0.4,lXPQBPVc5Cw,27,AT,0.800000011920929,0.43192335963249207,0.4628325402736664
66,0.4,cXypl4FnoZo,27,ATV,-2.200000047683716,-1.309910774230957,-1.3036953210830688
66,0.4,c7UH_rxdZv4,27,T,-0.800000011920929,-0.8135950565338135,-0.7932900190353394
66,0.4,f9O3YtZ2VfI,28,T,-2.0,-0.053459931164979935,-0.02365751750767231
66,0.4,wMbj6ajWbic,28,AV,1.7999999523162842,0.007158076856285334,0.05310584604740143
66,0.4,zhpQhgha_KU,28,ATV,-1.2000000476837158,-1.8203014135360718,-1.8185241222381592
66,0.4,d6hH302o4v8,28,V,-1.7999999523162842,-0.5542727708816528,-0.5358503460884094
66,0.4,k5Y_838nuGo,28,A,-0.75,0.4434890151023865,0.4863651692867279
66,0.4,lXPQBPVc5Cw,28,A,-1.2000000476837158,-0.1707007884979248,-0.12807908654212952
66,0.4,cXypl4FnoZo,28,ATV,-1.399999976158142,-1.8487062454223633,-1.8485161066055298
66,0.4,c7UH_rxdZv4,28,AT,0.6000000238418579,1.027941107749939,1.062327265739441
66,0.4,f9O3YtZ2VfI,29,T,-1.0,-1.431080937385559,-1.4212322235107422
66,0.4,wMbj6ajWbic,29,ATV,0.800000011920929,1.5206139087677002,1.535659670829773
66,0.4,zhpQhgha_KU,29,ATV,-2.0,-1.8358745574951172,-1.8352196216583252
66,0.4,d6hH302o4v8,29,AT,-2.799999952316284,-1.8758975267410278,-1.8773372173309326
66,0.4,k5Y_838nuGo,29,ATV,1.600000023841858,1.3869091272354126,1.400010347366333
66,0.4,lXPQBPVc5Cw,29,AV,-2.0,-0.8769659996032715,-0.8488059639930725
66,0.4,c7UH_rxdZv4,29,V,1.2000000476837158,-0.08647269755601883,-0.04504320025444031
66,0.4,zhpQhgha_KU,30,AV,-1.0,-0.5793619751930237,-0.5554405450820923
66,0.4,d6hH302o4v8,30,TV,-1.399999976158142,-1.5088711977005005,-1.5080543756484985
66,0.4,k5Y_838nuGo,30,TV,-1.0,-1.0528240203857422,-1.0409218072891235
66,0.4,c7UH_rxdZv4,30,T,-1.399999976158142,-0.0554407462477684,-0.02390524558722973
66,0.4,zhpQhgha_KU,31,T,0.800000011920929,0.15936438739299774,0.19264085590839386
66,0.4,d6hH302o4v8,31,A,-0.6000000238418579,-0.22822847962379456,-0.20351162552833557
66,0.4,c7UH_rxdZv4,31,ATV,-2.200000047683716,-0.2089964896440506,-0.19299983978271484
66,0.4,zhpQhgha_KU,32,ATV,-0.4000000059604645,0.006826295051723719,0.023774536326527596
66,0.4,d6hH302o4v8,32,T,-3.0,-1.710432529449463,-1.7099965810775757
66,0.4,c7UH_rxdZv4,32,AV,-1.7999999523162842,-0.5227682590484619,-0.4868040084838867
66,0.4,zhpQhgha_KU,33,ATV,1.2000000476837158,1.6592892408370972,1.6749024391174316
66,0.4,d6hH302o4v8,33,ATV,-3.0,-1.1002907752990723,-1.0928027629852295
66,0.4,zhpQhgha_KU,34,A,0.6000000238418579,0.25016143918037415,0.2786661982536316
66,0.4,d6hH302o4v8,34,TV,-1.600000023841858,-1.6521199941635132,-1.6534373760223389
66,0.4,d6hH302o4v8,35,AV,-2.200000047683716,-0.8292431235313416,-0.811744213104248
66,0.4,d6hH302o4v8,36,AV,-2.200000047683716,-1.1045286655426025,-1.0929760932922363
66,0.4,d6hH302o4v8,37,V,-3.0,-1.05513596534729,-1.0466811656951904
66,0.4,d6hH302o4v8,38,AT,-3.0,-1.9343212842941284,-1.9369665384292603
66,0.4,d6hH302o4v8,39,V,-1.0,-0.6658298969268799,-0.6501460671424866
66,0.4,d6hH302o4v8,40,ATV,-2.4000000953674316,-2.35986065864563,-2.3657331466674805
66,0.4,d6hH302o4v8,41,TV,-1.399999976158142,-1.5560219287872314,-1.5562325716018677
66,0.4,d6hH302o4v8,42,AT,-2.5,-1.6790025234222412,-1.6772756576538086
66,0.5,f9O3YtZ2VfI,0,AT,-1.2000000476837158,-1.8630914688110352,-1.8630914688110352
66,0.5,wMbj6ajWbic,0,A,0.5,1.0871727466583252,1.087172508239746
66,0.5,vvZ4IcEtiZc,0,A,2.0,-0.06690169125795364,-0.06690167635679245
66,0.5,d3_k5Xpfmik,0,T,2.0,2.811852216720581,2.811851978302002
66,0.5,vyB00TXsimI,0,TV,0.0,2.0645947456359863,2.0645947456359863
66,0.5,fvVhgmXxadc,0,ATV,-0.4000000059604645,1.8888179063796997,1.8888180255889893
66,0.5,ob23OKe5a9Q,0,AT,1.2000000476837158,2.249959945678711,2.249959707260132
66,0.5,zhpQhgha_KU,0,ATV,-1.600000023841858,-2.1123480796813965,-2.1123478412628174
66,0.5,phBUpBr1hSo,0,T,1.399999976158142,2.851013660430908,2.851013660430908
66,0.5,yDtzw_Y-7RU,0,A,0.800000011920929,0.7143089771270752,0.7143088579177856
66,0.5,nzpVDcQ0ywM,0,A,0.0,1.1644742488861084,1.1644742488861084
66,0.5,jUzDDGyPkXU,0,T,2.799999952316284,2.8585829734802246,2.8585829734802246
66,0.5,rnaNMUZpvvg,0,A,-2.5999999046325684,0.5464522242546082,0.5464522242546082
66,0.5,yvsjCA6Y5Fc,0,ATV,-2.0,0.16612760722637177,0.16612762212753296
66,0.5,pLTX3ipuDJI,0,T,-2.4000000953674316,-2.608635187149048,-2.6086349487304688
66,0.5,cW1FSBF59ik,0,ATV,-2.5999999046325684,-2.2059526443481445,-2.2059526443481445
66,0.5,tmZoasNr4rU,0,AT,0.0,1.161105751991272,1.1611058712005615
66,0.5,d6hH302o4v8,0,A,-2.799999952316284,-0.22020603716373444,-0.22020603716373444
66,0.5,dq3Nf_lMPnE,0,ATV,0.0,1.6250003576278687,1.6250004768371582
66,0.5,k5Y_838nuGo,0,A,-1.600000023841858,0.2343902438879013,0.2343902587890625
66,0.5,iiK8YX8oH1E,0,T,-2.5999999046325684,-2.271501064300537,-2.271501064300537
66,0.5,tStelxIAHjw,0,T,0.0,2.7228944301605225,2.7228941917419434
66,0.5,nbWiPyCm4g0,0,T,1.2000000476837158,2.835890769958496,2.835891008377075
66,0.5,etzxEpPuc6I,0,AT,0.4000000059604645,-1.0098133087158203,-1.0098133087158203
66,0.5,v0zCBqDeKcE,0,V,2.5999999046325684,0.7218421101570129,0.7218421101570129
66,0.5,f_pcplsH_V0,0,A,0.25,0.01535200234502554,0.015352054499089718
66,0.5,tIrG4oNLFzE,0,T,2.799999952316284,2.8479881286621094,2.8479881286621094
66,0.5,cM3Yna7AavY,0,A,2.200000047683716,0.07744427025318146,0.07744427025318146
66,0.5,lXPQBPVc5Cw,0,TV,0.20000000298023224,2.2851717472076416,2.2851715087890625
66,0.5,cXypl4FnoZo,0,A,1.0,0.657086968421936,0.657086968421936
66,0.5,c7UH_rxdZv4,0,AT,-2.799999952316284,-1.5814677476882935,-1.5814677476882935
66,0.5,f9O3YtZ2VfI,1,V,1.25,-0.5068268179893494,-0.4718206822872162
66,0.5,wMbj6ajWbic,1,ATV,-0.800000011920929,-1.803231120109558,-1.7968859672546387
66,0.5,vvZ4IcEtiZc,1,T,2.4000000953674316,2.4509620666503906,2.528602361679077
66,0.5,d3_k5Xpfmik,1,V,0.0,1.3252547979354858,1.3738232851028442
66,0.5,vyB00TXsimI,1,T,-2.4000000953674316,-0.08310519903898239,0.0076177241280674934
66,0.5,fvVhgmXxadc,1,TV,-2.799999952316284,-1.484014868736267,-1.463865876197815
66,0.5,ob23OKe5a9Q,1,A,1.0,1.1820223331451416,1.2165063619613647
66,0.5,zhpQhgha_KU,1,T,1.600000023841858,1.7216339111328125,1.7895734310150146
66,0.5,phBUpBr1hSo,1,AV,2.200000047683716,1.6553022861480713,1.6945196390151978
66,0.5,yDtzw_Y-7RU,1,T,0.800000011920929,0.3500215411186218,0.43530651926994324
66,0.5,nzpVDcQ0ywM,1,ATV,-1.600000023841858,-1.2310274839401245,-1.2125601768493652
66,0.5,jUzDDGyPkXU,1,AV,2.5999999046325684,1.1659525632858276,1.2031197547912598
66,0.5,rnaNMUZpvvg,1,A,2.25,0.6333729028701782,0.7451774477958679
66,0.5,yvsjCA6Y5Fc,1,A,-1.2000000476837158,-0.17588934302330017,-0.122077576816082
66,0.5,pLTX3ipuDJI,1,TV,-1.7999999523162842,-0.9850818514823914,-0.957253098487854
66,0.5,cW1FSBF59ik,1,TV,3.0,1.2912248373031616,1.3430659770965576
66,0.5,tmZoasNr4rU,1,V,-2.0,-0.2299201488494873,-0.16522516310214996
66,0.5,d6hH302o4v8,1,ATV,-1.7999999523162842,-2.373619794845581,-2.3819286823272705
66,0.5,dq3Nf_lMPnE,1,ATV,-1.399999976158142,-1.6554746627807617,-1.6459053754806519
66,0.5,k5Y_838nuGo,1,AV,1.2000000476837158,0.2581106424331665,0.352227121591568
66,0.5,iiK8YX8oH1E,1,V,1.2000000476837158,-0.1460411250591278,-0.09079273790121078
66,0.5,tStelxIAHjw,1,A,-2.0,0.7200331687927246,0.7572957873344421
66,0.5,nbWiPyCm4g0,1,V,-2.4000000953674316,0.30414360761642456,0.3314098119735718
66,0.5,etzxEpPuc6I,1,T,1.2000000476837158,-1.6932480335235596,-1.6810956001281738
66,0.5,v0zCBqDeKcE,1,AT,-0.4000000059604645,1.9236067533493042,1.9793332815170288
66,0.5,f_pcplsH_V0,1,T,1.399999976158142,2.092869997024536,2.175427198410034
66,0.5,tIrG4oNLFzE,1,ATV,2.4000000953674316,2.169985055923462,2.1908397674560547
66,0.5,cM3Yna7AavY,1,V,2.5,0.25061798095703125,0.34227800369262695
66,0.5,lXPQBPVc5Cw,1,V,-2.200000047683716,1.8307464122772217,1.8858362436294556
66,0.5,cXypl4FnoZo,1,TV,1.0,1.4571495056152344,1.5227069854736328
66,0.5,c7UH_rxdZv4,1,TV,-2.5999999046325684,-1.903882384300232,-1.901265263557434
66,0.5,f9O3YtZ2VfI,2,A,0.6000000238418579,-0.9457790851593018,-0.9210224747657776
66,0.5,wMbj6ajWbic,2,AV,0.0,-1.300930380821228,-1.2848321199417114
66,0.5,vvZ4IcEtiZc,2,TV,1.399999976158142,-0.1151462197303772,-0.060624439269304276
66,0.5,d3_k5Xpfmik,2,TV,2.0,2.211977481842041,2.251800060272217
66,0.5,vyB00TXsimI,2,V,2.200000047683716,0.09738843888044357,0.1695408970117569
66,0.5,fvVhgmXxadc,2,ATV,-2.200000047683716,-2.250121593475342,-2.253058910369873
66,0.5,ob23OKe5a9Q,2,AV,-1.2000000476837158,1.0652207136154175,1.1072202920913696
66,0.5,zhpQhgha_KU,2,AV,-1.600000023841858,0.3107634484767914,0.4014897644519806
66,0.5,phBUpBr1hSo,2,A,2.799999952316284,0.7619282007217407,0.812244176864624
66,0.5,yDtzw_Y-7RU,2,AV,0.75,-0.05545420944690704,0.0051170652732253075
66,0.5,nzpVDcQ0ywM,2,A,0.800000011920929,-0.475214421749115,-0.4380943179130554
66,0.5,jUzDDGyPkXU,2,AT,0.0,1.7449836730957031,1.7900470495224
66,0.5,rnaNMUZpvvg,2,ATV,-0.800000011920929,-1.8806500434875488,-1.8761550188064575
66,0.5,yvsjCA6Y5Fc,2,T,-2.0,-2.004173994064331,-1.9952504634857178
66,0.5,pLTX3ipuDJI,2,ATV,-1.2000000476837158,-1.9322700500488281,-1.930809736251831
66,0.5,cW1FSBF59ik,2,A,-1.0,-0.1495903581380844,-0.07895036041736603
66,0.5,tmZoasNr4rU,2,T,-2.0,-1.953012466430664,-1.9415738582611084
66,0.5,d6hH302o4v8,2,ATV,0.20000000298023224,-1.4238781929016113,-1.4155993461608887
66,0.5,dq3Nf_lMPnE,2,V,-1.2000000476837158,-0.8724786639213562,-0.8490319848060608
66,0.5,k5Y_838nuGo,2,V,0.800000011920929,0.16391436755657196,0.233509361743927
66,0.5,iiK8YX8oH1E,2,AT,-1.25,-1.5325456857681274,-1.521084189414978
66,0.5,tStelxIAHjw,2,AT,0.5,0.2495502382516861,0.31361666321754456
66,0.5,nbWiPyCm4g0,2,V,-1.7999999523162842,0.3616613745689392,0.41392019391059875
66,0.5,etzxEpPuc6I,2,AV,-1.600000023841858,-0.4439697265625,-0.41133275628089905
66,0.5,v0zCBqDeKcE,2,AT,0.6000000238418579,1.7433806657791138,1.789692759513855
66,0.5,f_pcplsH_V0,2,A,0.800000011920929,0.3707323670387268,0.46343037486076355
66,0.5,tIrG4oNLFzE,2,AV,2.5999999046325684,1.3359817266464233,1.3742001056671143
66,0.5,cM3Yna7AavY,2,AT,1.0,1.0450279712677002,1.1016048192977905
66,0.5,lXPQBPVc5Cw,2,TV,-2.4000000953674316,-1.185835599899292,-1.1504707336425781
66,0.5,cXypl4FnoZo,2,V,1.7999999523162842,0.609420657157898,0.6988919377326965
66,0.5,c7UH_rxdZv4,2,V,-0.800000011920929,-0.18521232903003693,-0.15018309652805328
66,0.5,f9O3YtZ2VfI,3,AV,-2.4000000953674316,-0.6843478679656982,-0.6542608141899109
66,0.5,wMbj6ajWbic,3,T,1.0,-2.1902623176574707,-2.1901328563690186
66,0.5,vvZ4IcEtiZc,3,TV,2.200000047683716,1.5175371170043945,1.5736943483352661
66,0.5,d3_k5Xpfmik,3,V,-1.0,1.0446373224258423,1.08970308303833
66,0.5,vyB00TXsimI,3,V,1.7999999523162842,-0.016327042132616043,0.05019822344183922
66,0.5,fvVhgmXxadc,3,V,-2.799999952316284,-1.010769009590149,-0.9960806965827942
66,0.5,ob23OKe5a9Q,3,T,-1.5,-1.016219139099121,-0.9647261500358582
66,0.5,zhpQhgha_KU,3,TV,-1.600000023841858,-1.2686623334884644,-1.249037265777588
66,0.5,phBUpBr1hSo,3,T,-0.800000011920929,-1.189191222190857,-1.151586651802063
66,0.5,yDtzw_Y-7RU,3,A,-1.0,-0.17208266258239746,-0.12481892853975296
66,0.5,nzpVDcQ0ywM,3,V,-1.600000023841858,-0.5314590334892273,-0.500799834728241
66,0.5,jUzDDGyPkXU,3,AT,-1.600000023841858,1.7558398246765137,1.7950754165649414
66,0.5,rnaNMUZpvvg,3,AT,-2.4000000953674316,-1.858324408531189,-1.8545399904251099
66,0.5,yvsjCA6Y5Fc,3,T,-0.20000000298023224,-1.9853274822235107,-1.9811331033706665
66,0.5,pLTX3ipuDJI,3,A,-2.200000047683716,-1.101256251335144,-1.0877176523208618
66,0.5,cW1FSBF59ik,3,T,1.600000023841858,1.8335726261138916,1.8923718929290771
66,0.5,tmZoasNr4rU,3,TV,-0.800000011920929,-2.0181455612182617,-2.0183932781219482
66,0.5,d6hH302o4v8,3,TV,-1.600000023841858,-1.7553458213806152,-1.7508091926574707
66,0.5,dq3Nf_lMPnE,3,ATV,-0.4000000059604645,0.43989789485931396,0.4681660830974579
66,0.5,k5Y_838nuGo,3,ATV,1.0,1.4320729970932007,1.4702515602111816
66,0.5,iiK8YX8oH1E,3,AT,-2.0,-1.3641250133514404,-1.3524668216705322
66,0.5,tStelxIAHjw,3,AT,-2.799999952316284,-1.6631991863250732,-1.6485446691513062
66,0.5,nbWiPyCm4g0,3,V,-2.200000047683716,0.25834450125694275,0.3192853331565857
66,0.5,etzxEpPuc6I,3,A,0.800000011920929,-0.7367927432060242,-0.7138243317604065
66,0.5,v0zCBqDeKcE,3,T,0.0,-1.307826042175293,-1.2765594720840454
66,0.5,f_pcplsH_V0,3,ATV,0.5,0.28139299154281616,0.3173162043094635
66,0.5,tIrG4oNLFzE,3,AT,1.399999976158142,-0.5607050061225891,-0.5200111865997314
66,0.5,cM3Yna7AavY,3,AV,0.6000000238418579,0.28183960914611816,0.35979822278022766
66,0.5,lXPQBPVc5Cw,3,T,-1.2000000476837158,-2.0534327030181885,-2.0482912063598633
66,0.5,cXypl4FnoZo,3,A,-0.800000011920929,0.2079235166311264,0.2851843237876892
66,0.5,c7UH_rxdZv4,3,AT,1.600000023841858,1.3232218027114868,1.368468999862671
66,0.5,f9O3YtZ2VfI,4,AV,-1.7999999523162842,-0.48371070623397827,-0.45117324590682983
66,0.5,wMbj6ajWbic,4,AV,0.20000000298023224,-0.6795927882194519,-0.6568470597267151
66,0.5,vvZ4IcEtiZc,4,A,1.2000000476837158,0.3248766362667084,0.4065415859222412
66,0.5,d3_k5Xpfmik,4,TV,2.200000047683716,2.1231448650360107,2.1600630283355713
66,0.5,vyB00TXsimI,4,A,1.7999999523162842,-0.27583053708076477,-0.2317279726266861
66,0.5,fvVhgmXxadc,4,T,0.0,-1.6573395729064941,-1.6461873054504395
66,0.5,ob23OKe5a9Q,4,V,-1.7999999523162842,0.08132778108119965,0.1376844197511673
66,0.5,zhpQhgha_KU,4,V,-2.200000047683716,-0.1904759556055069,-0.1552983820438385
66,0.5,phBUpBr1hSo,4,AV,-1.399999976158142,-0.126553475856781,-0.07858753204345703
66,0.5,yDtzw_Y-7RU,4,AV,0.5,-0.04196232929825783,0.010194468311965466
66,0.5,nzpVDcQ0ywM,4,V,-0.4000000059604645,-0.4719812870025635,-0.4405117928981781
66,0.5,jUzDDGyPkXU,4,AT,-1.2000000476837158,-0.6458329558372498,-0.6066889762878418
66,0.5,rnaNMUZpvvg,4,TV,-2.799999952316284,-2.0093941688537598,-2.0099892616271973
66,0.5,yvsjCA6Y5Fc,4,AT,0.4000000059604645,-1.863050937652588,-1.8601056337356567
66,0.5,pLTX3ipuDJI,4,T,-2.0,-2.2268996238708496,-2.2280139923095703
66,0.5,cW1FSBF59ik,4,T,2.0,2.025268316268921,2.082289457321167
66,0.5,tmZoasNr4rU,4,AT,-0.800000011920929,-1.9214131832122803,-1.9189060926437378
66,0.5,d6hH302o4v8,4,TV,-1.3333333730697632,-1.7605189085006714,-1.7567968368530273
66,0.5,dq3Nf_lMPnE,4,AV,1.2000000476837158,-0.01365299616008997,0.04540380463004112
66,0.5,k5Y_838nuGo,4,AV,-1.3333333730697632,0.21442313492298126,0.27727949619293213
66,0.5,iiK8YX8oH1E,4,V,-0.4000000059604645,-0.38289329409599304,-0.35925108194351196
66,0.5,tStelxIAHjw,4,ATV,-2.200000047683716,-1.9092222452163696,-1.907226324081421
66,0.5,nbWiPyCm4g0,4,AT,-1.399999976158142,-1.0553035736083984,-1.025262475013733
66,0.5,etzxEpPuc6I,4,ATV,0.0,-0.14196574687957764,-0.12166974693536758
66,0.5,v0zCBqDeKcE,4,AV,2.0,-0.6381939053535461,-0.6025522947311401
66,0.5,f_pcplsH_V0,4,T,1.2000000476837158,0.8434734344482422,0.9009694457054138
66,0.5,tIrG4oNLFzE,4,AV,0.4000000059604645,-0.0011176439002156258,0.05505266785621643
66,0.5,cM3Yna7AavY,4,ATV,2.799999952316284,1.581258773803711,1.618753433227539
66,0.5,lXPQBPVc5Cw,4,AV,-1.0,-1.5144835710525513,-1.5050462484359741
66,0.5,cXypl4FnoZo,4,V,1.7999999523162842,0.2605893313884735,0.3342379927635193
66,0.5,c7UH_rxdZv4,4,AT,-2.200000047683716,1.0938327312469482,1.1478341817855835
66,0.5,f9O3YtZ2VfI,5,T,-2.5999999046325684,-2.1741833686828613,-2.173067331314087
66,0.5,wMbj6ajWbic,5,TV,1.7999999523162842,0.24941207468509674,0.2795107066631317
66,0.5,vvZ4IcEtiZc,5,V,1.0,0.7890956997871399,0.8685036301612854
66,0.5,d3_k5Xpfmik,5,AT,1.600000023841858,2.116894006729126,2.1503124237060547
66,0.5,vyB00TXsimI,5,AT,2.0,1.2984435558319092,1.3443163633346558
66,0.5,fvVhgmXxadc,5,V,-0.20000000298023224,-0.8796058893203735,-0.8640516996383667
66,0.5,ob23OKe5a9Q,5,AT,0.0,-1.6053707599639893,-1.5941487550735474
66,0.5,zhpQhgha_KU,5,A,1.0,-0.8093414902687073,-0.7822349667549133
66,0.5,phBUpBr1hSo,5,V,1.600000023841858,0.14343249797821045,0.18835730850696564
66,0.5,yDtzw_Y-7RU,5,T,-1.2000000476837158,-1.525571584701538,-1.509192705154419
66,0.5,nzpVDcQ0ywM,5,AV,-1.399999976158142,-0.7011417746543884,-0.6693788170814514
66,0.5,jUzDDGyPkXU,5,T,-1.600000023841858,-1.9444453716278076,-1.9346216917037964
66,0.5,rnaNMUZpvvg,5,T,-2.5999999046325684,-2.2462620735168457,-2.2479138374328613
66,0.5,yvsjCA6Y5Fc,5,TV,0.0,-1.9514682292938232,-1.9513554573059082
66,0.5,pLTX3ipuDJI,5,T,-1.399999976158142,-2.242995262145996,-2.244999408721924
66,0.5,cW1FSBF59ik,5,T,1.2000000476837158,2.148341417312622,2.2015950679779053
66,0.5,tmZoasNr4rU,5,AV,-1.7999999523162842,-1.4890791177749634,-1.482738971710205
66,0.5,d6hH302o4v8,5,AV,-2.0,-1.0304441452026367,-1.0126404762268066
66,0.5,dq3Nf_lMPnE,5,AT,0.800000011920929,-1.0967106819152832,-1.0757904052734375
66,0.5,k5Y_838nuGo,5,TV,2.0,1.2010138034820557,1.2524703741073608
66,0.5,iiK8YX8oH1E,5,V,0.20000000298023224,-0.6318771839141846,-0.6121570467948914
66,0.5,tStelxIAHjw,5,A,1.600000023841858,-0.6699197292327881,-0.6470860242843628
66,0.5,nbWiPyCm4g0,5,V,0.0,-1.4591675996780396,-1.447919249534607
66,0.5,etzxEpPuc6I,5,AT,0.4000000059604645,1.25508713722229,1.298477292060852
66,0.5,v0zCBqDeKcE,5,TV,0.800000011920929,1.0203649997711182,1.0622074604034424
66,0.5,f_pcplsH_V0,5,ATV,1.600000023841858,0.37144091725349426,0.4026876389980316
66,0.5,tIrG4oNLFzE,5,T,1.25,1.4619179964065552,1.5155742168426514
66,0.5,cM3Yna7AavY,5,T,2.799999952316284,1.972320795059204,2.022315740585327
66,0.5,lXPQBPVc5Cw,5,T,-1.399999976158142,-2.2384862899780273,-2.2398204803466797
66,0.5,cXypl4FnoZo,5,TV,-0.6000000238418579,1.2516791820526123,1.3039231300354004
66,0.5,c7UH_rxdZv4,5,AV,-2.5999999046325684,0.310860276222229,0.3822610378265381
66,0.5,f9O3YtZ2VfI,6,V,-1.2000000476837158,-0.6713773608207703,-0.652507483959198
66,0.5,wMbj6ajWbic,6,AV,-1.2000000476837158,-0.26628464460372925,-0.22647294402122498
66,0.5,vvZ4IcEtiZc,6,AV,1.399999976158142,0.8694556355476379,0.9543980956077576
66,0.5,d3_k5Xpfmik,6,A,0.4000000059604645,0.6809485554695129,0.7186060547828674
66,0.5,vyB00TXsimI,6,V,2.4000000953674316,0.2595573663711548,0.3260255455970764
66,0.5,fvVhgmXxadc,6,A,-1.0,-0.6333727240562439,-0.6125721335411072
66,0.5,ob23OKe5a9Q,6,AT,0.6000000238418579,1.128826379776001,1.16945481300354
66,0.5,zhpQhgha_KU,6,T,1.0,1.5138373374938965,1.5674244165420532
66,0.5,phBUpBr1hSo,6,T,-1.0,-1.119039535522461,-1.094014286994934
66,0.5,yDtzw_Y-7RU,6,V,-0.20000000298023224,-0.5860159993171692,-0.5653628706932068
66,0.5,nzpVDcQ0ywM,6,AV,-1.0,-0.1972903311252594,-0.15501834452152252
66,0.5,jUzDDGyPkXU,6,V,-0.6000000238418579,-0.9294881820678711,-0.9140180945396423
66,0.5,rnaNMUZpvvg,6,AT,-0.4000000059604645,-1.4106295108795166,-1.4012879133224487
66,0.5,yvsjCA6Y5Fc,6,A,-1.7999999523162842,-0.7796561121940613,-0.7623284459114075
66,0.5,pLTX3ipuDJI,6,A,0.800000011920929,-1.0343220233917236,-1.0201823711395264
66,0.5,cW1FSBF59ik,6,AV,0.5,0.32083532214164734,0.3637443780899048
66,0.5,tmZoasNr4rU,6,ATV,-1.0,-2.2518999576568604,-2.2543153762817383
66,0.5,d6hH302o4v8,6,AV,-2.799999952316284,-1.1423068046569824,-1.1265937089920044
66,0.5,dq3Nf_lMPnE,6,T,-2.0,-2.0994973182678223,-2.094505786895752
66,0.5,k5Y_838nuGo,6,AT,-2.4000000953674316,-1.5121796131134033,-1.4956852197647095
66,0.5,iiK8YX8oH1E,6,AV,-1.600000023841858,-0.18428045511245728,-0.1536898910999298
66,0.5,tStelxIAHjw,6,V,1.399999976158142,-0.6574496030807495,-0.6386469602584839
66,0.5,nbWiPyCm4g0,6,AV,-1.2000000476837158,-0.9337502121925354,-0.9079906940460205
66,0.5,etzxEpPuc6I,6,AV,-1.2000000476837158,0.6179006099700928,0.692563533782959
66,0.5,v0zCBqDeKcE,6,TV,1.399999976158142,-0.32699164748191833,-0.29593801498413086
66,0.5,f_pcplsH_V0,6,A,0.0,-0.10272853821516037,-0.04124915599822998
66,0.5,tIrG4oNLFzE,6,A,-1.399999976158142,0.005608848296105862,0.06770545244216919
66,0.5,cM3Yna7AavY,6,V,3.0,0.8650643229484558,0.9204044938087463
66,0.5,lXPQBPVc5Cw,6,V,-2.799999952316284,-0.9010664820671082,-0.8856797814369202
66,0.5,cXypl4FnoZo,6,AT,-1.0,-0.3743878901004791,-0.3374112844467163
66,0.5,c7UH_rxdZv4,6,T,-3.0,-1.8578823804855347,-1.8448796272277832
66,0.5,f9O3YtZ2VfI,7,ATV,-1.7999999523162842,-1.9141883850097656,-1.9131747484207153
66,0.5,wMbj6ajWbic,7,A,-0.20000000298023224,-0.9289523959159851,-0.9040894508361816
66,0.5,vvZ4IcEtiZc,7,V,-1.5,1.005287528038025,1.085179090499878
66,0.5,d3_k5Xpfmik,7,T,2.200000047683716,2.149317741394043,2.1985535621643066
66,0.5,vyB00TXsimI,7,A,2.5999999046325684,0.18769170343875885,0.2539252042770386
66,0.5,fvVhgmXxadc,7,TV,-0.5,-1.8386900424957275,-1.8360568284988403
66,0.5,ob23OKe5a9Q,7,T,0.6000000238418579,1.7586009502410889,1.8155245780944824
66,0.5,zhpQhgha_KU,7,V,-1.0,0.29955488443374634,0.36617594957351685
66,0.5,phBUpBr1hSo,7,V,-2.200000047683716,-0.17028236389160156,-0.14169086515903473
66,0.5,yDtzw_Y-7RU,7,V,-1.5,-0.3332621455192566,-0.3078520596027374
66,0.5,nzpVDcQ0ywM,7,AV,2.0,-0.5433018803596497,-0.5079370141029358
66,0.5,jUzDDGyPkXU,7,ATV,1.7999999523162842,0.935238778591156,0.9646279811859131
66,0.5,rnaNMUZpvvg,7,AT,-1.600000023841858,-2.0027599334716797,-2.001263380050659
66,0.5,yvsjCA6Y5Fc,7,T,0.4000000059604645,-2.1944541931152344,-2.1950507164001465
66,0.5,pLTX3ipuDJI,7,A,-2.0,-0.9123987555503845,-0.8960789442062378
66,0.5,cW1FSBF59ik,7,V,1.7999999523162842,0.7956598401069641,0.8539238572120667
66,0.5,tmZoasNr4rU,7,T,-2.0,-2.124535083770752,-2.123307704925537
66,0.5,d6hH302o4v8,7,TV,-2.200000047683716,-2.0892558097839355,-2.0902297496795654
66,0.5,dq3Nf_lMPnE,7,A,0.6000000238418579,-0.9665687084197998,-0.949512779712677
66,0.5,k5Y_838nuGo,7,T,-1.399999976158142,-1.8930785655975342,-1.8846815824508667
66,0.5,iiK8YX8oH1E,7,AT,-1.0,0.9719486236572266,1.008824110031128
66,0.5,tStelxIAHjw,7,AV,-2.0,-0.5094174742698669,-0.4832099676132202
66,0.5,nbWiPyCm4g0,7,ATV,-2.200000047683716,-2.0753731727600098,-2.0752744674682617
66,0.5,etzxEpPuc6I,7,TV,-1.0,-1.0330076217651367,-1.0111033916473389
66,0.5,v0zCBqDeKcE,7,TV,1.7999999523162842,1.0924255847930908,1.1342830657958984
66,0.5,f_pcplsH_V0,7,A,0.800000011920929,0.020304817706346512,0.08360539376735687
66,0.5,tIrG4oNLFzE,7,AT,-1.2000000476837158,-1.3722612857818604,-1.354911208152771
66,0.5,cM3Yna7AavY,7,AT,-0.6000000238418579,-1.391794204711914,-1.3724056482315063
66,0.5,lXPQBPVc5Cw,7,V,2.5999999046325684,-0.939284086227417,-0.9240825772285461
66,0.5,cXypl4FnoZo,7,T,1.399999976158142,0.7387356162071228,0.7863584756851196
66,0.5,c7UH_rxdZv4,7,A,-2.799999952316284,-1.1781599521636963,-1.1580184698104858
66,0.5,f9O3YtZ2VfI,8,ATV,-2.200000047683716,-2.2316155433654785,-2.233971357345581
66,0.5,wMbj6ajWbic,8,AV,-2.0,-0.4678857922554016,-0.4321516156196594
66,0.5,vvZ4IcEtiZc,8,T,2.200000047683716,2.086064338684082,2.1378519535064697
66,0.5,d3_k5Xpfmik,8,A,1.399999976158142,1.1179542541503906,1.1573735475540161
66,0.5,vyB00TXsimI,8,V,-0.25,-0.14925171434879303,-0.0930604413151741
66,0.5,fvVhgmXxadc,8,T,-0.4000000059604645,0.39030691981315613,0.4266689717769623
66,0.5,ob23OKe5a9Q,8,AT,-1.399999976158142,-1.5269310474395752,-1.5105829238891602
66,0.5,zhpQhgha_KU,8,TV,-1.0,-1.2019071578979492,-1.1818550825119019
66,0.5,phBUpBr1hSo,8,V,-2.0,-0.10279086977243423,-0.07240115851163864
66,0.5,yDtzw_Y-7RU,8,A,-1.0,-0.6209698915481567,-0.5969846248626709
66,0.5,nzpVDcQ0ywM,8,T,-2.200000047683716,-0.42551201581954956,-0.3930646777153015
66,0.5,jUzDDGyPkXU,8,A,2.799999952316284,0.18396948277950287,0.2520415484905243
66,0.5,rnaNMUZpvvg,8,A,-1.399999976158142,-0.8736523389816284,-0.85666424036026
66,0.5,yvsjCA6Y5Fc,8,TV,-1.399999976158142,-1.632509469985962,-1.6280896663665771
66,0.5,pLTX3ipuDJI,8,ATV,0.0,-0.600409746170044,-0.5864916443824768
66,0.5,cW1FSBF59ik,8,ATV,-2.4000000953674316,-1.4938759803771973,-1.4825830459594727
66,0.5,tmZoasNr4rU,8,TV,-0.6000000238418579,-1.884122610092163,-1.8832836151123047
66,0.5,d6hH302o4v8,8,A,-2.4000000953674316,-0.7185035347938538,-0.7001216411590576
66,0.5,dq3Nf_lMPnE,8,AT,-0.800000011920929,0.30058661103248596,0.3312998414039612
66,0.5,k5Y_838nuGo,8,AT,1.7999999523162842,0.9950399398803711,1.0304309129714966
66,0.5,iiK8YX8oH1E,8,T,0.4000000059604645,-0.11121910065412521,-0.07066673785448074
66,0.5,tStelxIAHjw,8,V,-1.399999976158142,-0.5196300745010376,-0.49879902601242065
66,0.5,nbWiPyCm4g0,8,V,-1.399999976158142,-1.492546796798706,-1.4857641458511353
66,0.5,etzxEpPuc6I,8,ATV,-2.799999952316284,-1.9204893112182617,-1.9182041883468628
66,0.5,v0zCBqDeKcE,8,V,1.7999999523162842,0.20475174486637115,0.26711636781692505
66,0.5,f_pcplsH_V0,8,AT,-2.4000000953674316,-1.1143620014190674,-1.0911675691604614
66,0.5,tIrG4oNLFzE,8,A,-1.0,-0.6251813769340515,-0.5992326140403748
66,0.5,cM3Yna7AavY,8,TV,-0.20000000298023224,-1.8601019382476807,-1.8562958240509033
66,0.5,lXPQBPVc5Cw,8,AT,-2.5999999046325684,-1.7216341495513916,-1.7162538766860962
66,0.5,cXypl4FnoZo,8,TV,1.2000000476837158,0.9720308184623718,1.0139809846878052
66,0.5,c7UH_rxdZv4,8,AV,-0.4000000059604645,-0.3203295171260834,-0.2811863422393799
66,0.5,f9O3YtZ2VfI,9,AT,-2.0,-1.8760658502578735,-1.8729592561721802
66,0.5,wMbj6ajWbic,9,A,-1.7999999523162842,0.02966197207570076,0.07031910121440887
66,0.5,vvZ4IcEtiZc,9,V,-2.0,1.5802099704742432,1.6433913707733154
66,0.5,d3_k5Xpfmik,9,ATV,0.4000000059604645,1.623950719833374,1.6471195220947266
66,0.5,vyB00TXsimI,9,A,1.3333333730697632,0.07602328807115555,0.1372719258069992
66,0.5,fvVhgmXxadc,9,T,0.0,1.1099679470062256,1.1568822860717773
66,0.5,ob23OKe5a9Q,9,AT,1.25,1.3133927583694458,1.3575071096420288
66,0.5,zhpQhgha_KU,9,A,0.6000000238418579,-0.7607828974723816,-0.7345030903816223
66,0.5,phBUpBr1hSo,9,T,-1.399999976158142,-2.1000618934631348,-2.0949690341949463
66,0.5,yDtzw_Y-7RU,9,T,-0.6000000238418579,-2.0549983978271484,-2.050041675567627
66,0.5,nzpVDcQ0ywM,9,A,-1.0,-0.4079667925834656,-0.37718963623046875
66,0.5,jUzDDGyPkXU,9,T,2.4000000953674316,1.7918944358825684,1.8463261127471924
66,0.5,rnaNMUZpvvg,9,T,-2.5999999046325684,-2.0766539573669434,-2.0747721195220947
66,0.5,yvsjCA6Y5Fc,9,A,-2.0,-0.9886161684989929,-0.975752055644989
66,0.5,pLTX3ipuDJI,9,V,-1.600000023841858,-0.3272372782230377,-0.3025656044483185
66,0.5,cW1FSBF59ik,9,AV,-1.0,-0.4187879264354706,-0.3777218163013458
66,0.5,tmZoasNr4rU,9,ATV,-1.7999999523162842,-2.307559013366699,-2.310356855392456
66,0.5,d6hH302o4v8,9,TV,-1.2000000476837158,-2.0764477252960205,-2.077749252319336
66,0.5,dq3Nf_lMPnE,9,T,1.0,1.4728676080703735,1.5227242708206177
66,0.5,k5Y_838nuGo,9,V,2.0,0.07617777585983276,0.13345514237880707
66,0.5,iiK8YX8oH1E,9,TV,0.0,-1.6230024099349976,-1.6158984899520874
66,0.5,tStelxIAHjw,9,T,-0.4000000059604645,-2.203141689300537,-2.202502489089966
66,0.5,nbWiPyCm4g0,9,V,1.2000000476837158,-1.4031572341918945,-1.394992709159851
66,0.5,etzxEpPuc6I,9,V,-1.399999976158142,-0.18516960740089417,-0.1586599200963974
66,0.5,v0zCBqDeKcE,9,A,2.200000047683716,0.07460907101631165,0.13975657522678375
66,0.5,f_pcplsH_V0,9,ATV,1.2000000476837158,0.7288684248924255,0.7581095695495605
66,0.5,tIrG4oNLFzE,9,ATV,-1.7999999523162842,-1.8951507806777954,-1.892818808555603
66,0.5,cM3Yna7AavY,9,V,1.600000023841858,-0.4571549892425537,-0.4357525408267975
66,0.5,lXPQBPVc5Cw,9,T,-2.200000047683716,-2.197965383529663,-2.1980581283569336
66,0.5,cXypl4FnoZo,9,AT,2.0,1.5946061611175537,1.642646312713623
66,0.5,c7UH_rxdZv4,9,T,0.800000011920929,-1.1768442392349243,-1.156245470046997
66,0.5,f9O3YtZ2VfI,10,AV,-0.800000011920929,-0.5060949325561523,-0.4820370376110077
66,0.5,wMbj6ajWbic,10,TV,0.4000000059604645,-1.6792463064193726,-1.6729484796524048
66,0.5,vvZ4IcEtiZc,10,TV,1.600000023841858,1.597740888595581,1.65030038356781
66,0.5,d3_k5Xpfmik,10,V,2.4000000953674316,0.5271593928337097,0.5889945030212402
66,0.5,vyB00TXsimI,10,T,-0.20000000298023224,-1.4483393430709839,-1.4269452095031738
66,0.5,fvVhgmXxadc,10,ATV,-0.20000000298023224,0.44914743304252625,0.4785609543323517
66,0.5,ob23OKe5a9Q,10,V,0.800000011920929,0.6949678063392639,0.7633345127105713
66,0.5,zhpQhgha_KU,10,A,-2.4000000953674316,-1.1241183280944824,-1.104203701019287
66,0.5,phBUpBr1hSo,10,AT,2.0,1.1825014352798462,1.222123622894287
66,0.5,yDtzw_Y-7RU,10,V,-1.399999976158142,-0.4923694133758545,-0.47150668501853943
66,0.5,nzpVDcQ0ywM,10,TV,0.0,0.3611048460006714,0.39564770460128784
66,0.5,jUzDDGyPkXU,10,TV,2.4000000953674316,1.4979599714279175,1.5483808517456055
66,0.5,rnaNMUZpvvg,10,V,-2.5999999046325684,-1.1786363124847412,-1.1685947179794312
66,0.5,yvsjCA6Y5Fc,10,T,2.0,1.0104765892028809,1.051491379737854
66,0.5,pLTX3ipuDJI,10,ATV,0.6000000238418579,-0.5126287937164307,-0.496479332447052
66,0.5,cW1FSBF59ik,10,A,-1.0,-1.007263422012329,-0.9804024696350098
66,0.5,tmZoasNr4rU,10,T,-0.6000000238418579,1.041383981704712,1.079350471496582
66,0.5,d6hH302o4v8,10,A,-1.0,-1.337035894393921,-1.3291478157043457
66,0.5,dq3Nf_lMPnE,10,V,-0.6000000238418579,-0.025279205292463303,0.03288323059678078
66,0.5,k5Y_838nuGo,10,TV,0.5,1.2057839632034302,1.252877116203308
66,0.5,iiK8YX8oH1E,10,TV,1.0,0.3992503881454468,0.4330065846443176
66,0.5,tStelxIAHjw,10,A,-2.799999952316284,-0.9231149554252625,-0.9069604873657227
66,0.5,etzxEpPuc6I,10,T,-1.600000023841858,-2.043414831161499,-2.038785219192505
66,0.5,v0zCBqDeKcE,10,V,1.600000023841858,0.04234086349606514,0.10216642171144485
66,0.5,f_pcplsH_V0,10,V,-0.4000000059604645,-0.499131977558136,-0.45154523849487305
66,0.5,tIrG4oNLFzE,10,ATV,-1.600000023841858,-1.380362629890442,-1.3736565113067627
66,0.5,cM3Yna7AavY,10,AT,2.0,1.02150297164917,1.05862295627594
66,0.5,lXPQBPVc5Cw,10,V,-1.7999999523162842,-1.9344794750213623,-1.9357140064239502
66,0.5,cXypl4FnoZo,10,V,1.399999976158142,0.4778265655040741,0.5355384945869446
66,0.5,c7UH_rxdZv4,10,AV,1.0,-0.8476923108100891,-0.8260990381240845
66,0.5,f9O3YtZ2VfI,11,A,-1.7999999523162842,-0.4688936471939087,-0.4460459053516388
66,0.5,wMbj6ajWbic,11,AV,1.600000023841858,-0.5183212757110596,-0.49181079864501953
66,0.5,vvZ4IcEtiZc,11,A,0.20000000298023224,0.3117263913154602,0.37605875730514526
66,0.5,d3_k5Xpfmik,11,A,2.0,0.9195072054862976,0.9770137071609497
66,0.5,vyB00TXsimI,11,TV,0.20000000298023224,0.5758450627326965,0.6111973524093628
66,0.5,fvVhgmXxadc,11,A,0.0,-0.05377788469195366,-0.00398095790296793
66,0.5,ob23OKe5a9Q,11,V,2.799999952316284,0.4743681252002716,0.5403023958206177
66,0.5,zhpQhgha_KU,11,T,-1.399999976158142,-1.8012845516204834,-1.7894775867462158
66,0.5,phBUpBr1hSo,11,TV,1.7999999523162842,1.0917730331420898,1.1391483545303345
66,0.5,yDtzw_Y-7RU,11,AV,-0.6666666865348816,-0.37590211629867554,-0.3477141857147217
66,0.5,nzpVDcQ0ywM,11,ATV,-1.399999976158142,-1.858488917350769,-1.8537766933441162
66,0.5,jUzDDGyPkXU,11,AT,0.5,1.7537610530853271,1.7986385822296143
66,0.5,rnaNMUZpvvg,11,AV,-1.0,-1.2585383653640747,-1.2475095987319946
66,0.5,yvsjCA6Y5Fc,11,V,-0.6000000238418579,-0.6142348647117615,-0.5838318467140198
66,0.5,pLTX3ipuDJI,11,TV,-2.0,-0.7138484120368958,-0.694287121295929
66,0.5,cW1FSBF59ik,11,AV,2.200000047683716,-0.3768158555030823,-0.3346118927001953
66,0.5,tmZoasNr4rU,11,TV,-2.200000047683716,-1.7425885200500488,-1.7362819910049438
66,0.5,d6hH302o4v8,11,A,1.399999976158142,-1.2496023178100586,-1.240259051322937
66,0.5,dq3Nf_lMPnE,11,T,-1.600000023841858,-1.8907396793365479,-1.8793132305145264
66,0.5,k5Y_838nuGo,11,TV,0.20000000298023224,1.3903526067733765,1.4394563436508179
66,0.5,iiK8YX8oH1E,11,AV,1.7999999523162842,-0.15959711372852325,-0.11610351502895355
66,0.5,tStelxIAHjw,11,AT,-1.0,-1.9719892740249634,-1.970051646232605
66,0.5,etzxEpPuc6I,11,AV,0.6666666865348816,-0.7850131392478943,-0.7651174664497375
66,0.5,v0zCBqDeKcE,11,AT,-0.4000000059604645,-1.5021414756774902,-1.4867198467254639
66,0.5,f_pcplsH_V0,11,TV,-0.800000011920929,-1.0861973762512207,-1.066434383392334
66,0.5,tIrG4oNLFzE,11,TV,-2.5999999046325684,-1.830963373184204,-1.828702449798584
66,0.5,cM3Yna7AavY,11,AV,-1.0,-1.1492810249328613,-1.1053557395935059
66,0.5,lXPQBPVc5Cw,11,T,-2.0,-2.361086368560791,-2.3652212619781494
66,0.5,cXypl4FnoZo,11,TV,2.0,1.504380464553833,1.5545238256454468
66,0.5,c7UH_rxdZv4,11,AT,-2.799999952316284,-2.0161871910095215,-2.0141866207122803
66,0.5,f9O3YtZ2VfI,12,AV,-1.600000023841858,-0.7608448266983032,-0.7402204871177673
66,0.5,wMbj6ajWbic,12,TV,2.0,0.776228129863739,0.8130329251289368
66,0.5,d3_k5Xpfmik,12,AT,2.200000047683716,1.8423993587493896,1.8872156143188477
66,0.5,vyB00TXsimI,12,A,2.4000000953674316,0.040507931262254715,0.0953429788351059
66,0.5,fvVhgmXxadc,12,V,0.20000000298023224,-0.4609255790710449,-0.420809268951416
66,0.5,ob23OKe5a9Q,12,V,1.25,0.22770915925502777,0.2905845046043396
66,0.5,zhpQhgha_KU,12,V,-1.0,-0.19677700102329254,-0.17147709429264069
66,0.5,phBUpBr1hSo,12,A,0.800000011920929,-0.05104740336537361,0.007275461219251156
66,0.5,yDtzw_Y-7RU,12,A,-1.7999999523162842,-0.6497495770454407,-0.6278457045555115
66,0.5,nzpVDcQ0ywM,12,TV,-1.0,0.03454564884305,0.06362174451351166
66,0.5,jUzDDGyPkXU,12,V,-0.6000000238418579,0.712361216545105,0.7653831243515015
66,0.5,rnaNMUZpvvg,12,TV,-2.0,-1.986322283744812,-1.9864861965179443
66,0.5,yvsjCA6Y5Fc,12,A,-2.0,-0.6826905608177185,-0.6510582566261292
66,0.5,pLTX3ipuDJI,12,ATV,-1.399999976158142,-0.21503300964832306,-0.19648845493793488
66,0.5,cW1FSBF59ik,12,ATV,2.0,0.7130349278450012,0.7435815334320068
66,0.5,tmZoasNr4rU,12,TV,-0.800000011920929,-0.8227644562721252,-0.80659019947052
66,0.5,d6hH302o4v8,12,AT,-2.0,-1.9430387020111084,-1.9407455921173096
66,0.5,dq3Nf_lMPnE,12,ATV,-1.2000000476837158,-0.0355105958878994,-0.01247811783105135
66,0.5,k5Y_838nuGo,12,TV,0.6000000238418579,1.2508467435836792,1.3012986183166504
66,0.5,iiK8YX8oH1E,12,T,-2.0,-2.0066938400268555,-1.9984817504882812
66,0.5,tStelxIAHjw,12,V,-1.600000023841858,-0.48330357670783997,-0.4633268117904663
66,0.5,etzxEpPuc6I,12,AV,-2.200000047683716,-0.7005007863044739,-0.6792358756065369
66,0.5,v0zCBqDeKcE,12,V,1.7999999523162842,-1.1185381412506104,-1.1044811010360718
66,0.5,f_pcplsH_V0,12,TV,1.600000023841858,0.8315382599830627,0.8684033751487732
66,0.5,tIrG4oNLFzE,12,V,-2.0,-0.6598148345947266,-0.6427822113037109
66,0.5,cM3Yna7AavY,12,V,-1.600000023841858,-1.333824634552002,-1.3067927360534668
66,0.5,lXPQBPVc5Cw,12,TV,2.799999952316284,0.18601064383983612,0.215246319770813
66,0.5,cXypl4FnoZo,12,ATV,-1.0,-1.5235049724578857,-1.5130420923233032
66,0.5,c7UH_rxdZv4,12,ATV,-2.5999999046325684,-2.1769142150878906,-2.178662061691284
66,0.5,f9O3YtZ2VfI,13,T,1.2000000476837158,1.1784355640411377,1.2253953218460083
66,0.5,wMbj6ajWbic,13,T,-0.800000011920929,-1.420602560043335,-1.4007213115692139
66,0.5,d3_k5Xpfmik,13,T,2.0,0.5361291766166687,0.5868803858757019
66,0.5,vyB00TXsimI,13,T,2.0,1.63987398147583,1.691847562789917
66,0.5,fvVhgmXxadc,13,T,0.0,-1.070304274559021,-1.0479165315628052
66,0.5,ob23OKe5a9Q,13,TV,0.800000011920929,1.4773139953613281,1.527467131614685
66,0.5,zhpQhgha_KU,13,V,-1.5,-0.48361650109291077,-0.46237727999687195
66,0.5,phBUpBr1hSo,13,A,-1.2000000476837158,-0.004900996573269367,0.05443987622857094
66,0.5,yDtzw_Y-7RU,13,T,2.200000047683716,1.4295990467071533,1.4801781177520752
66,0.5,nzpVDcQ0ywM,13,V,0.20000000298023224,-0.33759909868240356,-0.3043328821659088
66,0.5,jUzDDGyPkXU,13,ATV,0.800000011920929,1.6600580215454102,1.687011957168579
66,0.5,rnaNMUZpvvg,13,AT,-2.5999999046325684,-2.024467945098877,-2.02325177192688
66,0.5,yvsjCA6Y5Fc,13,T,-1.0,-1.8018312454223633,-1.7892358303070068
66,0.5,pLTX3ipuDJI,13,V,-2.0,0.014605718664824963,0.050621554255485535
66,0.5,cW1FSBF59ik,13,V,-1.2000000476837158,0.2957845628261566,0.3566540479660034
66,0.5,tmZoasNr4rU,13,TV,-2.0,-1.8253592252731323,-1.8217828273773193
66,0.5,d6hH302o4v8,13,T,-1.7999999523162842,-2.2521848678588867,-2.253126382827759
66,0.5,dq3Nf_lMPnE,13,AV,-1.7999999523162842,-0.5046918988227844,-0.4639787971973419
66,0.5,k5Y_838nuGo,13,A,-1.7999999523162842,0.6149978041648865,0.665957510471344
66,0.5,iiK8YX8oH1E,13,A,-1.2000000476837158,-0.23388293385505676,-0.20479537546634674
66,0.5,tStelxIAHjw,13,A,-1.7999999523162842,-0.7771256566047668,-0.758660078048706
66,0.5,etzxEpPuc6I,13,TV,-1.2000000476837158,-1.5452783107757568,-1.5393503904342651
66,0.5,v0zCBqDeKcE,13,AV,1.5,-0.6784374713897705,-0.6508582234382629
66,0.5,f_pcplsH_V0,13,AT,-1.0,-0.05509216710925102,-0.020578131079673767
66,0.5,tIrG4oNLFzE,13,AV,-2.4000000953674316,-0.4935120642185211,-0.4691314399242401
66,0.5,cM3Yna7AavY,13,A,-2.5999999046325684,-0.010549214668571949,0.046731311827898026
66,0.5,lXPQBPVc5Cw,13,AV,-2.200000047683716,-1.2443385124206543,-1.20614492893219
66,0.5,cXypl4FnoZo,13,AT,-0.6000000238418579,-0.4494672417640686,-0.4240332841873169
66,0.5,c7UH_rxdZv4,13,ATV,1.2000000476837158,0.9298369288444519,0.9568890929222107
66,0.5,f9O3YtZ2VfI,14,TV,-1.2000000476837158,-1.357917308807373,-1.3436871767044067
66,0.5,wMbj6ajWbic,14,V,2.0,-1.4366545677185059,-1.4277907609939575
66,0.5,d3_k5Xpfmik,14,AT,2.5999999046325684,1.517953872680664,1.5640610456466675
66,0.5,vyB00TXsimI,14,AV,2.5999999046325684,0.46087536215782166,0.5171247124671936
66,0.5,zhpQhgha_KU,14,TV,-2.0,-1.7034887075424194,-1.6990107297897339
66,0.5,phBUpBr1hSo,14,ATV,-2.200000047683716,-1.1906452178955078,-1.175496220588684
66,0.5,yDtzw_Y-7RU,14,ATV,0.6000000238418579,1.5978796482086182,1.6344940662384033
66,0.5,nzpVDcQ0ywM,14,A,-0.6000000238418579,-0.21973706781864166,-0.18262173235416412
66,0.5,jUzDDGyPkXU,14,T,1.3333333730697632,-0.8804412484169006,-0.8452075123786926
66,0.5,rnaNMUZpvvg,14,T,-1.600000023841858,-2.0908236503601074,-2.089263439178467
66,0.5,yvsjCA6Y5Fc,14,V,-2.0,-0.8948369026184082,-0.8787667155265808
66,0.5,pLTX3ipuDJI,14,AV,-1.399999976158142,-0.05547149106860161,-0.013787739910185337
66,0.5,cW1FSBF59ik,14,TV,-2.5999999046325684,-1.5101219415664673,-1.4978430271148682
66,0.5,tmZoasNr4rU,14,TV,0.25,-1.8451420068740845,-1.8430676460266113
66,0.5,d6hH302o4v8,14,AV,-1.75,-1.26498281955719,-1.2544429302215576
66,0.5,dq3Nf_lMPnE,14,A,1.0,-0.7644280791282654,-0.7322694063186646
66,0.5,k5Y_838nuGo,14,ATV,-0.800000011920929,1.6908910274505615,1.7210758924484253
66,0.5,iiK8YX8oH1E,14,T,0.6000000238418579,-0.7987896203994751,-0.7739719748497009
66,0.5,tStelxIAHjw,14,AV,0.4000000059604645,-0.7961291074752808,-0.7759047746658325
66,0.5,etzxEpPuc6I,14,ATV,0.20000000298023224,-1.3547866344451904,-1.348238229751587
66,0.5,v0zCBqDeKcE,14,V,2.4000000953674316,-0.6446084976196289,-0.6219081282615662
66,0.5,f_pcplsH_V0,14,AT,-1.0,-1.8593108654022217,-1.8529490232467651
66,0.5,tIrG4oNLFzE,14,ATV,-2.0,1.0593035221099854,1.0873743295669556
66,0.5,cM3Yna7AavY,14,TV,-2.4000000953674316,-1.4518334865570068,-1.4384857416152954
66,0.5,lXPQBPVc5Cw,14,T,-2.799999952316284,-2.0892956256866455,-2.0852582454681396
66,0.5,cXypl4FnoZo,14,TV,0.0,0.06498922407627106,0.09436440467834473
66,0.5,c7UH_rxdZv4,14,AT,-2.4000000953674316,-1.713214635848999,-1.7021485567092896
66,0.5,f9O3YtZ2VfI,15,AT,-1.0,1.092682123184204,1.1310741901397705
66,0.5,wMbj6ajWbic,15,T,-0.4000000059604645,-0.4929976165294647,-0.46672379970550537
66,0.5,d3_k5Xpfmik,15,TV,2.0,1.589139699935913,1.6408268213272095
66,0.5,vyB00TXsimI,15,ATV,0.4000000059604645,0.854205310344696,0.8887326121330261
66,0.5,zhpQhgha_KU,15,T,1.7999999523162842,1.3447701930999756,1.3896620273590088
66,0.5,phBUpBr1hSo,15,V,-1.600000023841858,-0.10477107018232346,-0.07370971888303757
66,0.5,yDtzw_Y-7RU,15,TV,0.6000000238418579,1.5144407749176025,1.5653454065322876
66,0.5,nzpVDcQ0ywM,15,T,1.399999976158142,0.18033064901828766,0.2250426858663559
66,0.5,jUzDDGyPkXU,15,AV,1.2000000476837158,-0.5106639862060547,-0.4687615931034088
66,0.5,rnaNMUZpvvg,15,A,-1.7999999523162842,-0.695142924785614,-0.6790536642074585
66,0.5,yvsjCA6Y5Fc,15,A,-1.7999999523162842,-0.7224681973457336,-0.7006044983863831
66,0.5,pLTX3ipuDJI,15,V,-1.600000023841858,0.0185621939599514,0.055851977318525314
66,0.5,cW1FSBF59ik,15,T,3.0,1.3363796472549438,1.3841447830200195
66,0.5,tmZoasNr4rU,15,T,-1.399999976158142,-2.2272934913635254,-2.2276194095611572
66,0.5,d6hH302o4v8,15,V,-2.0,-1.880437970161438,-1.8800747394561768
66,0.5,k5Y_838nuGo,15,V,0.25,0.03905497118830681,0.09110365062952042
66,0.5,iiK8YX8oH1E,15,V,0.0,-0.04737105965614319,-0.016871050000190735
66,0.5,tStelxIAHjw,15,V,0.800000011920929,-0.577231228351593,-0.5582795739173889
66,0.5,etzxEpPuc6I,15,T,-2.4000000953674316,-1.2828160524368286,-1.2599891424179077
66,0.5,v0zCBqDeKcE,15,ATV,0.0,-0.4730597734451294,-0.45468205213546753
66,0.5,tIrG4oNLFzE,15,TV,-1.600000023841858,-1.1255172491073608,-1.1073428392410278
66,0.5,cM3Yna7AavY,15,T,-2.799999952316284,-1.8315722942352295,-1.8225311040878296
66,0.5,lXPQBPVc5Cw,15,ATV,0.20000000298023224,-1.8963890075683594,-1.8942451477050781
66,0.5,cXypl4FnoZo,15,AV,-0.6000000238418579,-0.3756353259086609,-0.3395191729068756
66,0.5,c7UH_rxdZv4,15,A,-2.0,-0.8516307473182678,-0.8260589838027954
66,0.5,f9O3YtZ2VfI,16,V,-2.0,-0.04291234165430069,0.011010662652552128
66,0.5,wMbj6ajWbic,16,T,2.0,1.3380217552185059,1.3826504945755005
66,0.5,d3_k5Xpfmik,16,TV,1.600000023841858,0.4999171495437622,0.5459462404251099
66,0.5,vyB00TXsimI,16,V,1.399999976158142,-0.2178003042936325,-0.16652221977710724
66,0.5,zhpQhgha_KU,16,AV,1.75,0.4638257920742035,0.5301912426948547
66,0.5,phBUpBr1hSo,16,AV,2.0,-0.3690151572227478,-0.33660760521888733
66,0.5,yDtzw_Y-7RU,16,T,0.20000000298023224,1.5889909267425537,1.6391133069992065
66,0.5,nzpVDcQ0ywM,16,TV,1.600000023841858,1.2985615730285645,1.3450084924697876
66,0.5,jUzDDGyPkXU,16,T,-2.799999952316284,-2.032292366027832,-2.025287389755249
66,0.5,rnaNMUZpvvg,16,AV,-1.600000023841858,-1.6626567840576172,-1.659389853477478
66,0.5,yvsjCA6Y5Fc,16,A,-0.6000000238418579,-0.8781776428222656,-0.8584689497947693
66,0.5,cW1FSBF59ik,16,V,2.4000000953674316,0.20173971354961395,0.2593653202056885
66,0.5,tmZoasNr4rU,16,AT,-1.399999976158142,-1.613551378250122,-1.6071804761886597
66,0.5,d6hH302o4v8,16,ATV,-2.0,-2.2909207344055176,-2.293851613998413
66,0.5,k5Y_838nuGo,16,V,0.800000011920929,0.8383086919784546,0.8968576192855835
66,0.5,iiK8YX8oH1E,16,A,1.600000023841858,-0.19587011635303497,-0.16371408104896545
66,0.5,etzxEpPuc6I,16,TV,-0.4000000059604645,-0.5458860397338867,-0.5230395197868347
66,0.5,tIrG4oNLFzE,16,TV,-0.4000000059604645,-0.8554051518440247,-0.8389624357223511
66,0.5,lXPQBPVc5Cw,16,AT,-1.7999999523162842,0.6562226414680481,0.6876039505004883
66,0.5,cXypl4FnoZo,16,V,-0.6000000238418579,-0.5130599141120911,-0.485337495803833
66,0.5,c7UH_rxdZv4,16,A,-1.399999976158142,-0.6526132225990295,-0.6232712268829346
66,0.5,f9O3YtZ2VfI,17,A,-1.0,-0.06156832352280617,-0.004670904017984867
66,0.5,wMbj6ajWbic,17,V,-1.0,0.12334448099136353,0.18156932294368744
66,0.5,d3_k5Xpfmik,17,AT,0.800000011920929,-1.2565828561782837,-1.2382575273513794
66,0.5,vyB00TXsimI,17,T,2.4000000953674316,1.7223503589630127,1.7741235494613647
66,0.5,zhpQhgha_KU,17,AV,0.6000000238418579,0.09093712270259857,0.15257425606250763
66,0.5,phBUpBr1hSo,17,ATV,0.800000011920929,1.3475892543792725,1.3790879249572754
66,0.5,yDtzw_Y-7RU,17,ATV,-2.0,-1.6701772212982178,-1.661352276802063
66,0.5,nzpVDcQ0ywM,17,A,1.2000000476837158,0.5351038575172424,0.6054866313934326
66,0.5,jUzDDGyPkXU,17,T,-2.4000000953674316,-2.1672916412353516,-2.165696620941162
66,0.5,rnaNMUZpvvg,17,ATV,-2.200000047683716,-2.0095176696777344,-2.0094785690307617
66,0.5,yvsjCA6Y5Fc,17,T,-2.200000047683716,-2.0499908924102783,-2.045675754547119
66,0.5,cW1FSBF59ik,17,TV,2.5999999046325684,1.4100353717803955,1.4590092897415161
66,0.5,tmZoasNr4rU,17,V,0.0,-1.093332052230835,-1.0826820135116577
66,0.5,d6hH302o4v8,17,A,-2.0,-1.2720868587493896,-1.2635890245437622
66,0.5,k5Y_838nuGo,17,T,0.4000000059604645,1.8393909931182861,1.890210509300232
66,0.5,iiK8YX8oH1E,17,V,-1.0,-0.23714303970336914,-0.20917214453220367
66,0.5,etzxEpPuc6I,17,TV,1.399999976158142,1.175754427909851,1.2184510231018066
66,0.5,tIrG4oNLFzE,17,ATV,-2.200000047683716,-1.9098355770111084,-1.9080698490142822
66,0.5,lXPQBPVc5Cw,17,TV,-1.399999976158142,-1.6013269424438477,-1.5932518243789673
66,0.5,cXypl4FnoZo,17,V,-0.25,-0.4027104675769806,-0.3724382817745209
66,0.5,c7UH_rxdZv4,17,T,-2.25,-2.052842140197754,-2.047175645828247
66,0.5,f9O3YtZ2VfI,18,ATV,-0.6000000238418579,0.8022540211677551,0.8368692994117737
66,0.5,wMbj6ajWbic,18,TV,-0.6000000238418579,0.4036688208580017,0.44544047117233276
66,0.5,d3_k5Xpfmik,18,V,0.20000000298023224,-0.5351424813270569,-0.5121370553970337
66,0.5,vyB00TXsimI,18,T,1.2000000476837158,1.8765740394592285,1.9288442134857178
66,0.5,zhpQhgha_KU,18,AV,-0.800000011920929,-0.286146342754364,-0.23060818016529083
66,0.5,phBUpBr1hSo,18,ATV,2.0,1.683189868927002,1.7185096740722656
66,0.5,yDtzw_Y-7RU,18,A,-1.600000023841858,-0.32449859380722046,-0.2930608093738556
66,0.5,nzpVDcQ0ywM,18,AV,-2.0,0.573067307472229,0.6431646347045898
66,0.5,jUzDDGyPkXU,18,ATV,2.200000047683716,-2.352600336074829,-2.3564767837524414
66,0.5,rnaNMUZpvvg,18,TV,-1.399999976158142,-2.003175735473633,-2.0035741329193115
66,0.5,yvsjCA6Y5Fc,18,V,-1.600000023841858,-0.8337616324424744,-0.8187223672866821
66,0.5,cW1FSBF59ik,18,A,0.20000000298023224,0.6417604088783264,0.7009978890419006
66,0.5,tmZoasNr4rU,18,A,0.20000000298023224,-1.0700592994689941,-1.0585198402404785
66,0.5,d6hH302o4v8,18,T,-2.799999952316284,-2.2499165534973145,-2.2511701583862305
66,0.5,k5Y_838nuGo,18,T,-0.6000000238418579,-1.5065562725067139,-1.484133243560791
66,0.5,etzxEpPuc6I,18,V,-0.5,0.914014995098114,0.9872773289680481
66,0.5,lXPQBPVc5Cw,18,V,-1.7999999523162842,-0.52289217710495,-0.5018185377120972
66,0.5,cXypl4FnoZo,18,T,0.800000011920929,1.109994649887085,1.156243920326233
66,0.5,c7UH_rxdZv4,18,A,-1.7999999523162842,-1.3876465559005737,-1.37711501121521
66,0.5,f9O3YtZ2VfI,19,T,-0.4000000059604645,-1.7936551570892334,-1.7795417308807373
66,0.5,wMbj6ajWbic,19,V,-0.4000000059604645,-0.15587671101093292,-0.11105062067508698
66,0.5,vyB00TXsimI,19,A,2.200000047683716,1.0333633422851562,1.080466389656067
66,0.5,zhpQhgha_KU,19,ATV,-1.399999976158142,-1.8224642276763916,-1.8169336318969727
66,0.5,phBUpBr1hSo,19,T,-1.25,1.5206550359725952,1.5708783864974976
66,0.5,yDtzw_Y-7RU,19,A,-0.6000000238418579,-0.5299959778785706,-0.5015087127685547
66,0.5,nzpVDcQ0ywM,19,TV,0.20000000298023224,1.050979495048523,1.1002922058105469
66,0.5,jUzDDGyPkXU,19,T,-2.200000047683716,-2.242936134338379,-2.2437379360198975
66,0.5,rnaNMUZpvvg,19,T,0.800000011920929,1.1148267984390259,1.1533093452453613
66,0.5,yvsjCA6Y5Fc,19,A,0.800000011920929,-0.3121582269668579,-0.28687596321105957
66,0.5,cW1FSBF59ik,19,ATV,2.5,1.283205509185791,1.3180378675460815
66,0.5,tmZoasNr4rU,19,ATV,-1.0,-2.434288501739502,-2.4385440349578857
66,0.5,d6hH302o4v8,19,AT,1.0,0.7486101388931274,0.7800887823104858
66,0.5,k5Y_838nuGo,19,T,0.4000000059604645,0.6830520033836365,0.7277029752731323
66,0.5,lXPQBPVc5Cw,19,ATV,-1.7999999523162842,-2.070199728012085,-2.0704681873321533
66,0.5,cXypl4FnoZo,19,TV,-1.0,-1.10626220703125,-1.088930368423462
66,0.5,c7UH_rxdZv4,19,AT,-1.7999999523162842,-1.6770083904266357,-1.6704835891723633
66,0.5,f9O3YtZ2VfI,20,AT,2.0,1.171443223953247,1.210792064666748
66,0.5,wMbj6ajWbic,20,A,1.600000023841858,-0.12323179095983505,-0.07830396294593811
66,0.5,vyB00TXsimI,20,ATV,1.2000000476837158,1.8590643405914307,1.886172890663147
66,0.5,zhpQhgha_KU,20,V,0.6000000238418579,-0.2791922092437744,-0.25041189789772034
66,0.5,phBUpBr1hSo,20,AT,0.800000011920929,-0.25443750619888306,-0.21911978721618652
66,0.5,yDtzw_Y-7RU,20,AV,0.20000000298023224,-0.49413877725601196,-0.46208804845809937
66,0.5,nzpVDcQ0ywM,20,V,-1.399999976158142,0.43017274141311646,0.49354082345962524
66,0.5,jUzDDGyPkXU,20,AT,-1.0,0.7093259692192078,0.7418078184127808
66,0.5,rnaNMUZpvvg,20,V,-2.5999999046325684,-0.5533789396286011,-0.5168898701667786
66,0.5,yvsjCA6Y5Fc,20,ATV,-1.7999999523162842,-2.156635284423828,-2.158078908920288
66,0.5,cW1FSBF59ik,20,TV,1.600000023841858,1.5563775300979614,1.605821967124939
66,0.5,d6hH302o4v8,20,T,-2.4000000953674316,-1.982259750366211,-1.9747035503387451
66,0.5,k5Y_838nuGo,20,AV,-0.20000000298023224,-0.09713106602430344,-0.04518621042370796
66,0.5,lXPQBPVc5Cw,20,AV,1.7999999523162842,-0.7018800973892212,-0.6814796924591064
66,0.5,cXypl4FnoZo,20,A,-0.6000000238418579,-0.6465165019035339,-0.6233102679252625
66,0.5,c7UH_rxdZv4,20,AT,-0.800000011920929,0.44567009806632996,0.47692838311195374
66,0.5,f9O3YtZ2VfI,21,A,1.399999976158142,0.2664519250392914,0.3292436897754669
66,0.5,wMbj6ajWbic,21,AT,1.399999976158142,1.4290869235992432,1.4733785390853882
66,0.5,vyB00TXsimI,21,AV,0.6000000238418579,0.8308218121528625,0.8749289512634277
66,0.5,zhpQhgha_KU,21,V,0.6000000238418579,-0.6037372350692749,-0.5804155468940735
66,0.5,yDtzw_Y-7RU,21,T,2.0,1.4537458419799805,1.5030840635299683
66,0.5,nzpVDcQ0ywM,21,T,2.0,1.9314069747924805,1.9830344915390015
66,0.5,jUzDDGyPkXU,21,AT,-2.4000000953674316,-1.7449105978012085,-1.7367210388183594
66,0.5,rnaNMUZpvvg,21,V,-2.200000047683716,-0.9013246893882751,-0.872529923915863
66,0.5,yvsjCA6Y5Fc,21,T,-1.600000023841858,-2.2317371368408203,-2.2322473526000977
66,0.5,cW1FSBF59ik,21,AT,-1.0,1.5508229732513428,1.5943657159805298
66,0.5,d6hH302o4v8,21,AV,-1.0,-1.4684189558029175,-1.4570246934890747
66,0.5,k5Y_838nuGo,21,AV,0.4000000059604645,-0.29853761196136475,-0.24960415065288544
66,0.5,lXPQBPVc5Cw,21,AV,2.5999999046325684,-0.713790237903595,-0.6929706931114197
66,0.5,cXypl4FnoZo,21,A,0.20000000298023224,-0.4695938229560852,-0.4433801770210266
66,0.5,c7UH_rxdZv4,21,T,-2.4000000953674316,-1.9218636751174927,-1.9122310876846313
66,0.5,f9O3YtZ2VfI,22,A,1.600000023841858,-0.07389987260103226,-0.014106192626059055
66,0.5,wMbj6ajWbic,22,AT,1.7999999523162842,1.7043704986572266,1.7518196105957031
66,0.5,zhpQhgha_KU,22,TV,-0.5,0.7879048585891724,0.8257409334182739
66,0.5,yDtzw_Y-7RU,22,T,2.200000047683716,1.701188325881958,1.755336046218872
66,0.5,nzpVDcQ0ywM,22,T,2.0,2.050243377685547,2.1002509593963623
66,0.5,jUzDDGyPkXU,22,A,1.2000000476837158,-0.9844942688941956,-0.96696937084198
66,0.5,yvsjCA6Y5Fc,22,T,-1.2000000476837158,-0.17369553446769714,-0.14581885933876038
66,0.5,cW1FSBF59ik,22,TV,1.399999976158142,1.4347455501556396,1.4826629161834717
66,0.5,d6hH302o4v8,22,T,-2.5999999046325684,-2.0978620052337646,-2.094651699066162
66,0.5,k5Y_838nuGo,22,AT,-0.20000000298023224,1.3247417211532593,1.3676033020019531
66,0.5,lXPQBPVc5Cw,22,A,-2.4000000953674316,-0.572198212146759,-0.5514569878578186
66,0.5,cXypl4FnoZo,22,T,0.4000000059604645,1.1818963289260864,1.228076696395874
66,0.5,c7UH_rxdZv4,22,A,-0.6000000238418579,-0.9577293395996094,-0.9392666220664978
66,0.5,f9O3YtZ2VfI,23,ATV,-2.5999999046325684,-1.42268967628479,-1.4103875160217285
66,0.5,wMbj6ajWbic,23,AT,1.399999976158142,1.781825304031372,1.8259506225585938
66,0.5,zhpQhgha_KU,23,T,0.0,-1.9132866859436035,-1.9024114608764648
66,0.5,yDtzw_Y-7RU,23,A,-0.800000011920929,0.7703505158424377,0.8421781659126282
66,0.5,nzpVDcQ0ywM,23,V,1.600000023841858,0.961349368095398,1.0122833251953125
66,0.5,jUzDDGyPkXU,23,AV,-1.0,-1.2360339164733887,-1.2207022905349731
66,0.5,cW1FSBF59ik,23,T,0.0,1.4996130466461182,1.548841953277588
66,0.5,d6hH302o4v8,23,T,-2.799999952316284,-2.2768359184265137,-2.2778494358062744
66,0.5,k5Y_838nuGo,23,V,0.6000000238418579,-0.9497575759887695,-0.9137157201766968
66,0.5,lXPQBPVc5Cw,23,V,-1.399999976158142,-2.1400763988494873,-2.142331123352051
66,0.5,cXypl4FnoZo,23,A,0.20000000298023224,0.017425552010536194,0.07075535506010056
66,0.5,c7UH_rxdZv4,23,V,-1.7999999523162842,-0.7713531851768494,-0.7539669275283813
66,0.5,f9O3YtZ2VfI,24,V,-1.399999976158142,-0.49503272771835327,-0.47057685256004333
66,0.5,wMbj6ajWbic,24,A,2.0,0.9017630219459534,0.9464243650436401
66,0.5,zhpQhgha_KU,24,TV,1.0,0.8380770087242126,0.876234233379364
66,0.5,jUzDDGyPkXU,24,A,-2.0,-1.183215856552124,-1.1690113544464111
66,0.5,d6hH302o4v8,24,AV,-1.600000023841858,-0.9355103373527527,-0.9170438647270203
66,0.5,k5Y_838nuGo,24,AT,-0.20000000298023224,-0.5472056269645691,-0.5182523131370544
66,0.5,lXPQBPVc5Cw,24,T,-2.4000000953674316,-1.8314478397369385,-1.8254293203353882
66,0.5,cXypl4FnoZo,24,TV,-1.2000000476837158,-0.6489253044128418,-0.6236631870269775
66,0.5,c7UH_rxdZv4,24,T,0.0,1.1673781871795654,1.2121628522872925
66,0.5,f9O3YtZ2VfI,25,AV,1.399999976158142,-0.6935175061225891,-0.6660214066505432
66,0.5,wMbj6ajWbic,25,A,1.7999999523162842,0.8293103575706482,0.8740247488021851
66,0.5,zhpQhgha_KU,25,AT,0.0,-0.6497823596000671,-0.6226708292961121
66,0.5,jUzDDGyPkXU,25,ATV,-2.0,-1.7990796566009521,-1.7957347631454468
66,0.5,d6hH302o4v8,25,V,-2.5999999046325684,-1.2359731197357178,-1.2257977724075317
66,0.5,k5Y_838nuGo,25,TV,2.0,1.0169721841812134,1.0557218790054321
66,0.5,lXPQBPVc5Cw,25,V,-2.799999952316284,-0.4305639863014221,-0.4109463393688202
66,0.5,cXypl4FnoZo,25,AV,0.6000000238418579,-0.2852526903152466,-0.2480691820383072
66,0.5,c7UH_rxdZv4,25,AT,-2.5999999046325684,-0.6897088289260864,-0.6615960001945496
66,0.5,f9O3YtZ2VfI,26,ATV,1.600000023841858,1.2605478763580322,1.2919057607650757
66,0.5,wMbj6ajWbic,26,T,0.0,-1.3669281005859375,-1.3417859077453613
66,0.5,zhpQhgha_KU,26,T,0.800000011920929,1.300800085067749,1.34657883644104
66,0.5,jUzDDGyPkXU,26,V,-2.0,-0.6960806250572205,-0.6791371703147888
66,0.5,d6hH302o4v8,26,V,-2.5999999046325684,-0.6547452211380005,-0.6350418329238892
66,0.5,k5Y_838nuGo,26,ATV,-0.800000011920929,-1.7626230716705322,-1.7556533813476562
66,0.5,lXPQBPVc5Cw,26,AV,-2.799999952316284,-0.41672295331954956,-0.39163661003112793
66,0.5,cXypl4FnoZo,26,AV,0.800000011920929,-0.12909257411956787,-0.08851660043001175
66,0.5,c7UH_rxdZv4,26,T,-1.7999999523162842,-0.7474233508110046,-0.7217710018157959
66,0.5,f9O3YtZ2VfI,27,TV,1.2000000476837158,1.4727098941802979,1.5215494632720947
66,0.5,wMbj6ajWbic,27,T,2.4000000953674316,1.4787346124649048,1.527214765548706
66,0.5,zhpQhgha_KU,27,ATV,1.399999976158142,1.474475383758545,1.5102609395980835
66,0.5,d6hH302o4v8,27,AT,-1.0,-1.5602326393127441,-1.5519696474075317
66,0.5,k5Y_838nuGo,27,AT,2.0,1.0624332427978516,1.1001330614089966
66,0.5,lXPQBPVc5Cw,27,T,0.800000011920929,1.2120461463928223,1.2560869455337524
66,0.5,cXypl4FnoZo,27,V,-2.200000047683716,-0.7516025900840759,-0.7284642457962036
66,0.5,c7UH_rxdZv4,27,ATV,-0.800000011920929,-1.6807937622070312,-1.6753090620040894
66,0.5,f9O3YtZ2VfI,28,T,-2.0,-0.6673687100410461,-0.6289629936218262
66,0.5,wMbj6ajWbic,28,AV,1.7999999523162842,0.6065563559532166,0.677932858467102
66,0.5,zhpQhgha_KU,28,V,-1.2000000476837158,0.5851448178291321,0.6464167833328247
66,0.5,d6hH302o4v8,28,ATV,-1.7999999523162842,-1.3568332195281982,-1.3501232862472534
66,0.5,k5Y_838nuGo,28,T,-0.75,-1.8325388431549072,-1.8198471069335938
66,0.5,lXPQBPVc5Cw,28,T,-1.2000000476837158,-1.706049919128418,-1.691841721534729
66,0.5,cXypl4FnoZo,28,V,-1.399999976158142,-0.4489401578903198,-0.41969558596611023
66,0.5,c7UH_rxdZv4,28,TV,0.6000000238418579,0.8796901106834412,0.9151262640953064
66,0.5,f9O3YtZ2VfI,29,TV,-1.0,-1.6789605617523193,-1.6720285415649414
66,0.5,wMbj6ajWbic,29,TV,0.800000011920929,1.3946884870529175,1.4430838823318481
66,0.5,zhpQhgha_KU,29,AT,-2.0,-1.5289969444274902,-1.514007568359375
66,0.5,d6hH302o4v8,29,TV,-2.799999952316284,-1.854257345199585,-1.8517084121704102
66,0.5,k5Y_838nuGo,29,V,1.600000023841858,-0.24493516981601715,-0.21508266031742096
66,0.5,lXPQBPVc5Cw,29,TV,-2.0,-1.8341975212097168,-1.8310869932174683
66,0.5,c7UH_rxdZv4,29,V,1.2000000476837158,-0.38770461082458496,-0.3432309329509735
66,0.5,zhpQhgha_KU,30,AT,-1.0,-0.7242226004600525,-0.7021082639694214
66,0.5,d6hH302o4v8,30,AV,-1.399999976158142,-1.2546871900558472,-1.2408305406570435
66,0.5,k5Y_838nuGo,30,AV,-1.0,-0.36617064476013184,-0.32966113090515137
66,0.5,c7UH_rxdZv4,30,T,-1.399999976158142,-0.7977550625801086,-0.7671352028846741
66,0.5,zhpQhgha_KU,31,V,0.800000011920929,-0.09353839606046677,-0.06462886184453964
66,0.5,d6hH302o4v8,31,T,-0.6000000238418579,0.44183433055877686,0.47705066204071045
66,0.5,c7UH_rxdZv4,31,AV,-2.200000047683716,-0.49015653133392334,-0.45671936869621277
66,0.5,zhpQhgha_KU,32,A,-0.4000000059604645,-0.6512629389762878,-0.6255309581756592
66,0.5,d6hH302o4v8,32,TV,-3.0,-1.8795807361602783,-1.8752988576889038
66,0.5,c7UH_rxdZv4,32,ATV,-1.7999999523162842,-2.1721577644348145,-2.1727135181427
66,0.5,zhpQhgha_KU,33,V,1.2000000476837158,-0.21629880368709564,-0.18827439844608307
66,0.5,d6hH302o4v8,33,TV,-3.0,-0.4167529344558716,-0.39229777455329895
66,0.5,zhpQhgha_KU,34,T,0.6000000238418579,1.3810710906982422,1.427180528640747
66,0.5,d6hH302o4v8,34,TV,-1.600000023841858,-1.7593357563018799,-1.7535099983215332
66,0.5,d6hH302o4v8,35,AV,-2.200000047683716,-0.9793357253074646,-0.9607998132705688
66,0.5,d6hH302o4v8,36,AV,-2.200000047683716,-1.2784968614578247,-1.2652335166931152
66,0.5,d6hH302o4v8,37,AV,-3.0,-1.3185806274414062,-1.3061453104019165
66,0.5,d6hH302o4v8,38,V,-3.0,-1.629746913909912,-1.6250044107437134
66,0.5,d6hH302o4v8,39,AV,-1.0,-0.7090582847595215,-0.6858717799186707
66,0.5,d6hH302o4v8,40,TV,-2.4000000953674316,-2.1541004180908203,-2.1557421684265137
66,0.5,d6hH302o4v8,41,A,-1.399999976158142,-1.0977957248687744,-1.0857412815093994
66,0.5,d6hH302o4v8,42,V,-2.5,-1.8391468524932861,-1.8376291990280151
66,0.6,f9O3YtZ2VfI,0,V,-1.2000000476837158,0.5328864455223083,0.5328865051269531
66,0.6,wMbj6ajWbic,0,A,0.5,0.9826818704605103,0.9826818704605103
66,0.6,vvZ4IcEtiZc,0,V,2.0,1.3664846420288086,1.3664847612380981
66,0.6,d3_k5Xpfmik,0,T,2.0,2.064133405685425,2.064133644104004
66,0.6,vyB00TXsimI,0,T,0.0,1.6044583320617676,1.6044584512710571
66,0.6,fvVhgmXxadc,0,AV,-0.4000000059604645,0.13669438660144806,0.13669435679912567
66,0.6,ob23OKe5a9Q,0,T,1.2000000476837158,2.2154383659362793,2.2154383659362793
66,0.6,zhpQhgha_KU,0,V,-1.600000023841858,0.3442158102989197,0.34421586990356445
66,0.6,phBUpBr1hSo,0,TV,1.399999976158142,1.9251625537872314,1.925162434577942
66,0.6,yDtzw_Y-7RU,0,V,0.800000011920929,0.03861687704920769,0.03861689567565918
66,0.6,nzpVDcQ0ywM,0,T,0.0,1.9933534860610962,1.9933533668518066
66,0.6,jUzDDGyPkXU,0,T,2.799999952316284,2.167340040206909,2.167340040206909
66,0.6,rnaNMUZpvvg,0,AV,-2.5999999046325684,0.18988406658172607,0.18988405168056488
66,0.6,yvsjCA6Y5Fc,0,A,-2.0,0.3560706079006195,0.3560706377029419
66,0.6,pLTX3ipuDJI,0,AT,-2.4000000953674316,-1.7623584270477295,-1.7623581886291504
66,0.6,cW1FSBF59ik,0,V,-2.5999999046325684,0.5889884233474731,0.5889884233474731
66,0.6,tmZoasNr4rU,0,A,0.0,0.18867187201976776,0.18867182731628418
66,0.6,d6hH302o4v8,0,A,-2.799999952316284,-0.253803551197052,-0.2538035809993744
66,0.6,dq3Nf_lMPnE,0,A,0.0,0.09559120237827301,0.095591239631176
66,0.6,k5Y_838nuGo,0,V,-1.600000023841858,1.144586443901062,1.1445865631103516
66,0.6,iiK8YX8oH1E,0,AT,-2.5999999046325684,-1.5302417278289795,-1.5302414894104004
66,0.6,tStelxIAHjw,0,V,0.0,0.5623913407325745,0.5623913407325745
66,0.6,nbWiPyCm4g0,0,T,1.2000000476837158,2.0467326641082764,2.0467326641082764
66,0.6,etzxEpPuc6I,0,TV,0.4000000059604645,0.09831023216247559,0.09831024706363678
66,0.6,v0zCBqDeKcE,0,AV,2.5999999046325684,-0.27687376737594604,-0.27687376737594604
66,0.6,f_pcplsH_V0,0,AV,0.25,0.02477443404495716,0.024774450808763504
66,0.6,tIrG4oNLFzE,0,T,2.799999952316284,2.1355855464935303,2.1355857849121094
66,0.6,cM3Yna7AavY,0,AT,2.200000047683716,-1.414323329925537,-1.414323329925537
66,0.6,lXPQBPVc5Cw,0,V,0.20000000298023224,1.3673803806304932,1.3673803806304932
66,0.6,cXypl4FnoZo,0,A,1.0,0.5764920711517334,0.5764920711517334
66,0.6,c7UH_rxdZv4,0,TV,-2.799999952316284,-1.4376909732818604,-1.43769109249115
66,0.6,f9O3YtZ2VfI,1,A,1.25,0.4513173997402191,0.5243862271308899
66,0.6,wMbj6ajWbic,1,V,-0.800000011920929,-0.013280892744660378,0.04973788559436798
66,0.6,vvZ4IcEtiZc,1,T,2.4000000953674316,2.039694309234619,2.075857639312744
66,0.6,d3_k5Xpfmik,1,AV,0.0,0.6629403829574585,0.6893942356109619
66,0.6,vyB00TXsimI,1,AT,-2.4000000953674316,-1.0219794511795044,-0.9998377561569214
66,0.6,fvVhgmXxadc,1,T,-2.799999952316284,-1.68952476978302,-1.6868107318878174
66,0.6,ob23OKe5a9Q,1,V,1.0,0.6837223768234253,0.7069312334060669
66,0.6,zhpQhgha_KU,1,TV,1.600000023841858,1.810180425643921,1.8370002508163452
66,0.6,phBUpBr1hSo,1,A,2.200000047683716,1.2051570415496826,1.2343791723251343
66,0.6,yDtzw_Y-7RU,1,TV,0.800000011920929,-0.41485175490379333,-0.385867178440094
66,0.6,nzpVDcQ0ywM,1,TV,-1.600000023841858,-0.44425690174102783,-0.42557084560394287
66,0.6,jUzDDGyPkXU,1,T,2.5999999046325684,2.1977956295013428,2.2281928062438965
66,0.6,rnaNMUZpvvg,1,V,2.25,-1.1875951290130615,-1.166146159172058
66,0.6,yvsjCA6Y5Fc,1,A,-1.2000000476837158,0.4589998722076416,0.5369778275489807
66,0.6,pLTX3ipuDJI,1,AV,-1.7999999523162842,-0.35981547832489014,-0.3234868049621582
66,0.6,cW1FSBF59ik,1,TV,3.0,1.6618597507476807,1.6888434886932373
66,0.6,tmZoasNr4rU,1,TV,-2.0,-1.4467618465423584,-1.4408072233200073
66,0.6,d6hH302o4v8,1,T,-1.7999999523162842,-1.7324234247207642,-1.7354791164398193
66,0.6,dq3Nf_lMPnE,1,ATV,-1.399999976158142,-2.075869083404541,-2.08015513420105
66,0.6,k5Y_838nuGo,1,T,1.2000000476837158,-0.9451991319656372,-0.9010835289955139
66,0.6,iiK8YX8oH1E,1,T,1.2000000476837158,1.1221604347229004,1.1814008951187134
66,0.6,tStelxIAHjw,1,AT,-2.0,-0.7129671573638916,-0.6864598393440247
66,0.6,nbWiPyCm4g0,1,ATV,-2.4000000953674316,1.3296295404434204,1.3372284173965454
66,0.6,etzxEpPuc6I,1,V,1.2000000476837158,0.2941562235355377,0.3571014106273651
66,0.6,v0zCBqDeKcE,1,T,-0.4000000059604645,1.4726388454437256,1.5158370733261108
66,0.6,f_pcplsH_V0,1,A,1.399999976158142,0.0752335861325264,0.14397208392620087
66,0.6,tIrG4oNLFzE,1,V,2.4000000953674316,0.6447551250457764,0.6729884743690491
66,0.6,cM3Yna7AavY,1,TV,2.5,1.0301365852355957,1.0657325983047485
66,0.6,lXPQBPVc5Cw,1,AT,-2.200000047683716,-1.7411768436431885,-1.7397348880767822
66,0.6,cXypl4FnoZo,1,TV,1.0,1.1334141492843628,1.1630945205688477
66,0.6,c7UH_rxdZv4,1,A,-2.5999999046325684,-0.8107881546020508,-0.7830430269241333
66,0.6,f9O3YtZ2VfI,2,V,0.6000000238418579,0.2033199965953827,0.2669520378112793
66,0.6,wMbj6ajWbic,2,T,0.0,0.24296835064888,0.292672336101532
66,0.6,vvZ4IcEtiZc,2,TV,1.399999976158142,0.3285740613937378,0.349274605512619
66,0.6,d3_k5Xpfmik,2,A,2.0,0.7161660194396973,0.7628681659698486
66,0.6,vyB00TXsimI,2,V,2.200000047683716,-0.1089845597743988,-0.06628984212875366
66,0.6,fvVhgmXxadc,2,ATV,-2.200000047683716,-2.2362442016601562,-2.2414729595184326
66,0.6,ob23OKe5a9Q,2,V,-1.2000000476837158,0.9969696998596191,1.0305848121643066
66,0.6,zhpQhgha_KU,2,AV,-1.600000023841858,0.28287315368652344,0.3090270161628723
66,0.6,phBUpBr1hSo,2,A,2.799999952316284,0.6540168523788452,0.6828568577766418
66,0.6,yDtzw_Y-7RU,2,V,0.75,0.17459532618522644,0.23398110270500183
66,0.6,nzpVDcQ0ywM,2,A,0.800000011920929,-0.06422535330057144,-0.009281236678361893
66,0.6,jUzDDGyPkXU,2,TV,0.0,1.4672770500183105,1.4825992584228516
66,0.6,rnaNMUZpvvg,2,T,-0.800000011920929,-1.3423880338668823,-1.3311980962753296
66,0.6,yvsjCA6Y5Fc,2,V,-2.0,-0.056655339896678925,-0.00023176753893494606
66,0.6,pLTX3ipuDJI,2,T,-1.2000000476837158,-1.2613277435302734,-1.2494769096374512
66,0.6,cW1FSBF59ik,2,AV,-1.0,-0.06129717081785202,-0.02762460894882679
66,0.6,tmZoasNr4rU,2,V,-2.0,-0.44522058963775635,-0.41706836223602295
66,0.6,d6hH302o4v8,2,V,0.20000000298023224,-1.0934897661209106,-1.0817980766296387
66,0.6,dq3Nf_lMPnE,2,V,-1.2000000476837158,-1.0390046834945679,-1.0263866186141968
66,0.6,k5Y_838nuGo,2,AT,0.800000011920929,0.8247761726379395,0.8605974316596985
66,0.6,iiK8YX8oH1E,2,T,-1.25,-1.8341842889785767,-1.8439215421676636
66,0.6,tStelxIAHjw,2,V,0.5,-0.11377950757741928,-0.07236316800117493
66,0.6,nbWiPyCm4g0,2,T,-1.7999999523162842,-1.4863576889038086,-1.4748671054840088
66,0.6,etzxEpPuc6I,2,TV,-1.600000023841858,-0.5057054162025452,-0.47992733120918274
66,0.6,v0zCBqDeKcE,2,T,0.6000000238418579,0.9549256563186646,0.9963322877883911
66,0.6,f_pcplsH_V0,2,V,0.800000011920929,-0.28784146904945374,-0.24133893847465515
66,0.6,tIrG4oNLFzE,2,ATV,2.5999999046325684,1.8556941747665405,1.8653688430786133
66,0.6,cM3Yna7AavY,2,A,1.0,-0.42802193760871887,-0.37392914295196533
66,0.6,lXPQBPVc5Cw,2,A,-2.4000000953674316,-0.2981047034263611,-0.25785738229751587
66,0.6,cXypl4FnoZo,2,V,1.7999999523162842,0.6991655826568604,0.7587432861328125
66,0.6,c7UH_rxdZv4,2,ATV,-0.800000011920929,-1.4338561296463013,-1.4284107685089111
66,0.6,f9O3YtZ2VfI,3,AV,-2.4000000953674316,-0.21424050629138947,-0.1569819450378418
66,0.6,wMbj6ajWbic,3,AV,1.0,-0.41642236709594727,-0.36695894598960876
66,0.6,vvZ4IcEtiZc,3,TV,2.200000047683716,1.706200361251831,1.7350971698760986
66,0.6,d3_k5Xpfmik,3,T,-1.0,-1.2968732118606567,-1.2792929410934448
66,0.6,vyB00TXsimI,3,V,1.7999999523162842,0.0747118592262268,0.11905748397111893
66,0.6,fvVhgmXxadc,3,T,-2.799999952316284,-1.6300275325775146,-1.6290544271469116
66,0.6,ob23OKe5a9Q,3,A,-1.5,0.17275802791118622,0.2014959752559662
66,0.6,zhpQhgha_KU,3,TV,-1.600000023841858,-0.7541342973709106,-0.7349854707717896
66,0.6,phBUpBr1hSo,3,T,-0.800000011920929,-0.7004055976867676,-0.671850860118866
66,0.6,yDtzw_Y-7RU,3,A,-1.0,-0.03939274698495865,0.0037098792381584644
66,0.6,nzpVDcQ0ywM,3,V,-1.600000023841858,-0.357410192489624,-0.3183303475379944
66,0.6,jUzDDGyPkXU,3,TV,-1.600000023841858,1.1507089138031006,1.1702845096588135
66,0.6,rnaNMUZpvvg,3,V,-2.4000000953674316,-0.5830311179161072,-0.5589194297790527
66,0.6,yvsjCA6Y5Fc,3,T,-0.20000000298023224,-1.0888752937316895,-1.0702288150787354
66,0.6,pLTX3ipuDJI,3,T,-2.200000047683716,-0.5019466876983643,-0.47365400195121765
66,0.6,cW1FSBF59ik,3,AT,1.600000023841858,0.9446547031402588,0.9743066430091858
66,0.6,tmZoasNr4rU,3,AV,-0.800000011920929,-1.2064406871795654,-1.1936168670654297
66,0.6,d6hH302o4v8,3,T,-1.600000023841858,-1.545121431350708,-1.5427027940750122
66,0.6,dq3Nf_lMPnE,3,AV,-0.4000000059604645,-1.0165834426879883,-0.9988480806350708
66,0.6,k5Y_838nuGo,3,V,1.0,0.7951558828353882,0.8559342622756958
66,0.6,iiK8YX8oH1E,3,A,-2.0,-0.30239421129226685,-0.2586747407913208
66,0.6,tStelxIAHjw,3,AT,-2.799999952316284,-1.595557689666748,-1.5907347202301025
66,0.6,nbWiPyCm4g0,3,A,-2.200000047683716,-0.07611530274152756,-0.030380742624402046
66,0.6,etzxEpPuc6I,3,AT,0.800000011920929,-0.030563047155737877,-1.9039493054151535e-05
66,0.6,v0zCBqDeKcE,3,AT,0.0,-0.644404411315918,-0.6180591583251953
66,0.6,f_pcplsH_V0,3,AV,0.5,-0.5244644284248352,-0.47715410590171814
66,0.6,tIrG4oNLFzE,3,TV,1.399999976158142,-0.35513830184936523,-0.3330362141132355
66,0.6,cM3Yna7AavY,3,T,0.6000000238418579,0.23372018337249756,0.2758598327636719
66,0.6,lXPQBPVc5Cw,3,AV,-1.2000000476837158,-0.6042231321334839,-0.5747168064117432
66,0.6,cXypl4FnoZo,3,A,-0.800000011920929,0.19462370872497559,0.2559319734573364
66,0.6,c7UH_rxdZv4,3,T,1.600000023841858,1.4208881855010986,1.4646084308624268
66,0.6,f9O3YtZ2VfI,4,V,-1.7999999523162842,0.28314143419265747,0.33953702449798584
66,0.6,wMbj6ajWbic,4,A,0.20000000298023224,0.004554851446300745,0.05574136972427368
66,0.6,vvZ4IcEtiZc,4,V,1.2000000476837158,1.5863914489746094,1.6343337297439575
66,0.6,d3_k5Xpfmik,4,V,2.200000047683716,-0.21444956958293915,-0.17976444959640503
66,0.6,vyB00TXsimI,4,AV,1.7999999523162842,-0.3284830152988434,-0.29279541969299316
66,0.6,fvVhgmXxadc,4,V,0.0,-0.6803876161575317,-0.6654915809631348
66,0.6,ob23OKe5a9Q,4,AT,-1.7999999523162842,-1.5232610702514648,-1.5157878398895264
66,0.6,zhpQhgha_KU,4,V,-2.200000047683716,0.27890846133232117,0.32782813906669617
66,0.6,phBUpBr1hSo,4,AV,-1.399999976158142,-0.033954642713069916,0.014658313244581223
66,0.6,yDtzw_Y-7RU,4,AV,0.5,-0.25584980845451355,-0.21645891666412354
66,0.6,nzpVDcQ0ywM,4,TV,-0.4000000059604645,-1.1624120473861694,-1.152542233467102
66,0.6,jUzDDGyPkXU,4,A,-1.2000000476837158,0.14906945824623108,0.20527766644954681
66,0.6,rnaNMUZpvvg,4,AV,-2.799999952316284,-0.8741847276687622,-0.8527204990386963
66,0.6,yvsjCA6Y5Fc,4,V,0.4000000059604645,-0.3587893545627594,-0.3304683566093445
66,0.6,pLTX3ipuDJI,4,A,-2.0,-0.6151260137557983,-0.5869092345237732
66,0.6,cW1FSBF59ik,4,V,2.0,0.11664830893278122,0.16018757224082947
66,0.6,tmZoasNr4rU,4,A,-0.800000011920929,-0.8234825134277344,-0.8041689395904541
66,0.6,d6hH302o4v8,4,V,-1.3333333730697632,-0.5473730564117432,-0.5260112881660461
66,0.6,dq3Nf_lMPnE,4,V,1.2000000476837158,-0.8626259565353394,-0.8470369577407837
66,0.6,k5Y_838nuGo,4,TV,-1.3333333730697632,-1.3332133293151855,-1.3260061740875244
66,0.6,iiK8YX8oH1E,4,T,-0.4000000059604645,-0.8126711845397949,-0.7862727642059326
66,0.6,tStelxIAHjw,4,V,-2.200000047683716,-0.4063225984573364,-0.3838673233985901
66,0.6,nbWiPyCm4g0,4,V,-1.399999976158142,-0.8390867710113525,-0.8185421228408813
66,0.6,etzxEpPuc6I,4,TV,0.0,0.3607689440250397,0.39038532972335815
66,0.6,v0zCBqDeKcE,4,V,2.0,-0.17171192169189453,-0.13739155232906342
66,0.6,f_pcplsH_V0,4,T,1.2000000476837158,0.02463163621723652,0.057429127395153046
66,0.6,tIrG4oNLFzE,4,V,0.4000000059604645,-0.014187788590788841,0.03721682354807854
66,0.6,cM3Yna7AavY,4,TV,2.799999952316284,1.4018336534500122,1.4324887990951538
66,0.6,lXPQBPVc5Cw,4,TV,-1.0,-0.5240472555160522,-0.5076478719711304
66,0.6,cXypl4FnoZo,4,AT,1.7999999523162842,1.4989469051361084,1.525589942932129
66,0.6,c7UH_rxdZv4,4,V,-2.200000047683716,0.4513263702392578,0.5057662725448608
66,0.6,f9O3YtZ2VfI,5,V,-2.5999999046325684,0.2500806450843811,0.3066328763961792
66,0.6,wMbj6ajWbic,5,T,1.7999999523162842,0.6994903087615967,0.7390015721321106
66,0.6,vvZ4IcEtiZc,5,A,1.0,0.32127445936203003,0.36451876163482666
66,0.6,d3_k5Xpfmik,5,V,1.600000023841858,-0.1773519366979599,-0.14265653491020203
66,0.6,vyB00TXsimI,5,T,2.0,0.6969715356826782,0.7383425831794739
66,0.6,fvVhgmXxadc,5,T,-0.20000000298023224,-1.8402841091156006,-1.8439284563064575
66,0.6,ob23OKe5a9Q,5,T,0.0,-1.3825099468231201,-1.372855544090271
66,0.6,zhpQhgha_KU,5,V,1.0,0.484125018119812,0.5378106236457825
66,0.6,phBUpBr1hSo,5,T,1.600000023841858,1.3987257480621338,1.4351294040679932
66,0.6,yDtzw_Y-7RU,5,V,-1.2000000476837158,0.06729383021593094,0.10896101593971252
66,0.6,nzpVDcQ0ywM,5,T,-1.399999976158142,-1.734328031539917,-1.734024167060852
66,0.6,jUzDDGyPkXU,5,AT,-1.600000023841858,-1.477988600730896,-1.4688096046447754
66,0.6,rnaNMUZpvvg,5,V,-2.5999999046325684,-0.8525776863098145,-0.8363998532295227
66,0.6,yvsjCA6Y5Fc,5,A,0.0,-0.7725045084953308,-0.7484466433525085
66,0.6,pLTX3ipuDJI,5,A,-1.399999976158142,-0.31890028715133667,-0.284151554107666
66,0.6,cW1FSBF59ik,5,T,1.2000000476837158,1.4097964763641357,1.4431647062301636
66,0.6,tmZoasNr4rU,5,V,-1.7999999523162842,-1.1420942544937134,-1.133009433746338
66,0.6,d6hH302o4v8,5,V,-2.0,-1.0230737924575806,-1.0122714042663574
66,0.6,dq3Nf_lMPnE,5,AT,0.800000011920929,-1.3582956790924072,-1.3503445386886597
66,0.6,k5Y_838nuGo,5,V,2.0,-0.7532257437705994,-0.7335690259933472
66,0.6,iiK8YX8oH1E,5,V,0.20000000298023224,-0.08834747225046158,-0.054954253137111664
66,0.6,tStelxIAHjw,5,TV,1.600000023841858,1.1575281620025635,1.1891710758209229
66,0.6,nbWiPyCm4g0,5,T,0.0,-1.1340558528900146,-1.1208360195159912
66,0.6,etzxEpPuc6I,5,ATV,0.4000000059604645,1.0691585540771484,1.0858174562454224
66,0.6,v0zCBqDeKcE,5,AV,0.800000011920929,-0.523616373538971,-0.4921186864376068
66,0.6,f_pcplsH_V0,5,T,1.600000023841858,0.6469071507453918,0.6853756308555603
66,0.6,tIrG4oNLFzE,5,A,1.25,0.20441915094852448,0.2585562467575073
66,0.6,cM3Yna7AavY,5,A,2.799999952316284,-0.08087081462144852,-0.047042571008205414
66,0.6,lXPQBPVc5Cw,5,T,-1.399999976158142,-1.607605218887329,-1.604235291481018
66,0.6,cXypl4FnoZo,5,T,-0.6000000238418579,0.9052361249923706,0.9359074831008911
66,0.6,c7UH_rxdZv4,5,T,-2.5999999046325684,-0.7711095213890076,-0.7440026998519897
66,0.6,f9O3YtZ2VfI,6,TV,-1.2000000476837158,-1.3614318370819092,-1.3557705879211426
66,0.6,wMbj6ajWbic,6,V,-1.2000000476837158,-0.27455800771713257,-0.23851941525936127
66,0.6,vvZ4IcEtiZc,6,V,1.399999976158142,1.3699392080307007,1.425063133239746
66,0.6,d3_k5Xpfmik,6,V,0.4000000059604645,-0.13855040073394775,-0.10296651721000671
66,0.6,vyB00TXsimI,6,T,2.4000000953674316,1.5593194961547852,1.5944411754608154
66,0.6,fvVhgmXxadc,6,V,-1.0,-0.8682658672332764,-0.8576438426971436
66,0.6,ob23OKe5a9Q,6,T,0.6000000238418579,0.9287588596343994,0.9712083339691162
66,0.6,zhpQhgha_KU,6,A,1.0,0.04586546868085861,0.09501411020755768
66,0.6,phBUpBr1hSo,6,V,-1.0,0.9782687425613403,1.0269293785095215
66,0.6,yDtzw_Y-7RU,6,A,-0.20000000298023224,-0.20152324438095093,-0.163233682513237
66,0.6,nzpVDcQ0ywM,6,A,-1.0,9.814882650971413e-05,0.03193259611725807
66,0.6,jUzDDGyPkXU,6,A,-0.6000000238418579,-0.7491650581359863,-0.7252618074417114
66,0.6,rnaNMUZpvvg,6,A,-0.4000000059604645,-0.5452667474746704,-0.5206196308135986
66,0.6,yvsjCA6Y5Fc,6,A,-1.7999999523162842,-0.26772913336753845,-0.23268994688987732
66,0.6,pLTX3ipuDJI,6,ATV,0.800000011920929,0.37609055638313293,0.39497804641723633
66,0.6,cW1FSBF59ik,6,T,0.5,1.4057140350341797,1.4376033544540405
66,0.6,tmZoasNr4rU,6,TV,-1.0,-1.108824372291565,-1.1016106605529785
66,0.6,d6hH302o4v8,6,V,-2.799999952316284,-0.7387230396270752,-0.7215535044670105
66,0.6,dq3Nf_lMPnE,6,TV,-2.0,-1.7917125225067139,-1.7957830429077148
66,0.6,k5Y_838nuGo,6,AV,-2.4000000953674316,-0.3168218433856964,-0.28361329436302185
66,0.6,iiK8YX8oH1E,6,ATV,-1.600000023841858,-1.2414155006408691,-1.2342990636825562
66,0.6,tStelxIAHjw,6,A,1.399999976158142,0.04879350960254669,0.10256902128458023
66,0.6,nbWiPyCm4g0,6,AT,-1.2000000476837158,-1.8395328521728516,-1.8403712511062622
66,0.6,etzxEpPuc6I,6,V,-1.2000000476837158,0.7266422510147095,0.7825772762298584
66,0.6,v0zCBqDeKcE,6,A,1.399999976158142,-0.24015553295612335,-0.2052677422761917
66,0.6,f_pcplsH_V0,6,A,0.0,-0.3600408136844635,-0.31639793515205383
66,0.6,tIrG4oNLFzE,6,AV,-1.399999976158142,-0.26166725158691406,-0.21389426290988922
66,0.6,cM3Yna7AavY,6,V,3.0,0.6232188940048218,0.66977858543396
66,0.6,lXPQBPVc5Cw,6,TV,-2.799999952316284,-1.6246941089630127,-1.6260221004486084
66,0.6,cXypl4FnoZo,6,A,-1.0,0.14311343431472778,0.20059967041015625
66,0.6,c7UH_rxdZv4,6,A,-3.0,-0.5992724895477295,-0.5678015351295471
66,0.6,f9O3YtZ2VfI,7,T,-1.7999999523162842,-1.383061408996582,-1.3752069473266602
66,0.6,wMbj6ajWbic,7,V,-0.20000000298023224,-0.25171947479248047,-0.2152380645275116
66,0.6,vvZ4IcEtiZc,7,AT,-1.5,-0.9760825037956238,-0.9578797817230225
66,0.6,d3_k5Xpfmik,7,AV,2.200000047683716,-0.16597691178321838,-0.12570835649967194
66,0.6,vyB00TXsimI,7,AT,2.5999999046325684,1.304087519645691,1.3284281492233276
66,0.6,fvVhgmXxadc,7,V,-0.5,-0.5276168584823608,-0.5104970932006836
66,0.6,ob23OKe5a9Q,7,TV,0.6000000238418579,1.4773063659667969,1.506309151649475
66,0.6,zhpQhgha_KU,7,A,-1.0,-0.42775869369506836,-0.38744211196899414
66,0.6,phBUpBr1hSo,7,A,-2.200000047683716,0.3986971080303192,0.44590649008750916
66,0.6,yDtzw_Y-7RU,7,T,-1.5,-1.6273703575134277,-1.622681975364685
66,0.6,nzpVDcQ0ywM,7,V,2.0,-0.7844990491867065,-0.7690733671188354
66,0.6,jUzDDGyPkXU,7,A,1.7999999523162842,-0.7219711542129517,-0.697371244430542
66,0.6,rnaNMUZpvvg,7,V,-1.600000023841858,-0.5531823039054871,-0.530796229839325
66,0.6,yvsjCA6Y5Fc,7,TV,0.4000000059604645,-1.4884930849075317,-1.4867502450942993
66,0.6,pLTX3ipuDJI,7,TV,-2.0,-1.1806528568267822,-1.173398494720459
66,0.6,cW1FSBF59ik,7,V,1.7999999523162842,0.8163583278656006,0.8498010635375977
66,0.6,tmZoasNr4rU,7,TV,-2.0,-1.4477931261062622,-1.446061372756958
66,0.6,d6hH302o4v8,7,A,-2.200000047683716,-0.6339964270591736,-0.6133808493614197
66,0.6,dq3Nf_lMPnE,7,V,0.6000000238418579,-0.9358442425727844,-0.9249073266983032
66,0.6,k5Y_838nuGo,7,T,-1.399999976158142,-1.3699109554290771,-1.3603026866912842
66,0.6,iiK8YX8oH1E,7,TV,-1.0,0.7513636350631714,0.7819896936416626
66,0.6,tStelxIAHjw,7,AV,-2.0,0.12586472928524017,0.18018580973148346
66,0.6,nbWiPyCm4g0,7,T,-2.200000047683716,-0.936235249042511,-0.9232434034347534
66,0.6,etzxEpPuc6I,7,A,-1.0,0.13747639954090118,0.19335326552391052
66,0.6,v0zCBqDeKcE,7,AV,1.7999999523162842,-0.7553892135620117,-0.729485273361206
66,0.6,f_pcplsH_V0,7,T,0.800000011920929,1.394371509552002,1.4301365613937378
66,0.6,tIrG4oNLFzE,7,AT,-1.2000000476837158,-1.3859455585479736,-1.3754304647445679
66,0.6,cM3Yna7AavY,7,A,-0.6000000238418579,0.016147619113326073,0.05651268735527992
66,0.6,lXPQBPVc5Cw,7,ATV,2.5999999046325684,1.349428653717041,1.3696283102035522
66,0.6,cXypl4FnoZo,7,V,1.399999976158142,0.3326992690563202,0.3810602128505707
66,0.6,c7UH_rxdZv4,7,ATV,-2.799999952316284,-1.493306040763855,-1.4881415367126465
66,0.6,f9O3YtZ2VfI,8,V,-2.200000047683716,-0.024013208225369453,0.005800202023237944
66,0.6,wMbj6ajWbic,8,ATV,-2.0,-1.8683581352233887,-1.8673951625823975
66,0.6,vvZ4IcEtiZc,8,AT,2.200000047683716,1.3890680074691772,1.4148433208465576
66,0.6,d3_k5Xpfmik,8,AT,1.399999976158142,0.22740522027015686,0.2583744525909424
66,0.6,vyB00TXsimI,8,V,-0.25,0.13193804025650024,0.16300536692142487
66,0.6,fvVhgmXxadc,8,T,-0.4000000059604645,-0.6281639933586121,-0.6102774143218994
66,0.6,ob23OKe5a9Q,8,V,-1.399999976158142,0.7115368843078613,0.7491284608840942
66,0.6,zhpQhgha_KU,8,T,-1.0,-1.2745184898376465,-1.2613579034805298
66,0.6,phBUpBr1hSo,8,TV,-2.0,0.06605055928230286,0.09218893200159073
66,0.6,yDtzw_Y-7RU,8,ATV,-1.0,-1.6603182554244995,-1.6584933996200562
66,0.6,nzpVDcQ0ywM,8,T,-2.200000047683716,-1.3922837972640991,-1.3854091167449951
66,0.6,jUzDDGyPkXU,8,T,2.799999952316284,1.437764286994934,1.4791254997253418
66,0.6,rnaNMUZpvvg,8,A,-1.399999976158142,-0.5096232891082764,-0.4834093749523163
66,0.6,yvsjCA6Y5Fc,8,AV,-1.399999976158142,-0.8537324070930481,-0.8372142314910889
66,0.6,pLTX3ipuDJI,8,T,0.0,-0.7104816436767578,-0.6886764764785767
66,0.6,cW1FSBF59ik,8,AT,-2.4000000953674316,-1.307905912399292,-1.294931411743164
66,0.6,tmZoasNr4rU,8,A,-0.6000000238418579,-1.1201342344284058,-1.1115665435791016
66,0.6,d6hH302o4v8,8,TV,-2.4000000953674316,-1.2401108741760254,-1.2350822687149048
66,0.6,dq3Nf_lMPnE,8,T,-0.800000011920929,-0.35187894105911255,-0.33021023869514465
66,0.6,k5Y_838nuGo,8,V,1.7999999523162842,0.012115353718400002,0.04267321899533272
66,0.6,iiK8YX8oH1E,8,AT,0.4000000059604645,-0.1221156194806099,-0.09353727102279663
66,0.6,tStelxIAHjw,8,T,-1.399999976158142,-1.3605165481567383,-1.3488906621932983
66,0.6,nbWiPyCm4g0,8,AT,-1.399999976158142,-1.613407850265503,-1.610332727432251
66,0.6,etzxEpPuc6I,8,V,-2.799999952316284,0.5087838172912598,0.5613003373146057
66,0.6,v0zCBqDeKcE,8,TV,1.7999999523162842,1.2845147848129272,1.3145676851272583
66,0.6,f_pcplsH_V0,8,T,-2.4000000953674316,-1.060877799987793,-1.0418208837509155
66,0.6,tIrG4oNLFzE,8,ATV,-1.0,-1.4901201725006104,-1.4860426187515259
66,0.6,cM3Yna7AavY,8,V,-0.20000000298023224,-0.6918171048164368,-0.6598817706108093
66,0.6,lXPQBPVc5Cw,8,T,-2.5999999046325684,-1.0815320014953613,-1.0632275342941284
66,0.6,cXypl4FnoZo,8,V,1.2000000476837158,0.4006328284740448,0.4497978985309601
66,0.6,c7UH_rxdZv4,8,V,-0.4000000059604645,0.024013040587306023,0.05572407692670822
66,0.6,f9O3YtZ2VfI,9,A,-2.0,-0.07317515462636948,-0.04037861526012421
66,0.6,wMbj6ajWbic,9,A,-1.7999999523162842,0.07608971744775772,0.11013033241033554
66,0.6,vvZ4IcEtiZc,9,TV,-2.0,-0.30390310287475586,-0.2809320390224457
66,0.6,d3_k5Xpfmik,9,T,0.4000000059604645,0.7636656761169434,0.8012834787368774
66,0.6,vyB00TXsimI,9,V,1.3333333730697632,0.439681738615036,0.47385627031326294
66,0.6,fvVhgmXxadc,9,V,0.0,-0.6888325214385986,-0.6715028285980225
66,0.6,ob23OKe5a9Q,9,V,1.25,1.123335361480713,1.1626328229904175
66,0.6,zhpQhgha_KU,9,TV,0.6000000238418579,0.25784844160079956,0.28315144777297974
66,0.6,phBUpBr1hSo,9,V,-1.399999976158142,0.5709220170974731,0.6184238195419312
66,0.6,yDtzw_Y-7RU,9,AV,-0.6000000238418579,-0.6333096027374268,-0.6125167608261108
66,0.6,nzpVDcQ0ywM,9,ATV,-1.0,-1.98408842086792,-1.9855784177780151
66,0.6,jUzDDGyPkXU,9,AV,2.4000000953674316,0.25929227471351624,0.29809466004371643
66,0.6,rnaNMUZpvvg,9,A,-2.5999999046325684,-0.39020511507987976,-0.3613343834877014
66,0.6,yvsjCA6Y5Fc,9,V,-2.0,-0.7224787473678589,-0.7077054977416992
66,0.6,pLTX3ipuDJI,9,T,-1.600000023841858,-1.2000895738601685,-1.1870945692062378
66,0.6,cW1FSBF59ik,9,T,-1.0,1.3963490724563599,1.4349265098571777
66,0.6,tmZoasNr4rU,9,A,-1.7999999523162842,-1.0693796873092651,-1.0595905780792236
66,0.6,d6hH302o4v8,9,ATV,-1.2000000476837158,-2.0326290130615234,-2.0345325469970703
66,0.6,dq3Nf_lMPnE,9,A,1.0,-0.5502175688743591,-0.5255168676376343
66,0.6,k5Y_838nuGo,9,AV,2.0,-0.4739183783531189,-0.4476243257522583
66,0.6,iiK8YX8oH1E,9,TV,0.0,-1.463857650756836,-1.4613745212554932
66,0.6,tStelxIAHjw,9,A,-0.4000000059604645,-0.788856029510498,-0.7663973569869995
66,0.6,nbWiPyCm4g0,9,V,1.2000000476837158,-0.8654249310493469,-0.85399329662323
66,0.6,etzxEpPuc6I,9,AV,-1.399999976158142,0.2051486372947693,0.25863733887672424
66,0.6,v0zCBqDeKcE,9,TV,2.200000047683716,1.5275392532348633,1.5512332916259766
66,0.6,f_pcplsH_V0,9,AV,1.2000000476837158,-0.7111693620681763,-0.6809293627738953
66,0.6,tIrG4oNLFzE,9,V,-1.7999999523162842,-0.3453349471092224,-0.3227137625217438
66,0.6,cM3Yna7AavY,9,V,1.600000023841858,0.5164430141448975,0.5656483173370361
66,0.6,lXPQBPVc5Cw,9,T,-2.200000047683716,-1.5484380722045898,-1.5423206090927124
66,0.6,cXypl4FnoZo,9,TV,2.0,1.4648984670639038,1.4915540218353271
66,0.6,c7UH_rxdZv4,9,ATV,0.800000011920929,-0.930241584777832,-0.9204131364822388
66,0.6,f9O3YtZ2VfI,10,V,-0.800000011920929,0.1448904275894165,0.17978225648403168
66,0.6,wMbj6ajWbic,10,T,0.4000000059604645,-1.6807361841201782,-1.6790838241577148
66,0.6,vvZ4IcEtiZc,10,T,1.600000023841858,0.5132305026054382,0.5485841035842896
66,0.6,d3_k5Xpfmik,10,ATV,2.4000000953674316,1.136319637298584,1.1513704061508179
66,0.6,vyB00TXsimI,10,AV,-0.20000000298023224,0.4557643532752991,0.48948410153388977
66,0.6,fvVhgmXxadc,10,A,-0.20000000298023224,-0.6492360234260559,-0.6290550827980042
66,0.6,ob23OKe5a9Q,10,TV,0.800000011920929,1.629915475845337,1.6527923345565796
66,0.6,zhpQhgha_KU,10,AT,-2.4000000953674316,-1.8982093334197998,-1.8999580144882202
66,0.6,phBUpBr1hSo,10,AT,2.0,1.246679663658142,1.2755000591278076
66,0.6,yDtzw_Y-7RU,10,AT,-1.399999976158142,-1.7447601556777954,-1.7438112497329712
66,0.6,nzpVDcQ0ywM,10,TV,0.0,-0.5572125911712646,-0.5430310368537903
66,0.6,jUzDDGyPkXU,10,AV,2.4000000953674316,0.06403055042028427,0.1038099080324173
66,0.6,rnaNMUZpvvg,10,TV,-2.5999999046325684,-1.7696717977523804,-1.7730064392089844
66,0.6,yvsjCA6Y5Fc,10,T,2.0,-0.018956104293465614,0.006607542280107737
66,0.6,pLTX3ipuDJI,10,A,0.6000000238418579,-0.5247595906257629,-0.49875348806381226
66,0.6,cW1FSBF59ik,10,A,-1.0,-0.22293400764465332,-0.17008061707019806
66,0.6,tmZoasNr4rU,10,AT,-0.6000000238418579,0.37123262882232666,0.3985874652862549
66,0.6,d6hH302o4v8,10,T,-1.0,-1.7647747993469238,-1.7663967609405518
66,0.6,dq3Nf_lMPnE,10,AT,-0.6000000238418579,-0.2758239507675171,-0.2527112066745758
66,0.6,k5Y_838nuGo,10,TV,0.5,1.1534888744354248,1.1841994524002075
66,0.6,iiK8YX8oH1E,10,A,1.0,-0.14227494597434998,-0.11054302752017975
66,0.6,tStelxIAHjw,10,TV,-2.799999952316284,-1.3572368621826172,-1.3536323308944702
66,0.6,etzxEpPuc6I,10,A,-1.600000023841858,0.06623249500989914,0.12067695707082748
66,0.6,v0zCBqDeKcE,10,ATV,1.600000023841858,0.6502712368965149,0.6626693606376648
66,0.6,f_pcplsH_V0,10,V,-0.4000000059604645,-0.5468505620956421,-0.5222982168197632
66,0.6,tIrG4oNLFzE,10,TV,-1.600000023841858,-0.36896347999572754,-0.35186243057250977
66,0.6,cM3Yna7AavY,10,V,2.0,0.5869603157043457,0.6371851563453674
66,0.6,lXPQBPVc5Cw,10,V,-1.7999999523162842,-1.4196451902389526,-1.4186900854110718
66,0.6,cXypl4FnoZo,10,AT,1.399999976158142,0.9745080471038818,0.9978346824645996
66,0.6,c7UH_rxdZv4,10,T,1.0,0.9263715744018555,0.9644312262535095
66,0.6,f9O3YtZ2VfI,11,A,-1.7999999523162842,0.06090176850557327,0.09815973788499832
66,0.6,wMbj6ajWbic,11,AT,1.600000023841858,0.5217797756195068,0.5516514778137207
66,0.6,vvZ4IcEtiZc,11,T,0.20000000298023224,0.14461074769496918,0.1781366467475891
66,0.6,d3_k5Xpfmik,11,A,2.0,0.515242338180542,0.5707785487174988
66,0.6,vyB00TXsimI,11,ATV,0.20000000298023224,1.0314056873321533,1.0452799797058105
66,0.6,fvVhgmXxadc,11,V,0.0,-0.5809146165847778,-0.5621483325958252
66,0.6,ob23OKe5a9Q,11,AV,2.799999952316284,0.49162787199020386,0.5175744295120239
66,0.6,zhpQhgha_KU,11,T,-1.399999976158142,-1.4567646980285645,-1.450153112411499
66,0.6,phBUpBr1hSo,11,A,1.7999999523162842,0.2919161319732666,0.3356683552265167
66,0.6,yDtzw_Y-7RU,11,AV,-0.6666666865348816,-0.41271722316741943,-0.3890407085418701
66,0.6,nzpVDcQ0ywM,11,AV,-1.399999976158142,-0.4791842997074127,-0.4524436593055725
66,0.6,jUzDDGyPkXU,11,T,0.5,1.324393391609192,1.356468915939331
66,0.6,rnaNMUZpvvg,11,TV,-1.0,-1.6836004257202148,-1.6859413385391235
66,0.6,yvsjCA6Y5Fc,11,TV,-0.6000000238418579,-0.9564045071601868,-0.9469690322875977
66,0.6,pLTX3ipuDJI,11,A,-2.0,-0.4782431423664093,-0.4509032666683197
66,0.6,cW1FSBF59ik,11,TV,2.200000047683716,0.12415315955877304,0.15002548694610596
66,0.6,tmZoasNr4rU,11,V,-2.200000047683716,0.014729974791407585,0.05101652443408966
66,0.6,d6hH302o4v8,11,V,1.399999976158142,-0.2721591889858246,-0.25069764256477356
66,0.6,dq3Nf_lMPnE,11,AT,-1.600000023841858,-1.8870627880096436,-1.888447880744934
66,0.6,k5Y_838nuGo,11,A,0.20000000298023224,-0.038259390741586685,0.014641029760241508
66,0.6,iiK8YX8oH1E,11,A,1.7999999523162842,-0.3919130265712738,-0.36439889669418335
66,0.6,tStelxIAHjw,11,AT,-1.0,-1.6113756895065308,-1.607467770576477
66,0.6,etzxEpPuc6I,11,AV,0.6666666865348816,-0.35208284854888916,-0.30728378891944885
66,0.6,v0zCBqDeKcE,11,T,-0.4000000059604645,-1.25161612033844,-1.2377482652664185
66,0.6,f_pcplsH_V0,11,V,-0.800000011920929,-0.5448846817016602,-0.5203307867050171
66,0.6,tIrG4oNLFzE,11,V,-2.5999999046325684,-0.6518431901931763,-0.6346049904823303
66,0.6,cM3Yna7AavY,11,A,-1.0,-0.18398164212703705,-0.1350763589143753
66,0.6,lXPQBPVc5Cw,11,T,-2.0,-1.8270504474639893,-1.8295388221740723
66,0.6,cXypl4FnoZo,11,V,2.0,0.31744149327278137,0.3624548017978668
66,0.6,c7UH_rxdZv4,11,V,-2.799999952316284,0.02818983606994152,0.06852247565984726
66,0.6,f9O3YtZ2VfI,12,V,-1.600000023841858,-0.140112966299057,-0.10996530205011368
66,0.6,wMbj6ajWbic,12,A,2.0,0.23945076763629913,0.2844803035259247
66,0.6,d3_k5Xpfmik,12,T,2.200000047683716,1.2399094104766846,1.2729554176330566
66,0.6,vyB00TXsimI,12,AV,2.4000000953674316,-0.2246493697166443,-0.1954345852136612
66,0.6,fvVhgmXxadc,12,T,0.20000000298023224,-1.2054212093353271,-1.195688247680664
66,0.6,ob23OKe5a9Q,12,AV,1.25,0.003973538521677256,0.030131058767437935
66,0.6,zhpQhgha_KU,12,AT,-1.0,-1.8231011629104614,-1.8238893747329712
66,0.6,phBUpBr1hSo,12,AV,0.800000011920929,0.6245533227920532,0.6650195717811584
66,0.6,yDtzw_Y-7RU,12,AT,-1.7999999523162842,-1.606866478919983,-1.603549599647522
66,0.6,nzpVDcQ0ywM,12,AV,-1.0,-0.667834997177124,-0.6448927521705627
66,0.6,jUzDDGyPkXU,12,AT,-0.6000000238418579,-1.0327186584472656,-1.013775110244751
66,0.6,rnaNMUZpvvg,12,T,-2.0,-1.6757643222808838,-1.6757173538208008
66,0.6,yvsjCA6Y5Fc,12,TV,-2.0,-1.7373347282409668,-1.740354061126709
66,0.6,pLTX3ipuDJI,12,AV,-1.399999976158142,-0.2628316879272461,-0.2328624725341797
66,0.6,cW1FSBF59ik,12,ATV,2.0,0.5967229604721069,0.6138811111450195
66,0.6,tmZoasNr4rU,12,T,-0.800000011920929,-0.00012902310118079185,0.030150281265378
66,0.6,d6hH302o4v8,12,V,-2.0,-0.37893107533454895,-0.3585180938243866
66,0.6,dq3Nf_lMPnE,12,A,-1.2000000476837158,-0.7652020454406738,-0.7471892237663269
66,0.6,k5Y_838nuGo,12,A,0.6000000238418579,0.04618716239929199,0.10005789250135422
66,0.6,iiK8YX8oH1E,12,TV,-2.0,-1.4431962966918945,-1.4411982297897339
66,0.6,tStelxIAHjw,12,TV,-1.600000023841858,-1.6635082960128784,-1.6654400825500488
66,0.6,etzxEpPuc6I,12,AT,-2.200000047683716,-1.0216819047927856,-1.0047924518585205
66,0.6,v0zCBqDeKcE,12,T,1.7999999523162842,1.081233024597168,1.1189320087432861
66,0.6,f_pcplsH_V0,12,AV,1.600000023841858,-0.5739474296569824,-0.5418745279312134
66,0.6,tIrG4oNLFzE,12,T,-2.0,-1.5490413904190063,-1.5442694425582886
66,0.6,cM3Yna7AavY,12,A,-1.600000023841858,0.058379143476486206,0.1084137037396431
66,0.6,lXPQBPVc5Cw,12,T,2.799999952316284,1.1297990083694458,1.1688320636749268
66,0.6,cXypl4FnoZo,12,TV,-1.0,-1.0008517503738403,-0.9882225394248962
66,0.6,c7UH_rxdZv4,12,A,-2.5999999046325684,-0.5211765170097351,-0.4844836890697479
66,0.6,f9O3YtZ2VfI,13,V,1.2000000476837158,-0.10951794683933258,-0.07857315987348557
66,0.6,wMbj6ajWbic,13,AT,-0.800000011920929,-1.1857306957244873,-1.1727449893951416
66,0.6,d3_k5Xpfmik,13,TV,2.0,0.22874991595745087,0.2546152174472809
66,0.6,vyB00TXsimI,13,AT,2.0,1.4429200887680054,1.4702563285827637
66,0.6,fvVhgmXxadc,13,A,0.0,-0.6753608584403992,-0.6575611233711243
66,0.6,ob23OKe5a9Q,13,V,0.800000011920929,0.4535955488681793,0.48970767855644226
66,0.6,zhpQhgha_KU,13,V,-1.5,-0.14902055263519287,-0.12495272606611252
66,0.6,phBUpBr1hSo,13,V,-1.2000000476837158,0.7978941798210144,0.8476496338844299
66,0.6,yDtzw_Y-7RU,13,AT,2.200000047683716,0.8531248569488525,0.8857024908065796
66,0.6,nzpVDcQ0ywM,13,V,0.20000000298023224,-0.19502520561218262,-0.16808396577835083
66,0.6,jUzDDGyPkXU,13,V,0.800000011920929,-0.17135347425937653,-0.1388072967529297
66,0.6,rnaNMUZpvvg,13,AV,-2.5999999046325684,-0.7727228403091431,-0.756435751914978
66,0.6,yvsjCA6Y5Fc,13,V,-1.0,-0.9651567935943604,-0.9549978375434875
66,0.6,pLTX3ipuDJI,13,V,-2.0,0.2983291447162628,0.3337298631668091
66,0.6,cW1FSBF59ik,13,V,-1.2000000476837158,0.49688655138015747,0.5449257493019104
66,0.6,tmZoasNr4rU,13,TV,-2.0,-1.4329397678375244,-1.4300580024719238
66,0.6,d6hH302o4v8,13,TV,-1.7999999523162842,-1.6662702560424805,-1.6685271263122559
66,0.6,dq3Nf_lMPnE,13,AT,-1.7999999523162842,-0.969282329082489,-0.9558180570602417
66,0.6,k5Y_838nuGo,13,T,-1.7999999523162842,-0.6271148920059204,-0.6015845537185669
66,0.6,iiK8YX8oH1E,13,V,-1.2000000476837158,-0.12779700756072998,-0.10214165598154068
66,0.6,tStelxIAHjw,13,T,-1.7999999523162842,-1.5629148483276367,-1.559592843055725
66,0.6,etzxEpPuc6I,13,A,-1.2000000476837158,-0.5339336395263672,-0.5067424774169922
66,0.6,v0zCBqDeKcE,13,TV,1.5,0.8236340284347534,0.8518471121788025
66,0.6,f_pcplsH_V0,13,A,-1.0,-0.49624085426330566,-0.4658712148666382
66,0.6,tIrG4oNLFzE,13,A,-2.4000000953674316,-0.40123704075813293,-0.3781246840953827
66,0.6,cM3Yna7AavY,13,T,-2.5999999046325684,-0.6011235117912292,-0.5740631222724915
66,0.6,lXPQBPVc5Cw,13,ATV,-2.200000047683716,-2.5596184730529785,-2.5750560760498047
66,0.6,cXypl4FnoZo,13,AV,-0.6000000238418579,-0.651199221611023,-0.6251870393753052
66,0.6,c7UH_rxdZv4,13,V,1.2000000476837158,0.5080452561378479,0.5568704009056091
66,0.6,f9O3YtZ2VfI,14,V,-1.2000000476837158,-0.3227821886539459,-0.2959733307361603
66,0.6,wMbj6ajWbic,14,A,2.0,-0.6987870335578918,-0.677931547164917
66,0.6,d3_k5Xpfmik,14,V,2.5999999046325684,0.07894826680421829,0.12084593623876572
66,0.6,vyB00TXsimI,14,A,2.5999999046325684,0.5425704717636108,0.5739635825157166
66,0.6,zhpQhgha_KU,14,V,-2.0,-0.2739569842815399,-0.2518986165523529
66,0.6,phBUpBr1hSo,14,ATV,-2.200000047683716,-0.7970560789108276,-0.7844889163970947
66,0.6,yDtzw_Y-7RU,14,T,0.6000000238418579,1.1764605045318604,1.2120635509490967
66,0.6,nzpVDcQ0ywM,14,AT,-0.6000000238418579,0.7364878058433533,0.7695691585540771
66,0.6,jUzDDGyPkXU,14,AT,1.3333333730697632,-0.5894222259521484,-0.5673846006393433
66,0.6,rnaNMUZpvvg,14,A,-1.600000023841858,-0.5547460317611694,-0.5352105498313904
66,0.6,yvsjCA6Y5Fc,14,T,-2.0,-1.2764554023742676,-1.2687793970108032
66,0.6,pLTX3ipuDJI,14,TV,-1.399999976158142,-0.9928772449493408,-0.9839062094688416
66,0.6,cW1FSBF59ik,14,AV,-2.5999999046325684,-0.013254718855023384,0.03399050980806351
66,0.6,tmZoasNr4rU,14,TV,0.25,-1.3600478172302246,-1.3572018146514893
66,0.6,d6hH302o4v8,14,AT,-1.75,-1.7524940967559814,-1.752286672592163
66,0.6,dq3Nf_lMPnE,14,T,1.0,0.26861077547073364,0.30009207129478455
66,0.6,k5Y_838nuGo,14,V,-0.800000011920929,0.21004164218902588,0.24860769510269165
66,0.6,iiK8YX8oH1E,14,T,0.6000000238418579,-0.4987539052963257,-0.4744269549846649
66,0.6,tStelxIAHjw,14,A,0.4000000059604645,-0.9195709228515625,-0.9057705998420715
66,0.6,etzxEpPuc6I,14,A,0.20000000298023224,0.20276179909706116,0.2439902424812317
66,0.6,v0zCBqDeKcE,14,V,2.4000000953674316,-0.1497580111026764,-0.10852305591106415
66,0.6,f_pcplsH_V0,14,A,-1.0,-0.8611074090003967,-0.8371112942695618
66,0.6,tIrG4oNLFzE,14,V,-2.0,0.04022790491580963,0.06846827268600464
66,0.6,cM3Yna7AavY,14,A,-2.4000000953674316,-0.5112457871437073,-0.4742240607738495
66,0.6,lXPQBPVc5Cw,14,TV,-2.799999952316284,-1.8694515228271484,-1.8751493692398071
66,0.6,cXypl4FnoZo,14,A,0.0,-0.4827556610107422,-0.45447659492492676
66,0.6,c7UH_rxdZv4,14,V,-2.4000000953674316,-0.7963657379150391,-0.7738736271858215
66,0.6,f9O3YtZ2VfI,15,AV,-1.0,-0.7255440950393677,-0.7029126286506653
66,0.6,wMbj6ajWbic,15,ATV,-0.4000000059604645,-1.1269235610961914,-1.1194292306900024
66,0.6,d3_k5Xpfmik,15,ATV,2.0,1.748504400253296,1.7629053592681885
66,0.6,vyB00TXsimI,15,TV,0.4000000059604645,0.6793228387832642,0.7025740146636963
66,0.6,zhpQhgha_KU,15,A,1.7999999523162842,-0.48606523871421814,-0.4632115364074707
66,0.6,phBUpBr1hSo,15,A,-1.600000023841858,-0.14306578040122986,-0.10383263975381851
66,0.6,yDtzw_Y-7RU,15,AV,0.6000000238418579,0.2834966778755188,0.3260935842990875
66,0.6,nzpVDcQ0ywM,15,T,1.399999976158142,-1.0815777778625488,-1.0641032457351685
66,0.6,jUzDDGyPkXU,15,A,1.2000000476837158,-0.7030125856399536,-0.6769216656684875
66,0.6,rnaNMUZpvvg,15,AT,-1.7999999523162842,-1.7908551692962646,-1.7910174131393433
66,0.6,yvsjCA6Y5Fc,15,TV,-1.7999999523162842,-1.4448416233062744,-1.44284188747406
66,0.6,pLTX3ipuDJI,15,V,-1.600000023841858,0.12978051602840424,0.16006457805633545
66,0.6,cW1FSBF59ik,15,T,3.0,1.1452953815460205,1.1770168542861938
66,0.6,tmZoasNr4rU,15,V,-1.399999976158142,-1.027836799621582,-1.0190943479537964
66,0.6,d6hH302o4v8,15,V,-2.0,-1.3319473266601562,-1.3294202089309692
66,0.6,k5Y_838nuGo,15,T,0.25,-1.342857837677002,-1.3322378396987915
66,0.6,iiK8YX8oH1E,15,V,0.0,0.42650938034057617,0.46748167276382446
66,0.6,tStelxIAHjw,15,AV,0.800000011920929,-0.48960599303245544,-0.46678513288497925
66,0.6,etzxEpPuc6I,15,AV,-2.4000000953674316,-0.4943143129348755,-0.46514075994491577
66,0.6,v0zCBqDeKcE,15,T,0.0,-0.26011571288108826,-0.23042035102844238
66,0.6,tIrG4oNLFzE,15,AT,-1.600000023841858,-1.4512087106704712,-1.4447115659713745
66,0.6,cM3Yna7AavY,15,AV,-2.799999952316284,-0.6253322958946228,-0.5911884307861328
66,0.6,lXPQBPVc5Cw,15,T,0.20000000298023224,-1.120816707611084,-1.1103471517562866
66,0.6,cXypl4FnoZo,15,T,-0.6000000238418579,-1.4866089820861816,-1.479651689529419
66,0.6,c7UH_rxdZv4,15,AV,-2.0,-0.6231181621551514,-0.5871623754501343
66,0.6,f9O3YtZ2VfI,16,AV,-2.0,-0.7535109519958496,-0.7318732738494873
66,0.6,wMbj6ajWbic,16,V,2.0,-0.5775163173675537,-0.5589467883110046
66,0.6,d3_k5Xpfmik,16,V,1.600000023841858,0.5737595558166504,0.6077426671981812
66,0.6,vyB00TXsimI,16,AT,1.399999976158142,1.0471687316894531,1.0780071020126343
66,0.6,zhpQhgha_KU,16,A,1.75,-0.4365837574005127,-0.41230452060699463
66,0.6,phBUpBr1hSo,16,TV,2.0,0.9387960433959961,0.969068169593811
66,0.6,yDtzw_Y-7RU,16,A,0.20000000298023224,0.624553918838501,0.678994357585907
66,0.6,nzpVDcQ0ywM,16,AT,1.600000023841858,1.2376199960708618,1.2719802856445312
66,0.6,jUzDDGyPkXU,16,V,-2.799999952316284,-0.38100266456604004,-0.35524946451187134
66,0.6,rnaNMUZpvvg,16,T,-1.600000023841858,-0.978110671043396,-0.9651529788970947
66,0.6,yvsjCA6Y5Fc,16,TV,-0.6000000238418579,-0.38682568073272705,-0.3711220920085907
66,0.6,cW1FSBF59ik,16,V,2.4000000953674316,0.5982948541641235,0.644047200679779
66,0.6,tmZoasNr4rU,16,ATV,-1.399999976158142,-2.0347907543182373,-2.036682605743408
66,0.6,d6hH302o4v8,16,A,-2.0,0.05845968425273895,0.08674629777669907
66,0.6,k5Y_838nuGo,16,AV,0.800000011920929,-0.2297709733247757,-0.19776757061481476
66,0.6,iiK8YX8oH1E,16,V,1.600000023841858,0.1989317536354065,0.23655633628368378
66,0.6,etzxEpPuc6I,16,AV,-0.4000000059604645,-0.3930414319038391,-0.3619270324707031
66,0.6,tIrG4oNLFzE,16,TV,-0.4000000059604645,-0.694461464881897,-0.6821429133415222
66,0.6,lXPQBPVc5Cw,16,T,-1.7999999523162842,0.5187562704086304,0.5506035685539246
66,0.6,cXypl4FnoZo,16,V,-0.6000000238418579,-0.2661150395870209,-0.24336934089660645
66,0.6,c7UH_rxdZv4,16,V,-1.399999976158142,-0.46769988536834717,-0.4393225312232971
66,0.6,f9O3YtZ2VfI,17,T,-1.0,-1.3258590698242188,-1.3172552585601807
66,0.6,wMbj6ajWbic,17,T,-1.0,0.308113157749176,0.3392923176288605
66,0.6,d3_k5Xpfmik,17,A,0.800000011920929,0.9192960262298584,0.9524281024932861
66,0.6,vyB00TXsimI,17,ATV,2.4000000953674316,1.8125299215316772,1.8248329162597656
66,0.6,zhpQhgha_KU,17,A,0.6000000238418579,-0.5311281681060791,-0.5080416202545166
66,0.6,phBUpBr1hSo,17,T,0.800000011920929,1.2373039722442627,1.2688418626785278
66,0.6,yDtzw_Y-7RU,17,A,-2.0,0.5567229986190796,0.6120225191116333
66,0.6,nzpVDcQ0ywM,17,AT,1.2000000476837158,0.9709174633026123,0.9988401532173157
66,0.6,jUzDDGyPkXU,17,ATV,-2.4000000953674316,-2.061410903930664,-2.063401460647583
66,0.6,rnaNMUZpvvg,17,T,-2.200000047683716,-1.1340482234954834,-1.1224313974380493
66,0.6,yvsjCA6Y5Fc,17,V,-2.200000047683716,-0.7855645418167114,-0.7699800133705139
66,0.6,cW1FSBF59ik,17,A,2.5999999046325684,0.5439892411231995,0.5888492465019226
66,0.6,tmZoasNr4rU,17,AT,0.0,-1.886389136314392,-1.8883000612258911
66,0.6,d6hH302o4v8,17,V,-2.0,-0.429049551486969,-0.4077761769294739
66,0.6,k5Y_838nuGo,17,T,0.4000000059604645,1.0745818614959717,1.1136924028396606
66,0.6,iiK8YX8oH1E,17,T,-1.0,0.12625886499881744,0.16556164622306824
66,0.6,etzxEpPuc6I,17,A,1.399999976158142,-0.3531775176525116,-0.3205544054508209
66,0.6,tIrG4oNLFzE,17,V,-2.200000047683716,0.23727548122406006,0.2705044150352478
66,0.6,lXPQBPVc5Cw,17,T,-1.399999976158142,-1.6035736799240112,-1.5987452268600464
66,0.6,cXypl4FnoZo,17,V,-0.25,-0.31171849370002747,-0.2892897427082062
66,0.6,c7UH_rxdZv4,17,A,-2.25,-0.6517785787582397,-0.6205422878265381
66,0.6,f9O3YtZ2VfI,18,AV,-0.6000000238418579,-1.1355676651000977,-1.1245052814483643
66,0.6,wMbj6ajWbic,18,V,-0.6000000238418579,-0.47362062335014343,-0.4483323097229004
66,0.6,d3_k5Xpfmik,18,A,0.20000000298023224,0.6064112782478333,0.6384978294372559
66,0.6,vyB00TXsimI,18,A,1.2000000476837158,0.5616552233695984,0.5908949971199036
66,0.6,zhpQhgha_KU,18,T,-0.800000011920929,-0.026489226147532463,0.003319323528558016
66,0.6,phBUpBr1hSo,18,AT,2.0,1.4897308349609375,1.5123580694198608
66,0.6,yDtzw_Y-7RU,18,AV,-1.600000023841858,-0.038075704127550125,0.00993698462843895
66,0.6,nzpVDcQ0ywM,18,V,-2.0,0.24249665439128876,0.28567826747894287
66,0.6,jUzDDGyPkXU,18,A,2.200000047683716,-0.6008889079093933,-0.5781251192092896
66,0.6,rnaNMUZpvvg,18,AT,-1.399999976158142,-1.5734281539916992,-1.5694599151611328
66,0.6,yvsjCA6Y5Fc,18,A,-1.600000023841858,-0.6675207614898682,-0.6470638513565063
66,0.6,cW1FSBF59ik,18,V,0.20000000298023224,0.696194052696228,0.7433271408081055
66,0.6,tmZoasNr4rU,18,V,0.20000000298023224,-1.360060214996338,-1.3587092161178589
66,0.6,d6hH302o4v8,18,TV,-2.799999952316284,-1.656644344329834,-1.6583868265151978
66,0.6,k5Y_838nuGo,18,AV,-0.6000000238418579,0.29492121934890747,0.3482232987880707
66,0.6,etzxEpPuc6I,18,T,-0.5,-0.7114902138710022,-0.6901528835296631
66,0.6,lXPQBPVc5Cw,18,AT,-1.7999999523162842,-1.9195494651794434,-1.9229127168655396
66,0.6,cXypl4FnoZo,18,ATV,0.800000011920929,0.407056599855423,0.42449212074279785
66,0.6,c7UH_rxdZv4,18,AT,-1.7999999523162842,-1.7581942081451416,-1.755793571472168
66,0.6,f9O3YtZ2VfI,19,T,-0.4000000059604645,-1.586780309677124,-1.583914875984192
66,0.6,wMbj6ajWbic,19,V,-0.4000000059604645,-0.1439145803451538,-0.11145161092281342
66,0.6,vyB00TXsimI,19,TV,2.200000047683716,1.545349359512329,1.5671108961105347
66,0.6,zhpQhgha_KU,19,A,-1.399999976158142,-0.27090132236480713,-0.2386334091424942
66,0.6,phBUpBr1hSo,19,A,-1.25,0.6120430827140808,0.6400448083877563
66,0.6,yDtzw_Y-7RU,19,T,-0.6000000238418579,-0.031094642356038094,0.0008466565050184727
66,0.6,nzpVDcQ0ywM,19,TV,0.20000000298023224,0.316335529088974,0.3430192172527313
66,0.6,jUzDDGyPkXU,19,V,-2.200000047683716,-0.3414226174354553,-0.31834182143211365
66,0.6,rnaNMUZpvvg,19,ATV,0.800000011920929,0.98115074634552,1.000351071357727
66,0.6,yvsjCA6Y5Fc,19,T,0.800000011920929,1.0319736003875732,1.0696367025375366
66,0.6,cW1FSBF59ik,19,T,2.5,1.3486911058425903,1.378300428390503
66,0.6,tmZoasNr4rU,19,AV,-1.0,-1.24177086353302,-1.2351617813110352
66,0.6,d6hH302o4v8,19,T,1.0,0.9385009407997131,0.9776141047477722
66,0.6,k5Y_838nuGo,19,V,0.4000000059604645,-0.06917738169431686,-0.02626253478229046
66,0.6,lXPQBPVc5Cw,19,V,-1.7999999523162842,-0.9792590141296387,-0.9691588878631592
66,0.6,cXypl4FnoZo,19,A,-1.0,-0.45517611503601074,-0.42512381076812744
66,0.6,c7UH_rxdZv4,19,AV,-1.7999999523162842,-0.6008590459823608,-0.5767424702644348
66,0.6,f9O3YtZ2VfI,20,T,2.0,1.0288136005401611,1.065055251121521
66,0.6,wMbj6ajWbic,20,A,1.600000023841858,-0.09407076984643936,-0.057093799114227295
66,0.6,vyB00TXsimI,20,TV,1.2000000476837158,1.4317922592163086,1.4524767398834229
66,0.6,zhpQhgha_KU,20,ATV,0.6000000238418579,-0.7593702673912048,-0.7483007907867432
66,0.6,phBUpBr1hSo,20,T,0.800000011920929,0.07159633934497833,0.09747648239135742
66,0.6,yDtzw_Y-7RU,20,T,0.20000000298023224,0.8930696249008179,0.9310094714164734
66,0.6,nzpVDcQ0ywM,20,A,-1.399999976158142,0.11550664156675339,0.16916760802268982
66,0.6,jUzDDGyPkXU,20,ATV,-1.0,0.403270959854126,0.42153048515319824
66,0.6,rnaNMUZpvvg,20,T,-2.5999999046325684,-0.9391601085662842,-0.9216033220291138
66,0.6,yvsjCA6Y5Fc,20,A,-1.7999999523162842,-0.10772451758384705,-0.06080874800682068
66,0.6,cW1FSBF59ik,20,TV,1.600000023841858,1.4462275505065918,1.4699592590332031
66,0.6,d6hH302o4v8,20,AT,-2.4000000953674316,-1.6020493507385254,-1.5960004329681396
66,0.6,k5Y_838nuGo,20,T,-0.20000000298023224,-1.4170714616775513,-1.4069888591766357
66,0.6,lXPQBPVc5Cw,20,A,1.7999999523162842,-0.44505923986434937,-0.42216357588768005
66,0.6,cXypl4FnoZo,20,A,-0.6000000238418579,-0.27767038345336914,-0.24414241313934326
66,0.6,c7UH_rxdZv4,20,A,-0.800000011920929,-0.7647206783294678,-0.7439501881599426
66,0.6,f9O3YtZ2VfI,21,T,1.399999976158142,1.3600050210952759,1.3956023454666138
66,0.6,wMbj6ajWbic,21,A,1.399999976158142,-0.11623459309339523,-0.0791287049651146
66,0.6,vyB00TXsimI,21,V,0.6000000238418579,0.39123302698135376,0.41984131932258606
66,0.6,zhpQhgha_KU,21,A,0.6000000238418579,-0.3721241354942322,-0.34190288186073303
66,0.6,yDtzw_Y-7RU,21,T,2.0,1.448777198791504,1.4830398559570312
66,0.6,nzpVDcQ0ywM,21,T,2.0,1.4867091178894043,1.5196491479873657
66,0.6,jUzDDGyPkXU,21,A,-2.4000000953674316,-0.48918312788009644,-0.450395405292511
66,0.6,rnaNMUZpvvg,21,TV,-2.200000047683716,-1.3867136240005493,-1.3834043741226196
66,0.6,yvsjCA6Y5Fc,21,T,-1.600000023841858,-1.4887640476226807,-1.481128454208374
66,0.6,cW1FSBF59ik,21,A,-1.0,0.2426380217075348,0.2691774070262909
66,0.6,d6hH302o4v8,21,V,-1.0,-1.1558220386505127,-1.1473503112792969
66,0.6,k5Y_838nuGo,21,V,0.4000000059604645,-0.13578417897224426,-0.1062222272157669
66,0.6,lXPQBPVc5Cw,21,AV,2.5999999046325684,-0.5820425748825073,-0.558564305305481
66,0.6,cXypl4FnoZo,21,T,0.20000000298023224,-0.2115844339132309,-0.18347570300102234
66,0.6,c7UH_rxdZv4,21,AT,-2.4000000953674316,-1.5875794887542725,-1.5830527544021606
66,0.6,f9O3YtZ2VfI,22,AT,1.600000023841858,1.3540146350860596,1.3801865577697754
66,0.6,wMbj6ajWbic,22,V,1.7999999523162842,-0.3310510516166687,-0.30213505029678345
66,0.6,zhpQhgha_KU,22,V,-0.5,-0.11063752323389053,-0.08155100792646408
66,0.6,yDtzw_Y-7RU,22,AT,2.200000047683716,1.3481603860855103,1.3720065355300903
66,0.6,nzpVDcQ0ywM,22,T,2.0,1.5529992580413818,1.5822683572769165
66,0.6,jUzDDGyPkXU,22,A,1.2000000476837158,-0.3479834198951721,-0.30625590682029724
66,0.6,yvsjCA6Y5Fc,22,V,-1.2000000476837158,-0.862615168094635,-0.8483483791351318
66,0.6,cW1FSBF59ik,22,V,1.399999976158142,0.4788379669189453,0.5111257433891296
66,0.6,d6hH302o4v8,22,A,-2.5999999046325684,-1.1473379135131836,-1.1372511386871338
66,0.6,k5Y_838nuGo,22,T,-0.20000000298023224,0.1723957508802414,0.20586170256137848
66,0.6,lXPQBPVc5Cw,22,T,-2.4000000953674316,-0.8226718902587891,-0.8055471777915955
66,0.6,cXypl4FnoZo,22,AT,0.4000000059604645,0.551496148109436,0.583712100982666
66,0.6,c7UH_rxdZv4,22,V,-0.6000000238418579,-0.4491395056247711,-0.4294610023498535
66,0.6,f9O3YtZ2VfI,23,T,-2.5999999046325684,-0.9607019424438477,-0.9400739669799805
66,0.6,wMbj6ajWbic,23,T,1.399999976158142,1.3762412071228027,1.413532018661499
66,0.6,zhpQhgha_KU,23,AV,0.0,-0.06485677510499954,-0.028912948444485664
66,0.6,yDtzw_Y-7RU,23,TV,-0.800000011920929,-1.2078604698181152,-1.1978174448013306
66,0.6,nzpVDcQ0ywM,23,AV,1.600000023841858,0.4676045775413513,0.48831242322921753
66,0.6,jUzDDGyPkXU,23,V,-1.0,-0.8049248456954956,-0.7832111120223999
66,0.6,cW1FSBF59ik,23,A,0.0,0.39049890637397766,0.420503169298172
66,0.6,d6hH302o4v8,23,ATV,-2.799999952316284,-2.2251882553100586,-2.2293896675109863
66,0.6,k5Y_838nuGo,23,TV,0.6000000238418579,0.5355975031852722,0.5645523071289062
66,0.6,lXPQBPVc5Cw,23,A,-1.399999976158142,-0.9633933305740356,-0.9480724334716797
66,0.6,cXypl4FnoZo,23,T,0.20000000298023224,-0.10995710641145706,-0.07850402593612671
66,0.6,c7UH_rxdZv4,23,V,-1.7999999523162842,-0.29679274559020996,-0.27388909459114075
66,0.6,f9O3YtZ2VfI,24,A,-1.399999976158142,-0.08991353213787079,-0.049958474934101105
66,0.6,wMbj6ajWbic,24,V,2.0,0.24265600740909576,0.2825509011745453
66,0.6,zhpQhgha_KU,24,AT,1.0,0.4437156617641449,0.47569170594215393
66,0.6,jUzDDGyPkXU,24,V,-2.0,-0.20252326130867004,-0.16758409142494202
66,0.6,d6hH302o4v8,24,TV,-1.600000023841858,-1.9218499660491943,-1.9284193515777588
66,0.6,k5Y_838nuGo,24,T,-0.20000000298023224,-0.6756564378738403,-0.6529971361160278
66,0.6,lXPQBPVc5Cw,24,V,-2.4000000953674316,0.08002740144729614,0.1102876141667366
66,0.6,cXypl4FnoZo,24,AV,-1.2000000476837158,-0.3125237822532654,-0.27788296341896057
66,0.6,c7UH_rxdZv4,24,V,0.0,-0.37804001569747925,-0.35604235529899597
66,0.6,f9O3YtZ2VfI,25,V,1.399999976158142,0.07648024708032608,0.11491865664720535
66,0.6,wMbj6ajWbic,25,A,1.7999999523162842,0.3949882984161377,0.4451734721660614
66,0.6,zhpQhgha_KU,25,T,0.0,-0.8711625337600708,-0.8503968119621277
66,0.6,jUzDDGyPkXU,25,T,-2.0,-1.1021488904953003,-1.0876376628875732
66,0.6,d6hH302o4v8,25,AT,-2.5999999046325684,-1.7038908004760742,-1.7029650211334229
66,0.6,k5Y_838nuGo,25,V,2.0,0.11797510832548141,0.1554369330406189
66,0.6,lXPQBPVc5Cw,25,A,-2.799999952316284,-0.6369454264640808,-0.6129708290100098
66,0.6,cXypl4FnoZo,25,A,0.6000000238418579,-0.03681425750255585,0.0014441837556660175
66,0.6,c7UH_rxdZv4,25,A,-2.5999999046325684,-0.6804501414299011,-0.6595295667648315
66,0.6,f9O3YtZ2VfI,26,T,1.600000023841858,1.4498343467712402,1.4857275485992432
66,0.6,wMbj6ajWbic,26,TV,0.0,-0.3785390257835388,-0.3573834300041199
66,0.6,zhpQhgha_KU,26,V,0.800000011920929,0.19283553957939148,0.22769494354724884
66,0.6,jUzDDGyPkXU,26,TV,-2.0,-1.5802781581878662,-1.5804475545883179
66,0.6,d6hH302o4v8,26,T,-2.5999999046325684,-1.2075380086898804,-1.1992257833480835
66,0.6,k5Y_838nuGo,26,A,-0.800000011920929,-0.5098432302474976,-0.4787723422050476
66,0.6,lXPQBPVc5Cw,26,T,-2.799999952316284,-1.4603705406188965,-1.452732801437378
66,0.6,cXypl4FnoZo,26,V,0.800000011920929,0.23058685660362244,0.2691757380962372
66,0.6,c7UH_rxdZv4,26,T,-1.7999999523162842,-0.3721003830432892,-0.3479400873184204
66,0.6,f9O3YtZ2VfI,27,V,1.2000000476837158,0.5992087125778198,0.6389601826667786
66,0.6,wMbj6ajWbic,27,A,2.4000000953674316,0.185834139585495,0.23029033839702606
66,0.6,zhpQhgha_KU,27,TV,1.399999976158142,1.122347116470337,1.1523646116256714
66,0.6,d6hH302o4v8,27,A,-1.0,-0.3325434923171997,-0.3076983392238617
66,0.6,k5Y_838nuGo,27,T,2.0,1.1982425451278687,1.236289143562317
66,0.6,lXPQBPVc5Cw,27,TV,0.800000011920929,0.6120938658714294,0.6401413083076477
66,0.6,cXypl4FnoZo,27,T,-2.200000047683716,-0.8555041551589966,-0.8360217809677124
66,0.6,c7UH_rxdZv4,27,T,-0.800000011920929,-0.8853950500488281,-0.867434024810791
66,0.6,f9O3YtZ2VfI,28,V,-2.0,0.2892109155654907,0.329054057598114
66,0.6,wMbj6ajWbic,28,AT,1.7999999523162842,1.4462487697601318,1.4780669212341309
66,0.6,zhpQhgha_KU,28,AV,-1.2000000476837158,0.02640717662870884,0.07439504563808441
66,0.6,d6hH302o4v8,28,A,-1.7999999523162842,-0.5619852542877197,-0.5405990481376648
66,0.6,k5Y_838nuGo,28,V,-0.75,0.49129852652549744,0.5303587317466736
66,0.6,lXPQBPVc5Cw,28,T,-1.2000000476837158,-1.171065330505371,-1.155689001083374
66,0.6,cXypl4FnoZo,28,V,-1.399999976158142,-0.38684552907943726,-0.363288938999176
66,0.6,c7UH_rxdZv4,28,V,0.6000000238418579,-0.2986762821674347,-0.2729034125804901
66,0.6,f9O3YtZ2VfI,29,T,-1.0,-1.339134931564331,-1.3249396085739136
66,0.6,wMbj6ajWbic,29,TV,0.800000011920929,1.4633839130401611,1.486599326133728
66,0.6,zhpQhgha_KU,29,T,-2.0,-1.4200135469436646,-1.4088367223739624
66,0.6,d6hH302o4v8,29,V,-2.799999952316284,-0.5998693704605103,-0.5812865495681763
66,0.6,k5Y_838nuGo,29,A,1.600000023841858,0.16558611392974854,0.2108316868543625
66,0.6,lXPQBPVc5Cw,29,T,-2.0,-1.0400586128234863,-1.0238786935806274
66,0.6,c7UH_rxdZv4,29,V,1.2000000476837158,-0.5867632031440735,-0.5666396021842957
66,0.6,zhpQhgha_KU,30,AV,-1.0,-0.4419759511947632,-0.4113599359989166
66,0.6,d6hH302o4v8,30,A,-1.399999976158142,-0.6196932792663574,-0.5984578728675842
66,0.6,k5Y_838nuGo,30,T,-1.0,-1.2968534231185913,-1.2821418046951294
66,0.6,c7UH_rxdZv4,30,AV,-1.399999976158142,-0.8449228405952454,-0.8245086669921875
66,0.6,zhpQhgha_KU,31,T,0.800000011920929,0.1796899437904358,0.2128916084766388
66,0.6,d6hH302o4v8,31,ATV,-0.6000000238418579,-0.14699114859104156,-0.13222235441207886
66,0.6,c7UH_rxdZv4,31,T,-2.200000047683716,-0.09516090154647827,-0.06732206791639328
66,0.6,zhpQhgha_KU,32,TV,-0.4000000059604645,0.1152685359120369,0.13957828283309937
66,0.6,d6hH302o4v8,32,TV,-3.0,-1.695662260055542,-1.6973689794540405
66,0.6,c7UH_rxdZv4,32,TV,-1.7999999523162842,-1.4737977981567383,-1.471690058708191
66,0.6,zhpQhgha_KU,33,T,1.2000000476837158,1.5575964450836182,1.5924848318099976
66,0.6,d6hH302o4v8,33,A,-3.0,-0.36377716064453125,-0.3371114730834961
66,0.6,zhpQhgha_KU,34,A,0.6000000238418579,0.21648184955120087,0.24828484654426575
66,0.6,d6hH302o4v8,34,TV,-1.600000023841858,-1.6507118940353394,-1.6519408226013184
66,0.6,d6hH302o4v8,35,A,-2.200000047683716,-0.6409813761711121,-0.6230210065841675
66,0.6,d6hH302o4v8,36,A,-2.200000047683716,-0.8321998119354248,-0.8173682689666748
66,0.6,d6hH302o4v8,37,T,-3.0,-1.8072779178619385,-1.8090105056762695
66,0.6,d6hH302o4v8,38,A,-3.0,-0.7018874883651733,-0.6849749088287354
66,0.6,d6hH302o4v8,39,AT,-1.0,-1.0054428577423096,-0.9931401610374451
66,0.6,d6hH302o4v8,40,A,-2.4000000953674316,-0.00039802631363272667,0.029968205839395523
66,0.6,d6hH302o4v8,41,A,-1.399999976158142,-0.8210750818252563,-0.8047314882278442
66,0.6,d6hH302o4v8,42,A,-2.5,-0.9668389558792114,-0.9534511566162109
66,0.7,f9O3YtZ2VfI,0,V,-1.2000000476837158,0.4389309585094452,0.43893101811408997
66,0.7,wMbj6ajWbic,0,AV,0.5,0.7329149842262268,0.732914924621582
66,0.7,vvZ4IcEtiZc,0,T,2.0,2.0094985961914062,2.0094985961914062
66,0.7,d3_k5Xpfmik,0,V,2.0,1.0886317491531372,1.0886317491531372
66,0.7,vyB00TXsimI,0,AV,0.0,0.6539711952209473,0.6539711952209473
66,0.7,fvVhgmXxadc,0,A,-0.4000000059604645,0.6770867705345154,0.6770867705345154
66,0.7,ob23OKe5a9Q,0,V,1.2000000476837158,0.9314565062522888,0.9314565062522888
66,0.7,zhpQhgha_KU,0,T,-1.600000023841858,-1.7987159490585327,-1.7987160682678223
66,0.7,phBUpBr1hSo,0,V,1.399999976158142,1.2094663381576538,1.2094663381576538
66,0.7,yDtzw_Y-7RU,0,TV,0.800000011920929,0.057261668145656586,0.05726170539855957
66,0.7,nzpVDcQ0ywM,0,T,0.0,1.984434723854065,1.984434962272644
66,0.7,jUzDDGyPkXU,0,T,2.799999952316284,2.0667004585266113,2.0667004585266113
66,0.7,rnaNMUZpvvg,0,V,-2.5999999046325684,0.3663751482963562,0.3663751184940338
66,0.7,yvsjCA6Y5Fc,0,V,-2.0,0.354159414768219,0.3541593849658966
66,0.7,pLTX3ipuDJI,0,V,-2.4000000953674316,1.0190330743789673,1.0190330743789673
66,0.7,cW1FSBF59ik,0,T,-2.5999999046325684,-1.9404059648513794,-1.940406084060669
66,0.7,tmZoasNr4rU,0,V,0.0,0.32180213928222656,0.3218021094799042
66,0.7,d6hH302o4v8,0,T,-2.799999952316284,-2.0032284259796143,-2.0032284259796143
66,0.7,dq3Nf_lMPnE,0,TV,0.0,1.0032024383544922,1.0032024383544922
66,0.7,k5Y_838nuGo,0,AV,-1.600000023841858,0.4506485164165497,0.45064854621887207
66,0.7,iiK8YX8oH1E,0,A,-2.5999999046325684,0.8096911311149597,0.8096911907196045
66,0.7,tStelxIAHjw,0,T,0.0,1.5667444467544556,1.566744327545166
66,0.7,nbWiPyCm4g0,0,V,1.2000000476837158,0.563007652759552,0.5630075335502625
66,0.7,etzxEpPuc6I,0,V,0.4000000059604645,1.3089631795883179,1.3089631795883179
66,0.7,v0zCBqDeKcE,0,V,2.5999999046325684,-0.17434026300907135,-0.17434026300907135
66,0.7,f_pcplsH_V0,0,A,0.25,0.48828795552253723,0.48828789591789246
66,0.7,tIrG4oNLFzE,0,T,2.799999952316284,2.088883399963379,2.088883399963379
66,0.7,cM3Yna7AavY,0,V,2.200000047683716,0.8867201805114746,0.8867202401161194
66,0.7,lXPQBPVc5Cw,0,T,0.20000000298023224,1.8620460033416748,1.8620458841323853
66,0.7,cXypl4FnoZo,0,A,1.0,0.6734716296195984,0.6734715700149536
66,0.7,c7UH_rxdZv4,0,T,-2.799999952316284,-1.943671703338623,-1.9436715841293335
66,0.7,f9O3YtZ2VfI,1,V,1.25,0.39800748229026794,0.4445759654045105
66,0.7,wMbj6ajWbic,1,V,-0.800000011920929,0.11240832507610321,0.15422141551971436
66,0.7,vvZ4IcEtiZc,1,V,2.4000000953674316,1.4528164863586426,1.4778904914855957
66,0.7,d3_k5Xpfmik,1,V,0.0,0.813933789730072,0.8547806739807129
66,0.7,vyB00TXsimI,1,A,-2.4000000953674316,0.8490182757377625,0.889146625995636
66,0.7,fvVhgmXxadc,1,T,-2.799999952316284,-1.7957509756088257,-1.8144828081130981
66,0.7,ob23OKe5a9Q,1,V,1.0,0.17182190716266632,0.21407562494277954
66,0.7,zhpQhgha_KU,1,AV,1.600000023841858,0.06126478314399719,0.10314174741506577
66,0.7,phBUpBr1hSo,1,V,2.200000047683716,1.167068600654602,1.205541729927063
66,0.7,yDtzw_Y-7RU,1,V,0.800000011920929,0.3051132559776306,0.3485347628593445
66,0.7,nzpVDcQ0ywM,1,V,-1.600000023841858,0.512047529220581,0.5360695719718933
66,0.7,jUzDDGyPkXU,1,V,2.5999999046325684,1.1358171701431274,1.1602888107299805
66,0.7,rnaNMUZpvvg,1,TV,2.25,1.2812384366989136,1.2960506677627563
66,0.7,yvsjCA6Y5Fc,1,V,-1.2000000476837158,0.16948121786117554,0.2160341888666153
66,0.7,pLTX3ipuDJI,1,A,-1.7999999523162842,0.5138137936592102,0.5521373748779297
66,0.7,cW1FSBF59ik,1,V,3.0,0.055526599287986755,0.09245769679546356
66,0.7,tmZoasNr4rU,1,A,-2.0,-0.047922953963279724,0.004990824498236179
66,0.7,d6hH302o4v8,1,V,-1.7999999523162842,-0.7892361283302307,-0.7736066579818726
66,0.7,dq3Nf_lMPnE,1,T,-1.399999976158142,-1.522841215133667,-1.527598261833191
66,0.7,k5Y_838nuGo,1,A,1.2000000476837158,0.5095339417457581,0.5638827085494995
66,0.7,iiK8YX8oH1E,1,ATV,1.2000000476837158,1.0755738019943237,1.0834254026412964
66,0.7,tStelxIAHjw,1,T,-2.0,-1.0501352548599243,-1.029294729232788
66,0.7,nbWiPyCm4g0,1,TV,-2.4000000953674316,1.28659188747406,1.3007339239120483
66,0.7,etzxEpPuc6I,1,A,1.2000000476837158,1.0472332239151,1.0746906995773315
66,0.7,v0zCBqDeKcE,1,V,-0.4000000059604645,0.26269882917404175,0.31255093216896057
66,0.7,f_pcplsH_V0,1,A,1.399999976158142,0.5083850622177124,0.5675719380378723
66,0.7,tIrG4oNLFzE,1,V,2.4000000953674316,0.5819639563560486,0.6025398969650269
66,0.7,cM3Yna7AavY,1,A,2.5,0.4802846312522888,0.5194820761680603
66,0.7,lXPQBPVc5Cw,1,V,-2.200000047683716,1.2071508169174194,1.2345786094665527
66,0.7,cXypl4FnoZo,1,A,1.0,0.8532730937004089,0.9047689437866211
66,0.7,c7UH_rxdZv4,1,AV,-2.5999999046325684,-0.7468281388282776,-0.7289964556694031
66,0.7,f9O3YtZ2VfI,2,TV,0.6000000238418579,1.2160371541976929,1.229845404624939
66,0.7,wMbj6ajWbic,2,T,0.0,-0.20231875777244568,-0.1740046590566635
66,0.7,vvZ4IcEtiZc,2,T,1.399999976158142,-0.9280608892440796,-0.9440778493881226
66,0.7,d3_k5Xpfmik,2,TV,2.0,1.6543866395950317,1.6672412157058716
66,0.7,vyB00TXsimI,2,A,2.200000047683716,1.0953397750854492,1.1353298425674438
66,0.7,fvVhgmXxadc,2,TV,-2.200000047683716,-1.7849323749542236,-1.793626070022583
66,0.7,ob23OKe5a9Q,2,A,-1.2000000476837158,0.2795161306858063,0.3299480378627777
66,0.7,zhpQhgha_KU,2,V,-1.600000023841858,0.05128394067287445,0.0848899632692337
66,0.7,phBUpBr1hSo,2,V,2.799999952316284,1.1763936281204224,1.2140343189239502
66,0.7,yDtzw_Y-7RU,2,A,0.75,0.35741621255874634,0.40676242113113403
66,0.7,nzpVDcQ0ywM,2,T,0.800000011920929,1.748745083808899,1.7645752429962158
66,0.7,jUzDDGyPkXU,2,AV,0.0,0.46749380230903625,0.48903030157089233
66,0.7,rnaNMUZpvvg,2,A,-0.800000011920929,0.6023176312446594,0.6561689972877502
66,0.7,yvsjCA6Y5Fc,2,AT,-2.0,-1.5568877458572388,-1.5596238374710083
66,0.7,pLTX3ipuDJI,2,AV,-1.2000000476837158,0.6131347417831421,0.6575493812561035
66,0.7,cW1FSBF59ik,2,V,-1.0,-0.5689468383789062,-0.5503964424133301
66,0.7,tmZoasNr4rU,2,AT,-2.0,-1.3907588720321655,-1.3890669345855713
66,0.7,d6hH302o4v8,2,AV,0.20000000298023224,-0.8399865627288818,-0.8261253237724304
66,0.7,dq3Nf_lMPnE,2,AV,-1.2000000476837158,-0.9988940358161926,-0.9931418299674988
66,0.7,k5Y_838nuGo,2,T,0.800000011920929,1.1534197330474854,1.1722326278686523
66,0.7,iiK8YX8oH1E,2,V,-1.25,1.0744165182113647,1.0989426374435425
66,0.7,tStelxIAHjw,2,A,0.5,0.2177274227142334,0.27704551815986633
66,0.7,nbWiPyCm4g0,2,A,-1.7999999523162842,0.883638322353363,0.9218206405639648
66,0.7,etzxEpPuc6I,2,A,-1.600000023841858,0.843334972858429,0.8741768002510071
66,0.7,v0zCBqDeKcE,2,T,0.6000000238418579,0.9762576222419739,1.0021823644638062
66,0.7,f_pcplsH_V0,2,T,0.800000011920929,-0.6041862964630127,-0.5763852000236511
66,0.7,tIrG4oNLFzE,2,T,2.5999999046325684,1.7543164491653442,1.7681078910827637
66,0.7,cM3Yna7AavY,2,T,1.0,0.33042263984680176,0.351103812456131
66,0.7,lXPQBPVc5Cw,2,V,-2.4000000953674316,0.7213537096977234,0.7477624416351318
66,0.7,cXypl4FnoZo,2,A,1.7999999523162842,0.7223567962646484,0.7758532166481018
66,0.7,c7UH_rxdZv4,2,T,-0.800000011920929,-0.8479024767875671,-0.8353608250617981
66,0.7,f9O3YtZ2VfI,3,ATV,-2.4000000953674316,-1.6487174034118652,-1.650589108467102
66,0.7,wMbj6ajWbic,3,T,1.0,-1.350704550743103,-1.3480597734451294
66,0.7,vvZ4IcEtiZc,3,V,2.200000047683716,0.8556583523750305,0.9051595330238342
66,0.7,d3_k5Xpfmik,3,ATV,-1.0,-1.2697988748550415,-1.2675776481628418
66,0.7,vyB00TXsimI,3,V,1.7999999523162842,0.7879268527030945,0.8247306942939758
66,0.7,fvVhgmXxadc,3,V,-2.799999952316284,-0.5689162611961365,-0.5549489259719849
66,0.7,ob23OKe5a9Q,3,AV,-1.5,0.18873874843120575,0.2428792417049408
66,0.7,zhpQhgha_KU,3,A,-1.600000023841858,-0.17763419449329376,-0.1430511772632599
66,0.7,phBUpBr1hSo,3,A,-0.800000011920929,0.5905829071998596,0.6229598522186279
66,0.7,yDtzw_Y-7RU,3,V,-1.0,0.4415346384048462,0.4825114607810974
66,0.7,nzpVDcQ0ywM,3,AV,-1.600000023841858,0.43994367122650146,0.4666588306427002
66,0.7,jUzDDGyPkXU,3,V,-1.600000023841858,0.682098925113678,0.7064738273620605
66,0.7,rnaNMUZpvvg,3,AT,-2.4000000953674316,-1.6217809915542603,-1.6255621910095215
66,0.7,yvsjCA6Y5Fc,3,A,-0.20000000298023224,-0.21931637823581696,-0.19348807632923126
66,0.7,pLTX3ipuDJI,3,T,-2.200000047683716,-0.1982915848493576,-0.17769652605056763
66,0.7,cW1FSBF59ik,3,T,1.600000023841858,1.4551137685775757,1.4878253936767578
66,0.7,tmZoasNr4rU,3,T,-0.800000011920929,-1.3238725662231445,-1.3222322463989258
66,0.7,d6hH302o4v8,3,ATV,-1.600000023841858,-1.572339653968811,-1.5735318660736084
66,0.7,dq3Nf_lMPnE,3,A,-0.4000000059604645,-0.5805785059928894,-0.5666981339454651
66,0.7,k5Y_838nuGo,3,V,1.0,1.0606528520584106,1.092408299446106
66,0.7,iiK8YX8oH1E,3,A,-2.0,0.885793149471283,0.9127128720283508
66,0.7,tStelxIAHjw,3,AV,-2.799999952316284,-0.1378748118877411,-0.10097488015890121
66,0.7,nbWiPyCm4g0,3,A,-2.200000047683716,0.7733519077301025,0.8143014907836914
66,0.7,etzxEpPuc6I,3,A,0.800000011920929,0.8938847780227661,0.9260016679763794
66,0.7,v0zCBqDeKcE,3,A,0.0,0.482183039188385,0.5262157320976257
66,0.7,f_pcplsH_V0,3,T,0.5,0.48137038946151733,0.5112307667732239
66,0.7,tIrG4oNLFzE,3,T,1.399999976158142,-0.9938192963600159,-0.994351327419281
66,0.7,cM3Yna7AavY,3,AV,0.6000000238418579,0.41934895515441895,0.467123806476593
66,0.7,lXPQBPVc5Cw,3,T,-1.2000000476837158,-0.8718081712722778,-0.86034095287323
66,0.7,cXypl4FnoZo,3,T,-0.800000011920929,-1.0369950532913208,-1.0208245515823364
66,0.7,c7UH_rxdZv4,3,TV,1.600000023841858,1.5659655332565308,1.5814237594604492
66,0.7,f9O3YtZ2VfI,4,T,-1.7999999523162842,-1.388401746749878,-1.387213945388794
66,0.7,wMbj6ajWbic,4,T,0.20000000298023224,1.764317512512207,1.78731107711792
66,0.7,vvZ4IcEtiZc,4,V,1.2000000476837158,0.9792028069496155,1.0292421579360962
66,0.7,d3_k5Xpfmik,4,V,2.200000047683716,0.1778455525636673,0.22177869081497192
66,0.7,vyB00TXsimI,4,AT,1.7999999523162842,1.7033597230911255,1.716365098953247
66,0.7,fvVhgmXxadc,4,AV,0.0,-0.5659214854240417,-0.549076497554779
66,0.7,ob23OKe5a9Q,4,V,-1.7999999523162842,0.3696805238723755,0.4118667542934418
66,0.7,zhpQhgha_KU,4,A,-2.200000047683716,-0.12885138392448425,-0.09283719956874847
66,0.7,phBUpBr1hSo,4,A,-1.399999976158142,0.8342066407203674,0.8684677481651306
66,0.7,yDtzw_Y-7RU,4,TV,0.5,-1.8137224912643433,-1.8256480693817139
66,0.7,nzpVDcQ0ywM,4,TV,-0.4000000059604645,-1.5507240295410156,-1.5532220602035522
66,0.7,jUzDDGyPkXU,4,V,-1.2000000476837158,0.35806339979171753,0.3801919221878052
66,0.7,rnaNMUZpvvg,4,T,-2.799999952316284,-1.6919702291488647,-1.6984518766403198
66,0.7,yvsjCA6Y5Fc,4,T,0.4000000059604645,-0.8688707947731018,-0.8563697338104248
66,0.7,pLTX3ipuDJI,4,V,-2.0,0.5848977565765381,0.6243681311607361
66,0.7,cW1FSBF59ik,4,T,2.0,1.7378567457199097,1.7593176364898682
66,0.7,tmZoasNr4rU,4,T,-0.800000011920929,-1.3260159492492676,-1.324639081954956
66,0.7,d6hH302o4v8,4,AT,-1.3333333730697632,-1.454799771308899,-1.4548708200454712
66,0.7,dq3Nf_lMPnE,4,T,1.2000000476837158,-1.6304339170455933,-1.6355645656585693
66,0.7,k5Y_838nuGo,4,V,-1.3333333730697632,0.2523583471775055,0.28538480401039124
66,0.7,iiK8YX8oH1E,4,T,-0.4000000059604645,-0.6217647194862366,-0.6074074506759644
66,0.7,tStelxIAHjw,4,A,-2.200000047683716,-0.005187573842704296,0.035098087042570114
66,0.7,nbWiPyCm4g0,4,A,-1.399999976158142,0.8405707478523254,0.8814235925674438
66,0.7,etzxEpPuc6I,4,AV,0.0,0.8848415017127991,0.9246538877487183
66,0.7,v0zCBqDeKcE,4,A,2.0,0.3335675597190857,0.3805181384086609
66,0.7,f_pcplsH_V0,4,V,1.2000000476837158,0.269766628742218,0.3085489273071289
66,0.7,tIrG4oNLFzE,4,A,0.4000000059604645,0.5190793871879578,0.5800622701644897
66,0.7,cM3Yna7AavY,4,T,2.799999952316284,2.0044612884521484,2.0212907791137695
66,0.7,lXPQBPVc5Cw,4,AT,-1.0,-0.24862244725227356,-0.22976022958755493
66,0.7,cXypl4FnoZo,4,A,1.7999999523162842,0.35453540086746216,0.41631388664245605
66,0.7,c7UH_rxdZv4,4,AT,-2.200000047683716,-0.026073534041643143,-0.0038650669157505035
66,0.7,f9O3YtZ2VfI,5,V,-2.5999999046325684,-0.04060390591621399,-0.014686490409076214
66,0.7,wMbj6ajWbic,5,A,1.7999999523162842,0.6755990386009216,0.7200892567634583
66,0.7,vvZ4IcEtiZc,5,V,1.0,0.8875079154968262,0.9359222054481506
66,0.7,d3_k5Xpfmik,5,T,1.600000023841858,1.8195736408233643,1.8371758460998535
66,0.7,vyB00TXsimI,5,A,2.0,1.0267812013626099,1.0560238361358643
66,0.7,fvVhgmXxadc,5,V,-0.20000000298023224,-0.10325732082128525,-0.07820736616849899
66,0.7,ob23OKe5a9Q,5,A,0.0,0.38270795345306396,0.4278492331504822
66,0.7,zhpQhgha_KU,5,AT,1.0,1.0565801858901978,1.0718263387680054
66,0.7,phBUpBr1hSo,5,T,1.600000023841858,1.3869837522506714,1.4002206325531006
66,0.7,yDtzw_Y-7RU,5,T,-1.2000000476837158,-1.3963744640350342,-1.3960440158843994
66,0.7,nzpVDcQ0ywM,5,A,-1.399999976158142,-0.35385945439338684,-0.3235463798046112
66,0.7,jUzDDGyPkXU,5,T,-1.600000023841858,-1.306320309638977,-1.3000684976577759
66,0.7,rnaNMUZpvvg,5,T,-2.5999999046325684,-1.7918519973754883,-1.7995606660842896
66,0.7,yvsjCA6Y5Fc,5,A,0.0,-0.46026644110679626,-0.4399271011352539
66,0.7,pLTX3ipuDJI,5,T,-1.399999976158142,-1.2130552530288696,-1.2063956260681152
66,0.7,cW1FSBF59ik,5,T,1.2000000476837158,1.6034871339797974,1.6182188987731934
66,0.7,tmZoasNr4rU,5,V,-1.7999999523162842,-0.8562652468681335,-0.8509738445281982
66,0.7,d6hH302o4v8,5,T,-2.0,-1.6518090963363647,-1.6575742959976196
66,0.7,dq3Nf_lMPnE,5,T,0.800000011920929,-1.4288007020950317,-1.4301084280014038
66,0.7,k5Y_838nuGo,5,T,2.0,1.5347410440444946,1.5547099113464355
66,0.7,iiK8YX8oH1E,5,TV,0.20000000298023224,1.5223362445831299,1.5356221199035645
66,0.7,tStelxIAHjw,5,V,1.600000023841858,0.14573925733566284,0.1802249252796173
66,0.7,nbWiPyCm4g0,5,TV,0.0,-1.3563624620437622,-1.3543564081192017
66,0.7,etzxEpPuc6I,5,T,0.4000000059604645,0.9248160123825073,0.9375177621841431
66,0.7,v0zCBqDeKcE,5,V,0.800000011920929,0.5282812714576721,0.5652775168418884
66,0.7,f_pcplsH_V0,5,V,1.600000023841858,-0.6118659377098083,-0.5895030498504639
66,0.7,tIrG4oNLFzE,5,V,1.25,0.6067299246788025,0.6542587280273438
66,0.7,cM3Yna7AavY,5,V,2.799999952316284,0.6758431792259216,0.7010749578475952
66,0.7,lXPQBPVc5Cw,5,V,-1.399999976158142,-0.9844397902488708,-0.9805035591125488
66,0.7,cXypl4FnoZo,5,AV,-0.6000000238418579,0.02136944606900215,0.06454100459814072
66,0.7,c7UH_rxdZv4,5,T,-2.5999999046325684,-1.3796263933181763,-1.373279094696045
66,0.7,f9O3YtZ2VfI,6,V,-1.2000000476837158,-0.14461693167686462,-0.12049942463636398
66,0.7,wMbj6ajWbic,6,T,-1.2000000476837158,-1.3713980913162231,-1.3677239418029785
66,0.7,vvZ4IcEtiZc,6,A,1.399999976158142,0.30681681632995605,0.3426887094974518
66,0.7,d3_k5Xpfmik,6,ATV,0.4000000059604645,-0.9051268696784973,-0.8988146781921387
66,0.7,vyB00TXsimI,6,AT,2.4000000953674316,1.7724275588989258,1.7824938297271729
66,0.7,fvVhgmXxadc,6,AT,-1.0,-1.398834466934204,-1.3975187540054321
66,0.7,ob23OKe5a9Q,6,A,0.6000000238418579,0.48972606658935547,0.5351505279541016
66,0.7,zhpQhgha_KU,6,V,1.0,0.7198153138160706,0.7557507157325745
66,0.7,phBUpBr1hSo,6,V,-1.0,1.1925498247146606,1.2177348136901855
66,0.7,yDtzw_Y-7RU,6,A,-0.20000000298023224,-0.27343684434890747,-0.2521234452724457
66,0.7,nzpVDcQ0ywM,6,AT,-1.0,-1.0883594751358032,-1.0807136297225952
66,0.7,jUzDDGyPkXU,6,A,-0.6000000238418579,-0.44509685039520264,-0.4221527874469757
66,0.7,rnaNMUZpvvg,6,T,-0.4000000059604645,-1.7112447023391724,-1.7174533605575562
66,0.7,yvsjCA6Y5Fc,6,T,-1.7999999523162842,-1.4455960988998413,-1.4463366270065308
66,0.7,pLTX3ipuDJI,6,ATV,0.800000011920929,0.04611729830503464,0.05712787061929703
66,0.7,cW1FSBF59ik,6,T,0.5,1.2510557174682617,1.2663785219192505
66,0.7,tmZoasNr4rU,6,A,-1.0,-0.6561489105224609,-0.6462041139602661
66,0.7,d6hH302o4v8,6,V,-2.799999952316284,-0.637705385684967,-0.6254532337188721
66,0.7,dq3Nf_lMPnE,6,A,-2.0,-0.7795057892799377,-0.7731271386146545
66,0.7,k5Y_838nuGo,6,V,-2.4000000953674316,0.9397315979003906,0.9623238444328308
66,0.7,iiK8YX8oH1E,6,ATV,-1.600000023841858,-1.113668441772461,-1.1078646183013916
66,0.7,tStelxIAHjw,6,V,1.399999976158142,0.2277188003063202,0.2633330821990967
66,0.7,nbWiPyCm4g0,6,T,-1.2000000476837158,-1.512494683265686,-1.5144319534301758
66,0.7,etzxEpPuc6I,6,V,-1.2000000476837158,0.9469406008720398,0.9875421524047852
66,0.7,v0zCBqDeKcE,6,V,1.399999976158142,0.058960460126399994,0.09513206779956818
66,0.7,f_pcplsH_V0,6,A,0.0,-0.3662247359752655,-0.34316062927246094
66,0.7,tIrG4oNLFzE,6,AV,-1.399999976158142,-0.07167450338602066,-0.023602597415447235
66,0.7,cM3Yna7AavY,6,T,3.0,1.9382749795913696,1.9522528648376465
66,0.7,lXPQBPVc5Cw,6,V,-2.799999952316284,-0.2980133891105652,-0.2774659991264343
66,0.7,cXypl4FnoZo,6,V,-1.0,0.19713005423545837,0.2351258546113968
66,0.7,c7UH_rxdZv4,6,T,-3.0,-1.5449482202529907,-1.548761248588562
66,0.7,f9O3YtZ2VfI,7,V,-1.7999999523162842,-0.18098272383213043,-0.15773281455039978
66,0.7,wMbj6ajWbic,7,ATV,-0.20000000298023224,-0.7159746885299683,-0.7089340090751648
66,0.7,vvZ4IcEtiZc,7,T,-1.5,-0.9953909516334534,-0.9868544936180115
66,0.7,d3_k5Xpfmik,7,V,2.200000047683716,0.33095115423202515,0.37239664793014526
66,0.7,vyB00TXsimI,7,T,2.5999999046325684,1.9664349555969238,1.9806231260299683
66,0.7,fvVhgmXxadc,7,TV,-0.5,-1.3344249725341797,-1.3346221446990967
66,0.7,ob23OKe5a9Q,7,A,0.6000000238418579,0.21073895692825317,0.25744420289993286
66,0.7,zhpQhgha_KU,7,V,-1.0,0.36783719062805176,0.4043439030647278
66,0.7,phBUpBr1hSo,7,T,-2.200000047683716,-0.4103569984436035,-0.4036639928817749
66,0.7,yDtzw_Y-7RU,7,V,-1.5,0.3831615746021271,0.4192923605442047
66,0.7,nzpVDcQ0ywM,7,V,2.0,-0.8396485447883606,-0.8318034410476685
66,0.7,jUzDDGyPkXU,7,AT,1.7999999523162842,1.5451656579971313,1.5647399425506592
66,0.7,rnaNMUZpvvg,7,TV,-1.600000023841858,-1.976357340812683,-1.9875301122665405
66,0.7,yvsjCA6Y5Fc,7,T,0.4000000059604645,-1.4694231748580933,-1.471118450164795
66,0.7,pLTX3ipuDJI,7,T,-2.0,-1.3551994562149048,-1.349630355834961
66,0.7,cW1FSBF59ik,7,T,1.7999999523162842,1.6886231899261475,1.7020976543426514
66,0.7,tmZoasNr4rU,7,V,-2.0,-0.6981320977210999,-0.6893771886825562
66,0.7,d6hH302o4v8,7,TV,-2.200000047683716,-1.9155627489089966,-1.9256311655044556
66,0.7,dq3Nf_lMPnE,7,V,0.6000000238418579,-1.044162392616272,-1.0435518026351929
66,0.7,k5Y_838nuGo,7,A,-1.399999976158142,0.669791042804718,0.7019075751304626
66,0.7,iiK8YX8oH1E,7,A,-1.0,0.5490279793739319,0.5991777181625366
66,0.7,tStelxIAHjw,7,AV,-2.0,0.01764059066772461,0.05489162355661392
66,0.7,nbWiPyCm4g0,7,T,-2.200000047683716,-0.8675372004508972,-0.8579233288764954
66,0.7,etzxEpPuc6I,7,V,-1.0,1.1819720268249512,1.2223888635635376
66,0.7,v0zCBqDeKcE,7,T,1.7999999523162842,1.4452784061431885,1.4685173034667969
66,0.7,f_pcplsH_V0,7,A,0.800000011920929,-0.3104362487792969,-0.28586989641189575
66,0.7,tIrG4oNLFzE,7,V,-1.2000000476837158,0.31607937812805176,0.3597087562084198
66,0.7,cM3Yna7AavY,7,T,-0.6000000238418579,-0.4591211974620819,-0.4497397840023041
66,0.7,lXPQBPVc5Cw,7,AT,2.5999999046325684,1.536500334739685,1.561436653137207
66,0.7,cXypl4FnoZo,7,ATV,1.399999976158142,-0.8226557970046997,-0.8160536885261536
66,0.7,c7UH_rxdZv4,7,T,-2.799999952316284,-1.548938274383545,-1.553008794784546
66,0.7,f9O3YtZ2VfI,8,TV,-2.200000047683716,-1.6471949815750122,-1.652977705001831
66,0.7,wMbj6ajWbic,8,T,-2.0,-1.4206355810165405,-1.4201430082321167
66,0.7,vvZ4IcEtiZc,8,T,2.200000047683716,1.8510855436325073,1.866424560546875
66,0.7,d3_k5Xpfmik,8,T,1.399999976158142,-0.21505144238471985,-0.1894986629486084
66,0.7,vyB00TXsimI,8,A,-0.25,0.8759653568267822,0.8979838490486145
66,0.7,fvVhgmXxadc,8,A,-0.4000000059604645,-0.29650983214378357,-0.2752250134944916
66,0.7,ob23OKe5a9Q,8,A,-1.399999976158142,0.19426056742668152,0.24202129244804382
66,0.7,zhpQhgha_KU,8,A,-1.0,0.3499024510383606,0.3962852358818054
66,0.7,phBUpBr1hSo,8,T,-2.0,-0.6999056935310364,-0.685823917388916
66,0.7,yDtzw_Y-7RU,8,AT,-1.0,-1.2871333360671997,-1.2837368249893188
66,0.7,nzpVDcQ0ywM,8,AT,-2.200000047683716,-1.5620087385177612,-1.5638325214385986
66,0.7,jUzDDGyPkXU,8,T,2.799999952316284,1.8573600053787231,1.8747137784957886
66,0.7,rnaNMUZpvvg,8,A,-1.399999976158142,-0.5992239117622375,-0.5900197625160217
66,0.7,yvsjCA6Y5Fc,8,AV,-1.399999976158142,-0.48066285252571106,-0.46497663855552673
66,0.7,pLTX3ipuDJI,8,T,0.0,-1.0771437883377075,-1.066980004310608
66,0.7,cW1FSBF59ik,8,AT,-2.4000000953674316,-1.1680642366409302,-1.1620055437088013
66,0.7,tmZoasNr4rU,8,T,-0.6000000238418579,-1.5993889570236206,-1.603519082069397
66,0.7,d6hH302o4v8,8,T,-2.4000000953674316,-1.680683970451355,-1.6864826679229736
66,0.7,dq3Nf_lMPnE,8,V,-0.800000011920929,-1.0381600856781006,-1.0374119281768799
66,0.7,k5Y_838nuGo,8,T,1.7999999523162842,1.806126594543457,1.822157621383667
66,0.7,iiK8YX8oH1E,8,AT,0.4000000059604645,0.022241070866584778,0.038472987711429596
66,0.7,tStelxIAHjw,8,TV,-1.399999976158142,-1.5364371538162231,-1.5408674478530884
66,0.7,nbWiPyCm4g0,8,V,-1.399999976158142,-0.3504229485988617,-0.33138054609298706
66,0.7,etzxEpPuc6I,8,A,-2.799999952316284,0.9061057567596436,0.9289583563804626
66,0.7,v0zCBqDeKcE,8,V,1.7999999523162842,0.6318497657775879,0.6520655155181885
66,0.7,f_pcplsH_V0,8,T,-2.4000000953674316,-1.5415319204330444,-1.5445914268493652
66,0.7,tIrG4oNLFzE,8,A,-1.0,0.4898850917816162,0.5398791432380676
66,0.7,cM3Yna7AavY,8,T,-0.20000000298023224,-1.2207716703414917,-1.2127619981765747
66,0.7,lXPQBPVc5Cw,8,T,-2.5999999046325684,-1.2136024236679077,-1.2037333250045776
66,0.7,cXypl4FnoZo,8,V,1.2000000476837158,0.13368436694145203,0.1641809046268463
66,0.7,c7UH_rxdZv4,8,T,-0.4000000059604645,0.5111969113349915,0.5393156409263611
66,0.7,f9O3YtZ2VfI,9,AT,-2.0,-1.2913833856582642,-1.2881909608840942
66,0.7,wMbj6ajWbic,9,AV,-1.7999999523162842,-0.4817545413970947,-0.4633362293243408
66,0.7,vvZ4IcEtiZc,9,V,-2.0,1.2814983129501343,1.3092427253723145
66,0.7,d3_k5Xpfmik,9,A,0.4000000059604645,0.5862475633621216,0.6328831911087036
66,0.7,vyB00TXsimI,9,T,1.3333333730697632,1.1489638090133667,1.1623172760009766
66,0.7,fvVhgmXxadc,9,T,0.0,-1.2279478311538696,-1.2231403589248657
66,0.7,ob23OKe5a9Q,9,T,1.25,1.7740596532821655,1.7917680740356445
66,0.7,zhpQhgha_KU,9,V,0.6000000238418579,0.8967351317405701,0.9340531229972839
66,0.7,phBUpBr1hSo,9,T,-1.399999976158142,-1.3342982530593872,-1.3322691917419434
66,0.7,yDtzw_Y-7RU,9,A,-0.6000000238418579,-0.24368059635162354,-0.220536008477211
66,0.7,nzpVDcQ0ywM,9,V,-1.0,-0.6862908005714417,-0.6772178411483765
66,0.7,jUzDDGyPkXU,9,T,2.4000000953674316,1.7095237970352173,1.7233388423919678
66,0.7,rnaNMUZpvvg,9,TV,-2.5999999046325684,-1.6393258571624756,-1.6436926126480103
66,0.7,yvsjCA6Y5Fc,9,AV,-2.0,-0.6993628144264221,-0.6887919902801514
66,0.7,pLTX3ipuDJI,9,A,-1.600000023841858,-0.21449719369411469,-0.1873689591884613
66,0.7,cW1FSBF59ik,9,AV,-1.0,-0.24461662769317627,-0.20957928895950317
66,0.7,tmZoasNr4rU,9,T,-1.7999999523162842,-1.387401819229126,-1.3880650997161865
66,0.7,d6hH302o4v8,9,V,-1.2000000476837158,-0.6347109079360962,-0.6235461235046387
66,0.7,dq3Nf_lMPnE,9,A,1.0,-0.6038423776626587,-0.5949891209602356
66,0.7,k5Y_838nuGo,9,T,2.0,1.5645800828933716,1.577881097793579
66,0.7,iiK8YX8oH1E,9,A,0.0,0.401396244764328,0.4447062313556671
66,0.7,tStelxIAHjw,9,A,-0.4000000059604645,-0.36059868335723877,-0.33713486790657043
66,0.7,nbWiPyCm4g0,9,TV,1.2000000476837158,1.4063225984573364,1.4262419939041138
66,0.7,etzxEpPuc6I,9,T,-1.399999976158142,-1.049957513809204,-1.0632853507995605
66,0.7,v0zCBqDeKcE,9,ATV,2.200000047683716,1.5363394021987915,1.542423963546753
66,0.7,f_pcplsH_V0,9,A,1.2000000476837158,-0.6229488253593445,-0.6119784116744995
66,0.7,tIrG4oNLFzE,9,A,-1.7999999523162842,0.4838075637817383,0.5334457159042358
66,0.7,cM3Yna7AavY,9,A,1.600000023841858,-0.03513161092996597,0.007056267000734806
66,0.7,lXPQBPVc5Cw,9,V,-2.200000047683716,-0.9730547070503235,-0.9679760336875916
66,0.7,cXypl4FnoZo,9,TV,2.0,1.6527236700057983,1.6672096252441406
66,0.7,c7UH_rxdZv4,9,A,0.800000011920929,-0.17018470168113708,-0.13292637467384338
66,0.7,f9O3YtZ2VfI,10,V,-0.800000011920929,0.2874603867530823,0.31938910484313965
66,0.7,wMbj6ajWbic,10,A,0.4000000059604645,0.00910560879856348,0.036213092505931854
66,0.7,vvZ4IcEtiZc,10,V,1.600000023841858,1.1827877759933472,1.210809350013733
66,0.7,d3_k5Xpfmik,10,T,2.4000000953674316,1.4777061939239502,1.495692253112793
66,0.7,vyB00TXsimI,10,T,-0.20000000298023224,0.029358431696891785,0.044605329632759094
66,0.7,fvVhgmXxadc,10,T,-0.20000000298023224,-0.2574116587638855,-0.23436568677425385
66,0.7,ob23OKe5a9Q,10,ATV,0.800000011920929,1.5048917531967163,1.5110896825790405
66,0.7,zhpQhgha_KU,10,T,-2.4000000953674316,-1.0919071435928345,-1.079924464225769
66,0.7,phBUpBr1hSo,10,V,2.0,0.4595869779586792,0.49259084463119507
66,0.7,yDtzw_Y-7RU,10,AT,-1.399999976158142,-1.5854986906051636,-1.5877898931503296
66,0.7,nzpVDcQ0ywM,10,T,0.0,-1.290641188621521,-1.2887656688690186
66,0.7,jUzDDGyPkXU,10,A,2.4000000953674316,0.761250913143158,0.785706102848053
66,0.7,rnaNMUZpvvg,10,T,-2.5999999046325684,-1.749983549118042,-1.7567275762557983
66,0.7,yvsjCA6Y5Fc,10,T,2.0,-0.3526651859283447,-0.33291274309158325
66,0.7,pLTX3ipuDJI,10,TV,0.6000000238418579,0.022711440920829773,0.03938867151737213
66,0.7,cW1FSBF59ik,10,A,-1.0,-0.3290976583957672,-0.297055721282959
66,0.7,tmZoasNr4rU,10,A,-0.6000000238418579,-0.6954962611198425,-0.6865901947021484
66,0.7,d6hH302o4v8,10,ATV,-1.0,-1.8166652917861938,-1.819999098777771
66,0.7,dq3Nf_lMPnE,10,V,-0.6000000238418579,-1.0432904958724976,-1.0423855781555176
66,0.7,k5Y_838nuGo,10,TV,0.5,1.3754795789718628,1.384798526763916
66,0.7,iiK8YX8oH1E,10,T,1.0,0.7609378099441528,0.7754480838775635
66,0.7,tStelxIAHjw,10,V,-2.799999952316284,-0.2121962010860443,-0.19049984216690063
66,0.7,etzxEpPuc6I,10,TV,-1.600000023841858,-1.4990124702453613,-1.5033233165740967
66,0.7,v0zCBqDeKcE,10,T,1.600000023841858,1.3528308868408203,1.3671412467956543
66,0.7,f_pcplsH_V0,10,A,-0.4000000059604645,-0.6926364898681641,-0.6829028725624084
66,0.7,tIrG4oNLFzE,10,T,-1.600000023841858,-0.4183405637741089,-0.39660629630088806
66,0.7,cM3Yna7AavY,10,AV,2.0,-0.21627597510814667,-0.18406999111175537
66,0.7,lXPQBPVc5Cw,10,A,-1.7999999523162842,-0.2797737717628479,-0.2580721974372864
66,0.7,cXypl4FnoZo,10,AT,1.399999976158142,1.3517600297927856,1.3645508289337158
66,0.7,c7UH_rxdZv4,10,V,1.0,-0.026820741593837738,0.0036679869517683983
66,0.7,f9O3YtZ2VfI,11,A,-1.7999999523162842,0.31895989179611206,0.3571206331253052
66,0.7,wMbj6ajWbic,11,T,1.600000023841858,0.7032117247581482,0.7376352548599243
66,0.7,vvZ4IcEtiZc,11,T,0.20000000298023224,-0.20188137888908386,-0.19427859783172607
66,0.7,d3_k5Xpfmik,11,ATV,2.0,1.4501954317092896,1.4577215909957886
66,0.7,vyB00TXsimI,11,T,0.20000000298023224,0.9132095575332642,0.9295148253440857
66,0.7,fvVhgmXxadc,11,T,0.0,-0.6091278195381165,-0.5915312767028809
66,0.7,ob23OKe5a9Q,11,T,2.799999952316284,1.8860241174697876,1.8998039960861206
66,0.7,zhpQhgha_KU,11,TV,-1.399999976158142,-1.7659783363342285,-1.775065541267395
66,0.7,phBUpBr1hSo,11,A,1.7999999523162842,0.07477257400751114,0.1107630729675293
66,0.7,yDtzw_Y-7RU,11,V,-0.6666666865348816,0.012549937702715397,0.0370391309261322
66,0.7,nzpVDcQ0ywM,11,V,-1.399999976158142,-0.25509753823280334,-0.2356800138950348
66,0.7,jUzDDGyPkXU,11,V,0.5,0.6496793031692505,0.6704549193382263
66,0.7,rnaNMUZpvvg,11,T,-1.0,-1.6850999593734741,-1.6908677816390991
66,0.7,yvsjCA6Y5Fc,11,V,-0.6000000238418579,-0.5424889326095581,-0.528708815574646
66,0.7,pLTX3ipuDJI,11,V,-2.0,0.4335450530052185,0.4710543155670166
66,0.7,cW1FSBF59ik,11,V,2.200000047683716,0.28545933961868286,0.3241768777370453
66,0.7,tmZoasNr4rU,11,A,-2.200000047683716,-0.7352615594863892,-0.7271069288253784
66,0.7,d6hH302o4v8,11,A,1.399999976158142,-0.6629741191864014,-0.6546281576156616
66,0.7,dq3Nf_lMPnE,11,A,-1.600000023841858,-0.7152866721153259,-0.7083829641342163
66,0.7,k5Y_838nuGo,11,A,0.20000000298023224,0.638160765171051,0.6625034213066101
66,0.7,iiK8YX8oH1E,11,V,1.7999999523162842,0.6376950740814209,0.6785067915916443
66,0.7,tStelxIAHjw,11,AT,-1.0,-0.8789458870887756,-0.8687869310379028
66,0.7,etzxEpPuc6I,11,AT,0.6666666865348816,-0.7796177864074707,-0.7727240920066833
66,0.7,v0zCBqDeKcE,11,T,-0.4000000059604645,-0.821165144443512,-0.8026791214942932
66,0.7,f_pcplsH_V0,11,V,-0.800000011920929,-0.23395709693431854,-0.21220922470092773
66,0.7,tIrG4oNLFzE,11,TV,-2.5999999046325684,-1.921181082725525,-1.9343234300613403
66,0.7,cM3Yna7AavY,11,AT,-1.0,-1.1506584882736206,-1.144521951675415
66,0.7,lXPQBPVc5Cw,11,TV,-2.0,-1.9257616996765137,-1.9376473426818848
66,0.7,cXypl4FnoZo,11,V,2.0,0.6721746325492859,0.6952531337738037
66,0.7,c7UH_rxdZv4,11,V,-2.799999952316284,-0.07024747133255005,-0.041109055280685425
66,0.7,f9O3YtZ2VfI,12,T,-1.600000023841858,-1.221710443496704,-1.217627763748169
66,0.7,wMbj6ajWbic,12,V,2.0,0.47401168942451477,0.5129064917564392
66,0.7,d3_k5Xpfmik,12,T,2.200000047683716,1.5113246440887451,1.524784803390503
66,0.7,vyB00TXsimI,12,TV,2.4000000953674316,-0.9721652269363403,-0.9637524485588074
66,0.7,fvVhgmXxadc,12,T,0.20000000298023224,-0.8812223076820374,-0.8686294555664062
66,0.7,ob23OKe5a9Q,12,V,1.25,0.5277981162071228,0.5475602746009827
66,0.7,zhpQhgha_KU,12,TV,-1.0,-1.4965285062789917,-1.4995383024215698
66,0.7,phBUpBr1hSo,12,T,0.800000011920929,1.5755220651626587,1.59061598777771
66,0.7,yDtzw_Y-7RU,12,T,-1.7999999523162842,-1.4882901906967163,-1.4903453588485718
66,0.7,nzpVDcQ0ywM,12,A,-1.0,-0.4161636531352997,-0.3990713655948639
66,0.7,jUzDDGyPkXU,12,A,-0.6000000238418579,0.6311004757881165,0.6556292772293091
66,0.7,rnaNMUZpvvg,12,A,-2.0,-0.28498438000679016,-0.2708987295627594
66,0.7,yvsjCA6Y5Fc,12,TV,-2.0,-1.8217012882232666,-1.8303202390670776
66,0.7,pLTX3ipuDJI,12,T,-1.399999976158142,-0.03687577694654465,-0.01606651023030281
66,0.7,cW1FSBF59ik,12,TV,2.0,0.8253253102302551,0.8437488675117493
66,0.7,tmZoasNr4rU,12,T,-0.800000011920929,-0.8496858477592468,-0.8409349918365479
66,0.7,d6hH302o4v8,12,V,-2.0,-0.19059674441814423,-0.17247191071510315
66,0.7,dq3Nf_lMPnE,12,AV,-1.2000000476837158,-1.1100751161575317,-1.1105413436889648
66,0.7,k5Y_838nuGo,12,V,0.6000000238418579,0.458194375038147,0.4769865870475769
66,0.7,iiK8YX8oH1E,12,T,-2.0,-0.684238851070404,-0.6683138608932495
66,0.7,tStelxIAHjw,12,AT,-1.600000023841858,-1.5970648527145386,-1.5994137525558472
66,0.7,etzxEpPuc6I,12,V,-2.200000047683716,-0.24342459440231323,-0.21951787173748016
66,0.7,v0zCBqDeKcE,12,AV,1.7999999523162842,-0.5337443351745605,-0.5044925808906555
66,0.7,f_pcplsH_V0,12,T,1.600000023841858,1.0178834199905396,1.0496056079864502
66,0.7,tIrG4oNLFzE,12,V,-2.0,-0.3875023126602173,-0.3697242736816406
66,0.7,cM3Yna7AavY,12,T,-1.600000023841858,-1.1474504470825195,-1.1382204294204712
66,0.7,lXPQBPVc5Cw,12,V,2.799999952316284,-1.3306913375854492,-1.337063193321228
66,0.7,cXypl4FnoZo,12,TV,-1.0,-1.1574660539627075,-1.1519840955734253
66,0.7,c7UH_rxdZv4,12,T,-2.5999999046325684,-1.2986420392990112,-1.2938817739486694
66,0.7,f9O3YtZ2VfI,13,V,1.2000000476837158,0.08256816118955612,0.11135593056678772
66,0.7,wMbj6ajWbic,13,V,-0.800000011920929,-0.1913534700870514,-0.15418176352977753
66,0.7,d3_k5Xpfmik,13,TV,2.0,-0.5048466324806213,-0.49258825182914734
66,0.7,vyB00TXsimI,13,T,2.0,1.6470566987991333,1.67130446434021
66,0.7,fvVhgmXxadc,13,AT,0.0,-0.7085973620414734,-0.6962523460388184
66,0.7,ob23OKe5a9Q,13,AV,0.800000011920929,0.5054339170455933,0.5288981199264526
66,0.7,zhpQhgha_KU,13,TV,-1.5,-1.7196048498153687,-1.7264658212661743
66,0.7,phBUpBr1hSo,13,T,-1.2000000476837158,-0.5692331194877625,-0.5605403780937195
66,0.7,yDtzw_Y-7RU,13,V,2.200000047683716,-0.3825770914554596,-0.36679866909980774
66,0.7,nzpVDcQ0ywM,13,V,0.20000000298023224,-0.05340489745140076,-0.02955476939678192
66,0.7,jUzDDGyPkXU,13,T,0.800000011920929,1.2984793186187744,1.3144341707229614
66,0.7,rnaNMUZpvvg,13,A,-2.5999999046325684,-0.6577152609825134,-0.6497405767440796
66,0.7,yvsjCA6Y5Fc,13,T,-1.0,-1.6526286602020264,-1.6579234600067139
66,0.7,pLTX3ipuDJI,13,A,-2.0,0.1448679268360138,0.1832156479358673
66,0.7,cW1FSBF59ik,13,A,-1.2000000476837158,-0.017786402255296707,0.025206316262483597
66,0.7,tmZoasNr4rU,13,T,-2.0,-1.5829687118530273,-1.5868674516677856
66,0.7,d6hH302o4v8,13,T,-1.7999999523162842,-1.6207727193832397,-1.6253666877746582
66,0.7,dq3Nf_lMPnE,13,A,-1.7999999523162842,-0.6017813682556152,-0.5924789309501648
66,0.7,k5Y_838nuGo,13,TV,-1.7999999523162842,-0.929026186466217,-0.9196110367774963
66,0.7,iiK8YX8oH1E,13,V,-1.2000000476837158,0.3984585106372833,0.4368821978569031
66,0.7,tStelxIAHjw,13,V,-1.7999999523162842,0.09199340641498566,0.11842112988233566
66,0.7,etzxEpPuc6I,13,T,-1.2000000476837158,-1.1433806419372559,-1.135901689529419
66,0.7,v0zCBqDeKcE,13,TV,1.5,0.8954398036003113,0.9141932129859924
66,0.7,f_pcplsH_V0,13,T,-1.0,-0.8621290326118469,-0.8478274941444397
66,0.7,tIrG4oNLFzE,13,V,-2.4000000953674316,-0.03691539168357849,-0.010356328450143337
66,0.7,cM3Yna7AavY,13,T,-2.5999999046325684,-0.8974295258522034,-0.8837655186653137
66,0.7,lXPQBPVc5Cw,13,AT,-2.200000047683716,-1.9356695413589478,-1.9424985647201538
66,0.7,cXypl4FnoZo,13,V,-0.6000000238418579,0.12490656226873398,0.16123293340206146
66,0.7,c7UH_rxdZv4,13,V,1.2000000476837158,0.18959984183311462,0.2200179249048233
66,0.7,f9O3YtZ2VfI,14,V,-1.2000000476837158,-0.1454247087240219,-0.12174487859010696
66,0.7,wMbj6ajWbic,14,AV,2.0,-0.44707247614860535,-0.41385215520858765
66,0.7,d3_k5Xpfmik,14,T,2.5999999046325684,1.7523788213729858,1.767358660697937
66,0.7,vyB00TXsimI,14,T,2.5999999046325684,1.5388494729995728,1.5559009313583374
66,0.7,zhpQhgha_KU,14,A,-2.0,-0.425353467464447,-0.405078649520874
66,0.7,phBUpBr1hSo,14,A,-2.200000047683716,0.43375083804130554,0.47787290811538696
66,0.7,yDtzw_Y-7RU,14,A,0.6000000238418579,0.16732171177864075,0.19824936985969543
66,0.7,nzpVDcQ0ywM,14,V,-0.6000000238418579,-0.28650474548339844,-0.2675166726112366
66,0.7,jUzDDGyPkXU,14,A,1.3333333730697632,0.6924489140510559,0.7166638374328613
66,0.7,rnaNMUZpvvg,14,A,-1.600000023841858,-0.5515416860580444,-0.5415921807289124
66,0.7,yvsjCA6Y5Fc,14,A,-2.0,-0.33820414543151855,-0.32308152318000793
66,0.7,pLTX3ipuDJI,14,V,-1.399999976158142,0.6717021465301514,0.7110892534255981
66,0.7,cW1FSBF59ik,14,T,-2.5999999046325684,-1.4180219173431396,-1.4164748191833496
66,0.7,tmZoasNr4rU,14,V,0.25,-0.684563934803009,-0.6760202646255493
66,0.7,d6hH302o4v8,14,A,-1.75,-0.4079608917236328,-0.39298173785209656
66,0.7,dq3Nf_lMPnE,14,A,1.0,-0.7214111089706421,-0.7141062617301941
66,0.7,k5Y_838nuGo,14,V,-0.800000011920929,0.4626190960407257,0.5049903392791748
66,0.7,iiK8YX8oH1E,14,A,0.6000000238418579,0.6216030120849609,0.6671119928359985
66,0.7,tStelxIAHjw,14,V,0.4000000059604645,-0.018475979566574097,0.006147049367427826
66,0.7,etzxEpPuc6I,14,AV,0.20000000298023224,0.632391095161438,0.6762025952339172
66,0.7,v0zCBqDeKcE,14,A,2.4000000953674316,0.5011714696884155,0.5509006977081299
66,0.7,f_pcplsH_V0,14,AT,-1.0,-1.5068187713623047,-1.5074745416641235
66,0.7,tIrG4oNLFzE,14,V,-2.0,0.28886833786964417,0.32341474294662476
66,0.7,cM3Yna7AavY,14,V,-2.4000000953674316,0.37725943326950073,0.4126545190811157
66,0.7,lXPQBPVc5Cw,14,V,-2.799999952316284,-1.317808985710144,-1.322643518447876
66,0.7,cXypl4FnoZo,14,T,0.0,-0.9128179550170898,-0.8977707028388977
66,0.7,c7UH_rxdZv4,14,A,-2.4000000953674316,-0.2106419801712036,-0.17959371209144592
66,0.7,f9O3YtZ2VfI,15,A,-1.0,-0.34185105562210083,-0.3196350336074829
66,0.7,wMbj6ajWbic,15,T,-0.4000000059604645,-1.3881343603134155,-1.3874043226242065
66,0.7,d3_k5Xpfmik,15,T,2.0,1.9437193870544434,1.9584499597549438
66,0.7,vyB00TXsimI,15,T,0.4000000059604645,0.724511444568634,0.7465444803237915
66,0.7,zhpQhgha_KU,15,ATV,1.7999999523162842,1.5606696605682373,1.570501446723938
66,0.7,phBUpBr1hSo,15,T,-1.600000023841858,-0.1498475968837738,-0.13350552320480347
66,0.7,yDtzw_Y-7RU,15,A,0.6000000238418579,-0.00398706179112196,0.025014609098434448
66,0.7,nzpVDcQ0ywM,15,V,1.399999976158142,0.2722611427307129,0.30424749851226807
66,0.7,jUzDDGyPkXU,15,A,1.2000000476837158,0.6132232546806335,0.6375278234481812
66,0.7,rnaNMUZpvvg,15,A,-1.7999999523162842,-0.3941761255264282,-0.38101840019226074
66,0.7,yvsjCA6Y5Fc,15,V,-1.7999999523162842,-0.8437173962593079,-0.8385928273200989
66,0.7,pLTX3ipuDJI,15,TV,-1.600000023841858,-1.4696327447891235,-1.4731342792510986
66,0.7,cW1FSBF59ik,15,A,3.0,-0.44078516960144043,-0.42107322812080383
66,0.7,tmZoasNr4rU,15,T,-1.399999976158142,-1.689015507698059,-1.694839358329773
66,0.7,d6hH302o4v8,15,A,-2.0,-0.21192198991775513,-0.19251535832881927
66,0.7,k5Y_838nuGo,15,T,0.25,-1.233446478843689,-1.2260361909866333
66,0.7,iiK8YX8oH1E,15,A,0.0,0.8499271869659424,0.8959593772888184
66,0.7,tStelxIAHjw,15,A,0.800000011920929,-0.050733041018247604,-0.02146691083908081
66,0.7,etzxEpPuc6I,15,AV,-2.4000000953674316,-0.2446998953819275,-0.21611164510250092
66,0.7,v0zCBqDeKcE,15,V,0.0,-0.13687872886657715,-0.10492777079343796
66,0.7,tIrG4oNLFzE,15,T,-1.600000023841858,-1.3193169832229614,-1.3163418769836426
66,0.7,cM3Yna7AavY,15,AV,-2.799999952316284,-0.5593336820602417,-0.5417976379394531
66,0.7,lXPQBPVc5Cw,15,T,0.20000000298023224,-1.5476717948913574,-1.5510252714157104
66,0.7,cXypl4FnoZo,15,A,-0.6000000238418579,-0.05939155071973801,-0.029506612569093704
66,0.7,c7UH_rxdZv4,15,T,-2.0,-1.2000309228897095,-1.1913529634475708
66,0.7,f9O3YtZ2VfI,16,AT,-2.0,-1.3835445642471313,-1.3818598985671997
66,0.7,wMbj6ajWbic,16,A,2.0,-0.4210963845252991,-0.40753063559532166
66,0.7,d3_k5Xpfmik,16,AV,1.600000023841858,1.0408109426498413,1.0682181119918823
66,0.7,vyB00TXsimI,16,T,1.399999976158142,1.5307973623275757,1.5494059324264526
66,0.7,zhpQhgha_KU,16,V,1.75,1.0922917127609253,1.124841332435608
66,0.7,phBUpBr1hSo,16,V,2.0,0.713222861289978,0.7527835369110107
66,0.7,yDtzw_Y-7RU,16,V,0.20000000298023224,-0.39943060278892517,-0.3823326528072357
66,0.7,nzpVDcQ0ywM,16,V,1.600000023841858,0.007805992849171162,0.03501926362514496
66,0.7,jUzDDGyPkXU,16,AV,-2.799999952316284,0.2447373867034912,0.26858553290367126
66,0.7,rnaNMUZpvvg,16,V,-1.600000023841858,-1.489707112312317,-1.499058485031128
66,0.7,yvsjCA6Y5Fc,16,V,-0.6000000238418579,-0.35422250628471375,-0.3374435603618622
66,0.7,cW1FSBF59ik,16,A,2.4000000953674316,0.15451353788375854,0.18861129879951477
66,0.7,tmZoasNr4rU,16,A,-1.399999976158142,-0.7347955107688904,-0.7278029322624207
66,0.7,d6hH302o4v8,16,V,-2.0,-0.9457547068595886,-0.942721426486969
66,0.7,k5Y_838nuGo,16,T,0.800000011920929,-0.3235604763031006,-0.30187079310417175
66,0.7,iiK8YX8oH1E,16,TV,1.600000023841858,1.8170149326324463,1.830482840538025
66,0.7,etzxEpPuc6I,16,T,-0.4000000059604645,0.19127371907234192,0.20577281713485718
66,0.7,tIrG4oNLFzE,16,T,-0.4000000059604645,-0.9358057379722595,-0.9233350157737732
66,0.7,lXPQBPVc5Cw,16,A,-1.7999999523162842,-0.6969323754310608,-0.6915140151977539
66,0.7,cXypl4FnoZo,16,A,-0.6000000238418579,-0.09046699851751328,-0.060514166951179504
66,0.7,c7UH_rxdZv4,16,A,-1.399999976158142,-0.06293640285730362,-0.028643131256103516
66,0.7,f9O3YtZ2VfI,17,T,-1.0,-1.2459115982055664,-1.2410799264907837
66,0.7,wMbj6ajWbic,17,T,-1.0,-0.46593090891838074,-0.4509293735027313
66,0.7,d3_k5Xpfmik,17,T,0.800000011920929,-0.9230789542198181,-0.9190614819526672
66,0.7,vyB00TXsimI,17,T,2.4000000953674316,1.7446521520614624,1.7606860399246216
66,0.7,zhpQhgha_KU,17,A,0.6000000238418579,0.8113873600959778,0.8373841643333435
66,0.7,phBUpBr1hSo,17,T,0.800000011920929,1.037461519241333,1.0510836839675903
66,0.7,yDtzw_Y-7RU,17,TV,-2.0,-1.9720896482467651,-1.9838787317276
66,0.7,nzpVDcQ0ywM,17,A,1.2000000476837158,-0.06989822536706924,-0.03987843915820122
66,0.7,jUzDDGyPkXU,17,V,-2.4000000953674316,0.6161726713180542,0.6368781328201294
66,0.7,rnaNMUZpvvg,17,T,-2.200000047683716,-1.737265944480896,-1.7426565885543823
66,0.7,yvsjCA6Y5Fc,17,T,-2.200000047683716,-1.640380859375,-1.646554708480835
66,0.7,cW1FSBF59ik,17,AT,2.5999999046325684,1.6386829614639282,1.6582756042480469
66,0.7,tmZoasNr4rU,17,T,0.0,-1.662916660308838,-1.6681503057479858
66,0.7,d6hH302o4v8,17,AV,-2.0,-0.8835918307304382,-0.8782014846801758
66,0.7,k5Y_838nuGo,17,V,0.4000000059604645,0.36654508113861084,0.4024447202682495
66,0.7,iiK8YX8oH1E,17,T,-1.0,0.7779314517974854,0.7907650470733643
66,0.7,etzxEpPuc6I,17,T,1.399999976158142,1.6328240633010864,1.6481469869613647
66,0.7,tIrG4oNLFzE,17,T,-2.200000047683716,-1.4952709674835205,-1.4979381561279297
66,0.7,lXPQBPVc5Cw,17,A,-1.399999976158142,-0.6370282769203186,-0.6302676200866699
66,0.7,cXypl4FnoZo,17,A,-0.25,-0.16552165150642395,-0.1367456018924713
66,0.7,c7UH_rxdZv4,17,AV,-2.25,-0.6372209191322327,-0.6217129826545715
66,0.7,f9O3YtZ2VfI,18,V,-0.6000000238418579,-0.39195799827575684,-0.3748808801174164
66,0.7,wMbj6ajWbic,18,A,-0.6000000238418579,-0.3214285969734192,-0.30433139204978943
66,0.7,d3_k5Xpfmik,18,V,0.20000000298023224,0.2690545916557312,0.3093882203102112
66,0.7,vyB00TXsimI,18,V,1.2000000476837158,0.9946159720420837,1.0173941850662231
66,0.7,zhpQhgha_KU,18,AV,-0.800000011920929,0.19271323084831238,0.23190435767173767
66,0.7,phBUpBr1hSo,18,AT,2.0,1.6318750381469727,1.6431740522384644
66,0.7,yDtzw_Y-7RU,18,V,-1.600000023841858,-0.9099921584129333,-0.9062697291374207
66,0.7,nzpVDcQ0ywM,18,A,-2.0,-0.22047990560531616,-0.19362518191337585
66,0.7,jUzDDGyPkXU,18,T,2.200000047683716,-1.3120319843292236,-1.3048964738845825
66,0.7,rnaNMUZpvvg,18,V,-1.399999976158142,-0.7720534205436707,-0.7665093541145325
66,0.7,yvsjCA6Y5Fc,18,T,-1.600000023841858,-1.3464442491531372,-1.345379114151001
66,0.7,cW1FSBF59ik,18,T,0.20000000298023224,-0.17373836040496826,-0.14537569880485535
66,0.7,tmZoasNr4rU,18,TV,0.20000000298023224,-1.5447996854782104,-1.5476552248001099
66,0.7,d6hH302o4v8,18,V,-2.799999952316284,-0.4241381287574768,-0.40980440378189087
66,0.7,k5Y_838nuGo,18,T,-0.6000000238418579,-1.098462462425232,-1.088044285774231
66,0.7,etzxEpPuc6I,18,A,-0.5,0.8086838126182556,0.8364301323890686
66,0.7,lXPQBPVc5Cw,18,T,-1.7999999523162842,-1.7757452726364136,-1.781952977180481
66,0.7,cXypl4FnoZo,18,A,0.800000011920929,0.17463955283164978,0.2113042175769806
66,0.7,c7UH_rxdZv4,18,A,-1.7999999523162842,-0.6101034283638,-0.5923354029655457
66,0.7,f9O3YtZ2VfI,19,T,-0.4000000059604645,-0.9310097098350525,-0.9198570847511292
66,0.7,wMbj6ajWbic,19,T,-0.4000000059604645,0.8961602449417114,0.9279826283454895
66,0.7,vyB00TXsimI,19,V,2.200000047683716,0.9058958888053894,0.9284157156944275
66,0.7,zhpQhgha_KU,19,TV,-1.399999976158142,-1.4919569492340088,-1.4950604438781738
66,0.7,phBUpBr1hSo,19,T,-1.25,-0.02838321030139923,-0.014521303586661816
66,0.7,yDtzw_Y-7RU,19,A,-0.6000000238418579,-0.544106125831604,-0.5350038409233093
66,0.7,nzpVDcQ0ywM,19,A,0.20000000298023224,0.09554077684879303,0.1303972750902176
66,0.7,jUzDDGyPkXU,19,A,-2.200000047683716,0.08319361507892609,0.12729297578334808
66,0.7,rnaNMUZpvvg,19,A,0.800000011920929,-0.5857602953910828,-0.5789032578468323
66,0.7,yvsjCA6Y5Fc,19,AV,0.800000011920929,-0.1783025711774826,-0.15848131477832794
66,0.7,cW1FSBF59ik,19,V,2.5,0.5123662948608398,0.5453080534934998
66,0.7,tmZoasNr4rU,19,A,-1.0,-0.7287877202033997,-0.7231173515319824
66,0.7,d6hH302o4v8,19,A,1.0,-0.7524998784065247,-0.7450462579727173
66,0.7,k5Y_838nuGo,19,AT,0.4000000059604645,-1.1447404623031616,-1.138658881187439
66,0.7,lXPQBPVc5Cw,19,A,-1.7999999523162842,-0.7252343893051147,-0.7199327349662781
66,0.7,cXypl4FnoZo,19,T,-1.0,-1.111463189125061,-1.1021076440811157
66,0.7,c7UH_rxdZv4,19,A,-1.7999999523162842,-0.2682923376560211,-0.24167028069496155
66,0.7,f9O3YtZ2VfI,20,A,2.0,-0.1686205267906189,-0.14274942874908447
66,0.7,wMbj6ajWbic,20,A,1.600000023841858,0.08683300763368607,0.12451981008052826
66,0.7,vyB00TXsimI,20,T,1.2000000476837158,1.7544621229171753,1.7679072618484497
66,0.7,zhpQhgha_KU,20,A,0.6000000238418579,-0.14744111895561218,-0.11263852566480637
66,0.7,phBUpBr1hSo,20,V,0.800000011920929,0.6373408436775208,0.6791191697120667
66,0.7,yDtzw_Y-7RU,20,T,0.20000000298023224,1.1020587682724,1.1369506120681763
66,0.7,nzpVDcQ0ywM,20,T,-1.399999976158142,-1.243140459060669,-1.2371275424957275
66,0.7,jUzDDGyPkXU,20,V,-1.0,-0.15321731567382812,-0.11911804229021072
66,0.7,rnaNMUZpvvg,20,A,-2.5999999046325684,-0.5775636434555054,-0.5703054070472717
66,0.7,yvsjCA6Y5Fc,20,A,-1.7999999523162842,-0.4977971315383911,-0.4845145046710968
66,0.7,cW1FSBF59ik,20,A,1.600000023841858,0.33700859546661377,0.38651856780052185
66,0.7,d6hH302o4v8,20,ATV,-2.4000000953674316,-1.8560197353363037,-1.8597768545150757
66,0.7,k5Y_838nuGo,20,T,-0.20000000298023224,-1.5389870405197144,-1.5420829057693481
66,0.7,lXPQBPVc5Cw,20,AT,1.7999999523162842,1.2580046653747559,1.2884544134140015
66,0.7,cXypl4FnoZo,20,AT,-0.6000000238418579,-0.9699864983558655,-0.9609342813491821
66,0.7,c7UH_rxdZv4,20,V,-0.800000011920929,-0.3847115635871887,-0.3661960959434509
66,0.7,f9O3YtZ2VfI,21,A,1.399999976158142,-0.19259467720985413,-0.16694551706314087
66,0.7,wMbj6ajWbic,21,A,1.399999976158142,-0.011916606687009335,0.024014152586460114
66,0.7,vyB00TXsimI,21,AV,0.6000000238418579,0.9489947557449341,0.9755215048789978
66,0.7,zhpQhgha_KU,21,T,0.6000000238418579,-0.6989290714263916,-0.6796567440032959
66,0.7,yDtzw_Y-7RU,21,A,2.0,0.1294182389974594,0.1720995008945465
66,0.7,nzpVDcQ0ywM,21,A,2.0,-0.2363452911376953,-0.2104310244321823
66,0.7,jUzDDGyPkXU,21,A,-2.4000000953674316,-0.12629395723342896,-0.08454213291406631
66,0.7,rnaNMUZpvvg,21,ATV,-2.200000047683716,-1.8406671285629272,-1.8438700437545776
66,0.7,yvsjCA6Y5Fc,21,T,-1.600000023841858,-1.430301547050476,-1.430715560913086
66,0.7,cW1FSBF59ik,21,A,-1.0,0.22453787922859192,0.2748734951019287
66,0.7,d6hH302o4v8,21,AT,-1.0,-1.8186525106430054,-1.8239601850509644
66,0.7,k5Y_838nuGo,21,A,0.4000000059604645,-0.23201918601989746,-0.20742972195148468
66,0.7,lXPQBPVc5Cw,21,V,2.5999999046325684,0.4113563895225525,0.45044851303100586
66,0.7,cXypl4FnoZo,21,TV,0.20000000298023224,-0.19577477872371674,-0.1805199533700943
66,0.7,c7UH_rxdZv4,21,T,-2.4000000953674316,-1.086333155632019,-1.0774939060211182
66,0.7,f9O3YtZ2VfI,22,A,1.600000023841858,-0.2265845537185669,-0.20115378499031067
66,0.7,wMbj6ajWbic,22,V,1.7999999523162842,0.08543561398983002,0.12266375124454498
66,0.7,zhpQhgha_KU,22,T,-0.5,0.6587273478507996,0.6827855706214905
66,0.7,yDtzw_Y-7RU,22,T,2.200000047683716,1.153933048248291,1.181822419166565
66,0.7,nzpVDcQ0ywM,22,T,2.0,1.783795714378357,1.8004307746887207
66,0.7,jUzDDGyPkXU,22,V,1.2000000476837158,-0.3065585494041443,-0.27807289361953735
66,0.7,yvsjCA6Y5Fc,22,V,-1.2000000476837158,-0.8887071013450623,-0.8844567537307739
66,0.7,cW1FSBF59ik,22,T,1.399999976158142,1.6083835363388062,1.6279667615890503
66,0.7,d6hH302o4v8,22,T,-2.5999999046325684,-1.7546491622924805,-1.7616969347000122
66,0.7,k5Y_838nuGo,22,T,-0.20000000298023224,-0.4158223867416382,-0.3933848440647125
66,0.7,lXPQBPVc5Cw,22,AT,-2.4000000953674316,-0.8646745681762695,-0.8526322841644287
66,0.7,cXypl4FnoZo,22,V,0.4000000059604645,-0.19410480558872223,-0.16929523646831512
66,0.7,c7UH_rxdZv4,22,T,-0.6000000238418579,-1.5242491960525513,-1.5268135070800781
66,0.7,f9O3YtZ2VfI,23,T,-2.5999999046325684,-1.346353530883789,-1.3441559076309204
66,0.7,wMbj6ajWbic,23,A,1.399999976158142,-0.22657623887062073,-0.19679604470729828
66,0.7,zhpQhgha_KU,23,T,0.0,-1.042792558670044,-1.0282572507858276
66,0.7,yDtzw_Y-7RU,23,V,-0.800000011920929,0.053439147770404816,0.08400052040815353
66,0.7,nzpVDcQ0ywM,23,A,1.600000023841858,0.7072195410728455,0.7415786385536194
66,0.7,jUzDDGyPkXU,23,T,-1.0,-1.3494209051132202,-1.3470309972763062
66,0.7,cW1FSBF59ik,23,T,0.0,0.8561444878578186,0.8796207308769226
66,0.7,d6hH302o4v8,23,V,-2.799999952316284,-0.5597482323646545,-0.5479570627212524
66,0.7,k5Y_838nuGo,23,AV,0.6000000238418579,-0.7725101113319397,-0.7606262564659119
66,0.7,lXPQBPVc5Cw,23,T,-1.399999976158142,-1.1592134237289429,-1.1539463996887207
66,0.7,cXypl4FnoZo,23,V,0.20000000298023224,0.04724568873643875,0.0774959921836853
66,0.7,c7UH_rxdZv4,23,A,-1.7999999523162842,-0.4289310574531555,-0.4075445532798767
66,0.7,f9O3YtZ2VfI,24,A,-1.399999976158142,-0.21165874600410461,-0.18925905227661133
66,0.7,wMbj6ajWbic,24,V,2.0,0.008176595903933048,0.043266601860523224
66,0.7,zhpQhgha_KU,24,T,1.0,-0.04415905103087425,-0.019242923706769943
66,0.7,jUzDDGyPkXU,24,T,-2.0,-1.6068814992904663,-1.6111528873443604
66,0.7,d6hH302o4v8,24,V,-1.600000023841858,-1.0831509828567505,-1.0829943418502808
66,0.7,k5Y_838nuGo,24,A,-0.20000000298023224,-0.5372419953346252,-0.5230712294578552
66,0.7,lXPQBPVc5Cw,24,A,-2.4000000953674316,-0.26487302780151367,-0.24397850036621094
66,0.7,cXypl4FnoZo,24,A,-1.2000000476837158,-0.03411734104156494,-0.0038834214210510254
66,0.7,c7UH_rxdZv4,24,A,0.0,-0.6076615452766418,-0.5908672213554382
66,0.7,f9O3YtZ2VfI,25,T,1.399999976158142,1.6892468929290771,1.7098090648651123
66,0.7,wMbj6ajWbic,25,TV,1.7999999523162842,1.3156461715698242,1.3303871154785156
66,0.7,zhpQhgha_KU,25,T,0.0,-1.1158920526504517,-1.1051037311553955
66,0.7,jUzDDGyPkXU,25,T,-2.0,-1.4991035461425781,-1.5012394189834595
66,0.7,d6hH302o4v8,25,A,-2.5999999046325684,-0.6897704601287842,-0.6833398342132568
66,0.7,k5Y_838nuGo,25,AT,2.0,1.242874026298523,1.2685831785202026
66,0.7,lXPQBPVc5Cw,25,TV,-2.799999952316284,-1.6478224992752075,-1.6535602807998657
66,0.7,cXypl4FnoZo,25,TV,0.6000000238418579,-0.45014241337776184,-0.43725061416625977
66,0.7,c7UH_rxdZv4,25,V,-2.5999999046325684,-0.14091068506240845,-0.11787865310907364
66,0.7,f9O3YtZ2VfI,26,A,1.600000023841858,0.7589890956878662,0.8011306524276733
66,0.7,wMbj6ajWbic,26,T,0.0,-0.33382558822631836,-0.30956530570983887
66,0.7,zhpQhgha_KU,26,T,0.800000011920929,0.07373302429914474,0.09844888001680374
66,0.7,jUzDDGyPkXU,26,A,-2.0,-0.6917842030525208,-0.6815018653869629
66,0.7,d6hH302o4v8,26,A,-2.5999999046325684,-0.4990835189819336,-0.4890807867050171
66,0.7,k5Y_838nuGo,26,A,-0.800000011920929,0.33454546332359314,0.3828379809856415
66,0.7,lXPQBPVc5Cw,26,T,-2.799999952316284,-1.635149359703064,-1.6412287950515747
66,0.7,cXypl4FnoZo,26,A,0.800000011920929,0.3351591229438782,0.3747999370098114
66,0.7,c7UH_rxdZv4,26,V,-1.7999999523162842,-0.21060939133167267,-0.18871337175369263
66,0.7,f9O3YtZ2VfI,27,V,1.2000000476837158,0.7979828715324402,0.8310745358467102
66,0.7,wMbj6ajWbic,27,T,2.4000000953674316,1.7078911066055298,1.7266980409622192
66,0.7,zhpQhgha_KU,27,T,1.399999976158142,1.5420931577682495,1.5576598644256592
66,0.7,d6hH302o4v8,27,T,-1.0,-1.7350236177444458,-1.7411861419677734
66,0.7,k5Y_838nuGo,27,V,2.0,0.7804693579673767,0.8103362321853638
66,0.7,lXPQBPVc5Cw,27,TV,0.800000011920929,-1.099279761314392,-1.0959855318069458
66,0.7,cXypl4FnoZo,27,T,-2.200000047683716,-0.9675555229187012,-0.9546154141426086
66,0.7,c7UH_rxdZv4,27,AV,-0.800000011920929,-0.556244432926178,-0.5385866165161133
66,0.7,f9O3YtZ2VfI,28,A,-2.0,0.46385836601257324,0.5037893652915955
66,0.7,wMbj6ajWbic,28,A,1.7999999523162842,0.8880476355552673,0.9182469248771667
66,0.7,zhpQhgha_KU,28,AT,-1.2000000476837158,-1.3597134351730347,-1.3565737009048462
66,0.7,d6hH302o4v8,28,T,-1.7999999523162842,-1.6493301391601562,-1.653631329536438
66,0.7,k5Y_838nuGo,28,TV,-0.75,-1.404077410697937,-1.404624104499817
66,0.7,lXPQBPVc5Cw,28,T,-1.2000000476837158,-1.4223283529281616,-1.4222568273544312
66,0.7,cXypl4FnoZo,28,V,-1.399999976158142,0.011760124005377293,0.04002529755234718
66,0.7,c7UH_rxdZv4,28,AV,0.6000000238418579,-0.43293365836143494,-0.41205695271492004
66,0.7,f9O3YtZ2VfI,29,T,-1.0,-1.2063934803009033,-1.1960371732711792
66,0.7,wMbj6ajWbic,29,V,0.800000011920929,0.632218062877655,0.6527124047279358
66,0.7,zhpQhgha_KU,29,AV,-2.0,-0.021960970014333725,0.01410835050046444
66,0.7,d6hH302o4v8,29,A,-2.799999952316284,-0.7429454922676086,-0.7380112409591675
66,0.7,k5Y_838nuGo,29,V,1.600000023841858,0.35161280632019043,0.3889850080013275
66,0.7,lXPQBPVc5Cw,29,A,-2.0,-0.5842428803443909,-0.5727077126502991
66,0.7,c7UH_rxdZv4,29,A,1.2000000476837158,-0.5375456809997559,-0.5200961232185364
66,0.7,zhpQhgha_KU,30,V,-1.0,0.3327319324016571,0.36977818608283997
66,0.7,d6hH302o4v8,30,V,-1.399999976158142,-0.7115558385848999,-0.7049456834793091
66,0.7,k5Y_838nuGo,30,T,-1.0,-1.3392378091812134,-1.3341799974441528
66,0.7,c7UH_rxdZv4,30,A,-1.399999976158142,-0.601884126663208,-0.5859342217445374
66,0.7,zhpQhgha_KU,31,V,0.800000011920929,0.5099126100540161,0.5496658682823181
66,0.7,d6hH302o4v8,31,T,-0.6000000238418579,-0.7628008723258972,-0.7545158863067627
66,0.7,c7UH_rxdZv4,31,AT,-2.200000047683716,-0.39577731490135193,-0.3789125382900238
66,0.7,zhpQhgha_KU,32,TV,-0.4000000059604645,0.0029069529846310616,0.019820526242256165
66,0.7,d6hH302o4v8,32,T,-3.0,-1.7099848985671997,-1.716159701347351
66,0.7,c7UH_rxdZv4,32,TV,-1.7999999523162842,-1.2330267429351807,-1.2319738864898682
66,0.7,zhpQhgha_KU,33,V,1.2000000476837158,0.456787645816803,0.4953371286392212
66,0.7,d6hH302o4v8,33,T,-3.0,-1.6362401247024536,-1.6411876678466797
66,0.7,zhpQhgha_KU,34,A,0.6000000238418579,0.23086315393447876,0.2716204822063446
66,0.7,d6hH302o4v8,34,V,-1.600000023841858,-0.8975091576576233,-0.8929555416107178
66,0.7,d6hH302o4v8,35,A,-2.200000047683716,-0.5807397961616516,-0.5711710453033447
66,0.7,d6hH302o4v8,36,V,-2.200000047683716,-0.6349298357963562,-0.6235812306404114
66,0.7,d6hH302o4v8,37,T,-3.0,-1.7096604108810425,-1.7157297134399414
66,0.7,d6hH302o4v8,38,V,-3.0,-0.8030719757080078,-0.7970789074897766
66,0.7,d6hH302o4v8,39,A,-1.0,-0.11099023371934891,-0.09386631846427917
66,0.7,d6hH302o4v8,40,A,-2.4000000953674316,-0.20746254920959473,-0.19124098122119904
66,0.7,d6hH302o4v8,41,V,-1.399999976158142,-0.3477146625518799,-0.32765311002731323
66,0.7,d6hH302o4v8,42,V,-2.5,-0.8259968757629395,-0.8181780576705933
