variant,label,seed,rate,pattern,n,weighted_f1
no-jepa,baseline no-JEPA,66,0.0,ATV,656,0.8746649050245099
no-jepa,baseline no-JEPA,66,0.0,TEXT_PRESENT,656,0.8746649050245099
no-jepa,baseline no-JEPA,66,0.0,ALL,656,0.8746649050245099
no-jepa,baseline no-JEPA,66,0.1,A,6,0.8285714285714286
no-jepa,baseline no-JEPA,66,0.1,T,6,0.6666666666666666
no-jepa,baseline no-JEPA,66,0.1,V,8,0.7500000000000001
no-jepa,baseline no-JEPA,66,0.1,AT,50,0.8432597623089982
no-jepa,baseline no-JEPA,66,0.1,AV,55,0.7276352759902112
no-jepa,baseline no-JEPA,66,0.1,TV,60,0.9015873015873016
no-jepa,baseline no-JEPA,66,0.1,ATV,471,0.8801142240632687
no-jepa,baseline no-JEPA,66,0.1,NO_TEXT,69,0.7391304347826086
no-jepa,baseline no-JEPA,66,0.1,TEXT_PRESENT,587,0.8749974818036196
no-jepa,baseline no-JEPA,66,0.1,ALL,656,0.8606961736398836
no-jepa,baseline no-JEPA,66,0.2,A,21,0.756456358287022
no-jepa,baseline no-JEPA,66,0.2,T,23,0.7301003344481607
no-jepa,baseline no-JEPA,66,0.2,V,30,0.7127086007702182
no-jepa,baseline no-JEPA,66,0.2,AT,77,0.845219435736677
no-jepa,baseline no-JEPA,66,0.2,AV,93,0.5930596285434995
no-jepa,baseline no-JEPA,66,0.2,TV,85,0.9413887979616573
no-jepa,baseline no-JEPA,66,0.2,ATV,327,0.8807001996424554
no-jepa,baseline no-JEPA,66,0.2,NO_TEXT,144,0.6388888888888888
no-jepa,baseline no-JEPA,66,0.2,TEXT_PRESENT,512,0.8787626575859702
no-jepa,baseline no-JEPA,66,0.2,ALL,656,0.8260436999144509
no-jepa,baseline no-JEPA,66,0.3,A,47,0.7259267883303743
no-jepa,baseline no-JEPA,66,0.3,T,41,0.9030281607163896
no-jepa,baseline no-JEPA,66,0.3,V,41,0.6849323521698216
no-jepa,baseline no-JEPA,66,0.3,AT,100,0.8594166666666666
no-jepa,baseline no-JEPA,66,0.3,AV,114,0.6802925427713203
no-jepa,baseline no-JEPA,66,0.3,TV,77,0.8949232585596222
no-jepa,baseline no-JEPA,66,0.3,ATV,236,0.8465595062638173
no-jepa,baseline no-JEPA,66,0.3,NO_TEXT,202,0.6937315090732374
no-jepa,baseline no-JEPA,66,0.3,TEXT_PRESENT,454,0.8627091485040653
no-jepa,baseline no-JEPA,66,0.3,ALL,656,0.8113878258762106
no-jepa,baseline no-JEPA,66,0.4,A,69,0.7212864156157217
no-jepa,baseline no-JEPA,66,0.4,T,68,0.8382003028336579
no-jepa,baseline no-JEPA,66,0.4,V,93,0.6873003049830599
no-jepa,baseline no-JEPA,66,0.4,AT,97,0.8763676244790524
no-jepa,baseline no-JEPA,66,0.4,AV,90,0.7702214825246448
no-jepa,baseline no-JEPA,66,0.4,TV,100,0.8778125
no-jepa,baseline no-JEPA,66,0.4,ATV,139,0.8561151079136691
no-jepa,baseline no-JEPA,66,0.4,NO_TEXT,252,0.7263814389594941
no-jepa,baseline no-JEPA,66,0.4,TEXT_PRESENT,404,0.8635920958953671
no-jepa,baseline no-JEPA,66,0.4,ALL,656,0.810784375345543
no-jepa,baseline no-JEPA,66,0.5,A,99,0.6745638200183655
no-jepa,baseline no-JEPA,66,0.5,T,120,0.8995475113122171
no-jepa,baseline no-JEPA,66,0.5,V,118,0.6425508861543223
no-jepa,baseline no-JEPA,66,0.5,AT,76,0.8181444377990431
no-jepa,baseline no-JEPA,66,0.5,AV,84,0.6503657262277952
no-jepa,baseline no-JEPA,66,0.5,TV,89,0.9324643738010415
no-jepa,baseline no-JEPA,66,0.5,ATV,70,0.8041343669250647
no-jepa,baseline no-JEPA,66,0.5,NO_TEXT,301,0.6560294064704204
no-jepa,baseline no-JEPA,66,0.5,TEXT_PRESENT,355,0.8707437912410944
no-jepa,baseline no-JEPA,66,0.5,ALL,656,0.7735113573070099
no-jepa,baseline no-JEPA,66,0.6,A,129,0.6959458561038201
no-jepa,baseline no-JEPA,66,0.6,T,136,0.8384828029572485
no-jepa,baseline no-JEPA,66,0.6,V,155,0.6361929587736039
no-jepa,baseline no-JEPA,66,0.6,AT,61,0.9016393442622951
no-jepa,baseline no-JEPA,66,0.6,AV,64,0.5964912280701755
no-jepa,baseline no-JEPA,66,0.6,TV,78,0.8717948717948718
no-jepa,baseline no-JEPA,66,0.6,ATV,33,0.8794612794612795
no-jepa,baseline no-JEPA,66,0.6,NO_TEXT,348,0.6528179045233675
no-jepa,baseline no-JEPA,66,0.6,TEXT_PRESENT,308,0.863858235534536
no-jepa,baseline no-JEPA,66,0.6,ALL,656,0.7541366879345974
no-jepa,baseline no-JEPA,66,0.7,A,161,0.633730255892626
no-jepa,baseline no-JEPA,66,0.7,T,189,0.8676028743469733
no-jepa,baseline no-JEPA,66,0.7,V,170,0.6705882352941176
no-jepa,baseline no-JEPA,66,0.7,AT,37,0.9459459459459459
no-jepa,baseline no-JEPA,66,0.7,AV,37,0.6256347256347257
no-jepa,baseline no-JEPA,66,0.7,TV,46,0.9132081686429511
no-jepa,baseline no-JEPA,66,0.7,ATV,16,0.873015873015873
no-jepa,baseline no-JEPA,66,0.7,NO_TEXT,368,0.6520723727319746
no-jepa,baseline no-JEPA,66,0.7,TEXT_PRESENT,288,0.8853499618092112
no-jepa,baseline no-JEPA,66,0.7,ALL,656,0.7549917143504451
no-jepa,baseline no-JEPA,67,0.0,ATV,656,0.8697969823904403
no-jepa,baseline no-JEPA,67,0.0,TEXT_PRESENT,656,0.8697969823904403
no-jepa,baseline no-JEPA,67,0.0,ALL,656,0.8697969823904403
no-jepa,baseline no-JEPA,67,0.1,A,5,0.4
no-jepa,baseline no-JEPA,67,0.1,T,7,0.6714285714285715
no-jepa,baseline no-JEPA,67,0.1,V,6,0.8380952380952381
no-jepa,baseline no-JEPA,67,0.1,AT,55,0.8705516705516704
no-jepa,baseline no-JEPA,67,0.1,AV,59,0.765819209039548
no-jepa,baseline no-JEPA,67,0.1,TV,58,0.8790554948769959
no-jepa,baseline no-JEPA,67,0.1,ATV,466,0.8603666549305783
no-jepa,baseline no-JEPA,67,0.1,NO_TEXT,70,0.7467499699627538
no-jepa,baseline no-JEPA,67,0.1,TEXT_PRESENT,586,0.861342752639021
no-jepa,baseline no-JEPA,67,0.1,ALL,656,0.8488926185751124
no-jepa,baseline no-JEPA,67,0.2,A,18,0.7213622291021671
no-jepa,baseline no-JEPA,67,0.2,T,14,0.789152024446142
no-jepa,baseline no-JEPA,67,0.2,V,24,0.6018518518518519
no-jepa,baseline no-JEPA,67,0.2,AT,75,0.9063660762211486
no-jepa,baseline no-JEPA,67,0.2,AV,92,0.6851178274740687
no-jepa,baseline no-JEPA,67,0.2,TV,81,0.8658312447786131
no-jepa,baseline no-JEPA,67,0.2,ATV,352,0.8787321746880569
no-jepa,baseline no-JEPA,67,0.2,NO_TEXT,134,0.6734036057138854
no-jepa,baseline no-JEPA,67,0.2,TEXT_PRESENT,522,0.878073557317918
no-jepa,baseline no-JEPA,67,0.2,ALL,656,0.8363056295303274
no-jepa,baseline no-JEPA,67,0.3,A,45,0.6497354497354497
no-jepa,baseline no-JEPA,67,0.3,T,56,0.8368012955783481
no-jepa,baseline no-JEPA,67,0.3,V,50,0.662060606060606
no-jepa,baseline no-JEPA,67,0.3,AT,95,0.926163356903925
no-jepa,baseline no-JEPA,67,0.3,AV,99,0.6621997732192558
no-jepa,baseline no-JEPA,67,0.3,TV,89,0.864117358499381
no-jepa,baseline no-JEPA,67,0.3,ATV,222,0.8375657764970743
no-jepa,baseline no-JEPA,67,0.3,NO_TEXT,194,0.6593237166000421
no-jepa,baseline no-JEPA,67,0.3,TEXT_PRESENT,462,0.8608792277241476
no-jepa,baseline no-JEPA,67,0.3,ALL,656,0.8024740002329799
no-jepa,baseline no-JEPA,67,0.4,A,75,0.6399999999999999
no-jepa,baseline no-JEPA,67,0.4,T,88,0.9088530517101945
no-jepa,baseline no-JEPA,67,0.4,V,90,0.5613472886247147
no-jepa,baseline no-JEPA,67,0.4,AT,86,0.7921707699652185
no-jepa,baseline no-JEPA,67,0.4,AV,89,0.6384291480309806
no-jepa,baseline no-JEPA,67,0.4,TV,81,0.8242487770789658
no-jepa,baseline no-JEPA,67,0.4,ATV,147,0.8361507253503812
no-jepa,baseline no-JEPA,67,0.4,NO_TEXT,254,0.6189096519235976
no-jepa,baseline no-JEPA,67,0.4,TEXT_PRESENT,402,0.8401572384988638
no-jepa,baseline no-JEPA,67,0.4,ALL,656,0.7554871885657127
no-jepa,baseline no-JEPA,67,0.5,A,121,0.6037393307139954
no-jepa,baseline no-JEPA,67,0.5,T,105,0.8233122822299652
no-jepa,baseline no-JEPA,67,0.5,V,119,0.658242879452666
no-jepa,baseline no-JEPA,67,0.5,AT,77,0.8530138906588504
no-jepa,baseline no-JEPA,67,0.5,AV,80,0.6665991902834008
no-jepa,baseline no-JEPA,67,0.5,TV,78,0.8833474218089603
no-jepa,baseline no-JEPA,67,0.5,ATV,76,0.8923872180451126
no-jepa,baseline no-JEPA,67,0.5,NO_TEXT,320,0.640630028651046
no-jepa,baseline no-JEPA,67,0.5,TEXT_PRESENT,336,0.85988864359745
no-jepa,baseline no-JEPA,67,0.5,ALL,656,0.7533865557120616
no-jepa,baseline no-JEPA,67,0.6,A,139,0.6714784099290033
no-jepa,baseline no-JEPA,67,0.6,T,149,0.8178096557344395
no-jepa,baseline no-JEPA,67,0.6,V,147,0.5986394557823129
no-jepa,baseline no-JEPA,67,0.6,AT,67,0.8935999786398955
no-jepa,baseline no-JEPA,67,0.6,AV,64,0.7327437975927291
no-jepa,baseline no-JEPA,67,0.6,TV,58,0.8953266787658802
no-jepa,baseline no-JEPA,67,0.6,ATV,32,0.8665458937198067
no-jepa,baseline no-JEPA,67,0.6,NO_TEXT,350,0.6691767953308779
no-jepa,baseline no-JEPA,67,0.6,TEXT_PRESENT,306,0.853742512566042
no-jepa,baseline no-JEPA,67,0.6,ALL,656,0.7547981029909067
no-jepa,baseline no-JEPA,67,0.7,A,164,0.7095263343937785
no-jepa,baseline no-JEPA,67,0.7,T,163,0.8528680224039811
no-jepa,baseline no-JEPA,67,0.7,V,177,0.7002017305359792
no-jepa,baseline no-JEPA,67,0.7,AT,44,0.9083139083139083
no-jepa,baseline no-JEPA,67,0.7,AV,52,0.6119248068273556
no-jepa,baseline no-JEPA,67,0.7,TV,38,0.7606542784021364
no-jepa,baseline no-JEPA,67,0.7,ATV,18,0.9442724458204333
no-jepa,baseline no-JEPA,67,0.7,NO_TEXT,393,0.6929021064902935
no-jepa,baseline no-JEPA,67,0.7,TEXT_PRESENT,263,0.8556627231470847
no-jepa,baseline no-JEPA,67,0.7,ALL,656,0.7597623996659827
no-jepa,baseline no-JEPA,68,0.0,ATV,656,0.8747369905986095
no-jepa,baseline no-JEPA,68,0.0,TEXT_PRESENT,656,0.8747369905986095
no-jepa,baseline no-JEPA,68,0.0,ALL,656,0.8747369905986095
no-jepa,baseline no-JEPA,68,0.1,A,4,1.0
no-jepa,baseline no-JEPA,68,0.1,T,8,0.7333333333333334
no-jepa,baseline no-JEPA,68,0.1,V,3,0.3333333333333333
no-jepa,baseline no-JEPA,68,0.1,AT,47,0.8712605983042713
no-jepa,baseline no-JEPA,68,0.1,AV,53,0.6407337601807184
no-jepa,baseline no-JEPA,68,0.1,TV,71,0.887458081824279
no-jepa,baseline no-JEPA,68,0.1,ATV,470,0.8676600209194346
no-jepa,baseline no-JEPA,68,0.1,NO_TEXT,60,0.6488933601609658
no-jepa,baseline no-JEPA,68,0.1,TEXT_PRESENT,596,0.8689048595208639
no-jepa,baseline no-JEPA,68,0.1,ALL,656,0.8488101920216966
no-jepa,baseline no-JEPA,68,0.2,A,23,0.5959079283887468
no-jepa,baseline no-JEPA,68,0.2,T,19,0.8947368421052632
no-jepa,baseline no-JEPA,68,0.2,V,29,0.6258085532132719
no-jepa,baseline no-JEPA,68,0.2,AT,79,0.8729626871845786
no-jepa,baseline no-JEPA,68,0.2,AV,86,0.7458607696113881
no-jepa,baseline no-JEPA,68,0.2,TV,94,0.8302572186701394
no-jepa,baseline no-JEPA,68,0.2,ATV,326,0.8584877953269807
no-jepa,baseline no-JEPA,68,0.2,NO_TEXT,138,0.7033718761121555
no-jepa,baseline no-JEPA,68,0.2,TEXT_PRESENT,518,0.8568879107469711
no-jepa,baseline no-JEPA,68,0.2,ALL,656,0.8244712235973529
no-jepa,baseline no-JEPA,68,0.3,A,47,0.6672316213189673
no-jepa,baseline no-JEPA,68,0.3,T,59,0.782919505311336
no-jepa,baseline no-JEPA,68,0.3,V,41,0.6787672527888069
no-jepa,baseline no-JEPA,68,0.3,AT,93,0.9041482341275178
no-jepa,baseline no-JEPA,68,0.3,AV,92,0.686683979122207
no-jepa,baseline no-JEPA,68,0.3,TV,97,0.8360064366677866
no-jepa,baseline no-JEPA,68,0.3,ATV,227,0.8593162885805645
no-jepa,baseline no-JEPA,68,0.3,NO_TEXT,180,0.685383685987794
no-jepa,baseline no-JEPA,68,0.3,TEXT_PRESENT,476,0.8536965617380574
no-jepa,baseline no-JEPA,68,0.3,ALL,656,0.8075530803714405
no-jepa,baseline no-JEPA,68,0.4,A,85,0.7141509433962264
no-jepa,baseline no-JEPA,68,0.4,T,64,0.9217790469172193
no-jepa,baseline no-JEPA,68,0.4,V,65,0.5715244755244755
no-jepa,baseline no-JEPA,68,0.4,AT,92,0.835538752362949
no-jepa,baseline no-JEPA,68,0.4,AV,89,0.5735728067188742
no-jepa,baseline no-JEPA,68,0.4,TV,104,0.9126448893572181
no-jepa,baseline no-JEPA,68,0.4,ATV,157,0.8777030029585208
no-jepa,baseline no-JEPA,68,0.4,NO_TEXT,239,0.629105203795439
no-jepa,baseline no-JEPA,68,0.4,TEXT_PRESENT,417,0.8839287011948882
no-jepa,baseline no-JEPA,68,0.4,ALL,656,0.7913060294566705
no-jepa,baseline no-JEPA,68,0.5,A,109,0.7098378757701159
no-jepa,baseline no-JEPA,68,0.5,T,116,0.8628856624319419
no-jepa,baseline no-JEPA,68,0.5,V,98,0.6434150042397466
no-jepa,baseline no-JEPA,68,0.5,AT,88,0.8629227914942201
no-jepa,baseline no-JEPA,68,0.5,AV,83,0.6615540174883932
no-jepa,baseline no-JEPA,68,0.5,TV,86,0.8377401415571284
no-jepa,baseline no-JEPA,68,0.5,ATV,76,0.8819458432850853
no-jepa,baseline no-JEPA,68,0.5,NO_TEXT,290,0.6758620689655173
no-jepa,baseline no-JEPA,68,0.5,TEXT_PRESENT,366,0.8608789991492083
no-jepa,baseline no-JEPA,68,0.5,ALL,656,0.7791195202278631
no-jepa,baseline no-JEPA,68,0.6,A,150,0.7101612903225807
no-jepa,baseline no-JEPA,68,0.6,T,140,0.8360440239087761
no-jepa,baseline no-JEPA,68,0.6,V,150,0.6026196308998858
no-jepa,baseline no-JEPA,68,0.6,AT,70,0.8564408564408564
no-jepa,baseline no-JEPA,68,0.6,AV,44,0.6671185956900243
no-jepa,baseline no-JEPA,68,0.6,TV,64,0.8904906656841072
no-jepa,baseline no-JEPA,68,0.6,ATV,38,0.9735104452253157
no-jepa,baseline no-JEPA,68,0.6,NO_TEXT,344,0.6606120449949443
no-jepa,baseline no-JEPA,68,0.6,TEXT_PRESENT,312,0.8683784138973332
no-jepa,baseline no-JEPA,68,0.6,ALL,656,0.7590882070755458
no-jepa,baseline no-JEPA,68,0.7,A,177,0.6023410154436764
no-jepa,baseline no-JEPA,68,0.7,T,131,0.8994098681858813
no-jepa,baseline no-JEPA,68,0.7,V,195,0.6251048227653623
no-jepa,baseline no-JEPA,68,0.7,AT,44,0.8856749311294766
no-jepa,baseline no-JEPA,68,0.7,AV,45,0.6011857707509881
no-jepa,baseline no-JEPA,68,0.7,TV,42,0.7868601986249045
no-jepa,baseline no-JEPA,68,0.7,ATV,22,0.7722567287784678
no-jepa,baseline no-JEPA,68,0.7,NO_TEXT,417,0.616584992875265
no-jepa,baseline no-JEPA,68,0.7,TEXT_PRESENT,239,0.8651565951851359
no-jepa,baseline no-JEPA,68,0.7,ALL,656,0.7089495785328294
no-jepa,baseline no-JEPA,69,0.0,ATV,656,0.8737267460601196
no-jepa,baseline no-JEPA,69,0.0,TEXT_PRESENT,656,0.8737267460601196
no-jepa,baseline no-JEPA,69,0.0,ALL,656,0.8737267460601196
no-jepa,baseline no-JEPA,69,0.1,A,8,0.5769230769230769
no-jepa,baseline no-JEPA,69,0.1,T,6,1.0
no-jepa,baseline no-JEPA,69,0.1,V,7,0.7142857142857143
no-jepa,baseline no-JEPA,69,0.1,AT,48,0.8741071428571429
no-jepa,baseline no-JEPA,69,0.1,AV,56,0.6138040042149632
no-jepa,baseline no-JEPA,69,0.1,TV,49,0.8576318845895226
no-jepa,baseline no-JEPA,69,0.1,ATV,482,0.8665442453135577
no-jepa,baseline no-JEPA,69,0.1,NO_TEXT,71,0.6200449449946431
no-jepa,baseline no-JEPA,69,0.1,TEXT_PRESENT,585,0.8678068991898349
no-jepa,baseline no-JEPA,69,0.1,ALL,656,0.8420110330509841
no-jepa,baseline no-JEPA,69,0.2,A,29,0.5795241913926759
no-jepa,baseline no-JEPA,69,0.2,T,23,0.8685481820493264
no-jepa,baseline no-JEPA,69,0.2,V,24,0.662004662004662
no-jepa,baseline no-JEPA,69,0.2,AT,90,0.8222222222222222
no-jepa,baseline no-JEPA,69,0.2,AV,83,0.6872033588901058
no-jepa,baseline no-JEPA,69,0.2,TV,77,0.8571910789632309
no-jepa,baseline no-JEPA,69,0.2,ATV,330,0.8595787595516079
no-jepa,baseline no-JEPA,69,0.2,NO_TEXT,136,0.6694265941670787
no-jepa,baseline no-JEPA,69,0.2,TEXT_PRESENT,520,0.8534354839467538
no-jepa,baseline no-JEPA,69,0.2,ALL,656,0.8152124569154068
no-jepa,baseline no-JEPA,69,0.3,A,49,0.5258763792598379
no-jepa,baseline no-JEPA,69,0.3,T,45,0.8894660894660894
no-jepa,baseline no-JEPA,69,0.3,V,45,0.7093855428350201
no-jepa,baseline no-JEPA,69,0.3,AT,101,0.8509672804482149
no-jepa,baseline no-JEPA,69,0.3,AV,91,0.7193218350059286
no-jepa,baseline no-JEPA,69,0.3,TV,96,0.8327380952380953
no-jepa,baseline no-JEPA,69,0.3,ATV,229,0.8854414194758873
no-jepa,baseline no-JEPA,69,0.3,NO_TEXT,185,0.6871727464219985
no-jepa,baseline no-JEPA,69,0.3,TEXT_PRESENT,471,0.8674677263687587
no-jepa,baseline no-JEPA,69,0.3,ALL,656,0.8187597950614899
no-jepa,baseline no-JEPA,69,0.4,A,89,0.5748148811990994
no-jepa,baseline no-JEPA,69,0.4,T,77,0.8693469650916459
no-jepa,baseline no-JEPA,69,0.4,V,74,0.6196150696150695
no-jepa,baseline no-JEPA,69,0.4,AT,85,0.8265597147950088
no-jepa,baseline no-JEPA,69,0.4,AV,96,0.6957478632478632
no-jepa,baseline no-JEPA,69,0.4,TV,92,0.9007561436672968
no-jepa,baseline no-JEPA,69,0.4,ATV,143,0.8732538545791559
no-jepa,baseline no-JEPA,69,0.4,NO_TEXT,259,0.6359717596830999
no-jepa,baseline no-JEPA,69,0.4,TEXT_PRESENT,397,0.8694998294434765
no-jepa,baseline no-JEPA,69,0.4,ALL,656,0.777832185337731
no-jepa,baseline no-JEPA,69,0.5,A,120,0.6678518518518518
no-jepa,baseline no-JEPA,69,0.5,T,126,0.88958605664488
no-jepa,baseline no-JEPA,69,0.5,V,122,0.6214533193814673
no-jepa,baseline no-JEPA,69,0.5,AT,63,0.8258481130024165
no-jepa,baseline no-JEPA,69,0.5,AV,74,0.6623472787856349
no-jepa,baseline no-JEPA,69,0.5,TV,83,0.8792714718523217
no-jepa,baseline no-JEPA,69,0.5,ATV,68,0.8682369499523949
no-jepa,baseline no-JEPA,69,0.5,NO_TEXT,316,0.6506287740727971
no-jepa,baseline no-JEPA,69,0.5,TEXT_PRESENT,340,0.8708655462184874
no-jepa,baseline no-JEPA,69,0.5,ALL,656,0.7656345683027924
no-jepa,baseline no-JEPA,69,0.6,A,144,0.6443467739584245
no-jepa,baseline no-JEPA,69,0.6,T,156,0.8718793840745059
no-jepa,baseline no-JEPA,69,0.6,V,146,0.6961642234373874
no-jepa,baseline no-JEPA,69,0.6,AT,63,0.8405349794238683
no-jepa,baseline no-JEPA,69,0.6,AV,46,0.4891118543292456
no-jepa,baseline no-JEPA,69,0.6,TV,54,0.8379784466740988
no-jepa,baseline no-JEPA,69,0.6,ATV,47,0.8927454761360046
no-jepa,baseline no-JEPA,69,0.6,NO_TEXT,336,0.6499244630901662
no-jepa,baseline no-JEPA,69,0.6,TEXT_PRESENT,320,0.862763746803069
no-jepa,baseline no-JEPA,69,0.6,ALL,656,0.7564421181799231
no-jepa,baseline no-JEPA,69,0.7,A,149,0.5907548450343111
no-jepa,baseline no-JEPA,69,0.7,T,187,0.8818362296374861
no-jepa,baseline no-JEPA,69,0.7,V,166,0.7380256319395229
no-jepa,baseline no-JEPA,69,0.7,AT,43,0.878796831694312
no-jepa,baseline no-JEPA,69,0.7,AV,45,0.5401493930905695
no-jepa,baseline no-JEPA,69,0.7,TV,52,0.9418398502905545
no-jepa,baseline no-JEPA,69,0.7,ATV,14,0.9297173414820473
no-jepa,baseline no-JEPA,69,0.7,NO_TEXT,360,0.6533803987607543
no-jepa,baseline no-JEPA,69,0.7,TEXT_PRESENT,296,0.8943669510031066
no-jepa,baseline no-JEPA,69,0.7,ALL,656,0.7619083633039142
no-jepa,baseline no-JEPA,70,0.0,ATV,656,0.8732449084626344
no-jepa,baseline no-JEPA,70,0.0,TEXT_PRESENT,656,0.8732449084626344
no-jepa,baseline no-JEPA,70,0.0,ALL,656,0.8732449084626344
no-jepa,baseline no-JEPA,70,0.1,A,7,0.5904761904761904
no-jepa,baseline no-JEPA,70,0.1,T,5,0.888888888888889
no-jepa,baseline no-JEPA,70,0.1,V,6,0.6666666666666666
no-jepa,baseline no-JEPA,70,0.1,AT,54,0.8129084967320261
no-jepa,baseline no-JEPA,70,0.1,AV,54,0.6643772893772892
no-jepa,baseline no-JEPA,70,0.1,TV,63,0.9038819875776397
no-jepa,baseline no-JEPA,70,0.1,ATV,467,0.8713389288330675
no-jepa,baseline no-JEPA,70,0.1,NO_TEXT,67,0.6550325296593953
no-jepa,baseline no-JEPA,70,0.1,TEXT_PRESENT,589,0.868913324625971
no-jepa,baseline no-JEPA,70,0.1,ALL,656,0.8476335075957818
no-jepa,baseline no-JEPA,70,0.2,A,24,0.6147912885662432
no-jepa,baseline no-JEPA,70,0.2,T,24,0.8766603415559772
no-jepa,baseline no-JEPA,70,0.2,V,27,0.514349847683181
no-jepa,baseline no-JEPA,70,0.2,AT,80,0.849906191369606
no-jepa,baseline no-JEPA,70,0.2,AV,90,0.6247399423486653
no-jepa,baseline no-JEPA,70,0.2,TV,71,0.8725580808479094
no-jepa,baseline no-JEPA,70,0.2,ATV,340,0.861522677757972
no-jepa,baseline no-JEPA,70,0.2,NO_TEXT,141,0.6061823778889479
no-jepa,baseline no-JEPA,70,0.2,TEXT_PRESENT,515,0.8620853771690294
no-jepa,baseline no-JEPA,70,0.2,ALL,656,0.8086129345275687
no-jepa,baseline no-JEPA,70,0.3,A,42,0.7282913165266107
no-jepa,baseline no-JEPA,70,0.3,T,40,0.9
no-jepa,baseline no-JEPA,70,0.3,V,60,0.6651785714285715
no-jepa,baseline no-JEPA,70,0.3,AT,82,0.8302992812536821
no-jepa,baseline no-JEPA,70,0.3,AV,93,0.7456712383515087
no-jepa,baseline no-JEPA,70,0.3,TV,111,0.7571122311724731
no-jepa,baseline no-JEPA,70,0.3,ATV,228,0.8777699475373894
no-jepa,baseline no-JEPA,70,0.3,NO_TEXT,195,0.7164086254499702
no-jepa,baseline no-JEPA,70,0.3,TEXT_PRESENT,461,0.842374390170864
no-jepa,baseline no-JEPA,70,0.3,ALL,656,0.8067080146634045
no-jepa,baseline no-JEPA,70,0.4,A,77,0.6396464646464646
no-jepa,baseline no-JEPA,70,0.4,T,77,0.8804966750044277
no-jepa,baseline no-JEPA,70,0.4,V,68,0.6815415821501015
no-jepa,baseline no-JEPA,70,0.4,AT,104,0.8260104302477184
no-jepa,baseline no-JEPA,70,0.4,AV,104,0.6631192432163305
no-jepa,baseline no-JEPA,70,0.4,TV,90,0.8762774403813296
no-jepa,baseline no-JEPA,70,0.4,ATV,136,0.9119395061568542
no-jepa,baseline no-JEPA,70,0.4,NO_TEXT,249,0.6640212225046978
no-jepa,baseline no-JEPA,70,0.4,TEXT_PRESENT,407,0.8764589488480905
no-jepa,baseline no-JEPA,70,0.4,ALL,656,0.7955250507766353
no-jepa,baseline no-JEPA,70,0.5,A,123,0.5704188118640248
no-jepa,baseline no-JEPA,70,0.5,T,110,0.8720395443799699
no-jepa,baseline no-JEPA,70,0.5,V,105,0.6622265122265123
no-jepa,baseline no-JEPA,70,0.5,AT,85,0.8467996378045639
no-jepa,baseline no-JEPA,70,0.5,AV,81,0.6166916026070955
no-jepa,baseline no-JEPA,70,0.5,TV,81,0.8899709643095457
no-jepa,baseline no-JEPA,70,0.5,ATV,71,0.8834966319657072
no-jepa,baseline no-JEPA,70,0.5,NO_TEXT,309,0.6221999266463234
no-jepa,baseline no-JEPA,70,0.5,TEXT_PRESENT,347,0.8725553655695225
no-jepa,baseline no-JEPA,70,0.5,ALL,656,0.7545129435759259
no-jepa,baseline no-JEPA,70,0.6,A,143,0.6733483621641516
no-jepa,baseline no-JEPA,70,0.6,T,158,0.8677234241992394
no-jepa,baseline no-JEPA,70,0.6,V,110,0.6631522232741435
no-jepa,baseline no-JEPA,70,0.6,AT,75,0.8133333333333334
no-jepa,baseline no-JEPA,70,0.6,AV,73,0.60399266598079
no-jepa,baseline no-JEPA,70,0.6,TV,61,0.8034902168164991
no-jepa,baseline no-JEPA,70,0.6,ATV,36,0.8888888888888888
no-jepa,baseline no-JEPA,70,0.6,NO_TEXT,326,0.654790590639141
no-jepa,baseline no-JEPA,70,0.6,TEXT_PRESENT,330,0.8456632544403901
no-jepa,baseline no-JEPA,70,0.6,ALL,656,0.7522913864161006
no-jepa,baseline no-JEPA,70,0.7,A,169,0.6679961425356875
no-jepa,baseline no-JEPA,70,0.7,T,168,0.8540870893812069
no-jepa,baseline no-JEPA,70,0.7,V,183,0.6616879174256223
no-jepa,baseline no-JEPA,70,0.7,AT,52,0.8621097212646508
no-jepa,baseline no-JEPA,70,0.7,AV,32,0.5435606060606061
no-jepa,baseline no-JEPA,70,0.7,TV,41,0.811588592076397
no-jepa,baseline no-JEPA,70,0.7,ATV,11,1.0
no-jepa,baseline no-JEPA,70,0.7,NO_TEXT,384,0.6571927106186924
no-jepa,baseline no-JEPA,70,0.7,TEXT_PRESENT,272,0.8545441271695383
no-jepa,baseline no-JEPA,70,0.7,ALL,656,0.7389963411751944
no-jepa-pb,no-JEPA + pattern-balanced,66,0.0,ATV,656,0.8743508616710264
no-jepa-pb,no-JEPA + pattern-balanced,66,0.0,TEXT_PRESENT,656,0.8743508616710264
no-jepa-pb,no-JEPA + pattern-balanced,66,0.0,ALL,656,0.8743508616710264
no-jepa-pb,no-JEPA + pattern-balanced,66,0.1,A,6,0.8285714285714286
no-jepa-pb,no-JEPA + pattern-balanced,66,0.1,T,6,0.8000000000000002
no-jepa-pb,no-JEPA + pattern-balanced,66,0.1,V,8,0.7500000000000001
no-jepa-pb,no-JEPA + pattern-balanced,66,0.1,AT,50,0.8211868131868131
no-jepa-pb,no-JEPA + pattern-balanced,66,0.1,AV,55,0.7423418972332015
no-jepa-pb,no-JEPA + pattern-balanced,66,0.1,TV,60,0.9495297805642634
no-jepa-pb,no-JEPA + pattern-balanced,66,0.1,ATV,471,0.8678147260621994
no-jepa-pb,no-JEPA + pattern-balanced,66,0.1,NO_TEXT,69,0.7526846100759146
no-jepa-pb,no-JEPA + pattern-balanced,66,0.1,TEXT_PRESENT,587,0.8700090492941438
no-jepa-pb,no-JEPA + pattern-balanced,66,0.1,ALL,656,0.8576345510825185
no-jepa-pb,no-JEPA + pattern-balanced,66,0.2,A,21,0.8577966655769859
no-jepa-pb,no-JEPA + pattern-balanced,66,0.2,T,23,0.8247694334650856
no-jepa-pb,no-JEPA + pattern-balanced,66,0.2,V,30,0.6833333333333332
no-jepa-pb,no-JEPA + pattern-balanced,66,0.2,AT,77,0.8565656565656565
no-jepa-pb,no-JEPA + pattern-balanced,66,0.2,AV,93,0.6835369191610425
no-jepa-pb,no-JEPA + pattern-balanced,66,0.2,TV,85,0.8927367873092414
no-jepa-pb,no-JEPA + pattern-balanced,66,0.2,ATV,327,0.8685980616744449
no-jepa-pb,no-JEPA + pattern-balanced,66,0.2,NO_TEXT,144,0.7073863636363636
no-jepa-pb,no-JEPA + pattern-balanced,66,0.2,TEXT_PRESENT,512,0.8689439899108171
no-jepa-pb,no-JEPA + pattern-balanced,66,0.2,ALL,656,0.8335384942461103
no-jepa-pb,no-JEPA + pattern-balanced,66,0.3,A,47,0.7886130811662727
no-jepa-pb,no-JEPA + pattern-balanced,66,0.3,T,41,0.9031392227797876
no-jepa-pb,no-JEPA + pattern-balanced,66,0.3,V,41,0.7460466362905387
no-jepa-pb,no-JEPA + pattern-balanced,66,0.3,AT,100,0.807692957449055
no-jepa-pb,no-JEPA + pattern-balanced,66,0.3,AV,114,0.6471653586521047
no-jepa-pb,no-JEPA + pattern-balanced,66,0.3,TV,77,0.8821142830406855
no-jepa-pb,no-JEPA + pattern-balanced,66,0.3,ATV,236,0.8561680286521388
no-jepa-pb,no-JEPA + pattern-balanced,66,0.3,NO_TEXT,202,0.7014810251235805
no-jepa-pb,no-JEPA + pattern-balanced,66,0.3,TEXT_PRESENT,454,0.8543926207814214
no-jepa-pb,no-JEPA + pattern-balanced,66,0.3,ALL,656,0.8081302327433308
no-jepa-pb,no-JEPA + pattern-balanced,66,0.4,A,69,0.6418219461697724
no-jepa-pb,no-JEPA + pattern-balanced,66,0.4,T,68,0.7912280701754386
no-jepa-pb,no-JEPA + pattern-balanced,66,0.4,V,93,0.6989247311827957
no-jepa-pb,no-JEPA + pattern-balanced,66,0.4,AT,97,0.9072560066116355
no-jepa-pb,no-JEPA + pattern-balanced,66,0.4,AV,90,0.7465465465465466
no-jepa-pb,no-JEPA + pattern-balanced,66,0.4,TV,100,0.8671186810787204
no-jepa-pb,no-JEPA + pattern-balanced,66,0.4,ATV,139,0.8491669071778027
no-jepa-pb,no-JEPA + pattern-balanced,66,0.4,NO_TEXT,252,0.7002662439282159
no-jepa-pb,no-JEPA + pattern-balanced,66,0.4,TEXT_PRESENT,404,0.8580875925430382
no-jepa-pb,no-JEPA + pattern-balanced,66,0.4,ALL,656,0.7972063446931563
no-jepa-pb,no-JEPA + pattern-balanced,66,0.5,A,99,0.7161242050130939
no-jepa-pb,no-JEPA + pattern-balanced,66,0.5,T,120,0.8748858126624974
no-jepa-pb,no-JEPA + pattern-balanced,66,0.5,V,118,0.6687855344324959
no-jepa-pb,no-JEPA + pattern-balanced,66,0.5,AT,76,0.7781291185087561
no-jepa-pb,no-JEPA + pattern-balanced,66,0.5,AV,84,0.6249111293409898
no-jepa-pb,no-JEPA + pattern-balanced,66,0.5,TV,89,0.9096996101811512
no-jepa-pb,no-JEPA + pattern-balanced,66,0.5,ATV,70,0.8844456191357208
no-jepa-pb,no-JEPA + pattern-balanced,66,0.5,NO_TEXT,301,0.6756192395326317
no-jepa-pb,no-JEPA + pattern-balanced,66,0.5,TEXT_PRESENT,355,0.8645189820240122
no-jepa-pb,no-JEPA + pattern-balanced,66,0.5,ALL,656,0.7794725077213815
no-jepa-pb,no-JEPA + pattern-balanced,66,0.6,A,129,0.6549098367054381
no-jepa-pb,no-JEPA + pattern-balanced,66,0.6,T,136,0.8970588235294118
no-jepa-pb,no-JEPA + pattern-balanced,66,0.6,V,155,0.6495667073050184
no-jepa-pb,no-JEPA + pattern-balanced,66,0.6,AT,61,0.9177578060193311
no-jepa-pb,no-JEPA + pattern-balanced,66,0.6,AV,64,0.643687707641196
no-jepa-pb,no-JEPA + pattern-balanced,66,0.6,TV,78,0.8436196610527429
no-jepa-pb,no-JEPA + pattern-balanced,66,0.6,ATV,33,0.8794612794612795
no-jepa-pb,no-JEPA + pattern-balanced,66,0.6,NO_TEXT,348,0.6521181619731694
no-jepa-pb,no-JEPA + pattern-balanced,66,0.6,TEXT_PRESENT,308,0.8860754215295256
no-jepa-pb,no-JEPA + pattern-balanced,66,0.6,ALL,656,0.7618270592172044
no-jepa-pb,no-JEPA + pattern-balanced,66,0.7,A,161,0.6546943919344675
no-jepa-pb,no-JEPA + pattern-balanced,66,0.7,T,189,0.8721952373559265
no-jepa-pb,no-JEPA + pattern-balanced,66,0.7,V,170,0.6826627975604957
no-jepa-pb,no-JEPA + pattern-balanced,66,0.7,AT,37,0.9447747747747749
no-jepa-pb,no-JEPA + pattern-balanced,66,0.7,AV,37,0.6849611760097694
no-jepa-pb,no-JEPA + pattern-balanced,66,0.7,TV,46,0.8462800530068781
no-jepa-pb,no-JEPA + pattern-balanced,66,0.7,ATV,16,1.0
no-jepa-pb,no-JEPA + pattern-balanced,66,0.7,NO_TEXT,368,0.6718269066155057
no-jepa-pb,no-JEPA + pattern-balanced,66,0.7,TEXT_PRESENT,288,0.8845151828847481
no-jepa-pb,no-JEPA + pattern-balanced,66,0.7,ALL,656,0.7648805584580094
no-jepa-pb,no-JEPA + pattern-balanced,67,0.0,ATV,656,0.8708238441482316
no-jepa-pb,no-JEPA + pattern-balanced,67,0.0,TEXT_PRESENT,656,0.8708238441482316
no-jepa-pb,no-JEPA + pattern-balanced,67,0.0,ALL,656,0.8708238441482316
no-jepa-pb,no-JEPA + pattern-balanced,67,0.1,A,5,0.4499999999999999
no-jepa-pb,no-JEPA + pattern-balanced,67,0.1,T,7,0.8507936507936508
no-jepa-pb,no-JEPA + pattern-balanced,67,0.1,V,6,0.8380952380952381
no-jepa-pb,no-JEPA + pattern-balanced,67,0.1,AT,55,0.8290754844307336
no-jepa-pb,no-JEPA + pattern-balanced,67,0.1,AV,59,0.8629624909731958
no-jepa-pb,no-JEPA + pattern-balanced,67,0.1,TV,58,0.8614002089864159
no-jepa-pb,no-JEPA + pattern-balanced,67,0.1,ATV,466,0.8615966874021557
no-jepa-pb,no-JEPA + pattern-balanced,67,0.1,NO_TEXT,70,0.8406369141063018
no-jepa-pb,no-JEPA + pattern-balanced,67,0.1,TEXT_PRESENT,586,0.8586198134023089
no-jepa-pb,no-JEPA + pattern-balanced,67,0.1,ALL,656,0.856699164521801
no-jepa-pb,no-JEPA + pattern-balanced,67,0.2,A,18,0.625
no-jepa-pb,no-JEPA + pattern-balanced,67,0.2,T,14,0.8571428571428571
no-jepa-pb,no-JEPA + pattern-balanced,67,0.2,V,24,0.6175438596491227
no-jepa-pb,no-JEPA + pattern-balanced,67,0.2,AT,75,0.933357053904999
no-jepa-pb,no-JEPA + pattern-balanced,67,0.2,AV,92,0.7038501928790429
no-jepa-pb,no-JEPA + pattern-balanced,67,0.2,TV,81,0.8738095238095238
no-jepa-pb,no-JEPA + pattern-balanced,67,0.2,ATV,352,0.8664243110890552
no-jepa-pb,no-JEPA + pattern-balanced,67,0.2,NO_TEXT,134,0.6928184006803648
no-jepa-pb,no-JEPA + pattern-balanced,67,0.2,TEXT_PRESENT,522,0.8775437051299121
no-jepa-pb,no-JEPA + pattern-balanced,67,0.2,ALL,656,0.8395484497038836
no-jepa-pb,no-JEPA + pattern-balanced,67,0.3,A,45,0.6687931951089846
no-jepa-pb,no-JEPA + pattern-balanced,67,0.3,T,56,0.8226049313005834
no-jepa-pb,no-JEPA + pattern-balanced,67,0.3,V,50,0.6210852713178293
no-jepa-pb,no-JEPA + pattern-balanced,67,0.3,AT,95,0.926163356903925
no-jepa-pb,no-JEPA + pattern-balanced,67,0.3,AV,99,0.6546112115732369
no-jepa-pb,no-JEPA + pattern-balanced,67,0.3,TV,89,0.876562524692236
no-jepa-pb,no-JEPA + pattern-balanced,67,0.3,ATV,222,0.8339039319431476
no-jepa-pb,no-JEPA + pattern-balanced,67,0.3,NO_TEXT,194,0.6490449323538353
no-jepa-pb,no-JEPA + pattern-balanced,67,0.3,TEXT_PRESENT,462,0.8596428834717151
no-jepa-pb,no-JEPA + pattern-balanced,67,0.3,ALL,656,0.7983571068172738
no-jepa-pb,no-JEPA + pattern-balanced,67,0.4,A,75,0.6784750733137831
no-jepa-pb,no-JEPA + pattern-balanced,67,0.4,T,88,0.8978203083466241
no-jepa-pb,no-JEPA + pattern-balanced,67,0.4,V,90,0.5368773946360152
no-jepa-pb,no-JEPA + pattern-balanced,67,0.4,AT,86,0.754825049445202
no-jepa-pb,no-JEPA + pattern-balanced,67,0.4,AV,89,0.6861417245196596
no-jepa-pb,no-JEPA + pattern-balanced,67,0.4,TV,81,0.8534580498866213
no-jepa-pb,no-JEPA + pattern-balanced,67,0.4,ATV,147,0.8300431646996818
no-jepa-pb,no-JEPA + pattern-balanced,67,0.4,NO_TEXT,254,0.6323815753062817
no-jepa-pb,no-JEPA + pattern-balanced,67,0.4,TEXT_PRESENT,402,0.8336775130947162
no-jepa-pb,no-JEPA + pattern-balanced,67,0.4,ALL,656,0.7575629387728232
no-jepa-pb,no-JEPA + pattern-balanced,67,0.5,A,121,0.6215627347858753
no-jepa-pb,no-JEPA + pattern-balanced,67,0.5,T,105,0.8188819875776397
no-jepa-pb,no-JEPA + pattern-balanced,67,0.5,V,119,0.7209477197472395
no-jepa-pb,no-JEPA + pattern-balanced,67,0.5,AT,77,0.8829163631016436
no-jepa-pb,no-JEPA + pattern-balanced,67,0.5,AV,80,0.5580484330484331
no-jepa-pb,no-JEPA + pattern-balanced,67,0.5,TV,78,0.8847492192976865
no-jepa-pb,no-JEPA + pattern-balanced,67,0.5,ATV,76,0.8434321096859797
no-jepa-pb,no-JEPA + pattern-balanced,67,0.5,NO_TEXT,320,0.6456667917802903
no-jepa-pb,no-JEPA + pattern-balanced,67,0.5,TEXT_PRESENT,336,0.8543952025742284
no-jepa-pb,no-JEPA + pattern-balanced,67,0.5,ALL,656,0.7530487804878048
no-jepa-pb,no-JEPA + pattern-balanced,67,0.6,A,139,0.6603503907837185
no-jepa-pb,no-JEPA + pattern-balanced,67,0.6,T,149,0.8322601840679346
no-jepa-pb,no-JEPA + pattern-balanced,67,0.6,V,147,0.6265449786319726
no-jepa-pb,no-JEPA + pattern-balanced,67,0.6,AT,67,0.9104477611940298
no-jepa-pb,no-JEPA + pattern-balanced,67,0.6,AV,64,0.703052503052503
no-jepa-pb,no-JEPA + pattern-balanced,67,0.6,TV,58,0.8474592490988548
no-jepa-pb,no-JEPA + pattern-balanced,67,0.6,ATV,32,0.7560728744939271
no-jepa-pb,no-JEPA + pattern-balanced,67,0.6,NO_TEXT,350,0.6658561824209188
no-jepa-pb,no-JEPA + pattern-balanced,67,0.6,TEXT_PRESENT,306,0.8435708581363699
no-jepa-pb,no-JEPA + pattern-balanced,67,0.6,ALL,656,0.7504777615747366
no-jepa-pb,no-JEPA + pattern-balanced,67,0.7,A,164,0.7373479470253664
no-jepa-pb,no-JEPA + pattern-balanced,67,0.7,T,163,0.8459074944152668
no-jepa-pb,no-JEPA + pattern-balanced,67,0.7,V,177,0.6641220543938059
no-jepa-pb,no-JEPA + pattern-balanced,67,0.7,AT,44,0.9083139083139083
no-jepa-pb,no-JEPA + pattern-balanced,67,0.7,AV,52,0.606508875739645
no-jepa-pb,no-JEPA + pattern-balanced,67,0.7,TV,38,0.7606542784021364
no-jepa-pb,no-JEPA + pattern-balanced,67,0.7,ATV,18,0.8888888888888888
no-jepa-pb,no-JEPA + pattern-balanced,67,0.7,NO_TEXT,393,0.6882322689746175
no-jepa-pb,no-JEPA + pattern-balanced,67,0.7,TEXT_PRESENT,263,0.8478607081820624
no-jepa-pb,no-JEPA + pattern-balanced,67,0.7,ALL,656,0.7522105701507199
no-jepa-pb,no-JEPA + pattern-balanced,68,0.0,ATV,656,0.8684727139479187
no-jepa-pb,no-JEPA + pattern-balanced,68,0.0,TEXT_PRESENT,656,0.8684727139479187
no-jepa-pb,no-JEPA + pattern-balanced,68,0.0,ALL,656,0.8684727139479187
no-jepa-pb,no-JEPA + pattern-balanced,68,0.1,A,4,1.0
no-jepa-pb,no-JEPA + pattern-balanced,68,0.1,T,8,0.873015873015873
no-jepa-pb,no-JEPA + pattern-balanced,68,0.1,V,3,0.5333333333333333
no-jepa-pb,no-JEPA + pattern-balanced,68,0.1,AT,47,0.8932202549223826
no-jepa-pb,no-JEPA + pattern-balanced,68,0.1,AV,53,0.6490414183212481
no-jepa-pb,no-JEPA + pattern-balanced,68,0.1,TV,71,0.8869150386188097
no-jepa-pb,no-JEPA + pattern-balanced,68,0.1,ATV,470,0.8547379478779578
no-jepa-pb,no-JEPA + pattern-balanced,68,0.1,NO_TEXT,60,0.6666666666666666
no-jepa-pb,no-JEPA + pattern-balanced,68,0.1,TEXT_PRESENT,596,0.8620400218819878
no-jepa-pb,no-JEPA + pattern-balanced,68,0.1,ALL,656,0.8460340979344729
no-jepa-pb,no-JEPA + pattern-balanced,68,0.2,A,23,0.6242236024844721
no-jepa-pb,no-JEPA + pattern-balanced,68,0.2,T,19,0.7894736842105263
no-jepa-pb,no-JEPA + pattern-balanced,68,0.2,V,29,0.5613644790507972
no-jepa-pb,no-JEPA + pattern-balanced,68,0.2,AT,79,0.873703921761031
no-jepa-pb,no-JEPA + pattern-balanced,68,0.2,AV,86,0.7569216015344041
no-jepa-pb,no-JEPA + pattern-balanced,68,0.2,TV,94,0.8302572186701394
no-jepa-pb,no-JEPA + pattern-balanced,68,0.2,ATV,326,0.8654672194675558
no-jepa-pb,no-JEPA + pattern-balanced,68,0.2,NO_TEXT,138,0.6985382308845578
no-jepa-pb,no-JEPA + pattern-balanced,68,0.2,TEXT_PRESENT,518,0.8575806590752243
no-jepa-pb,no-JEPA + pattern-balanced,68,0.2,ALL,656,0.8239048508012253
no-jepa-pb,no-JEPA + pattern-balanced,68,0.3,A,47,0.636318654131618
no-jepa-pb,no-JEPA + pattern-balanced,68,0.3,T,59,0.8318390239908295
no-jepa-pb,no-JEPA + pattern-balanced,68,0.3,V,41,0.6863963229297947
no-jepa-pb,no-JEPA + pattern-balanced,68,0.3,AT,93,0.8828478417114107
no-jepa-pb,no-JEPA + pattern-balanced,68,0.3,AV,92,0.7314853899910886
no-jepa-pb,no-JEPA + pattern-balanced,68,0.3,TV,97,0.8455958131774799
no-jepa-pb,no-JEPA + pattern-balanced,68,0.3,ATV,227,0.8583856182975125
no-jepa-pb,no-JEPA + pattern-balanced,68,0.3,NO_TEXT,180,0.6962514471666823
no-jepa-pb,no-JEPA + pattern-balanced,68,0.3,TEXT_PRESENT,476,0.8571428571428571
no-jepa-pb,no-JEPA + pattern-balanced,68,0.3,ALL,656,0.812872165848129
no-jepa-pb,no-JEPA + pattern-balanced,68,0.4,A,85,0.6678492239467849
no-jepa-pb,no-JEPA + pattern-balanced,68,0.4,T,64,0.8414039039039038
no-jepa-pb,no-JEPA + pattern-balanced,68,0.4,V,65,0.6282935455349249
no-jepa-pb,no-JEPA + pattern-balanced,68,0.4,AT,92,0.8657608695652173
no-jepa-pb,no-JEPA + pattern-balanced,68,0.4,AV,89,0.5914073972883439
no-jepa-pb,no-JEPA + pattern-balanced,68,0.4,TV,104,0.9309729473945926
no-jepa-pb,no-JEPA + pattern-balanced,68,0.4,ATV,157,0.8710597733031984
no-jepa-pb,no-JEPA + pattern-balanced,68,0.4,NO_TEXT,239,0.6315928882013058
no-jepa-pb,no-JEPA + pattern-balanced,68,0.4,TEXT_PRESENT,417,0.8802212950256364
no-jepa-pb,no-JEPA + pattern-balanced,68,0.4,ALL,656,0.7912087418474955
no-jepa-pb,no-JEPA + pattern-balanced,68,0.5,A,109,0.7062737466407192
no-jepa-pb,no-JEPA + pattern-balanced,68,0.5,T,116,0.860087062182217
no-jepa-pb,no-JEPA + pattern-balanced,68,0.5,V,98,0.66548553487329
no-jepa-pb,no-JEPA + pattern-balanced,68,0.5,AT,88,0.8629227914942201
no-jepa-pb,no-JEPA + pattern-balanced,68,0.5,AV,83,0.7207950089314044
no-jepa-pb,no-JEPA + pattern-balanced,68,0.5,TV,86,0.8480214698755635
no-jepa-pb,no-JEPA + pattern-balanced,68,0.5,ATV,76,0.8564364884468422
no-jepa-pb,no-JEPA + pattern-balanced,68,0.5,NO_TEXT,290,0.6967537920537448
no-jepa-pb,no-JEPA + pattern-balanced,68,0.5,TEXT_PRESENT,366,0.8572106420375184
no-jepa-pb,no-JEPA + pattern-balanced,68,0.5,ALL,656,0.7874115936281315
no-jepa-pb,no-JEPA + pattern-balanced,68,0.6,A,150,0.7208920539730135
no-jepa-pb,no-JEPA + pattern-balanced,68,0.6,T,140,0.8361781552294412
no-jepa-pb,no-JEPA + pattern-balanced,68,0.6,V,150,0.5942766646009777
no-jepa-pb,no-JEPA + pattern-balanced,68,0.6,AT,70,0.856909430438842
no-jepa-pb,no-JEPA + pattern-balanced,68,0.6,AV,44,0.7254180602006689
no-jepa-pb,no-JEPA + pattern-balanced,68,0.6,TV,64,0.9209993773349938
no-jepa-pb,no-JEPA + pattern-balanced,68,0.6,ATV,38,0.9735104452253157
no-jepa-pb,no-JEPA + pattern-balanced,68,0.6,NO_TEXT,344,0.6715279430620282
no-jepa-pb,no-JEPA + pattern-balanced,68,0.6,TEXT_PRESENT,312,0.874798979073073
no-jepa-pb,no-JEPA + pattern-balanced,68,0.6,ALL,656,0.7712660340230857
no-jepa-pb,no-JEPA + pattern-balanced,68,0.7,A,177,0.6381410755815631
no-jepa-pb,no-JEPA + pattern-balanced,68,0.7,T,131,0.898755812933228
no-jepa-pb,no-JEPA + pattern-balanced,68,0.7,V,195,0.6256410256410257
no-jepa-pb,no-JEPA + pattern-balanced,68,0.7,AT,44,0.8856749311294766
no-jepa-pb,no-JEPA + pattern-balanced,68,0.7,AV,45,0.6465608465608467
no-jepa-pb,no-JEPA + pattern-balanced,68,0.7,TV,42,0.7868601986249045
no-jepa-pb,no-JEPA + pattern-balanced,68,0.7,ATV,22,0.8166666666666665
no-jepa-pb,no-JEPA + pattern-balanced,68,0.7,NO_TEXT,417,0.6332749896928075
no-jepa-pb,no-JEPA + pattern-balanced,68,0.7,TEXT_PRESENT,239,0.8688327140907006
no-jepa-pb,no-JEPA + pattern-balanced,68,0.7,ALL,656,0.7210354968021436
no-jepa-pb,no-JEPA + pattern-balanced,69,0.0,ATV,656,0.8735649667511216
no-jepa-pb,no-JEPA + pattern-balanced,69,0.0,TEXT_PRESENT,656,0.8735649667511216
no-jepa-pb,no-JEPA + pattern-balanced,69,0.0,ALL,656,0.8735649667511216
no-jepa-pb,no-JEPA + pattern-balanced,69,0.1,A,8,0.75
no-jepa-pb,no-JEPA + pattern-balanced,69,0.1,T,6,0.6666666666666666
no-jepa-pb,no-JEPA + pattern-balanced,69,0.1,V,7,0.6233766233766234
no-jepa-pb,no-JEPA + pattern-balanced,69,0.1,AT,48,0.8045081967213115
no-jepa-pb,no-JEPA + pattern-balanced,69,0.1,AV,56,0.6465201465201466
no-jepa-pb,no-JEPA + pattern-balanced,69,0.1,TV,49,0.8576318845895226
no-jepa-pb,no-JEPA + pattern-balanced,69,0.1,ATV,482,0.8710240809253544
no-jepa-pb,no-JEPA + pattern-balanced,69,0.1,NO_TEXT,71,0.6556529292150698
no-jepa-pb,no-JEPA + pattern-balanced,69,0.1,TEXT_PRESENT,585,0.8626101555768401
no-jepa-pb,no-JEPA + pattern-balanced,69,0.1,ALL,656,0.8396471733563448
no-jepa-pb,no-JEPA + pattern-balanced,69,0.2,A,29,0.5795241913926759
no-jepa-pb,no-JEPA + pattern-balanced,69,0.2,T,23,0.8685481820493264
no-jepa-pb,no-JEPA + pattern-balanced,69,0.2,V,24,0.615079365079365
no-jepa-pb,no-JEPA + pattern-balanced,69,0.2,AT,90,0.8558699270259891
no-jepa-pb,no-JEPA + pattern-balanced,69,0.2,AV,83,0.6632390025217149
no-jepa-pb,no-JEPA + pattern-balanced,69,0.2,TV,77,0.856168554378273
no-jepa-pb,no-JEPA + pattern-balanced,69,0.2,ATV,330,0.862514688601645
no-jepa-pb,no-JEPA + pattern-balanced,69,0.2,NO_TEXT,136,0.6481388621022179
no-jepa-pb,no-JEPA + pattern-balanced,69,0.2,TEXT_PRESENT,520,0.8608100407391808
no-jepa-pb,no-JEPA + pattern-balanced,69,0.2,ALL,656,0.8165827878407462
no-jepa-pb,no-JEPA + pattern-balanced,69,0.3,A,49,0.673469387755102
no-jepa-pb,no-JEPA + pattern-balanced,69,0.3,T,45,0.9336796536796537
no-jepa-pb,no-JEPA + pattern-balanced,69,0.3,V,45,0.7775581906016688
no-jepa-pb,no-JEPA + pattern-balanced,69,0.3,AT,101,0.8391133230970156
no-jepa-pb,no-JEPA + pattern-balanced,69,0.3,AV,91,0.7063596352031895
no-jepa-pb,no-JEPA + pattern-balanced,69,0.3,TV,96,0.8009526343303088
no-jepa-pb,no-JEPA + pattern-balanced,69,0.3,ATV,229,0.8854414194758873
no-jepa-pb,no-JEPA + pattern-balanced,69,0.3,NO_TEXT,185,0.7144474963093259
no-jepa-pb,no-JEPA + pattern-balanced,69,0.3,TEXT_PRESENT,471,0.8629057630358714
no-jepa-pb,no-JEPA + pattern-balanced,69,0.3,ALL,656,0.820895080394136
no-jepa-pb,no-JEPA + pattern-balanced,69,0.4,A,89,0.551396902520498
no-jepa-pb,no-JEPA + pattern-balanced,69,0.4,T,77,0.8574917146345719
no-jepa-pb,no-JEPA + pattern-balanced,69,0.4,V,74,0.5767281704781705
no-jepa-pb,no-JEPA + pattern-balanced,69,0.4,AT,85,0.881344537815126
no-jepa-pb,no-JEPA + pattern-balanced,69,0.4,AV,96,0.7004741616272678
no-jepa-pb,no-JEPA + pattern-balanced,69,0.4,TV,92,0.8999900164728198
no-jepa-pb,no-JEPA + pattern-balanced,69,0.4,ATV,143,0.8873367596259162
no-jepa-pb,no-JEPA + pattern-balanced,69,0.4,NO_TEXT,259,0.6278052312475669
no-jepa-pb,no-JEPA + pattern-balanced,69,0.4,TEXT_PRESENT,397,0.8831898521612516
no-jepa-pb,no-JEPA + pattern-balanced,69,0.4,ALL,656,0.7823562684792666
no-jepa-pb,no-JEPA + pattern-balanced,69,0.5,A,120,0.7118095238095239
no-jepa-pb,no-JEPA + pattern-balanced,69,0.5,T,126,0.8738126361655773
no-jepa-pb,no-JEPA + pattern-balanced,69,0.5,V,122,0.6270412326342896
no-jepa-pb,no-JEPA + pattern-balanced,69,0.5,AT,63,0.8042443064182195
no-jepa-pb,no-JEPA + pattern-balanced,69,0.5,AV,74,0.6623472787856349
no-jepa-pb,no-JEPA + pattern-balanced,69,0.5,TV,83,0.8404248999584173
no-jepa-pb,no-JEPA + pattern-balanced,69,0.5,ATV,68,0.8529411764705883
no-jepa-pb,no-JEPA + pattern-balanced,69,0.5,NO_TEXT,316,0.6684198895949035
no-jepa-pb,no-JEPA + pattern-balanced,69,0.5,TEXT_PRESENT,340,0.848874744260059
no-jepa-pb,no-JEPA + pattern-balanced,69,0.5,ALL,656,0.7619083633039142
no-jepa-pb,no-JEPA + pattern-balanced,69,0.6,A,144,0.6659424583580223
no-jepa-pb,no-JEPA + pattern-balanced,69,0.6,T,156,0.8710260254488141
no-jepa-pb,no-JEPA + pattern-balanced,69,0.6,V,146,0.6930267737957264
no-jepa-pb,no-JEPA + pattern-balanced,69,0.6,AT,63,0.8394548394548395
no-jepa-pb,no-JEPA + pattern-balanced,69,0.6,AV,46,0.5652173913043478
no-jepa-pb,no-JEPA + pattern-balanced,69,0.6,TV,54,0.8319191919191918
no-jepa-pb,no-JEPA + pattern-balanced,69,0.6,ATV,47,0.911393570968039
no-jepa-pb,no-JEPA + pattern-balanced,69,0.6,NO_TEXT,336,0.6641188882249259
no-jepa-pb,no-JEPA + pattern-balanced,69,0.6,TEXT_PRESENT,320,0.8640106668441913
no-jepa-pb,no-JEPA + pattern-balanced,69,0.6,ALL,656,0.7612687279722538
no-jepa-pb,no-JEPA + pattern-balanced,69,0.7,A,149,0.5822863205684958
no-jepa-pb,no-JEPA + pattern-balanced,69,0.7,T,187,0.8716577540106952
no-jepa-pb,no-JEPA + pattern-balanced,69,0.7,V,166,0.7210073059699204
no-jepa-pb,no-JEPA + pattern-balanced,69,0.7,AT,43,0.928759462592921
no-jepa-pb,no-JEPA + pattern-balanced,69,0.7,AV,45,0.7091099015888724
no-jepa-pb,no-JEPA + pattern-balanced,69,0.7,TV,52,0.8846153846153846
no-jepa-pb,no-JEPA + pattern-balanced,69,0.7,ATV,14,1.0
no-jepa-pb,no-JEPA + pattern-balanced,69,0.7,NO_TEXT,360,0.6631334659467651
no-jepa-pb,no-JEPA + pattern-balanced,69,0.7,TEXT_PRESENT,296,0.8883700302619222
no-jepa-pb,no-JEPA + pattern-balanced,69,0.7,ALL,656,0.7642799054336636
no-jepa-pb,no-JEPA + pattern-balanced,70,0.0,ATV,656,0.8726885023614727
no-jepa-pb,no-JEPA + pattern-balanced,70,0.0,TEXT_PRESENT,656,0.8726885023614727
no-jepa-pb,no-JEPA + pattern-balanced,70,0.0,ALL,656,0.8726885023614727
no-jepa-pb,no-JEPA + pattern-balanced,70,0.1,A,7,0.7142857142857144
no-jepa-pb,no-JEPA + pattern-balanced,70,0.1,T,5,0.888888888888889
no-jepa-pb,no-JEPA + pattern-balanced,70,0.1,V,6,0.6666666666666666
no-jepa-pb,no-JEPA + pattern-balanced,70,0.1,AT,54,0.8697569065242893
no-jepa-pb,no-JEPA + pattern-balanced,70,0.1,AV,54,0.5942714692714693
no-jepa-pb,no-JEPA + pattern-balanced,70,0.1,TV,63,0.9202929219088659
no-jepa-pb,no-JEPA + pattern-balanced,70,0.1,ATV,467,0.8693348417152004
no-jepa-pb,no-JEPA + pattern-balanced,70,0.1,NO_TEXT,67,0.6134994669509595
no-jepa-pb,no-JEPA + pattern-balanced,70,0.1,TEXT_PRESENT,589,0.8742188971682565
no-jepa-pb,no-JEPA + pattern-balanced,70,0.1,ALL,656,0.8476335075957818
no-jepa-pb,no-JEPA + pattern-balanced,70,0.2,A,24,0.830952380952381
no-jepa-pb,no-JEPA + pattern-balanced,70,0.2,T,24,0.8333333333333334
no-jepa-pb,no-JEPA + pattern-balanced,70,0.2,V,27,0.5592592592592593
no-jepa-pb,no-JEPA + pattern-balanced,70,0.2,AT,80,0.85
no-jepa-pb,no-JEPA + pattern-balanced,70,0.2,AV,90,0.6989988876529477
no-jepa-pb,no-JEPA + pattern-balanced,70,0.2,TV,71,0.8575602163706878
no-jepa-pb,no-JEPA + pattern-balanced,70,0.2,ATV,340,0.8493463492092135
no-jepa-pb,no-JEPA + pattern-balanced,70,0.2,NO_TEXT,141,0.6942371646914546
no-jepa-pb,no-JEPA + pattern-balanced,70,0.2,TEXT_PRESENT,515,0.8499468063685138
no-jepa-pb,no-JEPA + pattern-balanced,70,0.2,ALL,656,0.8172436053957528
no-jepa-pb,no-JEPA + pattern-balanced,70,0.3,A,42,0.6878063473808156
no-jepa-pb,no-JEPA + pattern-balanced,70,0.3,T,40,0.8994949494949495
no-jepa-pb,no-JEPA + pattern-balanced,70,0.3,V,60,0.6491228070175439
no-jepa-pb,no-JEPA + pattern-balanced,70,0.3,AT,82,0.8876759975621402
no-jepa-pb,no-JEPA + pattern-balanced,70,0.3,AV,93,0.7103621152494615
no-jepa-pb,no-JEPA + pattern-balanced,70,0.3,TV,111,0.8156025767966067
no-jepa-pb,no-JEPA + pattern-balanced,70,0.3,ATV,228,0.8644758817172612
no-jepa-pb,no-JEPA + pattern-balanced,70,0.3,NO_TEXT,195,0.6895247109551135
no-jepa-pb,no-JEPA + pattern-balanced,70,0.3,TEXT_PRESENT,461,0.8602977896430408
no-jepa-pb,no-JEPA + pattern-balanced,70,0.3,ALL,656,0.8104730885610913
no-jepa-pb,no-JEPA + pattern-balanced,70,0.4,A,77,0.639242832639059
no-jepa-pb,no-JEPA + pattern-balanced,70,0.4,T,77,0.8691359660747416
no-jepa-pb,no-JEPA + pattern-balanced,70,0.4,V,68,0.6287680836148111
no-jepa-pb,no-JEPA + pattern-balanced,70,0.4,AT,104,0.8453426046646386
no-jepa-pb,no-JEPA + pattern-balanced,70,0.4,AV,104,0.6354288568574282
no-jepa-pb,no-JEPA + pattern-balanced,70,0.4,TV,90,0.8666666666666667
no-jepa-pb,no-JEPA + pattern-balanced,70,0.4,ATV,136,0.8895775978627396
no-jepa-pb,no-JEPA + pattern-balanced,70,0.4,NO_TEXT,249,0.6438833050028147
no-jepa-pb,no-JEPA + pattern-balanced,70,0.4,TEXT_PRESENT,407,0.8693819257617478
no-jepa-pb,no-JEPA + pattern-balanced,70,0.4,ALL,656,0.7835365853658537
no-jepa-pb,no-JEPA + pattern-balanced,70,0.5,A,123,0.5645528455284553
no-jepa-pb,no-JEPA + pattern-balanced,70,0.5,T,110,0.8197094849373028
no-jepa-pb,no-JEPA + pattern-balanced,70,0.5,V,105,0.659129706573904
no-jepa-pb,no-JEPA + pattern-balanced,70,0.5,AT,85,0.8691026647421776
no-jepa-pb,no-JEPA + pattern-balanced,70,0.5,AV,81,0.625514403292181
no-jepa-pb,no-JEPA + pattern-balanced,70,0.5,TV,81,0.9374534545874109
no-jepa-pb,no-JEPA + pattern-balanced,70,0.5,ATV,71,0.8873239436619719
no-jepa-pb,no-JEPA + pattern-balanced,70,0.5,NO_TEXT,309,0.613459863752959
no-jepa-pb,no-JEPA + pattern-balanced,70,0.5,TEXT_PRESENT,347,0.8735980905705729
no-jepa-pb,no-JEPA + pattern-balanced,70,0.5,ALL,656,0.7522105701507199
no-jepa-pb,no-JEPA + pattern-balanced,70,0.6,A,143,0.669129839232932
no-jepa-pb,no-JEPA + pattern-balanced,70,0.6,T,158,0.890211667887157
no-jepa-pb,no-JEPA + pattern-balanced,70,0.6,V,110,0.6459023923444975
no-jepa-pb,no-JEPA + pattern-balanced,70,0.6,AT,75,0.8232156862745098
no-jepa-pb,no-JEPA + pattern-balanced,70,0.6,AV,73,0.6273780840475446
no-jepa-pb,no-JEPA + pattern-balanced,70,0.6,TV,61,0.7568497076693798
no-jepa-pb,no-JEPA + pattern-balanced,70,0.6,ATV,36,0.8601398601398602
no-jepa-pb,no-JEPA + pattern-balanced,70,0.6,NO_TEXT,326,0.6552344448250972
no-jepa-pb,no-JEPA + pattern-balanced,70,0.6,TEXT_PRESENT,330,0.8477991550292361
no-jepa-pb,no-JEPA + pattern-balanced,70,0.6,ALL,656,0.7516532491239363
no-jepa-pb,no-JEPA + pattern-balanced,70,0.7,A,169,0.6599783013838508
no-jepa-pb,no-JEPA + pattern-balanced,70,0.7,T,168,0.8571428571428571
no-jepa-pb,no-JEPA + pattern-balanced,70,0.7,V,183,0.6555296222953595
no-jepa-pb,no-JEPA + pattern-balanced,70,0.7,AT,52,0.8846153846153846
no-jepa-pb,no-JEPA + pattern-balanced,70,0.7,AV,32,0.45909090909090905
no-jepa-pb,no-JEPA + pattern-balanced,70,0.7,TV,41,0.8566738139908873
no-jepa-pb,no-JEPA + pattern-balanced,70,0.7,ATV,11,0.9075369075369075
no-jepa-pb,no-JEPA + pattern-balanced,70,0.7,NO_TEXT,384,0.6436197916666667
no-jepa-pb,no-JEPA + pattern-balanced,70,0.7,TEXT_PRESENT,272,0.8642499328217099
no-jepa-pb,no-JEPA + pattern-balanced,70,0.7,ALL,656,0.7354954560527076
no-jepa-groupdro,no-JEPA + GroupDRO,66,0.0,ATV,656,0.8559631828911765
no-jepa-groupdro,no-JEPA + GroupDRO,66,0.0,TEXT_PRESENT,656,0.8559631828911765
no-jepa-groupdro,no-JEPA + GroupDRO,66,0.0,ALL,656,0.8559631828911765
no-jepa-groupdro,no-JEPA + GroupDRO,66,0.1,A,6,0.6249999999999999
no-jepa-groupdro,no-JEPA + GroupDRO,66,0.1,T,6,0.8000000000000002
no-jepa-groupdro,no-JEPA + GroupDRO,66,0.1,V,8,0.8681818181818182
no-jepa-groupdro,no-JEPA + GroupDRO,66,0.1,AT,50,0.8211868131868131
no-jepa-groupdro,no-JEPA + GroupDRO,66,0.1,AV,55,0.7024793388429753
no-jepa-groupdro,no-JEPA + GroupDRO,66,0.1,TV,60,0.9333333333333333
no-jepa-groupdro,no-JEPA + GroupDRO,66,0.1,ATV,471,0.8479313181439709
no-jepa-groupdro,no-JEPA + GroupDRO,66,0.1,NO_TEXT,69,0.720502224751173
no-jepa-groupdro,no-JEPA + GroupDRO,66,0.1,TEXT_PRESENT,587,0.8523102474848986
no-jepa-groupdro,no-JEPA + GroupDRO,66,0.1,ALL,656,0.8384673195524841
no-jepa-groupdro,no-JEPA + GroupDRO,66,0.2,A,21,0.6207792207792208
no-jepa-groupdro,no-JEPA + GroupDRO,66,0.2,T,23,0.7301003344481607
no-jepa-groupdro,no-JEPA + GroupDRO,66,0.2,V,30,0.6749590834697218
no-jepa-groupdro,no-JEPA + GroupDRO,66,0.2,AT,77,0.8335496690864221
no-jepa-groupdro,no-JEPA + GroupDRO,66,0.2,AV,93,0.658364733633551
no-jepa-groupdro,no-JEPA + GroupDRO,66,0.2,TV,85,0.894499836330983
no-jepa-groupdro,no-JEPA + GroupDRO,66,0.2,ATV,327,0.8504391701923568
no-jepa-groupdro,no-JEPA + GroupDRO,66,0.2,NO_TEXT,144,0.659188790560472
no-jepa-groupdro,no-JEPA + GroupDRO,66,0.2,TEXT_PRESENT,512,0.8501520416295216
no-jepa-groupdro,no-JEPA + GroupDRO,66,0.2,ALL,656,0.8085517233027344
no-jepa-groupdro,no-JEPA + GroupDRO,66,0.3,A,47,0.7463356973995273
no-jepa-groupdro,no-JEPA + GroupDRO,66,0.3,T,41,0.951514080358195
no-jepa-groupdro,no-JEPA + GroupDRO,66,0.3,V,41,0.6952559635486464
no-jepa-groupdro,no-JEPA + GroupDRO,66,0.3,AT,100,0.82
no-jepa-groupdro,no-JEPA + GroupDRO,66,0.3,AV,114,0.6668721109399076
no-jepa-groupdro,no-JEPA + GroupDRO,66,0.3,TV,77,0.8821142830406855
no-jepa-groupdro,no-JEPA + GroupDRO,66,0.3,ATV,236,0.8109419344050611
no-jepa-groupdro,no-JEPA + GroupDRO,66,0.3,NO_TEXT,202,0.693069306930693
no-jepa-groupdro,no-JEPA + GroupDRO,66,0.3,TEXT_PRESENT,454,0.8376240499588518
no-jepa-groupdro,no-JEPA + GroupDRO,66,0.3,ALL,656,0.7932132047757825
no-jepa-groupdro,no-JEPA + GroupDRO,66,0.4,A,69,0.4689675059967755
no-jepa-groupdro,no-JEPA + GroupDRO,66,0.4,T,68,0.8508771929824561
no-jepa-groupdro,no-JEPA + GroupDRO,66,0.4,V,93,0.6755491052726077
no-jepa-groupdro,no-JEPA + GroupDRO,66,0.4,AT,97,0.8246300791591554
no-jepa-groupdro,no-JEPA + GroupDRO,66,0.4,AV,90,0.6921212121212121
no-jepa-groupdro,no-JEPA + GroupDRO,66,0.4,TV,100,0.8778125
no-jepa-groupdro,no-JEPA + GroupDRO,66,0.4,ATV,139,0.8411536676757759
no-jepa-groupdro,no-JEPA + GroupDRO,66,0.4,NO_TEXT,252,0.6520486899760317
no-jepa-groupdro,no-JEPA + GroupDRO,66,0.4,TEXT_PRESENT,404,0.8477883059990298
no-jepa-groupdro,no-JEPA + GroupDRO,66,0.4,ALL,656,0.7725764363395025
no-jepa-groupdro,no-JEPA + GroupDRO,66,0.5,A,99,0.6745638200183655
no-jepa-groupdro,no-JEPA + GroupDRO,66,0.5,T,120,0.908249595952498
no-jepa-groupdro,no-JEPA + GroupDRO,66,0.5,V,118,0.5994874968331956
no-jepa-groupdro,no-JEPA + GroupDRO,66,0.5,AT,76,0.7661857057416267
no-jepa-groupdro,no-JEPA + GroupDRO,66,0.5,AV,84,0.6663417803768681
no-jepa-groupdro,no-JEPA + GroupDRO,66,0.5,TV,89,0.8652707876529465
no-jepa-groupdro,no-JEPA + GroupDRO,66,0.5,ATV,70,0.7214285714285714
no-jepa-groupdro,no-JEPA + GroupDRO,66,0.5,NO_TEXT,301,0.6454295102340372
no-jepa-groupdro,no-JEPA + GroupDRO,66,0.5,TEXT_PRESENT,355,0.8291648478940846
no-jepa-groupdro,no-JEPA + GroupDRO,66,0.5,ALL,656,0.7487017233420525
no-jepa-groupdro,no-JEPA + GroupDRO,66,0.6,A,129,0.6859747344243469
no-jepa-groupdro,no-JEPA + GroupDRO,66,0.6,T,136,0.8534517973856209
no-jepa-groupdro,no-JEPA + GroupDRO,66,0.6,V,155,0.6316598240469208
no-jepa-groupdro,no-JEPA + GroupDRO,66,0.6,AT,61,0.8855628143661065
no-jepa-groupdro,no-JEPA + GroupDRO,66,0.6,AV,64,0.552536231884058
no-jepa-groupdro,no-JEPA + GroupDRO,66,0.6,TV,78,0.8977084930573304
no-jepa-groupdro,no-JEPA + GroupDRO,66,0.6,ATV,33,0.7878787878787878
no-jepa-groupdro,no-JEPA + GroupDRO,66,0.6,NO_TEXT,348,0.6398687829784456
no-jepa-groupdro,no-JEPA + GroupDRO,66,0.6,TEXT_PRESENT,308,0.8642386407069805
no-jepa-groupdro,no-JEPA + GroupDRO,66,0.6,ALL,656,0.7506804142759528
no-jepa-groupdro,no-JEPA + GroupDRO,66,0.7,A,161,0.623994545241469
no-jepa-groupdro,no-JEPA + GroupDRO,66,0.7,T,189,0.8365872751662451
no-jepa-groupdro,no-JEPA + GroupDRO,66,0.7,V,170,0.6266753956809074
no-jepa-groupdro,no-JEPA + GroupDRO,66,0.7,AT,37,0.8673501087294192
no-jepa-groupdro,no-JEPA + GroupDRO,66,0.7,AV,37,0.6727859935407107
no-jepa-groupdro,no-JEPA + GroupDRO,66,0.7,TV,46,0.8474622086374317
no-jepa-groupdro,no-JEPA + GroupDRO,66,0.7,ATV,16,0.805668016194332
no-jepa-groupdro,no-JEPA + GroupDRO,66,0.7,NO_TEXT,368,0.6299928804654703
no-jepa-groupdro,no-JEPA + GroupDRO,66,0.7,TEXT_PRESENT,288,0.8409820203801684
no-jepa-groupdro,no-JEPA + GroupDRO,66,0.7,ALL,656,0.7283883966871616
no-jepa-groupdro,no-JEPA + GroupDRO,67,0.0,ATV,656,0.8467693435012515
no-jepa-groupdro,no-JEPA + GroupDRO,67,0.0,TEXT_PRESENT,656,0.8467693435012515
no-jepa-groupdro,no-JEPA + GroupDRO,67,0.0,ALL,656,0.8467693435012515
no-jepa-groupdro,no-JEPA + GroupDRO,67,0.1,A,5,0.4499999999999999
no-jepa-groupdro,no-JEPA + GroupDRO,67,0.1,T,7,0.7142857142857143
no-jepa-groupdro,no-JEPA + GroupDRO,67,0.1,V,6,0.6666666666666666
no-jepa-groupdro,no-JEPA + GroupDRO,67,0.1,AT,55,0.8527667984189722
no-jepa-groupdro,no-JEPA + GroupDRO,67,0.1,AV,59,0.7820380632152091
no-jepa-groupdro,no-JEPA + GroupDRO,67,0.1,TV,58,0.8267502612330199
no-jepa-groupdro,no-JEPA + GroupDRO,67,0.1,ATV,466,0.8492000596524755
no-jepa-groupdro,no-JEPA + GroupDRO,67,0.1,NO_TEXT,70,0.7580382315580754
no-jepa-groupdro,no-JEPA + GroupDRO,67,0.1,TEXT_PRESENT,586,0.8456793194551779
no-jepa-groupdro,no-JEPA + GroupDRO,67,0.1,ALL,656,0.8362031931809621
no-jepa-groupdro,no-JEPA + GroupDRO,67,0.2,A,18,0.6666666666666666
no-jepa-groupdro,no-JEPA + GroupDRO,67,0.2,T,14,0.7794486215538846
no-jepa-groupdro,no-JEPA + GroupDRO,67,0.2,V,24,0.6803849303849304
no-jepa-groupdro,no-JEPA + GroupDRO,67,0.2,AT,75,0.8666666666666667
no-jepa-groupdro,no-JEPA + GroupDRO,67,0.2,AV,92,0.6729724080267558
no-jepa-groupdro,no-JEPA + GroupDRO,67,0.2,TV,81,0.841436925647452
no-jepa-groupdro,no-JEPA + GroupDRO,67,0.2,ATV,352,0.8591183480660902
no-jepa-groupdro,no-JEPA + GroupDRO,67,0.2,NO_TEXT,134,0.6767900156479159
no-jepa-groupdro,no-JEPA + GroupDRO,67,0.2,TEXT_PRESENT,522,0.8555271922149729
no-jepa-groupdro,no-JEPA + GroupDRO,67,0.2,ALL,656,0.8190655056156291
no-jepa-groupdro,no-JEPA + GroupDRO,67,0.3,A,45,0.6305171530977982
no-jepa-groupdro,no-JEPA + GroupDRO,67,0.3,T,56,0.8197278911564626
no-jepa-groupdro,no-JEPA + GroupDRO,67,0.3,V,50,0.7018065034122841
no-jepa-groupdro,no-JEPA + GroupDRO,67,0.3,AT,95,0.9046041189931349
no-jepa-groupdro,no-JEPA + GroupDRO,67,0.3,AV,99,0.5972489674386091
no-jepa-groupdro,no-JEPA + GroupDRO,67,0.3,TV,89,0.8196217576326804
no-jepa-groupdro,no-JEPA + GroupDRO,67,0.3,ATV,222,0.8247081430876351
no-jepa-groupdro,no-JEPA + GroupDRO,67,0.3,NO_TEXT,194,0.6380559779925561
no-jepa-groupdro,no-JEPA + GroupDRO,67,0.3,TEXT_PRESENT,462,0.8395726951067507
no-jepa-groupdro,no-JEPA + GroupDRO,67,0.3,ALL,656,0.7816307841553439
no-jepa-groupdro,no-JEPA + GroupDRO,67,0.4,A,75,0.6659368728334245
no-jepa-groupdro,no-JEPA + GroupDRO,67,0.4,T,88,0.8627751196172249
no-jepa-groupdro,no-JEPA + GroupDRO,67,0.4,V,90,0.536
no-jepa-groupdro,no-JEPA + GroupDRO,67,0.4,AT,86,0.784391013007489
no-jepa-groupdro,no-JEPA + GroupDRO,67,0.4,AV,89,0.5862050427396376
no-jepa-groupdro,no-JEPA + GroupDRO,67,0.4,TV,81,0.8201502201502202
no-jepa-groupdro,no-JEPA + GroupDRO,67,0.4,ATV,147,0.8228471876555501
no-jepa-groupdro,no-JEPA + GroupDRO,67,0.4,NO_TEXT,254,0.6017885773328108
no-jepa-groupdro,no-JEPA + GroupDRO,67,0.4,TEXT_PRESENT,402,0.8238287922488868
no-jepa-groupdro,no-JEPA + GroupDRO,67,0.4,ALL,656,0.7421711743238514
no-jepa-groupdro,no-JEPA + GroupDRO,67,0.5,A,121,0.5665496454177972
no-jepa-groupdro,no-JEPA + GroupDRO,67,0.5,T,105,0.7695238095238096
no-jepa-groupdro,no-JEPA + GroupDRO,67,0.5,V,119,0.689624926157434
no-jepa-groupdro,no-JEPA + GroupDRO,67,0.5,AT,77,0.8291074005359721
no-jepa-groupdro,no-JEPA + GroupDRO,67,0.5,AV,80,0.5891562294001318
no-jepa-groupdro,no-JEPA + GroupDRO,67,0.5,TV,78,0.8713663787193199
no-jepa-groupdro,no-JEPA + GroupDRO,67,0.5,ATV,76,0.8304108884048782
no-jepa-groupdro,no-JEPA + GroupDRO,67,0.5,NO_TEXT,320,0.6275046106612469
no-jepa-groupdro,no-JEPA + GroupDRO,67,0.5,TEXT_PRESENT,336,0.8209836742062775
no-jepa-groupdro,no-JEPA + GroupDRO,67,0.5,ALL,656,0.7294158690494531
no-jepa-groupdro,no-JEPA + GroupDRO,67,0.6,A,139,0.6567382457670227
no-jepa-groupdro,no-JEPA + GroupDRO,67,0.6,T,149,0.8188735825900653
no-jepa-groupdro,no-JEPA + GroupDRO,67,0.6,V,147,0.5964391959708119
no-jepa-groupdro,no-JEPA + GroupDRO,67,0.6,AT,67,0.9396050052766471
no-jepa-groupdro,no-JEPA + GroupDRO,67,0.6,AV,64,0.6469661150512215
no-jepa-groupdro,no-JEPA + GroupDRO,67,0.6,TV,58,0.8620689655172413
no-jepa-groupdro,no-JEPA + GroupDRO,67,0.6,ATV,32,0.875
no-jepa-groupdro,no-JEPA + GroupDRO,67,0.6,NO_TEXT,350,0.6276707046454946
no-jepa-groupdro,no-JEPA + GroupDRO,67,0.6,TEXT_PRESENT,306,0.8589714527058304
no-jepa-groupdro,no-JEPA + GroupDRO,67,0.6,ALL,656,0.739730820957467
no-jepa-groupdro,no-JEPA + GroupDRO,67,0.7,A,164,0.6970866274179984
no-jepa-groupdro,no-JEPA + GroupDRO,67,0.7,T,163,0.8533289008431806
no-jepa-groupdro,no-JEPA + GroupDRO,67,0.7,V,177,0.7100212237109238
no-jepa-groupdro,no-JEPA + GroupDRO,67,0.7,AT,44,0.9319965748537178
no-jepa-groupdro,no-JEPA + GroupDRO,67,0.7,AV,52,0.6538461538461539
no-jepa-groupdro,no-JEPA + GroupDRO,67,0.7,TV,38,0.6789031402034498
no-jepa-groupdro,no-JEPA + GroupDRO,67,0.7,ATV,18,0.7662337662337663
no-jepa-groupdro,no-JEPA + GroupDRO,67,0.7,NO_TEXT,393,0.7006525184955776
no-jepa-groupdro,no-JEPA + GroupDRO,67,0.7,TEXT_PRESENT,263,0.8378928983079614
no-jepa-groupdro,no-JEPA + GroupDRO,67,0.7,ALL,656,0.7557956649437109
no-jepa-groupdro,no-JEPA + GroupDRO,68,0.0,ATV,656,0.8552177406971684
no-jepa-groupdro,no-JEPA + GroupDRO,68,0.0,TEXT_PRESENT,656,0.8552177406971684
no-jepa-groupdro,no-JEPA + GroupDRO,68,0.0,ALL,656,0.8552177406971684
no-jepa-groupdro,no-JEPA + GroupDRO,68,0.1,A,4,1.0
no-jepa-groupdro,no-JEPA + GroupDRO,68,0.1,T,8,0.873015873015873
no-jepa-groupdro,no-JEPA + GroupDRO,68,0.1,V,3,0.3333333333333333
no-jepa-groupdro,no-JEPA + GroupDRO,68,0.1,AT,47,0.8712605983042713
no-jepa-groupdro,no-JEPA + GroupDRO,68,0.1,AV,53,0.6558955347756321
no-jepa-groupdro,no-JEPA + GroupDRO,68,0.1,TV,71,0.9015266423717128
no-jepa-groupdro,no-JEPA + GroupDRO,68,0.1,ATV,470,0.8536132923917263
no-jepa-groupdro,no-JEPA + GroupDRO,68,0.1,NO_TEXT,60,0.6611829220524873
no-jepa-groupdro,no-JEPA + GroupDRO,68,0.1,TEXT_PRESENT,596,0.8609763667613174
no-jepa-groupdro,no-JEPA + GroupDRO,68,0.1,ALL,656,0.8430986936791027
no-jepa-groupdro,no-JEPA + GroupDRO,68,0.2,A,23,0.6242236024844721
no-jepa-groupdro,no-JEPA + GroupDRO,68,0.2,T,19,0.8293460925039873
no-jepa-groupdro,no-JEPA + GroupDRO,68,0.2,V,29,0.6141592044723692
no-jepa-groupdro,no-JEPA + GroupDRO,68,0.2,AT,79,0.8309376758235765
no-jepa-groupdro,no-JEPA + GroupDRO,68,0.2,AV,86,0.7330392166327176
no-jepa-groupdro,no-JEPA + GroupDRO,68,0.2,TV,94,0.8130919342760231
no-jepa-groupdro,no-JEPA + GroupDRO,68,0.2,ATV,326,0.8346607183380377
no-jepa-groupdro,no-JEPA + GroupDRO,68,0.2,NO_TEXT,138,0.6933382593139924
no-jepa-groupdro,no-JEPA + GroupDRO,68,0.2,TEXT_PRESENT,518,0.8302107723351876
no-jepa-groupdro,no-JEPA + GroupDRO,68,0.2,ALL,656,0.8010353047310909
no-jepa-groupdro,no-JEPA + GroupDRO,68,0.3,A,47,0.7423427636193594
no-jepa-groupdro,no-JEPA + GroupDRO,68,0.3,T,59,0.8611038678835288
no-jepa-groupdro,no-JEPA + GroupDRO,68,0.3,V,41,0.6450743210453475
no-jepa-groupdro,no-JEPA + GroupDRO,68,0.3,AT,93,0.8918639758461783
no-jepa-groupdro,no-JEPA + GroupDRO,68,0.3,AV,92,0.6946816770186335
no-jepa-groupdro,no-JEPA + GroupDRO,68,0.3,TV,97,0.8536422744787884
no-jepa-groupdro,no-JEPA + GroupDRO,68,0.3,ATV,227,0.8049705006917149
no-jepa-groupdro,no-JEPA + GroupDRO,68,0.3,NO_TEXT,180,0.6999031778415575
no-jepa-groupdro,no-JEPA + GroupDRO,68,0.3,TEXT_PRESENT,476,0.8390227297193694
no-jepa-groupdro,no-JEPA + GroupDRO,68,0.3,ALL,656,0.8021562754704084
no-jepa-groupdro,no-JEPA + GroupDRO,68,0.4,A,85,0.7169435215946843
no-jepa-groupdro,no-JEPA + GroupDRO,68,0.4,T,64,0.90625
no-jepa-groupdro,no-JEPA + GroupDRO,68,0.4,V,65,0.5932950191570882
no-jepa-groupdro,no-JEPA + GroupDRO,68,0.4,AT,92,0.835538752362949
no-jepa-groupdro,no-JEPA + GroupDRO,68,0.4,AV,89,0.4441769217050115
no-jepa-groupdro,no-JEPA + GroupDRO,68,0.4,TV,104,0.9234714003944773
no-jepa-groupdro,no-JEPA + GroupDRO,68,0.4,ATV,157,0.8571247823689077
no-jepa-groupdro,no-JEPA + GroupDRO,68,0.4,NO_TEXT,239,0.5871719244428273
no-jepa-groupdro,no-JEPA + GroupDRO,68,0.4,TEXT_PRESENT,417,0.8767502356160155
no-jepa-groupdro,no-JEPA + GroupDRO,68,0.4,ALL,656,0.7772464788551319
no-jepa-groupdro,no-JEPA + GroupDRO,68,0.5,A,109,0.6383436774976151
no-jepa-groupdro,no-JEPA + GroupDRO,68,0.5,T,116,0.8589080459770114
no-jepa-groupdro,no-JEPA + GroupDRO,68,0.5,V,98,0.6517153413089374
no-jepa-groupdro,no-JEPA + GroupDRO,68,0.5,AT,88,0.8496203557049415
no-jepa-groupdro,no-JEPA + GroupDRO,68,0.5,AV,83,0.7590361445783133
no-jepa-groupdro,no-JEPA + GroupDRO,68,0.5,TV,86,0.8338945596127539
no-jepa-groupdro,no-JEPA + GroupDRO,68,0.5,ATV,76,0.8674420426065164
no-jepa-groupdro,no-JEPA + GroupDRO,68,0.5,NO_TEXT,290,0.6775555184588756
no-jepa-groupdro,no-JEPA + GroupDRO,68,0.5,TEXT_PRESENT,366,0.8523717493178887
no-jepa-groupdro,no-JEPA + GroupDRO,68,0.5,ALL,656,0.7747507082381444
no-jepa-groupdro,no-JEPA + GroupDRO,68,0.6,A,150,0.7044210526315791
no-jepa-groupdro,no-JEPA + GroupDRO,68,0.6,T,140,0.8857142857142857
no-jepa-groupdro,no-JEPA + GroupDRO,68,0.6,V,150,0.6355054711742609
no-jepa-groupdro,no-JEPA + GroupDRO,68,0.6,AT,70,0.8417289377289378
no-jepa-groupdro,no-JEPA + GroupDRO,68,0.6,AV,44,0.7518392756083757
no-jepa-groupdro,no-JEPA + GroupDRO,68,0.6,TV,64,0.8740079365079365
no-jepa-groupdro,no-JEPA + GroupDRO,68,0.6,ATV,38,0.9214487832484437
no-jepa-groupdro,no-JEPA + GroupDRO,68,0.6,NO_TEXT,344,0.6829080631613766
no-jepa-groupdro,no-JEPA + GroupDRO,68,0.6,TEXT_PRESENT,312,0.8777486256871564
no-jepa-groupdro,no-JEPA + GroupDRO,68,0.6,ALL,656,0.7746988286752168
no-jepa-groupdro,no-JEPA + GroupDRO,68,0.7,A,177,0.5847243179593953
no-jepa-groupdro,no-JEPA + GroupDRO,68,0.7,T,131,0.8666580411437442
no-jepa-groupdro,no-JEPA + GroupDRO,68,0.7,V,195,0.6039886039886041
no-jepa-groupdro,no-JEPA + GroupDRO,68,0.7,AT,44,0.8373977465658281
no-jepa-groupdro,no-JEPA + GroupDRO,68,0.7,AV,45,0.6362278244631185
no-jepa-groupdro,no-JEPA + GroupDRO,68,0.7,TV,42,0.7583774250440916
no-jepa-groupdro,no-JEPA + GroupDRO,68,0.7,ATV,22,0.811965811965812
no-jepa-groupdro,no-JEPA + GroupDRO,68,0.7,NO_TEXT,417,0.5992745565917154
no-jepa-groupdro,no-JEPA + GroupDRO,68,0.7,TEXT_PRESENT,239,0.836836008873907
no-jepa-groupdro,no-JEPA + GroupDRO,68,0.7,ALL,656,0.6852390499078648
no-jepa-groupdro,no-JEPA + GroupDRO,69,0.0,ATV,656,0.8481465269130819
no-jepa-groupdro,no-JEPA + GroupDRO,69,0.0,TEXT_PRESENT,656,0.8481465269130819
no-jepa-groupdro,no-JEPA + GroupDRO,69,0.0,ALL,656,0.8481465269130819
no-jepa-groupdro,no-JEPA + GroupDRO,69,0.1,A,8,0.75
no-jepa-groupdro,no-JEPA + GroupDRO,69,0.1,T,6,0.6666666666666666
no-jepa-groupdro,no-JEPA + GroupDRO,69,0.1,V,7,0.7142857142857143
no-jepa-groupdro,no-JEPA + GroupDRO,69,0.1,AT,48,0.8102226720647773
no-jepa-groupdro,no-JEPA + GroupDRO,69,0.1,AV,56,0.6283142389525368
no-jepa-groupdro,no-JEPA + GroupDRO,69,0.1,TV,49,0.8155282973684911
no-jepa-groupdro,no-JEPA + GroupDRO,69,0.1,ATV,482,0.8504867859183772
no-jepa-groupdro,no-JEPA + GroupDRO,69,0.1,NO_TEXT,71,0.6519182937352758
no-jepa-groupdro,no-JEPA + GroupDRO,69,0.1,TEXT_PRESENT,585,0.8422237474262183
no-jepa-groupdro,no-JEPA + GroupDRO,69,0.1,ALL,656,0.8210348092851011
no-jepa-groupdro,no-JEPA + GroupDRO,69,0.2,A,29,0.5702148925537232
no-jepa-groupdro,no-JEPA + GroupDRO,69,0.2,T,23,0.8260869565217391
no-jepa-groupdro,no-JEPA + GroupDRO,69,0.2,V,24,0.7500000000000001
no-jepa-groupdro,no-JEPA + GroupDRO,69,0.2,AT,90,0.798961038961039
no-jepa-groupdro,no-JEPA + GroupDRO,69,0.2,AV,83,0.7033953997809419
no-jepa-groupdro,no-JEPA + GroupDRO,69,0.2,TV,77,0.8291413510147426
no-jepa-groupdro,no-JEPA + GroupDRO,69,0.2,ATV,330,0.8426680877520206
no-jepa-groupdro,no-JEPA + GroupDRO,69,0.2,NO_TEXT,136,0.6966551326412919
no-jepa-groupdro,no-JEPA + GroupDRO,69,0.2,TEXT_PRESENT,520,0.8324180007961146
no-jepa-groupdro,no-JEPA + GroupDRO,69,0.2,ALL,656,0.8047252335403833
no-jepa-groupdro,no-JEPA + GroupDRO,69,0.3,A,49,0.5491496598639456
no-jepa-groupdro,no-JEPA + GroupDRO,69,0.3,T,45,0.934149243583206
no-jepa-groupdro,no-JEPA + GroupDRO,69,0.3,V,45,0.7755555555555553
no-jepa-groupdro,no-JEPA + GroupDRO,69,0.3,AT,101,0.8228865194211729
no-jepa-groupdro,no-JEPA + GroupDRO,69,0.3,AV,91,0.6710463449593884
no-jepa-groupdro,no-JEPA + GroupDRO,69,0.3,TV,96,0.8226212323434545
no-jepa-groupdro,no-JEPA + GroupDRO,69,0.3,ATV,229,0.8637620840118042
no-jepa-groupdro,no-JEPA + GroupDRO,69,0.3,NO_TEXT,185,0.6632969811917181
no-jepa-groupdro,no-JEPA + GroupDRO,69,0.3,TEXT_PRESENT,471,0.8531122850077526
no-jepa-groupdro,no-JEPA + GroupDRO,69,0.3,ALL,656,0.8012106432924172
no-jepa-groupdro,no-JEPA + GroupDRO,69,0.4,A,89,0.5386150171999544
no-jepa-groupdro,no-JEPA + GroupDRO,69,0.4,T,77,0.8170857511283043
no-jepa-groupdro,no-JEPA + GroupDRO,69,0.4,V,74,0.649480662390295
no-jepa-groupdro,no-JEPA + GroupDRO,69,0.4,AT,85,0.8188752424046541
no-jepa-groupdro,no-JEPA + GroupDRO,69,0.4,AV,96,0.6651542649727769
no-jepa-groupdro,no-JEPA + GroupDRO,69,0.4,TV,92,0.8999900164728198
no-jepa-groupdro,no-JEPA + GroupDRO,69,0.4,ATV,143,0.8718918780118291
no-jepa-groupdro,no-JEPA + GroupDRO,69,0.4,NO_TEXT,259,0.6178773994307977
no-jepa-groupdro,no-JEPA + GroupDRO,69,0.4,TEXT_PRESENT,397,0.8563632580256779
no-jepa-groupdro,no-JEPA + GroupDRO,69,0.4,ALL,656,0.7617775819359757
no-jepa-groupdro,no-JEPA + GroupDRO,69,0.5,A,120,0.6914728682170543
no-jepa-groupdro,no-JEPA + GroupDRO,69,0.5,T,126,0.9277743964292958
no-jepa-groupdro,no-JEPA + GroupDRO,69,0.5,V,122,0.6539503082182563
no-jepa-groupdro,no-JEPA + GroupDRO,69,0.5,AT,63,0.7742165242165242
no-jepa-groupdro,no-JEPA + GroupDRO,69,0.5,AV,74,0.6917676296986641
no-jepa-groupdro,no-JEPA + GroupDRO,69,0.5,TV,83,0.7897460488721053
no-jepa-groupdro,no-JEPA + GroupDRO,69,0.5,ATV,68,0.879562892350616
no-jepa-groupdro,no-JEPA + GroupDRO,69,0.5,NO_TEXT,316,0.6832238960690319
no-jepa-groupdro,no-JEPA + GroupDRO,69,0.5,TEXT_PRESENT,340,0.8560590591376738
no-jepa-groupdro,no-JEPA + GroupDRO,69,0.5,ALL,656,0.7732635570145873
no-jepa-groupdro,no-JEPA + GroupDRO,69,0.6,A,144,0.6821035515065366
no-jepa-groupdro,no-JEPA + GroupDRO,69,0.6,T,156,0.8904863659094957
no-jepa-groupdro,no-JEPA + GroupDRO,69,0.6,V,146,0.6660544035208162
no-jepa-groupdro,no-JEPA + GroupDRO,69,0.6,AT,63,0.8056140350877193
no-jepa-groupdro,no-JEPA + GroupDRO,69,0.6,AV,46,0.5685300207039338
no-jepa-groupdro,no-JEPA + GroupDRO,69,0.6,TV,54,0.8002509551805327
no-jepa-groupdro,no-JEPA + GroupDRO,69,0.6,ATV,47,0.890569445228286
no-jepa-groupdro,no-JEPA + GroupDRO,69,0.6,NO_TEXT,336,0.6595982308857682
no-jepa-groupdro,no-JEPA + GroupDRO,69,0.6,TEXT_PRESENT,320,0.8581646294881589
no-jepa-groupdro,no-JEPA + GroupDRO,69,0.6,ALL,656,0.7565327083875821
no-jepa-groupdro,no-JEPA + GroupDRO,69,0.7,A,149,0.5984049507539442
no-jepa-groupdro,no-JEPA + GroupDRO,69,0.7,T,187,0.8818362296374861
no-jepa-groupdro,no-JEPA + GroupDRO,69,0.7,V,166,0.7357368817326295
no-jepa-groupdro,no-JEPA + GroupDRO,69,0.7,AT,43,0.9057924203273039
no-jepa-groupdro,no-JEPA + GroupDRO,69,0.7,AV,45,0.566810966810967
no-jepa-groupdro,no-JEPA + GroupDRO,69,0.7,TV,52,0.9615384615384616
no-jepa-groupdro,no-JEPA + GroupDRO,69,0.7,ATV,14,0.9297173414820473
no-jepa-groupdro,no-JEPA + GroupDRO,69,0.7,NO_TEXT,360,0.6607306424307227
no-jepa-groupdro,no-JEPA + GroupDRO,69,0.7,TEXT_PRESENT,296,0.9014604181356526
no-jepa-groupdro,no-JEPA + GroupDRO,69,0.7,ALL,656,0.7689920566269106
no-jepa-groupdro,no-JEPA + GroupDRO,70,0.0,ATV,656,0.8537359738823598
no-jepa-groupdro,no-JEPA + GroupDRO,70,0.0,TEXT_PRESENT,656,0.8537359738823598
no-jepa-groupdro,no-JEPA + GroupDRO,70,0.0,ALL,656,0.8537359738823598
no-jepa-groupdro,no-JEPA + GroupDRO,70,0.1,A,7,0.5952380952380951
no-jepa-groupdro,no-JEPA + GroupDRO,70,0.1,T,5,1.0
no-jepa-groupdro,no-JEPA + GroupDRO,70,0.1,V,6,0.6666666666666666
no-jepa-groupdro,no-JEPA + GroupDRO,70,0.1,AT,54,0.8682026508113465
no-jepa-groupdro,no-JEPA + GroupDRO,70,0.1,AV,54,0.6729014410173831
no-jepa-groupdro,no-JEPA + GroupDRO,70,0.1,TV,63,0.8550264550264551
no-jepa-groupdro,no-JEPA + GroupDRO,70,0.1,ATV,467,0.8572650656169528
no-jepa-groupdro,no-JEPA + GroupDRO,70,0.1,NO_TEXT,67,0.6743760190643421
no-jepa-groupdro,no-JEPA + GroupDRO,70,0.1,TEXT_PRESENT,589,0.8596168784534437
no-jepa-groupdro,no-JEPA + GroupDRO,70,0.1,ALL,656,0.8417462604519282
no-jepa-groupdro,no-JEPA + GroupDRO,70,0.2,A,24,0.6230434782608695
no-jepa-groupdro,no-JEPA + GroupDRO,70,0.2,T,24,0.8766603415559772
no-jepa-groupdro,no-JEPA + GroupDRO,70,0.2,V,27,0.5340930674264007
no-jepa-groupdro,no-JEPA + GroupDRO,70,0.2,AT,80,0.8100965342617503
no-jepa-groupdro,no-JEPA + GroupDRO,70,0.2,AV,90,0.6005316321105796
no-jepa-groupdro,no-JEPA + GroupDRO,70,0.2,TV,71,0.8207125103562551
no-jepa-groupdro,no-JEPA + GroupDRO,70,0.2,ATV,340,0.8546046561384272
no-jepa-groupdro,no-JEPA + GroupDRO,70,0.2,NO_TEXT,141,0.595588370510675
no-jepa-groupdro,no-JEPA + GroupDRO,70,0.2,TEXT_PRESENT,515,0.8444340094867882
no-jepa-groupdro,no-JEPA + GroupDRO,70,0.2,ALL,656,0.7927197556128331
no-jepa-groupdro,no-JEPA + GroupDRO,70,0.3,A,42,0.7223140016810132
no-jepa-groupdro,no-JEPA + GroupDRO,70,0.3,T,40,0.9
no-jepa-groupdro,no-JEPA + GroupDRO,70,0.3,V,60,0.6606334841628959
no-jepa-groupdro,no-JEPA + GroupDRO,70,0.3,AT,82,0.8495309568480301
no-jepa-groupdro,no-JEPA + GroupDRO,70,0.3,AV,93,0.7175883256528419
no-jepa-groupdro,no-JEPA + GroupDRO,70,0.3,TV,111,0.8194343125218702
no-jepa-groupdro,no-JEPA + GroupDRO,70,0.3,ATV,228,0.830398630471998
no-jepa-groupdro,no-JEPA + GroupDRO,70,0.3,NO_TEXT,195,0.7067293173538884
no-jepa-groupdro,no-JEPA + GroupDRO,70,0.3,TEXT_PRESENT,461,0.837619856015593
no-jepa-groupdro,no-JEPA + GroupDRO,70,0.3,ALL,656,0.7984687510607182
no-jepa-groupdro,no-JEPA + GroupDRO,70,0.4,A,77,0.6765587353822646
no-jepa-groupdro,no-JEPA + GroupDRO,70,0.4,T,77,0.8044901381852007
no-jepa-groupdro,no-JEPA + GroupDRO,70,0.4,V,68,0.6787409700722395
no-jepa-groupdro,no-JEPA + GroupDRO,70,0.4,AT,104,0.8650818821358552
no-jepa-groupdro,no-JEPA + GroupDRO,70,0.4,AV,104,0.6326886860785166
no-jepa-groupdro,no-JEPA + GroupDRO,70,0.4,TV,90,0.8330158730158731
no-jepa-groupdro,no-JEPA + GroupDRO,70,0.4,ATV,136,0.8608613820711004
no-jepa-groupdro,no-JEPA + GroupDRO,70,0.4,NO_TEXT,249,0.6605291919618534
no-jepa-groupdro,no-JEPA + GroupDRO,70,0.4,TEXT_PRESENT,407,0.8457522220571102
no-jepa-groupdro,no-JEPA + GroupDRO,70,0.4,ALL,656,0.7760728929206612
no-jepa-groupdro,no-JEPA + GroupDRO,70,0.5,A,123,0.5826464120720611
no-jepa-groupdro,no-JEPA + GroupDRO,70,0.5,T,110,0.8909090909090909
no-jepa-groupdro,no-JEPA + GroupDRO,70,0.5,V,105,0.6201058201058202
no-jepa-groupdro,no-JEPA + GroupDRO,70,0.5,AT,85,0.8346872082166199
no-jepa-groupdro,no-JEPA + GroupDRO,70,0.5,AV,81,0.6468253968253967
no-jepa-groupdro,no-JEPA + GroupDRO,70,0.5,TV,81,0.8546576879910213
no-jepa-groupdro,no-JEPA + GroupDRO,70,0.5,ATV,71,0.8745110159388935
no-jepa-groupdro,no-JEPA + GroupDRO,70,0.5,NO_TEXT,309,0.6141995005659933
no-jepa-groupdro,no-JEPA + GroupDRO,70,0.5,TEXT_PRESENT,347,0.865135418524293
no-jepa-groupdro,no-JEPA + GroupDRO,70,0.5,ALL,656,0.7487017233420525
no-jepa-groupdro,no-JEPA + GroupDRO,70,0.6,A,143,0.6955282213014172
no-jepa-groupdro,no-JEPA + GroupDRO,70,0.6,T,158,0.8672137134686962
no-jepa-groupdro,no-JEPA + GroupDRO,70,0.6,V,110,0.6449442353430161
no-jepa-groupdro,no-JEPA + GroupDRO,70,0.6,AT,75,0.8666192508297773
no-jepa-groupdro,no-JEPA + GroupDRO,70,0.6,AV,73,0.5931825422108952
no-jepa-groupdro,no-JEPA + GroupDRO,70,0.6,TV,61,0.7865382476588741
no-jepa-groupdro,no-JEPA + GroupDRO,70,0.6,ATV,36,0.71875
no-jepa-groupdro,no-JEPA + GroupDRO,70,0.6,NO_TEXT,326,0.6559221072551353
no-jepa-groupdro,no-JEPA + GroupDRO,70,0.6,TEXT_PRESENT,330,0.8364422611687542
no-jepa-groupdro,no-JEPA + GroupDRO,70,0.6,ALL,656,0.7469512195121951
no-jepa-groupdro,no-JEPA + GroupDRO,70,0.7,A,169,0.6701034008726316
no-jepa-groupdro,no-JEPA + GroupDRO,70,0.7,T,168,0.8447007275132276
no-jepa-groupdro,no-JEPA + GroupDRO,70,0.7,V,183,0.6301772682357702
no-jepa-groupdro,no-JEPA + GroupDRO,70,0.7,AT,52,0.8859035701140965
no-jepa-groupdro,no-JEPA + GroupDRO,70,0.7,AV,32,0.625
no-jepa-groupdro,no-JEPA + GroupDRO,70,0.7,TV,41,0.8586914440572978
no-jepa-groupdro,no-JEPA + GroupDRO,70,0.7,ATV,11,1.0
no-jepa-groupdro,no-JEPA + GroupDRO,70,0.7,NO_TEXT,384,0.6489184379102722
no-jepa-groupdro,no-JEPA + GroupDRO,70,0.7,TEXT_PRESENT,272,0.8604895542235695
no-jepa-groupdro,no-JEPA + GroupDRO,70,0.7,ALL,656,0.7392569002605931
reg-only,baseline reg-only JEPA,66,0.0,ATV,656,0.8748065311269919
reg-only,baseline reg-only JEPA,66,0.0,TEXT_PRESENT,656,0.8748065311269919
reg-only,baseline reg-only JEPA,66,0.0,ALL,656,0.8748065311269919
reg-only,baseline reg-only JEPA,66,0.1,A,6,1.0
reg-only,baseline reg-only JEPA,66,0.1,T,6,0.9090909090909091
reg-only,baseline reg-only JEPA,66,0.1,V,8,0.8681818181818182
reg-only,baseline reg-only JEPA,66,0.1,AT,50,0.88
reg-only,baseline reg-only JEPA,66,0.1,AV,55,0.6634897360703811
reg-only,baseline reg-only JEPA,66,0.1,TV,60,0.9320075757575756
reg-only,baseline reg-only JEPA,66,0.1,ATV,471,0.8654220083966003
reg-only,baseline reg-only JEPA,66,0.1,NO_TEXT,69,0.7169575478298182
reg-only,baseline reg-only JEPA,66,0.1,TEXT_PRESENT,587,0.8730271926048212
reg-only,baseline reg-only JEPA,66,0.1,ALL,656,0.8579732106870482
reg-only,baseline reg-only JEPA,66,0.2,A,21,0.8077922077922078
reg-only,baseline reg-only JEPA,66,0.2,T,23,0.8700621118012422
reg-only,baseline reg-only JEPA,66,0.2,V,30,0.7471903982542282
reg-only,baseline reg-only JEPA,66,0.2,AT,77,0.8085248085248086
reg-only,baseline reg-only JEPA,66,0.2,AV,93,0.7003752845395075
reg-only,baseline reg-only JEPA,66,0.2,TV,85,0.9184533626534728
reg-only,baseline reg-only JEPA,66,0.2,ATV,327,0.871809872783333
reg-only,baseline reg-only JEPA,66,0.2,NO_TEXT,144,0.7256802721088436
reg-only,baseline reg-only JEPA,66,0.2,TEXT_PRESENT,512,0.8697321565968414
reg-only,baseline reg-only JEPA,66,0.2,ALL,656,0.8402567269435248
reg-only,baseline reg-only JEPA,66,0.3,A,47,0.8076026754638176
reg-only,baseline reg-only JEPA,66,0.3,T,41,0.9270961524204906
reg-only,baseline reg-only JEPA,66,0.3,V,41,0.6634379740926596
reg-only,baseline reg-only JEPA,66,0.3,AT,100,0.8472000000000002
reg-only,baseline reg-only JEPA,66,0.3,AV,114,0.6814755726309278
reg-only,baseline reg-only JEPA,66,0.3,TV,77,0.8540031397174254
reg-only,baseline reg-only JEPA,66,0.3,ATV,236,0.881550141242938
reg-only,baseline reg-only JEPA,66,0.3,NO_TEXT,202,0.7086728536018466
reg-only,baseline reg-only JEPA,66,0.3,TEXT_PRESENT,454,0.8737164139842253
reg-only,baseline reg-only JEPA,66,0.3,ALL,656,0.8234862135809972
reg-only,baseline reg-only JEPA,66,0.4,A,69,0.6376811594202898
reg-only,baseline reg-only JEPA,66,0.4,T,68,0.8382003028336579
reg-only,baseline reg-only JEPA,66,0.4,V,93,0.7313693663438996
reg-only,baseline reg-only JEPA,66,0.4,AT,97,0.8341726650319474
reg-only,baseline reg-only JEPA,66,0.4,AV,90,0.7370370370370372
reg-only,baseline reg-only JEPA,66,0.4,TV,100,0.8786615186615188
reg-only,baseline reg-only JEPA,66,0.4,ATV,139,0.8770110913746294
reg-only,baseline reg-only JEPA,66,0.4,NO_TEXT,252,0.7085828584307287
reg-only,baseline reg-only JEPA,66,0.4,TEXT_PRESENT,404,0.8615729171170391
reg-only,baseline reg-only JEPA,66,0.4,ALL,656,0.8027957272582188
reg-only,baseline reg-only JEPA,66,0.5,A,99,0.7141179234202489
reg-only,baseline reg-only JEPA,66,0.5,T,120,0.8833333333333333
reg-only,baseline reg-only JEPA,66,0.5,V,118,0.5775822016352598
reg-only,baseline reg-only JEPA,66,0.5,AT,76,0.8181444377990431
reg-only,baseline reg-only JEPA,66,0.5,AV,84,0.6766475252939569
reg-only,baseline reg-only JEPA,66,0.5,TV,89,0.9101577573487687
reg-only,baseline reg-only JEPA,66,0.5,ATV,70,0.8184568372803666
reg-only,baseline reg-only JEPA,66,0.5,NO_TEXT,301,0.6531537774812992
reg-only,baseline reg-only JEPA,66,0.5,TEXT_PRESENT,355,0.862726174204156
reg-only,baseline reg-only JEPA,66,0.5,ALL,656,0.771124813756666
reg-only,baseline reg-only JEPA,66,0.6,A,129,0.6603912882982651
reg-only,baseline reg-only JEPA,66,0.6,T,136,0.904322513319053
reg-only,baseline reg-only JEPA,66,0.6,V,155,0.6135843812648077
reg-only,baseline reg-only JEPA,66,0.6,AT,61,0.8688524590163934
reg-only,baseline reg-only JEPA,66,0.6,AV,64,0.643687707641196
reg-only,baseline reg-only JEPA,66,0.6,TV,78,0.8838546069315302
reg-only,baseline reg-only JEPA,66,0.6,ATV,33,0.8787878787878788
reg-only,baseline reg-only JEPA,66,0.6,NO_TEXT,348,0.6433013580196086
reg-only,baseline reg-only JEPA,66,0.6,TEXT_PRESENT,308,0.8893913909439851
reg-only,baseline reg-only JEPA,66,0.6,ALL,656,0.7587735599763992
reg-only,baseline reg-only JEPA,66,0.7,A,161,0.6719075120513499
reg-only,baseline reg-only JEPA,66,0.7,T,189,0.8805166511048862
reg-only,baseline reg-only JEPA,66,0.7,V,170,0.6501794351692931
reg-only,baseline reg-only JEPA,66,0.7,AT,37,0.8895495495495493
reg-only,baseline reg-only JEPA,66,0.7,AV,37,0.6756756756756755
reg-only,baseline reg-only JEPA,66,0.7,TV,46,0.7720257518299675
reg-only,baseline reg-only JEPA,66,0.7,ATV,16,0.805668016194332
reg-only,baseline reg-only JEPA,66,0.7,NO_TEXT,368,0.6620908424036955
reg-only,baseline reg-only JEPA,66,0.7,TEXT_PRESENT,288,0.8603862342833648
reg-only,baseline reg-only JEPA,66,0.7,ALL,656,0.7484152334954246
reg-only,baseline reg-only JEPA,67,0.0,ATV,656,0.8759241832191255
reg-only,baseline reg-only JEPA,67,0.0,TEXT_PRESENT,656,0.8759241832191255
reg-only,baseline reg-only JEPA,67,0.0,ALL,656,0.8759241832191255
reg-only,baseline reg-only JEPA,67,0.1,A,5,0.6
reg-only,baseline reg-only JEPA,67,0.1,T,7,0.7142857142857143
reg-only,baseline reg-only JEPA,67,0.1,V,6,0.8380952380952381
reg-only,baseline reg-only JEPA,67,0.1,AT,55,0.8335664335664336
reg-only,baseline reg-only JEPA,67,0.1,AV,59,0.7982068287889955
reg-only,baseline reg-only JEPA,67,0.1,TV,58,0.8623985498290283
reg-only,baseline reg-only JEPA,67,0.1,ATV,466,0.8672725126493214
reg-only,baseline reg-only JEPA,67,0.1,NO_TEXT,70,0.7877769289533996
reg-only,baseline reg-only JEPA,67,0.1,TEXT_PRESENT,586,0.8619366843102869
reg-only,baseline reg-only JEPA,67,0.1,ALL,656,0.8539196250325491
reg-only,baseline reg-only JEPA,67,0.2,A,18,0.7213622291021671
reg-only,baseline reg-only JEPA,67,0.2,T,14,0.8571428571428571
reg-only,baseline reg-only JEPA,67,0.2,V,24,0.6666666666666666
reg-only,baseline reg-only JEPA,67,0.2,AT,75,0.92
reg-only,baseline reg-only JEPA,67,0.2,AV,92,0.6531644002393677
reg-only,baseline reg-only JEPA,67,0.2,TV,81,0.8666556963413965
reg-only,baseline reg-only JEPA,67,0.2,ATV,352,0.8891522033144842
reg-only,baseline reg-only JEPA,67,0.2,NO_TEXT,134,0.6655995865239817
reg-only,baseline reg-only JEPA,67,0.2,TEXT_PRESENT,522,0.889019019019019
reg-only,baseline reg-only JEPA,67,0.2,ALL,656,0.8432994559541243
reg-only,baseline reg-only JEPA,67,0.3,A,45,0.673992357055303
reg-only,baseline reg-only JEPA,67,0.3,T,56,0.8214285714285714
reg-only,baseline reg-only JEPA,67,0.3,V,50,0.6423188405797101
reg-only,baseline reg-only JEPA,67,0.3,AT,95,0.9154201292705447
reg-only,baseline reg-only JEPA,67,0.3,AV,99,0.6819358381049494
reg-only,baseline reg-only JEPA,67,0.3,TV,89,0.8541193473635517
reg-only,baseline reg-only JEPA,67,0.3,ATV,222,0.8380811419070983
reg-only,baseline reg-only JEPA,67,0.3,NO_TEXT,194,0.6746352546012853
reg-only,baseline reg-only JEPA,67,0.3,TEXT_PRESENT,462,0.8550321663494206
reg-only,baseline reg-only JEPA,67,0.3,ALL,656,0.8034543920211195
reg-only,baseline reg-only JEPA,67,0.4,A,75,0.7193869731800766
reg-only,baseline reg-only JEPA,67,0.4,T,88,0.8865405481907817
reg-only,baseline reg-only JEPA,67,0.4,V,90,0.6005420054200542
reg-only,baseline reg-only JEPA,67,0.4,AT,86,0.7997019849928158
reg-only,baseline reg-only JEPA,67,0.4,AV,89,0.6362297229310477
reg-only,baseline reg-only JEPA,67,0.4,TV,81,0.8892495806957745
reg-only,baseline reg-only JEPA,67,0.4,ATV,147,0.8166345783596458
reg-only,baseline reg-only JEPA,67,0.4,NO_TEXT,254,0.6522811454005802
reg-only,baseline reg-only JEPA,67,0.4,TEXT_PRESENT,402,0.8434840721764313
reg-only,baseline reg-only JEPA,67,0.4,ALL,656,0.7720443138521302
reg-only,baseline reg-only JEPA,67,0.5,A,121,0.637120371304611
reg-only,baseline reg-only JEPA,67,0.5,T,105,0.8277502895041583
reg-only,baseline reg-only JEPA,67,0.5,V,119,0.6492196878751502
reg-only,baseline reg-only JEPA,67,0.5,AT,77,0.8823895205917678
reg-only,baseline reg-only JEPA,67,0.5,AV,80,0.6386405033946019
reg-only,baseline reg-only JEPA,67,0.5,TV,78,0.9101218621458502
reg-only,baseline reg-only JEPA,67,0.5,ATV,76,0.8564068203872279
reg-only,baseline reg-only JEPA,67,0.5,NO_TEXT,320,0.6420172955974844
reg-only,baseline reg-only JEPA,67,0.5,TEXT_PRESENT,336,0.8659158477298544
reg-only,baseline reg-only JEPA,67,0.5,ALL,656,0.7563248071943369
reg-only,baseline reg-only JEPA,67,0.6,A,139,0.6876954044241242
reg-only,baseline reg-only JEPA,67,0.6,T,149,0.8658323406645555
reg-only,baseline reg-only JEPA,67,0.6,V,147,0.5912641150736389
reg-only,baseline reg-only JEPA,67,0.6,AT,67,0.9239999847427824
reg-only,baseline reg-only JEPA,67,0.6,AV,64,0.6971357409713574
reg-only,baseline reg-only JEPA,67,0.6,TV,58,0.8974660397074191
reg-only,baseline reg-only JEPA,67,0.6,ATV,32,0.8715909090909089
reg-only,baseline reg-only JEPA,67,0.6,NO_TEXT,350,0.6548491620536626
reg-only,baseline reg-only JEPA,67,0.6,TEXT_PRESENT,306,0.8853399957749744
reg-only,baseline reg-only JEPA,67,0.6,ALL,656,0.7648713795731708
reg-only,baseline reg-only JEPA,67,0.7,A,164,0.7306888912642896
reg-only,baseline reg-only JEPA,67,0.7,T,163,0.8749013459049343
reg-only,baseline reg-only JEPA,67,0.7,V,177,0.6421233811004796
reg-only,baseline reg-only JEPA,67,0.7,AT,44,0.9090909090909091
reg-only,baseline reg-only JEPA,67,0.7,AV,52,0.7226107226107227
reg-only,baseline reg-only JEPA,67,0.7,TV,38,0.7353678313430635
reg-only,baseline reg-only JEPA,67,0.7,ATV,18,0.8875000000000001
reg-only,baseline reg-only JEPA,67,0.7,NO_TEXT,393,0.6895907303203311
reg-only,baseline reg-only JEPA,67,0.7,TEXT_PRESENT,263,0.8613581762273114
reg-only,baseline reg-only JEPA,67,0.7,ALL,656,0.7584601981416615
reg-only,baseline reg-only JEPA,68,0.0,ATV,656,0.8840889006716153
reg-only,baseline reg-only JEPA,68,0.0,TEXT_PRESENT,656,0.8840889006716153
reg-only,baseline reg-only JEPA,68,0.0,ALL,656,0.8840889006716153
reg-only,baseline reg-only JEPA,68,0.1,A,4,0.4
reg-only,baseline reg-only JEPA,68,0.1,T,8,0.7333333333333334
reg-only,baseline reg-only JEPA,68,0.1,V,3,0.16666666666666666
reg-only,baseline reg-only JEPA,68,0.1,AT,47,0.8712605983042713
reg-only,baseline reg-only JEPA,68,0.1,AV,53,0.642276258702452
reg-only,baseline reg-only JEPA,68,0.1,TV,71,0.9294642680272917
reg-only,baseline reg-only JEPA,68,0.1,ATV,470,0.8697364010397587
reg-only,baseline reg-only JEPA,68,0.1,NO_TEXT,60,0.6017797552836485
reg-only,baseline reg-only JEPA,68,0.1,TEXT_PRESENT,596,0.8753032699341422
reg-only,baseline reg-only JEPA,68,0.1,ALL,656,0.8503785372005515
reg-only,baseline reg-only JEPA,68,0.2,A,23,0.38695652173913037
reg-only,baseline reg-only JEPA,68,0.2,T,19,0.8947368421052632
reg-only,baseline reg-only JEPA,68,0.2,V,29,0.6731634182908547
reg-only,baseline reg-only JEPA,68,0.2,AT,79,0.899060000325823
reg-only,baseline reg-only JEPA,68,0.2,AV,86,0.7110770366584321
reg-only,baseline reg-only JEPA,68,0.2,TV,94,0.839473350111648
reg-only,baseline reg-only JEPA,68,0.2,ATV,326,0.8680412240090914
reg-only,baseline reg-only JEPA,68,0.2,NO_TEXT,138,0.6778117397542262
reg-only,baseline reg-only JEPA,68,0.2,TEXT_PRESENT,518,0.8687258687258688
reg-only,baseline reg-only JEPA,68,0.2,ALL,656,0.8282756237117752
reg-only,baseline reg-only JEPA,68,0.3,A,47,0.6725189703913108
reg-only,baseline reg-only JEPA,68,0.3,T,59,0.864406779661017
reg-only,baseline reg-only JEPA,68,0.3,V,41,0.6372005759413587
reg-only,baseline reg-only JEPA,68,0.3,AT,93,0.8683284457478007
reg-only,baseline reg-only JEPA,68,0.3,AV,92,0.7216210899075348
reg-only,baseline reg-only JEPA,68,0.3,TV,97,0.8544577830038191
reg-only,baseline reg-only JEPA,68,0.3,ATV,227,0.854064049191279
reg-only,baseline reg-only JEPA,68,0.3,NO_TEXT,180,0.6918941273779983
reg-only,baseline reg-only JEPA,68,0.3,TEXT_PRESENT,476,0.8582697234755876
reg-only,baseline reg-only JEPA,68,0.3,ALL,656,0.8126674673951294
reg-only,baseline reg-only JEPA,68,0.4,A,85,0.7310285958173283
reg-only,baseline reg-only JEPA,68,0.4,T,64,0.8900574499629355
reg-only,baseline reg-only JEPA,68,0.4,V,65,0.6032634032634033
reg-only,baseline reg-only JEPA,68,0.4,AT,92,0.8447779192068063
reg-only,baseline reg-only JEPA,68,0.4,AV,89,0.5470578616646032
reg-only,baseline reg-only JEPA,68,0.4,TV,104,0.9415535444947211
reg-only,baseline reg-only JEPA,68,0.4,ATV,157,0.8780621298748778
reg-only,baseline reg-only JEPA,68,0.4,NO_TEXT,239,0.6332781940254939
reg-only,baseline reg-only JEPA,68,0.4,TEXT_PRESENT,417,0.8884759445233533
reg-only,baseline reg-only JEPA,68,0.4,ALL,656,0.7953019114660203
reg-only,baseline reg-only JEPA,68,0.5,A,109,0.7423355621209764
reg-only,baseline reg-only JEPA,68,0.5,T,116,0.8437805388803574
reg-only,baseline reg-only JEPA,68,0.5,V,98,0.6084271639690358
reg-only,baseline reg-only JEPA,68,0.5,AT,88,0.8740981240981239
reg-only,baseline reg-only JEPA,68,0.5,AV,83,0.71143521454238
reg-only,baseline reg-only JEPA,68,0.5,TV,86,0.8366705576007902
reg-only,baseline reg-only JEPA,68,0.5,ATV,76,0.8557115862373263
reg-only,baseline reg-only JEPA,68,0.5,NO_TEXT,290,0.696320789377001
reg-only,baseline reg-only JEPA,68,0.5,TEXT_PRESENT,366,0.8517187436543461
reg-only,baseline reg-only JEPA,68,0.5,ALL,656,0.7844917240857537
reg-only,baseline reg-only JEPA,68,0.6,A,150,0.6844767441860464
reg-only,baseline reg-only JEPA,68,0.6,T,140,0.842202380952381
reg-only,baseline reg-only JEPA,68,0.6,V,150,0.614567901234568
reg-only,baseline reg-only JEPA,68,0.6,AT,70,0.9000204123290467
reg-only,baseline reg-only JEPA,68,0.6,AV,44,0.7560646900269542
reg-only,baseline reg-only JEPA,68,0.6,TV,64,0.8414039039039038
reg-only,baseline reg-only JEPA,68,0.6,ATV,38,0.9190834228428212
reg-only,baseline reg-only JEPA,68,0.6,NO_TEXT,344,0.6663455299435042
reg-only,baseline reg-only JEPA,68,0.6,TEXT_PRESENT,312,0.8645972593582888
reg-only,baseline reg-only JEPA,68,0.6,ALL,656,0.7599583040478328
reg-only,baseline reg-only JEPA,68,0.7,A,177,0.5607290896795518
reg-only,baseline reg-only JEPA,68,0.7,T,131,0.8705234769512802
reg-only,baseline reg-only JEPA,68,0.7,V,195,0.6213017751479291
reg-only,baseline reg-only JEPA,68,0.7,AT,44,0.9098679098679099
reg-only,baseline reg-only JEPA,68,0.7,AV,45,0.5798669525537412
reg-only,baseline reg-only JEPA,68,0.7,TV,42,0.7641456582633053
reg-only,baseline reg-only JEPA,68,0.7,ATV,22,0.8166666666666665
reg-only,baseline reg-only JEPA,68,0.7,NO_TEXT,417,0.6030099791134834
reg-only,baseline reg-only JEPA,68,0.7,TEXT_PRESENT,239,0.8539941543782917
reg-only,baseline reg-only JEPA,68,0.7,ALL,656,0.6951832644715189
reg-only,baseline reg-only JEPA,69,0.0,ATV,656,0.8668194187546141
reg-only,baseline reg-only JEPA,69,0.0,TEXT_PRESENT,656,0.8668194187546141
reg-only,baseline reg-only JEPA,69,0.0,ALL,656,0.8668194187546141
reg-only,baseline reg-only JEPA,69,0.1,A,8,0.7666666666666667
reg-only,baseline reg-only JEPA,69,0.1,T,6,0.6666666666666666
reg-only,baseline reg-only JEPA,69,0.1,V,7,0.7142857142857143
reg-only,baseline reg-only JEPA,69,0.1,AT,48,0.8537139689578715
reg-only,baseline reg-only JEPA,69,0.1,AV,56,0.6396642948367086
reg-only,baseline reg-only JEPA,69,0.1,TV,49,0.856522009064382
reg-only,baseline reg-only JEPA,69,0.1,ATV,482,0.8622535871887627
reg-only,baseline reg-only JEPA,69,0.1,NO_TEXT,71,0.6673630298537638
reg-only,baseline reg-only JEPA,69,0.1,TEXT_PRESENT,585,0.8589762741896322
reg-only,baseline reg-only JEPA,69,0.1,ALL,656,0.8382511595695769
reg-only,baseline reg-only JEPA,69,0.2,A,29,0.5924097912359102
reg-only,baseline reg-only JEPA,69,0.2,T,23,0.7809136367488769
reg-only,baseline reg-only JEPA,69,0.2,V,24,0.615079365079365
reg-only,baseline reg-only JEPA,69,0.2,AT,90,0.8121904761904761
reg-only,baseline reg-only JEPA,69,0.2,AV,83,0.6976591228437323
reg-only,baseline reg-only JEPA,69,0.2,TV,77,0.831054621008959
reg-only,baseline reg-only JEPA,69,0.2,ATV,330,0.8644155844155844
reg-only,baseline reg-only JEPA,69,0.2,NO_TEXT,136,0.6795417236662107
reg-only,baseline reg-only JEPA,69,0.2,TEXT_PRESENT,520,0.8467217151962915
reg-only,baseline reg-only JEPA,69,0.2,ALL,656,0.8138362402593243
reg-only,baseline reg-only JEPA,69,0.3,A,49,0.522108843537415
reg-only,baseline reg-only JEPA,69,0.3,T,45,0.8685560053981106
reg-only,baseline reg-only JEPA,69,0.3,V,45,0.7330698287220028
reg-only,baseline reg-only JEPA,69,0.3,AT,101,0.8920605982229315
reg-only,baseline reg-only JEPA,69,0.3,AV,91,0.6900312801952146
reg-only,baseline reg-only JEPA,69,0.3,TV,96,0.8333333333333334
reg-only,baseline reg-only JEPA,69,0.3,ATV,229,0.8691911172062027
reg-only,baseline reg-only JEPA,69,0.3,NO_TEXT,185,0.6598580786858096
reg-only,baseline reg-only JEPA,69,0.3,TEXT_PRESENT,471,0.8667365813396194
reg-only,baseline reg-only JEPA,69,0.3,ALL,656,0.8105778882222874
reg-only,baseline reg-only JEPA,69,0.4,A,89,0.6636952533822519
reg-only,baseline reg-only JEPA,69,0.4,T,77,0.7801895994301057
reg-only,baseline reg-only JEPA,69,0.4,V,74,0.6509737678855326
reg-only,baseline reg-only JEPA,69,0.4,AT,85,0.8942662538699692
reg-only,baseline reg-only JEPA,69,0.4,AV,96,0.689440133037694
reg-only,baseline reg-only JEPA,69,0.4,TV,92,0.8815382851544382
reg-only,baseline reg-only JEPA,69,0.4,ATV,143,0.8463820593962998
reg-only,baseline reg-only JEPA,69,0.4,NO_TEXT,259,0.6696981142633315
reg-only,baseline reg-only JEPA,69,0.4,TEXT_PRESENT,397,0.8522171335765851
reg-only,baseline reg-only JEPA,69,0.4,ALL,656,0.7801805907389044
reg-only,baseline reg-only JEPA,69,0.5,A,120,0.642410588566601
reg-only,baseline reg-only JEPA,69,0.5,T,126,0.8734502923976608
reg-only,baseline reg-only JEPA,69,0.5,V,122,0.6482803833703965
reg-only,baseline reg-only JEPA,69,0.5,AT,63,0.8106782106782108
reg-only,baseline reg-only JEPA,69,0.5,AV,74,0.7291335453100158
reg-only,baseline reg-only JEPA,69,0.5,TV,83,0.8191188803074546
reg-only,baseline reg-only JEPA,69,0.5,ATV,68,0.85609243697479
reg-only,baseline reg-only JEPA,69,0.5,NO_TEXT,316,0.6745951634283628
reg-only,baseline reg-only JEPA,69,0.5,TEXT_PRESENT,340,0.8452160587493457
reg-only,baseline reg-only JEPA,69,0.5,ALL,656,0.7631823855602686
reg-only,baseline reg-only JEPA,69,0.6,A,144,0.6197454930498155
reg-only,baseline reg-only JEPA,69,0.6,T,156,0.8717948717948718
reg-only,baseline reg-only JEPA,69,0.6,V,146,0.6859965271078525
reg-only,baseline reg-only JEPA,69,0.6,AT,63,0.8724279835390947
reg-only,baseline reg-only JEPA,69,0.6,AV,46,0.5652173913043478
reg-only,baseline reg-only JEPA,69,0.6,TV,54,0.8728869714785207
reg-only,baseline reg-only JEPA,69,0.6,ATV,47,0.8927454761360046
reg-only,baseline reg-only JEPA,69,0.6,NO_TEXT,336,0.641675039655405
reg-only,baseline reg-only JEPA,69,0.6,TEXT_PRESENT,320,0.875
reg-only,baseline reg-only JEPA,69,0.6,ALL,656,0.7558863044689896
reg-only,baseline reg-only JEPA,69,0.7,A,149,0.6147615402417531
reg-only,baseline reg-only JEPA,69,0.7,T,187,0.8708771738537862
reg-only,baseline reg-only JEPA,69,0.7,V,166,0.6620052342132249
reg-only,baseline reg-only JEPA,69,0.7,AT,43,0.928759462592921
reg-only,baseline reg-only JEPA,69,0.7,AV,45,0.6321195144724555
reg-only,baseline reg-only JEPA,69,0.7,TV,52,0.9433549508176374
reg-only,baseline reg-only JEPA,69,0.7,ATV,14,0.9297173414820473
reg-only,baseline reg-only JEPA,69,0.7,NO_TEXT,360,0.6434448480819305
reg-only,baseline reg-only JEPA,69,0.7,TEXT_PRESENT,296,0.8946645849036288
reg-only,baseline reg-only JEPA,69,0.7,ALL,656,0.7560975609756098
reg-only,baseline reg-only JEPA,70,0.0,ATV,656,0.8741782340466551
reg-only,baseline reg-only JEPA,70,0.0,TEXT_PRESENT,656,0.8741782340466551
reg-only,baseline reg-only JEPA,70,0.0,ALL,656,0.8741782340466551
reg-only,baseline reg-only JEPA,70,0.1,A,7,0.126984126984127
reg-only,baseline reg-only JEPA,70,0.1,T,5,1.0
reg-only,baseline reg-only JEPA,70,0.1,V,6,0.5333333333333333
reg-only,baseline reg-only JEPA,70,0.1,AT,54,0.8148148148148148
reg-only,baseline reg-only JEPA,70,0.1,AV,54,0.6291593180482069
reg-only,baseline reg-only JEPA,70,0.1,TV,63,0.9202929219088659
reg-only,baseline reg-only JEPA,70,0.1,ATV,467,0.8752172960872104
reg-only,baseline reg-only JEPA,70,0.1,NO_TEXT,67,0.5791772843101566
reg-only,baseline reg-only JEPA,70,0.1,TEXT_PRESENT,589,0.8755523466156792
reg-only,baseline reg-only JEPA,70,0.1,ALL,656,0.8494432944382755
reg-only,baseline reg-only JEPA,70,0.2,A,24,0.6147912885662432
reg-only,baseline reg-only JEPA,70,0.2,T,24,0.8766603415559772
reg-only,baseline reg-only JEPA,70,0.2,V,27,0.43963443963443966
reg-only,baseline reg-only JEPA,70,0.2,AT,80,0.8614391434419778
reg-only,baseline reg-only JEPA,70,0.2,AV,90,0.6774976193433528
reg-only,baseline reg-only JEPA,70,0.2,TV,71,0.8372135736418026
reg-only,baseline reg-only JEPA,70,0.2,ATV,340,0.8668820959583465
reg-only,baseline reg-only JEPA,70,0.2,NO_TEXT,141,0.624265218236223
reg-only,baseline reg-only JEPA,70,0.2,TEXT_PRESENT,515,0.8627130528586839
reg-only,baseline reg-only JEPA,70,0.2,ALL,656,0.8113335637404957
reg-only,baseline reg-only JEPA,70,0.3,A,42,0.690651757015909
reg-only,baseline reg-only JEPA,70,0.3,T,40,0.9248585795097423
reg-only,baseline reg-only JEPA,70,0.3,V,60,0.6825396825396826
reg-only,baseline reg-only JEPA,70,0.3,AT,82,0.9260060975609756
reg-only,baseline reg-only JEPA,70,0.3,AV,93,0.616619544630369
reg-only,baseline reg-only JEPA,70,0.3,TV,111,0.8463163369555122
reg-only,baseline reg-only JEPA,70,0.3,ATV,228,0.8313124781074017
reg-only,baseline reg-only JEPA,70,0.3,NO_TEXT,195,0.6493637181629542
reg-only,baseline reg-only JEPA,70,0.3,TEXT_PRESENT,461,0.8600217646693854
reg-only,baseline reg-only JEPA,70,0.3,ALL,656,0.7972063446931563
reg-only,baseline reg-only JEPA,70,0.4,A,77,0.5815793402000298
reg-only,baseline reg-only JEPA,70,0.4,T,77,0.8566261013358137
reg-only,baseline reg-only JEPA,70,0.4,V,68,0.6470588235294118
reg-only,baseline reg-only JEPA,70,0.4,AT,104,0.8646747790815588
reg-only,baseline reg-only JEPA,70,0.4,AV,104,0.6829563640243251
reg-only,baseline reg-only JEPA,70,0.4,TV,90,0.8557923198699898
reg-only,baseline reg-only JEPA,70,0.4,ATV,136,0.8741256784735046
reg-only,baseline reg-only JEPA,70,0.4,NO_TEXT,249,0.6447751689213307
reg-only,baseline reg-only JEPA,70,0.4,TEXT_PRESENT,407,0.8643191535411022
reg-only,baseline reg-only JEPA,70,0.4,ALL,656,0.780966507469148
reg-only,baseline reg-only JEPA,70,0.5,A,123,0.5856675391548349
reg-only,baseline reg-only JEPA,70,0.5,T,110,0.8332644628099173
reg-only,baseline reg-only JEPA,70,0.5,V,105,0.6174006444683136
reg-only,baseline reg-only JEPA,70,0.5,AT,85,0.8576134453781512
reg-only,baseline reg-only JEPA,70,0.5,AV,81,0.6430693489517019
reg-only,baseline reg-only JEPA,70,0.5,TV,81,0.9259259259259259
reg-only,baseline reg-only JEPA,70,0.5,ATV,71,0.8834966319657072
reg-only,baseline reg-only JEPA,70,0.5,NO_TEXT,309,0.6149546792425283
reg-only,baseline reg-only JEPA,70,0.5,TEXT_PRESENT,347,0.8712943204770647
reg-only,baseline reg-only JEPA,70,0.5,ALL,656,0.7506010855119646
reg-only,baseline reg-only JEPA,70,0.6,A,143,0.6580698202534906
reg-only,baseline reg-only JEPA,70,0.6,T,158,0.8793449164692763
reg-only,baseline reg-only JEPA,70,0.6,V,110,0.7015725101921957
reg-only,baseline reg-only JEPA,70,0.6,AT,75,0.8244224659833363
reg-only,baseline reg-only JEPA,70,0.6,AV,73,0.5942491004355787
reg-only,baseline reg-only JEPA,70,0.6,TV,61,0.7839424848674174
reg-only,baseline reg-only JEPA,70,0.6,ATV,36,0.8328173374613004
reg-only,baseline reg-only JEPA,70,0.6,NO_TEXT,326,0.6592523936753101
reg-only,baseline reg-only JEPA,70,0.6,TEXT_PRESENT,330,0.8441610053161167
reg-only,baseline reg-only JEPA,70,0.6,ALL,656,0.7512070386640741
reg-only,baseline reg-only JEPA,70,0.7,A,169,0.6809977101402285
reg-only,baseline reg-only JEPA,70,0.7,T,168,0.8621541578988386
reg-only,baseline reg-only JEPA,70,0.7,V,183,0.6675442533034155
reg-only,baseline reg-only JEPA,70,0.7,AT,52,0.9044279641294567
reg-only,baseline reg-only JEPA,70,0.7,AV,32,0.503968253968254
reg-only,baseline reg-only JEPA,70,0.7,TV,41,0.8566738139908873
reg-only,baseline reg-only JEPA,70,0.7,ATV,11,1.0
reg-only,baseline reg-only JEPA,70,0.7,NO_TEXT,384,0.6600789518524344
reg-only,baseline reg-only JEPA,70,0.7,TEXT_PRESENT,272,0.8746047877145439
reg-only,baseline reg-only JEPA,70,0.7,ALL,656,0.7490721573971258
reg-only-pb,reg-only JEPA + pattern-balanced,66,0.0,ATV,656,0.8733805605374345
reg-only-pb,reg-only JEPA + pattern-balanced,66,0.0,TEXT_PRESENT,656,0.8733805605374345
reg-only-pb,reg-only JEPA + pattern-balanced,66,0.0,ALL,656,0.8733805605374345
reg-only-pb,reg-only JEPA + pattern-balanced,66,0.1,A,6,1.0
reg-only-pb,reg-only JEPA + pattern-balanced,66,0.1,T,6,0.6666666666666666
reg-only-pb,reg-only JEPA + pattern-balanced,66,0.1,V,8,0.8681818181818182
reg-only-pb,reg-only JEPA + pattern-balanced,66,0.1,AT,50,0.8439999999999999
reg-only-pb,reg-only JEPA + pattern-balanced,66,0.1,AV,55,0.7008797653958944
reg-only-pb,reg-only JEPA + pattern-balanced,66,0.1,TV,60,0.902824133504493
reg-only-pb,reg-only JEPA + pattern-balanced,66,0.1,ATV,471,0.8726114649681529
reg-only-pb,reg-only JEPA + pattern-balanced,66,0.1,NO_TEXT,69,0.7467514901635217
reg-only-pb,reg-only JEPA + pattern-balanced,66,0.1,TEXT_PRESENT,587,0.8692594838218696
reg-only-pb,reg-only JEPA + pattern-balanced,66,0.1,ALL,656,0.8573742342143604
reg-only-pb,reg-only JEPA + pattern-balanced,66,0.2,A,21,0.8577966655769859
reg-only-pb,reg-only JEPA + pattern-balanced,66,0.2,T,23,0.7834368530020704
reg-only-pb,reg-only JEPA + pattern-balanced,66,0.2,V,30,0.7127086007702182
reg-only-pb,reg-only JEPA + pattern-balanced,66,0.2,AT,77,0.7706611570247934
reg-only-pb,reg-only JEPA + pattern-balanced,66,0.2,AV,93,0.6182614677238334
reg-only-pb,reg-only JEPA + pattern-balanced,66,0.2,TV,85,0.9065289198116522
reg-only-pb,reg-only JEPA + pattern-balanced,66,0.2,ATV,327,0.862617845973974
reg-only-pb,reg-only JEPA + pattern-balanced,66,0.2,NO_TEXT,144,0.6801215277777778
reg-only-pb,reg-only JEPA + pattern-balanced,66,0.2,TEXT_PRESENT,512,0.8521575316065371
reg-only-pb,reg-only JEPA + pattern-balanced,66,0.2,ALL,656,0.8171602091149379
reg-only-pb,reg-only JEPA + pattern-balanced,66,0.3,A,47,0.7668303327877796
reg-only-pb,reg-only JEPA + pattern-balanced,66,0.3,T,41,0.9031392227797876
reg-only-pb,reg-only JEPA + pattern-balanced,66,0.3,V,41,0.7123385939741751
reg-only-pb,reg-only JEPA + pattern-balanced,66,0.3,AT,100,0.8405254515599343
reg-only-pb,reg-only JEPA + pattern-balanced,66,0.3,AV,114,0.6648148148148149
reg-only-pb,reg-only JEPA + pattern-balanced,66,0.3,TV,77,0.8686540731995278
reg-only-pb,reg-only JEPA + pattern-balanced,66,0.3,ATV,236,0.851819260409229
reg-only-pb,reg-only JEPA + pattern-balanced,66,0.3,NO_TEXT,202,0.6991543689398286
reg-only-pb,reg-only JEPA + pattern-balanced,66,0.3,TEXT_PRESENT,454,0.8568817517751629
reg-only-pb,reg-only JEPA + pattern-balanced,66,0.3,ALL,656,0.8086129345275687
reg-only-pb,reg-only JEPA + pattern-balanced,66,0.4,A,69,0.6387923234439735
reg-only-pb,reg-only JEPA + pattern-balanced,66,0.4,T,68,0.8669275929549902
reg-only-pb,reg-only JEPA + pattern-balanced,66,0.4,V,93,0.7088658011911249
reg-only-pb,reg-only JEPA + pattern-balanced,66,0.4,AT,97,0.8549010819029538
reg-only-pb,reg-only JEPA + pattern-balanced,66,0.4,AV,90,0.6943333333333332
reg-only-pb,reg-only JEPA + pattern-balanced,66,0.4,TV,100,0.8681070003235897
reg-only-pb,reg-only JEPA + pattern-balanced,66,0.4,ATV,139,0.8432763367849782
reg-only-pb,reg-only JEPA + pattern-balanced,66,0.4,NO_TEXT,252,0.6844907830823325
reg-only-pb,reg-only JEPA + pattern-balanced,66,0.4,TEXT_PRESENT,404,0.8567929554846025
reg-only-pb,reg-only JEPA + pattern-balanced,66,0.4,ALL,656,0.7904485708620153
reg-only-pb,reg-only JEPA + pattern-balanced,66,0.5,A,99,0.6077884536421122
reg-only-pb,reg-only JEPA + pattern-balanced,66,0.5,T,120,0.8915677043074978
reg-only-pb,reg-only JEPA + pattern-balanced,66,0.5,V,118,0.5887262177431669
reg-only-pb,reg-only JEPA + pattern-balanced,66,0.5,AT,76,0.7915864931145067
reg-only-pb,reg-only JEPA + pattern-balanced,66,0.5,AV,84,0.6650980392156862
reg-only-pb,reg-only JEPA + pattern-balanced,66,0.5,TV,89,0.898876404494382
reg-only-pb,reg-only JEPA + pattern-balanced,66,0.5,ATV,70,0.869172932330827
reg-only-pb,reg-only JEPA + pattern-balanced,66,0.5,NO_TEXT,301,0.620859692057338
reg-only-pb,reg-only JEPA + pattern-balanced,66,0.5,TEXT_PRESENT,355,0.86788476335262
reg-only-pb,reg-only JEPA + pattern-balanced,66,0.5,ALL,656,0.7547465017702479
reg-only-pb,reg-only JEPA + pattern-balanced,66,0.6,A,129,0.6445240805705923
reg-only-pb,reg-only JEPA + pattern-balanced,66,0.6,T,136,0.9044902400782985
reg-only-pb,reg-only JEPA + pattern-balanced,66,0.6,V,155,0.6590052698884837
reg-only-pb,reg-only JEPA + pattern-balanced,66,0.6,AT,61,0.9339462413232904
reg-only-pb,reg-only JEPA + pattern-balanced,66,0.6,AV,64,0.5898727465535525
reg-only-pb,reg-only JEPA + pattern-balanced,66,0.6,TV,78,0.8209898628503279
reg-only-pb,reg-only JEPA + pattern-balanced,66,0.6,ATV,33,0.9085729085729086
reg-only-pb,reg-only JEPA + pattern-balanced,66,0.6,NO_TEXT,348,0.6424356122655587
reg-only-pb,reg-only JEPA + pattern-balanced,66,0.6,TEXT_PRESENT,308,0.8896103896103896
reg-only-pb,reg-only JEPA + pattern-balanced,66,0.6,ALL,656,0.7581968062190484
reg-only-pb,reg-only JEPA + pattern-balanced,66,0.7,A,161,0.6429650365963899
reg-only-pb,reg-only JEPA + pattern-balanced,66,0.7,T,189,0.8567212911491806
reg-only-pb,reg-only JEPA + pattern-balanced,66,0.7,V,170,0.6926967408585055
reg-only-pb,reg-only JEPA + pattern-balanced,66,0.7,AT,37,0.8934027194896761
reg-only-pb,reg-only JEPA + pattern-balanced,66,0.7,AV,37,0.6508025266645955
reg-only-pb,reg-only JEPA + pattern-balanced,66,0.7,TV,46,0.8250836120401338
reg-only-pb,reg-only JEPA + pattern-balanced,66,0.7,ATV,16,0.8117647058823529
reg-only-pb,reg-only JEPA + pattern-balanced,66,0.7,NO_TEXT,368,0.6666227056517523
reg-only-pb,reg-only JEPA + pattern-balanced,66,0.7,TEXT_PRESENT,288,0.853804095602738
reg-only-pb,reg-only JEPA + pattern-balanced,66,0.7,ALL,656,0.748653247155844
reg-only-pb,reg-only JEPA + pattern-balanced,67,0.0,ATV,656,0.8781624035971685
reg-only-pb,reg-only JEPA + pattern-balanced,67,0.0,TEXT_PRESENT,656,0.8781624035971685
reg-only-pb,reg-only JEPA + pattern-balanced,67,0.0,ALL,656,0.8781624035971685
reg-only-pb,reg-only JEPA + pattern-balanced,67,0.1,A,5,0.6
reg-only-pb,reg-only JEPA + pattern-balanced,67,0.1,T,7,0.8507936507936508
reg-only-pb,reg-only JEPA + pattern-balanced,67,0.1,V,6,0.6666666666666666
reg-only-pb,reg-only JEPA + pattern-balanced,67,0.1,AT,55,0.8690164399987378
reg-only-pb,reg-only JEPA + pattern-balanced,67,0.1,AV,59,0.7758921524940542
reg-only-pb,reg-only JEPA + pattern-balanced,67,0.1,TV,58,0.827998187286285
reg-only-pb,reg-only JEPA + pattern-balanced,67,0.1,ATV,466,0.8730585994663147
reg-only-pb,reg-only JEPA + pattern-balanced,67,0.1,NO_TEXT,70,0.7537115945279211
reg-only-pb,reg-only JEPA + pattern-balanced,67,0.1,TEXT_PRESENT,586,0.8681045718492794
reg-only-pb,reg-only JEPA + pattern-balanced,67,0.1,ALL,656,0.8560576321808865
reg-only-pb,reg-only JEPA + pattern-balanced,67,0.2,A,18,0.6493506493506493
reg-only-pb,reg-only JEPA + pattern-balanced,67,0.2,T,14,0.789152024446142
reg-only-pb,reg-only JEPA + pattern-balanced,67,0.2,V,24,0.6481481481481483
reg-only-pb,reg-only JEPA + pattern-balanced,67,0.2,AT,75,0.9066001069709394
reg-only-pb,reg-only JEPA + pattern-balanced,67,0.2,AV,92,0.6631252043151356
reg-only-pb,reg-only JEPA + pattern-balanced,67,0.2,TV,81,0.8784261715296199
reg-only-pb,reg-only JEPA + pattern-balanced,67,0.2,ATV,352,0.8826457969147845
reg-only-pb,reg-only JEPA + pattern-balanced,67,0.2,NO_TEXT,134,0.6658662596958921
reg-only-pb,reg-only JEPA + pattern-balanced,67,0.2,TEXT_PRESENT,522,0.8826886535885694
reg-only-pb,reg-only JEPA + pattern-balanced,67,0.2,ALL,656,0.8389432861199355
reg-only-pb,reg-only JEPA + pattern-balanced,67,0.3,A,45,0.5240665766981556
reg-only-pb,reg-only JEPA + pattern-balanced,67,0.3,T,56,0.8368012955783481
reg-only-pb,reg-only JEPA + pattern-balanced,67,0.3,V,50,0.6417307692307693
reg-only-pb,reg-only JEPA + pattern-balanced,67,0.3,AT,95,0.926163356903925
reg-only-pb,reg-only JEPA + pattern-balanced,67,0.3,AV,99,0.6826725142362705
reg-only-pb,reg-only JEPA + pattern-balanced,67,0.3,TV,89,0.8647163182245104
reg-only-pb,reg-only JEPA + pattern-balanced,67,0.3,ATV,222,0.8550521460042454
reg-only-pb,reg-only JEPA + pattern-balanced,67,0.3,NO_TEXT,194,0.638768243641886
reg-only-pb,reg-only JEPA + pattern-balanced,67,0.3,TEXT_PRESENT,462,0.8694468224622502
reg-only-pb,reg-only JEPA + pattern-balanced,67,0.3,ALL,656,0.8042912580841918
reg-only-pb,reg-only JEPA + pattern-balanced,67,0.4,A,75,0.5965714285714286
reg-only-pb,reg-only JEPA + pattern-balanced,67,0.4,T,88,0.8751137102014295
reg-only-pb,reg-only JEPA + pattern-balanced,67,0.4,V,90,0.6309392736738787
reg-only-pb,reg-only JEPA + pattern-balanced,67,0.4,AT,86,0.823266457346602
reg-only-pb,reg-only JEPA + pattern-balanced,67,0.4,AV,89,0.6472666448492783
reg-only-pb,reg-only JEPA + pattern-balanced,67,0.4,TV,81,0.8898508898508898
reg-only-pb,reg-only JEPA + pattern-balanced,67,0.4,ATV,147,0.8158605514087242
reg-only-pb,reg-only JEPA + pattern-balanced,67,0.4,NO_TEXT,254,0.6313074855280397
reg-only-pb,reg-only JEPA + pattern-balanced,67,0.4,TEXT_PRESENT,402,0.8456291614424999
reg-only-pb,reg-only JEPA + pattern-balanced,67,0.4,ALL,656,0.7644379368842216
reg-only-pb,reg-only JEPA + pattern-balanced,67,0.5,A,121,0.6763279809605718
reg-only-pb,reg-only JEPA + pattern-balanced,67,0.5,T,105,0.7987071751777635
reg-only-pb,reg-only JEPA + pattern-balanced,67,0.5,V,119,0.6333065400073074
reg-only-pb,reg-only JEPA + pattern-balanced,67,0.5,AT,77,0.8568977771242311
reg-only-pb,reg-only JEPA + pattern-balanced,67,0.5,AV,80,0.6512519837771116
reg-only-pb,reg-only JEPA + pattern-balanced,67,0.5,TV,78,0.8717948717948718
reg-only-pb,reg-only JEPA + pattern-balanced,67,0.5,ATV,76,0.8825146712259138
reg-only-pb,reg-only JEPA + pattern-balanced,67,0.5,NO_TEXT,320,0.6553243951695158
reg-only-pb,reg-only JEPA + pattern-balanced,67,0.5,TEXT_PRESENT,336,0.8481583291051438
reg-only-pb,reg-only JEPA + pattern-balanced,67,0.5,ALL,656,0.7542597130362941
reg-only-pb,reg-only JEPA + pattern-balanced,67,0.6,A,139,0.6648158217611957
reg-only-pb,reg-only JEPA + pattern-balanced,67,0.6,T,149,0.8591366377608668
reg-only-pb,reg-only JEPA + pattern-balanced,67,0.6,V,147,0.6182010582010583
reg-only-pb,reg-only JEPA + pattern-balanced,67,0.6,AT,67,0.9104477611940298
reg-only-pb,reg-only JEPA + pattern-balanced,67,0.6,AV,64,0.7651088818204063
reg-only-pb,reg-only JEPA + pattern-balanced,67,0.6,TV,58,0.9142050510265733
reg-only-pb,reg-only JEPA + pattern-balanced,67,0.6,ATV,32,0.8073863636363636
reg-only-pb,reg-only JEPA + pattern-balanced,67,0.6,NO_TEXT,350,0.6670465018852115
reg-only-pb,reg-only JEPA + pattern-balanced,67,0.6,TEXT_PRESENT,306,0.8755786487623038
reg-only-pb,reg-only JEPA + pattern-balanced,67,0.6,ALL,656,0.7639917590136568
reg-only-pb,reg-only JEPA + pattern-balanced,67,0.7,A,164,0.6793867804148893
reg-only-pb,reg-only JEPA + pattern-balanced,67,0.7,T,163,0.8533289008431806
reg-only-pb,reg-only JEPA + pattern-balanced,67,0.7,V,177,0.7008517411320175
reg-only-pb,reg-only JEPA + pattern-balanced,67,0.7,AT,44,0.9321366231070435
reg-only-pb,reg-only JEPA + pattern-balanced,67,0.7,AV,52,0.5908300738809212
reg-only-pb,reg-only JEPA + pattern-balanced,67,0.7,TV,38,0.7633220264799212
reg-only-pb,reg-only JEPA + pattern-balanced,67,0.7,ATV,18,0.9442724458204333
reg-only-pb,reg-only JEPA + pattern-balanced,67,0.7,NO_TEXT,393,0.6860191136659674
reg-only-pb,reg-only JEPA + pattern-balanced,67,0.7,TEXT_PRESENT,263,0.86005415665965
reg-only-pb,reg-only JEPA + pattern-balanced,67,0.7,ALL,656,0.7559766329928745
reg-only-pb,reg-only JEPA + pattern-balanced,68,0.0,ATV,656,0.8696207554304238
reg-only-pb,reg-only JEPA + pattern-balanced,68,0.0,TEXT_PRESENT,656,0.8696207554304238
reg-only-pb,reg-only JEPA + pattern-balanced,68,0.0,ALL,656,0.8696207554304238
reg-only-pb,reg-only JEPA + pattern-balanced,68,0.1,A,4,1.0
reg-only-pb,reg-only JEPA + pattern-balanced,68,0.1,T,8,0.873015873015873
reg-only-pb,reg-only JEPA + pattern-balanced,68,0.1,V,3,0.16666666666666666
reg-only-pb,reg-only JEPA + pattern-balanced,68,0.1,AT,47,0.8489452498411065
reg-only-pb,reg-only JEPA + pattern-balanced,68,0.1,AV,53,0.6955256064690027
reg-only-pb,reg-only JEPA + pattern-balanced,68,0.1,TV,71,0.8454404036157243
reg-only-pb,reg-only JEPA + pattern-balanced,68,0.1,ATV,470,0.8650764645671921
reg-only-pb,reg-only JEPA + pattern-balanced,68,0.1,NO_TEXT,60,0.7
reg-only-pb,reg-only JEPA + pattern-balanced,68,0.1,TEXT_PRESENT,596,0.8617240870582823
reg-only-pb,reg-only JEPA + pattern-balanced,68,0.1,ALL,656,0.8473250379597463
reg-only-pb,reg-only JEPA + pattern-balanced,68,0.2,A,23,0.5685111989459817
reg-only-pb,reg-only JEPA + pattern-balanced,68,0.2,T,19,0.6700404858299595
reg-only-pb,reg-only JEPA + pattern-balanced,68,0.2,V,29,0.6472148541114058
reg-only-pb,reg-only JEPA + pattern-balanced,68,0.2,AT,79,0.8858904355246641
reg-only-pb,reg-only JEPA + pattern-balanced,68,0.2,AV,86,0.7396093874727262
reg-only-pb,reg-only JEPA + pattern-balanced,68,0.2,TV,94,0.8376313154993473
reg-only-pb,reg-only JEPA + pattern-balanced,68,0.2,ATV,326,0.869761989638974
reg-only-pb,reg-only JEPA + pattern-balanced,68,0.2,NO_TEXT,138,0.6975425330812854
reg-only-pb,reg-only JEPA + pattern-balanced,68,0.2,TEXT_PRESENT,518,0.8594972677752443
reg-only-pb,reg-only JEPA + pattern-balanced,68,0.2,ALL,656,0.8265868089222186
reg-only-pb,reg-only JEPA + pattern-balanced,68,0.3,A,47,0.6519960681104734
reg-only-pb,reg-only JEPA + pattern-balanced,68,0.3,T,59,0.864406779661017
reg-only-pb,reg-only JEPA + pattern-balanced,68,0.3,V,41,0.6097560975609756
reg-only-pb,reg-only JEPA + pattern-balanced,68,0.3,AT,93,0.9129064419644293
reg-only-pb,reg-only JEPA + pattern-balanced,68,0.3,AV,92,0.6876520472619618
reg-only-pb,reg-only JEPA + pattern-balanced,68,0.3,TV,97,0.8551320311086995
reg-only-pb,reg-only JEPA + pattern-balanced,68,0.3,ATV,227,0.8449927228244021
reg-only-pb,reg-only JEPA + pattern-balanced,68,0.3,NO_TEXT,180,0.6633932032562345
reg-only-pb,reg-only JEPA + pattern-balanced,68,0.3,TEXT_PRESENT,476,0.8626316882622952
reg-only-pb,reg-only JEPA + pattern-balanced,68,0.3,ALL,656,0.8081302327433308
reg-only-pb,reg-only JEPA + pattern-balanced,68,0.4,A,85,0.6972004479283315
reg-only-pb,reg-only JEPA + pattern-balanced,68,0.4,T,64,0.8746305418719211
reg-only-pb,reg-only JEPA + pattern-balanced,68,0.4,V,65,0.4093624908800505
reg-only-pb,reg-only JEPA + pattern-balanced,68,0.4,AT,92,0.8574669187145557
reg-only-pb,reg-only JEPA + pattern-balanced,68,0.4,AV,89,0.5933584031083491
reg-only-pb,reg-only JEPA + pattern-balanced,68,0.4,TV,104,0.9136931770519557
reg-only-pb,reg-only JEPA + pattern-balanced,68,0.4,ATV,157,0.8721255717167877
reg-only-pb,reg-only JEPA + pattern-balanced,68,0.4,NO_TEXT,239,0.5904666956930357
reg-only-pb,reg-only JEPA + pattern-balanced,68,0.4,TEXT_PRESENT,417,0.8796439084655162
reg-only-pb,reg-only JEPA + pattern-balanced,68,0.4,ALL,656,0.7771485988870273
reg-only-pb,reg-only JEPA + pattern-balanced,68,0.5,A,109,0.6683619462066713
reg-only-pb,reg-only JEPA + pattern-balanced,68,0.5,T,116,0.8507336535919168
reg-only-pb,reg-only JEPA + pattern-balanced,68,0.5,V,98,0.673469387755102
reg-only-pb,reg-only JEPA + pattern-balanced,68,0.5,AT,88,0.8969893742621015
reg-only-pb,reg-only JEPA + pattern-balanced,68,0.5,AV,83,0.7557818308046109
reg-only-pb,reg-only JEPA + pattern-balanced,68,0.5,TV,86,0.8246401575487272
reg-only-pb,reg-only JEPA + pattern-balanced,68,0.5,ATV,76,0.8547553093259463
reg-only-pb,reg-only JEPA + pattern-balanced,68,0.5,NO_TEXT,290,0.6955013470125844
reg-only-pb,reg-only JEPA + pattern-balanced,68,0.5,TEXT_PRESENT,366,0.8565718845205281
reg-only-pb,reg-only JEPA + pattern-balanced,68,0.5,ALL,656,0.7854583892997792
reg-only-pb,reg-only JEPA + pattern-balanced,68,0.6,A,150,0.6864128728414443
reg-only-pb,reg-only JEPA + pattern-balanced,68,0.6,T,140,0.828251267305013
reg-only-pb,reg-only JEPA + pattern-balanced,68,0.6,V,150,0.6093509969222534
reg-only-pb,reg-only JEPA + pattern-balanced,68,0.6,AT,70,0.8417289377289378
reg-only-pb,reg-only JEPA + pattern-balanced,68,0.6,AV,44,0.7272727272727273
reg-only-pb,reg-only JEPA + pattern-balanced,68,0.6,TV,64,0.8900574499629355
reg-only-pb,reg-only JEPA + pattern-balanced,68,0.6,ATV,38,0.9473684210526315
reg-only-pb,reg-only JEPA + pattern-balanced,68,0.6,NO_TEXT,344,0.6613301322248898
reg-only-pb,reg-only JEPA + pattern-balanced,68,0.6,TEXT_PRESENT,312,0.8583037886687521
reg-only-pb,reg-only JEPA + pattern-balanced,68,0.6,ALL,656,0.7542597130362941
reg-only-pb,reg-only JEPA + pattern-balanced,68,0.7,A,177,0.6160889989208406
reg-only-pb,reg-only JEPA + pattern-balanced,68,0.7,T,131,0.8823453304209509
reg-only-pb,reg-only JEPA + pattern-balanced,68,0.7,V,195,0.5771240345297591
reg-only-pb,reg-only JEPA + pattern-balanced,68,0.7,AT,44,0.8592476489028215
reg-only-pb,reg-only JEPA + pattern-balanced,68,0.7,AV,45,0.6
reg-only-pb,reg-only JEPA + pattern-balanced,68,0.7,TV,42,0.780474697716077
reg-only-pb,reg-only JEPA + pattern-balanced,68,0.7,ATV,22,0.7603485838779956
reg-only-pb,reg-only JEPA + pattern-balanced,68,0.7,NO_TEXT,417,0.6044589367291368
reg-only-pb,reg-only JEPA + pattern-balanced,68,0.7,TEXT_PRESENT,239,0.848856474050371
reg-only-pb,reg-only JEPA + pattern-balanced,68,0.7,ALL,656,0.6928504997888927
reg-only-pb,reg-only JEPA + pattern-balanced,69,0.0,ATV,656,0.8717530318861868
reg-only-pb,reg-only JEPA + pattern-balanced,69,0.0,TEXT_PRESENT,656,0.8717530318861868
reg-only-pb,reg-only JEPA + pattern-balanced,69,0.0,ALL,656,0.8717530318861868
reg-only-pb,reg-only JEPA + pattern-balanced,69,0.1,A,8,0.7666666666666667
reg-only-pb,reg-only JEPA + pattern-balanced,69,0.1,T,6,0.6666666666666666
reg-only-pb,reg-only JEPA + pattern-balanced,69,0.1,V,7,0.6233766233766234
reg-only-pb,reg-only JEPA + pattern-balanced,69,0.1,AT,48,0.8523954116059379
reg-only-pb,reg-only JEPA + pattern-balanced,69,0.1,AV,56,0.6292517006802721
reg-only-pb,reg-only JEPA + pattern-balanced,69,0.1,TV,49,0.8367346938775511
reg-only-pb,reg-only JEPA + pattern-balanced,69,0.1,ATV,482,0.8734056100063522
reg-only-pb,reg-only JEPA + pattern-balanced,69,0.1,NO_TEXT,71,0.6416198339462059
reg-only-pb,reg-only JEPA + pattern-balanced,69,0.1,TEXT_PRESENT,585,0.8664586919104992
reg-only-pb,reg-only JEPA + pattern-balanced,69,0.1,ALL,656,0.8415388478996132
reg-only-pb,reg-only JEPA + pattern-balanced,69,0.2,A,29,0.5702148925537232
reg-only-pb,reg-only JEPA + pattern-balanced,69,0.2,T,23,0.8685481820493264
reg-only-pb,reg-only JEPA + pattern-balanced,69,0.2,V,24,0.6523809523809524
reg-only-pb,reg-only JEPA + pattern-balanced,69,0.2,AT,90,0.8229474757776646
reg-only-pb,reg-only JEPA + pattern-balanced,69,0.2,AV,83,0.6984421201288671
reg-only-pb,reg-only JEPA + pattern-balanced,69,0.2,TV,77,0.8701298701298701
reg-only-pb,reg-only JEPA + pattern-balanced,69,0.2,ATV,330,0.8590829268292681
reg-only-pb,reg-only JEPA + pattern-balanced,69,0.2,NO_TEXT,136,0.6827202827960318
reg-only-pb,reg-only JEPA + pattern-balanced,69,0.2,TEXT_PRESENT,520,0.8551925836000442
reg-only-pb,reg-only JEPA + pattern-balanced,69,0.2,ALL,656,0.8194212173123459
reg-only-pb,reg-only JEPA + pattern-balanced,69,0.3,A,49,0.6357452071737786
reg-only-pb,reg-only JEPA + pattern-balanced,69,0.3,T,45,0.9111111111111111
reg-only-pb,reg-only JEPA + pattern-balanced,69,0.3,V,45,0.7553136511078126
reg-only-pb,reg-only JEPA + pattern-balanced,69,0.3,AT,101,0.8603821312772191
reg-only-pb,reg-only JEPA + pattern-balanced,69,0.3,AV,91,0.7229492323759349
reg-only-pb,reg-only JEPA + pattern-balanced,69,0.3,TV,96,0.8226212323434545
reg-only-pb,reg-only JEPA + pattern-balanced,69,0.3,ATV,229,0.8596783259111938
reg-only-pb,reg-only JEPA + pattern-balanced,69,0.3,NO_TEXT,185,0.708542471042471
reg-only-pb,reg-only JEPA + pattern-balanced,69,0.3,TEXT_PRESENT,471,0.8571219469960449
reg-only-pb,reg-only JEPA + pattern-balanced,69,0.3,ALL,656,0.8151079667172638
reg-only-pb,reg-only JEPA + pattern-balanced,69,0.4,A,89,0.6403512350183489
reg-only-pb,reg-only JEPA + pattern-balanced,69,0.4,T,77,0.8574917146345719
reg-only-pb,reg-only JEPA + pattern-balanced,69,0.4,V,74,0.5818527247098676
reg-only-pb,reg-only JEPA + pattern-balanced,69,0.4,AT,85,0.8698149682408175
reg-only-pb,reg-only JEPA + pattern-balanced,69,0.4,AV,96,0.6875
reg-only-pb,reg-only JEPA + pattern-balanced,69,0.4,TV,92,0.8901056990301841
reg-only-pb,reg-only JEPA + pattern-balanced,69,0.4,ATV,143,0.8672381449086247
reg-only-pb,reg-only JEPA + pattern-balanced,69,0.4,NO_TEXT,259,0.6438854170812934
reg-only-pb,reg-only JEPA + pattern-balanced,69,0.4,TEXT_PRESENT,397,0.8712599032623174
reg-only-pb,reg-only JEPA + pattern-balanced,69,0.4,ALL,656,0.7830846862561928
reg-only-pb,reg-only JEPA + pattern-balanced,69,0.5,A,120,0.6856365069131026
reg-only-pb,reg-only JEPA + pattern-balanced,69,0.5,T,126,0.9047619047619048
reg-only-pb,reg-only JEPA + pattern-balanced,69,0.5,V,122,0.6415482695810564
reg-only-pb,reg-only JEPA + pattern-balanced,69,0.5,AT,63,0.8575120924565226
reg-only-pb,reg-only JEPA + pattern-balanced,69,0.5,AV,74,0.6348019252128841
reg-only-pb,reg-only JEPA + pattern-balanced,69,0.5,TV,83,0.8062095621026999
reg-only-pb,reg-only JEPA + pattern-balanced,69,0.5,ATV,68,0.8699035877137851
reg-only-pb,reg-only JEPA + pattern-balanced,69,0.5,NO_TEXT,316,0.6576425024918483
reg-only-pb,reg-only JEPA + pattern-balanced,69,0.5,TEXT_PRESENT,340,0.8648559993094198
reg-only-pb,reg-only JEPA + pattern-balanced,69,0.5,ALL,656,0.7651275092556418
reg-only-pb,reg-only JEPA + pattern-balanced,69,0.6,A,144,0.6548482963577303
reg-only-pb,reg-only JEPA + pattern-balanced,69,0.6,T,156,0.8846153846153846
reg-only-pb,reg-only JEPA + pattern-balanced,69,0.6,V,146,0.7139558668567532
reg-only-pb,reg-only JEPA + pattern-balanced,69,0.6,AT,63,0.8724279835390947
reg-only-pb,reg-only JEPA + pattern-balanced,69,0.6,AV,46,0.503586800573888
reg-only-pb,reg-only JEPA + pattern-balanced,69,0.6,TV,54,0.8379784466740988
reg-only-pb,reg-only JEPA + pattern-balanced,69,0.6,ATV,47,0.8118489516253671
reg-only-pb,reg-only JEPA + pattern-balanced,69,0.6,NO_TEXT,336,0.6632047402335901
reg-only-pb,reg-only JEPA + pattern-balanced,69,0.6,TEXT_PRESENT,320,0.8628784252722269
reg-only-pb,reg-only JEPA + pattern-balanced,69,0.6,ALL,656,0.7608397563846518
reg-only-pb,reg-only JEPA + pattern-balanced,69,0.7,A,149,0.5764573663591397
reg-only-pb,reg-only JEPA + pattern-balanced,69,0.7,T,187,0.8928634313499749
reg-only-pb,reg-only JEPA + pattern-balanced,69,0.7,V,166,0.7222084144631477
reg-only-pb,reg-only JEPA + pattern-balanced,69,0.7,AT,43,0.9057924203273039
reg-only-pb,reg-only JEPA + pattern-balanced,69,0.7,AV,45,0.6321195144724555
reg-only-pb,reg-only JEPA + pattern-balanced,69,0.7,TV,52,0.9055915846960623
reg-only-pb,reg-only JEPA + pattern-balanced,69,0.7,ATV,14,1.0
reg-only-pb,reg-only JEPA + pattern-balanced,69,0.7,NO_TEXT,360,0.6530431002359955
reg-only-pb,reg-only JEPA + pattern-balanced,69,0.7,TEXT_PRESENT,296,0.9019009356847194
reg-only-pb,reg-only JEPA + pattern-balanced,69,0.7,ALL,656,0.765053095635049
reg-only-pb,reg-only JEPA + pattern-balanced,70,0.0,ATV,656,0.8727758669803348
reg-only-pb,reg-only JEPA + pattern-balanced,70,0.0,TEXT_PRESENT,656,0.8727758669803348
reg-only-pb,reg-only JEPA + pattern-balanced,70,0.0,ALL,656,0.8727758669803348
reg-only-pb,reg-only JEPA + pattern-balanced,70,0.1,A,7,0.7142857142857144
reg-only-pb,reg-only JEPA + pattern-balanced,70,0.1,T,5,1.0
reg-only-pb,reg-only JEPA + pattern-balanced,70,0.1,V,6,0.6666666666666666
reg-only-pb,reg-only JEPA + pattern-balanced,70,0.1,AT,54,0.8325445941026575
reg-only-pb,reg-only JEPA + pattern-balanced,70,0.1,AV,54,0.6120606131070031
reg-only-pb,reg-only JEPA + pattern-balanced,70,0.1,TV,63,0.873015873015873
reg-only-pb,reg-only JEPA + pattern-balanced,70,0.1,ATV,467,0.8783729200962439
reg-only-pb,reg-only JEPA + pattern-balanced,70,0.1,NO_TEXT,67,0.6275402647778059
reg-only-pb,reg-only JEPA + pattern-balanced,70,0.1,TEXT_PRESENT,589,0.8747221208503689
reg-only-pb,reg-only JEPA + pattern-balanced,70,0.1,ALL,656,0.8494987229354556
reg-only-pb,reg-only JEPA + pattern-balanced,70,0.2,A,24,0.825925925925926
reg-only-pb,reg-only JEPA + pattern-balanced,70,0.2,T,24,0.837037037037037
reg-only-pb,reg-only JEPA + pattern-balanced,70,0.2,V,27,0.416393953560854
reg-only-pb,reg-only JEPA + pattern-balanced,70,0.2,AT,80,0.85
reg-only-pb,reg-only JEPA + pattern-balanced,70,0.2,AV,90,0.6636904761904763
reg-only-pb,reg-only JEPA + pattern-balanced,70,0.2,TV,71,0.8556272701141917
reg-only-pb,reg-only JEPA + pattern-balanced,70,0.2,ATV,340,0.8731481025598672
reg-only-pb,reg-only JEPA + pattern-balanced,70,0.2,NO_TEXT,141,0.6453991055698605
reg-only-pb,reg-only JEPA + pattern-balanced,70,0.2,TEXT_PRESENT,515,0.8656519518757007
reg-only-pb,reg-only JEPA + pattern-balanced,70,0.2,ALL,656,0.820764494240104
reg-only-pb,reg-only JEPA + pattern-balanced,70,0.3,A,42,0.7062184873949579
reg-only-pb,reg-only JEPA + pattern-balanced,70,0.3,T,40,0.9
reg-only-pb,reg-only JEPA + pattern-balanced,70,0.3,V,60,0.7
reg-only-pb,reg-only JEPA + pattern-balanced,70,0.3,AT,82,0.8757347156014255
reg-only-pb,reg-only JEPA + pattern-balanced,70,0.3,AV,93,0.6666345050868899
reg-only-pb,reg-only JEPA + pattern-balanced,70,0.3,TV,111,0.8189260689260689
reg-only-pb,reg-only JEPA + pattern-balanced,70,0.3,ATV,228,0.8571777940816826
reg-only-pb,reg-only JEPA + pattern-balanced,70,0.3,NO_TEXT,195,0.6831875510238083
reg-only-pb,reg-only JEPA + pattern-balanced,70,0.3,TEXT_PRESENT,461,0.8551744661760695
reg-only-pb,reg-only JEPA + pattern-balanced,70,0.3,ALL,656,0.8035952921703884
reg-only-pb,reg-only JEPA + pattern-balanced,70,0.4,A,77,0.6337306325884282
reg-only-pb,reg-only JEPA + pattern-balanced,70,0.4,T,77,0.8429631592896898
reg-only-pb,reg-only JEPA + pattern-balanced,70,0.4,V,68,0.6203022875816993
reg-only-pb,reg-only JEPA + pattern-balanced,70,0.4,AT,104,0.8363703384039989
reg-only-pb,reg-only JEPA + pattern-balanced,70,0.4,AV,104,0.6153846153846154
reg-only-pb,reg-only JEPA + pattern-balanced,70,0.4,TV,90,0.8546124411442553
reg-only-pb,reg-only JEPA + pattern-balanced,70,0.4,ATV,136,0.919519256384826
reg-only-pb,reg-only JEPA + pattern-balanced,70,0.4,NO_TEXT,249,0.6262586811875571
reg-only-pb,reg-only JEPA + pattern-balanced,70,0.4,TEXT_PRESENT,407,0.869828767557515
reg-only-pb,reg-only JEPA + pattern-balanced,70,0.4,ALL,656,0.7774390243902439
reg-only-pb,reg-only JEPA + pattern-balanced,70,0.5,A,123,0.6025790681689233
reg-only-pb,reg-only JEPA + pattern-balanced,70,0.5,T,110,0.8626549980372686
reg-only-pb,reg-only JEPA + pattern-balanced,70,0.5,V,105,0.5978213507625273
reg-only-pb,reg-only JEPA + pattern-balanced,70,0.5,AT,85,0.8691026647421776
reg-only-pb,reg-only JEPA + pattern-balanced,70,0.5,AV,81,0.5720164609053499
reg-only-pb,reg-only JEPA + pattern-balanced,70,0.5,TV,81,0.901912369886226
reg-only-pb,reg-only JEPA + pattern-balanced,70,0.5,ATV,71,0.867954116451285
reg-only-pb,reg-only JEPA + pattern-balanced,70,0.5,NO_TEXT,309,0.6045307443365696
reg-only-pb,reg-only JEPA + pattern-balanced,70,0.5,TEXT_PRESENT,347,0.874776380842374
reg-only-pb,reg-only JEPA + pattern-balanced,70,0.5,ALL,656,0.7474004558901984
reg-only-pb,reg-only JEPA + pattern-balanced,70,0.6,A,143,0.6669393499582179
reg-only-pb,reg-only JEPA + pattern-balanced,70,0.6,T,158,0.8678139011789411
reg-only-pb,reg-only JEPA + pattern-balanced,70,0.6,V,110,0.6562635640221847
reg-only-pb,reg-only JEPA + pattern-balanced,70,0.6,AT,75,0.8399431009957324
reg-only-pb,reg-only JEPA + pattern-balanced,70,0.6,AV,73,0.6080578019841925
reg-only-pb,reg-only JEPA + pattern-balanced,70,0.6,TV,61,0.8193785172498165
reg-only-pb,reg-only JEPA + pattern-balanced,70,0.6,ATV,36,0.8888888888888888
reg-only-pb,reg-only JEPA + pattern-balanced,70,0.6,NO_TEXT,326,0.6510339297298846
reg-only-pb,reg-only JEPA + pattern-balanced,70,0.6,TEXT_PRESENT,330,0.8547225501770955
reg-only-pb,reg-only JEPA + pattern-balanced,70,0.6,ALL,656,0.7527091090521181
reg-only-pb,reg-only JEPA + pattern-balanced,70,0.7,A,169,0.7029039336731645
reg-only-pb,reg-only JEPA + pattern-balanced,70,0.7,T,168,0.8377538723191136
reg-only-pb,reg-only JEPA + pattern-balanced,70,0.7,V,183,0.6395381169080385
reg-only-pb,reg-only JEPA + pattern-balanced,70,0.7,AT,52,0.9031692944736422
reg-only-pb,reg-only JEPA + pattern-balanced,70,0.7,AV,32,0.5821182396606575
reg-only-pb,reg-only JEPA + pattern-balanced,70,0.7,TV,41,0.8566738139908873
reg-only-pb,reg-only JEPA + pattern-balanced,70,0.7,ATV,11,1.0
reg-only-pb,reg-only JEPA + pattern-balanced,70,0.7,NO_TEXT,384,0.6650500436838319
reg-only-pb,reg-only JEPA + pattern-balanced,70,0.7,TEXT_PRESENT,272,0.8593413610045064
reg-only-pb,reg-only JEPA + pattern-balanced,70,0.7,ALL,656,0.7456066198486423
reg-only-groupdro,reg-only JEPA + GroupDRO,66,0.0,ATV,656,0.8641559904362123
reg-only-groupdro,reg-only JEPA + GroupDRO,66,0.0,TEXT_PRESENT,656,0.8641559904362123
reg-only-groupdro,reg-only JEPA + GroupDRO,66,0.0,ALL,656,0.8641559904362123
reg-only-groupdro,reg-only JEPA + GroupDRO,66,0.1,A,6,0.8285714285714286
reg-only-groupdro,reg-only JEPA + GroupDRO,66,0.1,T,6,0.8000000000000002
reg-only-groupdro,reg-only JEPA + GroupDRO,66,0.1,V,8,0.6309523809523809
reg-only-groupdro,reg-only JEPA + GroupDRO,66,0.1,AT,50,0.8419444444444444
reg-only-groupdro,reg-only JEPA + GroupDRO,66,0.1,AV,55,0.6731601731601731
reg-only-groupdro,reg-only JEPA + GroupDRO,66,0.1,TV,60,0.9173669467787113
reg-only-groupdro,reg-only JEPA + GroupDRO,66,0.1,ATV,471,0.8658235786508955
reg-only-groupdro,reg-only JEPA + GroupDRO,66,0.1,NO_TEXT,69,0.6812933869199854
reg-only-groupdro,reg-only JEPA + GroupDRO,66,0.1,TEXT_PRESENT,587,0.866869971227588
reg-only-groupdro,reg-only JEPA + GroupDRO,66,0.1,ALL,656,0.8474067543109218
reg-only-groupdro,reg-only JEPA + GroupDRO,66,0.2,A,21,0.8571428571428571
reg-only-groupdro,reg-only JEPA + GroupDRO,66,0.2,T,23,0.7301003344481607
reg-only-groupdro,reg-only JEPA + GroupDRO,66,0.2,V,30,0.6666666666666666
reg-only-groupdro,reg-only JEPA + GroupDRO,66,0.2,AT,77,0.8710161964472308
reg-only-groupdro,reg-only JEPA + GroupDRO,66,0.2,AV,93,0.6488968715450589
reg-only-groupdro,reg-only JEPA + GroupDRO,66,0.2,TV,85,0.9058823529411765
reg-only-groupdro,reg-only JEPA + GroupDRO,66,0.2,ATV,327,0.8593987456590473
reg-only-groupdro,reg-only JEPA + GroupDRO,66,0.2,NO_TEXT,144,0.6828373015873015
reg-only-groupdro,reg-only JEPA + GroupDRO,66,0.2,TEXT_PRESENT,512,0.8632024151822588
reg-only-groupdro,reg-only JEPA + GroupDRO,66,0.2,ALL,656,0.8233354852158944
reg-only-groupdro,reg-only JEPA + GroupDRO,66,0.3,A,47,0.7244358478401033
reg-only-groupdro,reg-only JEPA + GroupDRO,66,0.3,T,41,0.9264672609620345
reg-only-groupdro,reg-only JEPA + GroupDRO,66,0.3,V,41,0.7073170731707317
reg-only-groupdro,reg-only JEPA + GroupDRO,66,0.3,AT,100,0.8433123133089944
reg-only-groupdro,reg-only JEPA + GroupDRO,66,0.3,AV,114,0.6747600709089798
reg-only-groupdro,reg-only JEPA + GroupDRO,66,0.3,TV,77,0.811605415860735
reg-only-groupdro,reg-only JEPA + GroupDRO,66,0.3,ATV,236,0.8490840609484678
reg-only-groupdro,reg-only JEPA + GroupDRO,66,0.3,NO_TEXT,202,0.6926398187045092
reg-only-groupdro,reg-only JEPA + GroupDRO,66,0.3,TEXT_PRESENT,454,0.8487439678766905
reg-only-groupdro,reg-only JEPA + GroupDRO,66,0.3,ALL,656,0.8003581613742212
reg-only-groupdro,reg-only JEPA + GroupDRO,66,0.4,A,69,0.6058988584328815
reg-only-groupdro,reg-only JEPA + GroupDRO,66,0.4,T,68,0.86738894907909
reg-only-groupdro,reg-only JEPA + GroupDRO,66,0.4,V,93,0.6980884109916368
reg-only-groupdro,reg-only JEPA + GroupDRO,66,0.4,AT,97,0.8442719326514744
reg-only-groupdro,reg-only JEPA + GroupDRO,66,0.4,AV,90,0.77906162464986
reg-only-groupdro,reg-only JEPA + GroupDRO,66,0.4,TV,100,0.8217733990147782
reg-only-groupdro,reg-only JEPA + GroupDRO,66,0.4,ATV,139,0.8397693609818028
reg-only-groupdro,reg-only JEPA + GroupDRO,66,0.4,NO_TEXT,252,0.7045419449121102
reg-only-groupdro,reg-only JEPA + GroupDRO,66,0.4,TEXT_PRESENT,404,0.8419784336381819
reg-only-groupdro,reg-only JEPA + GroupDRO,66,0.4,ALL,656,0.789276566294536
reg-only-groupdro,reg-only JEPA + GroupDRO,66,0.5,A,99,0.6253414290797469
reg-only-groupdro,reg-only JEPA + GroupDRO,66,0.5,T,120,0.8896907216494846
reg-only-groupdro,reg-only JEPA + GroupDRO,66,0.5,V,118,0.5744453386827469
reg-only-groupdro,reg-only JEPA + GroupDRO,66,0.5,AT,76,0.8157894736842104
reg-only-groupdro,reg-only JEPA + GroupDRO,66,0.5,AV,84,0.6428571428571429
reg-only-groupdro,reg-only JEPA + GroupDRO,66,0.5,TV,89,0.9324643738010415
reg-only-groupdro,reg-only JEPA + GroupDRO,66,0.5,ATV,70,0.830095238095238
reg-only-groupdro,reg-only JEPA + GroupDRO,66,0.5,NO_TEXT,301,0.6116002493748135
reg-only-groupdro,reg-only JEPA + GroupDRO,66,0.5,TEXT_PRESENT,355,0.8724584142112667
reg-only-groupdro,reg-only JEPA + GroupDRO,66,0.5,ALL,656,0.7528717397734103
reg-only-groupdro,reg-only JEPA + GroupDRO,66,0.6,A,129,0.6290686058127918
reg-only-groupdro,reg-only JEPA + GroupDRO,66,0.6,T,136,0.8746071133167908
reg-only-groupdro,reg-only JEPA + GroupDRO,66,0.6,V,155,0.6115397406052545
reg-only-groupdro,reg-only JEPA + GroupDRO,66,0.6,AT,61,0.8855628143661065
reg-only-groupdro,reg-only JEPA + GroupDRO,66,0.6,AV,64,0.6001984126984127
reg-only-groupdro,reg-only JEPA + GroupDRO,66,0.6,TV,78,0.8723019454726773
reg-only-groupdro,reg-only JEPA + GroupDRO,66,0.6,ATV,33,0.9085729085729086
reg-only-groupdro,reg-only JEPA + GroupDRO,66,0.6,NO_TEXT,348,0.6178624973227672
reg-only-groupdro,reg-only JEPA + GroupDRO,66,0.6,TEXT_PRESENT,308,0.8800207056476942
reg-only-groupdro,reg-only JEPA + GroupDRO,66,0.6,ALL,656,0.7417623667373356
reg-only-groupdro,reg-only JEPA + GroupDRO,66,0.7,A,161,0.6357007831487982
reg-only-groupdro,reg-only JEPA + GroupDRO,66,0.7,T,189,0.8633500170587125
reg-only-groupdro,reg-only JEPA + GroupDRO,66,0.7,V,170,0.6478421580867052
reg-only-groupdro,reg-only JEPA + GroupDRO,66,0.7,AT,37,0.9160157600055299
reg-only-groupdro,reg-only JEPA + GroupDRO,66,0.7,AV,37,0.6458799224756672
reg-only-groupdro,reg-only JEPA + GroupDRO,66,0.7,TV,46,0.7967963386727689
reg-only-groupdro,reg-only JEPA + GroupDRO,66,0.7,ATV,16,0.7333333333333334
reg-only-groupdro,reg-only JEPA + GroupDRO,66,0.7,NO_TEXT,368,0.6453618950758538
reg-only-groupdro,reg-only JEPA + GroupDRO,66,0.7,TEXT_PRESENT,288,0.8523550724637681
reg-only-groupdro,reg-only JEPA + GroupDRO,66,0.7,ALL,656,0.7353584929844329
reg-only-groupdro,reg-only JEPA + GroupDRO,67,0.0,ATV,656,0.8631870230189025
reg-only-groupdro,reg-only JEPA + GroupDRO,67,0.0,TEXT_PRESENT,656,0.8631870230189025
reg-only-groupdro,reg-only JEPA + GroupDRO,67,0.0,ALL,656,0.8631870230189025
reg-only-groupdro,reg-only JEPA + GroupDRO,67,0.1,A,5,0.4499999999999999
reg-only-groupdro,reg-only JEPA + GroupDRO,67,0.1,T,7,0.8571428571428571
reg-only-groupdro,reg-only JEPA + GroupDRO,67,0.1,V,6,0.6666666666666666
reg-only-groupdro,reg-only JEPA + GroupDRO,67,0.1,AT,55,0.8315925657126629
reg-only-groupdro,reg-only JEPA + GroupDRO,67,0.1,AV,59,0.7268590098894365
reg-only-groupdro,reg-only JEPA + GroupDRO,67,0.1,TV,58,0.8790554948769959
reg-only-groupdro,reg-only JEPA + GroupDRO,67,0.1,ATV,466,0.8572715838834731
reg-only-groupdro,reg-only JEPA + GroupDRO,67,0.1,NO_TEXT,70,0.7072396438250097
reg-only-groupdro,reg-only JEPA + GroupDRO,67,0.1,TEXT_PRESENT,586,0.8571975313045976
reg-only-groupdro,reg-only JEPA + GroupDRO,67,0.1,ALL,656,0.8426340564403474
reg-only-groupdro,reg-only JEPA + GroupDRO,67,0.2,A,18,0.5785953177257525
reg-only-groupdro,reg-only JEPA + GroupDRO,67,0.2,T,14,0.8571428571428571
reg-only-groupdro,reg-only JEPA + GroupDRO,67,0.2,V,24,0.6481481481481483
reg-only-groupdro,reg-only JEPA + GroupDRO,67,0.2,AT,75,0.8666666666666667
reg-only-groupdro,reg-only JEPA + GroupDRO,67,0.2,AV,92,0.7073911497859319
reg-only-groupdro,reg-only JEPA + GroupDRO,67,0.2,TV,81,0.8635393226011193
reg-only-groupdro,reg-only JEPA + GroupDRO,67,0.2,ATV,352,0.8529839081828602
reg-only-groupdro,reg-only JEPA + GroupDRO,67,0.2,NO_TEXT,134,0.6882564496180674
reg-only-groupdro,reg-only JEPA + GroupDRO,67,0.2,TEXT_PRESENT,522,0.8568032295861123
reg-only-groupdro,reg-only JEPA + GroupDRO,67,0.2,ALL,656,0.8223622392232417
reg-only-groupdro,reg-only JEPA + GroupDRO,67,0.3,A,45,0.6410576351752821
reg-only-groupdro,reg-only JEPA + GroupDRO,67,0.3,T,56,0.8368012955783481
reg-only-groupdro,reg-only JEPA + GroupDRO,67,0.3,V,50,0.52
reg-only-groupdro,reg-only JEPA + GroupDRO,67,0.3,AT,95,0.9033794095844416
reg-only-groupdro,reg-only JEPA + GroupDRO,67,0.3,AV,99,0.6363329962925514
reg-only-groupdro,reg-only JEPA + GroupDRO,67,0.3,TV,89,0.8757325188174977
reg-only-groupdro,reg-only JEPA + GroupDRO,67,0.3,ATV,222,0.8218293481451375
reg-only-groupdro,reg-only JEPA + GroupDRO,67,0.3,NO_TEXT,194,0.6096651574357361
reg-only-groupdro,reg-only JEPA + GroupDRO,67,0.3,TEXT_PRESENT,462,0.8508497050060903
reg-only-groupdro,reg-only JEPA + GroupDRO,67,0.3,ALL,656,0.782645754655363
reg-only-groupdro,reg-only JEPA + GroupDRO,67,0.4,A,75,0.7193869731800766
reg-only-groupdro,reg-only JEPA + GroupDRO,67,0.4,T,88,0.8844211344211346
reg-only-groupdro,reg-only JEPA + GroupDRO,67,0.4,V,90,0.5785675232367413
reg-only-groupdro,reg-only JEPA + GroupDRO,67,0.4,AT,86,0.7996999249812454
reg-only-groupdro,reg-only JEPA + GroupDRO,67,0.4,AV,89,0.6527554842161585
reg-only-groupdro,reg-only JEPA + GroupDRO,67,0.4,TV,81,0.8293032060415119
reg-only-groupdro,reg-only JEPA + GroupDRO,67,0.4,ATV,147,0.7579304123082925
reg-only-groupdro,reg-only JEPA + GroupDRO,67,0.4,NO_TEXT,254,0.6485406269411703
reg-only-groupdro,reg-only JEPA + GroupDRO,67,0.4,TEXT_PRESENT,402,0.8098557350595544
reg-only-groupdro,reg-only JEPA + GroupDRO,67,0.4,ALL,656,0.7468158822024055
reg-only-groupdro,reg-only JEPA + GroupDRO,67,0.5,A,121,0.6134888143157708
reg-only-groupdro,reg-only JEPA + GroupDRO,67,0.5,T,105,0.8364113924890226
reg-only-groupdro,reg-only JEPA + GroupDRO,67,0.5,V,119,0.5947641987829615
reg-only-groupdro,reg-only JEPA + GroupDRO,67,0.5,AT,77,0.8680807271270103
reg-only-groupdro,reg-only JEPA + GroupDRO,67,0.5,AV,80,0.6836363636363636
reg-only-groupdro,reg-only JEPA + GroupDRO,67,0.5,TV,78,0.8427749326857082
reg-only-groupdro,reg-only JEPA + GroupDRO,67,0.5,ATV,76,0.8304108884048782
reg-only-groupdro,reg-only JEPA + GroupDRO,67,0.5,NO_TEXT,320,0.6360158158312978
reg-only-groupdro,reg-only JEPA + GroupDRO,67,0.5,TEXT_PRESENT,336,0.8441742654508612
reg-only-groupdro,reg-only JEPA + GroupDRO,67,0.5,ALL,656,0.7444048391892805
reg-only-groupdro,reg-only JEPA + GroupDRO,67,0.6,A,139,0.6593994430352209
reg-only-groupdro,reg-only JEPA + GroupDRO,67,0.6,T,149,0.825267464422756
reg-only-groupdro,reg-only JEPA + GroupDRO,67,0.6,V,147,0.6537063101102509
reg-only-groupdro,reg-only JEPA + GroupDRO,67,0.6,AT,67,0.9402985074626866
reg-only-groupdro,reg-only JEPA + GroupDRO,67,0.6,AV,64,0.6796796796796798
reg-only-groupdro,reg-only JEPA + GroupDRO,67,0.6,TV,58,0.8620689655172413
reg-only-groupdro,reg-only JEPA + GroupDRO,67,0.6,ATV,32,0.8418466223698782
reg-only-groupdro,reg-only JEPA + GroupDRO,67,0.6,NO_TEXT,350,0.6607491763775316
reg-only-groupdro,reg-only JEPA + GroupDRO,67,0.6,TEXT_PRESENT,306,0.858611156881053
reg-only-groupdro,reg-only JEPA + GroupDRO,67,0.6,ALL,656,0.7548942736188314
reg-only-groupdro,reg-only JEPA + GroupDRO,67,0.7,A,164,0.6970341336464764
reg-only-groupdro,reg-only JEPA + GroupDRO,67,0.7,T,163,0.8431755901983257
reg-only-groupdro,reg-only JEPA + GroupDRO,67,0.7,V,177,0.6563512619552176
reg-only-groupdro,reg-only JEPA + GroupDRO,67,0.7,AT,44,0.9083139083139083
reg-only-groupdro,reg-only JEPA + GroupDRO,67,0.7,AV,52,0.5701357466063347
reg-only-groupdro,reg-only JEPA + GroupDRO,67,0.7,TV,38,0.7099211443242252
reg-only-groupdro,reg-only JEPA + GroupDRO,67,0.7,ATV,18,0.7662337662337663
reg-only-groupdro,reg-only JEPA + GroupDRO,67,0.7,NO_TEXT,393,0.6630395968350847
reg-only-groupdro,reg-only JEPA + GroupDRO,67,0.7,TEXT_PRESENT,263,0.8313600626500561
reg-only-groupdro,reg-only JEPA + GroupDRO,67,0.7,ALL,656,0.7319829309269384
reg-only-groupdro,reg-only JEPA + GroupDRO,68,0.0,ATV,656,0.8595447009084887
reg-only-groupdro,reg-only JEPA + GroupDRO,68,0.0,TEXT_PRESENT,656,0.8595447009084887
reg-only-groupdro,reg-only JEPA + GroupDRO,68,0.0,ALL,656,0.8595447009084887
reg-only-groupdro,reg-only JEPA + GroupDRO,68,0.1,A,4,1.0
reg-only-groupdro,reg-only JEPA + GroupDRO,68,0.1,T,8,0.7333333333333334
reg-only-groupdro,reg-only JEPA + GroupDRO,68,0.1,V,3,0.16666666666666666
reg-only-groupdro,reg-only JEPA + GroupDRO,68,0.1,AT,47,0.8696502812423575
reg-only-groupdro,reg-only JEPA + GroupDRO,68,0.1,AV,53,0.5943430247194986
reg-only-groupdro,reg-only JEPA + GroupDRO,68,0.1,TV,71,0.9296618874083662
reg-only-groupdro,reg-only JEPA + GroupDRO,68,0.1,ATV,470,0.8560428791452392
reg-only-groupdro,reg-only JEPA + GroupDRO,68,0.1,NO_TEXT,60,0.6125034809245335
reg-only-groupdro,reg-only JEPA + GroupDRO,68,0.1,TEXT_PRESENT,596,0.8645651852608726
reg-only-groupdro,reg-only JEPA + GroupDRO,68,0.1,ALL,656,0.8424250452488198
reg-only-groupdro,reg-only JEPA + GroupDRO,68,0.2,A,23,0.6292490118577075
reg-only-groupdro,reg-only JEPA + GroupDRO,68,0.2,T,19,0.7800269905533063
reg-only-groupdro,reg-only JEPA + GroupDRO,68,0.2,V,29,0.6215853112404836
reg-only-groupdro,reg-only JEPA + GroupDRO,68,0.2,AT,79,0.8581538233770081
reg-only-groupdro,reg-only JEPA + GroupDRO,68,0.2,AV,86,0.7774843668705272
reg-only-groupdro,reg-only JEPA + GroupDRO,68,0.2,TV,94,0.8113188235016232
reg-only-groupdro,reg-only JEPA + GroupDRO,68,0.2,ATV,326,0.837627134070769
reg-only-groupdro,reg-only JEPA + GroupDRO,68,0.2,NO_TEXT,138,0.7297374226143885
reg-only-groupdro,reg-only JEPA + GroupDRO,68,0.2,TEXT_PRESENT,518,0.8341593590250668
reg-only-groupdro,reg-only JEPA + GroupDRO,68,0.2,ALL,656,0.8124628197501488
reg-only-groupdro,reg-only JEPA + GroupDRO,68,0.3,A,47,0.4424834678781144
reg-only-groupdro,reg-only JEPA + GroupDRO,68,0.3,T,59,0.8491032745336062
reg-only-groupdro,reg-only JEPA + GroupDRO,68,0.3,V,41,0.7300103361564925
reg-only-groupdro,reg-only JEPA + GroupDRO,68,0.3,AT,93,0.8506868343880228
reg-only-groupdro,reg-only JEPA + GroupDRO,68,0.3,AV,92,0.6991304347826087
reg-only-groupdro,reg-only JEPA + GroupDRO,68,0.3,TV,97,0.8870385721677303
reg-only-groupdro,reg-only JEPA + GroupDRO,68,0.3,ATV,227,0.8229820228718907
reg-only-groupdro,reg-only JEPA + GroupDRO,68,0.3,NO_TEXT,180,0.6561509651397291
reg-only-groupdro,reg-only JEPA + GroupDRO,68,0.3,TEXT_PRESENT,476,0.8446359976351282
reg-only-groupdro,reg-only JEPA + GroupDRO,68,0.3,ALL,656,0.7937362086627038
reg-only-groupdro,reg-only JEPA + GroupDRO,68,0.4,A,85,0.7270676691729323
reg-only-groupdro,reg-only JEPA + GroupDRO,68,0.4,T,64,0.8900574499629355
reg-only-groupdro,reg-only JEPA + GroupDRO,68,0.4,V,65,0.5073076923076923
reg-only-groupdro,reg-only JEPA + GroupDRO,68,0.4,AT,92,0.8295464422926482
reg-only-groupdro,reg-only JEPA + GroupDRO,68,0.4,AV,89,0.5735728067188742
reg-only-groupdro,reg-only JEPA + GroupDRO,68,0.4,TV,104,0.9226114748502808
reg-only-groupdro,reg-only JEPA + GroupDRO,68,0.4,ATV,157,0.8447331229551044
reg-only-groupdro,reg-only JEPA + GroupDRO,68,0.4,NO_TEXT,239,0.6250194144142024
reg-only-groupdro,reg-only JEPA + GroupDRO,68,0.4,TEXT_PRESENT,417,0.8683159659196732
reg-only-groupdro,reg-only JEPA + GroupDRO,68,0.4,ALL,656,0.7797682652151197
reg-only-groupdro,reg-only JEPA + GroupDRO,68,0.5,A,109,0.6990913322304648
reg-only-groupdro,reg-only JEPA + GroupDRO,68,0.5,T,116,0.8437805388803574
reg-only-groupdro,reg-only JEPA + GroupDRO,68,0.5,V,98,0.543165024630542
reg-only-groupdro,reg-only JEPA + GroupDRO,68,0.5,AT,88,0.8496203557049415
reg-only-groupdro,reg-only JEPA + GroupDRO,68,0.5,AV,83,0.6299534212053857
reg-only-groupdro,reg-only JEPA + GroupDRO,68,0.5,TV,86,0.8366705576007902
reg-only-groupdro,reg-only JEPA + GroupDRO,68,0.5,ATV,76,0.8547553093259463
reg-only-groupdro,reg-only JEPA + GroupDRO,68,0.5,NO_TEXT,290,0.6449500609093306
reg-only-groupdro,reg-only JEPA + GroupDRO,68,0.5,TEXT_PRESENT,366,0.8455389525605687
reg-only-groupdro,reg-only JEPA + GroupDRO,68,0.5,ALL,656,0.7583701253997546
reg-only-groupdro,reg-only JEPA + GroupDRO,68,0.6,A,150,0.6746560846560845
reg-only-groupdro,reg-only JEPA + GroupDRO,68,0.6,T,140,0.8417720383822078
reg-only-groupdro,reg-only JEPA + GroupDRO,68,0.6,V,150,0.6123362190704242
reg-only-groupdro,reg-only JEPA + GroupDRO,68,0.6,AT,70,0.7793023047260336
reg-only-groupdro,reg-only JEPA + GroupDRO,68,0.6,AV,44,0.7309253246753247
reg-only-groupdro,reg-only JEPA + GroupDRO,68,0.6,TV,64,0.8566509433962265
reg-only-groupdro,reg-only JEPA + GroupDRO,68,0.6,ATV,38,0.9465852130325815
reg-only-groupdro,reg-only JEPA + GroupDRO,68,0.6,NO_TEXT,344,0.6587649013093609
reg-only-groupdro,reg-only JEPA + GroupDRO,68,0.6,TEXT_PRESENT,312,0.8436904308044225
reg-only-groupdro,reg-only JEPA + GroupDRO,68,0.6,ALL,656,0.7473865529689453
reg-only-groupdro,reg-only JEPA + GroupDRO,68,0.7,A,177,0.4340775749674055
reg-only-groupdro,reg-only JEPA + GroupDRO,68,0.7,T,131,0.8792649137687306
reg-only-groupdro,reg-only JEPA + GroupDRO,68,0.7,V,195,0.6295178146326808
reg-only-groupdro,reg-only JEPA + GroupDRO,68,0.7,AT,44,0.9098679098679099
reg-only-groupdro,reg-only JEPA + GroupDRO,68,0.7,AV,45,0.6614718614718615
reg-only-groupdro,reg-only JEPA + GroupDRO,68,0.7,TV,42,0.7868601986249045
reg-only-groupdro,reg-only JEPA + GroupDRO,68,0.7,ATV,22,0.8181818181818182
reg-only-groupdro,reg-only JEPA + GroupDRO,68,0.7,NO_TEXT,417,0.5775881158427295
reg-only-groupdro,reg-only JEPA + GroupDRO,68,0.7,TEXT_PRESENT,239,0.8630128255573529
reg-only-groupdro,reg-only JEPA + GroupDRO,68,0.7,ALL,656,0.683310404834053
reg-only-groupdro,reg-only JEPA + GroupDRO,69,0.0,ATV,656,0.8528985697612015
reg-only-groupdro,reg-only JEPA + GroupDRO,69,0.0,TEXT_PRESENT,656,0.8528985697612015
reg-only-groupdro,reg-only JEPA + GroupDRO,69,0.0,ALL,656,0.8528985697612015
reg-only-groupdro,reg-only JEPA + GroupDRO,69,0.1,A,8,0.8589743589743589
reg-only-groupdro,reg-only JEPA + GroupDRO,69,0.1,T,6,0.6666666666666666
reg-only-groupdro,reg-only JEPA + GroupDRO,69,0.1,V,7,0.38095238095238093
reg-only-groupdro,reg-only JEPA + GroupDRO,69,0.1,AT,48,0.8277777777777776
reg-only-groupdro,reg-only JEPA + GroupDRO,69,0.1,AV,56,0.6263157894736843
reg-only-groupdro,reg-only JEPA + GroupDRO,69,0.1,TV,49,0.816955280186529
reg-only-groupdro,reg-only JEPA + GroupDRO,69,0.1,ATV,482,0.8542710858222752
reg-only-groupdro,reg-only JEPA + GroupDRO,69,0.1,NO_TEXT,71,0.6276647225122889
reg-only-groupdro,reg-only JEPA + GroupDRO,69,0.1,TEXT_PRESENT,585,0.8471012399651902
reg-only-groupdro,reg-only JEPA + GroupDRO,69,0.1,ALL,656,0.8229918350006692
reg-only-groupdro,reg-only JEPA + GroupDRO,69,0.2,A,29,0.5924097912359102
reg-only-groupdro,reg-only JEPA + GroupDRO,69,0.2,T,23,0.8260869565217391
reg-only-groupdro,reg-only JEPA + GroupDRO,69,0.2,V,24,0.830952380952381
reg-only-groupdro,reg-only JEPA + GroupDRO,69,0.2,AT,90,0.7839464882943145
reg-only-groupdro,reg-only JEPA + GroupDRO,69,0.2,AV,83,0.6430171159536381
reg-only-groupdro,reg-only JEPA + GroupDRO,69,0.2,TV,77,0.8291413510147426
reg-only-groupdro,reg-only JEPA + GroupDRO,69,0.2,ATV,330,0.8537128712871288
reg-only-groupdro,reg-only JEPA + GroupDRO,69,0.2,NO_TEXT,136,0.6774123442480442
reg-only-groupdro,reg-only JEPA + GroupDRO,69,0.2,TEXT_PRESENT,520,0.8370079890013213
reg-only-groupdro,reg-only JEPA + GroupDRO,69,0.2,ALL,656,0.8050907488567073
reg-only-groupdro,reg-only JEPA + GroupDRO,69,0.3,A,49,0.5949081973926694
reg-only-groupdro,reg-only JEPA + GroupDRO,69,0.3,T,45,0.890248739305343
reg-only-groupdro,reg-only JEPA + GroupDRO,69,0.3,V,45,0.6744855967078189
reg-only-groupdro,reg-only JEPA + GroupDRO,69,0.3,AT,101,0.8622450706609122
reg-only-groupdro,reg-only JEPA + GroupDRO,69,0.3,AV,91,0.7348508634222921
reg-only-groupdro,reg-only JEPA + GroupDRO,69,0.3,TV,96,0.8411324786324786
reg-only-groupdro,reg-only JEPA + GroupDRO,69,0.3,ATV,229,0.8604860504053754
reg-only-groupdro,reg-only JEPA + GroupDRO,69,0.3,NO_TEXT,185,0.6846131259216726
reg-only-groupdro,reg-only JEPA + GroupDRO,69,0.3,TEXT_PRESENT,471,0.8602911597451854
reg-only-groupdro,reg-only JEPA + GroupDRO,69,0.3,ALL,656,0.8111517255756113
reg-only-groupdro,reg-only JEPA + GroupDRO,69,0.4,A,89,0.5631362858282817
reg-only-groupdro,reg-only JEPA + GroupDRO,69,0.4,T,77,0.8181818181818182
reg-only-groupdro,reg-only JEPA + GroupDRO,69,0.4,V,74,0.6566259724154461
reg-only-groupdro,reg-only JEPA + GroupDRO,69,0.4,AT,85,0.832871972318339
reg-only-groupdro,reg-only JEPA + GroupDRO,69,0.4,AV,96,0.6786995328661996
reg-only-groupdro,reg-only JEPA + GroupDRO,69,0.4,TV,92,0.8999900164728198
reg-only-groupdro,reg-only JEPA + GroupDRO,69,0.4,ATV,143,0.846697685660765
reg-only-groupdro,reg-only JEPA + GroupDRO,69,0.4,NO_TEXT,259,0.6334286953703273
reg-only-groupdro,reg-only JEPA + GroupDRO,69,0.4,TEXT_PRESENT,397,0.8510653782838575
reg-only-groupdro,reg-only JEPA + GroupDRO,69,0.4,ALL,656,0.7650064016388196
reg-only-groupdro,reg-only JEPA + GroupDRO,69,0.5,A,120,0.6669445216263777
reg-only-groupdro,reg-only JEPA + GroupDRO,69,0.5,T,126,0.8354098779630695
reg-only-groupdro,reg-only JEPA + GroupDRO,69,0.5,V,122,0.6808883431689389
reg-only-groupdro,reg-only JEPA + GroupDRO,69,0.5,AT,63,0.8109726649280401
reg-only-groupdro,reg-only JEPA + GroupDRO,69,0.5,AV,74,0.6889040939673852
reg-only-groupdro,reg-only JEPA + GroupDRO,69,0.5,TV,83,0.8186415993644909
reg-only-groupdro,reg-only JEPA + GroupDRO,69,0.5,ATV,68,0.841760432986754
reg-only-groupdro,reg-only JEPA + GroupDRO,69,0.5,NO_TEXT,316,0.677842260898433
reg-only-groupdro,reg-only JEPA + GroupDRO,69,0.5,TEXT_PRESENT,340,0.8279881787523424
reg-only-groupdro,reg-only JEPA + GroupDRO,69,0.5,ALL,656,0.7558863044689896
reg-only-groupdro,reg-only JEPA + GroupDRO,69,0.6,A,144,0.6820390436876504
reg-only-groupdro,reg-only JEPA + GroupDRO,69,0.6,T,156,0.8780085791920113
reg-only-groupdro,reg-only JEPA + GroupDRO,69,0.6,V,146,0.6308290047440781
reg-only-groupdro,reg-only JEPA + GroupDRO,69,0.6,AT,63,0.8560351512018609
reg-only-groupdro,reg-only JEPA + GroupDRO,69,0.6,AV,46,0.5016932752781809
reg-only-groupdro,reg-only JEPA + GroupDRO,69,0.6,TV,54,0.7978111183590636
reg-only-groupdro,reg-only JEPA + GroupDRO,69,0.6,ATV,47,0.8536602957086188
reg-only-groupdro,reg-only JEPA + GroupDRO,69,0.6,NO_TEXT,336,0.6389795977187099
reg-only-groupdro,reg-only JEPA + GroupDRO,69,0.6,TEXT_PRESENT,320,0.8560939447549355
reg-only-groupdro,reg-only JEPA + GroupDRO,69,0.6,ALL,656,0.7449626471477102
reg-only-groupdro,reg-only JEPA + GroupDRO,69,0.7,A,149,0.5969889352439688
reg-only-groupdro,reg-only JEPA + GroupDRO,69,0.7,T,187,0.8658239453957366
reg-only-groupdro,reg-only JEPA + GroupDRO,69,0.7,V,166,0.7333096317715035
reg-only-groupdro,reg-only JEPA + GroupDRO,69,0.7,AT,43,0.928759462592921
reg-only-groupdro,reg-only JEPA + GroupDRO,69,0.7,AV,45,0.5366621682411157
reg-only-groupdro,reg-only JEPA + GroupDRO,69,0.7,TV,52,0.9055915846960623
reg-only-groupdro,reg-only JEPA + GroupDRO,69,0.7,ATV,14,0.926482873851295
reg-only-groupdro,reg-only JEPA + GroupDRO,69,0.7,NO_TEXT,360,0.6556718571643945
reg-only-groupdro,reg-only JEPA + GroupDRO,69,0.7,TEXT_PRESENT,296,0.884814641650579
reg-only-groupdro,reg-only JEPA + GroupDRO,69,0.7,ALL,656,0.7589899497159536
reg-only-groupdro,reg-only JEPA + GroupDRO,70,0.0,ATV,656,0.8611033160639923
reg-only-groupdro,reg-only JEPA + GroupDRO,70,0.0,TEXT_PRESENT,656,0.8611033160639923
reg-only-groupdro,reg-only JEPA + GroupDRO,70,0.0,ALL,656,0.8611033160639923
reg-only-groupdro,reg-only JEPA + GroupDRO,70,0.1,A,7,0.7261904761904762
reg-only-groupdro,reg-only JEPA + GroupDRO,70,0.1,T,5,1.0
reg-only-groupdro,reg-only JEPA + GroupDRO,70,0.1,V,6,0.6666666666666666
reg-only-groupdro,reg-only JEPA + GroupDRO,70,0.1,AT,54,0.7987624428302396
reg-only-groupdro,reg-only JEPA + GroupDRO,70,0.1,AV,54,0.6490072213825265
reg-only-groupdro,reg-only JEPA + GroupDRO,70,0.1,TV,63,0.873015873015873
reg-only-groupdro,reg-only JEPA + GroupDRO,70,0.1,ATV,467,0.8564825310642366
reg-only-groupdro,reg-only JEPA + GroupDRO,70,0.1,NO_TEXT,67,0.6581040452353101
reg-only-groupdro,reg-only JEPA + GroupDRO,70,0.1,TEXT_PRESENT,589,0.8542144098783935
reg-only-groupdro,reg-only JEPA + GroupDRO,70,0.1,ALL,656,0.834171268922326
reg-only-groupdro,reg-only JEPA + GroupDRO,70,0.2,A,24,0.6256521739130435
reg-only-groupdro,reg-only JEPA + GroupDRO,70,0.2,T,24,0.9166666666666666
reg-only-groupdro,reg-only JEPA + GroupDRO,70,0.2,V,27,0.5608465608465608
reg-only-groupdro,reg-only JEPA + GroupDRO,70,0.2,AT,80,0.849906191369606
reg-only-groupdro,reg-only JEPA + GroupDRO,70,0.2,AV,90,0.6308058653966662
reg-only-groupdro,reg-only JEPA + GroupDRO,70,0.2,TV,71,0.8399752520289697
reg-only-groupdro,reg-only JEPA + GroupDRO,70,0.2,ATV,340,0.8472226890756304
reg-only-groupdro,reg-only JEPA + GroupDRO,70,0.2,NO_TEXT,141,0.6250692654780856
reg-only-groupdro,reg-only JEPA + GroupDRO,70,0.2,TEXT_PRESENT,515,0.8504306203100741
reg-only-groupdro,reg-only JEPA + GroupDRO,70,0.2,ALL,656,0.8025253450499448
reg-only-groupdro,reg-only JEPA + GroupDRO,70,0.3,A,42,0.6398046398046398
reg-only-groupdro,reg-only JEPA + GroupDRO,70,0.3,T,40,0.9
reg-only-groupdro,reg-only JEPA + GroupDRO,70,0.3,V,60,0.6228571428571429
reg-only-groupdro,reg-only JEPA + GroupDRO,70,0.3,AT,82,0.8536585365853658
reg-only-groupdro,reg-only JEPA + GroupDRO,70,0.3,AV,93,0.6775671993063298
reg-only-groupdro,reg-only JEPA + GroupDRO,70,0.3,TV,111,0.8020932697403286
reg-only-groupdro,reg-only JEPA + GroupDRO,70,0.3,ATV,228,0.8634520128985074
reg-only-groupdro,reg-only JEPA + GroupDRO,70,0.3,NO_TEXT,195,0.6530320388295782
reg-only-groupdro,reg-only JEPA + GroupDRO,70,0.3,TEXT_PRESENT,461,0.850178510618844
reg-only-groupdro,reg-only JEPA + GroupDRO,70,0.3,ALL,656,0.7913060294566705
reg-only-groupdro,reg-only JEPA + GroupDRO,70,0.4,A,77,0.6363636363636364
reg-only-groupdro,reg-only JEPA + GroupDRO,70,0.4,T,77,0.8317110186869331
reg-only-groupdro,reg-only JEPA + GroupDRO,70,0.4,V,68,0.7058823529411765
reg-only-groupdro,reg-only JEPA + GroupDRO,70,0.4,AT,104,0.8464963607820751
reg-only-groupdro,reg-only JEPA + GroupDRO,70,0.4,AV,104,0.6223444433953358
reg-only-groupdro,reg-only JEPA + GroupDRO,70,0.4,TV,90,0.8430041152263374
reg-only-groupdro,reg-only JEPA + GroupDRO,70,0.4,ATV,136,0.9119395061568542
reg-only-groupdro,reg-only JEPA + GroupDRO,70,0.4,NO_TEXT,249,0.6493226715235202
reg-only-groupdro,reg-only JEPA + GroupDRO,70,0.4,TEXT_PRESENT,407,0.8650149696129616
reg-only-groupdro,reg-only JEPA + GroupDRO,70,0.4,ALL,656,0.7834292617811761
reg-only-groupdro,reg-only JEPA + GroupDRO,70,0.5,A,123,0.6321784605595671
reg-only-groupdro,reg-only JEPA + GroupDRO,70,0.5,T,110,0.8525563325563326
reg-only-groupdro,reg-only JEPA + GroupDRO,70,0.5,V,105,0.6311355311355312
reg-only-groupdro,reg-only JEPA + GroupDRO,70,0.5,AT,85,0.835936782739852
reg-only-groupdro,reg-only JEPA + GroupDRO,70,0.5,AV,81,0.6283643892339544
reg-only-groupdro,reg-only JEPA + GroupDRO,70,0.5,TV,81,0.8668858436860531
reg-only-groupdro,reg-only JEPA + GroupDRO,70,0.5,ATV,71,0.8698326577606738
reg-only-groupdro,reg-only JEPA + GroupDRO,70,0.5,NO_TEXT,309,0.6312297089311103
reg-only-groupdro,reg-only JEPA + GroupDRO,70,0.5,TEXT_PRESENT,347,0.8559077809798271
reg-only-groupdro,reg-only JEPA + GroupDRO,70,0.5,ALL,656,0.7504777615747366
reg-only-groupdro,reg-only JEPA + GroupDRO,70,0.6,A,143,0.6689852037445619
reg-only-groupdro,reg-only JEPA + GroupDRO,70,0.6,T,158,0.8549924703018105
reg-only-groupdro,reg-only JEPA + GroupDRO,70,0.6,V,110,0.6170454545454546
reg-only-groupdro,reg-only JEPA + GroupDRO,70,0.6,AT,75,0.7992868604029238
reg-only-groupdro,reg-only JEPA + GroupDRO,70,0.6,AV,73,0.5811497482730359
reg-only-groupdro,reg-only JEPA + GroupDRO,70,0.6,TV,61,0.8035966647823629
reg-only-groupdro,reg-only JEPA + GroupDRO,70,0.6,ATV,36,0.8888888888888888
reg-only-groupdro,reg-only JEPA + GroupDRO,70,0.6,NO_TEXT,326,0.6361582946941879
reg-only-groupdro,reg-only JEPA + GroupDRO,70,0.6,TEXT_PRESENT,330,0.8364422611687542
reg-only-groupdro,reg-only JEPA + GroupDRO,70,0.6,ALL,656,0.7359906037584967
reg-only-groupdro,reg-only JEPA + GroupDRO,70,0.7,A,169,0.6932268300689354
reg-only-groupdro,reg-only JEPA + GroupDRO,70,0.7,T,168,0.8315034401990925
reg-only-groupdro,reg-only JEPA + GroupDRO,70,0.7,V,183,0.6127821335234023
reg-only-groupdro,reg-only JEPA + GroupDRO,70,0.7,AT,52,0.8496986884083658
reg-only-groupdro,reg-only JEPA + GroupDRO,70,0.7,AV,32,0.6875
reg-only-groupdro,reg-only JEPA + GroupDRO,70,0.7,TV,41,0.8814979058881497
reg-only-groupdro,reg-only JEPA + GroupDRO,70,0.7,ATV,11,1.0
reg-only-groupdro,reg-only JEPA + GroupDRO,70,0.7,NO_TEXT,384,0.6572235819599005
reg-only-groupdro,reg-only JEPA + GroupDRO,70,0.7,TEXT_PRESENT,272,0.8491524618277237
reg-only-groupdro,reg-only JEPA + GroupDRO,70,0.7,ALL,656,0.7373311620965763
