rate,family,pattern,subset,n,conversations_n,mean_lag_difference,mean_lag_delete,mean_lag_control,local_max_error,original_n,original_nonneutral_n,original_mse,original_weighted_f1_nonzero,original_acc_nonzero,delete_n,delete_nonneutral_n,delete_mse,delete_weighted_f1_nonzero,delete_acc_nonzero,delete_flips,delete_corrections,delete_harms,delta_mse_delete,base_delete_abs_mean,base_delete_rel_mean,gap_delete_abs_mean,gap_delete_rel_mean,gap_all_delete_abs_mean,gap_all_delete_rel_mean,control_n,control_nonneutral_n,control_mse,control_weighted_f1_nonzero,control_acc_nonzero,control_flips,control_corrections,control_harms,delta_mse_control,base_control_abs_mean,base_control_rel_mean,gap_control_abs_mean,gap_control_rel_mean,gap_all_control_abs_mean,gap_all_control_rel_mean,delta_mse_delete_minus_control,delta_mse_delete_minus_control_ci95,family_eligible,family_skipped,coverage_fraction,coverage_denominator,status,skipped_reasons
0.0,recent_vs_earlier_A,7,all,624,31,1.0,1.0,2.0,1.9073486328125e-06,624,600,0.8743038370986949,0.8861057731313529,0.8866666666666667,624,600,0.8781244457438928,0.8878247273127383,0.8883333333333333,1,1,0,0.0038206086451979706,1.4225893582193365,0.09570974431198995,0.0,0.0,0.0,0.0,624,600,0.8734193925656394,0.8861057731313529,0.8866666666666667,0,0,0,-0.0008844445330554193,0.6411549329180479,0.042567042726291304,0.0,0.0,0.0,0.0,0.004705053178253389,"[0.0017766767970820137, 0.007843851126118403]",624,62,0.9096209912536443,all targets for family; pattern-specific denominator unavailable,,
0.0,recent_vs_earlier_A,all,all,624,31,1.0,1.0,2.0,1.9073486328125e-06,624,600,0.8743038370986949,0.8861057731313529,0.8866666666666667,624,600,0.8781244457438928,0.8878247273127383,0.8883333333333333,1,1,0,0.0038206086451979706,1.4225893582193365,0.09570974431198995,0.0,0.0,0.0,0.0,624,600,0.8734193925656394,0.8861057731313529,0.8866666666666667,0,0,0,-0.0008844445330554193,0.6411549329180479,0.042567042726291304,0.0,0.0,0.0,0.0,0.004705053178253389,"[0.0017766767970820137, 0.007843851126118403]",624,62,0.9096209912536443,all targets for family; pattern-specific denominator unavailable,,
0.0,recent_vs_earlier_T,7,all,624,31,1.0,1.0,2.0,1.9073486328125e-06,624,600,0.8743038370986949,0.8861057731313529,0.8866666666666667,624,600,0.8744071675504868,0.8831033648027111,0.8833333333333333,14,6,8,0.00010333045179180032,7.827710199689215,0.5590384505628572,0.0,0.0,0.0,0.0,624,600,0.8731716973237261,0.8829355401703672,0.8833333333333333,4,1,3,-0.0011321397749685712,3.1504732421809374,0.2103922703778556,0.0,0.0,0.0,0.0,0.0012354702267603733,"[-0.0217112679206266, 0.025218547917537585]",624,62,0.9096209912536443,all targets for family; pattern-specific denominator unavailable,,
0.0,recent_vs_earlier_T,all,all,624,31,1.0,1.0,2.0,1.9073486328125e-06,624,600,0.8743038370986949,0.8861057731313529,0.8866666666666667,624,600,0.8744071675504868,0.8831033648027111,0.8833333333333333,14,6,8,0.00010333045179180032,7.827710199689215,0.5590384505628572,0.0,0.0,0.0,0.0,624,600,0.8731716973237261,0.8829355401703672,0.8833333333333333,4,1,3,-0.0011321397749685712,3.1504732421809374,0.2103922703778556,0.0,0.0,0.0,0.0,0.0012354702267603733,"[-0.0217112679206266, 0.025218547917537585]",624,62,0.9096209912536443,all targets for family; pattern-specific denominator unavailable,,
0.0,recent_vs_earlier_V,7,all,624,31,1.0,1.0,2.0,1.9073486328125e-06,624,600,0.8743038370986949,0.8861057731313529,0.8866666666666667,624,600,0.871955166946345,0.8827559429293338,0.8833333333333333,2,0,2,-0.0023486701523498647,1.8446570315681163,0.12504501543586322,0.0,0.0,0.0,0.0,624,600,0.875356044423547,0.8861057731313529,0.8866666666666667,0,0,0,0.0010522073248520499,0.8028851950909676,0.053476067669745456,0.0,0.0,0.0,0.0,-0.0034008774772019148,"[-0.008724848045699852, 0.0013904274130789951]",624,62,0.9096209912536443,all targets for family; pattern-specific denominator unavailable,,
0.0,recent_vs_earlier_V,all,all,624,31,1.0,1.0,2.0,1.9073486328125e-06,624,600,0.8743038370986949,0.8861057731313529,0.8866666666666667,624,600,0.871955166946345,0.8827559429293338,0.8833333333333333,2,0,2,-0.0023486701523498647,1.8446570315681163,0.12504501543586322,0.0,0.0,0.0,0.0,624,600,0.875356044423547,0.8861057731313529,0.8866666666666667,0,0,0,0.0010522073248520499,0.8028851950909676,0.053476067669745456,0.0,0.0,0.0,0.0,-0.0034008774772019148,"[-0.008724848045699852, 0.0013904274130789951]",624,62,0.9096209912536443,all targets for family; pattern-specific denominator unavailable,,
0.0,remove_T_vs_A,7,all,655,31,0.0,1.0,1.0,1.9073486328125e-06,655,630,0.911954145013823,0.8835768086600637,0.8841269841269841,655,630,0.9025664397777402,0.8807072388871305,0.8809523809523809,14,6,8,-0.009387705236082837,7.941191474464891,0.5735598449075459,0.0,0.0,0.0,0.0,655,630,0.9150158515024795,0.885212324929972,0.8857142857142857,1,1,0,0.0030617064886564586,1.5161820991578072,0.10513605502406614,0.0,0.0,0.0,0.0,-0.012449411724739293,"[-0.03256288433878626, 0.00956566693092842]",655,31,0.9548104956268222,all targets for family; pattern-specific denominator unavailable,,
0.0,remove_T_vs_A,7,exact_lag,655,31,0.0,1.0,1.0,1.9073486328125e-06,655,630,0.911954145013823,0.8835768086600637,0.8841269841269841,655,630,0.9025664397777402,0.8807072388871305,0.8809523809523809,14,6,8,-0.009387705236082837,7.941191474464891,0.5735598449075459,0.0,0.0,0.0,0.0,655,630,0.9150158515024795,0.885212324929972,0.8857142857142857,1,1,0,0.0030617064886564586,1.5161820991578072,0.10513605502406614,0.0,0.0,0.0,0.0,-0.012449411724739293,"[-0.03256288433878626, 0.00956566693092842]",655,31,0.9548104956268222,all targets for family; pattern-specific denominator unavailable,,
0.0,remove_T_vs_A,all,all,655,31,0.0,1.0,1.0,1.9073486328125e-06,655,630,0.911954145013823,0.8835768086600637,0.8841269841269841,655,630,0.9025664397777402,0.8807072388871305,0.8809523809523809,14,6,8,-0.009387705236082837,7.941191474464891,0.5735598449075459,0.0,0.0,0.0,0.0,655,630,0.9150158515024795,0.885212324929972,0.8857142857142857,1,1,0,0.0030617064886564586,1.5161820991578072,0.10513605502406614,0.0,0.0,0.0,0.0,-0.012449411724739293,"[-0.03256288433878626, 0.00956566693092842]",655,31,0.9548104956268222,all targets for family; pattern-specific denominator unavailable,,
0.0,remove_T_vs_A,all,exact_lag,655,31,0.0,1.0,1.0,1.9073486328125e-06,655,630,0.911954145013823,0.8835768086600637,0.8841269841269841,655,630,0.9025664397777402,0.8807072388871305,0.8809523809523809,14,6,8,-0.009387705236082837,7.941191474464891,0.5735598449075459,0.0,0.0,0.0,0.0,655,630,0.9150158515024795,0.885212324929972,0.8857142857142857,1,1,0,0.0030617064886564586,1.5161820991578072,0.10513605502406614,0.0,0.0,0.0,0.0,-0.012449411724739293,"[-0.03256288433878626, 0.00956566693092842]",655,31,0.9548104956268222,all targets for family; pattern-specific denominator unavailable,,
0.0,remove_T_vs_V,7,all,655,31,0.0,1.0,1.0,1.9073486328125e-06,655,630,0.911954145013823,0.8835768086600637,0.8841269841269841,655,630,0.9025664397777402,0.8807072388871305,0.8809523809523809,14,6,8,-0.009387705236082837,7.941191474464891,0.5735598449075459,0.0,0.0,0.0,0.0,655,630,0.9113929376032224,0.8803871321849969,0.8809523809523809,2,0,2,-0.0005612074106005719,1.9857986778812493,0.13900345974875103,0.0,0.0,0.0,0.0,-0.008826497825482265,"[-0.02997227156683933, 0.014674996575454131]",655,31,0.9548104956268222,all targets for family; pattern-specific denominator unavailable,,
0.0,remove_T_vs_V,7,exact_lag,655,31,0.0,1.0,1.0,1.9073486328125e-06,655,630,0.911954145013823,0.8835768086600637,0.8841269841269841,655,630,0.9025664397777402,0.8807072388871305,0.8809523809523809,14,6,8,-0.009387705236082837,7.941191474464891,0.5735598449075459,0.0,0.0,0.0,0.0,655,630,0.9113929376032224,0.8803871321849969,0.8809523809523809,2,0,2,-0.0005612074106005719,1.9857986778812493,0.13900345974875103,0.0,0.0,0.0,0.0,-0.008826497825482265,"[-0.02997227156683933, 0.014674996575454131]",655,31,0.9548104956268222,all targets for family; pattern-specific denominator unavailable,,
0.0,remove_T_vs_V,all,all,655,31,0.0,1.0,1.0,1.9073486328125e-06,655,630,0.911954145013823,0.8835768086600637,0.8841269841269841,655,630,0.9025664397777402,0.8807072388871305,0.8809523809523809,14,6,8,-0.009387705236082837,7.941191474464891,0.5735598449075459,0.0,0.0,0.0,0.0,655,630,0.9113929376032224,0.8803871321849969,0.8809523809523809,2,0,2,-0.0005612074106005719,1.9857986778812493,0.13900345974875103,0.0,0.0,0.0,0.0,-0.008826497825482265,"[-0.02997227156683933, 0.014674996575454131]",655,31,0.9548104956268222,all targets for family; pattern-specific denominator unavailable,,
0.0,remove_T_vs_V,all,exact_lag,655,31,0.0,1.0,1.0,1.9073486328125e-06,655,630,0.911954145013823,0.8835768086600637,0.8841269841269841,655,630,0.9025664397777402,0.8807072388871305,0.8809523809523809,14,6,8,-0.009387705236082837,7.941191474464891,0.5735598449075459,0.0,0.0,0.0,0.0,655,630,0.9113929376032224,0.8803871321849969,0.8809523809523809,2,0,2,-0.0005612074106005719,1.9857986778812493,0.13900345974875103,0.0,0.0,0.0,0.0,-0.008826497825482265,"[-0.02997227156683933, 0.014674996575454131]",655,31,0.9548104956268222,all targets for family; pattern-specific denominator unavailable,,
0.0,same_vs_other_speaker_A,all,all,0,,,,,,,,,,,,,,,,,,,,,,,,,,,,,,,,,,,,,,,,,,,,,,,unavailable,"{""speaker_unavailable"": 686}"
0.0,same_vs_other_speaker_T,all,all,0,,,,,,,,,,,,,,,,,,,,,,,,,,,,,,,,,,,,,,,,,,,,,,,unavailable,"{""speaker_unavailable"": 686}"
0.0,same_vs_other_speaker_V,all,all,0,,,,,,,,,,,,,,,,,,,,,,,,,,,,,,,,,,,,,,,,,,,,,,,unavailable,"{""speaker_unavailable"": 686}"
0.1,recent_vs_earlier_A,1,all,7,6,1.0,1.5714285714285714,2.5714285714285716,9.5367431640625e-07,7,6,1.0162948119043913,1.0,1.0,7,6,1.0280438125753553,1.0,1.0,0,0,0,0.01174900067096393,1.0684409877063676,0.06613192506723603,1.007440104081924,0.04646341874647904,1.007440104081924,0.04646341874647904,7,6,1.0210504934291147,1.0,1.0,0,0,0,0.004755681524723483,0.565793854323067,0.03541721011044876,0.5644456083365123,0.024686597677869883,0.5644456083365123,0.024686597677869883,0.006993319146240446,"[0.002533647389447629, 0.014395074968267136]",619,67,0.01020408163265306,all targets for family; pattern-specific denominator unavailable,,
0.1,recent_vs_earlier_A,2,all,6,4,1.3333333333333333,1.1666666666666667,2.5,1.9073486328125e-06,6,5,0.45058585050205374,0.888888888888889,0.8,6,5,0.4707920270208783,0.888888888888889,0.8,0,0,0,0.02020617651882454,1.4100095982200385,0.07575463382646623,1.653161739940658,0.11131109553707076,1.653161739940658,0.11131109553707076,6,5,0.4533936319052277,0.888888888888889,0.8,0,0,0,0.002807781403173948,0.7426827301131788,0.038728286886609606,0.8628760753362261,0.05625710861395056,0.8628760753362261,0.05625710861395056,0.017398395115650594,"[-0.0260354034717162, 0.1049448247589011]",619,67,0.008746355685131196,all targets for family; pattern-specific denominator unavailable,,
0.1,recent_vs_earlier_A,3,all,47,26,1.0851063829787233,1.0851063829787233,2.1702127659574466,1.9073486328125e-06,47,46,0.8579009680185222,0.8056541836939775,0.8043478260869565,47,46,0.8612748300964077,0.8056541836939775,0.8043478260869565,0,0,0,0.0033738620778855674,1.3860069762713467,0.0910090221941199,0.7592949659509807,0.07752701801149917,0.7592949659509807,0.07752701801149917,47,46,0.857163110174238,0.8056541836939775,0.8043478260869565,0,0,0,-0.0007378578442842207,0.6244001448094844,0.040983546421840954,0.441110984516777,0.04452487923155131,0.441110984516777,0.04452487923155131,0.004111719922169788,"[-0.0014283853230106084, 0.011437560895690107]",619,67,0.06851311953352769,all targets for family; pattern-specific denominator unavailable,,
0.1,recent_vs_earlier_A,4,all,6,5,1.0,1.0,2.0,9.5367431640625e-07,6,6,1.7092532842937542,0.6666666666666666,0.6666666666666666,6,6,1.717003108693343,0.6666666666666666,0.6666666666666666,0,0,0,0.007749824399588749,1.337807520974949,0.0827782221402844,1.6433688746919974,0.07927542714720341,1.6433688746919974,0.07927542714720341,6,6,1.7162608435796975,0.6666666666666666,0.6666666666666666,0,0,0,0.007007559285943247,0.705495971811991,0.04426957094492206,0.8400836075036745,0.04192036014561381,0.8400836075036745,0.04192036014561381,0.0007422651136455016,"[-0.06322218376173083, 0.07139388018052184]",619,67,0.008746355685131196,all targets for family; pattern-specific denominator unavailable,,
0.1,recent_vs_earlier_A,5,all,55,25,1.2181818181818183,1.1454545454545455,2.3636363636363638,1.9073486328125e-06,55,52,2.06150248355331,0.7120768369368593,0.7115384615384616,55,52,2.0503646926348504,0.7120768369368593,0.7115384615384616,0,0,0,-0.011137790918459619,1.423878409489403,0.09195446099804497,0.9555868042396899,0.08637199831048245,0.9555868042396899,0.08637199831048245,55,52,2.0623178642250006,0.7307692307692307,0.7307692307692307,1,1,0,0.0008153806716908119,0.6034525937704496,0.03887854432907146,0.4673340132592502,0.042010887741531076,0.4673340132592502,0.042010887741531076,-0.011953171590150429,"[-0.03872308076825936, 0.017276374689692203]",619,67,0.08017492711370262,all targets for family; pattern-specific denominator unavailable,,
0.1,recent_vs_earlier_A,6,all,60,26,1.1,1.1333333333333333,2.2333333333333334,1.9073486328125e-06,60,58,0.7490193012156332,0.94780375420176,0.9482758620689655,60,58,0.7593132394440455,0.94780375420176,0.9482758620689655,0,0,0,0.010293938228412295,1.4773950639255122,0.09377084258336593,1.1668429721104436,0.23639225718268309,1.1668429721104436,0.23639225718268309,60,58,0.7470846363440751,0.94780375420176,0.9482758620689655,0,0,0,-0.0019346648715579265,0.7387105947154288,0.04774017406302146,0.5994536571958319,0.12254698298404887,0.5994536571958319,0.12254698298404887,0.012228603099970222,"[-0.003306927815235285, 0.02755044576294809]",619,67,0.08746355685131195,all targets for family; pattern-specific denominator unavailable,,
0.1,recent_vs_earlier_A,7,all,438,31,1.1278538812785388,1.134703196347032,2.2625570776255706,1.9073486328125e-06,438,422,0.8996084179634538,0.8900563542952725,0.8909952606635071,438,422,0.9008351748386394,0.892508854255877,0.8933649289099526,1,1,0,0.0012267568751854173,1.4165000523423914,0.09521685160009394,0.0,0.0,0.0,0.0,438,422,0.8986605028725653,0.8900563542952725,0.8909952606635071,0,0,0,-0.0009479150908885983,0.6551352871083392,0.043708487328912214,0.0,0.0,0.0,0.0,0.002174671966074016,"[5.440904186013847e-05, 0.004600867610371808]",619,67,0.6384839650145773,all targets for family; pattern-specific denominator unavailable,,
0.1,recent_vs_earlier_A,all,all,619,31,1.1292407108239095,1.135702746365105,2.2649434571890144,1.9073486328125e-06,619,595,0.9898977798470742,0.8715007730487607,0.8722689075630252,619,595,0.991434012209576,0.87324505225942,0.8739495798319328,1,1,0,0.0015362323625016487,1.4159811903025579,0.09382919477403935,0.2990080458414783,0.038847380051549245,0.2990080458414783,0.038847380051549245,619,595,0.9892048585723839,0.8731372208047835,0.8739495798319328,1,1,0,-0.0006929212746902713,0.6566368660607614,0.04332662702993963,0.156012413228905,0.020222872576756912,0.156012413228905,0.020222872576756912,0.00222915363719192,"[-0.0007167133744018087, 0.005779751073468431]",619,67,0.902332361516035,all targets for family; pattern-specific denominator unavailable,,
0.1,recent_vs_earlier_T,1,all,7,6,1.0,1.4285714285714286,2.4285714285714284,9.5367431640625e-07,7,6,1.0162948119043913,1.0,1.0,7,6,0.8365660439379244,1.0,1.0,0,0,0,-0.1797287679664669,7.232946005778763,0.49232922772590004,10.235331059722332,0.5057869023757284,10.235331059722332,0.5057869023757284,7,6,1.0976423158614754,0.8285714285714286,0.8333333333333334,1,0,1,0.081347503957084,2.055934194956297,0.13067318710316383,2.9292688342737354,0.13370688341154885,2.9292688342737354,0.13370688341154885,-0.2610762719235509,"[-1.227917504579214, 0.29905019425247104]",617,69,0.01020408163265306,all targets for family; pattern-specific denominator unavailable,,
0.1,recent_vs_earlier_T,2,all,6,4,1.5,1.0,2.5,1.9073486328125e-06,6,5,0.45058585050205374,0.888888888888889,0.8,6,5,0.434730870090047,0.888888888888889,0.8,0,0,0,-0.015854980412006725,4.221064958442347,0.2417387836587154,1.2205385433833358,0.0804128940467627,1.2205385433833358,0.0804128940467627,6,5,0.4425381093366266,0.888888888888889,0.8,0,0,0,-0.008047741165427169,2.548699275548082,0.13427673640694418,0.6602689533738959,0.045154946102953696,0.6602689533738959,0.045154946102953696,-0.007807239246579556,"[-0.025241601736063934, 0.023654297952814575]",617,69,0.008746355685131196,all targets for family; pattern-specific denominator unavailable,,
0.1,recent_vs_earlier_T,3,all,47,26,1.2127659574468086,1.148936170212766,2.3617021276595747,1.9073486328125e-06,47,46,0.8579009680185222,0.8056541836939775,0.8043478260869565,47,46,0.8411314750896668,0.8056541836939775,0.8043478260869565,0,0,0,-0.016769492928855306,7.041833153891241,0.4916013363348491,1.1958361834509268,0.12321216561096072,1.1958361834509268,0.12321216561096072,47,46,0.8687350748289299,0.8056541836939775,0.8043478260869565,0,0,0,0.01083410681040779,2.920566292784937,0.19668138842809899,0.6038031920031458,0.06191116375823986,0.6038031920031458,0.06191116375823986,-0.027603599739263095,"[-0.10439869207027652, 0.04268769255030778]",617,69,0.06851311953352769,all targets for family; pattern-specific denominator unavailable,,
0.1,recent_vs_earlier_T,4,all,6,5,1.1666666666666667,1.0,2.1666666666666665,9.5367431640625e-07,6,6,1.7092532842937542,0.6666666666666666,0.6666666666666666,6,6,1.3087437677469167,0.8148148148148148,0.8333333333333334,1,1,0,-0.4005095165468376,5.957762528634965,0.38093031632947755,8.687919127112613,0.44817402378747745,8.687919127112613,0.44817402378747745,6,6,1.7475146119218854,0.5142857142857142,0.5,1,0,1,0.03826132762813106,3.597456348703819,0.23655922739951882,5.1305764472576385,0.2692364571417209,5.1305764472576385,0.2692364571417209,-0.43877084417496864,"[-1.0962147238987303, 0.0001237387738371237]",617,69,0.008746355685131196,all targets for family; pattern-specific denominator unavailable,,
0.1,recent_vs_earlier_T,5,all,54,25,1.1296296296296295,1.0925925925925926,2.2222222222222223,1.9073486328125e-06,54,51,2.099626199220392,0.7063374672886563,0.7058823529411765,54,51,2.4329094636301165,0.6476018099547511,0.6470588235294118,15,6,9,0.33328326440972483,8.562015251455378,0.5941200410658545,9.072680944279067,0.8918457799539545,9.072680944279067,0.8918457799539545,54,51,2.0707030308466177,0.7063374672886563,0.7058823529411765,8,4,4,-0.028923168373774108,3.162376513810577,0.20120868557534083,3.4285054682715295,0.29513106955363644,3.4285054682715295,0.29513106955363644,0.362206432783499,"[-0.2264054592976718, 1.0533946823365725]",617,69,0.07871720116618076,all targets for family; pattern-specific denominator unavailable,,
0.1,recent_vs_earlier_T,6,all,59,26,1.11864406779661,1.11864406779661,2.23728813559322,1.9073486328125e-06,59,57,0.7615921054499213,0.9468958591765609,0.9473684210526315,59,57,0.7583546654976289,0.9468958591765609,0.9473684210526315,0,0,0,-0.0032374399522925724,7.9897400781242505,0.5586630726276023,0.6117921304451678,0.1205972071531571,0.6117921304451678,0.1205972071531571,59,57,0.7390330192889536,0.9468958591765609,0.9473684210526315,0,0,0,-0.022559086160967728,3.263658600017065,0.20796496767653164,0.39481712181448997,0.07826456831943769,0.39481712181448997,0.07826456831943769,0.019321646208675155,"[-0.054909980662478354, 0.11984315762662485]",617,69,0.08600583090379009,all targets for family; pattern-specific denominator unavailable,,
0.1,recent_vs_earlier_T,7,all,438,31,1.1187214611872147,1.1255707762557077,2.2442922374429224,1.9073486328125e-06,438,422,0.8971917702629523,0.8900809831266105,0.8909952606635071,438,422,0.8935719242461782,0.8809070373084364,0.8815165876777251,10,3,7,-0.0036198460167741974,7.921856720090865,0.5632752607832417,0.0,0.0,0.0,0.0,438,422,0.9085653296920252,0.8831072406506811,0.8838862559241706,5,1,4,0.011373559429072942,3.117672568546152,0.2078391497268174,0.0,0.0,0.0,0.0,-0.01499340544584714,"[-0.04941796172491888, 0.01931754339705386]",617,69,0.6384839650145773,all targets for family; pattern-specific denominator unavailable,,
0.1,recent_vs_earlier_T,all,all,617,31,1.1296596434359805,1.1247974068071314,2.254457050243112,1.9073486328125e-06,617,593,0.9913746974774647,0.8710886087519335,0.8718381112984823,617,593,1.0102990738800874,0.8614434096565693,0.8617200674536256,26,10,16,0.018924376402622765,7.854435132550281,0.5543691243555802,1.1561148634530956,0.10985074383614345,1.1561148634530956,0.10985074383614345,617,593,0.9968020863280612,0.8626641508135799,0.863406408094435,15,5,10,0.0054273888505964795,3.1076172820763213,0.20510940525609622,0.47335852470270773,0.042604227855315,0.47335852470270773,0.042604227855315,0.013496987552026286,"[-0.04572544511433642, 0.0809602573959689]",617,69,0.8994169096209913,all targets for family; pattern-specific denominator unavailable,,
0.1,recent_vs_earlier_V,1,all,7,6,1.2857142857142858,1.4285714285714286,2.7142857142857144,9.5367431640625e-07,7,6,1.0162948119043913,1.0,1.0,7,6,0.9409183123762747,1.0,1.0,0,0,0,-0.07537649952811666,1.4420453218695968,0.09735489843498717,2.2831394772192737,0.11215896814316502,2.2831394772192737,0.11215896814316502,7,6,1.0103407633415402,1.0,1.0,0,0,0,-0.005954048562850962,0.4319472909348357,0.027855466127283124,0.6991231871949045,0.032172808215263186,0.6991231871949045,0.032172808215263186,-0.0694224509652657,"[-0.22432531786485024, 0.004532991745374714]",617,69,0.01020408163265306,all targets for family; pattern-specific denominator unavailable,,
0.1,recent_vs_earlier_V,2,all,6,4,1.1666666666666667,1.0,2.1666666666666665,1.9073486328125e-06,6,5,0.45058585050205374,0.888888888888889,0.8,6,5,0.4335223244934349,0.888888888888889,0.8,0,0,0,-0.01706352600861886,1.7187826387581973,0.09021397075650085,2.6542671272953444,0.17405965587973157,2.6542671272953444,0.17405965587973157,6,5,0.47988292753570283,0.888888888888889,0.8,0,0,0,0.02929707703364907,0.7678249226435948,0.04060938362085378,1.129967348899949,0.0764135000378246,1.129967348899949,0.0764135000378246,-0.04636060304226793,"[-0.12052992855262801, -0.009475427339403097]",617,69,0.008746355685131196,all targets for family; pattern-specific denominator unavailable,,
0.1,recent_vs_earlier_V,3,all,47,26,1.127659574468085,1.1702127659574468,2.297872340425532,1.9073486328125e-06,47,46,0.8579009680185222,0.8056541836939775,0.8043478260869565,47,46,0.8538381272477398,0.8056541836939775,0.8043478260869565,0,0,0,-0.004062840770782375,1.9332830242046486,0.12853565307100126,2.233256680898394,0.22707371972866142,2.233256680898394,0.22707371972866142,47,46,0.8719977709333478,0.782608695652174,0.782608695652174,1,0,1,0.014096802914825722,0.869876409361088,0.056341734434441196,1.0027122578283276,0.10259763514945405,1.0027122578283276,0.10259763514945405,-0.018159643685608098,"[-0.050391995786735186, 0.018248729027149847]",617,69,0.06851311953352769,all targets for family; pattern-specific denominator unavailable,,
0.1,recent_vs_earlier_V,4,all,6,5,1.1666666666666667,1.0,2.1666666666666665,9.5367431640625e-07,6,6,1.7092532842937542,0.6666666666666666,0.6666666666666666,6,6,1.6917729397881824,0.6666666666666666,0.6666666666666666,0,0,0,-0.017480344505571715,1.4892847137487555,0.09413649803658512,1.2650507626462553,0.06020786875086989,1.2650507626462553,0.06020786875086989,6,6,1.7096060696757196,0.6666666666666666,0.6666666666666666,0,0,0,0.0003527853819655924,0.7627799978633422,0.0512950304702667,0.4883848044334585,0.02742291212247716,0.4883848044334585,0.02742291212247716,-0.017833129887537307,"[-0.057648940821145, -0.0004220972157355618]",617,69,0.008746355685131196,all targets for family; pattern-specific denominator unavailable,,
0.1,recent_vs_earlier_V,5,all,55,25,1.1272727272727272,1.0727272727272728,2.2,1.9073486328125e-06,55,52,2.06150248355331,0.7120768369368593,0.7115384615384616,55,52,2.0668208164293485,0.7120768369368593,0.7115384615384616,0,0,0,0.005318332876038813,2.120943060038875,0.13813269343722476,0.7084286267862501,0.06351930011585623,0.7084286267862501,0.06351930011585623,55,52,2.0651390932459033,0.7120768369368593,0.7115384615384616,0,0,0,0.003636609692593471,0.8284849549667207,0.05351871890750058,0.3693682847490262,0.03434076467299143,0.3693682847490262,0.03434076467299143,0.0016817231834453425,"[-0.020651213688872773, 0.024056540546498566]",617,69,0.08017492711370262,all targets for family; pattern-specific denominator unavailable,,
0.1,recent_vs_earlier_V,6,all,60,26,1.0833333333333333,1.1,2.183333333333333,1.9073486328125e-06,60,58,0.7490193012156332,0.94780375420176,0.9482758620689655,60,58,0.7454647247320784,0.94780375420176,0.9482758620689655,0,0,0,-0.0035545764835548193,2.116003289355864,0.1369333518241879,0.3559041308195566,0.07153016458592389,0.3559041308195566,0.07153016458592389,60,58,0.7515002624464783,0.94780375420176,0.9482758620689655,0,0,0,0.00248096123084528,0.8841132389101651,0.05679903234124362,0.25286225272082846,0.05067611153048035,0.25286225272082846,0.05067611153048035,-0.0060355377144000995,"[-0.020976212528746162, 0.008800223555992111]",617,69,0.08746355685131195,all targets for family; pattern-specific denominator unavailable,,
0.1,recent_vs_earlier_V,7,all,436,31,1.0894495412844036,1.103211009174312,2.1926605504587156,1.9073486328125e-06,436,420,0.8896179522515486,0.8919376316206274,0.8928571428571429,436,420,0.8879338468468029,0.8918125316405748,0.8928571428571429,2,1,1,-0.0016841054047455123,1.823021268001076,0.12264074346725301,0.0,0.0,0.0,0.0,436,420,0.8886663267285406,0.8919376316206274,0.8928571428571429,0,0,0,-0.0009516255230079177,0.7841562677343586,0.05233390162281128,0.0,0.0,0.0,0.0,-0.0007324798817375937,"[-0.007620944219974143, 0.005710830819365124]",617,69,0.6355685131195336,all targets for family; pattern-specific denominator unavailable,,
0.1,recent_vs_earlier_V,all,all,617,31,1.0988654781199352,1.106969205834684,2.205834683954619,1.9073486328125e-06,617,593,0.9831307387990621,0.8727455399779005,0.8735244519392917,617,593,0.9805685208520459,0.8726383374096356,0.8735244519392917,2,1,1,-0.0025622179470160926,1.877887134550578,0.12498124180933778,0.33189427877605543,0.033466052080324764,0.33189427877605543,0.033466052080324764,617,593,0.9843183126247712,0.870994920933615,0.8718381112984823,1,0,1,0.001187573825708988,0.7999952210527009,0.05277719425249482,0.1575663568439908,0.017179296160998937,0.1575663568439908,0.017179296160998937,-0.003749791772725081,"[-0.009180347581211099, 0.0012560094289600623]",617,69,0.8994169096209913,all targets for family; pattern-specific denominator unavailable,,
0.1,remove_T_vs_A,1,all,7,6,0.0,1.5714285714285714,1.5714285714285714,9.5367431640625e-07,7,6,1.0162948119043913,1.0,1.0,7,6,0.8495630147188507,1.0,1.0,0,0,0,-0.16673179718554065,6.762376635317265,0.4735514673031616,9.617216319704827,0.4878822265225636,9.617216319704827,0.4878822265225636,7,6,1.0280438125753553,1.0,1.0,0,0,0,0.01174900067096393,1.0684409877063676,0.06613192506723603,1.007440104081924,0.04646341874647904,1.007440104081924,0.04646341874647904,-0.17848079785650459,"[-0.9262807077370157, 0.26543950352595463]",652,34,0.01020408163265306,all targets for family; pattern-specific denominator unavailable,,
0.1,remove_T_vs_A,1,exact_lag,7,6,0.0,1.5714285714285714,1.5714285714285714,9.5367431640625e-07,7,6,1.0162948119043913,1.0,1.0,7,6,0.8495630147188507,1.0,1.0,0,0,0,-0.16673179718554065,6.762376635317265,0.4735514673031616,9.617216319704827,0.4878822265225636,9.617216319704827,0.4878822265225636,7,6,1.0280438125753553,1.0,1.0,0,0,0,0.01174900067096393,1.0684409877063676,0.06613192506723603,1.007440104081924,0.04646341874647904,1.007440104081924,0.04646341874647904,-0.17848079785650459,"[-0.9262807077370157, 0.26543950352595463]",652,34,0.01020408163265306,all targets for family; pattern-specific denominator unavailable,,
0.1,remove_T_vs_A,2,all,6,4,0.0,1.1666666666666667,1.1666666666666667,1.9073486328125e-06,6,5,0.45058585050205374,0.888888888888889,0.8,6,5,0.44295722239883356,0.888888888888889,0.8,0,0,0,-0.007628628103220218,4.089977256197487,0.23513641071803246,1.302336471270036,0.08652663683495061,1.302336471270036,0.08652663683495061,6,5,0.4707920270208783,0.888888888888889,0.8,0,0,0,0.02020617651882454,1.4100095982200385,0.07575463382646623,1.653161739940658,0.11131109553707076,1.653161739940658,0.11131109553707076,-0.027834804622044757,"[-0.1571884132515733, 0.0652032503246156]",652,34,0.008746355685131196,all targets for family; pattern-specific denominator unavailable,,
0.1,remove_T_vs_A,2,exact_lag,6,4,0.0,1.1666666666666667,1.1666666666666667,1.9073486328125e-06,6,5,0.45058585050205374,0.888888888888889,0.8,6,5,0.44295722239883356,0.888888888888889,0.8,0,0,0,-0.007628628103220218,4.089977256197487,0.23513641071803246,1.302336471270036,0.08652663683495061,1.302336471270036,0.08652663683495061,6,5,0.4707920270208783,0.888888888888889,0.8,0,0,0,0.02020617651882454,1.4100095982200385,0.07575463382646623,1.653161739940658,0.11131109553707076,1.653161739940658,0.11131109553707076,-0.027834804622044757,"[-0.1571884132515733, 0.0652032503246156]",652,34,0.008746355685131196,all targets for family; pattern-specific denominator unavailable,,
0.1,remove_T_vs_A,3,all,47,26,0.0,1.2553191489361701,1.2553191489361701,1.9073486328125e-06,47,46,0.8579009680185222,0.8056541836939775,0.8043478260869565,47,46,0.8467637585076002,0.8056541836939775,0.8043478260869565,0,0,0,-0.011137209510921836,6.245771219337397,0.4290666073308817,1.1182640045868588,0.11506653682096626,1.1182640045868588,0.11506653682096626,47,46,0.8617628793498124,0.8056541836939775,0.8043478260869565,0,0,0,0.003861911331290205,1.339244289707559,0.08823161563276609,0.7632008036949599,0.07811663928488233,0.7632008036949599,0.07811663928488233,-0.014999120842212043,"[-0.06392376449871105, 0.03749738350839638]",652,34,0.06851311953352769,all targets for family; pattern-specific denominator unavailable,,
0.1,remove_T_vs_A,3,exact_lag,47,26,0.0,1.2553191489361701,1.2553191489361701,1.9073486328125e-06,47,46,0.8579009680185222,0.8056541836939775,0.8043478260869565,47,46,0.8467637585076002,0.8056541836939775,0.8043478260869565,0,0,0,-0.011137209510921836,6.245771219337397,0.4290666073308817,1.1182640045868588,0.11506653682096626,1.1182640045868588,0.11506653682096626,47,46,0.8617628793498124,0.8056541836939775,0.8043478260869565,0,0,0,0.003861911331290205,1.339244289707559,0.08823161563276609,0.7632008036949599,0.07811663928488233,0.7632008036949599,0.07811663928488233,-0.014999120842212043,"[-0.06392376449871105, 0.03749738350839638]",652,34,0.06851311953352769,all targets for family; pattern-specific denominator unavailable,,
0.1,remove_T_vs_A,4,all,8,7,0.0,1.0,1.0,1.430511474609375e-06,8,8,1.3811303103759942,0.75,0.75,8,8,1.2331654674831254,0.8681818181818182,0.875,1,1,0,-0.14796484289286882,6.577574432445353,0.5073786669741374,9.236232463452172,0.5631203990949492,9.236232463452172,0.5631203990949492,8,8,1.3993242637492052,0.75,0.75,0,0,0,0.018193953373211058,2.0561757227675375,0.17459770567639787,2.374334283901023,0.15526207016693866,2.374334283901023,0.15526207016693866,-0.16615879626607988,"[-0.8878208893989469, 0.3200079256965278]",652,34,0.011661807580174927,all targets for family; pattern-specific denominator unavailable,,
0.1,remove_T_vs_A,4,exact_lag,8,7,0.0,1.0,1.0,1.430511474609375e-06,8,8,1.3811303103759942,0.75,0.75,8,8,1.2331654674831254,0.8681818181818182,0.875,1,1,0,-0.14796484289286882,6.577574432445353,0.5073786669741374,9.236232463452172,0.5631203990949492,9.236232463452172,0.5631203990949492,8,8,1.3993242637492052,0.75,0.75,0,0,0,0.018193953373211058,2.0561757227675375,0.17459770567639787,2.374334283901023,0.15526207016693866,2.374334283901023,0.15526207016693866,-0.16615879626607988,"[-0.8878208893989469, 0.3200079256965278]",652,34,0.011661807580174927,all targets for family; pattern-specific denominator unavailable,,
0.1,remove_T_vs_A,5,all,56,25,0.0,1.2857142857142858,1.2857142857142858,1.9073486328125e-06,56,53,2.2918442562935932,0.6981132075471698,0.6981132075471698,56,53,2.568964025674517,0.6234501347708895,0.6226415094339622,16,6,10,0.27711976938092364,8.089014344487593,0.5595994942541853,8.677139984654646,0.8446945905385056,8.677139984654646,0.8446945905385056,56,53,2.2825069815056707,0.6981132075471698,0.6981132075471698,0,0,0,-0.009337274787922697,1.373940194280213,0.08838312230964052,1.059098535643482,0.096667074085947,1.059098535643482,0.096667074085947,0.2864570441688463,"[-0.14297796192856496, 0.800677830307008]",652,34,0.08163265306122448,all targets for family; pattern-specific denominator unavailable,,
0.1,remove_T_vs_A,5,exact_lag,56,25,0.0,1.2857142857142858,1.2857142857142858,1.9073486328125e-06,56,53,2.2918442562935932,0.6981132075471698,0.6981132075471698,56,53,2.568964025674517,0.6234501347708895,0.6226415094339622,16,6,10,0.27711976938092364,8.089014344487593,0.5595994942541853,8.677139984654646,0.8446945905385056,8.677139984654646,0.8446945905385056,56,53,2.2825069815056707,0.6981132075471698,0.6981132075471698,0,0,0,-0.009337274787922697,1.373940194280213,0.08838312230964052,1.059098535643482,0.096667074085947,1.059098535643482,0.096667074085947,0.2864570441688463,"[-0.14297796192856496, 0.800677830307008]",652,34,0.08163265306122448,all targets for family; pattern-specific denominator unavailable,,
0.1,remove_T_vs_A,6,all,62,26,0.0,1.2580645161290323,1.2580645161290323,1.9073486328125e-06,62,60,0.7682371488316418,0.9495297805642634,0.95,62,60,0.7567472946846437,0.9495297805642634,0.95,0,0,0,-0.011489854146998116,6.972500455902769,0.4835386680790989,0.6244179885891944,0.1261322321922904,0.6244179885891944,0.1261322321922904,62,60,0.7724215334319876,0.9495297805642634,0.95,0,0,0,0.0041843846003457265,1.447024607708059,0.09682094955932531,1.137266989221536,0.24390533384086158,1.137266989221536,0.24390533384086158,-0.015674238747343843,"[-0.08353726040702371, 0.06346316617712372]",652,34,0.09037900874635568,all targets for family; pattern-specific denominator unavailable,,
0.1,remove_T_vs_A,6,exact_lag,62,26,0.0,1.2580645161290323,1.2580645161290323,1.9073486328125e-06,62,60,0.7682371488316418,0.9495297805642634,0.95,62,60,0.7567472946846437,0.9495297805642634,0.95,0,0,0,-0.011489854146998116,6.972500455902769,0.4835386680790989,0.6244179885891944,0.1261322321922904,0.6244179885891944,0.1261322321922904,62,60,0.7724215334319876,0.9495297805642634,0.95,0,0,0,0.0041843846003457265,1.447024607708059,0.09682094955932531,1.137266989221536,0.24390533384086158,1.137266989221536,0.24390533384086158,-0.015674238747343843,"[-0.08353726040702371, 0.06346316617712372]",652,34,0.09037900874635568,all targets for family; pattern-specific denominator unavailable,,
0.1,remove_T_vs_A,7,all,466,31,0.0,1.2553648068669527,1.2553648068669527,1.9073486328125e-06,466,449,0.9313405920702416,0.8832755984265656,0.8841870824053452,466,449,0.92389648626938,0.8746476817746306,0.8752783964365256,10,3,7,-0.007444105800861588,7.552978483630067,0.545040412038649,0.0,0.0,0.0,0.0,466,449,0.9315301156808096,0.8855766804652921,0.8864142538975501,1,1,0,0.00018952361056798943,1.4810173221187575,0.10350056762747045,0.0,0.0,0.0,0.0,-0.007633629411429585,"[-0.0351099352105544, 0.019045143927221772]",652,34,0.6793002915451894,all targets for family; pattern-specific denominator unavailable,,
0.1,remove_T_vs_A,7,exact_lag,466,31,0.0,1.2553648068669527,1.2553648068669527,1.9073486328125e-06,466,449,0.9313405920702416,0.8832755984265656,0.8841870824053452,466,449,0.92389648626938,0.8746476817746306,0.8752783964365256,10,3,7,-0.007444105800861588,7.552978483630067,0.545040412038649,0.0,0.0,0.0,0.0,466,449,0.9315301156808096,0.8855766804652921,0.8864142538975501,1,1,0,0.00018952361056798943,1.4810173221187575,0.10350056762747045,0.0,0.0,0.0,0.0,-0.007633629411429585,"[-0.0351099352105544, 0.019045143927221772]",652,34,0.6793002915451894,all targets for family; pattern-specific denominator unavailable,,
0.1,remove_T_vs_A,all,all,652,31,0.0,1.2576687116564418,1.2576687116564418,1.9073486328125e-06,652,627,1.029396724311284,0.8667979888177102,0.8676236044657097,652,627,1.0423067256700909,0.8560248209771856,0.8564593301435407,27,10,17,0.012910001358806681,7.3972640301866806,0.5280009811731959,1.1138290727330429,0.1057830081228389,1.1138290727330429,0.1057830081228389,652,627,1.029941822444702,0.8684524948735476,0.8692185007974481,1,1,0,0.0005450981334178987,1.4603424548567376,0.10068211210889559,0.309288703283526,0.04055548459987609,0.309288703283526,0.04055548459987609,0.01236490322538878,"[-0.03498295546306764, 0.06553823904789309]",652,34,0.9504373177842566,all targets for family; pattern-specific denominator unavailable,,
0.1,remove_T_vs_A,all,exact_lag,652,31,0.0,1.2576687116564418,1.2576687116564418,1.9073486328125e-06,652,627,1.029396724311284,0.8667979888177102,0.8676236044657097,652,627,1.0423067256700909,0.8560248209771856,0.8564593301435407,27,10,17,0.012910001358806681,7.3972640301866806,0.5280009811731959,1.1138290727330429,0.1057830081228389,1.1138290727330429,0.1057830081228389,652,627,1.029941822444702,0.8684524948735476,0.8692185007974481,1,1,0,0.0005450981334178987,1.4603424548567376,0.10068211210889559,0.309288703283526,0.04055548459987609,0.309288703283526,0.04055548459987609,0.01236490322538878,"[-0.03498295546306764, 0.06553823904789309]",652,34,0.9504373177842566,all targets for family; pattern-specific denominator unavailable,,
0.1,remove_T_vs_V,1,all,7,6,0.0,1.4285714285714286,1.4285714285714286,9.5367431640625e-07,7,6,1.0162948119043913,1.0,1.0,7,6,0.8365660439379244,1.0,1.0,0,0,0,-0.1797287679664669,7.232946005778763,0.49232922772590004,10.235331059722332,0.5057869023757284,10.235331059722332,0.5057869023757284,7,6,0.9409183123762747,1.0,1.0,0,0,0,-0.07537649952811666,1.4420453218695968,0.09735489843498717,2.2831394772192737,0.11215896814316502,2.2831394772192737,0.11215896814316502,-0.10435226843835022,"[-0.662867550589935, 0.2870544731347889]",646,40,0.01020408163265306,all targets for family; pattern-specific denominator unavailable,,
0.1,remove_T_vs_V,1,exact_lag,7,6,0.0,1.4285714285714286,1.4285714285714286,9.5367431640625e-07,7,6,1.0162948119043913,1.0,1.0,7,6,0.8365660439379244,1.0,1.0,0,0,0,-0.1797287679664669,7.232946005778763,0.49232922772590004,10.235331059722332,0.5057869023757284,10.235331059722332,0.5057869023757284,7,6,0.9409183123762747,1.0,1.0,0,0,0,-0.07537649952811666,1.4420453218695968,0.09735489843498717,2.2831394772192737,0.11215896814316502,2.2831394772192737,0.11215896814316502,-0.10435226843835022,"[-0.662867550589935, 0.2870544731347889]",646,40,0.01020408163265306,all targets for family; pattern-specific denominator unavailable,,
0.1,remove_T_vs_V,2,all,6,4,0.0,1.0,1.0,1.9073486328125e-06,6,5,0.45058585050205374,0.888888888888889,0.8,6,5,0.434730870090047,0.888888888888889,0.8,0,0,0,-0.015854980412006725,4.221064958442347,0.2417387836587154,1.2205385433833358,0.0804128940467627,1.2205385433833358,0.0804128940467627,6,5,0.4335223244934349,0.888888888888889,0.8,0,0,0,-0.01706352600861886,1.7187826387581973,0.09021397075650085,2.6542671272953444,0.17405965587973157,2.6542671272953444,0.17405965587973157,0.0012085455966121355,"[-0.13793379226205715, 0.17724128966214964]",646,40,0.008746355685131196,all targets for family; pattern-specific denominator unavailable,,
0.1,remove_T_vs_V,2,exact_lag,6,4,0.0,1.0,1.0,1.9073486328125e-06,6,5,0.45058585050205374,0.888888888888889,0.8,6,5,0.434730870090047,0.888888888888889,0.8,0,0,0,-0.015854980412006725,4.221064958442347,0.2417387836587154,1.2205385433833358,0.0804128940467627,1.2205385433833358,0.0804128940467627,6,5,0.4335223244934349,0.888888888888889,0.8,0,0,0,-0.01706352600861886,1.7187826387581973,0.09021397075650085,2.6542671272953444,0.17405965587973157,2.6542671272953444,0.17405965587973157,0.0012085455966121355,"[-0.13793379226205715, 0.17724128966214964]",646,40,0.008746355685131196,all targets for family; pattern-specific denominator unavailable,,
0.1,remove_T_vs_V,3,all,47,26,0.0,1.297872340425532,1.297872340425532,1.9073486328125e-06,47,46,0.8579009680185222,0.8056541836939775,0.8043478260869565,47,46,0.8567521447662853,0.8056541836939775,0.8043478260869565,0,0,0,-0.0011488232522369037,6.264882110332031,0.44081836919196127,1.234225733024285,0.12690647216644182,1.234225733024285,0.12690647216644182,47,46,0.8627870860686695,0.8056541836939775,0.8043478260869565,0,0,0,0.0048861180501472545,1.7782486822613244,0.11899962669231559,2.130059157701601,0.21678005028509525,2.130059157701601,0.21678005028509525,-0.00603494130238416,"[-0.0837179634247143, 0.07105869092074622]",646,40,0.06851311953352769,all targets for family; pattern-specific denominator unavailable,,
0.1,remove_T_vs_V,3,exact_lag,47,26,0.0,1.297872340425532,1.297872340425532,1.9073486328125e-06,47,46,0.8579009680185222,0.8056541836939775,0.8043478260869565,47,46,0.8567521447662853,0.8056541836939775,0.8043478260869565,0,0,0,-0.0011488232522369037,6.264882110332031,0.44081836919196127,1.234225733024285,0.12690647216644182,1.234225733024285,0.12690647216644182,47,46,0.8627870860686695,0.8056541836939775,0.8043478260869565,0,0,0,0.0048861180501472545,1.7782486822613244,0.11899962669231559,2.130059157701601,0.21678005028509525,2.130059157701601,0.21678005028509525,-0.00603494130238416,"[-0.0837179634247143, 0.07105869092074622]",646,40,0.06851311953352769,all targets for family; pattern-specific denominator unavailable,,
0.1,remove_T_vs_V,4,all,6,5,0.0,1.0,1.0,9.5367431640625e-07,6,6,1.7092532842937542,0.6666666666666666,0.6666666666666666,6,6,1.3087437677469167,0.8148148148148148,0.8333333333333334,1,1,0,-0.4005095165468376,5.957762528634965,0.38093031632947755,8.687919127112613,0.44817402378747745,8.687919127112613,0.44817402378747745,6,6,1.6917729397881824,0.6666666666666666,0.6666666666666666,0,0,0,-0.017480344505571715,1.4892847137487555,0.09413649803658512,1.2650507626462553,0.06020786875086989,1.2650507626462553,0.06020786875086989,-0.3830291720412659,"[-1.1732367534968826, 0.08902455530712546]",646,40,0.008746355685131196,all targets for family; pattern-specific denominator unavailable,,
0.1,remove_T_vs_V,4,exact_lag,6,5,0.0,1.0,1.0,9.5367431640625e-07,6,6,1.7092532842937542,0.6666666666666666,0.6666666666666666,6,6,1.3087437677469167,0.8148148148148148,0.8333333333333334,1,1,0,-0.4005095165468376,5.957762528634965,0.38093031632947755,8.687919127112613,0.44817402378747745,8.687919127112613,0.44817402378747745,6,6,1.6917729397881824,0.6666666666666666,0.6666666666666666,0,0,0,-0.017480344505571715,1.4892847137487555,0.09413649803658512,1.2650507626462553,0.06020786875086989,1.2650507626462553,0.06020786875086989,-0.3830291720412659,"[-1.1732367534968826, 0.08902455530712546]",646,40,0.008746355685131196,all targets for family; pattern-specific denominator unavailable,,
0.1,remove_T_vs_V,5,all,56,25,0.0,1.1785714285714286,1.1785714285714286,1.9073486328125e-06,56,53,2.2918442562935932,0.6981132075471698,0.6981132075471698,56,53,2.5229183792399565,0.6422762587024518,0.6415094339622641,15,6,9,0.23107412294636306,8.492992307566317,0.5895705506461899,9.075837900358811,0.8876551427153367,9.075837900358811,0.8876551427153367,56,53,2.293700954744512,0.6981132075471698,0.6981132075471698,0,0,0,0.0018566984509189599,2.0470516520389106,0.13407303599171005,0.7874841373482492,0.07168626224403978,0.7874841373482492,0.07168626224403978,0.22921742449544413,"[-0.20915023839842106, 0.7667258657818795]",646,40,0.08163265306122448,all targets for family; pattern-specific denominator unavailable,,
0.1,remove_T_vs_V,5,exact_lag,56,25,0.0,1.1785714285714286,1.1785714285714286,1.9073486328125e-06,56,53,2.2918442562935932,0.6981132075471698,0.6981132075471698,56,53,2.5229183792399565,0.6422762587024518,0.6415094339622641,15,6,9,0.23107412294636306,8.492992307566317,0.5895705506461899,9.075837900358811,0.8876551427153367,9.075837900358811,0.8876551427153367,56,53,2.293700954744512,0.6981132075471698,0.6981132075471698,0,0,0,0.0018566984509189599,2.0470516520389106,0.13407303599171005,0.7874841373482492,0.07168626224403978,0.7874841373482492,0.07168626224403978,0.22921742449544413,"[-0.20915023839842106, 0.7667258657818795]",646,40,0.08163265306122448,all targets for family; pattern-specific denominator unavailable,,
0.1,remove_T_vs_V,6,all,62,26,0.0,1.2258064516129032,1.2258064516129032,1.9073486328125e-06,62,60,0.7682371488316418,0.9495297805642634,0.95,62,60,0.7467814307591553,0.9495297805642634,0.95,0,0,0,-0.021455718072486606,7.4423390906407825,0.5256977602389478,0.5851322813980168,0.11787399935152072,0.5851322813980168,0.11787399935152072,62,60,0.7760247988542824,0.9495297805642634,0.95,0,0,0,0.007787650022640516,2.0607765864298075,0.14114088370522818,0.37578487244366765,0.0779821028746074,0.37578487244366765,0.0779821028746074,-0.029243368095127124,"[-0.10915737319528725, 0.057084933891195545]",646,40,0.09037900874635568,all targets for family; pattern-specific denominator unavailable,,
0.1,remove_T_vs_V,6,exact_lag,62,26,0.0,1.2258064516129032,1.2258064516129032,1.9073486328125e-06,62,60,0.7682371488316418,0.9495297805642634,0.95,62,60,0.7467814307591553,0.9495297805642634,0.95,0,0,0,-0.021455718072486606,7.4423390906407825,0.5256977602389478,0.5851322813980168,0.11787399935152072,0.5851322813980168,0.11787399935152072,62,60,0.7760247988542824,0.9495297805642634,0.95,0,0,0,0.007787650022640516,2.0607765864298075,0.14114088370522818,0.37578487244366765,0.0779821028746074,0.37578487244366765,0.0779821028746074,-0.029243368095127124,"[-0.10915737319528725, 0.057084933891195545]",646,40,0.09037900874635568,all targets for family; pattern-specific denominator unavailable,,
0.1,remove_T_vs_V,7,all,462,31,0.0,1.20995670995671,1.20995670995671,1.9073486328125e-06,462,445,0.9320486376087345,0.8868297592776645,0.8876404494382022,462,445,0.9229800994018904,0.8804240136722301,0.8808988764044944,9,3,6,-0.00906853820684402,7.637429044688746,0.550722303418257,0.0,0.0,0.0,0.0,462,445,0.933710786618643,0.8845083657202948,0.8853932584269663,1,0,1,0.0016621490099084219,1.8759319895501454,0.13095862985758214,0.0,0.0,0.0,0.0,-0.01073068721675244,"[-0.04143267652369551, 0.019432658862192833]",646,40,0.673469387755102,all targets for family; pattern-specific denominator unavailable,,
0.1,remove_T_vs_V,7,exact_lag,462,31,0.0,1.20995670995671,1.20995670995671,1.9073486328125e-06,462,445,0.9320486376087345,0.8868297592776645,0.8876404494382022,462,445,0.9229800994018904,0.8804240136722301,0.8808988764044944,9,3,6,-0.00906853820684402,7.637429044688746,0.550722303418257,0.0,0.0,0.0,0.0,462,445,0.933710786618643,0.8845083657202948,0.8853932584269663,1,0,1,0.0016621490099084219,1.8759319895501454,0.13095862985758214,0.0,0.0,0.0,0.0,-0.01073068721675244,"[-0.04143267652369551, 0.019432658862192833]",646,40,0.673469387755102,all targets for family; pattern-specific denominator unavailable,,
0.1,remove_T_vs_V,all,all,646,31,0.0,1.2136222910216719,1.2136222910216719,1.9073486328125e-06,646,621,1.0324688794802082,0.8688226235146508,0.8695652173913043,646,621,1.038057035304615,0.8612618753975106,0.8615136876006442,25,10,15,0.005588155824406742,7.541296993247932,0.5386125366815306,1.135652936160904,0.10788469035187533,1.135652936160904,0.10788469035187533,646,621,1.0337838502012728,0.8671519692650624,0.8679549114331723,1,0,1,0.0013149707210647456,1.8916471044572838,0.1302512095291101,0.3204464982587757,0.032861766798881004,0.3204464982587757,0.032861766798881004,0.004273185103341997,"[-0.04343610049959157, 0.06073686125239732]",646,40,0.9416909620991254,all targets for family; pattern-specific denominator unavailable,,
0.1,remove_T_vs_V,all,exact_lag,646,31,0.0,1.2136222910216719,1.2136222910216719,1.9073486328125e-06,646,621,1.0324688794802082,0.8688226235146508,0.8695652173913043,646,621,1.038057035304615,0.8612618753975106,0.8615136876006442,25,10,15,0.005588155824406742,7.541296993247932,0.5386125366815306,1.135652936160904,0.10788469035187533,1.135652936160904,0.10788469035187533,646,621,1.0337838502012728,0.8671519692650624,0.8679549114331723,1,0,1,0.0013149707210647456,1.8916471044572838,0.1302512095291101,0.3204464982587757,0.032861766798881004,0.3204464982587757,0.032861766798881004,0.004273185103341997,"[-0.04343610049959157, 0.06073686125239732]",646,40,0.9416909620991254,all targets for family; pattern-specific denominator unavailable,,
0.1,same_vs_other_speaker_A,all,all,0,,,,,,,,,,,,,,,,,,,,,,,,,,,,,,,,,,,,,,,,,,,,,,,unavailable,"{""speaker_unavailable"": 686}"
0.1,same_vs_other_speaker_T,all,all,0,,,,,,,,,,,,,,,,,,,,,,,,,,,,,,,,,,,,,,,,,,,,,,,unavailable,"{""speaker_unavailable"": 686}"
0.1,same_vs_other_speaker_V,all,all,0,,,,,,,,,,,,,,,,,,,,,,,,,,,,,,,,,,,,,,,,,,,,,,,unavailable,"{""speaker_unavailable"": 686}"
0.2,recent_vs_earlier_A,1,all,19,14,1.631578947368421,1.368421052631579,3.0,1.430511474609375e-06,19,19,1.1415113146448819,0.8941520467836256,0.8947368421052632,19,19,1.1376291566323367,0.8941520467836256,0.8947368421052632,0,0,0,-0.003882158012545118,1.1647148078587097,0.07120390126721982,0.8719608101245138,0.039056318894095485,0.8719608101245138,0.039056318894095485,19,19,1.1408741001265263,0.8941520467836256,0.8947368421052632,0,0,0,-0.0006372145183554288,0.5289318289825021,0.03185156981702358,0.544502895615653,0.023702919265022694,0.544502895615653,0.023702919265022694,-0.0032449434941896893,"[-0.006890311348166697, 0.0010758019372663795]",607,79,0.027696793002915453,all targets for family; pattern-specific denominator unavailable,,
0.2,recent_vs_earlier_A,2,all,20,14,1.45,1.65,3.1,1.9073486328125e-06,20,20,1.1917977956253576,0.6703296703296703,0.7,20,20,1.1943045128450245,0.6703296703296703,0.7,0,0,0,0.0025067172196667985,1.203805150861855,0.08765156796827589,1.4714356124239802,0.11147824945789,1.4714356124239802,0.11147824945789,20,20,1.1921977536472785,0.6703296703296703,0.7,0,0,0,0.00039995802192076545,0.6623149222992918,0.048759092140439136,0.7934134933924535,0.06046698238253724,0.7934134933924535,0.06046698238253724,0.0021067591977460332,"[-0.01876968103526112, 0.02416073528869521]",607,79,0.029154518950437316,all targets for family; pattern-specific denominator unavailable,,
0.2,recent_vs_earlier_A,3,all,74,31,1.2027027027027026,1.2027027027027026,2.4054054054054053,1.9073486328125e-06,74,69,0.7762888727286655,0.8840579710144928,0.8840579710144928,74,69,0.7794340749618921,0.8840579710144928,0.8840579710144928,0,0,0,0.0031452022332266287,1.3789048144265201,0.09085354701243155,0.7677090824185041,0.07954052813543713,0.7677090824185041,0.07954052813543713,74,69,0.7754308990152434,0.8840579710144928,0.8840579710144928,0,0,0,-0.0008579737134219918,0.6590277812880637,0.04333940250285251,0.4981756265327338,0.05343527610528387,0.4981756265327338,0.05343527610528387,0.004003175946648621,"[-0.005505429698812413, 0.013182587754148658]",607,79,0.10787172011661808,all targets for family; pattern-specific denominator unavailable,,
0.2,recent_vs_earlier_A,4,all,27,17,1.2592592592592593,1.2592592592592593,2.5185185185185186,1.9073486328125e-06,27,26,2.139830036195112,0.7361053361053362,0.7307692307692307,27,26,2.1655847824191423,0.7361053361053362,0.7307692307692307,0,0,0,0.02575474622403067,1.5790452159926172,0.10404882339397255,1.7797919091442824,0.1040966197682603,1.7797919091442824,0.1040966197682603,27,26,2.1341800896150667,0.7361053361053362,0.7307692307692307,0,0,0,-0.005649946580045227,0.6167631048818061,0.040826394368278375,0.8169598441121202,0.04796607665668232,0.8169598441121202,0.04796607665668232,0.0314046928040759,"[-0.009368528798646093, 0.07595762830717585]",607,79,0.03935860058309038,all targets for family; pattern-specific denominator unavailable,,
0.2,recent_vs_earlier_A,5,all,84,28,1.4047619047619047,1.3452380952380953,2.75,1.9073486328125e-06,84,82,2.4086555872034605,0.6585365853658537,0.6585365853658537,84,82,2.4057764462754134,0.6696311766555514,0.6707317073170732,1,1,0,-0.002879140928047149,1.417175738896548,0.09279044830664565,0.8189363014053915,0.07450586194520115,0.8189363014053915,0.07450586194520115,84,82,2.40607843427018,0.6717149066823058,0.6707317073170732,1,1,0,-0.00257715293328032,0.6055746457191153,0.03978430320567623,0.44715931916773805,0.04054166477343075,0.44715931916773805,0.04054166477343075,-0.00030198799476682933,"[-0.014106577623277815, 0.014191010239393969]",607,79,0.12244897959183673,all targets for family; pattern-specific denominator unavailable,,
0.2,recent_vs_earlier_A,6,all,80,29,1.4125,1.2875,2.7,1.9073486328125e-06,80,80,0.5764586496822967,0.9121212121212121,0.9125,80,80,0.5775089425708351,0.9121212121212121,0.9125,0,0,0,0.001050292888538453,1.37136643805863,0.0916310730115132,1.046978440345551,0.20588034544749254,1.046978440345551,0.20588034544749254,80,80,0.574177033856435,0.9121212121212121,0.9125,0,0,0,-0.002281615825861541,0.6248451674359176,0.041028006553240196,0.4983120407535268,0.10016916022928238,0.4983120407535268,0.10016916022928238,0.003331908714399994,"[-0.004600748288518556, 0.011473001772841097]",607,79,0.11661807580174927,all targets for family; pattern-specific denominator unavailable,,
0.2,recent_vs_earlier_A,7,all,303,31,1.297029702970297,1.3234323432343233,2.6204620462046204,1.9073486328125e-06,303,289,0.9722041545035345,0.8822350641136218,0.8823529411764706,303,289,0.9754293348515384,0.8857573941710828,0.8858131487889274,1,1,0,0.0032251803480039982,1.4164273501549975,0.09440838052218864,0.0,0.0,0.0,0.0,303,289,0.9714156591682878,0.8822350641136218,0.8823529411764706,0,0,0,-0.0007884953352466271,0.6572234645964002,0.04373869931795745,0.0,0.0,0.0,0.0,0.004013675683250626,"[8.329892271201399e-05, 0.007803626599194882]",607,79,0.44169096209912534,all targets for family; pattern-specific denominator unavailable,,
0.2,recent_vs_earlier_A,all,all,607,31,1.329489291598023,1.316309719934102,2.6457990115321253,1.9073486328125e-06,607,585,1.1594185808306334,0.8421436692623133,0.8427350427350427,607,585,1.1622586165703945,0.8455753286261761,0.8461538461538461,2,2,0,0.002840035739760963,1.398366434390248,0.09286492420247501,0.4998513110912805,0.05666748418963309,0.4998513110912805,0.05666748418963309,607,585,1.1580049552508822,0.8439226644046695,0.8444444444444444,1,1,0,-0.0014136255797512099,0.640380982292862,0.042449321234537,0.26781397546848135,0.03019443537811924,0.26781397546848135,0.03019443537811924,0.004253661319512173,"[0.000172457242340222, 0.008043462180238317]",607,79,0.8848396501457726,all targets for family; pattern-specific denominator unavailable,,
0.2,recent_vs_earlier_T,1,all,19,14,1.3157894736842106,1.263157894736842,2.5789473684210527,1.430511474609375e-06,19,19,1.1415113146448819,0.8941520467836256,0.8947368421052632,19,19,1.6632067269082742,0.7215865751334858,0.7368421052631579,3,0,3,0.5216954122633926,6.4320445960063655,0.43034762398406723,9.007035785531423,0.43748478808985863,9.007035785531423,0.43748478808985863,19,19,1.0841355245595452,0.8941520467836256,0.8947368421052632,0,0,0,-0.057375790085336456,2.4125848599128448,0.1439790342102447,3.4056545211499576,0.14665037516338916,3.4056545211499576,0.14665037516338916,0.579071202348729,"[0.06399472446380815, 1.0588779090688951]",599,87,0.027696793002915453,all targets for family; pattern-specific denominator unavailable,,
0.2,recent_vs_earlier_T,2,all,20,14,1.4,1.5,2.9,1.9073486328125e-06,20,20,1.1917977956253576,0.6703296703296703,0.7,20,20,1.1499935288334295,0.6703296703296703,0.7,0,0,0,-0.04180426679192819,7.628411424192396,0.5909317504456018,1.5885018655962249,0.12153142494473541,1.5885018655962249,0.12153142494473541,20,20,1.2184042202090775,0.6703296703296703,0.7,0,0,0,0.026606424583719823,2.790959048029836,0.20252148822843075,0.8411891109491038,0.06360433474469565,0.8411891109491038,0.06360433474469565,-0.06841069137564801,"[-0.223576339726193, 0.053531674158157]",599,87,0.029154518950437316,all targets for family; pattern-specific denominator unavailable,,
0.2,recent_vs_earlier_T,3,all,73,31,1.1369863013698631,1.273972602739726,2.410958904109589,1.9073486328125e-06,73,68,0.760969184758515,0.8975176277407515,0.8970588235294118,73,68,0.7967464980656153,0.8965420258469153,0.8970588235294118,2,1,1,0.03577731330710004,7.6610109713610495,0.5371127476988068,1.263215124073641,0.13136331470709803,1.263215124073641,0.13136331470709803,73,68,0.7580300829018066,0.8975176277407515,0.8970588235294118,0,0,0,-0.002939101856708505,2.9641685193480987,0.1964621368851036,0.7282790672205426,0.07656578403027971,0.7282790672205426,0.07656578403027971,0.03871641516380854,"[-0.00821184794182948, 0.09410120617112556]",599,87,0.10641399416909621,all targets for family; pattern-specific denominator unavailable,,
0.2,recent_vs_earlier_T,4,all,26,16,1.2692307692307692,1.1923076923076923,2.4615384615384617,1.9073486328125e-06,26,25,1.90307220439486,0.76,0.76,26,25,2.464833228574391,0.7342614601018675,0.72,7,3,4,0.5617610241795309,10.10978420596851,0.6952223568145691,14.198685375830905,0.8998534994821721,14.198685375830905,0.8998534994821721,26,25,1.8678601150798007,0.7130145530145531,0.72,3,1,2,-0.035212089315058925,3.43443050160603,0.22367260157407232,5.273728914379878,0.31461748089945385,5.273728914379878,0.31461748089945385,0.5969731134945898,"[-0.5242171209060112, 1.630260627832323]",599,87,0.037900874635568516,all targets for family; pattern-specific denominator unavailable,,
0.2,recent_vs_earlier_T,5,all,82,28,1.4634146341463414,1.2926829268292683,2.7560975609756095,1.9073486328125e-06,82,80,2.3213805657383535,0.6728333333333334,0.675,82,80,2.3504594794047913,0.6336675616714214,0.6375,21,9,12,0.0290789136664374,7.674388384259437,0.5257925271862339,8.071927707183685,0.7891278081162998,8.071927707183685,0.7891278081162998,82,80,2.374839335687071,0.6518229166666667,0.65,6,2,4,0.05345876994871799,3.089060729966381,0.2011663319897846,3.435486362287121,0.3133507199495006,3.435486362287121,0.3133507199495006,-0.02437985628228056,"[-0.5202730806291397, 0.48214658552579714]",599,87,0.119533527696793,all targets for family; pattern-specific denominator unavailable,,
0.2,recent_vs_earlier_T,6,all,81,29,1.3209876543209877,1.345679012345679,2.6666666666666665,1.9073486328125e-06,81,81,0.5693441736755654,0.913198443416512,0.9135802469135802,81,81,0.6173526603666422,0.9003200731595793,0.9012345679012346,3,1,2,0.04800848669107672,7.588301524904655,0.5289066533674915,0.5750971591042293,0.1119798873139563,0.5750971591042293,0.1119798873139563,81,81,0.5796331163732166,0.913198443416512,0.9135802469135802,0,0,0,0.010288942697651085,2.94905745111159,0.19368837503470512,0.36402384965785944,0.07225045940464106,0.36402384965785944,0.07225045940464106,0.03771954399342563,"[-0.034494968800000435, 0.12990324809464815]",599,87,0.11807580174927114,all targets for family; pattern-specific denominator unavailable,,
0.2,recent_vs_earlier_T,7,all,298,31,1.342281879194631,1.2986577181208054,2.640939597315436,1.9073486328125e-06,298,284,0.9569003223475482,0.8836492156094021,0.8838028169014085,298,284,0.9483177237362521,0.8836492156094021,0.8838028169014085,8,4,4,-0.008582598611295896,7.645950149957774,0.5474547556879782,0.0,0.0,0.0,0.0,298,284,0.9501548176502942,0.8836492156094021,0.8838028169014085,2,1,1,-0.006745504697253896,2.942658046383021,0.19805626773889798,0.0,0.0,0.0,0.0,-0.0018370939140419963,"[-0.04521471151982165, 0.03863906289166451]",599,87,0.43440233236151604,all targets for family; pattern-specific denominator unavailable,,
0.2,recent_vs_earlier_T,all,all,599,31,1.328881469115192,1.3021702838063438,2.631051752921536,1.9073486328125e-06,599,577,1.1221730871623257,0.8484950483898741,0.8492201039861352,599,577,1.1722719218095892,0.8344248824969795,0.8353552859618717,44,18,26,0.05009883464726362,7.711737365252878,0.5448717780815634,2.2917615741944997,0.1961726269961998,2.2917615741944997,0.1961726269961998,599,577,1.1247086177413652,0.8434597279780157,0.8440207972270364,11,4,7,0.0025355305790395713,2.9656536218239253,0.19724277201213153,0.9733027634918833,0.08242879266816278,0.9733027634918833,0.08242879266816278,0.047563304068224045,"[-0.03641781043946271, 0.13542285382735522]",599,87,0.8731778425655977,all targets for family; pattern-specific denominator unavailable,,
0.2,recent_vs_earlier_V,1,all,19,14,1.3157894736842106,1.2105263157894737,2.526315789473684,1.430511474609375e-06,19,19,1.1415113146448819,0.8941520467836256,0.8947368421052632,19,19,1.1109094239027073,0.8941520467836256,0.8947368421052632,0,0,0,-0.0306018907421744,1.6394864794370514,0.10157890148007687,2.5378352666716646,0.11359178748088385,2.5378352666716646,0.11359178748088385,19,19,1.1561686663900688,0.8941520467836256,0.8947368421052632,0,0,0,0.014657351745187201,0.7889360391604221,0.04724483421279988,1.2568059702577556,0.05518269734924569,1.2568059702577556,0.05518269734924569,-0.0452592424873616,"[-0.1100353418579332, 0.018313244762955098]",604,82,0.027696793002915453,all targets for family; pattern-specific denominator unavailable,,
0.2,recent_vs_earlier_V,2,all,20,14,1.4,1.45,2.85,1.9073486328125e-06,20,20,1.1917977956253576,0.6703296703296703,0.7,20,20,1.1529822567597685,0.6703296703296703,0.7,0,0,0,-0.038815538865589125,1.505881796179004,0.108707415314563,2.167298122656384,0.16338069698305885,2.167298122656384,0.16338069698305885,20,20,1.1721783726625803,0.6703296703296703,0.7,0,0,0,-0.019619422962777345,0.7163906010690376,0.050837283610833874,1.2409167488114947,0.0954166664083764,1.2409167488114947,0.0954166664083764,-0.019196115902811783,"[-0.052858341169149496, 0.019194347578495655]",604,82,0.029154518950437316,all targets for family; pattern-specific denominator unavailable,,
0.2,recent_vs_earlier_V,3,all,72,31,1.2361111111111112,1.1805555555555556,2.4166666666666665,1.9073486328125e-06,72,67,0.7362151841849325,0.9112721277334259,0.9104477611940298,72,67,0.7551575858772414,0.9112721277334259,0.9104477611940298,0,0,0,0.0189424016923088,1.9522440525843545,0.1297601585746235,2.223410557672365,0.23277847712553326,2.223410557672365,0.23277847712553326,72,67,0.7449529716828274,0.9112721277334259,0.9104477611940298,0,0,0,0.008737787497894833,0.837357897312536,0.05542720320273338,1.0074345324524165,0.10686654019226982,1.0074345324524165,0.10686654019226982,0.010204614194413967,"[-0.019867029936422267, 0.03756947273005097]",604,82,0.10495626822157435,all targets for family; pattern-specific denominator unavailable,,
0.2,recent_vs_earlier_V,4,all,27,17,1.2222222222222223,1.2222222222222223,2.4444444444444446,1.9073486328125e-06,27,26,2.139830036195112,0.7361053361053362,0.7307692307692307,27,26,2.134590292377053,0.7361053361053362,0.7307692307692307,0,0,0,-0.005239743818058851,1.8992020658869782,0.12598535897306304,0.9772207568564723,0.05962798952919214,0.9772207568564723,0.05962798952919214,27,26,2.1317852008677245,0.7361053361053362,0.7307692307692307,0,0,0,-0.008044835327387753,0.764978875807818,0.05209717197532709,0.6400111233225974,0.04048590790632368,0.6400111233225974,0.04048590790632368,0.0028050915093289002,"[-0.030149743579047834, 0.03417025609180419]",604,82,0.03935860058309038,all targets for family; pattern-specific denominator unavailable,,
0.2,recent_vs_earlier_V,5,all,84,28,1.2380952380952381,1.2619047619047619,2.5,1.9073486328125e-06,84,82,2.443069551880295,0.6452854344667917,0.6463414634146342,84,82,2.442474112399975,0.6602259529088799,0.6585365853658537,3,2,1,-0.0005954394803204103,1.8065437828340536,0.11848963228735764,0.589820917437184,0.05309786792983827,0.589820917437184,0.05309786792983827,84,82,2.438736365758042,0.6341463414634146,0.6341463414634146,1,0,1,-0.0043331861222527124,0.7616645918734529,0.05014871810484953,0.33539210042385575,0.03234826766486142,0.33539210042385575,0.03234826766486142,0.0037377466419323026,"[-0.015619143960345477, 0.02458710101193545]",604,82,0.12244897959183673,all targets for family; pattern-specific denominator unavailable,,
0.2,recent_vs_earlier_V,6,all,79,29,1.2531645569620253,1.3544303797468353,2.607594936708861,1.9073486328125e-06,79,79,0.5783757306477784,0.9240506329113924,0.9240506329113924,79,79,0.5870905643635127,0.9240506329113924,0.9240506329113924,0,0,0,0.008714833715734355,1.7758856507624279,0.1167421066535156,0.3140427079996537,0.06158728575729566,0.3140427079996537,0.06158728575729566,79,79,0.5795572871374016,0.9240506329113924,0.9240506329113924,0,0,0,0.001181556489623098,0.7522841798065275,0.048916570277273135,0.22522866953981088,0.044946426941222986,0.22522866953981088,0.044946426941222986,0.007533277226111258,"[-0.006267539831217756, 0.022010494548932936]",604,82,0.1151603498542274,all targets for family; pattern-specific denominator unavailable,,
0.2,recent_vs_earlier_V,7,all,303,31,1.2673267326732673,1.2508250825082508,2.5181518151815183,1.9073486328125e-06,303,289,0.9472721776187275,0.8857602825737145,0.8858131487889274,303,289,0.9402007888938019,0.8891680310574731,0.889273356401384,1,1,0,-0.007071388724925572,1.8322049536266862,0.1218428981282106,0.0,0.0,0.0,0.0,303,289,0.9497379124341423,0.8857602825737145,0.8858131487889274,0,0,0,0.0024657348154148483,0.759636678313789,0.05081597766000796,0.0,0.0,0.0,0.0,-0.009537123540340421,"[-0.019133154305813804, -0.0008741599669078808]",604,82,0.44169096209912534,all targets for family; pattern-specific denominator unavailable,,
0.2,recent_vs_earlier_V,all,all,604,31,1.2615894039735098,1.2615894039735098,2.5231788079470197,1.9073486328125e-06,604,582,1.1494049172631404,0.8466865618822614,0.8470790378006873,604,582,1.1466904425957383,0.8502464207264594,0.8505154639175257,4,3,1,-0.0027144746674019875,1.8217063770117286,0.12076595565343028,0.5834266293114578,0.05483688816731345,0.5834266293114578,0.05483688816731345,604,582,1.1506871761164412,0.8450237418109797,0.845360824742268,1,0,1,0.001282258853300769,0.7679503054137521,0.05097007019848487,0.3054291993487753,0.029821750326692615,0.3054291993487753,0.029821750326692615,-0.003996733520702757,"[-0.010882755532087517, 0.0017890803198988895]",604,82,0.880466472303207,all targets for family; pattern-specific denominator unavailable,,
0.2,remove_T_vs_A,1,all,19,14,0.0,1.5263157894736843,1.5263157894736843,1.430511474609375e-06,19,19,1.1415113146448819,0.8941520467836256,0.8947368421052632,19,19,1.215542718020989,0.8394515701017248,0.8421052631578947,1,0,1,0.07403140337610732,4.879768597564853,0.3236422887916185,7.016277389775607,0.33817765843282566,7.016277389775607,0.33817765843282566,19,19,1.1389767230501353,0.8941520467836256,0.8947368421052632,0,0,0,-0.002534591594746619,1.1094217913006152,0.06802422894965625,0.9261579886734417,0.0413399325887027,0.9261579886734417,0.0413399325887027,0.07656599497085394,"[-0.06995960029974892, 0.30050094471808253]",639,47,0.027696793002915453,all targets for family; pattern-specific denominator unavailable,,
0.2,remove_T_vs_A,1,exact_lag,19,14,0.0,1.5263157894736843,1.5263157894736843,1.430511474609375e-06,19,19,1.1415113146448819,0.8941520467836256,0.8947368421052632,19,19,1.215542718020989,0.8394515701017248,0.8421052631578947,1,0,1,0.07403140337610732,4.879768597564853,0.3236422887916185,7.016277389775607,0.33817765843282566,7.016277389775607,0.33817765843282566,19,19,1.1389767230501353,0.8941520467836256,0.8947368421052632,0,0,0,-0.002534591594746619,1.1094217913006152,0.06802422894965625,0.9261579886734417,0.0413399325887027,0.9261579886734417,0.0413399325887027,0.07656599497085394,"[-0.06995960029974892, 0.30050094471808253]",639,47,0.027696793002915453,all targets for family; pattern-specific denominator unavailable,,
0.2,remove_T_vs_A,2,all,20,14,0.0,2.2,2.2,1.9073486328125e-06,20,20,1.1917977956253576,0.6703296703296703,0.7,20,20,1.1598590134296056,0.6703296703296703,0.7,0,0,0,-0.03193878219575193,6.600956145959058,0.5145916821433331,1.4667988673731442,0.11216021828134452,1.4667988673731442,0.11216021828134452,20,20,1.1894068684499541,0.6703296703296703,0.7,0,0,0,-0.002390927175403723,1.0044483956036967,0.07304630671595608,1.2122105446432694,0.09245199662571915,1.2122105446432694,0.09245199662571915,-0.0295478550203482,"[-0.14866142419663947, 0.05832601292966448]",639,47,0.029154518950437316,all targets for family; pattern-specific denominator unavailable,,
0.2,remove_T_vs_A,2,exact_lag,20,14,0.0,2.2,2.2,1.9073486328125e-06,20,20,1.1917977956253576,0.6703296703296703,0.7,20,20,1.1598590134296056,0.6703296703296703,0.7,0,0,0,-0.03193878219575193,6.600956145959058,0.5145916821433331,1.4667988673731442,0.11216021828134452,1.4667988673731442,0.11216021828134452,20,20,1.1894068684499541,0.6703296703296703,0.7,0,0,0,-0.002390927175403723,1.0044483956036967,0.07304630671595608,1.2122105446432694,0.09245199662571915,1.2122105446432694,0.09245199662571915,-0.0295478550203482,"[-0.14866142419663947, 0.05832601292966448]",639,47,0.029154518950437316,all targets for family; pattern-specific denominator unavailable,,
0.2,remove_T_vs_A,3,all,77,31,0.0,1.4675324675324675,1.4675324675324675,1.9073486328125e-06,77,72,0.7593708760315208,0.8888888888888888,0.8888888888888888,77,72,0.7833541996559725,0.9023473188558577,0.9027777777777778,1,1,0,0.023983323624451564,6.954566203184792,0.49291710834391583,1.2130835249288476,0.12917275105897233,1.2130835249288476,0.12917275105897233,77,72,0.7622478364425368,0.8888888888888888,0.8888888888888888,0,0,0,0.002876960411015821,1.3601210867247207,0.09222336191009489,0.827810460643282,0.08885362993458788,0.827810460643282,0.08885362993458788,0.02110636321343574,"[-0.013004022564711545, 0.06262041801274912]",639,47,0.11224489795918367,all targets for family; pattern-specific denominator unavailable,,
0.2,remove_T_vs_A,3,exact_lag,77,31,0.0,1.4675324675324675,1.4675324675324675,1.9073486328125e-06,77,72,0.7593708760315208,0.8888888888888888,0.8888888888888888,77,72,0.7833541996559725,0.9023473188558577,0.9027777777777778,1,1,0,0.023983323624451564,6.954566203184792,0.49291710834391583,1.2130835249288476,0.12917275105897233,1.2130835249288476,0.12917275105897233,77,72,0.7622478364425368,0.8888888888888888,0.8888888888888888,0,0,0,0.002876960411015821,1.3601210867247207,0.09222336191009489,0.827810460643282,0.08885362993458788,0.827810460643282,0.08885362993458788,0.02110636321343574,"[-0.013004022564711545, 0.06262041801274912]",639,47,0.11224489795918367,all targets for family; pattern-specific denominator unavailable,,
0.2,remove_T_vs_A,4,all,29,18,0.0,1.4137931034482758,1.4137931034482758,1.9073486328125e-06,29,28,2.254251351956052,0.6945701357466063,0.6785714285714286,29,28,2.48229549730767,0.7660028449502134,0.75,8,5,3,0.22804414535161802,8.43273973655838,0.6052682064148615,11.901276482646002,0.7690589869524895,11.901276482646002,0.7690589869524895,29,28,2.2772794164232133,0.6945701357466063,0.6785714285714286,0,0,0,0.023028064467161373,1.5646916393930197,0.11279310946682122,1.8048050900400545,0.11425390190358575,1.8048050900400545,0.11425390190358575,0.2050160808844565,"[-0.5104867036670946, 0.8831449280084829]",639,47,0.04227405247813411,all targets for family; pattern-specific denominator unavailable,,
0.2,remove_T_vs_A,4,exact_lag,29,18,0.0,1.4137931034482758,1.4137931034482758,1.9073486328125e-06,29,28,2.254251351956052,0.6945701357466063,0.6785714285714286,29,28,2.48229549730767,0.7660028449502134,0.75,8,5,3,0.22804414535161802,8.43273973655838,0.6052682064148615,11.901276482646002,0.7690589869524895,11.901276482646002,0.7690589869524895,29,28,2.2772794164232133,0.6945701357466063,0.6785714285714286,0,0,0,0.023028064467161373,1.5646916393930197,0.11279310946682122,1.8048050900400545,0.11425390190358575,1.8048050900400545,0.11425390190358575,0.2050160808844565,"[-0.5104867036670946, 0.8831449280084829]",639,47,0.04227405247813411,all targets for family; pattern-specific denominator unavailable,,
0.2,remove_T_vs_A,5,all,90,28,0.011111111111111112,1.6777777777777778,1.6666666666666667,1.9073486328125e-06,90,87,2.5702253668667683,0.632183908045977,0.632183908045977,90,87,2.4989264846707617,0.6196314592041404,0.6206896551724138,19,9,10,-0.07129888219600643,6.809527827398435,0.48210283155879063,7.323240716484024,0.7246952246632097,7.323240716484024,0.7246952246632097,90,87,2.5599651450534653,0.6426840980402531,0.6436781609195402,1,1,0,-0.010260221813302727,1.406685649716285,0.09574121396772813,1.0139425362233385,0.09559741248423043,1.0139425362233385,0.09559741248423043,-0.06103866038270368,"[-0.4457503283262408, 0.35738967877501276]",639,47,0.13119533527696792,all targets for family; pattern-specific denominator unavailable,,
0.2,remove_T_vs_A,5,exact_lag,89,28,0.0,1.6741573033707866,1.6741573033707866,1.9073486328125e-06,89,86,2.586011718656272,0.6405084213484075,0.6395348837209303,89,86,2.5244008788647663,0.6151204587631451,0.6162790697674418,18,8,10,-0.06161083979150578,6.79053065127448,0.47984042072357264,7.305275214756233,0.7216451866651145,7.305275214756233,0.7216451866651145,89,86,2.576223296400333,0.6511627906976745,0.6511627906976745,1,1,0,-0.00978842225593904,1.3850898651620933,0.09380974341843808,1.0232861579061343,0.09644277355033702,1.0232861579061343,0.09644277355033702,-0.05182241753556676,"[-0.440775582476016, 0.36121530748546743]",639,47,0.12973760932944606,all targets for family; pattern-specific denominator unavailable,,
0.2,remove_T_vs_A,6,all,83,29,0.0,1.6024096385542168,1.6024096385542168,1.9073486328125e-06,83,82,0.5656427073949379,0.9142842289219745,0.9146341463414634,83,82,0.6051686068857467,0.9016002064782553,0.9024390243902439,3,1,2,0.03952589949080885,6.997863257149976,0.4957885989093051,0.6446641375159453,0.128466436697787,0.6446641375159453,0.128466436697787,83,82,0.5648137702096938,0.9142842289219745,0.9146341463414634,0,0,0,-0.0008289371852441575,1.329820261046569,0.09082950534455742,1.0203389098796867,0.2120470120229924,1.0203389098796867,0.2120470120229924,0.040354836676053,"[-0.016200103832353353, 0.12277819589969699]",639,47,0.12099125364431487,all targets for family; pattern-specific denominator unavailable,,
0.2,remove_T_vs_A,6,exact_lag,83,29,0.0,1.6024096385542168,1.6024096385542168,1.9073486328125e-06,83,82,0.5656427073949379,0.9142842289219745,0.9146341463414634,83,82,0.6051686068857467,0.9016002064782553,0.9024390243902439,3,1,2,0.03952589949080885,6.997863257149976,0.4957885989093051,0.6446641375159453,0.128466436697787,0.6446641375159453,0.128466436697787,83,82,0.5648137702096938,0.9142842289219745,0.9146341463414634,0,0,0,-0.0008289371852441575,1.329820261046569,0.09082950534455742,1.0203389098796867,0.2120470120229924,1.0203389098796867,0.2120470120229924,0.040354836676053,"[-0.016200103832353353, 0.12277819589969699]",639,47,0.12099125364431487,all targets for family; pattern-specific denominator unavailable,,
0.2,remove_T_vs_A,7,all,321,31,0.009345794392523364,1.604361370716511,1.5950155763239875,1.9073486328125e-06,321,306,1.0092692903593734,0.8790391716233878,0.8790849673202614,321,306,0.9769010591665451,0.8790391716233878,0.8790849673202614,6,3,3,-0.032368231192828084,7.010740280487756,0.5086038909312557,0.0,0.0,0.0,0.0,321,306,1.0110924795333014,0.8823529411764706,0.8823529411764706,1,1,0,0.001823189173928072,1.4314384842440162,0.09922507820769845,0.0,0.0,0.0,0.0,-0.03419142036675616,"[-0.06482502355897499, -0.007380624972158422]",639,47,0.4679300291545189,all targets for family; pattern-specific denominator unavailable,,
0.2,remove_T_vs_A,7,exact_lag,319,31,0.0,1.5956112852664577,1.5956112852664577,1.9073486328125e-06,319,304,1.0147150969698229,0.8782427599907424,0.8782894736842105,319,304,0.982786195741765,0.8782427599907424,0.8782894736842105,6,3,3,-0.03192890122805793,7.0017190142078105,0.5080230280469951,0.0,0.0,0.0,0.0,319,304,1.0165926112164654,0.881578947368421,0.881578947368421,1,1,0,0.0018775142466425745,1.4248116730322848,0.0987664180004631,0.0,0.0,0.0,0.0,-0.0338064154747005,"[-0.0646069729752375, -0.006696304039821356]",639,47,0.4650145772594752,all targets for family; pattern-specific denominator unavailable,,
0.2,remove_T_vs_A,all,all,639,31,0.006259780907668232,1.6056338028169015,1.5993740219092332,1.9073486328125e-06,639,614,1.2075330007653526,0.8351340660027576,0.8355048859934854,639,614,1.2008058727555082,0.8350193367297678,0.8355048859934854,38,19,19,-0.006727128009844394,6.962306042447907,0.5003912206527644,2.0560070188839443,0.18279010452991995,2.0560070188839443,0.18279010452991995,639,614,1.2081376737115905,0.8383987379630989,0.8387622149837134,2,2,0,0.0006046729462379317,1.3892674597036725,0.09566884793637356,0.5224803185265564,0.061022316797114375,0.5224803185265564,0.061022316797114375,-0.0073318009560823265,"[-0.08446865955489144, 0.06861316214191576]",639,47,0.9314868804664723,all targets for family; pattern-specific denominator unavailable,,
0.2,remove_T_vs_A,all,exact_lag,636,31,0.0,1.60062893081761,1.60062893081761,1.9073486328125e-06,636,611,1.2109544357853366,0.8360144033759332,0.8363338788870703,636,611,1.2059855404693827,0.8341998185131448,0.8346972176759411,37,18,19,-0.004968895315953887,6.9552107234551945,0.49978620999887047,2.051676595434879,0.1820860506102597,2.051676595434879,0.1820860506102597,636,611,1.21166563030564,0.8392941153084147,0.839607201309329,2,2,0,0.0007111945203031122,1.3827615825952468,0.09515721537101367,0.5246581184465645,0.061278144898986406,0.5246581184465645,0.061278144898986406,-0.005680089836256999,"[-0.08431165922737505, 0.07074063907053244]",639,47,0.9271137026239067,all targets for family; pattern-specific denominator unavailable,,
0.2,remove_T_vs_V,1,all,19,14,0.0,1.3157894736842106,1.3157894736842106,1.430511474609375e-06,19,19,1.1415113146448819,0.8941520467836256,0.8947368421052632,19,19,1.662023050216292,0.7215865751334858,0.7368421052631579,3,0,3,0.5205117355714104,6.32188349836317,0.4251067512091644,8.846365444956026,0.43182856969573546,8.846365444956026,0.43182856969573546,19,19,1.1187283875078402,0.8941520467836256,0.8947368421052632,0,0,0,-0.02278292713704164,1.63164604133753,0.10110809611103226,2.536849477213393,0.11357444682265298,2.536849477213393,0.11357444682265298,0.5432946627084521,"[0.016847086613715263, 1.0248797597493178]",641,45,0.027696793002915453,all targets for family; pattern-specific denominator unavailable,,
0.2,remove_T_vs_V,1,exact_lag,19,14,0.0,1.3157894736842106,1.3157894736842106,1.430511474609375e-06,19,19,1.1415113146448819,0.8941520467836256,0.8947368421052632,19,19,1.662023050216292,0.7215865751334858,0.7368421052631579,3,0,3,0.5205117355714104,6.32188349836317,0.4251067512091644,8.846365444956026,0.43182856969573546,8.846365444956026,0.43182856969573546,19,19,1.1187283875078402,0.8941520467836256,0.8947368421052632,0,0,0,-0.02278292713704164,1.63164604133753,0.10110809611103226,2.536849477213393,0.11357444682265298,2.536849477213393,0.11357444682265298,0.5432946627084521,"[0.016847086613715263, 1.0248797597493178]",641,45,0.027696793002915453,all targets for family; pattern-specific denominator unavailable,,
0.2,remove_T_vs_V,2,all,20,14,0.0,1.8,1.8,1.9073486328125e-06,20,20,1.1917977956253576,0.6703296703296703,0.7,20,20,1.1497043627938672,0.6703296703296703,0.7,0,0,0,-0.04209343283149054,6.916105951531966,0.5498785378800604,1.5377777645092732,0.117570108274654,1.5377777645092732,0.117570108274654,20,20,1.155171593168555,0.6703296703296703,0.7,0,0,0,-0.03662620245680235,1.3502955433375874,0.0963539022176697,2.1962595833261007,0.1654567729140837,2.1962595833261007,0.1654567729140837,-0.005467230374688192,"[-0.1462047598336807, 0.1135259899524132]",641,45,0.029154518950437316,all targets for family; pattern-specific denominator unavailable,,
0.2,remove_T_vs_V,2,exact_lag,20,14,0.0,1.8,1.8,1.9073486328125e-06,20,20,1.1917977956253576,0.6703296703296703,0.7,20,20,1.1497043627938672,0.6703296703296703,0.7,0,0,0,-0.04209343283149054,6.916105951531966,0.5498785378800604,1.5377777645092732,0.117570108274654,1.5377777645092732,0.117570108274654,20,20,1.155171593168555,0.6703296703296703,0.7,0,0,0,-0.03662620245680235,1.3502955433375874,0.0963539022176697,2.1962595833261007,0.1654567729140837,2.1962595833261007,0.1654567729140837,-0.005467230374688192,"[-0.1462047598336807, 0.1135259899524132]",641,45,0.029154518950437316,all targets for family; pattern-specific denominator unavailable,,
0.2,remove_T_vs_V,3,all,77,31,0.012987012987012988,1.4025974025974026,1.4155844155844155,1.9073486328125e-06,77,72,0.7593708760315208,0.8888888888888888,0.8888888888888888,77,72,0.7902177038885826,0.8878486997635934,0.8888888888888888,2,1,1,0.030846827857061727,7.036695763113707,0.49539483698196635,1.4163615482860776,0.15143700791520937,1.4163615482860776,0.15143700791520937,77,72,0.7569495389285568,0.8888888888888888,0.8888888888888888,0,0,0,-0.0024213371029641662,1.9397929820814535,0.12979668152057364,2.339639540624973,0.25826951536943876,2.339639540624973,0.25826951536943876,0.0332681649600259,"[-0.0222289362183977, 0.08635980866824969]",641,45,0.11224489795918367,all targets for family; pattern-specific denominator unavailable,,
0.2,remove_T_vs_V,3,exact_lag,76,31,0.0,1.4078947368421053,1.4078947368421053,1.9073486328125e-06,76,71,0.7444333073668087,0.9018333227115334,0.9014084507042254,76,71,0.7681617757618051,0.9009324765799095,0.9014084507042254,2,1,1,0.02372846839499629,7.002274093913868,0.49124813565939146,1.4305203039904453,0.15259520123176643,1.4305203039904453,0.15259520123176643,76,71,0.7450103430397923,0.9018333227115334,0.9014084507042254,0,0,0,0.000577035672983486,1.8987924575251234,0.1259184795219764,2.299649259150359,0.24847884687860056,2.299649259150359,0.24847884687860056,0.02315143272201281,"[-0.03707343763991383, 0.07720597707516644]",641,45,0.11078717201166181,all targets for family; pattern-specific denominator unavailable,,
0.2,remove_T_vs_V,4,all,30,18,0.0,1.4333333333333333,1.4333333333333333,1.9073486328125e-06,30,29,2.186957236154281,0.7056844604957205,0.6896551724137931,30,29,2.1842724246694885,0.7105961189445764,0.6896551724137931,10,5,5,-0.0026848114847922784,8.167928332971123,0.5803571247201222,12.021593480058689,0.7659776708064534,12.021593480058689,0.7659776708064534,30,29,2.179299635247133,0.7056844604957205,0.6896551724137931,0,0,0,-0.007657600907147806,2.01623932842345,0.14883304401825181,1.2479774704193995,0.08105793841035215,1.2479774704193995,0.08105793841035215,0.00497278942235552,"[-0.7628700690132634, 0.7867432542626468]",641,45,0.043731778425655975,all targets for family; pattern-specific denominator unavailable,,
0.2,remove_T_vs_V,4,exact_lag,30,18,0.0,1.4333333333333333,1.4333333333333333,1.9073486328125e-06,30,29,2.186957236154281,0.7056844604957205,0.6896551724137931,30,29,2.1842724246694885,0.7105961189445764,0.6896551724137931,10,5,5,-0.0026848114847922784,8.167928332971123,0.5803571247201222,12.021593480058689,0.7659776708064534,12.021593480058689,0.7659776708064534,30,29,2.179299635247133,0.7056844604957205,0.6896551724137931,0,0,0,-0.007657600907147806,2.01623932842345,0.14883304401825181,1.2479774704193995,0.08105793841035215,1.2479774704193995,0.08105793841035215,0.00497278942235552,"[-0.7628700690132634, 0.7867432542626468]",641,45,0.043731778425655975,all targets for family; pattern-specific denominator unavailable,,
0.2,remove_T_vs_V,5,all,92,28,0.0,1.4891304347826086,1.4891304347826086,1.9073486328125e-06,92,89,2.555921479694262,0.628227479910184,0.6292134831460674,92,89,2.4446106890681922,0.6196794101712482,0.6179775280898876,25,12,13,-0.11131079062606958,7.367449451699969,0.5149472174975259,7.885626322688628,0.7629291805065013,7.885626322688628,0.7629291805065013,92,89,2.5488883581196795,0.63009200852495,0.6292134831460674,2,1,1,-0.007033121574582065,1.9223614419153279,0.13174933315608187,0.7888348512960542,0.07338434293055598,0.7888348512960542,0.07338434293055598,-0.10427766905148753,"[-0.5246579125214702, 0.3729443915783321]",641,45,0.13411078717201166,all targets for family; pattern-specific denominator unavailable,,
0.2,remove_T_vs_V,5,exact_lag,92,28,0.0,1.4891304347826086,1.4891304347826086,1.9073486328125e-06,92,89,2.555921479694262,0.628227479910184,0.6292134831460674,92,89,2.4446106890681922,0.6196794101712482,0.6179775280898876,25,12,13,-0.11131079062606958,7.367449451699969,0.5149472174975259,7.885626322688628,0.7629291805065013,7.885626322688628,0.7629291805065013,92,89,2.5488883581196795,0.63009200852495,0.6292134831460674,2,1,1,-0.007033121574582065,1.9223614419153279,0.13174933315608187,0.7888348512960542,0.07338434293055598,0.7888348512960542,0.07338434293055598,-0.10427766905148753,"[-0.5246579125214702, 0.3729443915783321]",641,45,0.13411078717201166,all targets for family; pattern-specific denominator unavailable,,
0.2,remove_T_vs_V,6,all,83,29,0.012048192771084338,1.6024096385542168,1.6144578313253013,1.9073486328125e-06,83,82,0.5656427073949379,0.9142842289219745,0.9146341463414634,83,82,0.5927119642071846,0.888760959336032,0.8902439024390244,2,0,2,0.027069256812246808,6.72570667391442,0.4728981182522691,0.5689682426733162,0.11331802567912723,0.5689682426733162,0.11331802567912723,83,82,0.5685661760695303,0.9142842289219745,0.9146341463414634,0,0,0,0.0029234686745923445,1.6790506300004464,0.11312606284339266,0.3543388006500174,0.07223209071644551,0.3543388006500174,0.07223209071644551,0.024145788137654466,"[-0.00988265965347534, 0.06980382960248747]",641,45,0.12099125364431487,all targets for family; pattern-specific denominator unavailable,,
0.2,remove_T_vs_V,6,exact_lag,82,29,0.0,1.5975609756097562,1.5975609756097562,1.9073486328125e-06,82,81,0.5675414536618685,0.9259259259259259,0.9259259259259259,82,81,0.5939651006339633,0.9003200731595793,0.9012345679012346,2,0,2,0.02642364697209484,6.760082566083823,0.4743186852090022,0.5725002126798759,0.11398013495259006,0.5725002126798759,0.11398013495259006,82,81,0.5711291754474783,0.9259259259259259,0.9259259259259259,0,0,0,0.00358772178560986,1.646047099145729,0.10962687346498774,0.3527652286462865,0.07186742235684121,0.3527652286462865,0.07186742235684121,0.022835925186484977,"[-0.011056198382630946, 0.06980382960248747]",641,45,0.119533527696793,all targets for family; pattern-specific denominator unavailable,,
0.2,remove_T_vs_V,7,all,320,31,0.003125,1.503125,1.50625,1.9073486328125e-06,320,306,1.0169252907943764,0.8790391716233878,0.8790849673202614,320,306,1.0028889840430666,0.8757201646090534,0.8758169934640523,5,2,3,-0.014036306751310151,7.028695604363089,0.5086987927108593,0.0,0.0,0.0,0.0,320,306,1.0141715011312362,0.8790391716233878,0.8790849673202614,0,0,0,-0.002753789663140359,1.7536732482355035,0.121639448895874,0.0,0.0,0.0,0.0,-0.011282517088169788,"[-0.04470168049497402, 0.01906648876624716]",641,45,0.46647230320699706,all targets for family; pattern-specific denominator unavailable,,
0.2,remove_T_vs_V,7,exact_lag,319,31,0.0,1.5047021943573669,1.5047021943573669,1.9073486328125e-06,319,305,1.0198390682421201,0.8786436281597692,0.8786885245901639,319,305,1.0049312852307846,0.8753148326725955,0.8754098360655738,5,2,3,-0.014907783011335623,7.02100419454523,0.5076336855262006,0.0,0.0,0.0,0.0,319,305,1.0172713361415475,0.8786436281597692,0.8786885245901639,0,0,0,-0.0025677321005726484,1.7424350324250404,0.12052326759026084,0.0,0.0,0.0,0.0,-0.012340050910762974,"[-0.045272946817704475, 0.017816318910290733]",641,45,0.4650145772594752,all targets for family; pattern-specific denominator unavailable,,
0.2,remove_T_vs_V,all,all,641,31,0.0046801872074883,1.502340093603744,1.5070202808112325,1.9073486328125e-06,641,617,1.2123465824175788,0.8342545716655644,0.8346839546191248,641,617,1.2105635139886797,0.8226906325488885,0.8233387358184765,47,20,27,-0.001783068428898894,7.067898480711249,0.5055226469765618,2.2484338973375624,0.19468175578992583,2.2484338973375624,0.19468175578992583,641,617,1.2078735986017317,0.8343677370064343,0.8346839546191248,2,1,1,-0.004472983815846823,1.7866650850339292,0.12284320309069505,0.6422774216029169,0.06323270493408044,0.6422774216029169,0.06323270493408044,0.002689915386947923,"[-0.08097804058808693, 0.10162243367016138]",641,45,0.934402332361516,all targets for family; pattern-specific denominator unavailable,,
0.2,remove_T_vs_V,all,exact_lag,638,31,0.0,1.5031347962382444,1.5031347962382444,1.9073486328125e-06,638,614,1.2142980524085383,0.8368159566056944,0.8371335504885994,638,614,1.211071151321078,0.8252091671218639,0.8257328990228013,47,20,27,-0.003226901087460432,7.065017311381389,0.5047407413198454,2.2580352435368156,0.19540527598782195,2.2580352435368156,0.19540527598782195,638,614,1.2103431409362313,0.8369256778127636,0.8371335504885994,2,1,1,-0.003954911472306808,1.7719004426434568,0.12137961170918887,0.6361090197646053,0.061798853676909744,0.6361090197646053,0.061798853676909744,0.0007280103848463753,"[-0.08584140980010176, 0.10055913442170823]",641,45,0.9300291545189504,all targets for family; pattern-specific denominator unavailable,,
0.2,same_vs_other_speaker_A,all,all,0,,,,,,,,,,,,,,,,,,,,,,,,,,,,,,,,,,,,,,,,,,,,,,,unavailable,"{""speaker_unavailable"": 686}"
0.2,same_vs_other_speaker_T,all,all,0,,,,,,,,,,,,,,,,,,,,,,,,,,,,,,,,,,,,,,,,,,,,,,,unavailable,"{""speaker_unavailable"": 686}"
0.2,same_vs_other_speaker_V,all,all,0,,,,,,,,,,,,,,,,,,,,,,,,,,,,,,,,,,,,,,,,,,,,,,,unavailable,"{""speaker_unavailable"": 686}"
0.3,recent_vs_earlier_A,1,all,44,24,1.25,1.4545454545454546,2.7045454545454546,9.5367431640625e-07,44,43,2.652665224305506,0.7106197731698934,0.7209302325581395,44,43,2.6216085808903897,0.7106197731698934,0.7209302325581395,0,0,0,-0.031056643415116193,1.2773708279969194,0.08557159616191293,1.130772056675873,0.056387606361573625,1.130772056675873,0.056387606361573625,44,43,2.637482191893611,0.7106197731698934,0.7209302325581395,0,0,0,-0.015183032411894752,0.592867535343571,0.03954537083318596,0.7027103802921068,0.03492112483379931,0.7027103802921068,0.03492112483379931,-0.015873611003221443,"[-0.05921244876703374, 0.0281397898990418]",597,89,0.0641399416909621,all targets for family; pattern-specific denominator unavailable,,
0.3,recent_vs_earlier_A,2,all,32,18,1.21875,1.53125,2.75,1.9073486328125e-06,32,31,0.6216540075531087,0.9354838709677419,0.9354838709677419,32,31,0.6391237900472528,0.9354838709677419,0.9354838709677419,0,0,0,0.01746978249414405,1.1939967655128196,0.07884250791077799,1.4563069086918377,0.11127421248131761,1.4563069086918377,0.11127421248131761,32,31,0.6179141194627138,0.9354838709677419,0.9354838709677419,0,0,0,-0.003739888090394994,0.5297775444779802,0.033878368563742864,0.6260100532937607,0.048036389671227586,0.6260100532937607,0.048036389671227586,0.021209670584539042,"[0.004114020031938797, 0.04148008388327126]",597,89,0.04664723032069971,all targets for family; pattern-specific denominator unavailable,,
0.3,recent_vs_earlier_A,3,all,93,30,1.2688172043010753,1.3763440860215055,2.6451612903225805,1.9073486328125e-06,93,88,0.9475045188101453,0.839176074470192,0.8409090909090909,93,88,0.9539957059193525,0.839176074470192,0.8409090909090909,0,0,0,0.006491187109207023,1.31391941403128,0.0873816745355484,0.6967994122705781,0.0717744560166467,0.6967994122705781,0.0717744560166467,93,88,0.9484088004077192,0.839176074470192,0.8409090909090909,0,0,0,0.0009042815975737864,0.6382909656134971,0.0432284391566328,0.4643867861455906,0.04845656827466678,0.4643867861455906,0.04845656827466678,0.005586905511633236,"[0.0003373446889271301, 0.011681901385408528]",597,89,0.13556851311953352,all targets for family; pattern-specific denominator unavailable,,
0.3,recent_vs_earlier_A,4,all,37,22,1.2702702702702702,1.3243243243243243,2.5945945945945947,1.430511474609375e-06,37,37,2.7312462412303673,0.6756756756756757,0.6756756756756757,37,37,2.723349099672912,0.6756756756756757,0.6756756756756757,0,0,0,-0.007897141557454326,1.4988276577255106,0.09651402673929087,1.731238377740367,0.09149321190963665,1.731238377740367,0.09149321190963665,37,37,2.724147656114988,0.6756756756756757,0.6756756756756757,0,0,0,-0.007098585115378997,0.612931393127957,0.041435939973949766,0.7209963552469203,0.03999621593194549,0.7209963552469203,0.03999621593194549,-0.0007985564420753281,"[-0.046247088502486405, 0.041919813865360825]",597,89,0.05393586005830904,all targets for family; pattern-specific denominator unavailable,,
0.3,recent_vs_earlier_A,5,all,100,30,1.47,1.39,2.86,1.9073486328125e-06,100,94,2.1705161092954315,0.6817214700193424,0.6808510638297872,100,94,2.168238563926893,0.6923647181835085,0.6914893617021277,1,1,0,-0.002277545368538419,1.285674050492454,0.08590568120275888,0.7906755967620449,0.07671484253236548,0.7906755967620449,0.07671484253236548,100,94,2.1606343582134175,0.6923647181835085,0.6914893617021277,1,1,0,-0.009881751082013524,0.6004488863091576,0.04016152697489948,0.4357993425545466,0.04051112709042451,0.4357993425545466,0.04051112709042451,0.007604205713475105,"[-0.009957418670440706, 0.029854523605022616]",597,89,0.1457725947521866,all targets for family; pattern-specific denominator unavailable,,
0.3,recent_vs_earlier_A,6,all,72,26,1.3611111111111112,1.4027777777777777,2.763888888888889,1.9073486328125e-06,72,71,0.8539933367893329,0.8710650671437241,0.8732394366197183,72,71,0.8507925797958585,0.8710650671437241,0.8732394366197183,0,0,0,-0.0032007569934743175,1.2407493442115038,0.08089745400945038,0.9352073166873439,0.18242488055656253,0.9352073166873439,0.18242488055656253,72,71,0.853348654446364,0.8710650671437241,0.8732394366197183,0,0,0,-0.0006446823429690404,0.604421730224264,0.0396065223119892,0.46628653346276583,0.09216158258737481,0.46628653346276583,0.09216158258737481,-0.002556074650505277,"[-0.012755136543609312, 0.011109236246006215]",597,89,0.10495626822157435,all targets for family; pattern-specific denominator unavailable,,
0.3,recent_vs_earlier_A,7,all,219,31,1.461187214611872,1.447488584474886,2.9086757990867578,1.9073486328125e-06,219,211,0.8275591806039422,0.8913331407995272,0.8909952606635071,219,211,0.8310612060275704,0.8913331407995272,0.8909952606635071,0,0,0,0.0035020254236281805,1.4152969396146589,0.09762662801576853,0.0,0.0,0.0,0.0,219,211,0.8258465686929121,0.8913331407995272,0.8909952606635071,0,0,0,-0.0017126119110300736,0.6517702641726635,0.04491437784808231,0.0,0.0,0.0,0.0,0.0052146373346582545,"[0.0015796843222598965, 0.009382284926710215]",597,89,0.31924198250728864,all targets for family; pattern-specific denominator unavailable,,
0.3,recent_vs_earlier_A,all,all,597,31,1.3802345058626466,1.4187604690117253,2.798994974874372,1.9073486328125e-06,597,575,1.3158439213009168,0.822094517958412,0.8226086956521739,597,575,1.31553028883939,0.8239065237034129,0.8243478260869566,1,1,0,-0.0003136324615267689,1.3398906689733863,0.09008549673339775,0.6224731044675508,0.061822744359841135,0.6224731044675508,0.061822744359841135,597,575,1.3118641331080836,0.8239065237034129,0.8243478260869566,1,1,0,-0.00397978819283313,0.6220762401793605,0.0420126462043319,0.33160633058409184,0.03307665235598975,0.33160633058409184,0.03307665235598975,0.003666155731306362,"[-0.0025382907012301186, 0.010873262929565008]",597,89,0.8702623906705539,all targets for family; pattern-specific denominator unavailable,,
0.3,recent_vs_earlier_T,1,all,44,24,1.5,1.6818181818181819,3.1818181818181817,1.430511474609375e-06,44,43,2.652665224305506,0.7106197731698934,0.7209302325581395,44,43,2.4605426864707924,0.7853796479972988,0.7906976744186046,9,6,3,-0.19212253783471356,7.324675608079904,0.5040180606141222,10.387985470422757,0.5280408062593339,10.387985470422757,0.5280408062593339,44,43,2.5560016469897717,0.7313391436371334,0.7441860465116279,3,2,1,-0.09666357731573422,3.2923964717336798,0.22004149815773763,4.707150492713465,0.23083360639566627,4.707150492713465,0.23083360639566627,-0.09545896051897945,"[-0.8679986642693025, 0.7015718160317037]",581,105,0.0641399416909621,all targets for family; pattern-specific denominator unavailable,,
0.3,recent_vs_earlier_T,2,all,32,18,1.40625,1.59375,3.0,1.9073486328125e-06,32,31,0.6216540075531087,0.9354838709677419,0.9354838709677419,32,31,0.679198813071423,0.9354838709677419,0.9354838709677419,0,0,0,0.057544805518314285,6.616903293913518,0.4645341846389077,1.4683311712059886,0.11183402835899847,1.4683311712059886,0.11183402835899847,32,31,0.6203478256691077,0.9354838709677419,0.9354838709677419,0,0,0,-0.0013061818840010564,2.2182884848819624,0.1455303113114895,0.7537911886668585,0.05718257903761903,0.7537911886668585,0.05718257903761903,0.05885098740231534,"[-0.01026192476547709, 0.15106201303584652]",581,105,0.04664723032069971,all targets for family; pattern-specific denominator unavailable,,
0.3,recent_vs_earlier_T,3,all,91,31,1.5714285714285714,1.5494505494505495,3.120879120879121,1.9073486328125e-06,91,86,0.9825351178534206,0.8214920702652727,0.8255813953488372,91,86,0.9631209054531487,0.8465550967181048,0.8488372093023255,2,2,0,-0.019414212400272107,7.0040397337958336,0.4826882781034786,1.1387377190002805,0.11755915912563267,1.1387377190002805,0.11755915912563267,91,86,0.9975739385432321,0.8087158153174657,0.813953488372093,1,0,1,0.01503882068981138,2.845348105128439,0.18326993528763902,0.7411568874529554,0.07686521435045952,0.7411568874529554,0.07686521435045952,-0.034453033090083476,"[-0.10315397545966483, 0.022868553151399986]",581,105,0.1326530612244898,all targets for family; pattern-specific denominator unavailable,,
0.3,recent_vs_earlier_T,4,all,36,21,1.6111111111111112,1.2222222222222223,2.8333333333333335,1.430511474609375e-06,36,36,2.7119075157375203,0.6915839243498818,0.6944444444444444,36,36,2.715552053396323,0.7080808080808081,0.7222222222222222,9,5,4,0.0036445376588028675,8.074323159740441,0.5636460211075648,11.336218342215043,0.6633169603253951,11.336218342215043,0.6633169603253951,36,36,2.8446086666731807,0.6666666666666666,0.6666666666666666,1,0,1,0.13270115093566118,2.8526727498531756,0.18942655334538827,4.257751863329058,0.240863139486262,4.257751863329058,0.240863139486262,-0.12905661327685827,"[-0.9579298423145894, 0.7914457382646948]",581,105,0.052478134110787174,all targets for family; pattern-specific denominator unavailable,,
0.3,recent_vs_earlier_T,5,all,99,30,1.6565656565656566,1.5252525252525253,3.1818181818181817,1.9073486328125e-06,99,93,2.094016517035918,0.6778673835125448,0.6774193548387096,99,93,2.445771442739183,0.6120899972892382,0.6129032258064516,26,10,16,0.35175492570326494,8.622883868269959,0.6104837240728738,9.083617978980204,0.9364180636480685,9.083617978980204,0.9364180636480685,99,93,1.9930176272088929,0.6885327462577038,0.6881720430107527,3,2,1,-0.10099888982702566,3.3200854495426433,0.22410437275424336,3.5617666367888736,0.333601144941067,3.5617666367888736,0.333601144941067,0.4527538155302907,"[-0.006433904299060631, 0.9150117229407343]",581,105,0.14431486880466474,all targets for family; pattern-specific denominator unavailable,,
0.3,recent_vs_earlier_T,6,all,70,26,1.4857142857142858,1.6,3.085714285714286,1.9073486328125e-06,70,69,0.8350405277939074,0.8820885724385195,0.8840579710144928,70,69,0.880176326654233,0.8667650840516214,0.8695652173913043,3,1,2,0.04513579886032562,7.533149179524834,0.5257348263457681,0.5429202172691606,0.10472809231369923,0.5429202172691606,0.10472809231369923,70,69,0.8238159605921456,0.8820885724385195,0.8840579710144928,0,0,0,-0.011224567201761773,3.2112463197750323,0.2113132625243472,0.3741941607853347,0.072471674274944,0.3741941607853347,0.072471674274944,0.056360366062087386,"[-0.05521536268062072, 0.19193083292830876]",581,105,0.10204081632653061,all targets for family; pattern-specific denominator unavailable,,
0.3,recent_vs_earlier_T,7,all,209,31,1.4641148325358853,1.4976076555023923,2.9617224880382773,1.9073486328125e-06,209,202,0.8490382091437154,0.8865349955919288,0.8861386138613861,209,202,0.8508414633670079,0.8766684734694877,0.8762376237623762,8,3,5,0.0018032542232927055,8.222755017403452,0.594154375507297,0.0,0.0,0.0,0.0,209,202,0.8364555927382568,0.9012255443906672,0.900990099009901,3,3,0,-0.012582616405458668,2.9165032325609666,0.1996438227154799,0.0,0.0,0.0,0.0,0.014385870628751376,"[-0.0301731677686099, 0.054211580097398654]",581,105,0.30466472303207,all targets for family; pattern-specific denominator unavailable,,
0.3,recent_vs_earlier_T,all,all,581,31,1.5249569707401032,1.5249569707401032,3.0499139414802063,1.9073486328125e-06,581,560,1.319895046894182,0.818868895391347,0.8196428571428571,581,560,1.3717240930846553,0.812895771538939,0.8142857142857143,57,27,30,0.05182904619047332,7.85131088786508,0.5553792937197912,3.361565483741552,0.2778418815803153,3.361565483741552,0.2778418815803153,581,560,1.299992124809047,0.8241731069555119,0.825,11,7,4,-0.019902922085134993,2.995694406760969,0.20058439955150936,1.4298946159240429,0.11317015367714646,1.4298946159240429,0.11317015367714646,0.07173196827560832,"[-0.023718673823149128, 0.18347168962604293]",581,105,0.8469387755102041,all targets for family; pattern-specific denominator unavailable,,
0.3,recent_vs_earlier_V,1,all,44,24,1.4772727272727273,1.4318181818181819,2.909090909090909,9.5367431640625e-07,44,43,2.652665224305506,0.7106197731698934,0.7209302325581395,44,43,2.756731966149106,0.6623897353648757,0.6744186046511628,2,0,2,0.10406674184359982,1.9513621703010922,0.1336392295729413,2.998699379844436,0.1499641207438449,2.998699379844436,0.1499641207438449,44,43,2.70240634574444,0.7106197731698934,0.7209302325581395,0,0,0,0.04974112143893414,0.7804666697483746,0.0521242831693479,1.2213183899373883,0.060067888757494275,1.2213183899373883,0.060067888757494275,0.05432562040466568,"[-0.0765952982131827, 0.18891390928433405]",595,91,0.0641399416909621,all targets for family; pattern-specific denominator unavailable,,
0.3,recent_vs_earlier_V,2,all,32,18,1.5,1.5,3.0,1.9073486328125e-06,32,31,0.6216540075531087,0.9354838709677419,0.9354838709677419,32,31,0.6079334876695874,0.9354838709677419,0.9354838709677419,0,0,0,-0.01372051988352141,1.6452159559205235,0.10908155173853332,2.381552940984364,0.17977477091743505,2.381552940984364,0.17977477091743505,32,31,0.6168644617820356,0.9354838709677419,0.9354838709677419,0,0,0,-0.004789545771073156,0.6283409037923723,0.04001595035127874,0.9789734073962373,0.07411797536220313,0.9789734073962373,0.07411797536220313,-0.008930974112448253,"[-0.03934386787985755, 0.02553798592941856]",595,91,0.04664723032069971,all targets for family; pattern-specific denominator unavailable,,
0.3,recent_vs_earlier_V,3,all,95,31,1.4842105263157894,1.3578947368421053,2.8421052631578947,1.9073486328125e-06,95,90,1.012912239614337,0.8310484397440919,0.8333333333333334,95,90,1.0023814326898488,0.8191409897292249,0.8222222222222222,1,0,1,-0.010530806924488495,2.0124482123172114,0.13228862993813545,2.2084824901064737,0.23096824753975237,2.2084824901064737,0.23096824753975237,95,90,1.0140615650794236,0.8310484397440919,0.8333333333333334,0,0,0,0.0011493254650863482,0.8293542113721739,0.05642383545395089,0.9980717025420077,0.1069131410656325,0.9980717025420077,0.1069131410656325,-0.011680132389574844,"[-0.03457848232308975, 0.008849386978590184]",595,91,0.13848396501457727,all targets for family; pattern-specific denominator unavailable,,
0.3,recent_vs_earlier_V,4,all,37,22,1.2162162162162162,1.4594594594594594,2.675675675675676,1.430511474609375e-06,37,37,2.7312462412303673,0.6756756756756757,0.6756756756756757,37,37,2.7314027296954806,0.6756756756756757,0.6756756756756757,0,0,0,0.00015648846511354196,2.048744128137174,0.1316497126518702,1.1590329416378133,0.06368957952630454,1.1590329416378133,0.06368957952630454,37,37,2.716552857392435,0.6756756756756757,0.6756756756756757,0,0,0,-0.01469338383793198,0.912838677587681,0.060431158377370675,0.6336884133287738,0.03530988259052132,0.6336884133287738,0.03530988259052132,0.014849872303045525,"[-0.023930476239817384, 0.06545868812230828]",595,91,0.05393586005830904,all targets for family; pattern-specific denominator unavailable,,
0.3,recent_vs_earlier_V,5,all,102,30,1.4705882352941178,1.5784313725490196,3.049019607843137,1.9073486328125e-06,102,96,2.15590440966502,0.6776094276094277,0.6770833333333334,102,96,2.1539246162293892,0.6776094276094277,0.6770833333333334,0,0,0,-0.001979793435630771,1.8886558420359643,0.13032144625171554,0.5987571297216799,0.05704213835932605,0.5987571297216799,0.05704213835932605,102,96,2.143901437567392,0.6776094276094277,0.6770833333333334,0,0,0,-0.012002972097627867,0.8467900738478784,0.05843693711798488,0.38416771913904646,0.03600617535458408,0.38416771913904646,0.03600617535458408,0.010023178661997097,"[-0.01014181532414758, 0.03699748332382449]",595,91,0.14868804664723032,all targets for family; pattern-specific denominator unavailable,,
0.3,recent_vs_earlier_V,6,all,72,26,1.4861111111111112,1.4861111111111112,2.9722222222222223,1.9073486328125e-06,72,71,0.8539933367893329,0.8710650671437241,0.8732394366197183,72,71,0.8523113527113213,0.8710650671437241,0.8732394366197183,0,0,0,-0.0016819840780116471,1.6982047055012885,0.11223444197893245,0.29781648610851374,0.05793515752970938,0.29781648610851374,0.05793515752970938,72,71,0.8548169598318989,0.8710650671437241,0.8732394366197183,0,0,0,0.000823623042565971,0.6882407036219309,0.044892549831643716,0.208034261413312,0.04045007123723773,0.208034261413312,0.04045007123723773,-0.002505607120577618,"[-0.017999605506773878, 0.013135191426773841]",595,91,0.10495626822157435,all targets for family; pattern-specific denominator unavailable,,
0.3,recent_vs_earlier_V,7,all,213,31,1.5023474178403755,1.4788732394366197,2.9812206572769955,1.9073486328125e-06,213,206,0.8298889440728442,0.8887225025004005,0.8883495145631068,213,206,0.826441044197893,0.8887225025004005,0.8883495145631068,0,0,0,-0.003447899874950977,1.8509909665803537,0.12760847375760867,0.0,0.0,0.0,0.0,213,206,0.8320729122372118,0.8887225025004005,0.8883495145631068,0,0,0,0.0021839681643675926,0.7470024375403217,0.05093043699210775,0.0,0.0,0.0,0.0,-0.005631868039318571,"[-0.013611108215570532, 0.002983877079152322]",595,91,0.3104956268221574,all targets for family; pattern-specific denominator unavailable,,
0.3,recent_vs_earlier_V,all,all,595,31,1.4722689075630253,1.4739495798319329,2.946218487394958,1.9073486328125e-06,595,574,1.3311749360037095,0.8182932113879856,0.818815331010453,595,574,1.334683841823563,0.8129787792493187,0.813588850174216,3,0,3,0.003508905819853388,1.8733910412761203,0.12666128944472826,0.9132076242971314,0.07838544772374316,0.9132076242971314,0.07838544772374316,595,574,1.3326893183901558,0.8182932113879856,0.818815331010453,0,0,0,0.0015143823864461942,0.776552203244935,0.05245581571766728,0.4327596897521365,0.03876136367941734,0.4327596897521365,0.03876136367941734,0.001994523433407193,"[-0.010470137882912284, 0.014972653696473258]",595,91,0.8673469387755102,all targets for family; pattern-specific denominator unavailable,,
0.3,remove_T_vs_A,1,all,44,24,0.0,2.159090909090909,2.159090909090909,9.5367431640625e-07,44,43,2.652665224305506,0.7106197731698934,0.7209302325581395,44,43,2.5303257249843587,0.7853796479972988,0.7906976744186046,7,5,2,-0.12233949932114725,6.430475468367331,0.44665509610715826,9.255546112367457,0.472730060681551,9.255546112367457,0.472730060681551,44,43,2.6134093671424483,0.7106197731698934,0.7209302325581395,0,0,0,-0.03925585716305805,1.157002436648409,0.0780180304228163,1.1604634586213942,0.05793901498364233,1.1604634586213942,0.05793901498364233,-0.08308364215808921,"[-0.4782717836555835, 0.32440460645009506]",618,68,0.0641399416909621,all targets for family; pattern-specific denominator unavailable,,
0.3,remove_T_vs_A,1,exact_lag,44,24,0.0,2.159090909090909,2.159090909090909,9.5367431640625e-07,44,43,2.652665224305506,0.7106197731698934,0.7209302325581395,44,43,2.5303257249843587,0.7853796479972988,0.7906976744186046,7,5,2,-0.12233949932114725,6.430475468367331,0.44665509610715826,9.255546112367457,0.472730060681551,9.255546112367457,0.472730060681551,44,43,2.6134093671424483,0.7106197731698934,0.7209302325581395,0,0,0,-0.03925585716305805,1.157002436648409,0.0780180304228163,1.1604634586213942,0.05793901498364233,1.1604634586213942,0.05793901498364233,-0.08308364215808921,"[-0.4782717836555835, 0.32440460645009506]",618,68,0.0641399416909621,all targets for family; pattern-specific denominator unavailable,,
0.3,remove_T_vs_A,2,all,34,19,0.0,1.9411764705882353,1.9411764705882353,1.9073486328125e-06,34,33,0.6243213108571988,0.9393939393939394,0.9393939393939394,34,33,0.6250438751050348,0.9393939393939394,0.9393939393939394,0,0,0,0.0007225642478360694,5.4764342089216305,0.3851066411078068,1.3658879097230723,0.10875103773781504,1.3658879097230723,0.10875103773781504,34,33,0.6360572056766786,0.9393939393939394,0.9393939393939394,0,0,0,0.01173589481947978,1.1791240775193768,0.08267300250148718,1.4253062576292823,0.11816119054740509,1.4253062576292823,0.11816119054740509,-0.01101333057164371,"[-0.06025657033759796, 0.045143449904878515]",618,68,0.04956268221574344,all targets for family; pattern-specific denominator unavailable,,
0.3,remove_T_vs_A,2,exact_lag,34,19,0.0,1.9411764705882353,1.9411764705882353,1.9073486328125e-06,34,33,0.6243213108571988,0.9393939393939394,0.9393939393939394,34,33,0.6250438751050348,0.9393939393939394,0.9393939393939394,0,0,0,0.0007225642478360694,5.4764342089216305,0.3851066411078068,1.3658879097230723,0.10875103773781504,1.3658879097230723,0.10875103773781504,34,33,0.6360572056766786,0.9393939393939394,0.9393939393939394,0,0,0,0.01173589481947978,1.1791240775193768,0.08267300250148718,1.4253062576292823,0.11816119054740509,1.4253062576292823,0.11816119054740509,-0.01101333057164371,"[-0.06025657033759796, 0.045143449904878515]",618,68,0.04956268221574344,all targets for family; pattern-specific denominator unavailable,,
0.3,remove_T_vs_A,3,all,96,31,0.010416666666666666,1.90625,1.8958333333333333,1.9073486328125e-06,96,91,0.952462644537765,0.8322366632225787,0.8351648351648352,96,91,0.9362737037572734,0.8555270292105783,0.8571428571428571,2,2,0,-0.016188940780491486,6.286449265874221,0.43975976339111505,1.112456313641253,0.11801135111806939,1.112456313641253,0.11801135111806939,96,91,0.9549303466210346,0.8322366632225787,0.8351648351648352,0,0,0,0.0024677020832696156,1.2279630283027787,0.08285862335994161,0.7334189885072937,0.07825755047340714,0.7334189885072937,0.07825755047340714,-0.018656642863761102,"[-0.07684972993774454, 0.029224781130378023]",618,68,0.13994169096209913,all targets for family; pattern-specific denominator unavailable,,
0.3,remove_T_vs_A,3,exact_lag,95,31,0.0,1.894736842105263,1.894736842105263,1.9073486328125e-06,95,90,0.9605427794695223,0.8301344823083955,0.8333333333333334,95,90,0.9440105935269296,0.8537824295415716,0.8555555555555555,2,2,0,-0.016532185942592734,6.274894247227338,0.43797738540721054,1.10722577393116,0.11685116704743405,1.10722577393116,0.11685116704743405,95,90,0.9631193237591567,0.8301344823083955,0.8333333333333334,0,0,0,0.0025765442896343647,1.2253891277248894,0.08245231213721874,0.735658184327074,0.0783040330925775,0.735658184327074,0.0783040330925775,-0.0191087302322271,"[-0.07743303029032707, 0.029295261357581034]",618,68,0.13848396501457727,all targets for family; pattern-specific denominator unavailable,,
0.3,remove_T_vs_A,4,all,37,22,0.0,1.5405405405405406,1.5405405405405406,1.430511474609375e-06,37,37,2.7312462412303673,0.6756756756756757,0.6756756756756757,37,37,2.442944529613715,0.7480472800165895,0.7567567567567568,9,6,3,-0.2883017116166522,7.162295161744251,0.49542217437435293,10.066191670759299,0.5800772790983408,10.066191670759299,0.5800772790983408,37,37,2.7078711709391414,0.6756756756756757,0.6756756756756757,0,0,0,-0.023375070291225507,1.4269282139791561,0.09327087192203493,1.6659529539926066,0.08948631106098716,1.6659529539926066,0.08948631106098716,-0.26492664132542665,"[-0.9344958320148111, 0.41160911974001296]",618,68,0.05393586005830904,all targets for family; pattern-specific denominator unavailable,,
0.3,remove_T_vs_A,4,exact_lag,37,22,0.0,1.5405405405405406,1.5405405405405406,1.430511474609375e-06,37,37,2.7312462412303673,0.6756756756756757,0.6756756756756757,37,37,2.442944529613715,0.7480472800165895,0.7567567567567568,9,6,3,-0.2883017116166522,7.162295161744251,0.49542217437435293,10.066191670759299,0.5800772790983408,10.066191670759299,0.5800772790983408,37,37,2.7078711709391414,0.6756756756756757,0.6756756756756757,0,0,0,-0.023375070291225507,1.4269282139791561,0.09327087192203493,1.6659529539926066,0.08948631106098716,1.6659529539926066,0.08948631106098716,-0.26492664132542665,"[-0.9344958320148111, 0.41160911974001296]",618,68,0.05393586005830904,all targets for family; pattern-specific denominator unavailable,,
0.3,remove_T_vs_A,5,all,106,30,0.009433962264150943,1.8113207547169812,1.8018867924528301,1.9073486328125e-06,106,100,2.0724685542467505,0.6802564102564103,0.68,106,100,2.3753763175504368,0.62,0.62,28,11,17,0.30290776330368624,8.096062998537741,0.5776539967283103,8.56594891794643,0.8641229143716822,8.56594891794643,0.8641229143716822,106,100,2.060985150104063,0.6902792513261936,0.69,1,1,0,-0.011483404142687212,1.3655250623549067,0.09497822140468522,0.9849099237171351,0.0935982659096052,0.9849099237171351,0.0935982659096052,0.31439116744637335,"[0.006424950796810099, 0.621936635019392]",618,68,0.15451895043731778,all targets for family; pattern-specific denominator unavailable,,
0.3,remove_T_vs_A,5,exact_lag,105,30,0.0,1.8095238095238095,1.8095238095238095,1.9073486328125e-06,105,99,2.0741801119975447,0.6770983153961877,0.6767676767676768,105,99,2.3720282142143585,0.6161616161616161,0.6161616161616161,28,11,17,0.2978481022168139,8.093124274483086,0.5761528807452488,8.563218224326272,0.8629037766358109,8.563218224326272,0.8629037766358109,105,99,2.0627774589264587,0.6872527007427366,0.6868686868686869,1,1,0,-0.011402653071086155,1.3443760080093847,0.0928948400755472,0.9919155444547925,0.09422356708143984,0.9919155444547925,0.09422356708143984,0.3092507552879,"[-0.005769551967499754, 0.6194950876440211]",618,68,0.15306122448979592,all targets for family; pattern-specific denominator unavailable,,
0.3,remove_T_vs_A,6,all,75,27,0.0,1.8933333333333333,1.8933333333333333,1.9073486328125e-06,75,74,0.9163958019741991,0.861998361998362,0.8648648648648649,75,74,0.9332314492159636,0.8475296854653169,0.8513513513513513,3,1,2,0.016835647241764506,6.609600061457462,0.45607144816776457,0.6027486819952937,0.12079322681112302,0.6027486819952937,0.12079322681112302,75,74,0.9125189368829816,0.861998361998362,0.8648648648648649,0,0,0,-0.003876865091217354,1.2461269636737788,0.0842736731483424,0.9413176495706459,0.20020114685187151,0.9413176495706459,0.20020114685187151,0.02071251233298186,"[-0.07406917805758415, 0.1563368724811849]",618,68,0.10932944606413994,all targets for family; pattern-specific denominator unavailable,,
0.3,remove_T_vs_A,6,exact_lag,75,27,0.0,1.8933333333333333,1.8933333333333333,1.9073486328125e-06,75,74,0.9163958019741991,0.861998361998362,0.8648648648648649,75,74,0.9332314492159636,0.8475296854653169,0.8513513513513513,3,1,2,0.016835647241764506,6.609600061457462,0.45607144816776457,0.6027486819952937,0.12079322681112302,0.6027486819952937,0.12079322681112302,75,74,0.9125189368829816,0.861998361998362,0.8648648648648649,0,0,0,-0.003876865091217354,1.2461269636737788,0.0842736731483424,0.9413176495706459,0.20020114685187151,0.9413176495706459,0.20020114685187151,0.02071251233298186,"[-0.07406917805758415, 0.1563368724811849]",618,68,0.10932944606413994,all targets for family; pattern-specific denominator unavailable,,
0.3,remove_T_vs_A,7,all,226,31,0.0,1.7964601769911503,1.7964601769911503,1.9073486328125e-06,226,218,0.8297209985591518,0.8856613644699521,0.8853211009174312,226,218,0.8207271180370376,0.8856613644699521,0.8853211009174312,8,4,4,-0.0089938805221143,7.279826092257787,0.5337873567782145,0.0,0.0,0.0,0.0,226,218,0.8322549583258548,0.8856613644699521,0.8853211009174312,0,0,0,0.002533959766703061,1.407156585977673,0.10021798805779829,0.0,0.0,0.0,0.0,-0.011527840288817362,"[-0.04460339288821383, 0.02003394877600375]",618,68,0.3294460641399417,all targets for family; pattern-specific denominator unavailable,,
0.3,remove_T_vs_A,7,exact_lag,226,31,0.0,1.7964601769911503,1.7964601769911503,1.9073486328125e-06,226,218,0.8297209985591518,0.8856613644699521,0.8853211009174312,226,218,0.8207271180370376,0.8856613644699521,0.8853211009174312,8,4,4,-0.0089938805221143,7.279826092257787,0.5337873567782145,0.0,0.0,0.0,0.0,226,218,0.8322549583258548,0.8856613644699521,0.8853211009174312,0,0,0,0.002533959766703061,1.407156585977673,0.10021798805779829,0.0,0.0,0.0,0.0,-0.011527840288817362,"[-0.04460339288821383, 0.02003394877600375]",618,68,0.3294460641399417,all targets for family; pattern-specific denominator unavailable,,
0.3,remove_T_vs_A,all,all,618,31,0.003236245954692557,1.8462783171521036,1.843042071197411,1.9073486328125e-06,618,596,1.3047977618322406,0.8179148214282764,0.8187919463087249,618,596,1.3270608799954733,0.8193854747227227,0.8204697986577181,57,29,28,0.022263118163232808,7.017454876253287,0.5005932567337188,3.0519835796996366,0.25557625877229745,3.0519835796996366,0.25557625877229745,618,596,1.3001188843147893,0.8196702559092924,0.8204697986577181,1,1,0,-0.004678877517451386,1.3234655142372038,0.09172590256215031,0.657877933276664,0.06849031989143069,0.657877933276664,0.06849031989143069,0.02694199568068419,"[-0.042915516562936615, 0.1067767488459453]",618,68,0.9008746355685131,all targets for family; pattern-specific denominator unavailable,,
0.3,remove_T_vs_A,all,exact_lag,616,31,0.0,1.844155844155844,1.844155844155844,1.9073486328125e-06,616,594,1.305661383110212,0.8172792707416684,0.8181818181818182,616,594,1.326615953723578,0.8187499695286031,0.8198653198653199,57,29,28,0.02095457061336603,7.014607643608645,0.5000361620367311,3.044908803441903,0.25442494595261883,3.044908803441903,0.25442494595261883,616,594,1.3010125004290387,0.8190425004952206,0.8198653198653199,1,1,0,-0.004648882681173339,1.3195503708551217,0.09131723430669822,0.6587638760277387,0.06854745835776781,0.6587638760277387,0.06854745835776781,0.02560345329453936,"[-0.04543627172397589, 0.10552525953702174]",618,68,0.8979591836734694,all targets for family; pattern-specific denominator unavailable,,
0.3,remove_T_vs_V,1,all,44,24,0.0,2.1818181818181817,2.1818181818181817,1.430511474609375e-06,44,43,2.652665224305506,0.7106197731698934,0.7209302325581395,44,43,2.5409586215613786,0.7853796479972988,0.7906976744186046,7,5,2,-0.11170660274412748,5.630375273927747,0.37792710682785613,7.953472787649059,0.39552503050704524,7.953472787649059,0.39552503050704524,44,43,2.7178213512341043,0.7106197731698934,0.7209302325581395,0,0,0,0.06515612692859835,1.4974860583832723,0.09925771562872199,2.3352314003609886,0.11369956149770885,2.3352314003609886,0.11369956149770885,-0.17686272967272584,"[-0.833208431620268, 0.41063110340670445]",618,68,0.0641399416909621,all targets for family; pattern-specific denominator unavailable,,
0.3,remove_T_vs_V,1,exact_lag,44,24,0.0,2.1818181818181817,2.1818181818181817,1.430511474609375e-06,44,43,2.652665224305506,0.7106197731698934,0.7209302325581395,44,43,2.5409586215613786,0.7853796479972988,0.7906976744186046,7,5,2,-0.11170660274412748,5.630375273927747,0.37792710682785613,7.953472787649059,0.39552503050704524,7.953472787649059,0.39552503050704524,44,43,2.7178213512341043,0.7106197731698934,0.7209302325581395,0,0,0,0.06515612692859835,1.4974860583832723,0.09925771562872199,2.3352314003609886,0.11369956149770885,2.3352314003609886,0.11369956149770885,-0.17686272967272584,"[-0.833208431620268, 0.41063110340670445]",618,68,0.0641399416909621,all targets for family; pattern-specific denominator unavailable,,
0.3,remove_T_vs_V,2,all,34,19,0.0,1.9705882352941178,1.9705882352941178,1.9073486328125e-06,34,33,0.6243213108571988,0.9393939393939394,0.9393939393939394,34,33,0.6585436619479708,0.9393939393939394,0.9393939393939394,0,0,0,0.03422235109077192,5.7812794740912885,0.419993274418788,1.5048343063648715,0.11974152588361789,1.5048343063648715,0.11974152588361789,34,33,0.6277723565471413,0.9393939393939394,0.9393939393939394,0,0,0,0.0034510456899424324,1.554578893724403,0.11052497454884588,2.470486889560401,0.20554284057128278,2.470486889560401,0.20554284057128278,0.030771305400829486,"[-0.08541986591216151, 0.1643653957209618]",618,68,0.04956268221574344,all targets for family; pattern-specific denominator unavailable,,
0.3,remove_T_vs_V,2,exact_lag,34,19,0.0,1.9705882352941178,1.9705882352941178,1.9073486328125e-06,34,33,0.6243213108571988,0.9393939393939394,0.9393939393939394,34,33,0.6585436619479708,0.9393939393939394,0.9393939393939394,0,0,0,0.03422235109077192,5.7812794740912885,0.419993274418788,1.5048343063648715,0.11974152588361789,1.5048343063648715,0.11974152588361789,34,33,0.6277723565471413,0.9393939393939394,0.9393939393939394,0,0,0,0.0034510456899424324,1.554578893724403,0.11052497454884588,2.470486889560401,0.20554284057128278,2.470486889560401,0.20554284057128278,0.030771305400829486,"[-0.08541986591216151, 0.1643653957209618]",618,68,0.04956268221574344,all targets for family; pattern-specific denominator unavailable,,
0.3,remove_T_vs_V,3,all,95,31,0.0,1.894736842105263,1.894736842105263,1.9073486328125e-06,95,90,0.9624747043850639,0.8304690528492054,0.8333333333333334,95,90,0.9416429484980974,0.842283950617284,0.8444444444444444,1,1,0,-0.02083175588696658,5.969932676140009,0.4141564518426232,1.2860706812600615,0.13694463230714274,1.2860706812600615,0.13694463230714274,95,90,0.9570174867440745,0.8304690528492054,0.8333333333333334,0,0,0,-0.005457217640989556,1.7903783972288947,0.11769871998274922,2.127441205168113,0.22713739969100677,2.127441205168113,0.22713739969100677,-0.015374538245977027,"[-0.07956520576131029, 0.04636629911995164]",618,68,0.13848396501457727,all targets for family; pattern-specific denominator unavailable,,
0.3,remove_T_vs_V,3,exact_lag,95,31,0.0,1.894736842105263,1.894736842105263,1.9073486328125e-06,95,90,0.9624747043850639,0.8304690528492054,0.8333333333333334,95,90,0.9416429484980974,0.842283950617284,0.8444444444444444,1,1,0,-0.02083175588696658,5.969932676140009,0.4141564518426232,1.2860706812600615,0.13694463230714274,1.2860706812600615,0.13694463230714274,95,90,0.9570174867440745,0.8304690528492054,0.8333333333333334,0,0,0,-0.005457217640989556,1.7903783972288947,0.11769871998274922,2.127441205168113,0.22713739969100677,2.127441205168113,0.22713739969100677,-0.015374538245977027,"[-0.07956520576131029, 0.04636629911995164]",618,68,0.13848396501457727,all targets for family; pattern-specific denominator unavailable,,
0.3,remove_T_vs_V,4,all,37,22,0.0,1.7297297297297298,1.7297297297297298,1.430511474609375e-06,37,37,2.7312462412303673,0.6756756756756757,0.6756756756756757,37,37,2.7878452470958406,0.6997904026475456,0.7027027027027027,7,4,3,0.056599005865473874,6.403360110123121,0.4378443895035124,9.480261267474594,0.5331103961421816,9.480261267474594,0.5331103961421816,37,37,2.706859494158134,0.6756756756756757,0.6756756756756757,0,0,0,-0.024386747072232637,1.938377795345106,0.12516899168726275,1.3810939521329066,0.07642598870348752,1.3810939521329066,0.07642598870348752,0.0809857529377065,"[-0.5764855017261465, 0.7578848187438179]",618,68,0.05393586005830904,all targets for family; pattern-specific denominator unavailable,,
0.3,remove_T_vs_V,4,exact_lag,37,22,0.0,1.7297297297297298,1.7297297297297298,1.430511474609375e-06,37,37,2.7312462412303673,0.6756756756756757,0.6756756756756757,37,37,2.7878452470958406,0.6997904026475456,0.7027027027027027,7,4,3,0.056599005865473874,6.403360110123121,0.4378443895035124,9.480261267474594,0.5331103961421816,9.480261267474594,0.5331103961421816,37,37,2.706859494158134,0.6756756756756757,0.6756756756756757,0,0,0,-0.024386747072232637,1.938377795345106,0.12516899168726275,1.3810939521329066,0.07642598870348752,1.3810939521329066,0.07642598870348752,0.0809857529377065,"[-0.5764855017261465, 0.7578848187438179]",618,68,0.05393586005830904,all targets for family; pattern-specific denominator unavailable,,
0.3,remove_T_vs_V,5,all,105,30,0.01904761904761905,2.0095238095238095,2.0095238095238095,1.9073486328125e-06,105,99,2.13653707200444,0.6875087099921029,0.6868686868686869,105,99,2.282439820101278,0.6669405360994145,0.6666666666666666,22,10,12,0.14590274809683765,7.329628001009303,0.52221609623819,7.920412367326749,0.7899668359095237,7.920412367326749,0.7899668359095237,105,99,2.120926438252805,0.6875087099921029,0.6868686868686869,0,0,0,-0.015610633751634554,1.8126353276233245,0.12560303490843983,0.7836068698346768,0.074061695187657,0.7836068698346768,0.074061695187657,0.16151338184847225,"[-0.21051729340378394, 0.5208480554140226]",618,68,0.15306122448979592,all targets for family; pattern-specific denominator unavailable,,
0.3,remove_T_vs_V,5,exact_lag,103,30,0.0,2.0194174757281553,2.0194174757281553,1.9073486328125e-06,103,97,2.1510860322327137,0.6807521772253189,0.6804123711340206,103,97,2.2499130881191913,0.6801387808685389,0.6804123711340206,20,10,10,0.09882705588647751,7.205879339101936,0.5151208026872521,7.809479872050352,0.7858220965088046,7.809479872050352,0.7858220965088046,103,97,2.1348047244397037,0.6807521772253189,0.6804123711340206,0,0,0,-0.01628130779301,1.8002571177094546,0.1249437957294211,0.7949289811418182,0.07521525691269926,0.7949289811418182,0.07521525691269926,0.1151083636794875,"[-0.25388507367289564, 0.4845131384673168]",618,68,0.15014577259475217,all targets for family; pattern-specific denominator unavailable,,
0.3,remove_T_vs_V,6,all,75,27,0.013333333333333334,2.1066666666666665,2.0933333333333333,1.9073486328125e-06,75,74,0.9163958019741991,0.861998361998362,0.8648648648648649,75,74,0.9470033471126121,0.8343980343980345,0.8378378378378378,2,0,2,0.030607545138413232,6.401342230617442,0.4503498377642226,0.5232186461341782,0.10561899763028695,0.5232186461341782,0.10561899763028695,75,74,0.9235899559487827,0.861998361998362,0.8648648648648649,0,0,0,0.007194153974583714,1.5558403180784623,0.10708562163877251,0.33333611148241654,0.06867759900546959,0.33333611148241654,0.06867759900546959,0.02341339116382952,"[-0.07435691680945115, 0.12277695562733477]",618,68,0.10932944606413994,all targets for family; pattern-specific denominator unavailable,,
0.3,remove_T_vs_V,6,exact_lag,74,27,0.0,2.0945945945945947,2.0945945945945947,1.9073486328125e-06,74,73,0.9152585707552037,0.8597930175634474,0.863013698630137,74,73,0.9439061931680299,0.8317516210761369,0.8356164383561644,2,0,2,0.028647622412826347,6.324636216119758,0.44529626092795643,0.5114438484136553,0.10302599976391996,0.5114438484136553,0.10302599976391996,74,73,0.9226495934004322,0.8597930175634474,0.863013698630137,0,0,0,0.0073910226452286775,1.5618127364419179,0.1075053709498317,0.3365630719460644,0.06933312754381336,0.3365630719460644,0.06933312754381336,0.021256599767597674,"[-0.07767915543289541, 0.12187468881759149]",618,68,0.10787172011661808,all targets for family; pattern-specific denominator unavailable,,
0.3,remove_T_vs_V,7,all,228,31,0.03508771929824561,1.8640350877192982,1.881578947368421,1.9073486328125e-06,228,220,0.8299694940009402,0.8866785402520403,0.8863636363636364,228,220,0.8310515522059153,0.8820420110192838,0.8818181818181818,7,3,4,0.0010820582049751264,6.920743458680861,0.5060145637977305,0.0,0.0,0.0,0.0,228,220,0.8272006574336079,0.8913020764294458,0.8909090909090909,1,1,0,-0.0027688365673322365,1.8101542863541935,0.13123227608752333,0.0,0.0,0.0,0.0,0.003850894772307362,"[-0.04088747428850496, 0.04115232994822884]",618,68,0.3323615160349854,all targets for family; pattern-specific denominator unavailable,,
0.3,remove_T_vs_V,7,exact_lag,222,31,0.0,1.8783783783783783,1.8783783783783783,1.9073486328125e-06,222,214,0.849637019816029,0.8835204852744245,0.883177570093458,222,214,0.8514239991315665,0.8787484391713651,0.8785046728971962,7,3,4,0.001786979315537552,6.803908846259584,0.4949274396434152,0.0,0.0,0.0,0.0,222,214,0.8460648419155365,0.888278363399261,0.8878504672897196,1,1,0,-0.003572177900492442,1.7541576224917728,0.12621176788443664,0.0,0.0,0.0,0.0,0.005359157216029992,"[-0.041137722281235065, 0.0442503448970908]",618,68,0.3236151603498542,all targets for family; pattern-specific denominator unavailable,,
0.3,remove_T_vs_V,all,all,618,31,0.01779935275080906,1.9433656957928802,1.948220064724919,1.9073486328125e-06,618,596,1.315104408772552,0.819805729414089,0.8204697986577181,618,596,1.3381233076890386,0.8195301806799844,0.8204697986577181,46,23,23,0.02301889891648645,6.595483913367803,0.4699577958746809,2.8235408539135953,0.23475255751062096,2.8235408539135953,0.23475255751062096,618,596,1.3148335513090734,0.8215551909580516,0.8221476510067114,1,1,0,-0.00027085746347871325,1.7480273554451415,0.12148627661709362,0.8854903823214363,0.07981286368626488,0.8854903823214363,0.07981286368626488,0.02328975637996515,"[-0.05882544756898137, 0.0936780577072901]",618,68,0.9008746355685131,all targets for family; pattern-specific denominator unavailable,,
0.3,remove_T_vs_V,all,exact_lag,609,31,0.0,1.9490968801313628,1.9490968801313628,1.9073486328125e-06,609,587,1.3273330315857221,0.8170278176015169,0.817717206132879,609,587,1.342208952845182,0.8200191504837878,0.8211243611584327,44,23,21,0.014875921259459789,6.517347057914235,0.46360743342140814,2.8182049627143297,0.23443799322123024,2.8182049627143297,0.23443799322123024,609,587,1.326742550961596,0.8188057911366734,0.8194207836456558,1,1,0,-0.000590480624125903,1.7257382806797321,0.11950975466974922,0.897762691235536,0.08091112436493875,0.897762691235536,0.08091112436493875,0.015466401883585692,"[-0.06661687779041614, 0.08773275642468292]",618,68,0.8877551020408163,all targets for family; pattern-specific denominator unavailable,,
0.3,same_vs_other_speaker_A,all,all,0,,,,,,,,,,,,,,,,,,,,,,,,,,,,,,,,,,,,,,,,,,,,,,,unavailable,"{""speaker_unavailable"": 686}"
0.3,same_vs_other_speaker_T,all,all,0,,,,,,,,,,,,,,,,,,,,,,,,,,,,,,,,,,,,,,,,,,,,,,,unavailable,"{""speaker_unavailable"": 686}"
0.3,same_vs_other_speaker_V,all,all,0,,,,,,,,,,,,,,,,,,,,,,,,,,,,,,,,,,,,,,,,,,,,,,,unavailable,"{""speaker_unavailable"": 686}"
0.4,recent_vs_earlier_A,1,all,61,30,2.0327868852459017,1.8688524590163935,3.901639344262295,1.9073486328125e-06,61,57,1.7706285701430733,0.7543859649122807,0.7543859649122807,61,57,1.772394945421083,0.7358250699211798,0.7368421052631579,1,0,1,0.0017663752780097603,1.1172837067817045,0.07195558798601455,0.9721066394132288,0.04677574872497172,0.9721066394132288,0.04677574872497172,61,57,1.7668717057645815,0.7543859649122807,0.7543859649122807,0,0,0,-0.003756864378491597,0.5380354389588298,0.03485341072443529,0.652111931956397,0.031153041196943232,0.652111931956397,0.031153041196943232,0.005523239656501358,"[-0.010306828069119759, 0.0232065253753556]",555,131,0.08892128279883382,all targets for family; pattern-specific denominator unavailable,,
0.4,recent_vs_earlier_A,2,all,57,25,1.7719298245614035,1.4035087719298245,3.175438596491228,1.9073486328125e-06,57,55,1.232011273654886,0.8323146630675793,0.8363636363636363,57,55,1.2512187654905111,0.8323146630675793,0.8363636363636363,0,0,0,0.019207491835625534,1.3884387140902523,0.09444152100459843,1.686384900842547,0.13126989555117133,1.686384900842547,0.13126989555117133,57,55,1.226089130823844,0.8323146630675793,0.8363636363636363,0,0,0,-0.005922142831041819,0.7003219642623251,0.04623623939269749,0.8461009492784364,0.06767183272209483,0.8461009492784364,0.06767183272209483,0.025129634666667355,"[0.008838218652819295, 0.04216347015429636]",555,131,0.08309037900874636,all targets for family; pattern-specific denominator unavailable,,
0.4,recent_vs_earlier_A,3,all,84,28,1.6666666666666667,1.8333333333333333,3.5,1.9073486328125e-06,84,78,0.8344082612421482,0.8329207239918579,0.8333333333333334,84,78,0.835107748943116,0.8459510166827241,0.8461538461538461,1,1,0,0.000699487700968101,1.445570596002795,0.09759015891435732,0.6721135148239439,0.07893793170877271,0.6721135148239439,0.07893793170877271,84,78,0.8314652106151593,0.8459510166827241,0.8461538461538461,1,1,0,-0.0029430506269886433,0.6595190413229508,0.04487080096354799,0.44007594464250427,0.058268370331813944,0.44007594464250427,0.058268370331813944,0.0036425383279567445,"[9.264487870759748e-05, 0.007356819798308074]",555,131,0.12244897959183673,all targets for family; pattern-specific denominator unavailable,,
0.4,recent_vs_earlier_A,4,all,75,26,1.8266666666666667,1.8,3.6266666666666665,1.9073486328125e-06,75,75,1.8907612835079879,0.6587436332767402,0.6666666666666666,75,75,1.8970414407338239,0.6587436332767402,0.6666666666666666,0,0,0,0.006280157225836204,1.3948002775833317,0.08882828519937769,1.6648636081065074,0.09180786215104987,1.6648636081065074,0.09180786215104987,75,75,1.8981942240265957,0.6587436332767402,0.6666666666666666,0,0,0,0.007432940518607509,0.6760192009607461,0.04400569525908989,0.8872729624576042,0.04998362149551123,0.8872729624576042,0.04998362149551123,-0.0011527832927713067,"[-0.01508016484835732, 0.01624962633929014]",555,131,0.10932944606413994,all targets for family; pattern-specific denominator unavailable,,
0.4,recent_vs_earlier_A,5,all,78,29,1.9743589743589745,1.9743589743589745,3.948717948717949,1.9073486328125e-06,78,75,1.6879064327595539,0.7901234567901235,0.7866666666666666,78,75,1.681394971258414,0.7901234567901235,0.7866666666666666,0,0,0,-0.006511461501139699,1.2338049400280144,0.07830769761638226,0.664569712362085,0.05988460943504782,0.664569712362085,0.05988460943504782,78,75,1.6909722835107444,0.7901234567901235,0.7866666666666666,0,0,0,0.0030658507511907842,0.5290180792666798,0.0336964639313353,0.4399471728521267,0.039004556746549526,0.4399471728521267,0.039004556746549526,-0.009577312252330482,"[-0.028226014797845242, 0.0064695821711564395]",555,131,0.11370262390670553,all targets for family; pattern-specific denominator unavailable,,
0.4,recent_vs_earlier_A,6,all,80,28,2.075,1.675,3.75,1.9073486328125e-06,80,79,0.5579890432085911,0.8951668584579977,0.8987341772151899,80,79,0.5640773869997779,0.8951668584579977,0.8987341772151899,0,0,0,0.006088343791186874,1.384754325963376,0.09515686753967496,1.0286891120009543,0.2126417333801216,1.0286891120009543,0.2126417333801216,80,79,0.5566177485396577,0.9075879003161524,0.9113924050632911,1,1,0,-0.0013712946689333622,0.7054872967433379,0.0496390790495682,0.5178851445689718,0.10954501562706129,0.5178851445689718,0.10954501562706129,0.007459638460120236,"[-9.701393624427347e-05, 0.014950216300184761]",555,131,0.11661807580174927,all targets for family; pattern-specific denominator unavailable,,
0.4,recent_vs_earlier_A,7,all,120,30,2.1083333333333334,1.9,4.008333333333334,1.9073486328125e-06,120,115,0.9908273093039174,0.8872109399845531,0.8869565217391304,120,115,0.988503970652807,0.8872109399845531,0.8869565217391304,0,0,0,-0.002323338651110484,1.3599782396346403,0.09001688136875438,0.0,0.0,0.0,0.0,120,115,0.9912428932774557,0.8872109399845531,0.8869565217391304,0,0,0,0.00041558397353833135,0.5959077582355387,0.03942021349736442,0.0,0.0,0.0,0.0,-0.0027389226246488153,"[-0.008433102086872169, 0.00348885569901575]",555,131,0.1749271137026239,all targets for family; pattern-specific denominator unavailable,,
0.4,recent_vs_earlier_A,all,all,555,31,1.936936936936937,1.8,3.736936936936937,1.9073486328125e-06,555,534,1.2348206809241407,0.8150810028978517,0.8164794007490637,555,534,1.237402153993476,0.8150810028978517,0.8164794007490637,2,1,1,0.002581473069335283,1.339725736676081,0.0885670772696769,0.8484257959094602,0.08204399792765613,0.8484257959094602,0.08204399792765613,555,534,1.2346816291758056,0.818854859981569,0.8202247191011236,2,2,0,-0.00013905174833521067,0.6271186994471308,0.04173148514457193,0.4815587829558296,0.047219642116404364,0.4815587829558296,0.047219642116404364,0.0027205248176704936,"[-0.0009733259114296496, 0.005848079578609075]",555,131,0.8090379008746356,all targets for family; pattern-specific denominator unavailable,,
0.4,recent_vs_earlier_T,1,all,64,30,1.671875,2.109375,3.78125,1.9073486328125e-06,64,60,1.9227646893070467,0.7666666666666667,0.7666666666666667,64,60,2.2563856437178433,0.6183703703703703,0.6166666666666667,13,2,11,0.3336209544107966,6.684634755962093,0.4503259550763138,9.461928869122085,0.46898007283039034,9.461928869122085,0.46898007283039034,64,60,1.8593738631369492,0.7487163998791907,0.75,3,1,2,-0.06339082617009736,2.455085178669164,0.1626121689755336,3.5000481485066466,0.17002996855597255,3.5000481485066466,0.17002996855597255,0.3970117805808939,"[0.059511287414620105, 0.8123648826258391]",573,113,0.09329446064139942,all targets for family; pattern-specific denominator unavailable,,
0.4,recent_vs_earlier_T,2,all,56,24,1.8035714285714286,1.5892857142857142,3.392857142857143,1.9073486328125e-06,56,54,1.229817224978413,0.7895481939894026,0.7962962962962963,56,54,1.206616406876796,0.8100048100048101,0.8148148148148148,1,1,0,-0.023200818101616737,7.095931867548314,0.5006446979834452,1.4721365571324203,0.11367285690419705,1.4721365571324203,0.11367285690419705,56,54,1.2323730952387042,0.7895481939894026,0.7962962962962963,0,0,0,0.0025558702602913952,2.7324351322282183,0.1809010812793719,0.9764873010125159,0.07710776584649551,0.9764873010125159,0.07710776584649551,-0.025756688361908135,"[-0.14616798803704625, 0.07056109435126284]",573,113,0.08163265306122448,all targets for family; pattern-specific denominator unavailable,,
0.4,recent_vs_earlier_T,3,all,86,28,1.8255813953488371,1.8372093023255813,3.6627906976744184,1.9073486328125e-06,86,80,0.8125667707451962,0.8497171590194845,0.85,86,80,0.8046553703031392,0.8497171590194845,0.85,2,1,1,-0.007911400442057256,6.923866626869293,0.49315205529092954,0.9780944964642025,0.11248469125693568,0.9780944964642025,0.11248469125693568,86,80,0.8060456421013242,0.8369626830420407,0.8375,1,0,1,-0.006521128643872076,2.6781832508091923,0.18453083153336766,0.7905911623354206,0.10160194535512036,0.7905911623354206,0.10160194535512036,-0.0013902717981851805,"[-0.04503928085522702, 0.04130088441705087]",573,113,0.12536443148688048,all targets for family; pattern-specific denominator unavailable,,
0.4,recent_vs_earlier_T,4,all,79,26,1.7721518987341771,1.8734177215189873,3.6455696202531644,1.9073486328125e-06,79,79,1.915031776533057,0.6623783690691466,0.6708860759493671,79,79,2.298986743594957,0.6536594651184924,0.6582278481012658,17,8,9,0.3839549670618996,6.848636143886057,0.479992200935213,9.77652947318221,0.6054097922407694,9.77652947318221,0.6054097922407694,79,79,1.8509433272558222,0.7336540278161288,0.7341772151898734,7,6,1,-0.06408844927723469,2.9931129505010525,0.1927045417215186,4.449788509316653,0.24871915776845824,4.449788509316653,0.24871915776845824,0.44804341633913425,"[0.2085826419217702, 0.765460913725762]",573,113,0.1151603498542274,all targets for family; pattern-specific denominator unavailable,,
0.4,recent_vs_earlier_T,5,all,84,29,1.7261904761904763,1.9761904761904763,3.7023809523809526,1.9073486328125e-06,84,81,1.703597853400505,0.8051803437424352,0.8024691358024691,84,81,2.010249978285066,0.7470434436306339,0.7407407407407407,19,7,12,0.30665212488456106,7.219837507438025,0.48377091540432393,7.425236277259616,0.7281493155389379,7.425236277259616,0.7281493155389379,84,81,1.7703621546101673,0.8061011549183591,0.8024691358024691,4,2,2,0.06676430120966284,2.6065804214171338,0.16955753160295983,2.925672476170269,0.2715159828356612,2.925672476170269,0.2715159828356612,0.23988782367489822,"[-0.1960814840736345, 0.6216837198155389]",573,113,0.12244897959183673,all targets for family; pattern-specific denominator unavailable,,
0.4,recent_vs_earlier_T,6,all,83,27,1.8795180722891567,1.9036144578313252,3.783132530120482,1.9073486328125e-06,83,82,0.5907339084145915,0.8864566361114912,0.8902439024390244,83,82,0.5674474087403972,0.899679724069968,0.9024390243902439,1,1,0,-0.02328649967419414,7.8451479218455,0.5882872099042388,0.5730838641595,0.1310504953228556,0.5730838641595,0.1310504953228556,83,82,0.5923638271035915,0.911688494753382,0.9146341463414634,2,2,0,0.0016299186890001234,2.5964958780574054,0.18481668916254151,0.3920277286292942,0.11365658906091332,0.3920277286292942,0.11365658906091332,-0.024916418363194255,"[-0.08577770291701797, 0.038111794618264826]",573,113,0.12099125364431487,all targets for family; pattern-specific denominator unavailable,,
0.4,recent_vs_earlier_T,7,all,121,30,1.8512396694214877,1.8429752066115703,3.6942148760330578,1.9073486328125e-06,121,116,0.9866428103663453,0.8882300783787778,0.8879310344827587,121,116,1.0237918093678333,0.8799316557937248,0.8793103448275862,1,0,1,0.03714899900148827,7.320208752963448,0.5120286878428078,0.0,0.0,0.0,0.0,121,116,0.9773863289720903,0.8882300783787778,0.8879310344827587,0,0,0,-0.009256481394254733,2.416137251193612,0.15819895423500138,0.0,0.0,0.0,0.0,0.046405480395743,"[-0.0360006922844568, 0.12239174636925916]",573,113,0.17638483965014579,all targets for family; pattern-specific denominator unavailable,,
0.4,recent_vs_earlier_T,all,all,573,31,1.7975567190226875,1.8795811518324608,3.6771378708551485,1.9073486328125e-06,573,552,1.2645931439494271,0.8153633148103236,0.8170289855072463,573,552,1.4007634495776968,0.7914059474436015,0.7916666666666666,54,20,34,0.13617030562826996,7.16412300434308,0.5036779954377898,3.866929944006267,0.28956927626520956,3.866929944006267,0.28956927626520956,573,552,1.2560168116763195,0.825144285996569,0.8260869565217391,17,11,6,-0.008576332273107478,2.6243211556213115,0.17514073471470035,1.7041977173342444,0.13233398444936456,1.7041977173342444,0.13233398444936456,0.14474663790137743,"[0.06421295245879367, 0.22710023486816597]",573,113,0.8352769679300291,all targets for family; pattern-specific denominator unavailable,,
0.4,recent_vs_earlier_V,1,all,64,29,1.578125,2.0625,3.640625,1.9073486328125e-06,64,60,1.8993597444634611,0.7509472457009618,0.75,64,60,1.9136933527510032,0.7509472457009618,0.75,0,0,0,0.01433360828754197,1.7547606706207408,0.1153104127522056,2.6580764842417404,0.12838730036633605,2.6580764842417404,0.12838730036633605,64,60,1.8788589576632806,0.7509472457009618,0.75,0,0,0,-0.020500786800180325,0.7078667725177358,0.04777614026535998,1.1141010984249342,0.05504429047221952,1.1141010984249342,0.05504429047221952,0.03483439508772229,"[-0.04218775350215626, 0.11508243155804775]",559,127,0.09329446064139942,all targets for family; pattern-specific denominator unavailable,,
0.4,recent_vs_earlier_V,2,all,56,24,1.5714285714285714,1.75,3.3214285714285716,1.9073486328125e-06,56,54,1.2426380968876067,0.8100048100048101,0.8148148148148148,56,54,1.2283253708909192,0.8100048100048101,0.8148148148148148,0,0,0,-0.014312725996687798,1.7328581154926326,0.11524771068277953,2.48740190549977,0.19358090472268225,2.48740190549977,0.19358090472268225,56,54,1.231978551091313,0.8100048100048101,0.8148148148148148,0,0,0,-0.010659545796293773,0.8618246805319514,0.05815036917615435,1.3753069391076522,0.10783429385111347,1.3753069391076522,0.10783429385111347,-0.003653180200394026,"[-0.032430961825275856, 0.025306079675614462]",559,127,0.08163265306122448,all targets for family; pattern-specific denominator unavailable,,
0.4,recent_vs_earlier_V,3,all,80,26,1.5625,1.8625,3.425,1.9073486328125e-06,80,76,0.8529114486335274,0.8288585099111415,0.8289473684210527,80,76,0.854986172084989,0.8421052631578947,0.8421052631578947,1,1,0,0.002074723451461497,1.7863396415300847,0.12059072265943005,1.8964144320480443,0.19881184619977338,1.8964144320480443,0.19881184619977338,80,76,0.8585429677538821,0.8288585099111415,0.8289473684210527,0,0,0,0.005631519120354644,0.8058707031808264,0.054287242387065796,0.9423118318278718,0.10046603077729874,0.9423118318278718,0.10046603077729874,-0.003556795668893148,"[-0.03321538021423762, 0.029620104202688496]",559,127,0.11661807580174927,all targets for family; pattern-specific denominator unavailable,,
0.4,recent_vs_earlier_V,4,all,78,24,1.5,1.8461538461538463,3.3461538461538463,1.9073486328125e-06,78,77,1.8837724469317298,0.65311986863711,0.6623376623376623,78,77,1.881599717462784,0.6379350437950546,0.6493506493506493,1,0,1,-0.002172729468945105,1.6945617149533523,0.1096798969996133,0.8627058689405459,0.04843500356906119,0.8627058689405459,0.04843500356906119,78,77,1.8839973579251477,0.65311986863711,0.6623376623376623,0,0,0,0.00022491099341840148,0.6774371230477091,0.043429722845181394,0.5753161353411075,0.032932045316441984,0.5753161353411075,0.032932045316441984,-0.002397640462363506,"[-0.014589054412073244, 0.008554390447135771]",559,127,0.11370262390670553,all targets for family; pattern-specific denominator unavailable,,
0.4,recent_vs_earlier_V,5,all,80,28,1.85,2.0375,3.8875,1.9073486328125e-06,80,77,1.7333163585784757,0.7953882851842036,0.7922077922077922,80,77,1.7390728430200284,0.7953882851842036,0.7922077922077922,0,0,0,0.005756484441553028,1.5764386639445456,0.10109302352166624,0.520796295841679,0.047070562069488744,0.520796295841679,0.047070562069488744,80,77,1.7358221631118496,0.7953882851842036,0.7922077922077922,0,0,0,0.0025058045333742423,0.7023765577901139,0.04499720045265236,0.387566112947238,0.0359557097291367,0.387566112947238,0.0359557097291367,0.003250679908178786,"[-0.006791763525679918, 0.012062923278292599]",559,127,0.11661807580174927,all targets for family; pattern-specific denominator unavailable,,
0.4,recent_vs_earlier_V,6,all,80,27,1.875,1.7375,3.6125,1.9073486328125e-06,80,79,0.6589186159636997,0.8684573129282945,0.8734177215189873,80,79,0.661765367226752,0.8808150256435237,0.8860759493670886,1,1,0,0.00284675126305243,1.7307089972713574,0.11586049967356678,0.2903331167774994,0.06923053197615177,0.2903331167774994,0.06923053197615177,80,79,0.6566708971839057,0.8684573129282945,0.8734177215189873,0,0,0,-0.0022477187797940077,0.6584505021755105,0.044187580116317404,0.2137187425805145,0.06037110994539448,0.2137187425805145,0.06037110994539448,0.0050944700428464385,"[-0.011926339986391084, 0.01947719493109706]",559,127,0.11661807580174927,all targets for family; pattern-specific denominator unavailable,,
0.4,recent_vs_earlier_V,7,all,121,30,1.975206611570248,1.8760330578512396,3.8512396694214877,1.9073486328125e-06,121,117,0.9375899332149916,0.8978989047482199,0.8974358974358975,121,117,0.9330991375445475,0.8891495295436181,0.8888888888888888,1,0,1,-0.00449079567044396,1.7035056964683761,0.11161683036926141,0.0,0.0,0.0,0.0,121,117,0.9357226138090532,0.8978989047482199,0.8974358974358975,0,0,0,-0.0018673194059382902,0.6365790829335326,0.04149870171063827,0.0,0.0,0.0,0.0,-0.0026234762645056696,"[-0.013514170695730833, 0.008867270108984023]",559,127,0.17638483965014579,all targets for family; pattern-specific denominator unavailable,,
0.4,recent_vs_earlier_V,all,all,559,31,1.7316636851520573,1.881932021466905,3.6135957066189626,1.9073486328125e-06,559,540,1.2721665540341907,0.8096121012959939,0.8111111111111111,559,540,1.2726266896913858,0.8094152250025743,0.8111111111111111,4,2,2,0.00046013565719514945,1.7086292033023769,0.11251868751949967,1.0613702451703022,0.08594683968861466,1.0613702451703022,0.08594683968861466,559,540,1.269221618219305,0.8096121012959939,0.8111111111111111,0,0,0,-0.002944935814885688,0.7097811113333081,0.046870691907409494,0.5665152995246523,0.04986347516406668,0.5665152995246523,0.04986347516406668,0.0034050714720808375,"[-0.008447719690899917, 0.01614092900205774]",559,127,0.814868804664723,all targets for family; pattern-specific denominator unavailable,,
0.4,remove_T_vs_A,1,all,63,30,0.06349206349206349,2.7777777777777777,2.7142857142857144,1.9073486328125e-06,63,59,1.9287947077440566,0.7309424383853271,0.7288135593220338,63,59,1.9344027986062013,0.7130923819105848,0.711864406779661,9,4,5,0.005608090862144652,5.315451284264558,0.3660144138356459,7.684703783150255,0.38870751351673744,7.684703783150255,0.38870751351673744,63,59,1.9279500602416915,0.7130923819105848,0.711864406779661,1,0,1,-0.0008446475023649388,1.0441213304108945,0.07116308033882729,1.0282687865111972,0.0509041457186437,1.0282687865111972,0.0509041457186437,0.006452738364509605,"[-0.24978995252518765, 0.2795615680469873]",602,84,0.09183673469387756,all targets for family; pattern-specific denominator unavailable,,
0.4,remove_T_vs_A,1,exact_lag,61,30,0.0,2.721311475409836,2.721311475409836,1.9073486328125e-06,61,57,1.9227450914801705,0.7212724906896396,0.7192982456140351,61,57,1.9233927906213788,0.7029070260191542,0.7017543859649122,9,4,5,0.0006476991412083389,5.340228669892584,0.37115853044574276,7.72622373340844,0.3946333078537265,7.72622373340844,0.3946333078537265,61,57,1.920991007823668,0.7029070260191542,0.7017543859649122,1,0,1,-0.0017540836565022762,1.0477529331535105,0.07209396984850971,1.024112091630149,0.05135647544657989,1.024112091630149,0.05135647544657989,0.002401782797710615,"[-0.2581016632713008, 0.2852706554659419]",602,84,0.08892128279883382,all targets for family; pattern-specific denominator unavailable,,
0.4,remove_T_vs_A,2,all,64,26,0.0,1.859375,1.859375,1.9073486328125e-06,64,62,1.2459572683981983,0.7836471362738644,0.7903225806451613,64,62,1.2168835687499218,0.801429816913688,0.8064516129032258,1,1,0,-0.029073699648276607,6.142716943588472,0.43791337210593084,1.4363002024196176,0.12320525086959636,1.4363002024196176,0.12320525086959636,64,62,1.2561031089291297,0.7836471362738644,0.7903225806451613,0,0,0,0.01014584053093132,1.6019630517209826,0.11644695613499226,1.9550143082635714,0.19457838731196772,1.9550143082635714,0.19457838731196772,-0.03921954017920793,"[-0.12490573839843433, 0.03574311713122316]",602,84,0.09329446064139942,all targets for family; pattern-specific denominator unavailable,,
0.4,remove_T_vs_A,2,exact_lag,64,26,0.0,1.859375,1.859375,1.9073486328125e-06,64,62,1.2459572683981983,0.7836471362738644,0.7903225806451613,64,62,1.2168835687499218,0.801429816913688,0.8064516129032258,1,1,0,-0.029073699648276607,6.142716943588472,0.43791337210593084,1.4363002024196176,0.12320525086959636,1.4363002024196176,0.12320525086959636,64,62,1.2561031089291297,0.7836471362738644,0.7903225806451613,0,0,0,0.01014584053093132,1.6019630517209826,0.11644695613499226,1.9550143082635714,0.19457838731196772,1.9550143082635714,0.19457838731196772,-0.03921954017920793,"[-0.12490573839843433, 0.03574311713122316]",602,84,0.09329446064139942,all targets for family; pattern-specific denominator unavailable,,
0.4,remove_T_vs_A,3,all,89,28,0.011235955056179775,2.50561797752809,2.49438202247191,1.9073486328125e-06,89,83,0.8306953170520017,0.8429621008475753,0.8433734939759037,89,83,0.8134459990743028,0.8429621008475753,0.8433734939759037,2,1,1,-0.017249317977698887,5.765613007570381,0.41562231159415314,0.9048803180123417,0.1211941325789528,0.9048803180123417,0.1211941325789528,89,83,0.8271847010149618,0.8552110540062349,0.8554216867469879,1,1,0,-0.003510616037040137,1.3627414879154416,0.09425450530355439,0.6517553105773711,0.08916218090549663,0.6517553105773711,0.08916218090549663,-0.01373870194065875,"[-0.050591302543662814, 0.020597609362659086]",602,84,0.12973760932944606,all targets for family; pattern-specific denominator unavailable,,
0.4,remove_T_vs_A,3,exact_lag,88,28,0.0,2.477272727272727,2.477272727272727,1.9073486328125e-06,88,82,0.8172834505861318,0.8409646478487256,0.8414634146341463,88,82,0.7997260622878912,0.8409646478487256,0.8414634146341463,2,1,1,-0.01755738829824058,5.8220350674759835,0.41948287398805245,0.909067746830048,0.12190453220955311,0.909067746830048,0.12190453220955311,88,82,0.8147499281553112,0.8533959621892869,0.8536585365853658,1,1,0,-0.002533522430820555,1.3477959114920566,0.09244038639412605,0.6400624816242629,0.08808600316023824,0.6400624816242629,0.08808600316023824,-0.015023865867420029,"[-0.052583566868633656, 0.01980621896259997]",602,84,0.1282798833819242,all targets for family; pattern-specific denominator unavailable,,
0.4,remove_T_vs_A,4,all,81,26,0.037037037037037035,2.4444444444444446,2.4074074074074074,1.9073486328125e-06,81,80,1.9908931505258025,0.6529433681073025,0.6625,81,80,2.131425464851915,0.6953125,0.7,15,9,6,0.1405323143261122,5.756008009030586,0.40645775361922903,8.27637023707343,0.5105963405854759,8.27637023707343,0.5105963405854759,81,80,1.9906606116887469,0.6529433681073025,0.6625,0,0,0,-0.0002325388370558789,1.3647756842808723,0.09008430295984385,1.7053312933124076,0.09849919792475688,1.7053312933124076,0.09849919792475688,0.1407648531631681,"[-0.07134436151544174, 0.4127781926968171]",602,84,0.11807580174927114,all targets for family; pattern-specific denominator unavailable,,
0.4,remove_T_vs_A,4,exact_lag,79,26,0.0,2.4177215189873418,2.4177215189873418,1.9073486328125e-06,79,79,2.021409623025987,0.6488705574797355,0.6582278481012658,79,79,2.160859589074705,0.6916576892001077,0.6962025316455697,15,9,6,0.13944996604871837,5.769798480888038,0.4067769314689285,8.293949241821194,0.5088430536212689,8.293949241821194,0.5088430536212689,79,79,2.0213455384009222,0.6488705574797355,0.6582278481012658,0,0,0,-6.408462506439838e-05,1.3479596147069823,0.08745532304795622,1.6838254526505252,0.0946028614870948,1.6838254526505252,0.0946028614870948,0.13951405067378275,"[-0.07264512707608627, 0.41590394118220736]",602,84,0.1151603498542274,all targets for family; pattern-specific denominator unavailable,,
0.4,remove_T_vs_A,5,all,86,30,0.046511627906976744,2.441860465116279,2.395348837209302,1.9073486328125e-06,86,82,1.6746654658519444,0.8070731707317074,0.8048780487804879,86,82,1.8026993212709792,0.808412866737363,0.8048780487804879,14,7,7,0.12803385541903492,5.61767486949737,0.3756187367354195,5.88782226174709,0.5674790655458436,5.88782226174709,0.5674790655458436,86,82,1.6786557991715219,0.7954213807872346,0.7926829268292683,1,0,1,0.003990333319577477,1.288086288703386,0.0853091638060709,0.8693814545584445,0.08065902057915984,0.8693814545584445,0.08065902057915984,0.12404352209945739,"[-0.11180670754200753, 0.3600314855507723]",602,84,0.12536443148688048,all targets for family; pattern-specific denominator unavailable,,
0.4,remove_T_vs_A,5,exact_lag,84,30,0.0,2.369047619047619,2.369047619047619,1.9073486328125e-06,84,80,1.6743846627275047,0.8020833333333334,0.8,84,80,1.8015101583667905,0.8030303030303031,0.8,14,7,7,0.12712549563928585,5.6392124429174215,0.3793049873243231,5.908171611322816,0.5729277149490632,5.908171611322816,0.5729277149490632,84,80,1.6780752568879027,0.7900809716599191,0.7875,1,0,1,0.0036905941603981307,1.3039753192767354,0.08665041831737132,0.885123339606597,0.08224575157294513,0.885123339606597,0.08224575157294513,0.12343490147888767,"[-0.11328408340456209, 0.3626342781187004]",602,84,0.12244897959183673,all targets for family; pattern-specific denominator unavailable,,
0.4,remove_T_vs_A,6,all,86,28,0.05813953488372093,2.5232558139534884,2.488372093023256,1.9073486328125e-06,86,85,0.6956064072626801,0.8791463954002654,0.8823529411764706,86,85,0.6909722891309151,0.8906021855382469,0.8941176470588236,1,1,0,-0.004634118131764932,6.509812764641834,0.4953901265339435,0.6118473648944451,0.1304631836988903,0.6118473648944451,0.1304631836988903,86,85,0.7046948499868637,0.8906021855382469,0.8941176470588236,1,1,0,0.009088442724183545,1.3543554014023051,0.09802764022290336,1.0047459214888699,0.22590813620141417,1.0047459214888699,0.22590813620141417,-0.013722560855948475,"[-0.058265964373400043, 0.028592067021509352]",602,84,0.12536443148688048,all targets for family; pattern-specific denominator unavailable,,
0.4,remove_T_vs_A,6,exact_lag,82,28,0.0,2.451219512195122,2.451219512195122,1.9073486328125e-06,82,81,0.6476088656469251,0.8859447682977096,0.8888888888888888,82,81,0.638416349177662,0.8979541446208114,0.9012345679012346,1,1,0,-0.009192516469263157,6.607846004862025,0.5058333731892501,0.6216736253000957,0.13105161392793485,0.6216736253000957,0.13105161392793485,82,81,0.6555736686256536,0.8979541446208114,0.9012345679012346,1,1,0,0.007964802978728508,1.3202867900729738,0.09527408405939353,0.9709136356813679,0.20987896097421835,0.9709136356813679,0.20987896097421835,-0.017157319447991662,"[-0.06015244930235378, 0.02530794780597495]",602,84,0.119533527696793,all targets for family; pattern-specific denominator unavailable,,
0.4,remove_T_vs_A,7,all,133,30,0.015037593984962405,2.5338345864661656,2.5338345864661656,1.9073486328125e-06,133,128,0.9945829044493117,0.875,0.875,133,128,1.023340389150567,0.875,0.875,0,0,0,0.02875748470125521,5.583044976806481,0.3980978942215726,0.0,0.0,0.0,0.0,133,128,0.9933788581224448,0.875,0.875,0,0,0,-0.0012040463268669077,1.4032631088908005,0.09794289460696658,0.0,0.0,0.0,0.0,0.029961531028122115,"[-0.00899423265695554, 0.06782775024165554]",602,84,0.19387755102040816,all targets for family; pattern-specific denominator unavailable,,
0.4,remove_T_vs_A,7,exact_lag,131,30,0.0,2.5419847328244276,2.5419847328244276,1.9073486328125e-06,131,126,1.0024403190928068,0.873015873015873,0.873015873015873,131,126,1.0320330693592108,0.873015873015873,0.873015873015873,0,0,0,0.02959275026640396,5.5864915653513325,0.3972823469151265,0.0,0.0,0.0,0.0,131,126,1.001810128085949,0.873015873015873,0.873015873015873,0,0,0,-0.0006301910068576951,1.3875865851088314,0.09630350676358808,0.0,0.0,0.0,0.0,0.030222941273261656,"[-0.008054054849145082, 0.06660108401766975]",602,84,0.19096209912536444,all targets for family; pattern-specific denominator unavailable,,
0.4,remove_T_vs_A,all,all,602,31,0.03156146179401993,2.456810631229236,2.431893687707641,1.9073486328125e-06,602,579,1.2833429693607885,0.8066461074678075,0.8082901554404145,602,579,1.3211795872664318,0.814438310791136,0.8151986183074266,42,23,19,0.03783661790564362,5.802146910556154,0.4133764282958419,3.1328097619444186,0.24010186749037551,3.1328097619444186,0.24010186749037551,602,579,1.2853852901357432,0.8066461074678075,0.8082901554404145,4,2,2,0.0020423207749545916,1.352192825263821,0.0937121742441323,0.9089947857455716,0.09624355910940922,0.9089947857455716,0.09624355910940922,0.035794297130689025,"[-0.022957257680258546, 0.09706702623569391]",602,84,0.8775510204081632,all targets for family; pattern-specific denominator unavailable,,
0.4,remove_T_vs_A,all,exact_lag,589,31,0.0,2.422750424448217,2.422750424448217,1.9073486328125e-06,589,567,1.2796484551472387,0.8043827414624725,0.8059964726631393,589,567,1.3160689909466394,0.8123405220871109,0.8130511463844797,42,23,19,0.03642053579940057,5.830914451351315,0.4161306275918626,3.13362727528593,0.2406725438082587,3.13362727528593,0.2406725438082587,589,567,1.2816771321650169,0.8043827414624725,0.8059964726631393,4,2,2,0.0020286770177784237,1.3431319189476163,0.0927010718071812,0.9013662837240418,0.09325920892665883,0.9013662837240418,0.09325920892665883,0.034391858781622146,"[-0.02516561783421911, 0.09650795945457215]",602,84,0.858600583090379,all targets for family; pattern-specific denominator unavailable,,
0.4,remove_T_vs_V,1,all,66,30,0.0,2.712121212121212,2.712121212121212,1.9073486328125e-06,66,62,2.019435408702597,0.7292158767793634,0.7258064516129032,66,62,2.165534233242802,0.6451612903225806,0.6451612903225806,11,3,8,0.14609882454020504,5.627658579337036,0.3895535154120288,7.932315314687307,0.4026806177907706,7.932315314687307,0.4026806177907706,66,62,2.1027576980855796,0.7292158767793634,0.7258064516129032,0,0,0,0.08332228938298274,1.5239075302126428,0.10525778599024624,2.338707514318227,0.11881698111735103,2.338707514318227,0.11881698111735103,0.06277653515722227,"[-0.267765589100159, 0.4361092962643725]",608,78,0.09620991253644315,all targets for family; pattern-specific denominator unavailable,,
0.4,remove_T_vs_V,1,exact_lag,66,30,0.0,2.712121212121212,2.712121212121212,1.9073486328125e-06,66,62,2.019435408702597,0.7292158767793634,0.7258064516129032,66,62,2.165534233242802,0.6451612903225806,0.6451612903225806,11,3,8,0.14609882454020504,5.627658579337036,0.3895535154120288,7.932315314687307,0.4026806177907706,7.932315314687307,0.4026806177907706,66,62,2.1027576980855796,0.7292158767793634,0.7258064516129032,0,0,0,0.08332228938298274,1.5239075302126428,0.10525778599024624,2.338707514318227,0.11881698111735103,2.338707514318227,0.11881698111735103,0.06277653515722227,"[-0.267765589100159, 0.4361092962643725]",608,78,0.09620991253644315,all targets for family; pattern-specific denominator unavailable,,
0.4,remove_T_vs_V,2,all,61,26,0.13114754098360656,2.721311475409836,2.8524590163934427,1.9073486328125e-06,61,58,1.2031304731130832,0.8040008348804254,0.8103448275862069,61,58,1.1683017612523952,0.8230146290491118,0.8275862068965517,1,1,0,-0.03482871186068835,5.174301612839385,0.3615058918001088,1.3984972932500834,0.1122482312491193,1.3984972932500834,0.1122482312491193,61,58,1.2019384700893823,0.8040008348804254,0.8103448275862069,0,0,0,-0.0011920030237014623,1.6185746999150947,0.11016208659830878,2.5439748612561877,0.21592212907694192,2.5439748612561877,0.21592212907694192,-0.033636708836986884,"[-0.1341910097302341, 0.05428846009500475]",608,78,0.08892128279883382,all targets for family; pattern-specific denominator unavailable,,
0.4,remove_T_vs_V,2,exact_lag,59,26,0.0,2.76271186440678,2.76271186440678,1.9073486328125e-06,59,56,1.2254606603849891,0.7975468245943473,0.8035714285714286,59,56,1.188901750480388,0.8171313980137509,0.8214285714285714,1,1,0,-0.03655890990460159,5.209374262374384,0.3627994006753828,1.4082562987651224,0.11260128975197944,1.4082562987651224,0.11260128975197944,59,56,1.223876252870793,0.7975468245943473,0.8035714285714286,0,0,0,-0.0015844075141966923,1.607304104688988,0.10916051199759529,2.532996049994338,0.21432667732080232,2.532996049994338,0.21432667732080232,-0.034974502390404894,"[-0.13952630239397198, 0.054641548278173455]",608,78,0.08600583090379009,all targets for family; pattern-specific denominator unavailable,,
0.4,remove_T_vs_V,3,all,90,27,0.0,2.577777777777778,2.577777777777778,1.9073486328125e-06,90,84,0.8310839891690748,0.8450404427415922,0.8452380952380952,90,84,0.8442290707309562,0.8450404427415922,0.8452380952380952,2,1,1,0.013145081561881591,5.029829523081226,0.35932340715813155,1.234481830946987,0.1399596033570137,1.234481830946987,0.1399596033570137,90,84,0.8287280969202461,0.8570618264322176,0.8571428571428571,1,1,0,-0.002355892248828573,1.7888749141430964,0.1270043021569247,2.0091251938778805,0.24199824010205517,2.0091251938778805,0.24199824010205517,0.015500973810710163,"[-0.046634964583489105, 0.07011929138980809]",608,78,0.13119533527696792,all targets for family; pattern-specific denominator unavailable,,
0.4,remove_T_vs_V,3,exact_lag,90,27,0.0,2.577777777777778,2.577777777777778,1.9073486328125e-06,90,84,0.8310839891690748,0.8450404427415922,0.8452380952380952,90,84,0.8442290707309562,0.8450404427415922,0.8452380952380952,2,1,1,0.013145081561881591,5.029829523081226,0.35932340715813155,1.234481830946987,0.1399596033570137,1.234481830946987,0.1399596033570137,90,84,0.8287280969202461,0.8570618264322176,0.8571428571428571,1,1,0,-0.002355892248828573,1.7888749141430964,0.1270043021569247,2.0091251938778805,0.24199824010205517,2.0091251938778805,0.24199824010205517,0.015500973810710163,"[-0.046634964583489105, 0.07011929138980809]",608,78,0.13119533527696792,all targets for family; pattern-specific denominator unavailable,,
0.4,remove_T_vs_V,4,all,82,25,0.0,2.4146341463414633,2.4146341463414633,1.9073486328125e-06,82,81,2.1201388918851407,0.6437275985663082,0.654320987654321,82,81,2.14592817779695,0.6879636903203282,0.691358024691358,15,9,6,0.025789285911809248,5.798009761504044,0.3891265694631156,8.567955644948555,0.5137177063571815,8.567955644948555,0.5137177063571815,82,81,2.1154698751449446,0.6291907879312522,0.6419753086419753,1,0,1,-0.004669016740195962,1.5566594477307893,0.10115236489438456,1.0793366267391251,0.06157985896261421,1.0793366267391251,0.06157985896261421,0.030458302652005224,"[-0.23657003901662885, 0.28981476304991366]",608,78,0.119533527696793,all targets for family; pattern-specific denominator unavailable,,
0.4,remove_T_vs_V,4,exact_lag,82,25,0.0,2.4146341463414633,2.4146341463414633,1.9073486328125e-06,82,81,2.1201388918851407,0.6437275985663082,0.654320987654321,82,81,2.14592817779695,0.6879636903203282,0.691358024691358,15,9,6,0.025789285911809248,5.798009761504044,0.3891265694631156,8.567955644948555,0.5137177063571815,8.567955644948555,0.5137177063571815,82,81,2.1154698751449446,0.6291907879312522,0.6419753086419753,1,0,1,-0.004669016740195962,1.5566594477307893,0.10115236489438456,1.0793366267391251,0.06157985896261421,1.0793366267391251,0.06157985896261421,0.030458302652005224,"[-0.23657003901662885, 0.28981476304991366]",608,78,0.119533527696793,all targets for family; pattern-specific denominator unavailable,,
0.4,remove_T_vs_V,5,all,88,30,0.03409090909090909,2.659090909090909,2.6931818181818183,1.9073486328125e-06,88,85,1.6756391044438634,0.802930402930403,0.8,88,85,2.1634640004066337,0.6893509557473604,0.6823529411764706,14,2,12,0.4878248959627699,5.420380456170525,0.3587471577185513,5.784345928782584,0.5443053031114983,5.784345928782584,0.5443053031114983,88,85,1.6847740215681677,0.802930402930403,0.8,0,0,0,0.009134917124304465,1.5411015693358439,0.10260147025598688,0.6647422395707295,0.06050277758586781,0.6647422395707295,0.06050277758586781,0.4786899788384655,"[0.24399222991565234, 0.7140550340281135]",608,78,0.1282798833819242,all targets for family; pattern-specific denominator unavailable,,
0.4,remove_T_vs_V,5,exact_lag,87,30,0.0,2.67816091954023,2.67816091954023,1.9073486328125e-06,87,84,1.6812257171100227,0.8008314436885865,0.7976190476190477,87,84,2.1583860772263876,0.6864589599452385,0.6785714285714286,14,2,12,0.477160360116365,5.336196706472565,0.3533948669593871,5.713361956294547,0.5391359614626151,5.713361956294547,0.5391359614626151,87,84,1.6905020147424212,0.8008314436885865,0.7976190476190477,0,0,0,0.009276297632398782,1.552262525751257,0.10335691216067905,0.6692662275955298,0.06093916849316373,0.6692662275955298,0.06093916849316373,0.4678840624839662,"[0.239768303131923, 0.6971304429662312]",608,78,0.12682215743440234,all targets for family; pattern-specific denominator unavailable,,
0.4,remove_T_vs_V,6,all,91,27,0.04395604395604396,2.3736263736263736,2.4175824175824174,1.9073486328125e-06,91,90,0.7165607023003221,0.8740626605033384,0.8777777777777778,91,90,0.695980802643515,0.8861111111111111,0.8888888888888888,1,1,0,-0.020579899656807028,6.153339166082459,0.44689954492677386,0.5203802020260702,0.17712852410565338,0.5203802020260702,0.17712852410565338,91,90,0.7232889824544299,0.8740626605033384,0.8777777777777778,0,0,0,0.0067282801541078035,1.669474367718556,0.11949230784153969,0.33963281408943946,0.10641872898002173,0.33963281408943946,0.10641872898002173,-0.027308179810914834,"[-0.07944897303731138, 0.022695401127129793]",608,78,0.1326530612244898,all targets for family; pattern-specific denominator unavailable,,
0.4,remove_T_vs_V,6,exact_lag,90,27,0.0,2.3666666666666667,2.3666666666666667,1.9073486328125e-06,90,89,0.7131133873137233,0.8727077195380152,0.8764044943820225,90,89,0.6922781909211911,0.8848790706532088,0.8876404494382022,1,1,0,-0.02083519639253212,6.208034107080768,0.4512260426039385,0.5219822863464832,0.1781977982855687,0.5219822863464832,0.1781977982855687,90,89,0.7197741127428079,0.8727077195380152,0.8764044943820225,0,0,0,0.006660725429084693,1.6682173348700413,0.11989443519020085,0.3412231483978339,0.10713166394537901,0.3412231483978339,0.10713166394537901,-0.027495921821616816,"[-0.08003237868643209, 0.022917110435178127]",608,78,0.13119533527696792,all targets for family; pattern-specific denominator unavailable,,
0.4,remove_T_vs_V,7,all,130,30,0.046153846153846156,2.5307692307692307,2.4846153846153847,1.9073486328125e-06,130,125,0.9471283696146943,0.8962118845500848,0.896,130,125,0.9588608447443726,0.8884393939393939,0.888,1,0,1,0.011732475129678193,6.160407086986019,0.43720515038068103,0.0,0.0,0.0,0.0,130,125,0.9398088117339339,0.888,0.888,1,0,1,-0.007319557880760424,1.7104085876207669,0.1178251556828822,0.0,0.0,0.0,0.0,0.019052033010438618,"[-0.05120859700341107, 0.07017277398228604]",608,78,0.18950437317784258,all targets for family; pattern-specific denominator unavailable,,
0.4,remove_T_vs_V,7,exact_lag,128,30,0.0,2.5078125,2.5078125,1.9073486328125e-06,128,123,0.9521021536040238,0.8945487242890862,0.8943089430894309,128,123,0.9632282992815119,0.8866769497734502,0.8861788617886179,1,0,1,0.011126145677488035,6.16934212495992,0.4378375089140515,0.0,0.0,0.0,0.0,128,123,0.9439791768635419,0.8861788617886179,0.8861788617886179,1,0,1,-0.008122976740481961,1.670652913366005,0.11383501166843737,0.0,0.0,0.0,0.0,0.01924912241797,"[-0.05088178489688727, 0.07127837845982427]",608,78,0.18658892128279883,all targets for family; pattern-specific denominator unavailable,,
0.4,remove_T_vs_V,all,all,608,31,0.03453947368421053,2.5559210526315788,2.570723684210526,1.9073486328125e-06,608,585,1.30117203477692,0.8105787429005809,0.811965811965812,608,585,1.388995705047153,0.7927838297090184,0.7931623931623931,45,17,28,0.08782367027023309,5.679242742935495,0.3965199914050417,3.254759726062282,0.25026783136716046,3.254759726062282,0.25026783136716046,608,585,1.3098830099680452,0.8087666373225585,0.8102564102564103,3,1,2,0.008710975191125295,1.6411973562998374,0.11284832550690375,1.099124895538834,0.10337320630969787,1.099124895538834,0.10337320630969787,0.0791126950791078,"[0.01343074853334473, 0.15140139473159028]",608,78,0.8862973760932945,all targets for family; pattern-specific denominator unavailable,,
0.4,remove_T_vs_V,all,exact_lag,602,31,0.0,2.5564784053156147,2.5564784053156147,1.9073486328125e-06,602,579,1.3065610996760901,0.8085850060388571,0.8100172711571675,602,579,1.3926827870882728,0.7906281859981554,0.7910189982728842,45,17,28,0.08612168741218286,5.680312259688084,0.39661475149180825,3.2630175349440598,0.2506382783819376,3.2630175349440598,0.2506382783819376,602,579,1.3151618696772582,0.8067518121079257,0.8082901554404145,3,1,2,0.008600770001168176,1.633029283965116,0.11206943059357852,1.0997750479948547,0.10342216307937074,1.0997750479948547,0.10342216307937074,0.07752091741101466,"[0.009798847311061475, 0.14925906387353105]",608,78,0.8775510204081632,all targets for family; pattern-specific denominator unavailable,,
0.4,same_vs_other_speaker_A,all,all,0,,,,,,,,,,,,,,,,,,,,,,,,,,,,,,,,,,,,,,,,,,,,,,,unavailable,"{""speaker_unavailable"": 686}"
0.4,same_vs_other_speaker_T,all,all,0,,,,,,,,,,,,,,,,,,,,,,,,,,,,,,,,,,,,,,,,,,,,,,,unavailable,"{""speaker_unavailable"": 686}"
0.4,same_vs_other_speaker_V,all,all,0,,,,,,,,,,,,,,,,,,,,,,,,,,,,,,,,,,,,,,,,,,,,,,,unavailable,"{""speaker_unavailable"": 686}"
0.5,recent_vs_earlier_A,1,all,70,27,2.4571428571428573,3.2285714285714286,5.685714285714286,1.430511474609375e-06,70,68,1.6628957203607904,0.7003119429590018,0.7058823529411765,70,68,1.6700010560317997,0.7003119429590018,0.7058823529411765,0,0,0,0.007105335671009194,1.121281438982216,0.06880257756991061,0.7937173152461897,0.03864640866597027,0.7937173152461897,0.03864640866597027,70,68,1.6631922057545483,0.7003119429590018,0.7058823529411765,0,0,0,0.0002964853937579821,0.6261735372197865,0.039074771858214986,0.6136143613879599,0.02991896567311906,0.6136143613879599,0.02991896567311906,0.006808850277251212,"[-0.009049333438263037, 0.026005026178915355]",518,168,0.10204081632653061,all targets for family; pattern-specific denominator unavailable,,
0.5,recent_vs_earlier_A,2,all,98,27,2.8979591836734695,2.642857142857143,5.540816326530612,1.9073486328125e-06,98,90,1.1528012321562233,0.8883116883116883,0.8888888888888888,98,90,1.1531081230618405,0.8774777102984882,0.8777777777777778,1,0,1,0.00030689090561727294,1.1813255202223891,0.07418065318932683,1.3918381639598802,0.08433845574429952,1.3918381639598802,0.08433845574429952,98,90,1.155789547951616,0.8883116883116883,0.8888888888888888,0,0,0,0.0029883157953928354,0.5942032395786604,0.03726348894951843,0.7705734933909091,0.0477191149269382,0.7705734933909091,0.0477191149269382,-0.0026814248897755627,"[-0.015493368474094292, 0.008000561443732065]",518,168,0.14285714285714285,all targets for family; pattern-specific denominator unavailable,,
0.5,recent_vs_earlier_A,3,all,57,23,2.280701754385965,2.543859649122807,4.824561403508772,1.9073486328125e-06,57,55,1.2466275353628755,0.7692929292929293,0.7636363636363637,57,55,1.2618548191919956,0.7692929292929293,0.7636363636363637,0,0,0,0.015227283829120183,1.4832209652206152,0.09768285939529447,0.7940176169942216,0.07426199115362325,0.7940176169942216,0.07426199115362325,57,55,1.2516871423230898,0.7692929292929293,0.7636363636363637,0,0,0,0.0050596069602143025,0.6822030342365729,0.045810261567418714,0.6307803168857038,0.06426798554793015,0.6307803168857038,0.06426798554793015,0.010167676868905882,"[0.0014842765579934339, 0.01966554650726755]",518,168,0.08309037900874636,all targets for family; pattern-specific denominator unavailable,,
0.5,recent_vs_earlier_A,4,all,95,30,2.4842105263157896,2.568421052631579,5.052631578947368,1.9073486328125e-06,95,93,2.021839281195214,0.6420636997608502,0.6881720430107527,95,93,2.02135304424171,0.6167488931056294,0.6559139784946236,3,0,3,-0.000486236953504517,1.4401698619651402,0.09073624958116426,1.5863500435954174,0.09632107013246002,1.5863500435954174,0.09632107013246002,95,93,2.0166217967922,0.6493387088765339,0.6881720430107527,2,1,1,-0.005217484403013843,0.6645310187148006,0.041937367650793235,0.7468443344617045,0.04522121336139801,0.7468443344617045,0.04522121336139801,0.004731247449509326,"[-0.020022532027346957, 0.026104990425943757]",518,168,0.13848396501457727,all targets for family; pattern-specific denominator unavailable,,
0.5,recent_vs_earlier_A,5,all,66,24,2.606060606060606,2.606060606060606,5.212121212121212,1.9073486328125e-06,66,66,2.048705618468948,0.625668449197861,0.696969696969697,66,66,2.052876651884454,0.625668449197861,0.696969696969697,0,0,0,0.00417103341550577,1.1542653981171926,0.07164681349191993,0.3926921755273565,0.04297584610633894,0.3926921755273565,0.04297584610633894,66,66,2.0484518015985675,0.625668449197861,0.696969696969697,0,0,0,-0.0002538168703807163,0.6357018733676726,0.03970171238873624,0.3544136087838479,0.04039827519502751,0.3544136087838479,0.04039827519502751,0.004424850285886486,"[-0.005553183433952592, 0.016412727401918233]",518,168,0.09620991253644315,all targets for family; pattern-specific denominator unavailable,,
0.5,recent_vs_earlier_A,6,all,77,26,2.168831168831169,2.4805194805194803,4.64935064935065,1.9073486328125e-06,77,73,0.9337037647432491,0.8907015359070153,0.8904109589041096,77,73,0.9317622074286178,0.9044356852808957,0.9041095890410958,1,1,0,-0.001941557314631104,1.368711490224193,0.08781962018780913,0.9346844964542945,0.1357490222142546,0.9346844964542945,0.1357490222142546,77,73,0.9323249574494143,0.9044356852808957,0.9041095890410958,1,1,0,-0.001378807293834786,0.6267091484696581,0.039890920688756874,0.4289775083976373,0.0631836858588177,0.4289775083976373,0.0631836858588177,-0.0005627500207963178,"[-0.010820490620489535, 0.0075959419235042775]",518,168,0.11224489795918367,all targets for family; pattern-specific denominator unavailable,,
0.5,recent_vs_earlier_A,7,all,55,26,2.672727272727273,2.5636363636363635,5.236363636363636,1.9073486328125e-06,55,53,1.6547479409521901,0.834011823427378,0.8301886792452831,55,53,1.665966766877225,0.834011823427378,0.8301886792452831,0,0,0,0.01121882592503478,1.291591757266778,0.08238756683820844,0.0,0.0,0.0,0.0,55,53,1.6575491700494547,0.834011823427378,0.8301886792452831,0,0,0,0.002801229097264666,0.6501753970529712,0.04169971886296652,0.0,0.0,0.0,0.0,0.008417596827770112,"[-0.005593886039238203, 0.02284847869874328]",518,168,0.08017492711370262,all targets for family; pattern-specific denominator unavailable,,
0.5,recent_vs_earlier_A,all,all,518,30,2.525096525096525,2.66023166023166,5.185328185328185,1.9073486328125e-06,518,498,1.5263139379581963,0.7762815046636995,0.7811244979919679,518,498,1.5303526159340104,0.7710446529199803,0.7751004016064257,5,1,4,0.004038677975814201,1.2900177244932105,0.08165225436142788,0.9378590738558362,0.07266975479037736,0.9378590738558362,0.07266975479037736,518,498,1.5265793685165678,0.7788738323484118,0.7831325301204819,3,2,1,0.0002654305583718294,0.6371672967680078,0.04047816453947897,0.5440086173980027,0.042975909806030665,0.5440086173980027,0.042975909806030665,0.0037732474174423723,"[-0.0017381784320950296, 0.010014842532832352]",518,168,0.7551020408163265,all targets for family; pattern-specific denominator unavailable,,
0.5,recent_vs_earlier_T,1,all,77,28,2.5454545454545454,2.3766233766233764,4.922077922077922,1.430511474609375e-06,77,75,1.772372826734694,0.7017777777777777,0.7066666666666667,77,75,1.9242343062591842,0.6526315789473685,0.6666666666666666,11,4,7,0.15186147952448956,3.9973653480669604,0.2597455145531189,5.485859786702216,0.279005356153412,5.485859786702216,0.279005356153412,77,75,1.77729526530875,0.6913191023535852,0.6933333333333334,3,1,2,0.0049224385740555205,1.3105221295193574,0.08288821338821602,1.8076102143250132,0.08922710774262806,1.8076102143250132,0.08922710774262806,0.14693904095043409,"[0.035233135302090754, 0.2622865292127594]",523,163,0.11224489795918367,all targets for family; pattern-specific denominator unavailable,,
0.5,recent_vs_earlier_T,2,all,101,29,2.4158415841584158,2.4653465346534653,4.881188118811881,1.9073486328125e-06,101,93,1.0155269389779304,0.8924731182795699,0.8924731182795699,101,93,1.0119388234088302,0.8924731182795699,0.8924731182795699,0,0,0,-0.003588115569100379,3.874824195138669,0.25855242414868,1.4199944432632006,0.08970569442499507,1.4199944432632006,0.08970569442499507,101,93,1.0154092640526744,0.8924731182795699,0.8924731182795699,0,0,0,-0.00011767492525621099,1.3704933928348295,0.09117591015974336,0.858096676900446,0.0545950314962033,0.858096676900446,0.0545950314962033,-0.0034704406438441676,"[-0.028632935805626203, 0.020674316576251954]",523,163,0.14723032069970846,all targets for family; pattern-specific denominator unavailable,,
0.5,recent_vs_earlier_T,3,all,59,23,2.288135593220339,2.2711864406779663,4.559322033898305,1.9073486328125e-06,59,58,1.0944610196968592,0.7977297065752837,0.7931034482758621,59,58,1.0733811667315016,0.7977297065752837,0.7931034482758621,0,0,0,-0.021079852965357446,4.235168395819211,0.28683144788558207,1.0234005509926039,0.09907991575876332,1.0234005509926039,0.09907991575876332,59,58,1.1006050558949418,0.7977297065752837,0.7931034482758621,0,0,0,0.006144036198082411,1.2685283717950289,0.08314628445239716,0.8044594393786396,0.07953358053299804,0.8044594393786396,0.07953358053299804,-0.027223889163439857,"[-0.07924966011519836, 0.0295317331525755]",523,163,0.08600583090379009,all targets for family; pattern-specific denominator unavailable,,
0.5,recent_vs_earlier_T,4,all,95,30,2.4210526315789473,2.463157894736842,4.88421052631579,1.9073486328125e-06,95,93,2.2301299477304632,0.6080455407969639,0.6559139784946236,95,93,2.298062853534474,0.5997048281678262,0.6451612903225806,9,4,5,0.06793290580401128,4.060147280492363,0.2642061673354397,5.388772485431485,0.33987924268100045,5.388772485431485,0.33987924268100045,95,93,2.2092417175012864,0.604679191775966,0.6344086021505376,6,2,4,-0.020888230229176238,1.711613226709744,0.10984297447306629,2.381764788481189,0.1500372330693872,2.381764788481189,0.1500372330693872,0.08882113603318752,"[-0.07844373649105782, 0.28457209748109347]",523,163,0.13848396501457727,all targets for family; pattern-specific denominator unavailable,,
0.5,recent_vs_earlier_T,5,all,64,25,2.453125,2.515625,4.96875,1.9073486328125e-06,64,64,2.051772608048565,0.647348484848485,0.703125,64,64,1.9085172445947873,0.723391812865497,0.75,7,5,2,-0.14325536345377782,4.09884414945464,0.25854548199795585,4.064710128724718,0.4665295443454972,4.064710128724718,0.4665295443454972,64,64,2.026079716179313,0.647348484848485,0.703125,0,0,0,-0.02569289186925252,1.304220656581364,0.08150552049193659,1.3493331096583656,0.1452304954942966,1.3493331096583656,0.1452304954942966,-0.1175624715845253,"[-0.2999522631059728, 0.012114707138413066]",523,163,0.09329446064139942,all targets for family; pattern-specific denominator unavailable,,
0.5,recent_vs_earlier_T,6,all,74,26,2.0405405405405403,2.5405405405405403,4.581081081081081,1.9073486328125e-06,74,71,0.9101016155646444,0.887639942217407,0.8873239436619719,74,71,0.9018129068112183,0.9015669261702423,0.9014084507042254,1,1,0,-0.008288708753426171,3.931557732603657,0.25397895584105823,0.4432805301372431,0.06347560421556943,0.4432805301372431,0.06347560421556943,74,71,0.9218329051565665,0.9015669261702423,0.9014084507042254,1,1,0,0.01173128959192225,1.4197614903318319,0.09101482296960685,0.39228374282979234,0.057225422938547585,0.39228374282979234,0.057225422938547585,-0.02001999834534842,"[-0.05778684575793014, 0.017202620381332898]",523,163,0.10787172011661808,all targets for family; pattern-specific denominator unavailable,,
0.5,recent_vs_earlier_T,7,all,53,25,2.792452830188679,2.7358490566037736,5.528301886792453,1.9073486328125e-06,53,51,1.6326268885341344,0.8278388278388278,0.8235294117647058,53,51,1.693865240978667,0.8091397849462365,0.803921568627451,1,0,1,0.06123835244453302,4.045918840226349,0.2654761984235038,0.0,0.0,0.0,0.0,53,51,1.6281450982417143,0.8278388278388278,0.8235294117647058,0,0,0,-0.004481790292419485,1.1735915410346383,0.07618897147078679,0.0,0.0,0.0,0.0,0.06572014273695251,"[-0.01782956219508121, 0.15530962548377006]",523,163,0.07725947521865889,all targets for family; pattern-specific denominator unavailable,,
0.5,recent_vs_earlier_T,all,all,523,31,2.4110898661567877,2.4741873804971317,4.88527724665392,1.9073486328125e-06,523,505,1.5309114058337516,0.7740649536651778,0.7782178217821782,523,505,1.5500409927325978,0.7722063771731504,0.7762376237623763,29,14,15,0.019129586898846033,4.019958506348057,0.26299891563723926,2.736307587836991,0.19738626423568498,2.736307587836991,0.19738626423568498,523,505,1.526573918895584,0.7712481019002625,0.7742574257425743,10,4,6,-0.004337486938167555,1.3910311493369776,0.08971575222532693,1.175852444907388,0.08577444910023914,1.175852444907388,0.08577444910023914,0.02346707383701358,"[-0.016272449620315786, 0.06487673176116442]",523,163,0.7623906705539358,all targets for family; pattern-specific denominator unavailable,,
0.5,recent_vs_earlier_V,1,all,77,28,2.74025974025974,2.7012987012987013,5.441558441558442,1.430511474609375e-06,77,75,1.6468691496697154,0.729483282674772,0.7333333333333333,77,75,1.5994057578732175,0.7440860215053763,0.7466666666666667,3,2,1,-0.04746339179649798,2.005870689315778,0.12764423040796308,2.9865320332721925,0.14982991093616152,2.9865320332721925,0.14982991093616152,77,75,1.6363426882978531,0.7418181818181818,0.7466666666666667,1,1,0,-0.010526461371862092,0.7690896154324847,0.048382012169385716,1.1159102455210015,0.05492716296451088,1.1159102455210015,0.05492716296451088,-0.03693693042463588,"[-0.11184571228827749, 0.04203095525400782]",517,169,0.11224489795918367,all targets for family; pattern-specific denominator unavailable,,
0.5,recent_vs_earlier_V,2,all,104,27,2.5384615384615383,2.701923076923077,5.240384615384615,1.9073486328125e-06,104,97,1.0927662873784671,0.8965228793633568,0.8969072164948454,104,97,1.0815931955501,0.8863997044515852,0.8865979381443299,1,0,1,-0.011173091828367296,1.7944808283313174,0.1140473851562524,2.433106188692406,0.15194987255588616,2.433106188692406,0.15194987255588616,104,97,1.0973940786951462,0.8965228793633568,0.8969072164948454,0,0,0,0.004627791316679176,0.7931710047076312,0.05039209651910115,1.105532903629089,0.06944656556239212,1.105532903629089,0.06944656556239212,-0.015800883145046473,"[-0.0668085444028763, 0.029822226479659198]",517,169,0.15160349854227406,all targets for family; pattern-specific denominator unavailable,,
0.5,recent_vs_earlier_V,3,all,53,21,2.188679245283019,2.5849056603773586,4.773584905660377,1.9073486328125e-06,53,52,1.0249484705497138,0.8106463429044074,0.8076923076923077,53,52,1.0314370506935366,0.8291342803537926,0.8269230769230769,1,1,0,0.00648858014382262,2.0254555208727636,0.12971800194211644,2.0592483675198987,0.19425091071968337,2.0592483675198987,0.19425091071968337,53,52,1.0311761311971859,0.8106463429044074,0.8076923076923077,0,0,0,0.00622766064747176,0.8940627830299229,0.056157460509208834,0.9557882574948575,0.09039730544106551,0.9557882574948575,0.09039730544106551,0.0002609194963508608,"[-0.06889180565382595, 0.07449970708544416]",517,169,0.07725947521865889,all targets for family; pattern-specific denominator unavailable,,
0.5,recent_vs_earlier_V,4,all,92,30,2.141304347826087,2.467391304347826,4.608695652173913,1.9073486328125e-06,92,90,2.24056906145804,0.6372016460905351,0.6777777777777778,92,90,2.22318360255394,0.6200145754457065,0.6555555555555556,2,0,2,-0.01738545890409962,1.9270590513906853,0.12028863287125259,0.733491179613176,0.044123487080648886,0.733491179613176,0.044123487080648886,92,90,2.2404178716874315,0.6372016460905351,0.6777777777777778,0,0,0,-0.00015118977060853256,0.8261679829790587,0.05233964525757835,0.4716574537955136,0.028612156357244817,0.4716574537955136,0.028612156357244817,-0.017234269133491093,"[-0.03764516768063639, -0.0003727072058289344]",517,169,0.13411078717201166,all targets for family; pattern-specific denominator unavailable,,
0.5,recent_vs_earlier_V,5,all,64,24,2.484375,2.5,4.984375,1.9073486328125e-06,64,64,1.9208772239064142,0.6288329161451816,0.6875,64,64,1.9231503315667169,0.6037380382775119,0.671875,1,0,1,0.0022731076603026657,1.7585328931339983,0.11033445494285997,0.4090473921251646,0.04606805084364455,0.4090473921251646,0.04606805084364455,64,64,1.9149553369843555,0.6288329161451816,0.6875,0,0,0,-0.005921886922058824,0.7737434083684285,0.04858451492286468,0.3310218149254682,0.037767833807047686,0.3310218149254682,0.037767833807047686,0.00819499458236149,"[-0.01184945192209192, 0.02402669049861502]",517,169,0.09329446064139942,all targets for family; pattern-specific denominator unavailable,,
0.5,recent_vs_earlier_V,6,all,74,26,2.3513513513513513,2.22972972972973,4.581081081081081,1.9073486328125e-06,74,72,0.9225970374107817,0.8891478891478892,0.8888888888888888,74,72,0.9282850660269901,0.9030604552992612,0.9027777777777778,1,1,0,0.005688028616208534,1.8466137742543778,0.11836046349191992,0.24755432013548442,0.03582227276112597,0.24755432013548442,0.03582227276112597,74,72,0.9204969576875213,0.9030604552992612,0.9027777777777778,1,1,0,-0.0021000797232600715,0.7590479380718037,0.047366881890190775,0.187418046818598,0.0275855925941183,0.187418046818598,0.0275855925941183,0.007788108339468605,"[-0.016062264618703394, 0.03261738166300279]",517,169,0.10787172011661808,all targets for family; pattern-specific denominator unavailable,,
0.5,recent_vs_earlier_V,7,all,53,24,2.5849056603773586,2.7169811320754715,5.30188679245283,1.9073486328125e-06,53,51,1.628828666727973,0.8278388278388278,0.8235294117647058,53,51,1.6360786002960013,0.8278388278388278,0.8235294117647058,0,0,0,0.007249933568028662,1.817334535974882,0.1136561812095048,0.0,0.0,0.0,0.0,53,51,1.6265279664342982,0.8278388278388278,0.8235294117647058,0,0,0,-0.002300700293674561,0.6923789241723944,0.04393508046036415,0.0,0.0,0.0,0.0,0.009550633861703224,"[-0.01967806875438523, 0.03931515528590195]",517,169,0.07725947521865889,all targets for family; pattern-specific denominator unavailable,,
0.5,recent_vs_earlier_V,all,all,517,30,2.4332688588007736,2.5570599613152805,4.990328820116054,1.9073486328125e-06,517,501,1.5057011285110136,0.7843611120300835,0.7884231536926147,517,501,1.4957947248300256,0.782804293136271,0.7864271457085829,9,4,5,-0.009906403680987984,1.8785897087428238,0.11890715501663383,1.3619447098161939,0.09147689053341602,1.3619447098161939,0.09147689053341602,517,501,1.504406284311059,0.7884297702936668,0.7924151696606786,2,2,0,-0.0012948441999545265,0.7881773217535476,0.049711611653870905,0.6383058141175306,0.04513285329906174,0.6383058141175306,0.04513285329906174,-0.008611559481033459,"[-0.02477040261684687, 0.007261230741720155]",517,169,0.7536443148688047,all targets for family; pattern-specific denominator unavailable,,
0.5,remove_T_vs_A,1,all,82,30,0.036585365853658534,4.317073170731708,4.280487804878049,1.430511474609375e-06,82,80,1.7063994046094588,0.7076113360323888,0.7125,82,80,1.8210076734429181,0.6567611336032388,0.6625,8,2,6,0.1146082688334597,3.028265011496254,0.20674130032446678,4.169486591253394,0.22509243224599598,4.169486591253394,0.22509243224599598,82,80,1.7103535711085147,0.6959381044487427,0.7,1,0,1,0.00395416649905639,1.3332748055526478,0.09374585867061964,0.9335126004826623,0.049720150173549124,0.9335126004826623,0.049720150173549124,0.11065410233440331,"[0.01699694237361221, 0.21508484016121918]",578,108,0.119533527696793,all targets for family; pattern-specific denominator unavailable,,
0.5,remove_T_vs_A,1,exact_lag,81,29,0.0,4.271604938271605,4.271604938271605,1.430511474609375e-06,81,79,1.7268607008694916,0.7034125397882893,0.7088607594936709,81,79,1.8429642018730217,0.651832111925383,0.6582278481012658,8,2,6,0.11610350100353031,3.055998367364188,0.20864099905732167,4.209008252322462,0.22728520848761657,4.209008252322462,0.22728520848761657,81,79,1.730841835117993,0.6916576892001077,0.6962025316455697,1,0,1,0.0039811342485014285,1.3365015520501082,0.09400843575602019,0.9383921878230691,0.05000812683680925,0.9383921878230691,0.05000812683680925,0.11212236675502887,"[0.026567892724682518, 0.22271131836382166]",578,108,0.11807580174927114,all targets for family; pattern-specific denominator unavailable,,
0.5,remove_T_vs_A,2,all,110,30,0.045454545454545456,3.8181818181818183,3.772727272727273,1.9073486328125e-06,110,102,1.0786289001743405,0.8820302415637101,0.8823529411764706,110,102,1.0689273976134395,0.8820302415637101,0.8823529411764706,0,0,0,-0.00970150256090097,3.123862241794467,0.21385240701596,1.370371565823895,0.09202428691448668,1.370371565823895,0.09202428691448668,110,102,1.07350360316144,0.8820302415637101,0.8823529411764706,0,0,0,-0.005125297012900474,1.312615475142566,0.08959083194811573,1.6279707969867874,0.11438024234023411,1.6279707969867874,0.11438024234023411,-0.004576205548000496,"[-0.023130625330353836, 0.015981703742053342]",578,108,0.16034985422740525,all targets for family; pattern-specific denominator unavailable,,
0.5,remove_T_vs_A,2,exact_lag,108,29,0.0,3.814814814814815,3.814814814814815,1.9073486328125e-06,108,100,1.095181511563295,0.8796572827417382,0.88,108,100,1.0849204390768956,0.8796572827417382,0.88,0,0,0,-0.010261072486399838,3.0999879189345276,0.21262721465366952,1.364971130840358,0.09164491208893301,1.364971130840358,0.09164491208893301,108,100,1.0900124000619213,0.8796572827417382,0.88,0,0,0,-0.005169111501373796,1.2734947100936271,0.08756174606178178,1.5862261673430935,0.11170283077333171,1.5862261673430935,0.11170283077333171,-0.005091960985026043,"[-0.026264038808142307, 0.0182017645529485]",578,108,0.15743440233236153,all targets for family; pattern-specific denominator unavailable,,
0.5,remove_T_vs_A,3,all,65,24,0.03076923076923077,3.3230769230769233,3.292307692307692,1.9073486328125e-06,65,63,1.2461057511906173,0.7823391812865498,0.7777777777777778,65,63,1.2364295645735086,0.7823391812865498,0.7777777777777778,0,0,0,-0.009676186617108489,3.6497436724717467,0.2552871355993937,1.1012708244909242,0.1167510928650748,1.1012708244909242,0.1167510928650748,65,63,1.2559040668659083,0.7823391812865498,0.7777777777777778,0,0,0,0.009798315675291182,1.6510025119065725,0.11354073057311061,0.9041056044989695,0.09387631218604442,0.9041056044989695,0.09387631218604442,-0.01947450229239967,"[-0.06609514212083364, 0.021186230767517356]",578,108,0.09475218658892129,all targets for family; pattern-specific denominator unavailable,,
0.5,remove_T_vs_A,3,exact_lag,64,24,0.0,3.28125,3.28125,1.9073486328125e-06,64,62,1.2242651949516192,0.7785876198779426,0.7741935483870968,64,62,1.2142258513801578,0.7785876198779426,0.7741935483870968,0,0,0,-0.010039343571461426,3.6794460602112884,0.25781654850317726,1.1073095059611893,0.11744870967468889,1.1073095059611893,0.11744870967468889,64,62,1.2321992226078593,0.7785876198779426,0.7741935483870968,0,0,0,0.007934027656240166,1.6012677481960071,0.11128058025364547,0.8900504033152606,0.09250033853650097,0.8900504033152606,0.09250033853650097,-0.017973371227701592,"[-0.06582727337442262, 0.024192458349280823]",578,108,0.09329446064139942,all targets for family; pattern-specific denominator unavailable,,
0.5,remove_T_vs_A,4,all,101,30,0.09900990099009901,4.069306930693069,3.9702970297029703,1.9073486328125e-06,101,98,2.2025870850733766,0.6105789254477301,0.6632653061224489,101,98,2.1938301159223403,0.618321811483214,0.6632653061224489,10,5,5,-0.008756969151035994,3.5004647735470797,0.23772922493726867,4.46852810714226,0.29377678414520614,4.46852810714226,0.29377678414520614,101,98,2.2107038729202846,0.5875196232339089,0.6326530612244898,3,0,3,0.00811678784690866,1.514839586152469,0.10148604380958742,1.7084664870464146,0.11132542631062181,1.7084664870464146,0.11132542631062181,-0.016873756997944644,"[-0.1633396681307169, 0.12601273375158537]",578,108,0.14723032069970846,all targets for family; pattern-specific denominator unavailable,,
0.5,remove_T_vs_A,4,exact_lag,97,29,0.0,4.041237113402062,4.041237113402062,1.9073486328125e-06,97,94,1.9914492077970642,0.6245651522455733,0.6808510638297872,97,94,1.9993305938390582,0.632788753799392,0.6808510638297872,10,5,5,0.007881386041993796,3.5374234123080153,0.2408463006328771,4.48311520916589,0.2942050868617655,4.48311520916589,0.2942050868617655,97,94,1.9981208554642564,0.6002274168507139,0.648936170212766,3,0,3,0.00667164766719195,1.4397084718885322,0.09821592869623887,1.5998760093479498,0.10568437865276802,1.5998760093479498,0.10568437865276802,0.001209738374801841,"[-0.13888295275216134, 0.14957304083136902]",578,108,0.141399416909621,all targets for family; pattern-specific denominator unavailable,,
0.5,remove_T_vs_A,5,all,76,26,0.0,4.276315789473684,4.276315789473684,1.9073486328125e-06,76,75,2.0696930612011837,0.6348018815275454,0.6933333333333334,76,75,2.034449980392642,0.7085191538021728,0.7333333333333333,9,6,3,-0.03524308080854143,3.2585857076490803,0.22246365811309268,3.179902300178167,0.40115012803115074,3.179902300178167,0.40115012803115074,76,75,2.0707732260778386,0.6348018815275454,0.6933333333333334,0,0,0,0.0010801648766558712,1.3113123709102377,0.09216248321433285,0.6637973352973191,0.08172397966475944,0.6637973352973191,0.08172397966475944,-0.03632324568519731,"[-0.1493727823168716, 0.0677528513580762]",578,108,0.11078717201166181,all targets for family; pattern-specific denominator unavailable,,
0.5,remove_T_vs_A,5,exact_lag,76,26,0.0,4.276315789473684,4.276315789473684,1.9073486328125e-06,76,75,2.0696930612011837,0.6348018815275454,0.6933333333333334,76,75,2.034449980392642,0.7085191538021728,0.7333333333333333,9,6,3,-0.03524308080854143,3.2585857076490803,0.22246365811309268,3.179902300178167,0.40115012803115074,3.179902300178167,0.40115012803115074,76,75,2.0707732260778386,0.6348018815275454,0.6933333333333334,0,0,0,0.0010801648766558712,1.3113123709102377,0.09216248321433285,0.6637973352973191,0.08172397966475944,0.6637973352973191,0.08172397966475944,-0.03632324568519731,"[-0.1493727823168716, 0.0677528513580762]",578,108,0.11078717201166181,all targets for family; pattern-specific denominator unavailable,,
0.5,remove_T_vs_A,6,all,84,28,0.03571428571428571,3.8333333333333335,3.7976190476190474,1.9073486328125e-06,84,80,0.9679671720919523,0.9001885606536769,0.9,84,80,0.9534958830720716,0.9125964415052747,0.9125,1,1,0,-0.014471289019880495,3.0512087818503346,0.21171364431384285,0.5707119123114239,0.08798059442350001,0.5707119123114239,0.08798059442350001,84,80,0.9605575227384958,0.9127058823529411,0.9125,1,1,0,-0.007409649353456436,1.358217686994269,0.09427453690115332,0.9586190574543281,0.1576481904309973,0.9586190574543281,0.1576481904309973,-0.007061639666424059,"[-0.04442588450614005, 0.028997522632997954]",578,108,0.12244897959183673,all targets for family; pattern-specific denominator unavailable,,
0.5,remove_T_vs_A,6,exact_lag,83,27,0.0,3.7951807228915664,3.7951807228915664,1.9073486328125e-06,83,79,0.9725420272456871,0.8989631374088247,0.8987341772151899,83,79,0.9574980987008855,0.9115071631593724,0.9113924050632911,1,1,0,-0.015043928544801308,3.0644369568052032,0.21274526181099665,0.5730193835848579,0.08822358840673158,0.5730193835848579,0.08822358840673158,83,79,0.965277660901188,0.9116494456287804,0.9113924050632911,1,1,0,-0.007264366344498802,1.360707180078464,0.09451472967525332,0.9587917029041942,0.1575129838245029,0.9587917029041942,0.1575129838245029,-0.007779562200302507,"[-0.042898789812231934, 0.024882998586268548]",578,108,0.12099125364431487,all targets for family; pattern-specific denominator unavailable,,
0.5,remove_T_vs_A,7,all,60,27,0.0,3.966666666666667,3.966666666666667,1.9073486328125e-06,60,57,1.6009774456352168,0.8275233538391432,0.8245614035087719,60,57,1.6060382804887903,0.8275233538391432,0.8245614035087719,0,0,0,0.005060834853573588,3.2697030493826795,0.22013264229894158,0.0,0.0,0.0,0.0,60,57,1.6073890377741893,0.8275233538391432,0.8245614035087719,0,0,0,0.006411592138972628,1.2423328854205995,0.08581752890284523,0.0,0.0,0.0,0.0,-0.00135075728539904,"[-0.04975368628562142, 0.050013199278092696]",578,108,0.08746355685131195,all targets for family; pattern-specific denominator unavailable,,
0.5,remove_T_vs_A,7,exact_lag,60,27,0.0,3.966666666666667,3.966666666666667,1.9073486328125e-06,60,57,1.6009774456352168,0.8275233538391432,0.8245614035087719,60,57,1.6060382804887903,0.8275233538391432,0.8245614035087719,0,0,0,0.005060834853573588,3.2697030493826795,0.22013264229894158,0.0,0.0,0.0,0.0,60,57,1.6073890377741893,0.8275233538391432,0.8245614035087719,0,0,0,0.006411592138972628,1.2423328854205995,0.08581752890284523,0.0,0.0,0.0,0.0,-0.00135075728539904,"[-0.04975368628562142, 0.050013199278092696]",578,108,0.08746355685131195,all targets for family; pattern-specific denominator unavailable,,
0.5,remove_T_vs_A,all,all,578,31,0.039792387543252594,3.9550173010380623,3.91522491349481,1.9073486328125e-06,578,555,1.551378307027822,0.7736782689841012,0.7783783783783784,578,555,1.5569611693468068,0.7748284368272234,0.7783783783783784,28,14,14,0.0055828623189847874,3.257541683042771,0.223148805549967,2.258053789938383,0.17944343754602482,2.258053789938383,0.17944343754602482,578,555,1.55321485129462,0.7689088816192607,0.772972972972973,5,1,4,0.0018365442667978142,1.388097226329167,0.09557932767380788,1.069064703634958,0.0924881968371072,1.069064703634958,0.0924881968371072,0.003746318052186972,"[-0.028722818813150624, 0.03457191913293038]",578,108,0.8425655976676385,all targets for family; pattern-specific denominator unavailable,,
0.5,remove_T_vs_A,all,exact_lag,569,30,0.0,3.9332161687170473,3.9332161687170473,1.9073486328125e-06,569,546,1.5180231516753577,0.7752737465711558,0.7802197802197802,569,546,1.5264496790757116,0.7764636087748584,0.7802197802197802,28,14,14,0.008426527400353948,3.2673675676765397,0.22407568305215472,2.2553773600888745,0.17956472900878598,2.2553773600888745,0.17956472900878598,569,546,1.519399216838922,0.7704326199574104,0.7747252747252747,5,1,4,0.0013760651635642159,1.3621534645427578,0.09440839562774092,1.036031108663084,0.09063369157277924,1.036031108663084,0.09063369157277924,0.007050462236789731,"[-0.025848896694174953, 0.0362668927047698]",578,108,0.8294460641399417,all targets for family; pattern-specific denominator unavailable,,
0.5,remove_T_vs_V,1,all,83,29,0.024096385542168676,3.3373493975903616,3.3132530120481927,1.430511474609375e-06,83,81,1.7213688337788444,0.712926595094702,0.7160493827160493,83,81,1.8175629857046953,0.6858754075248921,0.691358024691358,8,3,5,0.09619415192585058,2.9946303771766103,0.2030706651206832,4.063308560972716,0.21464405875053166,4.063308560972716,0.21464405875053166,83,81,1.6845286881221342,0.6879636903203282,0.691358024691358,6,2,4,-0.03684014565671023,2.055215264082306,0.13947325124927254,3.0727777275821353,0.1650059335220462,3.0727777275821353,0.1650059335220462,0.1330342975825608,"[-0.006316804139119597, 0.3084405307366817]",577,109,0.12099125364431487,all targets for family; pattern-specific denominator unavailable,,
0.5,remove_T_vs_V,1,exact_lag,82,28,0.0,3.341463414634146,3.341463414634146,1.430511474609375e-06,82,80,1.735698235428606,0.7090080971659919,0.7125,82,80,1.8361741382547971,0.6814146620847652,0.6875,8,3,5,0.10047590282619116,2.9900992928437815,0.20229462505914186,4.0556063854216875,0.21358400200037592,4.0556063854216875,0.21358400200037592,82,80,1.6868963245126822,0.6972920696324951,0.7,5,2,3,-0.04880191091592381,1.9754801836411486,0.13287083406084277,2.9556319799496302,0.15708651433562465,2.9556319799496302,0.15708651433562465,0.149277813742115,"[-6.560921287624116e-06, 0.3208059306242966]",577,109,0.119533527696793,all targets for family; pattern-specific denominator unavailable,,
0.5,remove_T_vs_V,2,all,109,29,0.08256880733944955,3.5137614678899083,3.467889908256881,1.9073486328125e-06,109,102,1.1125189192199612,0.8919979427078819,0.8921568627450981,109,102,1.1154894423725656,0.8919979427078819,0.8921568627450981,0,0,0,0.0029705231526045463,3.0786973235452164,0.2140669036447465,1.3592182512601236,0.08938610046186789,1.3592182512601236,0.08938610046186789,109,102,1.0940587711788208,0.8919979427078819,0.8921568627450981,0,0,0,-0.018460148041140486,1.7555932190433632,0.12259232299367222,2.46619826910618,0.17129394387118635,2.46619826910618,0.17129394387118635,0.021430671193745036,"[-0.022094598694291243, 0.06954623028004529]",577,109,0.1588921282798834,all targets for family; pattern-specific denominator unavailable,,
0.5,remove_T_vs_V,2,exact_lag,104,28,0.0,3.5,3.5,1.9073486328125e-06,104,97,1.1008886884209301,0.8864256132918411,0.8865979381443299,104,97,1.1034374782496634,0.8864256132918411,0.8865979381443299,0,0,0,0.0025487898287334153,3.0046442738172425,0.20778858353354387,1.3438403752625498,0.08799142244035113,1.3438403752625498,0.08799142244035113,104,97,1.0827974553043782,0.8864256132918411,0.8865979381443299,0,0,0,-0.01809123311655195,1.6799267356016236,0.11561976052179859,2.3757606668026128,0.16323555638268264,2.3757606668026128,0.16323555638268264,0.020640022945285365,"[-0.025990762942278214, 0.07069094106174006]",577,109,0.15160349854227406,all targets for family; pattern-specific denominator unavailable,,
0.5,remove_T_vs_V,3,all,65,25,0.2,3.4461538461538463,3.3076923076923075,1.9073486328125e-06,65,63,1.2117480099271523,0.7815892815892816,0.7777777777777778,65,63,1.2173365428813492,0.7815892815892816,0.7777777777777778,0,0,0,0.005588532954197149,2.747578278171313,0.18660384551175185,1.2910849493947765,0.13090553132303748,1.2910849493947765,0.13090553132303748,65,63,1.231549890191917,0.7968876439464675,0.7936507936507936,1,1,0,0.019801880264764846,2.214049320801387,0.14824304598728316,2.3386756477429094,0.2560481947627022,2.3386756477429094,0.2560481947627022,-0.014213347310567698,"[-0.09196824489302063, 0.06330944066845584]",577,109,0.09475218658892129,all targets for family; pattern-specific denominator unavailable,,
0.5,remove_T_vs_V,3,exact_lag,58,23,0.0,3.2586206896551726,3.2586206896551726,1.9073486328125e-06,58,57,1.136760947967206,0.7924350518239331,0.7894736842105263,58,57,1.1377869439329473,0.7924350518239331,0.7894736842105263,0,0,0,0.0010259959657412015,2.8257432605529686,0.1899270689509326,1.3359360331225916,0.13269753635045145,1.3359360331225916,0.13269753635045145,58,57,1.1491353082011975,0.809255021612001,0.8070175438596491,1,1,0,0.012374360233991575,2.108189036961779,0.13795711241177536,2.244688897037663,0.22817884899988902,2.244688897037663,0.22817884899988902,-0.011348364268250373,"[-0.09104358763253204, 0.07115554705231103]",577,109,0.08454810495626822,all targets for family; pattern-specific denominator unavailable,,
0.5,remove_T_vs_V,4,all,103,30,0.11650485436893204,3.6310679611650487,3.533980582524272,1.9073486328125e-06,103,101,2.327522250368921,0.6287033875801372,0.6633663366336634,103,101,2.373799400521448,0.617940411552676,0.6435643564356436,6,2,4,0.04627715015252711,2.965111634463587,0.2024967555325738,4.26682727427732,0.2797153065936813,4.26682727427732,0.2797153065936813,103,101,2.318633468524387,0.6126900013945057,0.6435643564356436,2,0,2,-0.008888781844533348,1.817153443960901,0.12902061289856764,0.9100992001264746,0.06093818800556007,0.9100992001264746,0.06093818800556007,0.05516593199706047,"[-0.029021315819916182, 0.149039020482105]",577,109,0.15014577259475217,all targets for family; pattern-specific denominator unavailable,,
0.5,remove_T_vs_V,4,exact_lag,97,29,0.0,3.3711340206185567,3.3711340206185567,1.9073486328125e-06,97,95,2.3487096406382695,0.6144550192448481,0.6526315789473685,97,95,2.4000617282481596,0.6038781163434903,0.631578947368421,6,2,4,0.05135208760989026,3.06399656304807,0.20863132721571467,4.4280017619255565,0.2899914422551978,4.4280017619255565,0.2899914422551978,97,95,2.3394734034769558,0.5978380294169768,0.631578947368421,2,0,2,-0.009236237161313221,1.774733137203024,0.1250198607266406,0.9046299381675224,0.060156164718473376,0.9046299381675224,0.060156164718473376,0.06058832477120348,"[-0.028828513216716905, 0.16467264770828452]",577,109,0.141399416909621,all targets for family; pattern-specific denominator unavailable,,
0.5,remove_T_vs_V,5,all,71,25,0.04225352112676056,3.2816901408450705,3.23943661971831,1.9073486328125e-06,71,70,1.9890625777497701,0.6623931623931624,0.7142857142857143,71,70,1.9134863671668028,0.6870748299319729,0.7142857142857143,8,4,4,-0.07557621058296664,3.5738812715611457,0.23276633079784198,3.7591465992412316,0.4594638982744427,3.7591465992412316,0.4594638982744427,71,70,1.9803657978925597,0.6623931623931624,0.7142857142857143,0,0,0,-0.008696779857209949,1.7238242805483894,0.11650780965601143,0.6418055586686466,0.07770376692088589,0.6418055586686466,0.07770376692088589,-0.06687943072575671,"[-0.1914938367829037, 0.04944630640497837]",577,109,0.10349854227405247,all targets for family; pattern-specific denominator unavailable,,
0.5,remove_T_vs_V,5,exact_lag,70,25,0.0,3.2714285714285714,3.2714285714285714,1.9073486328125e-06,70,69,1.9844405947302903,0.6580467935966657,0.7101449275362319,70,69,1.8866026009770358,0.6955574262152304,0.7246376811594203,7,4,3,-0.09783799375325454,3.519480525839733,0.22866639991250115,3.7052851928603845,0.4516858419911365,3.7052851928603845,0.4516858419911365,70,69,1.9742410236726435,0.6580467935966657,0.7101449275362319,0,0,0,-0.010199571057646798,1.6936166424336963,0.11431136946215235,0.6503217914970855,0.07872683150734391,0.6503217914970855,0.07872683150734391,-0.08763842269560773,"[-0.229653870273818, 0.035411731012297054]",577,109,0.10204081632653061,all targets for family; pattern-specific denominator unavailable,,
0.5,remove_T_vs_V,6,all,86,28,0.12790697674418605,3.2790697674418605,3.313953488372093,1.9073486328125e-06,86,82,0.986882547291011,0.8903910066650927,0.8902439024390244,86,82,0.9722726477212561,0.9025553761798799,0.9024390243902439,1,1,0,-0.014609899569754801,3.3891901831406455,0.23184559680728423,0.45179977825701473,0.07649585373161547,0.45179977825701473,0.07649585373161547,86,82,0.9912972732643859,0.902555168408827,0.9024390243902439,1,1,0,0.004414725973375008,1.7636322355245437,0.12150100458582105,0.2749248165155626,0.049804818553865725,0.2749248165155626,0.049804818553865725,-0.01902462554312981,"[-0.05669742167463759, 0.020633846168879165]",577,109,0.12536443148688048,all targets for family; pattern-specific denominator unavailable,,
0.5,remove_T_vs_V,6,exact_lag,82,26,0.0,3.207317073170732,3.207317073170732,1.9073486328125e-06,82,79,1.010444349531232,0.8864064300941462,0.8860759493670886,82,79,0.9892905160891723,0.8989631374088247,0.8987341772151899,1,1,0,-0.021153833442059584,3.361116113032324,0.2293140361319374,0.44663478115065336,0.07598861269383897,0.44663478115065336,0.07598861269383897,82,79,1.0139419539884804,0.899060000325823,0.8987341772151899,1,1,0,0.003497604457248533,1.7472974760662274,0.1203271636407485,0.2759948249273542,0.05031106958818951,0.2759948249273542,0.05031106958818951,-0.024651437899308116,"[-0.06547454024602863, 0.009506743435013423]",577,109,0.119533527696793,all targets for family; pattern-specific denominator unavailable,,
0.5,remove_T_vs_V,7,all,60,26,0.15,3.9,3.783333333333333,1.9073486328125e-06,60,57,1.5774226314963151,0.8275233538391432,0.8245614035087719,60,57,1.630122244507955,0.8107466734469022,0.8070175438596491,1,0,1,0.05269961301164017,3.129516435483184,0.2136349343631947,0.0,0.0,0.0,0.0,60,57,1.55860078183362,0.8275233538391432,0.8245614035087719,0,0,0,-0.018821849662694772,1.8573330779947834,0.13138209642309,0.0,0.0,0.0,0.0,0.07152146267433494,"[0.003105408981648174, 0.13693716500791658]",577,109,0.08746355685131195,all targets for family; pattern-specific denominator unavailable,,
0.5,remove_T_vs_V,7,exact_lag,55,24,0.0,3.8727272727272726,3.8727272727272726,1.9073486328125e-06,55,53,1.5860544255967137,0.8150371640937679,0.8113207547169812,55,53,1.6323671397617545,0.7971255619667954,0.7924528301886793,1,0,1,0.046312714165041055,3.0345700532289324,0.2065058999093938,0.0,0.0,0.0,0.0,55,53,1.5693628009772975,0.8150371640937679,0.8113207547169812,0,0,0,-0.016691624619415986,1.7170358988919632,0.12004908480481799,0.0,0.0,0.0,0.0,0.06300433878445705,"[-0.0041849117949932955, 0.13433897575878875]",577,109,0.08017492711370262,all targets for family; pattern-specific denominator unavailable,,
0.5,remove_T_vs_V,all,all,577,31,0.1022530329289428,3.4783362218370883,3.4211438474870017,1.9073486328125e-06,577,556,1.5656452128404212,0.7790967979098486,0.7823741007194245,577,556,1.582936923772001,0.7727862049414201,0.7751798561151079,24,10,14,0.017291710931579662,3.121522232518024,0.21223188969545576,2.2782795847236463,0.18037895691540504,2.2782795847236463,0.18037895691540504,577,556,1.5551332085862066,0.77570004823267,0.7787769784172662,10,4,6,-0.010512004254214597,1.8691965671201982,0.1290603654125972,1.4537643437158043,0.1128015255380465,1.4537643437158043,0.1128015255380465,0.02780371518579427,"[-0.01595041898809416, 0.0716416929931798]",577,109,0.8411078717201166,all targets for family; pattern-specific denominator unavailable,,
0.5,remove_T_vs_V,all,exact_lag,548,30,0.0,3.3923357664233578,3.3923357664233578,1.9073486328125e-06,548,530,1.5685710232215933,0.7735008071164016,0.7773584905660378,548,530,1.5822730009810984,0.7687414179130801,0.7716981132075472,23,10,13,0.013701977759505206,3.1161467759542725,0.21098431411154603,2.3272145967415208,0.18310163920653663,2.3272145967415208,0.18310163920653663,548,530,1.5550552334170096,0.7720144565449819,0.7754716981132076,9,4,5,-0.013515789804583577,1.8018145373366186,0.12321099533354068,1.4152118481434572,0.10686769921669947,1.4152118481434572,0.10686769921669947,0.02721776756408878,"[-0.012533555896001703, 0.0712570654567346]",577,109,0.7988338192419825,all targets for family; pattern-specific denominator unavailable,,
0.5,same_vs_other_speaker_A,all,all,0,,,,,,,,,,,,,,,,,,,,,,,,,,,,,,,,,,,,,,,,,,,,,,,unavailable,"{""speaker_unavailable"": 686}"
0.5,same_vs_other_speaker_T,all,all,0,,,,,,,,,,,,,,,,,,,,,,,,,,,,,,,,,,,,,,,,,,,,,,,unavailable,"{""speaker_unavailable"": 686}"
0.5,same_vs_other_speaker_V,all,all,0,,,,,,,,,,,,,,,,,,,,,,,,,,,,,,,,,,,,,,,,,,,,,,,unavailable,"{""speaker_unavailable"": 686}"
0.6,recent_vs_earlier_A,1,all,87,25,3.218390804597701,3.1494252873563218,6.367816091954023,1.9073486328125e-06,87,83,2.0176112538128335,0.6982950670606957,0.7108433734939759,87,83,2.015423989683391,0.7124215832886581,0.7228915662650602,1,1,0,-0.0021872641294428904,1.0313797773317168,0.06615156153279077,0.942852359980076,0.04499984858539856,0.942852359980076,0.04499984858539856,87,83,2.0177251188548833,0.6982950670606957,0.7108433734939759,0,0,0,0.00011386504204939114,0.4880372014538616,0.030880887526887592,0.613568101604286,0.028409245582597633,0.613568101604286,0.028409245582597633,-0.0023011291714922816,"[-0.013758951495332529, 0.010693638508875562]",422,264,0.12682215743440234,all targets for family; pattern-specific denominator unavailable,,
0.6,recent_vs_earlier_A,2,all,99,28,2.9292929292929295,3.121212121212121,6.05050505050505,1.9073486328125e-06,99,96,1.0049089298349467,0.8625494071146246,0.8645833333333334,99,96,0.9965270734298134,0.8625494071146246,0.8645833333333334,0,0,0,-0.008381856405133096,1.1525375841827386,0.07866487969209542,1.3686502589403677,0.10407431068138477,1.3686502589403677,0.10407431068138477,99,96,1.0043832610665824,0.8625494071146246,0.8645833333333334,0,0,0,-0.0005256687683640962,0.48544456620278165,0.032660386036338904,0.5864047753788283,0.04540003775583794,0.5864047753788283,0.04540003775583794,-0.007856187636769,"[-0.022952836563483518, 0.010614522534820902]",422,264,0.14431486880466474,all targets for family; pattern-specific denominator unavailable,,
0.6,recent_vs_earlier_A,3,all,41,22,3.2195121951219514,2.951219512195122,6.170731707317073,1.430511474609375e-06,41,40,0.8512831607540848,0.8744358478401031,0.875,41,40,0.851866999242299,0.8744358478401031,0.875,0,0,0,0.0005838384882143786,1.0657579561136654,0.06779499101104199,0.5623276185571895,0.05920708288612139,0.5623276185571895,0.05920708288612139,41,40,0.8499043761134243,0.8744358478401031,0.875,0,0,0,-0.001378784640660411,0.4800295136016626,0.03125690031487279,0.49414655116300715,0.05227136317237699,0.49414655116300715,0.05227136317237699,0.0019626231288747895,"[-0.0033506136093092317, 0.007524989083227662]",422,264,0.0597667638483965,all targets for family; pattern-specific denominator unavailable,,
0.6,recent_vs_earlier_A,4,all,89,27,2.898876404494382,3.101123595505618,6.0,1.9073486328125e-06,89,84,1.9956064259873276,0.7194364799696499,0.7261904761904762,89,84,1.9921496010439763,0.7085470828623599,0.7142857142857143,1,0,1,-0.0034568249433512437,1.0743022537151314,0.06639427523856892,1.2649017707814123,0.07129970487184656,1.2649017707814123,0.07129970487184656,89,84,1.9921673938466602,0.7194364799696499,0.7261904761904762,0,0,0,-0.003439032140667493,0.5083310379342105,0.031017121800317373,0.6904316360138243,0.03813889546630286,0.6904316360138243,0.03813889546630286,-1.7792802683750547e-05,"[-0.015558700710554077, 0.016390480105649512]",422,264,0.12973760932944606,all targets for family; pattern-specific denominator unavailable,,
0.6,recent_vs_earlier_A,5,all,39,20,3.5384615384615383,3.076923076923077,6.615384615384615,1.9073486328125e-06,39,38,2.2043840672749684,0.6026566783797351,0.6052631578947368,39,38,2.1957931463065266,0.6026566783797351,0.6052631578947368,0,0,0,-0.008590920968442205,1.010388909754182,0.06810476059943112,0.5586514313918179,0.05285835187154747,0.5586514313918179,0.05285835187154747,39,38,2.200924808623822,0.6026566783797351,0.6052631578947368,0,0,0,-0.003459258651146243,0.44411482658272067,0.029474145928011692,0.38838182570015767,0.03697545042319586,0.38838182570015767,0.03697545042319586,-0.005131662317295962,"[-0.021398354930126144, 0.009520463324536781]",422,264,0.056851311953352766,all targets for family; pattern-specific denominator unavailable,,
0.6,recent_vs_earlier_A,6,all,46,23,3.5869565217391304,2.717391304347826,6.304347826086956,1.9073486328125e-06,46,44,0.7859683411310643,0.8621509209744503,0.8636363636363636,46,44,0.7833524671129348,0.8621509209744503,0.8636363636363636,0,0,0,-0.002615874018129399,1.092364239548155,0.07038599626847708,0.7708859957660653,0.1567534945847522,0.7708859957660653,0.1567534945847522,46,44,0.7870273485197099,0.8621509209744503,0.8636363636363636,0,0,0,0.0010590073886455138,0.3934020099356341,0.025250478595853016,0.2952072099108809,0.06151751567252147,0.2952072099108809,0.06151751567252147,-0.003674881406774913,"[-0.015898633156286545, 0.008541473633285038]",422,264,0.06705539358600583,all targets for family; pattern-specific denominator unavailable,,
0.6,recent_vs_earlier_A,7,all,21,16,2.9047619047619047,3.4761904761904763,6.380952380952381,1.9073486328125e-06,21,21,1.0990469925748416,0.8095238095238095,0.8095238095238095,21,21,1.095906858254249,0.8095238095238095,0.8095238095238095,0,0,0,-0.003140134320592506,0.8469468281987592,0.057859260415609924,0.0,0.0,0.0,0.0,21,21,1.0973208289813083,0.8095238095238095,0.8095238095238095,0,0,0,-0.0017261635935331963,0.3637405845815115,0.023050699046475016,0.0,0.0,0.0,0.0,-0.0014139707270593095,"[-0.011782913134134446, 0.006910329200379859]",422,264,0.030612244897959183,all targets for family; pattern-specific denominator unavailable,,
0.6,recent_vs_earlier_A,all,all,422,29,3.137440758293839,3.075829383886256,6.213270142180095,1.9073486328125e-06,422,406,1.4993726393341,0.7745997795650229,0.7783251231527094,422,406,1.4950476754747473,0.774934668989547,0.7783251231527094,2,1,1,-0.0043249638593526535,1.0677252230688619,0.06952744083178002,0.9725222335148659,0.07645413315213517,0.9725222335148659,0.07645413315213517,422,406,1.4981233853929214,0.7745997795650229,0.7783251231527094,0,0,0,-0.0012492539411787656,0.4703707203420647,0.030230214625953725,0.5257567409080502,0.039752473880386226,0.5257567409080502,0.039752473880386226,-0.0030757099181738887,"[-0.009041654699027261, 0.003529447747059729]",422,264,0.6151603498542274,all targets for family; pattern-specific denominator unavailable,,
0.6,recent_vs_earlier_T,1,all,95,26,3.168421052631579,2.8,5.968421052631579,1.9073486328125e-06,95,93,2.189371553173768,0.6397907585004359,0.6451612903225806,95,93,2.211204570505432,0.5780721722070696,0.6021505376344086,18,7,11,0.021833017331663433,6.634407217913704,0.4665691067542839,9.340152211514498,0.4869858086932094,9.340152211514498,0.4869858086932094,95,93,2.150887355688827,0.6517157997633379,0.6559139784946236,3,2,1,-0.0384841974849418,1.5393824866385935,0.10412117866483052,2.274439553028066,0.11376234260203989,2.274439553028066,0.11376234260203989,0.06031721481660524,"[-0.22667702437486772, 0.34529712147736213]",448,238,0.13848396501457727,all targets for family; pattern-specific denominator unavailable,,
0.6,recent_vs_earlier_T,2,all,94,27,3.382978723404255,3.223404255319149,6.6063829787234045,1.9073486328125e-06,94,91,0.8900036423202473,0.8665668696628449,0.8681318681318682,94,91,0.8995133953132713,0.8549179567998517,0.8571428571428571,1,0,1,0.009509752993024138,6.134984211823551,0.45217039806140435,1.4384188104053288,0.10822701452177476,1.4384188104053288,0.10822701452177476,94,91,0.8892899252240536,0.8665668696628449,0.8681318681318682,0,0,0,-0.0007137170961937264,1.4523613328598832,0.09986431519170914,0.6857298583633944,0.051375199583340386,0.6857298583633944,0.051375199583340386,0.010223470089217866,"[-0.04129081961064469, 0.07442571200380231]",448,238,0.13702623906705538,all targets for family; pattern-specific denominator unavailable,,
0.6,recent_vs_earlier_T,3,all,45,21,3.2444444444444445,2.8666666666666667,6.111111111111111,1.430511474609375e-06,45,44,0.6405726546511065,0.9090909090909091,0.9090909090909091,45,44,0.6164254507429965,0.9090909090909091,0.9090909090909091,0,0,0,-0.02414720390810996,5.4276081456935446,0.3835801241357061,0.8542547352902324,0.09234838846178192,0.8542547352902324,0.09234838846178192,45,44,0.64539161908406,0.9090909090909091,0.9090909090909091,0,0,0,0.004818964432953467,1.3473430633963437,0.09077804310608784,0.6589956975897809,0.07147058751716177,0.6589956975897809,0.07147058751716177,-0.028966168341063428,"[-0.07286236608419211, 0.014973067928847996]",448,238,0.06559766763848396,all targets for family; pattern-specific denominator unavailable,,
0.6,recent_vs_earlier_T,4,all,100,27,3.22,2.93,6.15,1.9073486328125e-06,100,98,2.1716117749839525,0.6814942193093453,0.6836734693877551,100,98,2.1776961633875045,0.7117346938775511,0.7142857142857143,11,7,4,0.006084388403551477,5.226576655887958,0.3609273053801536,7.587194842648246,0.48219334183505624,7.587194842648246,0.48219334183505624,100,98,2.2182638520797884,0.6911443148688047,0.6938775510204082,1,1,0,0.04665207709583545,1.6817512444673395,0.11184040435825844,2.612576889698819,0.16176495468708535,2.612576889698819,0.16176495468708535,-0.04056768869228398,"[-0.31397636397512585, 0.2533496298714987]",448,238,0.1457725947521866,all targets for family; pattern-specific denominator unavailable,,
0.6,recent_vs_earlier_T,5,all,39,19,3.0256410256410255,3.358974358974359,6.384615384615385,1.9073486328125e-06,39,38,2.3432559607700587,0.6889097744360901,0.6842105263157895,39,38,2.1164675070248897,0.6889097744360901,0.6842105263157895,6,3,3,-0.22678845374516982,6.039691162224368,0.4218456776379331,6.443980233517592,0.7025461755914578,6.443980233517592,0.7025461755914578,39,38,2.3951180222919763,0.6889097744360901,0.6842105263157895,0,0,0,0.05186206152191646,1.3502515240138802,0.08836483131980885,1.615988777214644,0.1554503448107009,1.615988777214644,0.1554503448107009,-0.27865051526708623,"[-0.7265006944936865, 0.24354242528214315]",448,238,0.056851311953352766,all targets for family; pattern-specific denominator unavailable,,
0.6,recent_vs_earlier_T,6,all,53,27,2.830188679245283,3.150943396226415,5.981132075471698,1.9073486328125e-06,53,49,0.7560640661056651,0.876600985221675,0.8775510204081632,53,49,0.6944697225408959,0.9183673469387755,0.9183673469387755,2,2,0,-0.06159434356476917,5.090343089834365,0.3237082097278428,0.4745208971381391,0.09909338628535454,0.4745208971381391,0.09909338628535454,53,49,0.7723818566118994,0.876600985221675,0.8775510204081632,0,0,0,0.01631779050623437,1.6015181025981844,0.09886337380981391,0.33587420355446307,0.07076975865340442,0.33587420355446307,0.07076975865340442,-0.07791213407100356,"[-0.15175979146193797, -0.014093848283732262]",448,238,0.07725947521865889,all targets for family; pattern-specific denominator unavailable,,
0.6,recent_vs_earlier_T,7,all,22,17,2.3636363636363638,3.090909090909091,5.454545454545454,1.9073486328125e-06,22,22,1.0389849389866341,0.8181818181818182,0.8181818181818182,22,22,0.9547253299374536,0.8181818181818182,0.8181818181818182,0,0,0,-0.08425960904918041,5.179083274306728,0.340150605122171,0.0,0.0,0.0,0.0,22,22,1.0733540317274275,0.8181818181818182,0.8181818181818182,0,0,0,0.03436909274079349,2.293973779530738,0.14987221056055278,0.0,0.0,0.0,0.0,-0.11862870178997391,"[-0.2978094245555759, 0.017030566230041046]",448,238,0.03206997084548105,all targets for family; pattern-specific denominator unavailable,,
0.6,recent_vs_earlier_T,all,all,448,29,3.140625,3.029017857142857,6.169642857142857,1.9073486328125e-06,448,435,1.5445393605326896,0.7637650625236833,0.7655172413793103,448,435,1.5189297774707835,0.7623031880286272,0.7655172413793103,38,19,19,-0.025609583061905937,5.7882437608949555,0.4046289029903883,4.678909848840114,0.3157661901258441,4.678909848840114,0.3157661901258441,448,435,1.555259352223398,0.768397120121258,0.7701149425287356,4,3,1,0.010719991690708463,1.5615548121495226,0.10386380768416115,1.4559548095647432,0.1000953657840544,1.4559548095647432,0.1000953657840544,-0.036329574752614405,"[-0.14063209864605763, 0.06544499474003877]",448,238,0.6530612244897959,all targets for family; pattern-specific denominator unavailable,,
0.6,recent_vs_earlier_V,1,all,107,29,3.1682242990654204,3.336448598130841,6.5046728971962615,1.9073486328125e-06,107,103,2.150945511522828,0.6553521579090392,0.6601941747572816,107,103,2.1704282848118206,0.6575258112851249,0.6601941747572816,2,1,1,0.019482773288992415,1.4617470731829598,0.09489443433965927,2.2371785053765523,0.10747980110595212,2.2371785053765523,0.10747980110595212,107,103,2.1478224905227448,0.6553521579090392,0.6601941747572816,0,0,0,-0.003123021000083752,0.45869174646437244,0.030033033587327725,0.7477598381530943,0.036315441456908196,0.7477598381530943,0.036315441456908196,0.02260579428907617,"[-0.004208045525966319, 0.06401067944214879]",496,190,0.15597667638483964,all targets for family; pattern-specific denominator unavailable,,
0.6,recent_vs_earlier_V,2,all,109,28,2.853211009174312,3.018348623853211,5.871559633027523,1.9073486328125e-06,109,106,0.9745192729368383,0.8755143434642476,0.8773584905660378,109,106,0.9722992898652129,0.8755143434642476,0.8773584905660378,0,0,0,-0.002219983071625374,1.575649140004122,0.10883900602392106,2.2702796947677752,0.16877824517221066,2.2702796947677752,0.16877824517221066,109,106,0.9767673655512314,0.8755143434642476,0.8773584905660378,0,0,0,0.002248092614393124,0.5065762257182486,0.03519685526383221,0.7575228755163586,0.05749888347411525,0.7575228755163586,0.05749888347411525,-0.004468075686018498,"[-0.02813267723203836, 0.017217610468208456]",496,190,0.1588921282798834,all targets for family; pattern-specific denominator unavailable,,
0.6,recent_vs_earlier_V,3,all,49,22,2.836734693877551,2.673469387755102,5.510204081632653,1.430511474609375e-06,49,48,0.758609289139606,0.895509977827051,0.8958333333333334,49,48,0.7563925053929738,0.895509977827051,0.8958333333333334,0,0,0,-0.002216783746632383,1.6049329764761304,0.10312302840890385,1.6164166587014481,0.1744048144984507,1.6164166587014481,0.1744048144984507,49,48,0.7553960344128375,0.895509977827051,0.8958333333333334,0,0,0,-0.003213254726768474,0.48839571413752103,0.03184073812620253,0.649318420332847,0.0704759391131945,0.649318420332847,0.0704759391131945,0.00099647098013609,"[-0.02381568161357347, 0.032224096942958684]",496,190,0.07142857142857142,all targets for family; pattern-specific denominator unavailable,,
0.6,recent_vs_earlier_V,4,all,110,29,3.0454545454545454,3.209090909090909,6.254545454545455,1.9073486328125e-06,110,105,2.0612014030176757,0.702536707020232,0.7047619047619048,110,105,2.060493410759872,0.6937728937728938,0.6952380952380952,1,0,1,-0.0007079922578037619,1.4016184073167839,0.09081223280127912,0.8294974836634555,0.04962500419718035,0.8294974836634555,0.04962500419718035,110,105,2.0637855462710544,0.702536707020232,0.7047619047619048,0,0,0,0.002584143253378776,0.4904465464941884,0.03230992654358254,0.46518468600021534,0.02857043087295384,0.46518468600021534,0.02857043087295384,-0.003292135511182538,"[-0.011390055934244065, 0.0040047608271862505]",496,190,0.16034985422740525,all targets for family; pattern-specific denominator unavailable,,
0.6,recent_vs_earlier_V,5,all,42,22,3.119047619047619,3.4523809523809526,6.571428571428571,1.9073486328125e-06,42,41,2.222601753429455,0.6755002618341083,0.6829268292682927,42,41,2.214108849331313,0.6755002618341083,0.6829268292682927,0,0,0,-0.008492904098142032,1.4701584776301475,0.09613137650858902,0.4434178123837396,0.04186597519842309,0.4434178123837396,0.04186597519842309,42,41,2.228819784716625,0.6755002618341083,0.6829268292682927,0,0,0,0.0062180312871704824,0.5047084980859048,0.03351544410075106,0.358108059994123,0.03885290989754287,0.358108059994123,0.03885290989754287,-0.014710935385312514,"[-0.04794569145134876, 0.00952726324524382]",496,190,0.061224489795918366,all targets for family; pattern-specific denominator unavailable,,
0.6,recent_vs_earlier_V,6,all,55,25,3.2181818181818183,3.1636363636363636,6.381818181818182,1.9073486328125e-06,55,51,0.7307212773715457,0.8996357436255135,0.9019607843137255,55,51,0.7335335726017562,0.8996357436255135,0.9019607843137255,0,0,0,0.0028122952302104516,1.315719092920182,0.08367480817257897,0.22013702598960896,0.04565337575557926,0.22013702598960896,0.04565337575557926,55,51,0.730659473985119,0.8996357436255135,0.9019607843137255,0,0,0,-6.180338642660957e-05,0.5171140376479371,0.03324184948083238,0.19301166358439079,0.04077523439719597,0.19301166358439079,0.04077523439719597,0.002874098616637061,"[-0.012341828342851111, 0.014672996141729894]",496,190,0.08017492711370262,all targets for family; pattern-specific denominator unavailable,,
0.6,recent_vs_earlier_V,7,all,24,18,3.4166666666666665,3.7916666666666665,7.208333333333333,1.9073486328125e-06,24,24,1.0172926074392803,0.8333333333333334,0.8333333333333334,24,24,1.018455173205164,0.8333333333333334,0.8333333333333334,0,0,0,0.0011625657658838329,1.0848716919919894,0.07136650532678294,0.0,0.0,0.0,0.0,24,24,1.0124620466796148,0.8333333333333334,0.8333333333333334,0,0,0,-0.004830560759665416,0.3679037716586415,0.02269739127174558,0.0,0.0,0.0,0.0,0.005993126525549249,"[-0.0020575289821035975, 0.016304197912603322]",496,190,0.03498542274052478,all targets for family; pattern-specific denominator unavailable,,
0.6,recent_vs_earlier_V,all,all,496,30,3.0524193548387095,3.185483870967742,6.237903225806452,1.9073486328125e-06,496,478,1.5286930372194716,0.7756617110696609,0.7782426778242678,496,478,1.5316810470563516,0.773966635320545,0.7761506276150628,3,1,2,0.002988009836879928,1.4538720978267874,0.0955886260520631,1.3871346992618452,0.0971190734659524,1.3871346992618452,0.0971190734659524,496,478,1.5290549521263173,0.7756617110696609,0.7782426778242678,0,0,0,0.0003619149068460201,0.48517349816961314,0.032147112237457656,0.5468213592477662,0.04157995777153583,0.5468213592477662,0.04157995777153583,0.0026260949300339074,"[-0.007345040172914125, 0.013454435528899187]",496,190,0.7230320699708455,all targets for family; pattern-specific denominator unavailable,,
0.6,remove_T_vs_A,1,all,106,28,0.2358490566037736,4.650943396226415,4.566037735849057,1.9073486328125e-06,106,103,2.2564946994322206,0.6469846900672144,0.6504854368932039,106,103,2.228902369511314,0.5967320855557477,0.6019417475728155,9,2,7,-0.027592329920906277,4.224629601454113,0.29091167561965536,6.1407146077807475,0.3139723545282034,6.1407146077807475,0.3139723545282034,106,103,2.2503235244816153,0.657755620046081,0.6601941747572816,1,1,0,-0.006171174950605037,1.1135981513714628,0.07831845457032376,1.0154210553601544,0.051679927074763383,1.0154210553601544,0.051679927074763383,-0.021421154970301236,"[-0.23342091135597323, 0.15498879160639817]",529,157,0.15451895043731778,all targets for family; pattern-specific denominator unavailable,,
0.6,remove_T_vs_A,1,exact_lag,94,25,0.0,4.4787234042553195,4.4787234042553195,1.9073486328125e-06,94,91,2.288538212653778,0.6515600881798065,0.6593406593406593,94,91,2.2390269238010654,0.5937990580847724,0.6043956043956044,9,2,7,-0.04951128885271277,4.259724685986938,0.29045746400364525,6.209207552524948,0.3143195047034072,6.209207552524948,0.3143195047034072,94,91,2.280490967187542,0.6640026640026641,0.6703296703296703,1,1,0,-0.008047245466235716,1.1032501234149186,0.07722179828605397,1.0158831888947568,0.05157545951854379,1.0158831888947568,0.05157545951854379,-0.04146404338647705,"[-0.24861278623287736, 0.14813009324628093]",529,157,0.13702623906705538,all targets for family; pattern-specific denominator unavailable,,
0.6,remove_T_vs_A,2,all,117,30,0.28205128205128205,5.35042735042735,5.444444444444445,1.9073486328125e-06,117,112,0.9696552676068889,0.873495989304813,0.875,117,112,0.9652922026800432,0.8641050303836612,0.8660714285714286,1,0,1,-0.004363064926845821,4.362145465634326,0.32022325511944477,1.1696124607715734,0.09453814408243806,1.1696124607715734,0.09453814408243806,117,112,0.9626652038100162,0.873495989304813,0.875,0,0,0,-0.006990063796872746,1.1143991489434004,0.07749094682009,1.3592127659366045,0.11819671097299086,1.3592127659366045,0.11819671097299086,0.0026269988700269253,"[-0.04197970810892681, 0.0591546012809726]",529,157,0.17055393586005832,all targets for family; pattern-specific denominator unavailable,,
0.6,remove_T_vs_A,2,exact_lag,104,29,0.0,4.980769230769231,4.980769230769231,1.9073486328125e-06,104,99,1.041334019609816,0.8566822066822066,0.8585858585858586,104,99,1.037524534886722,0.8459804658151765,0.8484848484848485,1,0,1,-0.003809484723094153,4.495616389322591,0.3301628341306564,1.2147912607010427,0.0980934746593539,1.2147912607010427,0.0980934746593539,104,99,1.0331226748784725,0.8566822066822066,0.8585858585858586,0,0,0,-0.008211344731343438,1.178501811515156,0.08164053648314593,1.4361429996247896,0.12534464808866602,1.4361429996247896,0.12534464808866602,0.0044018600082492915,"[-0.04336638095183103, 0.05998501037429488]",529,157,0.15160349854227406,all targets for family; pattern-specific denominator unavailable,,
0.6,remove_T_vs_A,3,all,49,22,0.2653061224489796,4.448979591836735,4.510204081632653,1.430511474609375e-06,49,48,0.7797001675863158,0.8954116059379217,0.8958333333333334,49,48,0.7739987682618221,0.8954116059379217,0.8958333333333334,0,0,0,-0.005701399324493718,3.84649097614765,0.266854537534892,0.8161712575408953,0.0879825363651906,0.8161712575408953,0.0879825363651906,49,48,0.7792372552189704,0.8954116059379217,0.8958333333333334,0,0,0,-0.0004629123673456359,1.0361928568906693,0.06724567083238621,0.6734815190611948,0.07006151838217939,0.6734815190611948,0.07006151838217939,-0.005238486957148082,"[-0.06540146726462838, 0.0392960491662756]",529,157,0.07142857142857142,all targets for family; pattern-specific denominator unavailable,,
0.6,remove_T_vs_A,3,exact_lag,43,21,0.0,4.1395348837209305,4.1395348837209305,1.430511474609375e-06,43,42,0.8420490071364095,0.8803157626687039,0.8809523809523809,43,42,0.8336602934412503,0.8803157626687039,0.8809523809523809,0,0,0,-0.008388713695159112,3.7520541808974595,0.25907680422782564,0.7873737022217092,0.08540715399519422,0.7873737022217092,0.08540715399519422,43,42,0.842779090401089,0.8803157626687039,0.8809523809523809,0,0,0,0.0007300832646795808,1.0338861889603337,0.06583711453288661,0.67411560160933,0.07009727939115015,0.67411560160933,0.07009727939115015,-0.009118796959838691,"[-0.06921763504997429, 0.04245540694635169]",529,157,0.06268221574344024,all targets for family; pattern-specific denominator unavailable,,
0.6,remove_T_vs_A,4,all,120,28,0.2833333333333333,4.575,4.641666666666667,1.9073486328125e-06,120,115,2.058617846044031,0.675752182388338,0.6782608695652174,120,115,1.992421562478698,0.6869565217391305,0.6869565217391305,7,4,3,-0.06619628356533318,3.6528623862355944,0.25768949071423564,5.243198054444918,0.3363588838410998,5.243198054444918,0.3363588838410998,120,115,2.057290699480225,0.6594500594830868,0.6608695652173913,2,0,2,-0.001327146563806375,1.178971330508827,0.08040473998118743,1.4722802631384537,0.09214284680549396,1.4722802631384537,0.09214284680549396,-0.06486913700152679,"[-0.21393059730062217, 0.0708179839550661]",529,157,0.1749271137026239,all targets for family; pattern-specific denominator unavailable,,
0.6,remove_T_vs_A,4,exact_lag,105,26,0.0,4.485714285714286,4.485714285714286,1.9073486328125e-06,105,100,2.0961507200538447,0.6754304365565075,0.68,105,100,1.9155031901575892,0.7172727272727272,0.72,4,4,0,-0.18064752989625565,3.4576857745471936,0.24110728969515258,4.938251312757679,0.30583655045653946,4.938251312757679,0.30583655045653946,105,100,2.085926148153132,0.6660726274031126,0.67,1,0,1,-0.010224571900713129,1.1799734324360032,0.07872356618738754,1.4606950521901991,0.08695792165190287,1.4606950521901991,0.08695792165190287,-0.17042295799554255,"[-0.3369502307202189, -0.03714119172674512]",529,157,0.15306122448979592,all targets for family; pattern-specific denominator unavailable,,
0.6,remove_T_vs_A,5,all,48,22,0.3125,4.791666666666667,5.104166666666667,1.9073486328125e-06,48,47,2.208659179550683,0.7021276595744681,0.7021276595744681,48,47,2.0566268482544587,0.7282262634588635,0.723404255319149,5,3,2,-0.15203233129622482,4.181194889342535,0.29046236225732563,4.494708137828247,0.44085273215957566,4.494708137828247,0.44085273215957566,48,47,2.1962903425167113,0.7021276595744681,0.7021276595744681,0,0,0,-0.012368837033972466,0.9925201155545343,0.06970821640082663,0.7818754765032567,0.0796258360207757,0.7818754765032567,0.0796258360207757,-0.13966349426225236,"[-0.4277267422017774, 0.08506822959422497]",529,157,0.06997084548104957,all targets for family; pattern-specific denominator unavailable,,
0.6,remove_T_vs_A,5,exact_lag,44,20,0.0,4.454545454545454,4.454545454545454,9.5367431640625e-07,44,43,2.2764083374369535,0.6744186046511628,0.6744186046511628,44,43,2.0865830262687948,0.7017393003713113,0.6976744186046512,5,3,2,-0.18982531116815918,4.384976251459623,0.30430850097427675,4.707497285675996,0.45960145236747163,4.707497285675996,0.45960145236747163,44,43,2.2639836755925007,0.6744186046511628,0.6744186046511628,0,0,0,-0.012424661844452718,1.0560493022662163,0.0741433853463733,0.8200081444856253,0.08320502375460288,0.8200081444856253,0.08320502375460288,-0.17740064932370633,"[-0.45711117256893413, 0.06999895173838604]",529,157,0.0641399416909621,all targets for family; pattern-specific denominator unavailable,,
0.6,remove_T_vs_A,6,all,64,27,0.3125,4.046875,3.953125,1.9073486328125e-06,64,60,0.8651276488482151,0.8820071893519867,0.8833333333333333,64,60,0.8142412072176504,0.9164031809907061,0.9166666666666666,2,2,0,-0.05088644163056463,4.277699359363344,0.288386578479934,0.5247439420131551,0.11408410013389395,0.5247439420131551,0.11408410013389395,64,60,0.8643511677419387,0.8820071893519867,0.8833333333333333,0,0,0,-0.0007764811062763591,1.2580092609427982,0.08489977784126228,0.9345733928460691,0.21926684606276498,0.9345733928460691,0.21926684606276498,-0.050109960524288275,"[-0.10773544935729575, 0.0002756640808014801]",529,157,0.09329446064139942,all targets for family; pattern-specific denominator unavailable,,
0.6,remove_T_vs_A,6,exact_lag,54,26,0.0,3.7962962962962963,3.7962962962962963,1.9073486328125e-06,54,50,0.9244718975280797,0.8591515151515151,0.86,54,50,0.8774149621670093,0.8998795664391811,0.9,2,2,0,-0.0470569353610704,4.414066288426975,0.2985784421397196,0.5559788149854398,0.12015720703078568,0.5559788149854398,0.12015720703078568,54,50,0.9226836635473601,0.8591515151515151,0.86,0,0,0,-0.0017882339807196918,1.3162214211206509,0.08825767154474923,0.9711952108537643,0.22516757276617871,0.9711952108537643,0.22516757276617871,-0.04526870138035071,"[-0.11431849580621761, 0.013913590568404233]",529,157,0.07871720116618076,all targets for family; pattern-specific denominator unavailable,,
0.6,remove_T_vs_A,7,all,25,19,0.12,4.32,4.2,1.9073486328125e-06,25,25,0.9827375461283582,0.84,0.84,25,25,0.918447859645921,0.84,0.84,0,0,0,-0.06428968648243712,3.6563337981908375,0.23570272061058362,0.0,0.0,0.0,0.0,25,25,0.9799124818587062,0.84,0.84,0,0,0,-0.0028250642696518113,0.8920129682119813,0.059985429715644314,0.0,0.0,0.0,0.0,-0.0614646222127853,"[-0.1649591474384196, 0.0176620039248559]",529,157,0.03644314868804665,all targets for family; pattern-specific denominator unavailable,,
0.6,remove_T_vs_A,7,exact_lag,24,18,0.0,4.208333333333333,4.208333333333333,1.9073486328125e-06,24,24,1.021946080857826,0.8333333333333334,0.8333333333333334,24,24,0.9559671785415084,0.8333333333333334,0.8333333333333334,0,0,0,-0.06597890231631769,3.6780932674520046,0.2377080565978488,0.0,0.0,0.0,0.0,24,24,1.0189011573339937,0.8333333333333334,0.8333333333333334,0,0,0,-0.0030449235238323804,0.8944323109133219,0.060405180894394304,0.0,0.0,0.0,0.0,-0.06293397879248532,"[-0.17850815394958927, 0.02695004125172785]",529,157,0.03498542274052478,all targets for family; pattern-specific denominator unavailable,,
0.6,remove_T_vs_A,all,all,529,30,0.27032136105860116,4.693761814744802,4.729678638941399,1.9073486328125e-06,529,510,1.5573342211432177,0.7687507306445613,0.7705882352941177,529,510,1.512306405469431,0.765673544988319,0.7666666666666667,24,11,13,-0.04502781567378649,4.065939054925,0.2846746164761976,3.2254558929915413,0.22207666603533074,3.2254558929915413,0.22207666603533074,529,510,1.5528579491624452,0.767115212097911,0.7686274509803922,3,1,2,-0.004476271980772414,1.1174480086440666,0.07673160594122087,1.0844602485967423,0.09764151559199455,1.0844602485967423,0.09764151559199455,-0.04055154369301408,"[-0.12234586900626417, 0.020251789636497677]",529,157,0.7711370262390671,all targets for family; pattern-specific denominator unavailable,,
0.6,remove_T_vs_A,all,exact_lag,468,29,0.0,4.465811965811966,4.465811965811966,1.9073486328125e-06,468,449,1.611827816657533,0.7589355948097769,0.7616926503340757,468,449,1.5330760330082938,0.7618124785875081,0.7639198218262806,21,11,10,-0.07875178364923911,4.085312679778837,0.2848596317147006,3.204123920222865,0.21847019938088516,3.204123920222865,0.21847019938088516,468,449,1.6046292369229895,0.7591954886769101,0.7616926503340757,2,1,1,-0.0071985797345433585,1.1402404231448753,0.07761620249540258,1.102001587200274,0.0979674601662603,1.102001587200274,0.0979674601662603,-0.07155320391469576,"[-0.15431269769206696, -0.009477948556908696]",529,157,0.6822157434402333,all targets for family; pattern-specific denominator unavailable,,
0.6,remove_T_vs_V,1,all,113,29,0.035398230088495575,4.3628318584070795,4.327433628318584,1.9073486328125e-06,113,110,2.1751153000351224,0.6616305654418176,0.6636363636363637,113,110,2.2742224604282493,0.6346007883847906,0.6454545454545455,14,6,8,0.09910716039312682,4.90053098629792,0.3529503783519166,6.82821716700054,0.36286480242383023,6.82821716700054,0.36286480242383023,113,110,2.2058946800817756,0.6630305109591498,0.6636363636363637,2,1,1,0.030779380046653048,1.4669693698637012,0.104693420284096,2.2288061808484416,0.11753788941034021,2.2288061808484416,0.11753788941034021,0.06832778034647377,"[-0.13547321939716195, 0.24613724788086963]",544,142,0.16472303206997085,all targets for family; pattern-specific denominator unavailable,,
0.6,remove_T_vs_V,1,exact_lag,110,28,0.0,4.372727272727273,4.372727272727273,1.9073486328125e-06,110,107,2.201684058202958,0.6521242185202705,0.6542056074766355,110,107,2.310248731562154,0.6241119546256322,0.6355140186915887,14,6,8,0.1085646733591961,4.9416619194700875,0.3563450375089769,6.872128297625584,0.3657136402294622,6.872128297625584,0.3657136402294622,110,107,2.2369046484282786,0.6535796786278285,0.6542056074766355,2,1,1,0.035220590225320696,1.3890268038954474,0.1009233437840016,2.113419337309198,0.11334639164285482,2.113419337309198,0.11334639164285482,0.0733440831338754,"[-0.13853958601022673, 0.26991127922295705]",544,142,0.16034985422740525,all targets for family; pattern-specific denominator unavailable,,
0.6,remove_T_vs_V,2,all,115,29,0.0782608695652174,5.208695652173913,5.147826086956521,1.9073486328125e-06,115,111,0.9398709601833348,0.872111241676459,0.8738738738738738,115,111,0.9156248820607789,0.872111241676459,0.8738738738738738,0,0,0,-0.02424607812255576,4.496714256824486,0.3281589704835798,1.267090029035495,0.0975358830378644,1.267090029035495,0.0975358830378644,115,111,0.9348013047678705,0.872111241676459,0.8738738738738738,0,0,0,-0.005069655415464218,1.3568852074210518,0.09290705188346386,2.0736791172776377,0.16408700983433833,2.0736791172776377,0.16408700983433833,-0.019176422707091547,"[-0.04823811956550042, 0.009747035051994288]",544,142,0.16763848396501457,all targets for family; pattern-specific denominator unavailable,,
0.6,remove_T_vs_V,2,exact_lag,110,28,0.0,5.3090909090909095,5.3090909090909095,1.9073486328125e-06,110,106,0.9435627786398724,0.8658016160128241,0.8679245283018868,110,106,0.9184746949390264,0.8658016160128241,0.8679245283018868,0,0,0,-0.02508808370084588,4.351370646153759,0.31672283415318964,1.2499624537479033,0.09463947525550787,1.2499624537479033,0.09463947525550787,110,106,0.9436832139101846,0.8658016160128241,0.8679245283018868,0,0,0,0.00012043527031222064,1.270153395656423,0.08682154713928295,1.9766779655030515,0.15128774891453786,1.9766779655030515,0.15128774891453786,-0.0252085189711581,"[-0.05810135741964841, 0.00764037825338828]",544,142,0.16034985422740525,all targets for family; pattern-specific denominator unavailable,,
0.6,remove_T_vs_V,3,all,52,22,0.057692307692307696,4.5576923076923075,4.5,1.430511474609375e-06,52,51,0.7384008520323158,0.9016516342445531,0.9019607843137255,52,51,0.7168261822299299,0.9016516342445531,0.9019607843137255,0,0,0,-0.02157466980238595,3.816854903928923,0.2626139528133714,1.0171545750197155,0.11230114349912122,1.0171545750197155,0.11230114349912122,52,51,0.7211269663510305,0.9016516342445531,0.9019607843137255,0,0,0,-0.017273885681285468,1.0707895831113183,0.06821693870953255,1.1979722160766941,0.12981461358050783,1.1979722160766941,0.12981461358050783,-0.004300784121100484,"[-0.03059447203568749, 0.02360589539233601]",544,142,0.07580174927113703,all targets for family; pattern-specific denominator unavailable,,
0.6,remove_T_vs_V,3,exact_lag,51,22,0.0,4.529411764705882,4.529411764705882,1.430511474609375e-06,51,50,0.7224599437929052,0.8996279454319966,0.9,51,50,0.7007928345348808,0.8996279454319966,0.9,0,0,0,-0.021667109258024318,3.8583334862064196,0.2652168659003048,0.9975264625189327,0.10862848159044206,0.9975264625189327,0.10862848159044206,51,50,0.7065313908321762,0.8996279454319966,0.9,0,0,0,-0.01592855296072906,1.0615101597939698,0.06724372047161375,1.194314380074004,0.1283298615848221,1.194314380074004,0.1283298615848221,-0.0057385562972952575,"[-0.03300355869872204, 0.023268467830356663]",544,142,0.07434402332361516,all targets for family; pattern-specific denominator unavailable,,
0.6,remove_T_vs_V,4,all,122,28,0.07377049180327869,4.639344262295082,4.713114754098361,1.9073486328125e-06,122,117,2.0812337943088095,0.6813809763617876,0.6837606837606838,122,117,2.132518263430507,0.6752136752136753,0.6752136752136753,17,8,9,0.05128446912169694,4.568884689039655,0.326017877624009,6.814359381234042,0.43898268253054473,6.814359381234042,0.43898268253054473,122,117,2.0793381029038054,0.673361652353249,0.6752136752136753,1,0,1,-0.0018956914050046881,1.3986258798052882,0.09799225114298493,1.0247499069906956,0.06365428770401602,1.0247499069906956,0.06365428770401602,0.053180160526701624,"[-0.1503908683632914, 0.309675473164425]",544,142,0.17784256559766765,all targets for family; pattern-specific denominator unavailable,,
0.6,remove_T_vs_V,4,exact_lag,119,28,0.0,4.722689075630252,4.722689075630252,1.9073486328125e-06,119,114,2.100481202748292,0.6808789877507067,0.6842105263157895,119,114,2.162256843538676,0.675004383548783,0.6754385964912281,17,8,9,0.06177564079038372,4.515552137883268,0.32190877427710757,6.76297581221129,0.4362543674601368,6.76297581221129,0.4362543674601368,119,114,2.0992077737902717,0.6727242239409755,0.6754385964912281,1,0,1,-0.0012734289580203174,1.3779669759910873,0.09595102938944709,1.0191948503847155,0.06318188214901356,1.0191948503847155,0.06318188214901356,0.06304906974840405,"[-0.14963803997186145, 0.327731227535326]",544,142,0.17346938775510204,all targets for family; pattern-specific denominator unavailable,,
0.6,remove_T_vs_V,5,all,51,23,0.1568627450980392,4.784313725490196,4.862745098039215,1.9073486328125e-06,51,50,2.1655612278799503,0.6667252747252748,0.66,51,50,1.9116922495948028,0.7268055555555556,0.72,9,6,3,-0.25386897828514743,4.924820610118042,0.35680821103436977,5.34025251291313,0.5887689515712317,5.34025251291313,0.5887689515712317,51,50,2.153838173895431,0.6667252747252748,0.66,0,0,0,-0.011723053984519458,1.244149424825719,0.08788573749815427,0.6345891364241523,0.06301465715659631,0.6345891364241523,0.06301465715659631,-0.24214592430062795,"[-0.6416170922468359, 0.10322419502145459]",544,142,0.07434402332361516,all targets for family; pattern-specific denominator unavailable,,
0.6,remove_T_vs_V,5,exact_lag,48,22,0.0,4.895833333333333,4.895833333333333,1.9073486328125e-06,48,47,2.1836752424594743,0.6886949700951073,0.6808510638297872,48,47,1.9652612762512984,0.7302023074157596,0.723404255319149,8,5,3,-0.21841396620817555,4.827809110640931,0.34819596009892667,5.240631935895455,0.5799731909763,5.240631935895455,0.5799731909763,48,47,2.17247646227646,0.6886949700951073,0.6808510638297872,0,0,0,-0.011198780183013976,1.2453971956982894,0.08739860740943795,0.6293551796340111,0.062250853366058956,0.6293551796340111,0.062250853366058956,-0.20721518602516156,"[-0.6221758516132829, 0.16062602665564216]",544,142,0.06997084548104957,all targets for family; pattern-specific denominator unavailable,,
0.6,remove_T_vs_V,6,all,64,27,0.0625,4.34375,4.28125,1.9073486328125e-06,64,60,0.9502857343072041,0.865390749601276,0.8666666666666667,64,60,0.9341372416370565,0.8828148148148147,0.8833333333333333,1,1,0,-0.016148492670147563,4.570389172377271,0.30707064687904284,0.42717187099321574,0.1412608559001132,0.42717187099321574,0.1412608559001132,64,60,0.9501734043524537,0.865390749601276,0.8666666666666667,0,0,0,-0.00011232995475041543,1.3399082552141697,0.08892888950563226,0.2785537014980648,0.08262845411613505,0.2785537014980648,0.08262845411613505,-0.016036162715397147,"[-0.07316252653080167, 0.05166426451798224]",544,142,0.09329446064139942,all targets for family; pattern-specific denominator unavailable,,
0.6,remove_T_vs_V,6,exact_lag,62,27,0.0,4.354838709677419,4.354838709677419,1.9073486328125e-06,62,58,0.9758568764460198,0.8606488261660675,0.8620689655172413,62,58,0.9602738255246892,0.8787336182179698,0.8793103448275862,1,1,0,-0.015583050921330438,4.51923505029319,0.3005240037406729,0.42333875971729235,0.14205302099948613,0.42333875971729235,0.14205302099948613,62,58,0.975854084312167,0.8606488261660675,0.8620689655172413,0,0,0,-2.7921338528164926e-06,1.3027474262103704,0.084889527914382,0.28064312112523554,0.08378600284782192,0.28064312112523554,0.08378600284782192,-0.015580258787477621,"[-0.07346678640530457, 0.0547830975413342]",544,142,0.09037900874635568,all targets for family; pattern-specific denominator unavailable,,
0.6,remove_T_vs_V,7,all,27,19,0.18518518518518517,4.518518518518518,4.407407407407407,1.9073486328125e-06,27,27,0.9122144663766789,0.8518518518518519,0.8518518518518519,27,27,0.9031033597814654,0.8518518518518519,0.8518518518518519,0,0,0,-0.00911110659521362,3.620113600730063,0.24568629524176464,0.0,0.0,0.0,0.0,27,27,0.9146810050821677,0.8518518518518519,0.8518518518518519,0,0,0,0.002466538705488618,1.2587254864612942,0.08259931962272081,0.0,0.0,0.0,0.0,-0.011577645300702237,"[-0.06043891308869289, 0.047046254987230994]",544,142,0.03935860058309038,all targets for family; pattern-specific denominator unavailable,,
0.6,remove_T_vs_V,7,exact_lag,24,18,0.0,4.583333333333333,4.583333333333333,1.9073486328125e-06,24,24,0.9380426128590814,0.8333333333333334,0.8333333333333334,24,24,0.9313367692409426,0.8333333333333334,0.8333333333333334,0,0,0,-0.006705843618138724,3.6818609504395923,0.24909245330032995,0.0,0.0,0.0,0.0,24,24,0.9401737803805453,0.8333333333333334,0.8333333333333334,0,0,0,0.002131167521464019,1.0962944460269306,0.07329800770683308,0.0,0.0,0.0,0.0,-0.008837011139602743,"[-0.05966063970707761, 0.049268813851151665]",544,142,0.03498542274052478,all targets for family; pattern-specific denominator unavailable,,
0.6,remove_T_vs_V,all,all,544,30,0.07720588235294118,4.667279411764706,4.6525735294117645,1.9073486328125e-06,544,526,1.547926942548008,0.7667108035745492,0.7680608365019012,544,526,1.546674757331004,0.7685131174787792,0.7699619771863118,41,21,20,-0.0012521852170043332,4.537088884965992,0.32267472630577554,3.8625728925070897,0.2769922927604192,3.8625728925070897,0.2769922927604192,544,526,1.5501825948281363,0.7651219808110137,0.7661596958174905,3,1,2,0.0022556522801280648,1.3443273721329527,0.09268530529709713,1.3379296390903734,0.10141532944634701,1.3379296390903734,0.10141532944634701,-0.0035078374971323945,"[-0.08588968555140285, 0.07205667509579619]",544,142,0.793002915451895,all targets for family; pattern-specific denominator unavailable,,
0.6,remove_T_vs_V,all,exact_lag,524,30,0.0,4.719465648854962,4.719465648854962,1.9073486328125e-06,524,506,1.56605426144947,0.763119050981532,0.7648221343873518,524,506,1.573340031988334,0.7628551480426101,0.7648221343873518,40,20,20,0.007285770538863945,4.497426274165557,0.3190740140813126,3.8681207822865407,0.27621978141421005,3.8681207822865407,0.27621978141421005,524,506,1.5707051240772363,0.7615109795033658,0.7628458498023716,3,1,2,0.004650862627766436,1.2929110358136353,0.08915453495089028,1.297163828284542,0.09800762503054872,1.297163828284542,0.09800762503054872,0.002634907911097504,"[-0.08462753813034275, 0.07872072979161723]",544,142,0.7638483965014577,all targets for family; pattern-specific denominator unavailable,,
0.6,same_vs_other_speaker_A,all,all,0,,,,,,,,,,,,,,,,,,,,,,,,,,,,,,,,,,,,,,,,,,,,,,,unavailable,"{""speaker_unavailable"": 686}"
0.6,same_vs_other_speaker_T,all,all,0,,,,,,,,,,,,,,,,,,,,,,,,,,,,,,,,,,,,,,,,,,,,,,,unavailable,"{""speaker_unavailable"": 686}"
0.6,same_vs_other_speaker_V,all,all,0,,,,,,,,,,,,,,,,,,,,,,,,,,,,,,,,,,,,,,,,,,,,,,,unavailable,"{""speaker_unavailable"": 686}"
0.7,recent_vs_earlier_A,1,all,95,22,4.6421052631578945,5.442105263157894,10.08421052631579,1.430511474609375e-06,95,92,1.9319092931998652,0.6572690217391305,0.6739130434782609,95,92,1.9339563134010829,0.6572690217391305,0.6739130434782609,0,0,0,0.0020470202012174824,1.077207829658892,0.06039664378268492,0.8774471570308503,0.039505001906805615,0.8774471570308503,0.039505001906805615,95,92,1.9320044917815158,0.6572690217391305,0.6739130434782609,0,0,0,9.519858165016356e-05,0.6519021919286502,0.037304037857477795,0.6587306276110667,0.030844787995549454,0.6587306276110667,0.030844787995549454,0.001951821619567319,"[-0.010444590950827434, 0.01191245928469072]",353,333,0.13848396501457727,all targets for family; pattern-specific denominator unavailable,,
0.7,recent_vs_earlier_A,2,all,105,21,4.076190476190476,5.171428571428572,9.247619047619047,1.9073486328125e-06,105,96,1.1220572554976422,0.8734777517564402,0.875,105,96,1.1185772156580716,0.8734777517564402,0.875,0,0,0,-0.003480039839570599,1.1410735158721772,0.06683215022584026,1.4465728530540172,0.08253130484573344,1.4465728530540172,0.08253130484573344,105,96,1.1186075789469585,0.8734777517564402,0.875,0,0,0,-0.0034496765506836515,0.6755108275820871,0.03997221117725554,0.854293486412761,0.04884466785255569,0.854293486412761,0.04884466785255569,-3.0363288886947615e-05,"[-0.009061147068584578, 0.008050898150470435]",353,333,0.15306122448979592,all targets for family; pattern-specific denominator unavailable,,
0.7,recent_vs_earlier_A,3,all,19,14,3.6315789473684212,4.157894736842105,7.7894736842105265,1.430511474609375e-06,19,18,0.7292946203333944,0.9430303030303029,0.9444444444444444,19,18,0.7211462425601979,0.9430303030303029,0.9444444444444444,0,0,0,-0.008148377773196477,1.4424345061456951,0.079815771847333,0.8080575570213583,0.0770272909816447,0.8080575570213583,0.0770272909816447,19,18,0.724860053343238,0.9430303030303029,0.9444444444444444,0,0,0,-0.004434566990156313,0.7944019543661591,0.04335725387610836,0.6706092311660361,0.06644298353612986,0.6706092311660361,0.06644298353612986,-0.0037138107830401636,"[-0.013590530124710834, 0.0029210014243890767]",353,333,0.027696793002915453,all targets for family; pattern-specific denominator unavailable,,
0.7,recent_vs_earlier_A,4,all,85,22,4.011764705882353,5.08235294117647,9.094117647058823,1.9073486328125e-06,85,84,2.202023282205217,0.746157224418094,0.75,85,84,2.2097993836799374,0.7476404820676636,0.75,2,1,1,0.007776101474719723,1.151849075033742,0.06514372296696085,1.1923506829889032,0.06019656564878878,1.1923506829889032,0.06019656564878878,85,84,2.195278821026591,0.7602513227513227,0.7619047619047619,3,2,1,-0.0067444611786266935,0.7782854303916312,0.04418317255760873,0.9089332052302033,0.04575898535674514,0.9089332052302033,0.04575898535674514,0.014520562653346418,"[0.0023193811004953257, 0.02909338195195251]",353,333,0.1239067055393586,all targets for family; pattern-specific denominator unavailable,,
0.7,recent_vs_earlier_A,5,all,18,12,6.5,5.388888888888889,11.88888888888889,9.5367431640625e-07,18,18,2.0777731152722114,0.5916016350798959,0.6111111111111112,18,18,2.0937774925189583,0.5916016350798959,0.6111111111111112,0,0,0,0.016004377246747317,1.200665793536858,0.06893839323141253,0.6976062529935567,0.05879958464801622,0.6976062529935567,0.05879958464801622,18,18,2.081845026485244,0.5916016350798959,0.6111111111111112,0,0,0,0.0040719112130326125,0.5373451980420736,0.030145817936518587,0.38615658766600136,0.031639086044360366,0.38615658766600136,0.031639086044360366,0.011932466033714704,"[-0.02665151045107635, 0.06011177486617461]",353,333,0.026239067055393587,all targets for family; pattern-specific denominator unavailable,,
0.7,recent_vs_earlier_A,6,all,27,17,3.2962962962962963,4.074074074074074,7.37037037037037,1.430511474609375e-06,27,27,0.9329991168473968,0.8081314397103869,0.8148148148148148,27,27,0.9276330766909202,0.8081314397103869,0.8148148148148148,0,0,0,-0.005366040156476609,1.1375395797482284,0.06464795713904464,0.767445353982361,0.08829970830030437,0.767445353982361,0.08829970830030437,27,27,0.9265808740441019,0.8081314397103869,0.8148148148148148,0,0,0,-0.00641824280329482,0.7690009314229316,0.04445691484058885,0.5328005603210086,0.06040741919248676,0.5328005603210086,0.06040741919248676,0.0010522026468182102,"[-0.004915090255135511, 0.0056503443397933435]",353,333,0.03935860058309038,all targets for family; pattern-specific denominator unavailable,,
0.7,recent_vs_earlier_A,7,all,4,3,3.75,6.0,9.75,1.430511474609375e-06,4,4,0.8091963916660205,1.0,1.0,4,4,0.8014129120903384,1.0,1.0,0,0,0,-0.007783479575682151,0.9234344391725516,0.05005125595382462,0.0,0.0,0.0,0.0,4,4,0.8063598412731041,1.0,1.0,0,0,0,-0.002836550392916415,0.87961063964444,0.04623155173713254,0.0,0.0,0.0,0.0,-0.004946929182765736,"[-0.01815673786779115, 0.004016098363671006]",353,333,0.0058309037900874635,all targets for family; pattern-specific denominator unavailable,,
0.7,recent_vs_earlier_A,all,all,353,24,4.2492917847025495,5.104815864022663,9.354107648725213,1.9073486328125e-06,353,339,1.609642065868162,0.7698440162104043,0.775811209439528,353,339,1.6109091309433323,0.7703606100714414,0.775811209439528,2,1,1,0.0012670650751701016,1.143003344680922,0.06514267420706578,1.091298776876694,0.06357357916861006,1.091298776876694,0.06357357916861006,353,339,1.606463446885195,0.773629511967787,0.7787610619469026,3,2,1,-0.003178618982966843,0.7027221674712204,0.040363203658971065,0.7467919468548684,0.04365829828215575,0.7467919468548684,0.04365829828215575,0.004445684058136945,"[-0.0006167786848817015, 0.009164837938854524]",353,333,0.5145772594752187,all targets for family; pattern-specific denominator unavailable,,
0.7,recent_vs_earlier_T,1,all,85,22,3.2823529411764705,6.188235294117647,9.470588235294118,1.430511474609375e-06,85,82,1.9013546378641064,0.669895635126564,0.6951219512195121,85,82,1.9557997363689965,0.6495206354015625,0.6707317073170732,8,3,5,0.054445098504890085,2.2215831274262787,0.12712639700393516,3.138786638515003,0.14659410085534638,3.138786638515003,0.14659410085534638,85,82,1.8954616187106867,0.6596930193439865,0.6829268292682927,3,1,2,-0.0058930191534200755,0.990273102462597,0.05481490610884638,1.3699450168915066,0.06155760857776325,1.3699450168915066,0.06155760857776325,0.060338117658310146,"[-0.012917771185911345, 0.1770833340445729]",324,362,0.1239067055393586,all targets for family; pattern-specific denominator unavailable,,
0.7,recent_vs_earlier_T,2,all,100,20,3.59,4.27,7.86,1.9073486328125e-06,100,92,0.9717775365101662,0.888499298737728,0.8913043478260869,100,92,0.9536940926982121,0.8766897568165071,0.8804347826086957,1,0,1,-0.018083443811954033,3.442313463456697,0.2109316840323271,1.3577455866996642,0.07718364134931803,1.3577455866996642,0.07718364134931803,100,92,0.9711487180272104,0.888499298737728,0.8913043478260869,0,0,0,-0.0006288184829557753,1.2553657693445899,0.07401788874976543,0.9415394319016523,0.05296175936019651,0.9415394319016523,0.05296175936019651,-0.017454625328998257,"[-0.045838247146615475, 0.009143766165938687]",324,362,0.1457725947521866,all targets for family; pattern-specific denominator unavailable,,
0.7,recent_vs_earlier_T,3,all,19,13,3.473684210526316,5.2105263157894735,8.68421052631579,1.430511474609375e-06,19,18,0.8289276125865572,0.882051282051282,0.8888888888888888,19,18,0.8327663909311365,0.882051282051282,0.8888888888888888,0,0,0,0.0038387783445793465,3.902137832441288,0.2336806170401748,0.708212075971529,0.0690544702286712,0.708212075971529,0.0690544702286712,19,18,0.8260734727213015,0.882051282051282,0.8888888888888888,0,0,0,-0.0028541398652557923,1.4946229159454818,0.08533258177505121,0.7409709812828384,0.0730968672541906,0.7409709812828384,0.0730968672541906,0.006692918209835139,"[-0.06289651932333061, 0.08095446582122319]",324,362,0.027696793002915453,all targets for family; pattern-specific denominator unavailable,,
0.7,recent_vs_earlier_T,4,all,78,21,3.1666666666666665,5.038461538461538,8.205128205128204,1.9073486328125e-06,78,77,2.0923000588351464,0.7602597402597403,0.7662337662337663,78,77,2.19359444523621,0.7123357963875205,0.7142857142857143,8,2,6,0.10129438640106411,3.2940487986156812,0.19546868900001937,4.4235956987022975,0.24185730491477508,4.4235956987022975,0.24185730491477508,78,77,2.103648530952527,0.7747605929424111,0.7792207792207793,1,1,0,0.011348472117380994,1.0436652742231591,0.05762704713907786,1.5169629099381525,0.07534377074530522,1.5169629099381525,0.07534377074530522,0.08994591428368313,"[-0.12630888922821534, 0.3021438153804628]",324,362,0.11370262390670553,all targets for family; pattern-specific denominator unavailable,,
0.7,recent_vs_earlier_T,5,all,12,8,3.5833333333333335,8.416666666666666,12.0,9.5367431640625e-07,12,12,1.3338052899320234,0.5555555555555555,0.5833333333333334,12,12,1.5311546675646286,0.5555555555555555,0.5833333333333334,2,1,1,0.1973493776326053,2.94760845413931,0.18784542851854316,3.020208402939278,0.3459683888506135,3.020208402939278,0.3459683888506135,12,12,1.344976091023919,0.5555555555555555,0.5833333333333334,0,0,0,0.011170801091895574,0.5498784395198929,0.031587543859153674,0.5216110386132926,0.043739933628027944,0.5216110386132926,0.043739933628027944,0.1861785765407097,"[-0.04237527344422017, 0.5698475693749373]",324,362,0.01749271137026239,all targets for family; pattern-specific denominator unavailable,,
0.7,recent_vs_earlier_T,6,all,23,15,4.3478260869565215,3.347826086956522,7.695652173913044,1.430511474609375e-06,23,23,1.087350924079581,0.8167092924126171,0.8260869565217391,23,23,1.1005852383143924,0.8167092924126171,0.8260869565217391,0,0,0,0.013234314234811627,3.7238395486708686,0.22027217570726865,0.887812284502693,0.1053865954511296,0.887812284502693,0.1053865954511296,23,23,1.080847391662586,0.8167092924126171,0.8260869565217391,0,0,0,-0.006503532416994794,1.321042058318537,0.07276720258020643,0.6255602445167742,0.07413062817936131,0.6255602445167742,0.07413062817936131,0.01973784665180642,"[-0.0071830274325508335, 0.04618843998959999]",324,362,0.033527696793002916,all targets for family; pattern-specific denominator unavailable,,
0.7,recent_vs_earlier_T,7,all,7,5,2.4285714285714284,5.142857142857143,7.571428571428571,9.5367431640625e-07,7,7,0.9289163797446383,0.8507936507936508,0.8571428571428571,7,7,0.8038385836141769,0.8507936507936508,0.8571428571428571,0,0,0,-0.12507779613046136,3.291184924742861,0.2392361958713519,0.0,0.0,0.0,0.0,7,7,0.9282031971434612,0.8507936507936508,0.8571428571428571,0,0,0,-0.0007131826011770315,0.7465787337635171,0.049975255437925414,0.0,0.0,0.0,0.0,-0.12436461352928431,"[-0.35290596082100817, -0.005122409384122355]",324,362,0.01020408163265306,all targets for family; pattern-specific denominator unavailable,,
0.7,recent_vs_earlier_T,all,all,324,23,3.4290123456790123,5.12037037037037,8.549382716049383,1.9073486328125e-06,324,311,1.4977131990400583,0.781605681592336,0.7909967845659164,324,311,1.5365725357858264,0.7601604533443698,0.7684887459807074,19,6,13,0.038859336745768414,3.111729144529669,0.18697672891642342,2.523858334150658,0.14484962897196543,2.523858334150658,0.14484962897196543,324,311,1.4984744329310555,0.7823761499033942,0.7909967845659164,4,2,2,0.0007612338909975323,1.1164261641606792,0.06351792468679816,1.1223705041133902,0.06180281145911914,1.1223705041133902,0.06180281145911914,0.038098102854770874,"[-0.02506100098824082, 0.10142966421720437]",324,362,0.47230320699708456,all targets for family; pattern-specific denominator unavailable,,
0.7,recent_vs_earlier_V,1,all,97,22,4.402061855670103,6.051546391752577,10.45360824742268,1.430511474609375e-06,97,94,1.9250448470684032,0.6624438308700125,0.6914893617021277,97,94,1.9481888646070065,0.6534228793949998,0.6808510638297872,1,0,1,0.023144017538603116,1.2704327735308476,0.07061384095480698,1.782061345852726,0.08095007211340156,1.782061345852726,0.08095007211340156,97,94,1.9191466740949312,0.6624438308700125,0.6914893617021277,0,0,0,-0.005898172973472049,0.5801808498835727,0.032091717467106096,0.7385871570856813,0.03282182989606687,0.7385871570856813,0.03282182989606687,0.029042190512075163,"[-0.005437688765667469, 0.07325969310495806]",373,313,0.141399416909621,all targets for family; pattern-specific denominator unavailable,,
0.7,recent_vs_earlier_V,2,all,109,25,4.678899082568807,4.844036697247707,9.522935779816514,1.9073486328125e-06,109,100,1.1509975082104982,0.8454987834549879,0.85,109,100,1.1193622786833641,0.8565257352941177,0.86,1,1,0,-0.03163522952713414,1.529926781338341,0.09224495316817471,2.01760677589476,0.11677299458272852,2.01760677589476,0.11677299458272852,109,100,1.1472212224463165,0.8454987834549879,0.85,0,0,0,-0.0037762857641815456,0.7172663027661209,0.04230650794948335,0.9208816806027558,0.05294011738810215,0.9208816806027558,0.05294011738810215,-0.027858943762952598,"[-0.08989242967111401, 0.018443557333095214]",373,313,0.1588921282798834,all targets for family; pattern-specific denominator unavailable,,
0.7,recent_vs_earlier_V,3,all,23,14,3.0434782608695654,3.5217391304347827,6.565217391304348,1.9073486328125e-06,23,22,0.7807158590936483,0.8467532467532467,0.8636363636363636,23,22,0.7287065657015482,0.8467532467532467,0.8636363636363636,0,0,0,-0.05200929339209996,1.707040779354185,0.10411246115487656,1.592544384755292,0.15941660769384597,1.592544384755292,0.15941660769384597,23,22,0.7886868527947439,0.8467532467532467,0.8636363636363636,0,0,0,0.007970993701095807,0.8354490001955025,0.05365211294047673,0.751203390289808,0.07884018869217436,0.751203390289808,0.07884018869217436,-0.059980287093195764,"[-0.11439064524165123, -0.0049476041834603975]",373,313,0.033527696793002916,all targets for family; pattern-specific denominator unavailable,,
0.7,recent_vs_earlier_V,4,all,94,26,4.595744680851064,5.329787234042553,9.925531914893616,1.9073486328125e-06,94,93,1.9905630122931444,0.7586021505376344,0.7634408602150538,94,93,1.9794863252082573,0.7805474095796676,0.7849462365591398,2,2,0,-0.011076687084887148,1.4910961900357003,0.08551396099486501,0.8191103954475187,0.04156818167813428,0.8191103954475187,0.04156818167813428,94,93,1.9896226088223365,0.7586021505376344,0.7634408602150538,0,0,0,-0.0009404034708073867,0.5893897342134035,0.032939912653121683,0.4899018925920321,0.02444321811979315,0.4899018925920321,0.02444321811979315,-0.01013628361407976,"[-0.02287327522668785, 0.0017244718745626272]",373,313,0.13702623906705538,all targets for family; pattern-specific denominator unavailable,,
0.7,recent_vs_earlier_V,5,all,17,12,5.117647058823529,6.117647058823529,11.235294117647058,9.5367431640625e-07,17,17,1.6157272228695476,0.6203208556149733,0.6470588235294118,17,17,1.5910797228664508,0.6203208556149733,0.6470588235294118,0,0,0,-0.02464750000309682,1.127855923631436,0.06489949764169106,0.44888176205483105,0.04036833530179077,0.44888176205483105,0.04036833530179077,17,17,1.6193742849229398,0.6203208556149733,0.6470588235294118,0,0,0,0.0036470620533923543,0.4618941222781052,0.02703762251390402,0.24907032449002126,0.02259180699077619,0.24907032449002126,0.02259180699077619,-0.028294562056489177,"[-0.0613033518745684, -0.00028706965904161657]",373,313,0.02478134110787172,all targets for family; pattern-specific denominator unavailable,,
0.7,recent_vs_earlier_V,6,all,26,18,4.615384615384615,4.076923076923077,8.692307692307692,1.430511474609375e-06,26,26,0.864013282107986,0.7989657401422108,0.8076923076923077,26,26,0.8672630534060898,0.7989657401422108,0.8076923076923077,0,0,0,0.003249771298103832,1.5795430119733445,0.09015035382653123,0.35707139039251634,0.04394984897832222,0.35707139039251634,0.04394984897832222,26,26,0.8685718256228807,0.7989657401422108,0.8076923076923077,0,0,0,0.004558543514894751,0.5762157948771782,0.03141365795755031,0.2822997396065651,0.03373241741006381,0.2822997396065651,0.03373241741006381,-0.0013087722167909193,"[-0.028151127056393725, 0.017304666819552304]",373,313,0.037900874635568516,all targets for family; pattern-specific denominator unavailable,,
0.7,recent_vs_earlier_V,7,all,7,5,3.142857142857143,4.142857142857143,7.285714285714286,9.5367431640625e-07,7,7,0.9289163797446383,0.8507936507936508,0.8571428571428571,7,7,0.9308539425333144,0.8507936507936508,0.8571428571428571,0,0,0,0.0019375627886762154,1.385856406303682,0.09127990496784459,0.0,0.0,0.0,0.0,7,7,0.934382746151516,0.8507936507936508,0.8571428571428571,0,0,0,0.005466366406877731,0.6167206386842837,0.03639879372324068,0.0,0.0,0.0,0.0,-0.0035288036182015148,"[-0.06868417139082185, 0.0840906070264024]",373,313,0.01020408163265306,all targets for family; pattern-specific denominator unavailable,,
0.7,recent_vs_earlier_V,all,all,373,27,4.471849865951743,5.190348525469169,9.662198391420912,1.9073486328125e-06,373,359,1.5380471561852314,0.7631101565454087,0.7743732590529248,373,359,1.5279623219814993,0.7696786615640608,0.7799442896935933,4,3,1,-0.010084834203731964,1.4460097636569453,0.0842447758772125,1.4029995529405344,0.0803843491495637,1.4029995529405344,0.0803843491495637,373,359,1.5362508659795742,0.7631101565454087,0.7743732590529248,0,0,0,-0.0017962902056573467,0.6333200715203608,0.03642317049201806,0.6619879411512845,0.038408259275890186,0.6619879411512845,0.038408259275890186,-0.008288543998074617,"[-0.027463782432938736, 0.008049363255375842]",373,313,0.543731778425656,all targets for family; pattern-specific denominator unavailable,,
0.7,remove_T_vs_A,1,all,117,24,0.20512820512820512,7.957264957264957,7.957264957264957,1.9073486328125e-06,117,113,1.8158277719518692,0.6901723592856636,0.7079646017699115,117,113,1.8680767324879708,0.663852961198094,0.6814159292035398,7,2,5,0.05224896053610154,2.107289214883127,0.12709426353416084,2.959543887064654,0.14527376602289127,2.959543887064654,0.14527376602289127,117,113,1.821638515906721,0.6901723592856636,0.7079646017699115,0,0,0,0.005810743954851928,1.209777317506647,0.06839098014283868,1.0678538581508297,0.04713198442228547,1.0678538581508297,0.04713198442228547,0.04643821658124961,"[-0.005851958165474412, 0.10814564496099133]",448,238,0.17055393586005832,all targets for family; pattern-specific denominator unavailable,,
0.7,remove_T_vs_A,1,exact_lag,108,23,0.0,8.074074074074074,8.074074074074074,1.9073486328125e-06,108,104,1.8730713117665214,0.6856643356643357,0.7019230769230769,108,104,1.9159743720817162,0.6653846153846155,0.6826923076923077,6,2,4,0.04290306031519481,2.081722637670685,0.12462433265086734,2.9190831546704836,0.14271809335673177,2.9190831546704836,0.14271809335673177,108,104,1.8786969947449284,0.6856643356643357,0.7019230769230769,0,0,0,0.005625682978406905,1.1279562889157237,0.062321656084259346,1.0299158943367541,0.0448313772662878,1.0299158943367541,0.0448313772662878,0.0372773773367879,"[-0.01930959417482495, 0.10110351668963082]",448,238,0.15743440233236153,all targets for family; pattern-specific denominator unavailable,,
0.7,remove_T_vs_A,2,all,136,27,0.3602941176470588,6.514705882352941,6.8161764705882355,1.9073486328125e-06,136,126,1.1035001263909772,0.8523671096345515,0.8571428571428571,136,126,1.1102261538769234,0.8435020748622857,0.8492063492063492,1,0,1,0.006726027485946146,2.5392405891384677,0.15725356491657264,1.4489454979947771,0.08272632357371443,1.4489454979947771,0.08272632357371443,136,126,1.1000914642293838,0.8523671096345515,0.8571428571428571,0,0,0,-0.003408662161593481,1.3627090371235806,0.0799506592373989,1.741319566202315,0.1011491671667072,1.741319566202315,0.1011491671667072,0.010134689647539627,"[-0.012708663496113028, 0.03640181285495179]",448,238,0.19825072886297376,all targets for family; pattern-specific denominator unavailable,,
0.7,remove_T_vs_A,2,exact_lag,128,25,0.0,6.5859375,6.5859375,1.9073486328125e-06,128,118,1.0663814941907044,0.8788971900089206,0.8813559322033898,128,118,1.0721909776770961,0.8697126013264556,0.8728813559322034,1,0,1,0.0058094834863915805,2.6223379132106537,0.16245817861234263,1.5121981092288874,0.0862223014050234,1.5121981092288874,0.0862223014050234,128,118,1.0632505512277381,0.8788971900089206,0.8813559322033898,0,0,0,-0.003130942962966118,1.3733290794341704,0.08037858493586401,1.759119084242904,0.10173723203445946,1.759119084242904,0.10173723203445946,0.0089404264493577,"[-0.014294171367362957, 0.03516975786534078]",448,238,0.18658892128279883,all targets for family; pattern-specific denominator unavailable,,
0.7,remove_T_vs_A,3,all,26,15,0.8461538461538461,5.269230769230769,5.961538461538462,1.430511474609375e-06,26,25,0.9080542466969084,0.8731428571428572,0.88,26,25,0.8397004315064076,0.8731428571428572,0.88,0,0,0,-0.06835381519050068,4.307686763015309,0.27614411782134085,0.8650956948883508,0.08616163361500916,0.8650956948883508,0.08616163361500916,26,25,0.9014150499654406,0.8731428571428572,0.88,0,0,0,-0.006639196731467776,1.957191145571152,0.11824635742941168,0.8996752495918526,0.09005332657644265,0.8996752495918526,0.09005332657644265,-0.06171461845903291,"[-0.14476312774027583, 0.001790949571654408]",448,238,0.037900874635568516,all targets for family; pattern-specific denominator unavailable,,
0.7,remove_T_vs_A,3,exact_lag,20,14,0.0,5.85,5.85,1.430511474609375e-06,20,19,0.8590331995213191,0.9463967611336033,0.9473684210526315,20,19,0.8170731269948842,0.9463967611336033,0.9473684210526315,0,0,0,-0.0419600725264349,3.9047819655312437,0.2318166286954387,0.8644005608190092,0.08343291829952294,0.8644005608190092,0.08343291829952294,20,19,0.8405954858484155,0.9463967611336033,0.9473684210526315,0,0,0,-0.018437713672903654,1.9011239022929325,0.10590022522990714,0.8702577224613514,0.08419677342186409,0.8702577224613514,0.08419677342186409,-0.023522358853531246,"[-0.06450780785440426, 0.027556613127107676]",448,238,0.029154518950437316,all targets for family; pattern-specific denominator unavailable,,
0.7,remove_T_vs_A,4,all,108,28,0.5,6.388888888888889,6.7407407407407405,1.9073486328125e-06,108,107,2.150804525934223,0.7434005574684375,0.7476635514018691,108,107,2.2174386746495633,0.709755946958451,0.7102803738317757,12,4,8,0.06663414871533974,2.9081269849079905,0.1792703523668195,3.909799373166015,0.22282869383009724,3.909799373166015,0.22282869383009724,108,107,2.166402812168842,0.7560822375570528,0.7570093457943925,5,3,2,0.015598286234618829,1.497812598518134,0.08741186886387603,1.7221212047611945,0.0914806871437264,1.7221212047611945,0.0914806871437264,0.05103586248072091,"[-0.08583349669061409, 0.1746277860457814]",448,238,0.15743440233236153,all targets for family; pattern-specific denominator unavailable,,
0.7,remove_T_vs_A,4,exact_lag,97,25,0.0,6.608247422680412,6.608247422680412,1.9073486328125e-06,97,96,2.161938193741851,0.7449610627576728,0.75,97,96,2.209313302987885,0.7269736842105262,0.7291666666666666,10,4,6,0.047375109246033754,2.9750462710845653,0.18490117853929536,3.9793143471907997,0.22956618970451642,3.9793143471907997,0.22956618970451642,97,96,2.1787901416869633,0.7590479257682685,0.7604166666666666,5,3,2,0.016851947945111835,1.5344045479575463,0.09002151655296121,1.7760109387294465,0.09465672181179587,1.7760109387294465,0.09465672181179587,0.030523161300921916,"[-0.09959372265341078, 0.16016678295297138]",448,238,0.141399416909621,all targets for family; pattern-specific denominator unavailable,,
0.7,remove_T_vs_A,5,all,22,15,0.09090909090909091,7.863636363636363,7.7727272727272725,9.5367431640625e-07,22,22,2.0390778117318025,0.6086580086580086,0.6363636363636364,22,22,2.2434084751903964,0.5711598746081505,0.5909090909090909,3,1,2,0.2043306634585944,2.958453368523216,0.1925246576480073,2.927522925118235,0.3359419083100527,2.927522925118235,0.3359419083100527,22,22,2.061309463009113,0.6086580086580086,0.6363636363636364,0,0,0,0.02223165127731099,1.545666479976515,0.09380396967676208,1.0091814237703975,0.09175575289604264,1.0091814237703975,0.09175575289604264,0.18209901218128338,"[-0.004378413055673702, 0.46998673922858386]",448,238,0.03206997084548105,all targets for family; pattern-specific denominator unavailable,,
0.7,remove_T_vs_A,5,exact_lag,21,14,0.0,7.666666666666667,7.666666666666667,9.5367431640625e-07,21,21,2.1301417800698914,0.5918367346938774,0.6190476190476191,21,21,2.344620350362281,0.5523809523809524,0.5714285714285714,3,1,2,0.2144785702923898,3.070121912410892,0.20015031604279346,3.0360734071332467,0.34914613762318447,3.0360734071332467,0.34914613762318447,21,21,2.1536597365476657,0.5918367346938774,0.6190476190476191,0,0,0,0.023517956477774,1.579418804082921,0.09616685848300323,1.0182688041206256,0.09259764171364628,1.0182688041206256,0.09259764171364628,0.19096061381461577,"[-0.0033011161728724696, 0.4914310394546469]",448,238,0.030612244897959183,all targets for family; pattern-specific denominator unavailable,,
0.7,remove_T_vs_A,6,all,32,19,0.3125,5.28125,5.59375,1.430511474609375e-06,32,32,1.073410351047821,0.8043831168831168,0.8125,32,32,1.0533408692656396,0.8043831168831168,0.8125,0,0,0,-0.020069481782181355,3.47192600943399,0.210668484673326,1.0933312262646182,0.13131400651918307,1.0933312262646182,0.13131400651918307,32,32,1.069876128346356,0.8043831168831168,0.8125,0,0,0,-0.0035342227014649365,1.4316684119571828,0.08081056536836666,0.9900803315277908,0.12878799557965148,0.9900803315277908,0.12878799557965148,-0.016535259080716416,"[-0.08363052963399062, 0.022792463835219663]",448,238,0.04664723032069971,all targets for family; pattern-specific denominator unavailable,,
0.7,remove_T_vs_A,6,exact_lag,31,19,0.0,5.354838709677419,5.354838709677419,1.430511474609375e-06,31,31,1.0452008686146776,0.7985337243401759,0.8064516129032258,31,31,1.0249919871096773,0.7985337243401759,0.8064516129032258,0,0,0,-0.02020888150500058,3.5335785221175993,0.21417677001468916,1.121596850999042,0.1346896496647785,1.121596850999042,0.1346896496647785,31,31,1.0414516232813942,0.7985337243401759,0.8064516129032258,0,0,0,-0.0037492453332837175,1.4634138628400686,0.08247461352599529,1.010134067770152,0.13148252608765904,1.010134067770152,0.13148252608765904,-0.016459636171716863,"[-0.08550243398790085, 0.024617951687732367]",448,238,0.04518950437317784,all targets for family; pattern-specific denominator unavailable,,
0.7,remove_T_vs_A,7,all,7,5,0.0,8.142857142857142,8.142857142857142,1.430511474609375e-06,7,7,0.9289163797446383,0.8507936507936508,0.8571428571428571,7,7,0.9051550368838087,0.8507936507936508,0.8571428571428571,0,0,0,-0.02376134286082949,1.7695873514165386,0.12295123172249582,0.0,0.0,0.0,0.0,7,7,0.9195110954291267,0.8507936507936508,0.8571428571428571,0,0,0,-0.00940528431551156,1.6218262131695556,0.11548948670054641,0.0,0.0,0.0,0.0,-0.014356058545317931,"[-0.045361655722224614, 0.01117994333379865]",448,238,0.01020408163265306,all targets for family; pattern-specific denominator unavailable,,
0.7,remove_T_vs_A,7,exact_lag,7,5,0.0,8.142857142857142,8.142857142857142,1.430511474609375e-06,7,7,0.9289163797446383,0.8507936507936508,0.8571428571428571,7,7,0.9051550368838087,0.8507936507936508,0.8571428571428571,0,0,0,-0.02376134286082949,1.7695873514165386,0.12295123172249582,0.0,0.0,0.0,0.0,7,7,0.9195110954291267,0.8507936507936508,0.8571428571428571,0,0,0,-0.00940528431551156,1.6218262131695556,0.11548948670054641,0.0,0.0,0.0,0.0,-0.014356058545317931,"[-0.045361655722224614, 0.01117994333379865]",448,238,0.01020408163265306,all targets for family; pattern-specific denominator unavailable,,
0.7,remove_T_vs_A,all,all,448,28,0.359375,6.792410714285714,7.026785714285714,1.9073486328125e-06,448,432,1.5717308559651781,0.769142045958655,0.7777777777777778,448,432,1.6077439782110476,0.7494727629909007,0.7569444444444444,23,7,16,0.03601312224586987,2.6931737641561,0.16659609683254942,2.427379791240959,0.14764795140575715,2.427379791240959,0.14764795140575715,448,432,1.5762809430154168,0.7728402891475704,0.7800925925925926,5,3,2,0.004550087050238877,1.4077989751254312,0.08224994039071877,1.39514189942544,0.08399971436797171,1.39514189942544,0.08399971436797171,0.031463035195630984,"[-0.004838681425788532, 0.06164157754198845]",448,238,0.6530612244897959,all targets for family; pattern-specific denominator unavailable,,
0.7,remove_T_vs_A,all,exact_lag,412,26,0.0,6.934466019417476,6.934466019417476,1.9073486328125e-06,412,396,1.576004419119698,0.7781842607412846,0.7853535353535354,412,396,1.6071805691102201,0.7636188474338762,0.7702020202020202,20,7,13,0.03117614999052208,2.7028180368238237,0.16633280779200352,2.452987586190209,0.15022824140629512,2.452987586190209,0.15022824140629512,412,396,1.5803357570568801,0.782044154306928,0.7878787878787878,5,3,2,0.004331337937181882,1.3940571084810265,0.08071342911038527,1.4047916889923602,0.08434539008265868,1.4047916889923602,0.08434539008265868,0.026844812053340203,"[-0.009813061703733913, 0.05854340746196771]",448,238,0.6005830903790087,all targets for family; pattern-specific denominator unavailable,,
0.7,remove_T_vs_V,1,all,116,25,0.41379310344827586,7.801724137931035,8.198275862068966,1.430511474609375e-06,116,113,1.9449011815734194,0.6604809627068315,0.672566371681416,116,113,1.9575811413138893,0.6604809627068315,0.672566371681416,14,7,7,0.01267995974046941,2.197241155861553,0.1429477099437414,3.0830528516750353,0.15937192276841816,3.0830528516750353,0.15937192276841816,116,113,2.0146303670932992,0.6604809627068315,0.672566371681416,0,0,0,0.06972918551987965,1.1255713964926204,0.07003318687489055,1.5965016632110995,0.07820556577187229,1.5965016632110995,0.07820556577187229,-0.05704922577941024,"[-0.328829300642675, 0.13287634618936092]",440,246,0.16909620991253643,all targets for family; pattern-specific denominator unavailable,,
0.7,remove_T_vs_V,1,exact_lag,105,23,0.0,7.876190476190477,7.876190476190477,1.430511474609375e-06,105,102,1.9641837274119336,0.6468749999999999,0.6666666666666666,105,102,1.9593613961423986,0.6468749999999999,0.6666666666666666,12,6,6,-0.004822331269535004,2.0255215589603517,0.13034046405760025,2.8354283555261786,0.1439201805290455,2.8354283555261786,0.1439201805290455,105,102,2.043147210800296,0.6468749999999999,0.6666666666666666,0,0,0,0.0789634833883625,1.1284967942260407,0.06974724304150058,1.6073963291272055,0.0780641573086125,1.6073963291272055,0.0780641573086125,-0.0837858146578975,"[-0.42555618430445397, 0.10250358840868633]",440,246,0.15306122448979592,all targets for family; pattern-specific denominator unavailable,,
0.7,remove_T_vs_V,2,all,127,26,0.49606299212598426,5.677165354330708,6.078740157480315,1.9073486328125e-06,127,118,1.093618876760796,0.8608860209375121,0.864406779661017,127,118,1.0876670588914714,0.8608860209375121,0.864406779661017,0,0,0,-0.005951817869324517,2.7240871604023384,0.17361149156717695,1.0376100931589587,0.060018873790377465,1.0376100931589587,0.060018873790377465,127,118,1.0713813066861042,0.8700833723935024,0.8728813559322034,1,1,0,-0.02223757007469155,1.5107115281768648,0.09504096932880989,1.999904284908419,0.1209270740108284,1.999904284908419,0.1209270740108284,0.016285752205367033,"[-0.039249067633373505, 0.07603661798109815]",440,246,0.18513119533527697,all targets for family; pattern-specific denominator unavailable,,
0.7,remove_T_vs_V,2,exact_lag,112,24,0.0,5.473214285714286,5.473214285714286,1.9073486328125e-06,112,103,1.0012302984735268,0.8605779092027895,0.8640776699029126,112,103,0.9844766488399534,0.8605779092027895,0.8640776699029126,0,0,0,-0.0167536496335733,2.6999849492294987,0.17029920556622952,0.992831987438101,0.05726213009860902,0.992831987438101,0.05726213009860902,112,103,0.9801793205507546,0.871169868484473,0.8737864077669902,1,1,0,-0.021050977922772256,1.560628006952786,0.09827669613444241,2.0637866433404715,0.12432478902082388,2.0637866433404715,0.12432478902082388,0.0042973282891989595,"[-0.05306846218136272, 0.06659844168810669]",440,246,0.16326530612244897,all targets for family; pattern-specific denominator unavailable,,
0.7,remove_T_vs_V,3,all,27,16,0.14814814814814814,5.296296296296297,5.444444444444445,1.430511474609375e-06,27,26,0.8212251034001828,0.8757396449704142,0.8846153846153846,27,26,0.8020119971575385,0.8757396449704142,0.8846153846153846,0,0,0,-0.019213106242644343,4.0476368129816045,0.2722126926110968,0.794059063664442,0.07996799051281861,0.794059063664442,0.07996799051281861,27,26,0.8182335360791922,0.8757396449704142,0.8846153846153846,0,0,0,-0.0029915673209906205,1.5213144611752172,0.09997930694807701,1.3975052465521836,0.1432449555734358,1.3975052465521836,0.1432449555734358,-0.016221538921653723,"[-0.11679480136050284, 0.07005553484958357]",440,246,0.03935860058309038,all targets for family; pattern-specific denominator unavailable,,
0.7,remove_T_vs_V,3,exact_lag,26,15,0.0,5.423076923076923,5.423076923076923,1.430511474609375e-06,26,25,0.8488282214326135,0.8682517482517482,0.88,26,25,0.8219386122612697,0.8682517482517482,0.88,0,0,0,-0.026889609171343618,3.848239824949407,0.2569107875571324,0.8193843560906896,0.08233318857912722,0.8193843560906896,0.08233318857912722,26,25,0.8468548190365784,0.8682517482517482,0.88,0,0,0,-0.0019734023960348546,1.490584270809922,0.09734739532622162,1.36045454796183,0.13638466817143707,1.36045454796183,0.13638466817143707,-0.02491620677530876,"[-0.12448704415743024, 0.05453126446227731]",440,246,0.037900874635568516,all targets for family; pattern-specific denominator unavailable,,
0.7,remove_T_vs_V,4,all,106,27,0.37735849056603776,6.443396226415095,6.688679245283019,1.9073486328125e-06,106,105,2.165591243105654,0.7399040236249537,0.7428571428571429,106,105,2.17594219297301,0.7151905471577602,0.7142857142857143,13,5,8,0.01035094986735621,2.6911844711306268,0.17001040578972876,3.7252956584797863,0.22505233025604798,3.7252956584797863,0.22505233025604798,106,105,2.163892080560107,0.7591703922453276,0.7619047619047619,2,2,0,-0.0016991625455462117,1.4465855220500887,0.0908308045977854,0.8284356761629569,0.04559074368905287,0.8284356761629569,0.04559074368905287,0.012050112412902419,"[-0.1292709070709683, 0.1409257152912781]",440,246,0.15451895043731778,all targets for family; pattern-specific denominator unavailable,,
0.7,remove_T_vs_V,4,exact_lag,96,25,0.0,6.447916666666667,6.447916666666667,1.9073486328125e-06,96,95,2.1345490056611958,0.7544561486566458,0.7578947368421053,96,95,2.1840927750967736,0.7163774278818527,0.7157894736842105,10,3,7,0.04954376943557731,2.4379639001345033,0.15021101931146588,3.4115846754347268,0.19842479333925747,3.4115846754347268,0.19842479333925747,96,95,2.132939908873435,0.7758077879038939,0.7789473684210526,2,2,0,-0.0016090967877604055,1.4630992470691389,0.09152994046184722,0.8583030155414857,0.0467802035641449,0.8583030155414857,0.0467802035641449,0.05115286622333772,"[-0.09062363008860516, 0.17131153232242105]",440,246,0.13994169096209913,all targets for family; pattern-specific denominator unavailable,,
0.7,remove_T_vs_V,5,all,22,15,0.5454545454545454,7.818181818181818,7.818181818181818,9.5367431640625e-07,22,21,2.0561019391543636,0.5918367346938774,0.6190476190476191,22,21,2.0211371283516355,0.6312997347480105,0.6666666666666666,1,1,0,-0.034964810802727404,1.7964127420667886,0.11465826335842354,1.8848886834202303,0.21444438184894266,1.8848886834202303,0.21444438184894266,22,21,2.0480873934791757,0.5918367346938774,0.6190476190476191,0,0,0,-0.008014545675187279,1.3420497834820093,0.0861003239978707,0.5329950548221613,0.049967162350315626,0.5329950548221613,0.049967162350315626,-0.02695026512754013,"[-0.10174840470457706, 0.03251550354010144]",440,246,0.03206997084548105,all targets for family; pattern-specific denominator unavailable,,
0.7,remove_T_vs_V,5,exact_lag,19,13,0.0,8.0,8.0,9.5367431640625e-07,19,18,1.6367138426758359,0.5785953177257525,0.6111111111111112,19,18,1.604445506643372,0.625,0.6666666666666666,1,1,0,-0.03226833603246392,1.8575539117344853,0.12109130606678149,1.9806692807200135,0.23364951923890068,1.9806692807200135,0.23364951923890068,19,18,1.6275807296405467,0.5785953177257525,0.6111111111111112,0,0,0,-0.009133113035289053,1.2778047095791867,0.08627281968157101,0.5708995475752981,0.054498825835105826,0.5708995475752981,0.054498825835105826,-0.02313522299717487,"[-0.09450982544201644, 0.029607141328941017]",440,246,0.027696793002915453,all targets for family; pattern-specific denominator unavailable,,
0.7,remove_T_vs_V,6,all,33,19,0.45454545454545453,6.7272727272727275,6.757575757575758,1.430511474609375e-06,33,32,1.0229187937204762,0.8403846153846155,0.84375,33,32,0.9995507644147619,0.8403846153846155,0.84375,0,0,0,-0.023368029305714483,2.723923356679902,0.17528216623435172,0.7363483788501386,0.09403108704619698,0.7363483788501386,0.09403108704619698,33,32,1.02132241662596,0.8403846153846155,0.84375,0,0,0,-0.0015963770945165332,1.4488085410217888,0.08582192883788074,0.35839354359625286,0.04667976146997187,0.35839354359625286,0.04667976146997187,-0.02177165221119795,"[-0.0928716703957326, 0.0408158842043358]",440,246,0.048104956268221574,all targets for family; pattern-specific denominator unavailable,,
0.7,remove_T_vs_V,6,exact_lag,29,16,0.0,6.689655172413793,6.689655172413793,1.430511474609375e-06,29,28,0.9546185806058066,0.8163265306122448,0.8214285714285714,29,28,0.9619228052121677,0.8163265306122448,0.8214285714285714,0,0,0,0.007304224606361111,2.4105125680765065,0.15463793415295163,0.6427413237159283,0.08426718877543542,0.6427413237159283,0.08426718877543542,29,28,0.9512028265035315,0.8163265306122448,0.8214285714285714,0,0,0,-0.003415754102275007,1.4768146705420462,0.08595042616313806,0.3637851517940523,0.047909947026774286,0.3637851517940523,0.047909947026774286,0.010719978708636118,"[-0.022185739960575088, 0.05715057360024043]",440,246,0.04227405247813411,all targets for family; pattern-specific denominator unavailable,,
0.7,remove_T_vs_V,7,all,9,6,0.0,4.222222222222222,4.222222222222222,9.5367431640625e-07,9,9,1.0649627476949945,0.882051282051282,0.8888888888888888,9,9,0.8927014364756047,0.882051282051282,0.8888888888888888,0,0,0,-0.1722613112193899,4.076152585385163,0.3233580235214397,0.0,0.0,0.0,0.0,9,9,1.0616111934945869,0.882051282051282,0.8888888888888888,0,0,0,-0.0033515542004076693,1.4003257426850826,0.10066078081397917,0.0,0.0,0.0,0.0,-0.16890975701898223,"[-0.4479171554306084, -0.01705592409128024]",440,246,0.013119533527696793,all targets for family; pattern-specific denominator unavailable,,
0.7,remove_T_vs_V,7,exact_lag,9,6,0.0,4.222222222222222,4.222222222222222,9.5367431640625e-07,9,9,1.0649627476949945,0.882051282051282,0.8888888888888888,9,9,0.8927014364756047,0.882051282051282,0.8888888888888888,0,0,0,-0.1722613112193899,4.076152585385163,0.3233580235214397,0.0,0.0,0.0,0.0,9,9,1.0616111934945869,0.882051282051282,0.8888888888888888,0,0,0,-0.0033515542004076693,1.4003257426850826,0.10066078081397917,0.0,0.0,0.0,0.0,-0.16890975701898223,"[-0.4479171554306084, -0.01705592409128024]",440,246,0.013119533527696793,all targets for family; pattern-specific denominator unavailable,,
0.7,remove_T_vs_V,all,all,440,28,0.41363636363636364,6.554545454545455,6.845454545454546,1.9073486328125e-06,440,424,1.6018161626262923,0.7646562334157604,0.7712264150943396,440,424,1.5977314323357368,0.7612545514730221,0.7665094339622641,28,13,15,-0.00408473029055566,2.6397425356949076,0.1709510340637005,2.2079513515467926,0.1362386932652338,2.2079513515467926,0.1362386932652338,440,424,1.6125988129366307,0.7721733442917416,0.7783018867924528,3,3,0,0.010782650310338029,1.379042978716216,0.08671326628213301,1.3370039513427343,0.08129437809238815,1.3370039513427343,0.08129437809238815,-0.014867380600893699,"[-0.10618795457413024, 0.05197493029076281]",440,246,0.641399416909621,all targets for family; pattern-specific denominator unavailable,,
0.7,remove_T_vs_V,all,exact_lag,396,26,0.0,6.525252525252525,6.525252525252525,1.9073486328125e-06,396,380,1.5498219436506946,0.7623311869374707,0.7710526315789473,396,380,1.5491216679261801,0.7557277854310234,0.7631578947368421,23,10,13,-0.0007002757245145123,2.5026783079085306,0.16049155352840733,2.055569436224369,0.1252462371975928,2.055569436224369,0.1252462371975928,396,380,1.5635212478680316,0.7708334365325078,0.7789473684210526,3,3,0,0.013699304217337189,1.394454710969776,0.0875910353768709,1.361329513023833,0.08227999989140235,1.361329513023833,0.08227999989140235,-0.01439957994185171,"[-0.10894878916218736, 0.05816386445848185]",440,246,0.577259475218659,all targets for family; pattern-specific denominator unavailable,,
0.7,same_vs_other_speaker_A,all,all,0,,,,,,,,,,,,,,,,,,,,,,,,,,,,,,,,,,,,,,,,,,,,,,,unavailable,"{""speaker_unavailable"": 686}"
0.7,same_vs_other_speaker_T,all,all,0,,,,,,,,,,,,,,,,,,,,,,,,,,,,,,,,,,,,,,,,,,,,,,,unavailable,"{""speaker_unavailable"": 686}"
0.7,same_vs_other_speaker_V,all,all,0,,,,,,,,,,,,,,,,,,,,,,,,,,,,,,,,,,,,,,,,,,,,,,,unavailable,"{""speaker_unavailable"": 686}"
