rate,probe_seed,arm,pattern,n,conversations_n,nonneutral_n,negligible_gradient_n,base_mse_y,base_mse_s,base_acc_nonzero,base_weighted_f1_nonzero,delta_r_norm_mean,delta_r_norm_max,hist_norm_mean,hist_norm_max,other_norm_mean,other_norm_max,gradient_norm_mean,gradient_norm_max,local_error_mean,local_error_max,full_replay_error_mean,full_replay_error_max,local_reconstruction_failure_n,full_replay_failure_n,reconstruction_checked_n,reconstruction_error_mean,reconstruction_error_max,reconstruction_failure_n,orthogonality_checked_n,orthogonality_error_mean,orthogonality_error_max,orthogonality_failure_n,probe_parity_checked_n,probe_parity_error_mean,probe_parity_error_max,probe_parity_failure_n,full_acc_nonzero,full_weighted_f1_nonzero,full_delta_y_mean,full_abs_delta_y_mean,full_delta_s_mean,full_abs_delta_s_mean,full_mse_y,full_mse_s,full_delta_mse_y,full_delta_mse_s,full_corrections,full_harms,hist_acc_nonzero,hist_weighted_f1_nonzero,hist_delta_y_mean,hist_abs_delta_y_mean,hist_delta_s_mean,hist_abs_delta_s_mean,hist_mse_y,hist_mse_s,hist_delta_mse_y,hist_delta_mse_s,hist_corrections,hist_harms,other_acc_nonzero,other_weighted_f1_nonzero,other_delta_y_mean,other_abs_delta_y_mean,other_delta_s_mean,other_abs_delta_s_mean,other_mse_y,other_mse_s,other_delta_mse_y,other_delta_mse_s,other_corrections,other_harms,nonadditivity_y_mean,nonadditivity_y_abs_mean
0.0,66,control,all,624,31,600,0,0.8743038402849467,0.4843644345254758,0.8866666666666667,0.8861057731313529,3.150473225888458,9.66466960551199,0.06838453933698622,0.3360412001546172,3.149526257051425,9.66181350632826,4.18702988366855,5.838147505475957,9.144154878763052e-07,1.9073486328125e-06,1.22953982402881e-07,5.960464477539062e-07,0,0,624,0.0,0.0,0,624,1.1833187712382816e-18,2.7755575615628914e-17,0,624,2.3641265355623685e-07,9.5367431640625e-07,0,0.8833333333333333,0.8829355401703672,0.004185605628523403,0.05169267744237844,0.04204890083294744,0.27659936720588935,0.8731716622082804,0.6127336954165464,-0.001132178076666271,0.12836926089107065,1,3,0.8866666666666667,0.8861057731313529,4.533743963409693e-06,2.835713661251924e-05,0.05089906057736908,0.27757706495825774,0.8743047517196143,0.6128518594943996,9.114346677466708e-07,0.12848742496892376,0,0,0.8833333333333333,0.8829355401703672,0.004178536724140987,0.05169743593470253,-0.005464838901295876,0.019949453715712596,0.8731723706160954,0.4863782392433731,-0.0011314696688509637,0.002013804717897224,1,3,2.535160419005805e-06,5.1248461181202374e-06
0.0,66,control,7,624,31,600,0,0.8743038402849467,0.4843644345254758,0.8866666666666667,0.8861057731313529,3.150473225888458,9.66466960551199,0.06838453933698622,0.3360412001546172,3.149526257051425,9.66181350632826,4.18702988366855,5.838147505475957,9.144154878763052e-07,1.9073486328125e-06,1.22953982402881e-07,5.960464477539062e-07,0,0,624,0.0,0.0,0,624,1.1833187712382816e-18,2.7755575615628914e-17,0,624,2.3641265355623685e-07,9.5367431640625e-07,0,0.8833333333333333,0.8829355401703672,0.004185605628523403,0.05169267744237844,0.04204890083294744,0.27659936720588935,0.8731716622082804,0.6127336954165464,-0.001132178076666271,0.12836926089107065,1,3,0.8866666666666667,0.8861057731313529,4.533743963409693e-06,2.835713661251924e-05,0.05089906057736908,0.27757706495825774,0.8743047517196143,0.6128518594943996,9.114346677466708e-07,0.12848742496892376,0,0,0.8833333333333333,0.8829355401703672,0.004178536724140987,0.05169743593470253,-0.005464838901295876,0.019949453715712596,0.8731723706160954,0.4863782392433731,-0.0011314696688509637,0.002013804717897224,1,3,2.535160419005805e-06,5.1248461181202374e-06
0.0,66,delete,all,624,31,600,0,0.8743038402849467,0.4843644345254758,0.8866666666666667,0.8861057731313529,7.827710169002467,22.74685582499389,0.14514659659206303,0.5922388215465582,7.825961151142098,22.743718005557255,4.18702988366855,5.838147505475957,9.153706905169365e-07,1.9073486328125e-06,1.1869885313969392e-07,8.344650268554688e-07,0,0,624,0.0,0.0,0,624,5.347305421770449e-18,9.367506770274758e-17,0,624,2.3641265355623685e-07,9.5367431640625e-07,0,0.8833333333333333,0.8831033648027111,0.010895691788158355,0.1347307826493843,0.04144896106281055,0.5161941358610653,0.874407146380957,0.6715412786881861,0.00010330609601040577,0.18717684416271035,6,8,0.8866666666666667,0.8861057731313529,2.9017101041972637e-05,6.24330923295556e-05,0.1137692635275949,0.5152958061169977,0.8743189748514802,0.7644854133774036,1.5134566533594457e-05,0.28012097885192777,0,0,0.8833333333333333,0.8831033648027111,0.01087009087160158,0.13474616522599275,-0.057081709594991155,0.1254326428483742,0.8744069368873443,0.44714531273733854,0.00010309660239774049,-0.03721912178813729,6,8,-3.4161844851974493e-06,2.8392403738764235e-05
0.0,66,delete,7,624,31,600,0,0.8743038402849467,0.4843644345254758,0.8866666666666667,0.8861057731313529,7.827710169002467,22.74685582499389,0.14514659659206303,0.5922388215465582,7.825961151142098,22.743718005557255,4.18702988366855,5.838147505475957,9.153706905169365e-07,1.9073486328125e-06,1.1869885313969392e-07,8.344650268554688e-07,0,0,624,0.0,0.0,0,624,5.347305421770449e-18,9.367506770274758e-17,0,624,2.3641265355623685e-07,9.5367431640625e-07,0,0.8833333333333333,0.8831033648027111,0.010895691788158355,0.1347307826493843,0.04144896106281055,0.5161941358610653,0.874407146380957,0.6715412786881861,0.00010330609601040577,0.18717684416271035,6,8,0.8866666666666667,0.8861057731313529,2.9017101041972637e-05,6.24330923295556e-05,0.1137692635275949,0.5152958061169977,0.8743189748514802,0.7644854133774036,1.5134566533594457e-05,0.28012097885192777,0,0,0.8833333333333333,0.8831033648027111,0.01087009087160158,0.13474616522599275,-0.057081709594991155,0.1254326428483742,0.8744069368873443,0.44714531273733854,0.00010309660239774049,-0.03721912178813729,6,8,-3.4161844851974493e-06,2.8392403738764235e-05
0.0,67,control,all,624,31,600,0,0.8743038402849467,0.48966622486962874,0.8866666666666667,0.8861057731313529,3.150473225888458,9.66466960551199,0.06634166916642077,0.34073851197165567,3.1495711897508114,9.662904194491595,4.103462496339824,6.012685881789512,9.144154878763052e-07,1.9073486328125e-06,1.22953982402881e-07,5.960464477539062e-07,0,0,624,0.0,0.0,0,624,1.0811384651746825e-18,2.905661822261152e-17,0,624,2.2860984198558026e-07,8.344650268554688e-07,0,0.8833333333333333,0.8829355401703672,0.004185605628523403,0.05169267744237844,0.04264335606533747,0.26226552593736696,0.8731716622082804,0.6118282421764303,-0.001132178076666271,0.12216201730680158,1,3,0.8866666666666667,0.8861057731313529,4.594470971287825e-06,3.32430936396122e-05,0.04975777926544348,0.26209550128819853,0.8743017816130393,0.6110808769066092,-2.058671907119514e-06,0.1214146520369805,0,0,0.8833333333333333,0.8829355401703672,0.0041779653185632275,0.05169827093367274,-0.007984949162420936,0.018484383731937178,0.8731755611786138,0.4900296737968667,-0.0011282791063327092,0.0003634489272379848,1,3,3.045838988887576e-06,5.6770431677786965e-06
0.0,67,control,7,624,31,600,0,0.8743038402849467,0.48966622486962874,0.8866666666666667,0.8861057731313529,3.150473225888458,9.66466960551199,0.06634166916642077,0.34073851197165567,3.1495711897508114,9.662904194491595,4.103462496339824,6.012685881789512,9.144154878763052e-07,1.9073486328125e-06,1.22953982402881e-07,5.960464477539062e-07,0,0,624,0.0,0.0,0,624,1.0811384651746825e-18,2.905661822261152e-17,0,624,2.2860984198558026e-07,8.344650268554688e-07,0,0.8833333333333333,0.8829355401703672,0.004185605628523403,0.05169267744237844,0.04264335606533747,0.26226552593736696,0.8731716622082804,0.6118282421764303,-0.001132178076666271,0.12216201730680158,1,3,0.8866666666666667,0.8861057731313529,4.594470971287825e-06,3.32430936396122e-05,0.04975777926544348,0.26209550128819853,0.8743017816130393,0.6110808769066092,-2.058671907119514e-06,0.1214146520369805,0,0,0.8833333333333333,0.8829355401703672,0.0041779653185632275,0.05169827093367274,-0.007984949162420936,0.018484383731937178,0.8731755611786138,0.4900296737968667,-0.0011282791063327092,0.0003634489272379848,1,3,3.045838988887576e-06,5.6770431677786965e-06
0.0,67,delete,all,624,31,600,0,0.8743038402849467,0.48966622486962874,0.8866666666666667,0.8861057731313529,7.827710169002467,22.74685582499389,0.1417512805124702,0.5923660694576853,7.826075584829005,22.744070211960853,4.103462496339824,6.012685881789512,9.153706905169365e-07,1.9073486328125e-06,1.1869885313969392e-07,8.344650268554688e-07,0,0,624,0.0,0.0,0,624,4.5527586539048255e-18,7.28583859910259e-17,0,624,2.2860984198558026e-07,8.344650268554688e-07,0,0.8833333333333333,0.8831033648027111,0.010895691788158355,0.1347307826493843,0.044699188244218625,0.5132212749121186,0.874407146380957,0.6692042243581446,0.00010330609601040577,0.1795379994885159,6,8,0.8866666666666667,0.8861057731313529,3.1853249917427697e-05,7.434305734932423e-05,0.10398953727398737,0.5087737296170627,0.8743204744901123,0.7251396063505771,1.6634205165673147e-05,0.23547338148094824,0,0,0.8833333333333333,0.8831033648027111,0.01086372379750873,0.1347517837615063,-0.06920738032875726,0.11370657805281763,0.8744068970372569,0.46523021199242937,0.00010305675231049191,-0.024436012877199247,6,8,1.1474073219757814e-07,3.1721828959118095e-05
0.0,67,delete,7,624,31,600,0,0.8743038402849467,0.48966622486962874,0.8866666666666667,0.8861057731313529,7.827710169002467,22.74685582499389,0.1417512805124702,0.5923660694576853,7.826075584829005,22.744070211960853,4.103462496339824,6.012685881789512,9.153706905169365e-07,1.9073486328125e-06,1.1869885313969392e-07,8.344650268554688e-07,0,0,624,0.0,0.0,0,624,4.5527586539048255e-18,7.28583859910259e-17,0,624,2.2860984198558026e-07,8.344650268554688e-07,0,0.8833333333333333,0.8831033648027111,0.010895691788158355,0.1347307826493843,0.044699188244218625,0.5132212749121186,0.874407146380957,0.6692042243581446,0.00010330609601040577,0.1795379994885159,6,8,0.8866666666666667,0.8861057731313529,3.1853249917427697e-05,7.434305734932423e-05,0.10398953727398737,0.5087737296170627,0.8743204744901123,0.7251396063505771,1.6634205165673147e-05,0.23547338148094824,0,0,0.8833333333333333,0.8831033648027111,0.01086372379750873,0.1347517837615063,-0.06920738032875726,0.11370657805281763,0.8744068970372569,0.46523021199242937,0.00010305675231049191,-0.024436012877199247,6,8,1.1474073219757814e-07,3.1721828959118095e-05
0.0,68,control,all,624,31,600,0,0.8743038402849467,0.4930950863606627,0.8866666666666667,0.8861057731313529,3.150473225888458,9.66466960551199,0.11481387402580044,0.3713084913080601,3.148045869281453,9.65864852613989,1.9010821211390738,2.5123036141975836,9.144154878763052e-07,1.9073486328125e-06,1.22953982402881e-07,5.960464477539062e-07,0,0,624,0.0,0.0,0,624,2.6633318723336035e-18,4.5102810375396984e-17,0,624,1.325164563380755e-07,7.152557373046875e-07,0,0.8833333333333333,0.8829355401703672,0.004185605628523403,0.05169267744237844,0.03690771471398572,0.21493809929905602,0.8731716622082804,0.5986962809790396,-0.001132178076666271,0.105601194618377,1,3,0.8866666666666667,0.8861057731313529,2.1410867189749692e-06,2.827855925529431e-05,0.03767764957573933,0.21420976596000868,0.8743053820538543,0.6001302144692908,1.5417689077576457e-06,0.10703512810862807,0,0,0.8833333333333333,0.8829355401703672,0.004189749738986556,0.051684720036857285,-0.0011760692577809095,0.0015061224918239391,0.8731714400541324,0.49264413900636056,-0.0011324002308141696,-0.00045094735430214024,1,3,-6.285197182128636e-06,9.51176424188396e-06
0.0,68,control,7,624,31,600,0,0.8743038402849467,0.4930950863606627,0.8866666666666667,0.8861057731313529,3.150473225888458,9.66466960551199,0.11481387402580044,0.3713084913080601,3.148045869281453,9.65864852613989,1.9010821211390738,2.5123036141975836,9.144154878763052e-07,1.9073486328125e-06,1.22953982402881e-07,5.960464477539062e-07,0,0,624,0.0,0.0,0,624,2.6633318723336035e-18,4.5102810375396984e-17,0,624,1.325164563380755e-07,7.152557373046875e-07,0,0.8833333333333333,0.8829355401703672,0.004185605628523403,0.05169267744237844,0.03690771471398572,0.21493809929905602,0.8731716622082804,0.5986962809790396,-0.001132178076666271,0.105601194618377,1,3,0.8866666666666667,0.8861057731313529,2.1410867189749692e-06,2.827855925529431e-05,0.03767764957573933,0.21420976596000868,0.8743053820538543,0.6001302144692908,1.5417689077576457e-06,0.10703512810862807,0,0,0.8833333333333333,0.8829355401703672,0.004189749738986556,0.051684720036857285,-0.0011760692577809095,0.0015061224918239391,0.8731714400541324,0.49264413900636056,-0.0011324002308141696,-0.00045094735430214024,1,3,-6.285197182128636e-06,9.51176424188396e-06
0.0,68,delete,all,624,31,600,0,0.8743038402849467,0.4930950863606627,0.8866666666666667,0.8861057731313529,7.827710169002467,22.74685582499389,0.2754659765482576,0.9536138506547623,7.82223590147958,22.731576626621056,1.9010821211390738,2.5123036141975836,9.153706905169365e-07,1.9073486328125e-06,1.1869885313969392e-07,8.344650268554688e-07,0,0,624,0.0,0.0,0,624,1.398703062436755e-17,1.249000902703301e-16,0,624,1.325164563380755e-07,7.152557373046875e-07,0,0.8833333333333333,0.8831033648027111,0.010895691788158355,0.1347307826493843,0.038489463339106016,0.5023915419319215,0.874407146380957,0.6483476789351023,0.00010330609601040577,0.15525259257443977,6,8,0.8866666666666667,0.8861057731313529,8.635479622544386e-06,6.301774500081173e-05,0.04723552382216813,0.49095478813307214,0.874309600603554,0.6433270893771164,5.760318607412953e-06,0.15023200301645379,0,0,0.8833333333333333,0.8831033648027111,0.010935442571420796,0.13471585819467854,-0.0073266080879152585,0.00891542560659731,0.8744081727283549,0.4894728736256079,0.00010433244340835177,-0.003622212735054824,6,8,-4.838626288498441e-05,5.7063544563089425e-05
0.0,68,delete,7,624,31,600,0,0.8743038402849467,0.4930950863606627,0.8866666666666667,0.8861057731313529,7.827710169002467,22.74685582499389,0.2754659765482576,0.9536138506547623,7.82223590147958,22.731576626621056,1.9010821211390738,2.5123036141975836,9.153706905169365e-07,1.9073486328125e-06,1.1869885313969392e-07,8.344650268554688e-07,0,0,624,0.0,0.0,0,624,1.398703062436755e-17,1.249000902703301e-16,0,624,1.325164563380755e-07,7.152557373046875e-07,0,0.8833333333333333,0.8831033648027111,0.010895691788158355,0.1347307826493843,0.038489463339106016,0.5023915419319215,0.874407146380957,0.6483476789351023,0.00010330609601040577,0.15525259257443977,6,8,0.8866666666666667,0.8861057731313529,8.635479622544386e-06,6.301774500081173e-05,0.04723552382216813,0.49095478813307214,0.874309600603554,0.6433270893771164,5.760318607412953e-06,0.15023200301645379,0,0,0.8833333333333333,0.8831033648027111,0.010935442571420796,0.13471585819467854,-0.0073266080879152585,0.00891542560659731,0.8744081727283549,0.4894728736256079,0.00010433244340835177,-0.003622212735054824,6,8,-4.838626288498441e-05,5.7063544563089425e-05
0.1,66,control,all,617,31,593,0,0.9913746878801636,0.5715800115480109,0.8718381112984823,0.8710886087519335,3.2921454532073886,12.583463338103076,0.10888384485774963,0.39304884906220494,3.290050470535956,12.578642563938232,1.927316656775806,3.5647547687137027,6.748752810387017e-07,1.9073486328125e-06,1.1195493575239877e-07,5.960464477539062e-07,0,0,617,0.0,0.0,0,617,2.3196297566000203e-18,2.42861286636753e-17,0,617,1.1558965983614929e-07,7.152557373046875e-07,0,0.863406408094435,0.8626641508135799,0.004545676505353115,0.05958380349089106,0.030874230921558277,0.2064417262940488,0.9968020996057297,0.6867748772996864,0.005427411725566188,0.11519486575167565,5,10,0.8718381112984823,0.8710886087519335,8.928669522994921e-06,5.2735764937810416e-05,0.03414152243523293,0.20557301339649595,0.991367218407683,0.6883723836102266,-7.4694724806601685e-06,0.11679237206221581,0,0,0.863406408094435,0.8626641508135799,0.004541810454024874,0.05954557228259851,-0.0005232045846588221,0.0018793933057321334,0.9968010071755452,0.57092815053162,0.005426319295381328,-0.0006518610163908684,5,10,-5.062618194754738e-06,1.2477099098494606e-05
0.1,66,control,1,7,6,6,0,1.0162948643356642,0.5959494259021584,1.0,1.0,3.5787854725381103,5.202341911400091,0.09904450739668301,0.16282406808467006,3.5770551207204244,5.199793234924088,1.6947949447914927,2.605377032924403,6.811959402901786e-07,9.5367431640625e-07,1.4688287462506976e-07,2.980232238769531e-07,0,0,7,0.0,0.0,0,7,2.5478751053409354e-18,5.204170427930421e-18,0,7,1.4688287462506976e-07,4.76837158203125e-07,0,0.8333333333333334,0.8285714285714286,-0.039786280265876224,0.06816900734390531,-0.06505129858851433,0.16945503279566765,1.0976423654934775,0.6241675056457027,0.08134750115781328,0.028218079743544226,0,1,1.0,1.0,-1.089062009538923e-05,2.4139881134033203e-05,-0.05956663457410676,0.1672528689461095,1.0163031661184427,0.6224853242320368,8.301782778679418e-06,0.02653589832987846,0,0,0.8333333333333334,0.8285714285714286,-0.039775346006665914,0.06814857040132795,0.0005064819540296282,0.001746905701501029,1.0976301919973783,0.5976261107864335,0.08133532766171417,0.001676684884275113,0,1,-4.363911492483956e-08,1.4890517507280623e-06
0.1,66,control,2,6,4,5,0,0.4505858496557524,0.699825639367169,0.8,0.888888888888889,2.645941772539895,5.065153729541947,0.07593928229250747,0.19277004216531782,2.644687164310944,5.062995599799259,3.0886137317559332,3.5647547687137027,3.178914388020833e-07,9.5367431640625e-07,1.1920928955078125e-07,2.384185791015625e-07,0,0,6,0.0,0.0,0,6,3.512363287947832e-19,8.673617379884035e-19,0,6,2.1855036417643228e-07,4.76837158203125e-07,0,0.8,0.888888888888889,0.02478023370107015,0.029686371485392254,0.23314262926578522,0.23314262926578522,0.44253816448327116,0.5285462283709825,-0.008047685172481186,-0.17127941099618646,0,0,0.8,0.888888888888889,3.1923254330952964e-05,3.5340587298075356e-05,0.23249839494625726,0.23249839494625726,0.45062090528315907,0.526332415831531,3.505562740668822e-05,-0.17349322353563792,0,0,0.8,0.888888888888889,0.02474154035250346,0.029654969771703083,-0.0007434189319610596,0.0012092093626658122,0.4424981910546613,0.6986599855673189,-0.008087658601091027,-0.0011656537998501193,0,0,6.770094235738118e-06,7.475415865580241e-06
0.1,66,control,3,47,26,46,0,0.8579009435073681,0.679644189678101,0.8043478260869565,0.8056541836939775,2.9963725168146014,7.113257699874868,0.09913038176859512,0.2685792231519158,2.9945183378694047,7.108185443959675,2.1708998773325145,3.065778437847144,6.188737585189495e-07,1.9073486328125e-06,1.1936781254220516e-07,5.960464477539062e-07,0,0,47,0.0,0.0,0,47,1.5545036999652539e-18,8.673617379884035e-18,0,47,1.234101488235149e-07,4.76837158203125e-07,0,0.8043478260869565,0.8056541836939775,0.007432332064243073,0.036897938936314684,0.032030159409375904,0.20655662859690951,0.8687350888528397,0.8835181374619828,0.010834145345471452,0.2038739477838819,0,0,0.8043478260869565,0.8056541836939775,-1.7830784967605104e-05,3.9109643152419554e-05,0.033722563072087916,0.20699687056401941,0.8579031904537957,0.883040207708605,2.2469464275605096e-06,0.20339601803050383,0,0,0.8043478260869565,0.8056541836939775,0.00745249904216604,0.036911467922494764,8.717924356460571e-05,0.0019048434939790279,0.8687346116247756,0.6788506489532902,0.010833668117407472,-0.0007935407248108603,0,0,-2.336192955362036e-06,2.889675979918622e-06
0.1,66,control,4,6,5,6,0,1.7092533202241338,0.9136871038560512,0.6666666666666666,0.6666666666666666,6.26807952946488,12.490198573188732,0.1297161288283922,0.2633394510877189,6.266582573770887,12.487873086693721,1.9314919778178423,2.3217411905607737,7.152557373046875e-07,9.5367431640625e-07,1.0803341865539551e-07,2.384185791015625e-07,0,0,6,0.0,0.0,0,6,2.4874534217701285e-18,7.15573433840433e-18,0,6,1.2603898843129477e-07,3.5762786865234375e-07,0,0.5,0.5142857142857142,-0.052584949570397534,0.14964467442284027,0.002320683871706327,0.22264228450755277,1.7475146526835552,1.1911985877960232,0.03826133245942154,0.27751148393997194,0,1,0.6666666666666666,0.6666666666666666,-3.427018721898397e-05,9.747594594955444e-05,-0.013911765068769455,0.24414619182546934,1.7092363527722256,1.277621683547581,-1.6967451908082392e-05,0.36393457969152987,0,0,0.5,0.5142857142857142,-0.052517982510228954,0.14953045081347227,0.012400297448039055,0.015895434344808262,1.7474520724379288,0.8593558067023342,0.03819875221379499,-0.054331297153717005,0,1,-3.269687294960022e-05,3.4768134355545044e-05
0.1,66,control,5,54,25,51,0,2.099626211655238,0.5168846278705458,0.7058823529411765,0.7063374672886563,4.666294257151269,12.583463338103076,0.12410072377387207,0.3673767322974586,4.664410686190042,12.578642563938232,1.564169814733636,2.347872244118656,5.320266441062644e-07,1.9073486328125e-06,9.409807346485279e-08,3.5762786865234375e-07,0,0,54,0.0,0.0,0,54,3.8794108984246956e-18,2.42861286636753e-17,0,54,9.216644145824291e-08,4.76837158203125e-07,0,0.7058823529411765,0.7063374672886563,0.012641843442839605,0.14751999359577894,0.0005674107621113459,0.1943498616003328,2.0707030583462487,0.5518986514444594,-0.02892315330898969,0.03501402357391361,4,4,0.7058823529411765,0.7063374672886563,9.922379696810688e-06,5.8192069883699774e-05,-0.002592621647097446,0.18960417620837688,2.099580990581799,0.5523749590610167,-4.522107343929335e-05,0.03549033119047096,0,0,0.7058823529411765,0.7063374672886563,0.01263791740078617,0.14747185387683134,-0.0015015402049930006,0.0035407605270544686,2.070693829301552,0.51772269720838,-0.028932382353685733,0.0008380693378342584,4,4,-5.996337643376103e-06,2.0714269744025336e-05
0.1,66,control,6,59,26,57,0,0.7615921183363208,0.5434073500882641,0.9473684210526315,0.9468958591765609,3.2943750868860735,9.068966720139446,0.08943033360445375,0.2762205556926339,3.2930262870050746,9.064759212224542,2.142442812648203,2.788979453609078,7.213172266038798e-07,1.9073486328125e-06,1.0557093862759865e-07,4.76837158203125e-07,0,0,59,0.0,0.0,0,59,2.0039076753160974e-18,2.168404344971009e-17,0,59,1.4370780880168333e-07,7.152557373046875e-07,0,0.9473684210526315,0.9468958591765609,-0.0031293991763712997,0.05161028620550188,0.02168589198993424,0.1881638433215982,0.7390330723770928,0.606202168814124,-0.022559045959227968,0.06279481872585997,0,0,0.9473684210526315,0.9468958591765609,1.4071242283966581e-05,8.645350650205451e-05,0.024483525904558472,0.18631180401070643,0.7615377984121253,0.6086216104290696,-5.431992419536754e-05,0.0652142603408055,0,0,0.9473684210526315,0.9468958591765609,-0.0031437436907978383,0.051538683347782846,-0.0004990174103591402,0.0023435457783230283,0.7390729631911308,0.5427496783170275,-0.02251915514518976,-0.0006576717712365953,0,0,2.73272142571918e-07,1.0998572333384369e-05
0.1,66,control,7,438,31,422,0,0.8971917547862099,0.563689644313654,0.8909952606635071,0.8900809831266105,3.117672580379978,9.568224149120903,0.1109980172355103,0.39304884906220494,3.115399648812163,9.563333112049616,1.904722804071234,2.4639249433579002,6.964761916905233e-07,1.9073486328125e-06,1.1361710148859241e-07,5.960464477539062e-07,0,0,438,0.0,0.0,0,438,2.272976895718005e-18,2.42861286636753e-17,0,438,1.1179698248432107e-07,7.152557373046875e-07,0,0.8838862559241706,0.8831072406506811,0.00548554808071487,0.05128937843999906,0.03487774974679294,0.21038568398349633,0.9085653342425815,0.6894033110927791,0.011373579456371546,0.12571366677912513,1,4,0.8909952606635071,0.8900809831266105,1.157840212050094e-05,4.90657687527404e-05,0.039454975071869215,0.20969871414153407,0.8971935034185345,0.6901936672481654,1.748632324528464e-06,0.12650402293451143,0,0,0.8838862559241706,0.8831072406506811,0.005479792256299491,0.0512519729744694,-0.0006618175791687072,0.0014286108536126951,0.9085612103777376,0.5635752378496,0.011369455591527695,-0.00011440646405403935,1,4,-5.82257770512202e-06,1.2628274829420325e-05
0.1,66,delete,all,617,31,593,0,0.9913746878801636,0.5715800115480109,0.8718381112984823,0.8710886087519335,8.31582373043176,30.10858401160078,0.2669371702287582,0.9476551593554028,8.310975832428397,30.093666790249557,1.927316656775806,3.5647547687137027,6.795122712319249e-07,1.9073486328125e-06,1.139904114280373e-07,4.76837158203125e-07,0,0,617,0.0,0.0,0,617,1.5164440464467858e-17,2.7755575615628914e-16,0,617,1.1558965983614929e-07,7.152557373046875e-07,0,0.8617200674536256,0.8614434096565693,0.01464819144593428,0.16169653490345737,0.04049827786678723,0.49230832629195587,1.0102990770464695,0.7310627620867977,0.018924389166305775,0.1594827505387868,10,16,0.8718381112984823,0.8710886087519335,3.356007161750979e-05,0.00012635736087732608,0.07187561556769345,0.479587788797758,0.991353573626668,0.7295504590474325,-2.1114253495829855e-05,0.15797044749942168,0,0,0.8617200674536256,0.8614434096565693,0.014664664245670967,0.16159865428879253,-0.004301730419601188,0.010701928091517723,1.0102612359286176,0.5665352037044092,0.018886548048453838,-0.005044807843601611,10,16,-5.003287135419621e-05,6.620863730290141e-05
0.1,66,delete,1,7,6,6,0,1.0162948643356642,0.5959494259021584,1.0,1.0,12.533522472888437,22.942265477520486,0.325347768335011,0.5025015526194041,12.52854037192015,22.936761703227493,1.6947949447914927,2.605377032924403,6.811959402901786e-07,9.5367431640625e-07,1.2346676417759488e-07,3.5762786865234375e-07,0,0,7,0.0,0.0,0,7,1.3149823492002762e-17,4.163336342344337e-17,0,7,1.4688287462506976e-07,4.76837158203125e-07,0,1.0,1.0,-0.05258841173989432,0.2897518958364214,-0.13073898266468728,0.47675447751368794,0.8365660971526011,1.054997603369786,-0.179728767183063,0.45904817746762777,0,0,1.0,1.0,-4.711747169494629e-05,9.91523265838623e-05,-0.1333643522645746,0.49914320185780525,1.0162485248394435,1.0935539397602523,-4.633949622055512e-05,0.4976045138580939,0,0,1.0,1.0,-0.05251296503203256,0.2896594022001539,0.03743677426661764,0.040469748101064136,0.8364879741368503,0.5745594425024418,-0.17980689019881385,-0.021389983399716556,0,0,-2.83292361668178e-05,5.00593866620745e-05
0.1,66,delete,2,6,4,5,0,0.4505858496557524,0.699825639367169,0.8,0.888888888888889,4.434243780856829,5.740394638882409,0.08793757282690229,0.11132796176607396,4.43318964873112,5.739482498818509,3.0886137317559332,3.5647547687137027,4.76837158203125e-07,9.5367431640625e-07,1.3907750447591147e-07,4.76837158203125e-07,0,0,6,0.0,0.0,0,6,8.402566836762659e-19,2.168404344971009e-18,0,6,2.1855036417643228e-07,4.76837158203125e-07,0,0.8,0.888888888888889,0.028013229370117188,0.04550941785176595,0.1505495316038529,0.27257138552765053,0.4347309859158049,0.5298248560545378,-0.01585486373994745,-0.17000078331263122,0,0,0.8,0.888888888888889,4.9819548924763995e-06,4.1350722312927246e-05,0.14965246307353178,0.26667881198227406,0.4505533628826604,0.5341314454031222,-3.2486773091940556e-05,-0.16569419396404675,0,0,0.8,0.888888888888889,0.02800881862640381,0.04553020000457764,0.004506210486094157,0.004506210486094157,0.43476578970654084,0.6913991883075491,-0.01582005994921154,-0.008426451059619922,0,0,-5.712111790974935e-07,3.1441450119018555e-06
0.1,66,delete,3,47,26,46,0,0.8579009435073681,0.679644189678101,0.8043478260869565,0.8056541836939775,7.155393215862378,17.87477531929351,0.21893932663775012,0.6036152405701596,7.151600326374878,17.866179450258127,2.1708998773325145,3.065778437847144,6.594556443234708e-07,1.9073486328125e-06,1.0874677211680311e-07,4.76837158203125e-07,0,0,47,0.0,0.0,0,47,8.847493419779982e-18,8.326672684688674e-17,0,47,1.234101488235149e-07,4.76837158203125e-07,0,0.8043478260869565,0.8056541836939775,0.006128385187463558,0.09986214292176226,0.05619897400128081,0.4550432692024302,0.8411314809080099,0.7280499525538151,-0.016769462599358066,0.04840576287571401,0,0,0.8043478260869565,0.8056541836939775,-9.116062775571295e-06,8.493507320576526e-05,0.07417552569445143,0.43739566413011954,0.8578643230957471,0.7185337452081312,-3.6620411621191245e-05,0.03888955553003007,0,0,0.8043478260869565,0.8056541836939775,0.006158452877338896,0.09988413735273037,-0.003032924329980891,0.008683471603596464,0.8411665609241822,0.6707962357977707,-0.016734382583186252,-0.008847953880330401,0,0,-2.0951627099767645e-05,2.4013736463607626e-05
0.1,66,delete,4,6,5,6,0,1.7092533202241338,0.9136871038560512,0.6666666666666666,0.6666666666666666,10.534519811218091,20.100017504891323,0.1953161073556715,0.41610419105976787,10.532601850714993,20.095710014804656,1.9314919778178423,2.3217411905607737,7.152557373046875e-07,9.5367431640625e-07,6.953875223795573e-08,1.1920928955078125e-07,0,0,6,0.0,0.0,0,6,8.529057090219302e-18,3.122502256758253e-17,0,6,1.2603898843129477e-07,3.5762786865234375e-07,0,0.8333333333333334,0.8148148148148148,-0.011053959528605143,0.25355859597524005,-0.1466199035445849,0.3873637641469638,1.308743878170107,0.9951757688993194,-0.4005094420540267,0.08148866504326806,1,0,0.6666666666666666,0.6666666666666666,4.5536706844965615e-05,0.00017599140604337057,-0.15155620127916336,0.37145184725522995,1.708836908820788,0.9793387729588217,-0.00041641140334602866,0.06565166910277039,0,0,0.8333333333333334,0.8148148148148148,-0.010951752463976542,0.25339606901009876,-0.005410455167293549,0.019738408426443737,1.3087717889239179,0.9331230455695416,-0.4004815313002159,0.01943594171349039,1,0,-0.00014774377147356668,0.00014774377147356668
0.1,66,delete,5,54,25,51,0,2.099626211655238,0.5168846278705458,0.7058823529411765,0.7063374672886563,12.477610270292034,30.10858401160078,0.31615368700737423,0.9476551593554028,12.473066279257912,30.093666790249557,1.564169814733636,2.347872244118656,5.49687279595269e-07,1.9073486328125e-06,1.0543778814651348e-07,3.5762786865234375e-07,0,0,54,0.0,0.0,0,54,2.8590373642533984e-17,2.7755575615628914e-16,0,54,9.216644145824291e-08,4.76837158203125e-07,0,0.6470588235294118,0.6476018099547511,0.030523672398110782,0.43275945229214374,0.035376110735038914,0.457438277874004,2.4329093991836834,0.5822783313335537,0.3332831875284454,0.06539370346300774,6,9,0.7058823529411765,0.7063374672886563,4.8385243172998785e-05,0.00015097918609778085,0.06011592079367903,0.4300898882663912,2.0996751439299146,0.5810387510771094,4.893227467650221e-05,0.06415412320656355,0,0,0.6470588235294118,0.6476018099547511,0.03057657085635044,0.43266075870229137,-0.015688453559522277,0.027030578366032353,2.4327865952053633,0.49675395823198093,0.3331603835501254,-0.020130669638564892,6,9,-0.00010128370141265569,0.00013119198761328503
0.1,66,delete,6,59,26,57,0,0.7615921183363208,0.5434073500882641,0.9473684210526315,0.9468958591765609,8.024547903243855,22.497107636921488,0.22446765918704617,0.6943133798750856,8.021088431532663,22.4877088293367,2.142442812648203,2.788979453609078,7.293992123361361e-07,1.9073486328125e-06,1.1087474176439188e-07,3.5762786865234375e-07,0,0,59,0.0,0.0,0,59,9.479418486044872e-18,6.418476861114186e-17,0,59,1.4370780880168333e-07,7.152557373046875e-07,0,0.9473684210526315,0.9468958591765609,0.0214268353025792,0.14891559188648806,0.03418179519348225,0.4398191511252169,0.7583547193469303,0.7747326945283254,-0.003237398989390444,0.2313253444400614,0,0,0.9473684210526315,0.9468958591765609,5.282941511121847e-05,0.00022421448917712196,0.038163159674001954,0.42269415578852265,0.76154702034075,0.7657167671014344,-4.50979955706801e-05,0.22230941701317009,0,0,0.9473684210526315,0.9468958591765609,0.02140485558469417,0.14871153513253746,0.0029717226654796276,0.010644865995746548,0.7582814568082257,0.5396616869897742,-0.0033106615280950554,-0.0037456630984900436,0,0,-3.084969722618491e-05,4.553062430882858e-05
0.1,66,delete,7,438,31,422,0,0.8971917547862099,0.563689644313654,0.8909952606635071,0.8900809831266105,7.921856714111959,22.509868460768985,0.2742402699298975,0.9000864480577127,7.916581153260797,22.495044595440117,1.904722804071234,2.4639249433579002,6.932101837576252e-07,1.9073486328125e-06,1.1614102819194532e-07,4.76837158203125e-07,0,0,438,0.0,0.0,0,438,1.5272139409557383e-17,2.7755575615628914e-16,0,438,1.1179698248432107e-07,7.152557373046875e-07,0,0.8815165876777251,0.8809070373084364,0.01393562029477328,0.13492132333154072,0.04408823031949126,0.5123728641721348,0.8935719248242551,0.7378085173402513,-0.0036198299619548805,0.17411887302659734,3,7,0.8909952606635071,0.8900809831266105,3.5232855815049176e-05,0.00011550432249699554,0.08289518687006546,0.5019668354971768,0.8971728732094463,0.7376083710087711,-1.8881576763516722e-05,0.1739187266951171,0,0,0.8815165876777251,0.8809070373084364,0.013949492253090966,0.13482415586386778,-0.004786318087244415,0.008398429660730438,0.8935402530159928,0.5607100338479954,-0.0036515017702171975,-0.002979610465658575,3,7,-4.9104814132735067e-05,6.551521970597032e-05
0.1,67,control,all,617,31,593,0,0.9913746878801636,0.5720249523940476,0.8718381112984823,0.8710886087519335,3.2921454532073886,12.583463338103076,0.10291811972409617,0.3716394757116642,3.2902434563554492,12.578755347465934,2.034813447571571,3.432312204769453,6.748752810387017e-07,1.9073486328125e-06,1.1195493575239877e-07,5.960464477539062e-07,0,0,617,0.0,0.0,0,617,2.4465115511509327e-18,4.85722573273506e-17,0,617,1.1794740029246919e-07,7.152557373046875e-07,0,0.863406408094435,0.8626641508135799,0.004545676505353115,0.05958380349089106,0.030157965850960495,0.20707022624220126,0.9968020996057297,0.6901716161862177,0.005427411725566188,0.11814666379216991,5,10,0.8718381112984823,0.8710886087519335,5.20708942046235e-06,4.523331103197373e-05,0.03347868571960559,0.2057793377272217,0.9913701877610278,0.6913910078397236,-4.5001191358096966e-06,0.11936605544567597,0,0,0.863406408094435,0.8626641508135799,0.0045433462124976,0.059557188404920226,-0.0006375021061209458,0.0025774769883488142,0.9968014400463245,0.5715421146458995,0.00542675216616084,-0.00048283774814811547,5,10,-2.8767965649476507e-06,1.0444527579474487e-05
0.1,67,control,1,7,6,6,0,1.0162948643356642,0.5802606096728126,1.0,1.0,3.5787854725381103,5.202341911400091,0.07011555959481147,0.11231259926710979,3.577971757061057,5.201129419958305,1.9914615986786455,3.0599614782109934,6.811959402901786e-07,9.5367431640625e-07,1.4688287462506976e-07,2.980232238769531e-07,0,0,7,0.0,0.0,0,7,7.434529182757744e-19,2.168404344971009e-18,0,7,1.4688287462506976e-07,5.960464477539062e-07,0,0.8333333333333334,0.8285714285714286,-0.039786280265876224,0.06816900734390531,-0.06795207890016693,0.14138502680829593,1.0976423654934775,0.5728362358334504,0.08134750115781328,-0.007424373839362104,0,1,1.0,1.0,-7.891229220799037e-06,2.6538968086242676e-05,-0.061965614025081904,0.13802139194948332,1.0163048702829032,0.5754617523954556,1.000594723914767e-05,-0.0047988572773569604,0,0,0.8333333333333334,0.8285714285714286,-0.03977802076510021,0.0681426961507116,0.0010740033217838832,0.005386756999152047,1.0976287862916514,0.577216608517131,0.0813339219559873,-0.003044001155681597,0,1,-3.682715552193778e-07,1.6242265701293945e-06
0.1,67,control,2,6,4,5,0,0.4505858496557524,0.6626930363489655,0.8,0.888888888888889,2.645941772539895,5.065153729541947,0.07470468265426608,0.19477340072466592,2.64469619283697,5.063070093753721,3.0206128004497006,3.432312204769453,3.178914388020833e-07,9.5367431640625e-07,1.1920928955078125e-07,2.384185791015625e-07,0,0,6,0.0,0.0,0,6,1.2671612890924333e-18,5.421010862427522e-18,0,6,1.8750627835591635e-07,4.76837158203125e-07,0,0.8,0.888888888888889,0.02478023370107015,0.029686371485392254,0.2279925017307202,0.2279925017307202,0.44253816448327116,0.6149094445790243,-0.008047685172481186,-0.04778359176994107,0,0,0.8,0.888888888888889,1.788636048634847e-05,3.0085444450378418e-05,0.22402668682237467,0.22402668682237467,0.45061548144942193,0.610499375874774,2.9631793669585942e-05,-0.05219366047419138,0,0,0.8,0.888888888888889,0.024756769339243572,0.02966471513112386,-0.00026797130703926086,0.000809837132692337,0.44250616524878766,0.6630004002471851,-0.00807968440696468,0.0003073638982197073,0,0,5.578001340230306e-06,6.203850110371907e-06
0.1,67,control,3,47,26,46,0,0.8579009435073681,0.702164583479439,0.8043478260869565,0.8056541836939775,2.9963725168146014,7.113257699874868,0.09463956724860122,0.2523237173735991,2.9946495956544816,7.10878103801769,2.355100717523799,3.1675370502746363,6.188737585189495e-07,1.9073486328125e-06,1.1936781254220516e-07,5.960464477539062e-07,0,0,47,0.0,0.0,0,47,2.1633041253098817e-18,1.214306433183765e-17,0,47,1.2998885296760722e-07,4.76837158203125e-07,0,0.8043478260869565,0.8056541836939775,0.007432332064243073,0.036897938936314684,0.02991328483566325,0.2148535763646694,0.8687350888528397,0.9266205272535214,0.010834145345471452,0.22445594377408248,0,0,0.8043478260869565,0.8056541836939775,-2.010154755825692e-05,4.99228927049231e-05,0.031191938497284626,0.2144102215608384,0.8578998443468306,0.9255791233678691,-1.0991605375037717e-06,0.22341453988843024,0,0,0.8043478260869565,0.8056541836939775,0.007454198408634104,0.036921052222556254,-0.00015131534731134454,0.0022792542709949167,0.8687400143701859,0.7016327967436462,0.010839070862817633,-0.0005317867357927732,0,0,-1.7647968327745479e-06,3.034645255575789e-06
0.1,67,control,4,6,5,6,0,1.7092533202241338,0.7685584185383373,0.6666666666666666,0.6666666666666666,6.26807952946488,12.490198573188732,0.15260122325134942,0.31289856652751163,6.266087325332889,12.486278664387997,2.0120888480444474,2.1955771696041073,7.152557373046875e-07,9.5367431640625e-07,1.0803341865539551e-07,2.384185791015625e-07,0,0,6,0.0,0.0,0,6,1.777639811971025e-18,8.673617379884035e-18,0,6,1.1920928955078125e-07,2.384185791015625e-07,0,0.5,0.5142857142857142,-0.052584949570397534,0.14964467442284027,-0.028206445276737213,0.28628358989953995,1.7475146526835552,1.1691495760085273,0.03826133245942154,0.4005911574701901,0,1,0.6666666666666666,0.6666666666666666,-4.608680804570516e-05,0.00012649347384770712,-0.04855220143993696,0.30209629361828166,1.7092527730775797,1.2403322891109552,-5.471465541380857e-07,0.47177387057261794,0,0,0.5,0.5142857142857142,-0.052509311897059284,0.14951209320376316,0.011389081055919329,0.011474315697948137,1.7474187883370196,0.7471928832748436,0.03816546811288605,-0.021365535263493624,0,1,-2.9550865292549133e-05,3.098137676715851e-05
0.1,67,control,5,54,25,51,0,2.099626211655238,0.5180236575514661,0.7058823529411765,0.7063374672886563,4.666294257151269,12.583463338103076,0.11911814400922814,0.34855765897424273,4.664546604097059,12.578755347465934,1.6788038982501237,2.4899863199729095,5.320266441062644e-07,1.9073486328125e-06,9.409807346485279e-08,3.5762786865234375e-07,0,0,54,0.0,0.0,0,54,4.255422940926667e-18,3.122502256758253e-17,0,54,1.1106884038006817e-07,4.76837158203125e-07,0,0.7058823529411765,0.7063374672886563,0.012641843442839605,0.14751999359577894,-0.0019390398153552302,0.20120912528148405,2.0707030583462487,0.545891623115884,-0.02892315330898969,0.0278679655644178,4,4,0.7058823529411765,0.7063374672886563,4.75040050568404e-06,3.702334921669077e-05,-0.006864762416592351,0.19610684006302445,2.099599471095876,0.5449047730097093,-2.6740559361579067e-05,0.026881115458243104,0,0,0.7058823529411765,0.7063374672886563,0.012640875419256863,0.14749430951282935,0.0010703730362432975,0.0041656990845998125,2.0706947637065243,0.5178253671381118,-0.028931447948713634,-0.00019829041335449996,4,4,-3.7823769229429737e-06,1.8437393009662628e-05
0.1,67,control,6,59,26,57,0,0.7615921183363208,0.5809850458899726,0.9473684210526315,0.9468958591765609,3.2943750868860735,9.068966720139446,0.07904557557178424,0.27051760970653116,3.293301703903603,9.065102884833108,2.3315628447929893,3.1561712055466096,7.213172266038798e-07,1.9073486328125e-06,1.0557093862759865e-07,4.76837158203125e-07,0,0,59,0.0,0.0,0,59,1.3402071134251431e-18,1.1709383462843448e-17,0,59,1.2110350495677882e-07,7.152557373046875e-07,0,0.9473684210526315,0.9468958591765609,-0.0031293991763712997,0.05161028620550188,0.02868335586735758,0.18381504531381493,0.7390330723770928,0.6552054805666477,-0.022559045959227968,0.07422043467667534,0,0,0.9473684210526315,0.9468958591765609,1.1180417012360136e-05,7.145738197585283e-05,0.03191216087947458,0.18043200267573534,0.7615506248662711,0.6576677881848199,-4.1493470049560273e-05,0.07668274229484742,0,0,0.9473684210526315,0.9468958591765609,-0.0031415307420795246,0.05155303695444333,-0.0009620252175856445,0.0031803027426792405,0.739062907964487,0.5791860229449781,-0.0225292103718336,-0.0017990229449943147,0,0,9.511486958649199e-07,6.920200283244505e-06
0.1,67,control,7,438,31,422,0,0.8971917547862099,0.5594450502083852,0.8909952606635071,0.8900809831266105,3.117672580379978,9.568224149120903,0.10525503908961674,0.3716394757116642,3.1155955730948657,9.564886356652648,1.99186325113706,2.5958273064686526,6.964761916905233e-07,1.9073486328125e-06,1.1361710148859241e-07,5.960464477539062e-07,0,0,438,0.0,0.0,0,438,2.455443601904398e-18,4.85722573273506e-17,0,438,1.1564559860316586e-07,4.76837158203125e-07,0,0.8838862559241706,0.8831072406506811,0.00548554808071487,0.05128937843999906,0.03399744043424385,0.20976821763959785,0.9085653342425815,0.6836421087441353,0.011373579456371546,0.1241970585357502,1,4,0.8909952606635071,0.8900809831266105,7.912835540020303e-06,4.160293212083921e-05,0.03894776265779042,0.2089735749241424,0.8971938612758527,0.6843049167504758,2.106489642809815e-06,0.12485986654209053,0,0,0.8838862559241706,0.8831072406506811,0.005480825867010578,0.05126281774955797,-0.0010536810867998697,0.0021899098692011072,0.9085628488528997,0.559425849656632,0.011371094066689699,-1.920055175320693e-05,1,4,-3.1906218357282142e-06,1.0646696810580823e-05
0.1,67,delete,all,617,31,593,0,0.9913746878801636,0.5720249523940476,0.8718381112984823,0.8710886087519335,8.31582373043176,30.10858401160078,0.2513930728544867,0.9460469891748191,8.311472539040475,30.09371738881548,2.034813447571571,3.432312204769453,6.795122712319249e-07,1.9073486328125e-06,1.139904114280373e-07,4.76837158203125e-07,0,0,617,0.0,0.0,0,617,1.266040652147792e-17,1.249000902703301e-16,0,617,1.1794740029246919e-07,7.152557373046875e-07,0,0.8617200674536256,0.8614434096565693,0.01464819144593428,0.16169653490345737,0.033821424073879294,0.4907376243698153,1.0102990770464695,0.7343639725891036,0.018924389166305775,0.16233902019505594,10,16,0.8718381112984823,0.8710886087519335,2.6186164377960624e-05,0.0001031666438622065,0.07285219224432492,0.47082104686061993,0.9913608584113978,0.7259715996310375,-1.3829468765909579e-05,0.15394664723698986,0,0,0.8617200674536256,0.8614434096565693,0.014657217999422135,0.16162973816613735,-0.007632318853945554,0.017164788608902665,1.0102797073608587,0.5622519702464913,0.018905019480695034,-0.00977298214755637,10,16,-3.521271786581562e-05,5.33247170320786e-05
0.1,67,delete,1,7,6,6,0,1.0162948643356642,0.5802606096728126,1.0,1.0,12.533522472888437,22.942265477520486,0.27446921451430095,0.47240645512771895,12.530139415914935,22.938994093842595,1.9914615986786455,3.0599614782109934,6.811959402901786e-07,9.5367431640625e-07,1.2346676417759488e-07,3.5762786865234375e-07,0,0,7,0.0,0.0,0,7,8.17798210103352e-18,1.3877787807814457e-17,0,7,1.4688287462506976e-07,5.960464477539062e-07,0,1.0,1.0,-0.05258841173989432,0.2897518958364214,-0.14565456179635866,0.4840928800404072,0.8365660971526011,0.9150606037091314,-0.179728767183063,0.33479999403631894,0,0,1.0,1.0,-7.603956120354789e-05,0.00012380629777908325,-0.1610937219645296,0.4876102789172104,1.016268133352513,0.9537426127004434,-2.6730983151233645e-05,0.3734820030276308,0,0,1.0,1.0,-0.052488361086164205,0.28963786363601685,0.08107485568949155,0.08791671959417206,0.8364549411827823,0.5287778914746123,-0.1798399231528818,-0.05148271819820027,0,0,-2.4011092526572092e-05,5.924595253808158e-05
0.1,67,delete,2,6,4,5,0,0.4505858496557524,0.6626930363489655,0.8,0.888888888888889,4.434243780856829,5.740394638882409,0.08798919081182542,0.12983216395792968,4.433181011058686,5.73980317782582,3.0206128004497006,3.432312204769453,4.76837158203125e-07,9.5367431640625e-07,1.3907750447591147e-07,4.76837158203125e-07,0,0,6,0.0,0.0,0,6,1.6172682406242107e-18,3.903127820947816e-18,0,6,1.8750627835591635e-07,4.76837158203125e-07,0,0.8,0.888888888888889,0.028013229370117188,0.04550941785176595,0.12065908747414748,0.27034653661151725,0.4347309859158049,0.5414076030162156,-0.01585486373994745,-0.12128543333274984,0,0,0.8,0.888888888888889,4.783272743225098e-06,3.829101721445719e-05,0.11724411385754745,0.2621287399282058,0.4505664818213999,0.5473937413600675,-1.9367834352449858e-05,-0.11529929498889802,0,0,0.8,0.888888888888889,0.02800797422726949,0.04552975296974182,0.002740047872066498,0.005922970672448476,0.43475296466262625,0.6543333764653766,-0.01583288499312611,-0.008359659883588907,0,0,4.7187010447184247e-07,2.7765830357869468e-06
0.1,67,delete,3,47,26,46,0,0.8579009435073681,0.702164583479439,0.8043478260869565,0.8056541836939775,7.155393215862378,17.87477531929351,0.2042815465877144,0.584337802871446,7.152023632774754,17.867678468451924,2.355100717523799,3.1675370502746363,6.594556443234708e-07,1.9073486328125e-06,1.0874677211680311e-07,4.76837158203125e-07,0,0,47,0.0,0.0,0,47,7.919289485410078e-18,9.194034422677078e-17,0,47,1.2998885296760722e-07,4.76837158203125e-07,0,0.8043478260869565,0.8056541836939775,0.006128385187463558,0.09986214292176226,0.04933602854292443,0.459006685050244,0.8411314809080099,0.7791543673257274,-0.016769462599358066,0.0769897838462883,0,0,0.8043478260869565,0.8056541836939775,-3.0436136938155966e-05,0.0001076000564275904,0.07000425014090031,0.43670412691983773,0.8578602744766243,0.7626154700873723,-4.066903074389706e-05,0.06045088660793332,0,0,0.8043478260869565,0.8056541836939775,0.006174549460411072,0.09990471633190805,-0.005721735985989266,0.012897435813508135,0.8411824962533441,0.6909301584773505,-0.01671844725402418,-0.011234425002088549,0,0,-1.5728136009358346e-05,1.9569227353055427e-05
0.1,67,delete,4,6,5,6,0,1.7092533202241338,0.7685584185383373,0.6666666666666666,0.6666666666666666,10.534519811218091,20.100017504891323,0.1957169443666483,0.40067556211355165,10.532399665793468,20.0960235566856,2.0120888480444474,2.1955771696041073,7.152557373046875e-07,9.5367431640625e-07,6.953875223795573e-08,1.1920928955078125e-07,0,0,6,0.0,0.0,0,6,1.2294400885080417e-17,4.163336342344337e-17,0,6,1.1920928955078125e-07,2.384185791015625e-07,0,0.8333333333333334,0.8148148148148148,-0.011053959528605143,0.25355859597524005,-0.14983957819640636,0.4117367956787348,1.308743878170107,0.9513542047750709,-0.4005094420540267,0.18279578623673365,1,0,0.6666666666666666,0.6666666666666666,3.076717257499695e-05,0.00019704426328341165,-0.14764310171206793,0.390903261800607,1.7087398891887637,0.9201043821289959,-0.0005134310353701229,0.15154596359065883,0,0,0.8333333333333334,0.8148148148148148,-0.010960037509600321,0.2533837705850601,-0.0014912889649470646,0.019524869198600452,1.308848543905402,0.7837689297139261,-0.4004047763187318,0.015210511175588914,1,0,-0.00012468919157981873,0.00012468919157981873
0.1,67,delete,5,54,25,51,0,2.099626211655238,0.5180236575514661,0.7058823529411765,0.7063374672886563,12.477610270292034,30.10858401160078,0.30032362190314105,0.9460469891748191,12.473508914156739,30.09371738881548,1.6788038982501237,2.4899863199729095,5.49687279595269e-07,1.9073486328125e-06,1.0543778814651348e-07,3.5762786865234375e-07,0,0,54,0.0,0.0,0,54,1.8436017184486878e-17,1.249000902703301e-16,0,54,1.1106884038006817e-07,4.76837158203125e-07,0,0.6470588235294118,0.6476018099547511,0.030523672398110782,0.43275945229214374,0.023246119488720542,0.4749831655925071,2.4329093991836834,0.5774913572709109,0.3332831875284454,0.05946769971944475,6,9,0.7058823529411765,0.7063374672886563,9.075910956771285e-06,9.419686264461941e-05,0.05013611622982555,0.42233330025165167,2.099677969694415,0.5581004745179804,5.175803917678064e-05,0.04007681696651416,0,0,0.6470588235294118,0.6476018099547511,0.030563018707282567,0.43273324577172323,-0.013736434763780347,0.0377773852949893,2.4329232413761503,0.48735770234448617,0.3332970297209129,-0.030665955206980056,6,9,-4.8422220128553886e-05,8.728679407525945e-05
0.1,67,delete,6,59,26,57,0,0.7615921183363208,0.5809850458899726,0.9473684210526315,0.9468958591765609,8.024547903243855,22.497107636921488,0.19364875418268043,0.6162196928731322,8.021937082225012,22.491315072983376,2.3315628447929893,3.1561712055466096,7.293992123361361e-07,1.9073486328125e-06,1.1087474176439188e-07,3.5762786865234375e-07,0,0,59,0.0,0.0,0,59,8.982913614047538e-18,8.326672684688674e-17,0,59,1.2110350495677882e-07,7.152557373046875e-07,0,0.9473684210526315,0.9468958591765609,0.0214268353025792,0.14891559188648806,0.030026415583945937,0.4133275718885963,0.7583547193469303,0.8107873786928608,-0.003237398989390444,0.22980233280288836,0,0,0.9473684210526315,0.9468958591765609,4.659694130137815e-05,0.00017523386720883643,0.04700073031550747,0.3874972938733586,0.7615591672603965,0.7962602657062035,-3.2951075924281446e-05,0.2152752198162309,0,0,0.9473684210526315,0.9468958591765609,0.021396812998642354,0.1487554748684673,-0.0018064796419466956,0.01715041406578937,0.7582904377348645,0.5704472156719856,-0.0033016806014562086,-0.010537830217986795,0,0,-1.657463736453299e-05,2.5472903655747235e-05
0.1,67,delete,7,438,31,422,0,0.8971917547862099,0.5594450502083852,0.8909952606635071,0.8900809831266105,7.921856714111959,22.509868460768985,0.2608265293821393,0.8950602449728511,7.917043873651375,22.49577290089025,1.99186325113706,2.5958273064686526,6.932101837576252e-07,1.9073486328125e-06,1.1614102819194532e-07,4.76837158203125e-07,0,0,438,0.0,0.0,0,438,1.3180391546312887e-17,1.1102230246251565e-16,0,438,1.1564559860316586e-07,4.76837158203125e-07,0,0.8815165876777251,0.8809070373084364,0.01393562029477328,0.13492132333154072,0.03816630414869959,0.5107197082223005,0.8935719248242551,0.7353866030021646,-0.0036198299619548805,0.17594155279377943,3,7,0.8909952606635071,0.8900809831266105,3.348634106247392e-05,9.336194542308921e-05,0.08559191660725907,0.49536915395630005,0.8971824208859377,0.7294145697437653,-9.333900272197548e-06,0.16996951953538011,0,0,0.8815165876777251,0.8809070373084364,0.013939761669379255,0.13485139795710846,-0.009513438147701085,0.014074287160414539,0.8935461589438034,0.5528127567694112,-0.0036455958424065913,-0.0066322934389739085,3,7,-3.7627715668449664e-05,5.613171737896253e-05
0.1,68,control,all,617,31,593,0,0.9913746878801636,0.5886575082088765,0.8718381112984823,0.8710886087519335,3.2921454532073886,12.583463338103076,0.08194387022459709,0.319891730043522,3.290889177121704,12.581060789385235,2.53249154652068,5.027942796337234,6.748752810387017e-07,1.9073486328125e-06,1.1195493575239877e-07,5.960464477539062e-07,0,0,617,0.0,0.0,0,617,1.615413840224627e-18,2.7755575615628914e-17,0,617,1.5648030577834268e-07,9.5367431640625e-07,0,0.863406408094435,0.8626641508135799,0.004545676505353115,0.05958380349089106,0.02394208463582073,0.2042025552347085,0.9968020996057297,0.7031311433463651,0.005427411725566188,0.1144736351374886,5,10,0.8718381112984823,0.8710886087519335,4.1509816963436927e-07,3.3546320647242773e-05,0.02917173803697915,0.20324161558787865,0.9913738846292894,0.7042844260884091,-8.032508741854309e-07,0.11562691787953262,0,0,0.863406408094435,0.8626641508135799,0.004545460595497243,0.059578459257051665,-0.003599669391853883,0.004590924859433352,0.9968048299649162,0.5881157882392047,0.005430142084752425,-0.0005417199696717716,5,10,-1.991883137624113e-07,7.768966124741726e-06
0.1,68,control,1,7,6,6,0,1.0162948643356642,0.5823862238548951,1.0,1.0,3.5787854725381103,5.202341911400091,0.04520804776440944,0.06478706643224014,3.578414880355395,5.201938484750954,2.527948126920203,3.4216897714439916,6.811959402901786e-07,9.5367431640625e-07,1.4688287462506976e-07,2.980232238769531e-07,0,0,7,0.0,0.0,0,7,4.433612455342509e-19,8.673617379884035e-19,0,7,1.2772423880440848e-07,3.5762786865234375e-07,0,0.8333333333333334,0.8285714285714286,-0.039786280265876224,0.06816900734390531,-0.052081651985645294,0.11911278856652123,1.0976423654934775,0.621182315482869,0.08134750115781328,0.038796091627973775,0,1,1.0,1.0,2.0116567611694336e-06,1.2859702110290527e-05,-0.04478407119001661,0.11556813759463173,1.0162974809861247,0.6208910487159854,2.6166504606247746e-06,0.03850482486109035,0,0,0.8333333333333334,0.8285714285714286,-0.03978823125362396,0.0681691701923098,-0.003230401447841099,0.004450500011444092,1.0976408067399628,0.5819696645446092,0.08134594240429863,-0.0004165593102859942,0,1,-6.066901343209403e-08,8.589455059596471e-07
0.1,68,control,2,6,4,5,0,0.4505858496557524,0.7737066690444342,0.8,0.888888888888889,2.645941772539895,5.065153729541947,0.05412222208665835,0.16487339944109194,2.6452097876042133,5.064342098544538,4.029758639621284,5.027942796337234,3.178914388020833e-07,9.5367431640625e-07,1.1920928955078125e-07,2.384185791015625e-07,0,0,6,0.0,0.0,0,6,2.1377699867119785e-18,1.1275702593849246e-17,0,6,3.5638610521952313e-07,8.344650268554688e-07,0,0.8,0.888888888888889,0.02478023370107015,0.029686371485392254,0.22483711193005243,0.22483711193005243,0.44253816448327116,0.7528305583178568,-0.008047685172481186,-0.020876110726577173,0,0,0.8,0.888888888888889,1.5124678611755371e-05,2.950926621754964e-05,0.22356342151761055,0.22356342151761055,0.4506140130005454,0.747848542658199,2.8163344793015927e-05,-0.025858126386235154,0,0,0.8,0.888888888888889,0.024760713179906208,0.029669711987177532,-0.0003863672415415446,0.0039887577295303345,0.4425079264480636,0.7765194497353368,-0.008077923207688778,0.0028127806909025907,0,0,4.395842552185059e-06,4.743536313374837e-06
0.1,68,control,3,47,26,46,0,0.8579009435073681,0.7285997516356016,0.8043478260869565,0.8056541836939775,2.9963725168146014,7.113257699874868,0.07271521809680398,0.19391156585879113,2.9953342139210535,7.11061413729189,3.0636443843271697,4.147718538157087,6.188737585189495e-07,1.9073486328125e-06,1.1936781254220516e-07,5.960464477539062e-07,0,0,47,0.0,0.0,0,47,1.1193810727629597e-18,1.0408340855860843e-17,0,47,1.5273690223693848e-07,4.470348358154297e-07,0,0.8043478260869565,0.8056541836939775,0.007432332064243073,0.036897938936314684,0.019526877301804562,0.21423095084251242,0.8687350888528397,0.9605985565715,0.010834145345471452,0.23199880493589833,0,0,0.8043478260869565,0.8056541836939775,-1.5252051835364484e-05,5.022983284706765e-05,0.025171528629800106,0.21450272281753255,0.8578969012994636,0.9554824431609171,-4.042207904643465e-06,0.22688269152531546,0,0,0.8043478260869565,0.8056541836939775,0.007447827845177752,0.03694066674785411,-0.003245727020375272,0.004627431960816079,0.8687447870012917,0.7291664132022785,0.01084384349392367,0.0005666615666768865,0,0,-2.437290993142635e-07,2.5881256194824866e-06
0.1,68,control,4,6,5,6,0,1.7092533202241338,1.1199988955740525,0.6666666666666666,0.6666666666666666,6.26807952946488,12.490198573188732,0.09512578243917823,0.21008465825532027,6.267288636960825,12.489017883826367,2.6924880776535196,3.0237039138947646,7.152557373046875e-07,9.5367431640625e-07,1.0803341865539551e-07,2.384185791015625e-07,0,0,6,0.0,0.0,0,6,3.2435714993524676e-18,1.2793585635328952e-17,0,6,1.8874804178873697e-07,3.5762786865234375e-07,0,0.5,0.5142857142857142,-0.052584949570397534,0.14964467442284027,0.018198370933532715,0.23408076167106628,1.7475146526835552,1.4248352485707318,0.03826133245942154,0.3048363529966795,0,1,0.6666666666666666,0.6666666666666666,-5.945563316345215e-06,5.513926347096761e-05,-0.006043002009391785,0.25852754215399426,1.7092192272823379,1.528532383111769,-3.409294179575658e-05,0.4085334875377164,0,0,0.5,0.5142857142857142,-0.052579645377894245,0.14959195597718158,0.003922770420710246,0.014895111322402954,1.747522581624315,1.0866155191844782,0.038269261400181026,-0.03338337638957434,0,1,6.413708130518595e-07,2.6679287354151406e-06
0.1,68,control,5,54,25,51,0,2.099626211655238,0.5668330494662371,0.7058823529411765,0.7063374672886563,4.666294257151269,12.583463338103076,0.07906199160223894,0.2640043842569513,4.665486408570778,12.581060789385235,2.4589910536879636,3.3592712842595067,5.320266441062644e-07,1.9073486328125e-06,9.409807346485279e-08,3.5762786865234375e-07,0,0,54,0.0,0.0,0,54,1.7506602440214435e-18,1.9081958235744878e-17,0,54,1.3659397761027017e-07,4.76837158203125e-07,0,0.7058823529411765,0.7063374672886563,0.012641843442839605,0.14751999359577894,-0.008533142645049977,0.1984319001160286,2.0707030583462487,0.5786889674173709,-0.02892315330898969,0.011855917951133664,4,4,0.7058823529411765,0.7063374672886563,-2.496151460541619e-06,3.519495604214845e-05,-0.004768386345218729,0.19559972691867086,2.099650927318224,0.5751135838036521,2.4715662985786896e-05,0.00828053433741489,0,0,0.7058823529411765,0.7063374672886563,0.012651474560024563,0.14755814001654033,-0.008386843734317355,0.011535868324615338,2.070690683942699,0.5720017617244083,-0.028935527712539155,0.00516871225817118,4,4,-7.1349657244152495e-06,1.5628627604908412e-05
0.1,68,control,6,59,26,57,0,0.7615921183363208,0.5472228530658686,0.9473684210526315,0.9468958591765609,3.2943750868860735,9.068966720139446,0.05987914408406526,0.23842225799147657,3.293720591606756,9.066517110186973,3.0271518848259356,4.241653639998469,7.213172266038798e-07,1.9073486328125e-06,1.0557093862759865e-07,4.76837158203125e-07,0,0,59,0.0,0.0,0,59,8.197107510213624e-19,1.1275702593849246e-17,0,59,1.4610714831594692e-07,7.152557373046875e-07,0,0.9473684210526315,0.9468958591765609,-0.0031293991763712997,0.05161028620550188,0.024549077501741505,0.17991238920870473,0.7390330723770928,0.6063573086137579,-0.022559045959227968,0.05913445554788932,0,0,0.9473684210526315,0.9468958591765609,5.88898941621942e-06,5.284128552776272e-05,0.02877998869802992,0.1762281238275059,0.7615583543175294,0.6102881457016051,-3.3764018791323644e-05,0.06306529263573642,0,0,0.9473684210526315,0.9468958591765609,-0.003136641393273564,0.0515670074244677,-0.001873256733356896,0.0046842885598287745,0.739057839485963,0.5436598382160193,-0.022534278850357574,-0.003563014849849312,0,0,1.3532274860446736e-06,6.424168408927271e-06
0.1,68,control,7,438,31,422,0,0.8971917547862099,0.5721995988156284,0.8909952606635071,0.8900809831266105,3.117672580379978,9.568224149120903,0.08704929513479448,0.319891730043522,3.116228855142244,9.565803164634628,2.3952954402829048,3.270190216944524,6.964761916905233e-07,1.9073486328125e-06,1.1361710148859241e-07,5.960464477539062e-07,0,0,438,0.0,0.0,0,438,1.748422976886281e-18,2.7755575615628914e-17,0,438,1.5801014421193023e-07,9.5367431640625e-07,0,0.8838862559241706,0.8831072406506811,0.00548554808071487,0.05128937843999906,0.026879579415672445,0.20777778894763832,0.9085653342425815,0.6946238054506515,0.011373579456371546,0.12242420663502307,1,4,0.8909952606635071,0.8900809831266105,1.577962377027834e-06,2.904384732926817e-05,0.03283958911861731,0.20697963822071683,0.8971925974125078,0.6953610937227436,8.426262977020665e-07,0.12316149490711513,0,0,0.8838862559241706,0.8831072406506811,0.005483595220601722,0.05127933978626173,-0.003432969737066526,0.003587544993518694,0.9085666596828789,0.5716438284700636,0.011374904896668953,-0.000555770345564837,1,4,3.7489773612044173e-07,7.758805842976593e-06
0.1,68,delete,all,617,31,593,0,0.9913746878801636,0.5886575082088765,0.8718381112984823,0.8710886087519335,8.31582373043176,30.10858401160078,0.19799014284427677,0.7663787253320582,8.313020799456263,30.103485550906406,2.53249154652068,5.027942796337234,6.795122712319249e-07,1.9073486328125e-06,1.139904114280373e-07,4.76837158203125e-07,0,0,617,0.0,0.0,0,617,8.449367123129551e-18,1.1102230246251565e-16,0,617,1.5648030577834268e-07,9.5367431640625e-07,0,0.8617200674536256,0.8614434096565693,0.01464819144593428,0.16169653490345737,0.019361167977076488,0.48043563809831485,1.0102990770464695,0.7406777653575307,0.018924389166305775,0.15202025714865428,10,16,0.8718381112984823,0.8710886087519335,9.330914837324832e-06,7.554211440938412e-05,0.06949281508353579,0.46589310324148575,0.9913686847111292,0.7450001072188753,-6.00316903458456e-06,0.1563425990099988,0,0,0.8617200674536256,0.8614434096565693,0.014649814668728863,0.16167876566269676,-0.027895182407366013,0.03164009739021428,1.0103050252680348,0.5753410290668763,0.01893033738787126,-0.013316479142000225,10,16,-1.0954137631907841e-05,3.380521322861676e-05
0.1,68,delete,1,7,6,6,0,1.0162948643356642,0.5823862238548951,1.0,1.0,12.533522472888437,22.942265477520486,0.20752982904031386,0.37007916401689106,12.531559614967216,22.94067285999827,2.527948126920203,3.4216897714439916,6.811959402901786e-07,9.5367431640625e-07,1.2346676417759488e-07,3.5762786865234375e-07,0,0,7,0.0,0.0,0,7,8.367717481218483e-18,2.0816681711721685e-17,0,7,1.2772423880440848e-07,3.5762786865234375e-07,0,1.0,1.0,-0.05258841173989432,0.2897518958364214,-0.2199445026261466,0.48235054527010235,0.8365660971526011,0.9854518012750731,-0.179728767183063,0.403065577420178,0,0,1.0,1.0,-1.0869332722255162e-05,6.485411099025182e-05,-0.17745372227260045,0.46714543444769724,1.016316586933269,0.9524614818437834,2.172259760500696e-05,0.37007525798888835,0,0,1.0,1.0,-0.0525582092148917,0.2897366796221052,0.010499153818402971,0.026498019695281982,0.8365579783318504,0.5858768089834625,-0.17973688600381368,0.003490585128567401,0,0,-1.933319228036063e-05,2.2747686931065152e-05
0.1,68,delete,2,6,4,5,0,0.4505858496557524,0.7737066690444342,0.8,0.888888888888889,4.434243780856829,5.740394638882409,0.0634958346941197,0.08599233868172924,4.433713536971055,5.739848780393118,4.029758639621284,5.027942796337234,4.76837158203125e-07,9.5367431640625e-07,1.3907750447591147e-07,4.76837158203125e-07,0,0,6,0.0,0.0,0,6,6.369687763352339e-19,1.4094628242311558e-18,0,6,3.5638610521952313e-07,8.344650268554688e-07,0,0.8,0.888888888888889,0.028013229370117188,0.04550941785176595,0.136159036308527,0.26274016375343007,0.4347309859158049,0.636656206496199,-0.01585486373994745,-0.13705046254823514,0,0,0.8,0.888888888888889,-4.922350247701009e-06,2.785027027130127e-05,0.1404901978870233,0.2523465044796467,0.4505732768840008,0.6444974888467612,-1.257277175155854e-05,-0.12920918019767294,0,0,0.8,0.888888888888889,0.028018107016881306,0.04552732904752096,-0.00045228004455566406,0.007174586256345113,0.43474642617556425,0.7655148202868397,-0.015839423480188113,-0.008191848757594452,0,0,4.470348358154297e-08,1.8129746119181316e-06
0.1,68,delete,3,47,26,46,0,0.8579009435073681,0.7285997516356016,0.8043478260869565,0.8056541836939775,7.155393215862378,17.87477531929351,0.15472346808380083,0.47490419575127624,7.153388330422738,17.87100342912645,3.0636443843271697,4.147718538157087,6.594556443234708e-07,1.9073486328125e-06,1.0874677211680311e-07,4.76837158203125e-07,0,0,47,0.0,0.0,0,47,3.4037027776645997e-18,1.734723475976807e-17,0,47,1.5273690223693848e-07,4.470348358154297e-07,0,0.8043478260869565,0.8056541836939775,0.006128385187463558,0.09986214292176226,0.04944696142635447,0.4558710111106964,0.8411314809080099,0.7582031082774793,-0.016769462599358066,0.02960335664187733,0,0,0.8043478260869565,0.8056541836939775,-2.328595740998045e-05,0.0001032411497324071,0.08028332326323429,0.43734496776410875,0.8578723617533833,0.7485107960989689,-2.8581753984835897e-05,0.019911044463367167,0,0,0.8043478260869565,0.8056541836939775,0.006157573233259485,0.09993683594338437,-0.018722799943482624,0.02187372308145178,0.8411776080463486,0.7154153794180972,-0.016723335461019447,-0.013184372217504558,0,0,-5.902088385947207e-06,1.573122720769111e-05
0.1,68,delete,4,6,5,6,0,1.7092533202241338,1.1199988955740525,0.6666666666666666,0.6666666666666666,10.534519811218091,20.100017504891323,0.1411473286794833,0.3205433564288357,10.533480327417807,20.097461423114783,2.6924880776535196,3.0237039138947646,7.152557373046875e-07,9.5367431640625e-07,6.953875223795573e-08,1.1920928955078125e-07,0,0,6,0.0,0.0,0,6,5.999252021086458e-18,2.7755575615628914e-17,0,6,1.8874804178873697e-07,3.5762786865234375e-07,0,0.8333333333333334,0.8148148148148148,-0.011053959528605143,0.25355859597524005,-0.1070915957291921,0.3944294552008311,1.308743878170107,1.162552324215371,-0.4005094420540267,0.042553428641318426,1,0,0.6666666666666666,0.6666666666666666,-7.255623737970988e-06,8.71780018011729e-05,-0.13295830289522806,0.38331161936124164,1.7090711041975526,1.1851654458117251,-0.0001822160265811945,0.06516655023767252,0,0,0.8333333333333334,0.8148148148148148,-0.011013140281041464,0.2534697155157725,-0.0075157930453618365,0.03529907763004303,1.3087915931793492,1.1267840393804471,-0.4004617270447846,0.006785143806394611,1,0,-3.356362382570902e-05,3.4636507431666054e-05
0.1,68,delete,5,54,25,51,0,2.099626211655238,0.5668330494662371,0.7058823529411765,0.7063374672886563,12.477610270292034,30.10858401160078,0.1859849058840339,0.5933450552401499,12.475864954592158,30.103485550906406,2.4589910536879636,3.3592712842595067,5.49687279595269e-07,1.9073486328125e-06,1.0543778814651348e-07,3.5762786865234375e-07,0,0,54,0.0,0.0,0,54,6.242193618995247e-18,4.85722573273506e-17,0,54,1.3659397761027017e-07,4.76837158203125e-07,0,0.6470588235294118,0.6476018099547511,0.030523672398110782,0.43275945229214374,0.0103260005513827,0.4421186011146616,2.4329093991836834,0.6198715525597984,0.3332831875284454,0.05303850309356125,6,9,0.7058823529411765,0.7063374672886563,-4.324846452584973e-05,9.498860756004299e-05,0.07142742806010777,0.4291961474551095,2.0996532650997803,0.6682961286307234,2.705344454234751e-05,0.10146307916448633,0,0,0.6470588235294118,0.6476018099547511,0.03056704534942077,0.43286158504068023,-0.07674718123895151,0.09405516584714253,2.433073959539554,0.5329278272652767,0.3334477478843162,-0.033905222200960525,6,9,-1.2448678414026895e-07,5.328969133120996e-05
0.1,68,delete,6,59,26,57,0,0.7615921183363208,0.5472228530658686,0.9473684210526315,0.9468958591765609,8.024547903243855,22.497107636921488,0.1452418609533798,0.4755802172911569,8.023033452993163,22.493714149439572,3.0271518848259356,4.241653639998469,7.293992123361361e-07,1.9073486328125e-06,1.1087474176439188e-07,3.5762786865234375e-07,0,0,59,0.0,0.0,0,59,5.4195177874018535e-18,5.204170427930421e-17,0,59,1.4610714831594692e-07,7.152557373046875e-07,0,0.9473684210526315,0.9468958591765609,0.0214268353025792,0.14891559188648806,0.024059853563874453,0.41219928039837694,0.7583547193469303,0.7419503602153831,-0.003237398989390444,0.1947275071495145,0,0,0.9473684210526315,0.9468958591765609,2.7943213107222217e-05,0.00012680509332883155,0.04852077655367932,0.3972920303122472,0.7615675604324991,0.7539001783299222,-2.4557903821597983e-05,0.20667732526405347,0,0,0.9473684210526315,0.9468958591765609,0.021409070592815594,0.14880239559432207,-0.008760408766693989,0.017727635358854875,0.758312779743703,0.5312976035452257,-0.003279338592617629,-0.01592524952064292,0,0,-1.0178503343614481e-05,2.0242596076706708e-05
0.1,68,delete,7,438,31,422,0,0.8971917547862099,0.5721995988156284,0.8909952606635071,0.8900809831266105,7.921856714111959,22.509868460768985,0.21368696949193852,0.7663787253320582,7.918595479381207,22.49936374378951,2.3952954402829048,3.270190216944524,6.932101837576252e-07,1.9073486328125e-06,1.1614102819194532e-07,4.76837158203125e-07,0,0,438,0.0,0.0,0,438,9.812931809098597e-18,1.1102230246251565e-16,0,438,1.5801014421193023e-07,9.5367431640625e-07,0,0.8815165876777251,0.8809070373084364,0.01393562029477328,0.13492132333154072,0.02057055922301665,0.5011169352743043,0.8935719248242551,0.7452536215808752,-0.0036198299619548805,0.1730540227652467,3,7,0.8909952606635071,0.8900809831266105,1.755145008433355e-05,6.393177358254994e-05,0.07666878645482673,0.48675808831028744,0.8971886591060042,0.7449126696096179,-3.095680205713245e-06,0.17271307079398948,0,0,0.8815165876777251,0.8809070373084364,0.013930711778280534,0.13489214878435754,-0.026702807493269715,0.02723433228728434,0.8935599799719915,0.5611445205461892,-0.003631774814218316,-0.011055078269439262,3,7,-1.2642933591587903e-05,3.57729718769522e-05
0.2,66,control,all,599,31,577,0,1.1221730870056612,0.5957942722102813,0.8492201039861352,0.8484950483898741,3.378512633958755,14.800021308222416,0.08419026187502027,0.3677339585374003,3.377221418877875,14.79670818649239,2.353569344435854,3.8367942012557257,8.579486598554557e-07,1.9073486328125e-06,1.1359181298636434e-07,5.960464477539062e-07,0,0,599,0.0,0.0,0,599,1.760932269738224e-18,4.163336342344337e-17,0,599,1.4646485671774175e-07,7.152557373046875e-07,0,0.8440207972270364,0.8434597279780157,0.006169768687779199,0.06329303084000423,0.022533936040454196,0.19414335250767423,1.1247086085525955,0.6979454943224265,0.002535521546934278,0.10215122211214511,4,7,0.8492201039861352,0.8484950483898741,6.3119042596355305e-06,3.9171237803261744e-05,0.024243839075773307,0.19303578585199702,1.122173784278764,0.6981539959583188,6.972731031036804e-07,0.10235972374803746,0,0,0.8440207972270364,0.8434597279780157,0.006167703099822461,0.06326485768999152,0.0006803053062726341,0.004368350712056948,1.1247011358590115,0.5961622964776834,0.00252804885335059,0.00036802426740203774,4,7,-4.246316302897337e-06,8.448860444787746e-06
0.2,66,control,1,19,14,19,0,1.1415112900484765,0.2318559918218926,0.8947368421052632,0.8941520467836256,4.17496859966903,12.404793816985707,0.0481358358291423,0.14090040142024018,4.174391156983669,12.404179957375957,2.964943643450647,3.419568201074109,8.156425074527138e-07,1.430511474609375e-06,6.980017611854955e-08,2.384185791015625e-07,0,0,19,0.0,0.0,0,19,6.575650511579436e-19,3.469446951953614e-18,0,19,2.8547487760844985e-07,6.258487701416016e-07,0,0.8947368421052632,0.8941520467836256,0.0024684024484534013,0.0931674649840907,-0.0537579751720554,0.14304525620843234,1.0841355139708744,0.2555251932822213,-0.057375776077601984,0.023669201460328675,0,0,0.8947368421052632,0.8941520467836256,-1.5170166366978696e-05,3.082893396678724e-05,-0.05298268540125144,0.14095139091736392,1.141516573859558,0.2523775320179091,5.283811081721455e-06,0.02052154019601648,0,0,0.8947368421052632,0.8941520467836256,0.00248440472703231,0.09313797950744629,-0.003347625073633696,0.006887038287363555,1.0841229386202924,0.23392917493831009,-0.057388351428184034,0.0020731831164175177,0,0,-8.321122119301244e-07,2.124591877585963e-06
0.2,66,control,2,20,14,20,0,1.1917979688531593,0.3239280309925935,0.7,0.6703296703296703,2.945654592408899,6.64401532923594,0.06766250875185434,0.1788677220164938,2.9448112608518486,6.641607187506861,2.9524204242167005,3.8367942012557257,8.940696716308594e-07,1.9073486328125e-06,1.2516975402832032e-07,3.5762786865234375e-07,0,0,20,0.0,0.0,0,20,8.955679351319717e-19,4.7704895589362195e-18,0,20,2.246350049972534e-07,6.556510925292969e-07,0,0.7,0.6703296703296703,0.00778050571680069,0.03430082052946091,0.015617712028324604,0.2014684109017253,1.2184042659854397,0.3722792217271088,0.026606297132280333,0.04835119073451534,0,0,0.7,0.6703296703296703,-1.8775463104248047e-06,2.5767087936401368e-05,0.018734253756701947,0.20085853580385446,1.1918177657471412,0.3705824125024519,1.9796893981505192e-05,0.04665438150985844,0,0,0.7,0.6703296703296703,0.007781270146369934,0.03427601754665375,0.0014431670308113099,0.002384397387504578,1.2183803363460732,0.32464594813271647,0.026582367492913716,0.0007179171401230089,0,0,1.11311674118042e-06,2.689659595489502e-06
0.2,66,control,3,73,31,68,0,0.7609692262581699,0.5566103707612332,0.8970588235294118,0.8975176277407515,3.0730870820779033,7.066564424692711,0.0763735468359687,0.2945399788254668,3.0719792694164396,7.060423427047851,2.740997646875652,3.387172339223686,9.340782688088613e-07,1.9073486328125e-06,1.0770171472471054e-07,3.5762786865234375e-07,0,0,73,0.0,0.0,0,73,1.8788467121116793e-18,4.163336342344337e-17,0,73,1.40438341114619e-07,5.364418029785156e-07,0,0.8970588235294118,0.8975176277407515,-0.004581460499600188,0.03616393847416525,-0.041911162027757465,0.21009976967965086,0.7580301150833533,0.6558593459529235,-0.0029391111748166897,0.09924897519169032,0,0,0.8970588235294118,0.8975176277407515,-8.569188313941433e-07,3.516020840161467e-05,-0.03923471037247409,0.20949559066801854,0.7609433152484553,0.6580122087091043,-2.5911009714651683e-05,0.10140183794787105,0,0,0.8970588235294118,0.8975176277407515,-0.0045780589013067014,0.036133127720796895,0.0003120800199573987,0.0038565584037401905,0.7580517317602966,0.5564852831232221,-0.0029174944978732037,-0.00012508763801105736,0,0,-2.5446794620931967e-06,3.935998841507794e-06
0.2,66,control,4,26,16,25,0,1.9030721783189408,0.581650229380379,0.76,0.76,6.2972819419800965,13.893030193576886,0.08365375513984069,0.3677339585374003,6.296429624391566,13.888162574486858,2.6571473705289224,3.3295506946379803,8.252950815054087e-07,1.9073486328125e-06,1.0595585291202252e-07,2.384185791015625e-07,0,0,26,0.0,0.0,0,26,3.0607861330936932e-18,2.862293735361732e-17,0,26,2.1792948246002197e-07,4.76837158203125e-07,0,0.72,0.7130145530145531,-0.034585122735454485,0.16360389140362924,0.0023258159366937783,0.2118684001840078,1.867860121075536,0.6826096892664728,-0.03521205724340472,0.10095945988609381,1,2,0.76,0.76,2.534916767707238e-06,3.8079917430877686e-05,0.005062064729057825,0.21348328988712567,1.9030356724607036,0.6833297140131098,-3.650585823681359e-05,0.10167948463273081,0,0,0.72,0.7130145530145531,-0.034577081696345255,0.16357194890196508,0.0001842094442019096,0.025385788283669032,1.8678631126463752,0.5850767375595401,-0.03520906567256559,0.0034265081791612145,1,2,-1.057595587693728e-05,1.548732129427103e-05
0.2,66,control,5,82,28,80,0,2.32138054860196,0.7005706969267873,0.675,0.6728333333333334,4.624636114641372,14.800021308222416,0.09783171569441021,0.31314144986989606,4.623456016074434,14.79670818649239,2.325771327246364,3.1316807760356187,7.879443284941882e-07,1.9073486328125e-06,9.154219452927753e-08,3.5762786865234375e-07,0,0,82,0.0,0.0,0,82,2.4609115496792727e-18,2.42861286636753e-17,0,82,1.5269147186744503e-07,5.960464477539062e-07,0,0.65,0.6518229166666667,0.02428391272565577,0.13956726881925288,0.04847961516551128,0.22564796510538676,2.37483930392165,0.8469202021170327,0.053458755319689986,0.14634950519024553,2,4,0.675,0.6728333333333334,1.1623450895635093e-05,5.2368745389508035e-05,0.04642553452584075,0.22148781031279302,2.321400706598903,0.8397000685611693,2.0157996942724494e-05,0.13912937163438205,0,0,0.65,0.6518229166666667,0.024268242610027878,0.1395171435390849,0.004543989033597272,0.007702261709221979,2.3748011846215835,0.7039802034484283,0.05342063601962382,0.0034095065216407767,2,4,4.046664732258494e-06,1.4177250971154469e-05
0.2,66,control,6,81,29,81,0,0.5693441684960076,0.5790663127652316,0.9135802469135802,0.913198443416512,2.978946115553797,9.053689432203043,0.07009058207752622,0.2862588837983327,2.977862984400444,9.050370748025772,2.54151458476657,3.040897841624594,8.742014567057291e-07,1.9073486328125e-06,1.298332655871356e-07,4.76837158203125e-07,0,0,81,0.0,0.0,0,81,1.1588456438126798e-18,1.734723475976807e-17,0,81,1.5526642034083237e-07,4.76837158203125e-07,0,0.9135802469135802,0.913198443416512,0.0013457624770608948,0.04687734902548937,0.01524610095369963,0.1785315858821074,0.5796330866256202,0.6676502694012915,0.010288918129612681,0.08858395663606003,0,0,0.9135802469135802,0.913198443416512,2.1564371791886695e-06,1.608166429731581e-05,0.016214180691742602,0.17706340459393866,0.5693429308572482,0.6670798747194603,-1.2376387593241952e-06,0.0880135619542288,0,0,0.9135802469135802,0.913198443416512,0.0013440902356380297,0.04686822583553968,0.0006483980443006681,0.002471275949551735,0.5796300657901566,0.5788841259870717,0.010285897294149115,-0.00018218677815970248,0,0,-4.841957563235436e-07,5.245208740234375e-06
0.2,66,control,7,298,31,284,0,0.9569003102071495,0.6237929969062098,0.8838028169014085,0.8836492156094021,2.942658014281159,9.459785367512072,0.08963869603846815,0.29232914970038243,2.941120875006712,9.456352658813218,2.1095674817154753,2.7838604506356646,8.572668037158531e-07,1.9073486328125e-06,1.1936867697126913e-07,5.960464477539062e-07,0,0,298,0.0,0.0,0,298,1.7181068497699324e-18,1.734723475976807e-17,0,298,1.2349087319918127e-07,7.152557373046875e-07,0,0.8838028169014085,0.8836492156094021,0.008813939216677974,0.0447016014379993,0.04025387908988351,0.18702881503225172,0.9501548052031877,0.7268995819517987,-0.006745505003961748,0.10310658504558905,1,1,0.8838028169014085,0.8836492156094021,9.98479057878456e-06,4.432501658897272e-05,0.042840010942828737,0.18652788157131048,0.9569043682115524,0.7291848421014968,4.058004403036478e-06,0.10539184519528692,0,0,0.8838028169014085,0.8836492156094021,0.008811947264577319,0.04467512327777659,-3.508125875620234e-05,0.00223081318924091,0.9501479463206743,0.6231954046019563,-0.006752363886475018,-0.0005975923042535724,1,1,-7.992838478128382e-06,9.02453762472876e-06
0.2,66,delete,all,599,31,577,0,1.1221730870056612,0.5957942722102813,0.8492201039861352,0.8484950483898741,8.676172341714349,32.750015265600375,0.21363520239155123,0.9877341664774254,8.673095387865207,32.73511694057974,2.353569344435854,3.8367942012557257,8.531723277198652e-07,1.9073486328125e-06,1.1060194101476908e-07,5.960464477539062e-07,0,0,599,0.0,0.0,0,599,1.1208709216705474e-17,2.3592239273284576e-16,0,599,1.4646485671774175e-07,7.152557373046875e-07,0,0.8353552859618717,0.8344248824969795,0.012410495046196577,0.1845965460891243,0.029988141637140003,0.48237563504562253,1.172271926362694,0.7870804260640175,0.05009883935703277,0.19128615385373618,18,26,0.8492201039861352,0.8484950483898741,1.284603079242977e-05,0.00010038113286827561,0.03991752480450576,0.4729933933182332,1.1221618828198434,0.8025934791421144,-1.1204185817572083e-05,0.20679920693183304,0,0,0.8353552859618717,0.8344248824969795,0.012426014937528833,0.18452750802745976,0.01244726028287152,0.030478348672539245,1.1722255040063905,0.5898574492073169,0.0500524170007295,-0.00593682300296457,18,26,-2.8365922124686346e-05,4.362146788352917e-05
0.2,66,delete,1,19,14,19,0,1.1415112900484765,0.2318559918218926,0.8947368421052632,0.8941520467836256,11.070696114833618,25.311631147559176,0.16649284662151584,0.7235592953386798,11.068827489401558,25.301287186548766,2.964943643450647,3.419568201074109,7.905458149157073e-07,1.430511474609375e-06,8.705415223774157e-08,2.980232238769531e-07,0,0,19,0.0,0.0,0,19,9.53776930880916e-18,8.326672684688674e-17,0,19,2.8547487760844985e-07,6.258487701416016e-07,0,0.7368421052631579,0.7215865751334858,-0.0064528843289927435,0.3096627993019004,-0.04480474795165815,0.4645688761221735,1.6632067123588266,0.4936515995720795,0.52169542231035,0.2617956077501869,0,3,0.8947368421052632,0.8941520467836256,-5.9032126476890166e-05,0.00014272645900123999,-0.18326970307450546,0.49147350850858185,1.14170052929472,0.5960598201497268,0.00018923924624350113,0.36420382832783427,0,0,0.7368421052631579,0.7215865751334858,-0.006400231468050103,0.30954815055194657,0.08793119292118047,0.12616207950601452,1.6628600806996676,0.35275542815611644,0.5213487906511909,0.12089943633422381,0,3,6.37926553425036e-06,4.120641633083946e-05
0.2,66,delete,2,20,14,20,0,1.1917979688531593,0.3239280309925935,0.7,0.6703296703296703,7.798883285257207,21.08770248173331,0.1704405802743832,0.46139825910871723,7.796757908785523,21.08265418785293,2.9524204242167005,3.8367942012557257,8.940696716308594e-07,1.9073486328125e-06,1.2218952178955077e-07,3.5762786865234375e-07,0,0,20,0.0,0.0,0,20,4.993428630653551e-18,1.734723475976807e-17,0,20,2.246350049972534e-07,6.556510925292969e-07,0,0.7,0.6703296703296703,-0.032432346045970915,0.08994546979665756,-0.14037487842142582,0.5034254644066095,1.1499935639676147,0.7929782258760977,-0.04180440488554482,0.4690501948835042,0,0,0.7,0.6703296703296703,-1.5494227409362792e-05,6.195008754730224e-05,-0.11854064650833607,0.48496700413525107,1.1917727036820978,0.7638545357799607,-2.5265171061716885e-05,0.4399265047873671,0,0,0.7,0.6703296703296703,-0.03242688626050949,0.0899045392870903,0.003661847487092018,0.014071067795157433,1.1500045895267412,0.32318897711066674,-0.041793379326418245,-0.00073905388192673,0,0,1.0034441947937011e-05,1.8694996833801268e-05
0.2,66,delete,3,73,31,68,0,0.7609692262581699,0.5566103707612332,0.8970588235294118,0.8975176277407515,7.78556584725833,19.146357122684936,0.1996625696809345,0.5268409175366149,7.7827711193390705,19.13984446846244,2.740997646875652,3.387172339223686,9.308122608759632e-07,1.9073486328125e-06,1.016289812244781e-07,3.5762786865234375e-07,0,0,73,0.0,0.0,0,73,7.99859013687765e-18,6.938893903907228e-17,0,73,1.40438341114619e-07,5.364418029785156e-07,0,0.8970588235294118,0.8965420258469153,-0.0015238304813838986,0.10303249957728876,0.027947920438361494,0.5298357354859783,0.7967465248489908,0.8542223064121296,0.03577729859082099,0.29761193565089644,1,1,0.8970588235294118,0.8975176277407515,2.814910999716145e-05,9.910415296685205e-05,0.059026115663247565,0.521080282555051,0.7609873257492403,0.8503157011328852,1.8099491070487656e-05,0.29370533037165203,0,0,0.8970588235294118,0.8965420258469153,-0.0015237285717301173,0.10294797615951871,-0.008177053438474054,0.015796923882340733,0.7966700679930669,0.5521796204516939,0.03570084173489723,-0.004430750309539385,1,1,-2.8251019650942658e-05,3.126707591422617e-05
0.2,66,delete,4,26,16,25,0,1.9030721783189408,0.581650229380379,0.76,0.76,17.43502004175575,30.24417678172819,0.24406572000658763,0.713230708536806,17.432828123889195,30.24218467933929,2.6571473705289224,3.3295506946379803,8.252950815054087e-07,1.9073486328125e-06,7.393268438485953e-08,1.7881393432617188e-07,0,0,26,0.0,0.0,0,26,1.6388654088998434e-17,1.1796119636642288e-16,0,26,2.1792948246002197e-07,4.76837158203125e-07,0,0.72,0.7342614601018675,0.2329295968207029,0.5504738960701686,0.23230877661934266,0.5730299677413243,2.4648332115307814,0.5459231662432958,0.561761033211841,-0.03572706313708325,3,4,0.76,0.76,-2.5184108660771297e-05,0.00012669884241544284,0.1886205174601995,0.5885059011097138,1.9030909906873084,0.7891680911863055,1.881236836770012e-05,0.2075178618059264,0,0,0.72,0.7342614601018675,0.23296585478461707,0.5503917253361299,0.08920413398971924,0.15944279415103105,2.4647147316677183,0.4467249917614137,0.5616425533487779,-0.13492523761896535,3,4,-1.1073855253366324e-05,5.756891690767728e-05
0.2,66,delete,5,82,28,80,0,2.32138054860196,0.7005706969267873,0.675,0.6728333333333334,11.141662551282009,32.750015265600375,0.22995942057344712,0.9877341664774254,11.139004240842185,32.73511694057974,2.325771327246364,3.1316807760356187,7.966669594369283e-07,1.9073486328125e-06,9.883376883297432e-08,3.5762786865234375e-07,0,0,82,0.0,0.0,0,82,1.4421541641271362e-17,2.3592239273284576e-16,0,82,1.5269147186744503e-07,5.960464477539062e-07,0,0.6375,0.6336675616714214,-0.003778472281538132,0.4040385442558767,0.056280217360614275,0.5072841234278025,2.3504594471696607,0.8835175777627817,0.029078898567700535,0.18294688083599447,9,12,0.675,0.6728333333333334,-3.3561923972717144e-05,0.00013611435027020735,0.02023059672607881,0.48614991367681,2.3212651527888717,0.8846907364074991,-0.00011539581308872627,0.1841200394807117,0,0,0.6375,0.6336675616714214,-0.003747186277107131,0.4039046295929882,0.05986873344404668,0.06978853635217358,2.3503435886726987,0.7035851628664812,0.028963040070738594,0.0030144659396938865,9,12,2.2759195417165756e-06,4.8002619977767874e-05
0.2,66,delete,6,81,29,81,0,0.5693441684960076,0.5790663127652316,0.9135802469135802,0.913198443416512,7.616543713612977,22.971576273513627,0.17147965121568806,0.5523677750568239,7.614321506708052,22.964934276651718,2.54151458476657,3.040897841624594,8.506539427203896e-07,1.9073486328125e-06,1.3392648579161845e-07,4.76837158203125e-07,0,0,81,0.0,0.0,0,81,7.368935668387301e-18,6.245004513516506e-17,0,81,1.5526642034083237e-07,4.76837158203125e-07,0,0.9012345679012346,0.9003200731595793,0.005838752275815717,0.12584679148355385,0.0758427379215941,0.4180882228653372,0.6173526645164683,0.6115307157407729,0.04800849602046076,0.0324644029755414,1,2,0.9135802469135802,0.913198443416512,3.275220040921812e-06,4.397783382439319e-05,0.10049040440791919,0.41676571992812333,0.5693359166177039,0.6207685907954051,-8.251878303561153e-06,0.04170227803017355,0,0,0.9012345679012346,0.9003200731595793,0.0058383359401314346,0.12583651651202896,0.00025798499952127906,0.0133387588976342,0.6173511895186955,0.5725434254143769,0.048007021022688,-0.006522887350854553,1,2,-2.8588843566400035e-06,1.8632039427757263e-05
0.2,66,delete,7,298,31,284,0,0.9569003102071495,0.6237929969062098,0.8838028169014085,0.8836492156094021,7.645950143814189,22.93119390817899,0.2272741946270799,0.804074172701411,7.6422384031262975,22.91709228456568,2.1095674817154753,2.7838604506356646,8.540665543319395e-07,1.9073486328125e-06,1.1362135410308838e-07,5.960464477539062e-07,0,0,298,0.0,0.0,0,298,1.2226437386900948e-17,1.3877787807814457e-16,0,298,1.2349087319918127e-07,7.152557373046875e-07,0,0.8838028169014085,0.8836492156094021,0.007037262269764539,0.12661873831744963,0.009339659868570781,0.47318273635218605,0.9483177341260431,0.8311663431576953,-0.008582576081106373,0.20737334625148549,4,4,0.8838028169014085,0.8836492156094021,3.427165816694298e-05,0.00010377563686178835,0.03608007738429228,0.4608166965174695,0.9568953401562369,0.8346743419942791,-4.970050912616298e-06,0.2108813450880694,0,0,0.8838028169014085,0.8836492156094021,0.007053050656346667,0.12655754053602683,-0.0031561617983267612,0.011665243105400328,0.9483071307616419,0.6180017332403248,-0.00859317944550774,-0.005791263665884902,4,4,-5.006004474907113e-05,5.284476175204219e-05
0.2,67,control,all,599,31,577,0,1.1221730870056612,0.5984847935377264,0.8492201039861352,0.8484950483898741,3.378512633958755,14.800021308222416,0.0786168878557388,0.3558288813719883,3.377358836356925,14.798410712913745,2.5130756469223523,4.1241786038814805,8.579486598554557e-07,1.9073486328125e-06,1.1359181298636434e-07,5.960464477539062e-07,0,0,599,0.0,0.0,0,599,1.438960145635977e-18,3.642919299551295e-17,0,599,1.508276132191959e-07,1.0728836059570312e-06,0,0.8440207972270364,0.8434597279780157,0.006169768687779199,0.06329303084000423,0.020663777232568133,0.19552992883827133,1.1247086085525955,0.6976511449576422,0.002535521546934278,0.09916635141991578,4,7,0.8492201039861352,0.8484950483898741,5.234696767067471e-06,3.363841830539783e-05,0.02334661998215422,0.19437519630078282,1.1221696907513976,0.6986956156064322,-3.396254263511586e-06,0.10021082206870584,0,0,0.8440207972270364,0.8434597279780157,0.006166724696481765,0.06327274873641278,-0.000154201140338073,0.006415774887163372,1.1247068509488276,0.5982301087714397,0.002533763943166604,-0.0002546847662867932,4,7,-2.190705469633781e-06,6.9784933393308035e-06
0.2,67,control,1,19,14,19,0,1.1415112900484765,0.17462244126514018,0.8947368421052632,0.8941520467836256,4.17496859966903,12.404793816985707,0.038482764784783664,0.0984588884330004,4.174578730478309,12.404439451549226,3.4598875821606483,4.1241786038814805,8.156425074527138e-07,1.430511474609375e-06,6.980017611854955e-08,2.384185791015625e-07,0,0,19,0.0,0.0,0,19,2.5464485235350336e-19,1.3010426069826053e-18,0,19,2.601821171609979e-07,1.0728836059570312e-06,0,0.8947368421052632,0.8941520467836256,0.0024684024484534013,0.0931674649840907,-0.0687356865719745,0.13735104313022212,1.0841355139708744,0.21294532355709891,-0.057375776077601984,0.03832288229195872,0,0,0.8947368421052632,0.8941520467836256,-1.242443134910182e-05,2.1043576692280015e-05,-0.06514857748621389,0.1327637108533006,1.1415235276777087,0.21053737469754671,1.2237629232204091e-05,0.03591493343240655,0,0,0.8947368421052632,0.8941520467836256,0.002481053534306978,0.09315077646782524,-0.0030782530574422133,0.0051768961313523746,1.084120915262136,0.17534765364978305,-0.05739037478634029,0.0007252123846428811,0,0,-2.2665450447484068e-07,1.6822626716212222e-06
0.2,67,control,2,20,14,20,0,1.1917979688531593,0.2677511090825534,0.7,0.6703296703296703,2.945654592408899,6.64401532923594,0.062495243665050035,0.14670906017860458,2.944940042921174,6.642570847757003,3.0754410593818755,3.8420061126053757,8.940696716308594e-07,1.9073486328125e-06,1.2516975402832032e-07,3.5762786865234375e-07,0,0,20,0.0,0.0,0,20,4.885686039762804e-19,2.4936649967166602e-18,0,20,2.1979212760925293e-07,5.438923835754395e-07,0,0.7,0.6703296703296703,0.00778050571680069,0.03430082052946091,0.016594844125211238,0.2021828005090356,1.2184042659854397,0.3036903204160582,0.026606297132280333,0.035939211333504806,0,0,0.7,0.6703296703296703,-8.419156074523926e-07,2.4528801441192626e-05,0.01944646667689085,0.20090090800076724,1.191815586719964,0.2992978982734538,1.7617866804453543e-05,0.03154678919090043,0,0,0.7,0.6703296703296703,0.007779417932033539,0.034279961884021756,-0.000656384602189064,0.0052223153412342075,1.2183809743860459,0.27159035393388303,0.026583005532886526,0.0038392448513296417,0,0,1.9297003746032715e-06,3.0472874641418457e-06
0.2,67,control,3,73,31,68,0,0.7609692262581699,0.6013625980029561,0.8970588235294118,0.8975176277407515,3.0730870820779033,7.066564424692711,0.07369551692002733,0.2804774704647461,3.0720582078980425,7.060996045664826,2.907185231033115,3.52670785881892,9.340782688088613e-07,1.9073486328125e-06,1.0770171472471054e-07,3.5762786865234375e-07,0,0,73,0.0,0.0,0,73,1.0677720539469827e-18,7.37257477290143e-18,0,73,1.53553404220163e-07,4.76837158203125e-07,0,0.8970588235294118,0.8975176277407515,-0.004581460499600188,0.03616393847416525,-0.050564135386519236,0.21445320587452144,0.7580301150833533,0.6991689183641121,-0.0029391111748166897,0.09780632036115597,0,0,0.8970588235294118,0.8975176277407515,-3.7640741426650794e-06,3.456661145981044e-05,-0.04869113791070572,0.2139684524234027,0.7609540261323567,0.7044583687566393,-1.520012581309114e-05,0.10309577075368312,0,0,0.8970588235294118,0.8975176277407515,-0.004575444742628973,0.036135401551241744,0.0008588144428109469,0.008574078854632704,0.7580413752419645,0.5975768080062678,-0.0029278510162053626,-0.0037857899966882765,0,0,-2.2516828285504693e-06,3.4901122116062738e-06
0.2,67,control,4,26,16,25,0,1.9030721783189408,0.5798711565934394,0.76,0.76,6.2972819419800965,13.893030193576886,0.08069605303595659,0.3558288813719883,6.296524201006464,13.888472693814125,2.922514475408645,3.3776954343220456,8.252950815054087e-07,1.9073486328125e-06,1.0595585291202252e-07,2.384185791015625e-07,0,0,26,0.0,0.0,0,26,2.6101646051544054e-18,3.642919299551295e-17,0,26,1.865510757152851e-07,5.960464477539062e-07,0,0.72,0.7130145530145531,-0.034585122735454485,0.16360389140362924,-0.017377656812851246,0.22575742292862672,1.867860121075536,0.7094320937461033,-0.03521205724340472,0.129560937152664,1,2,0.76,0.76,-1.4036893844604492e-05,1.8490048555227426e-05,-0.011025831389885683,0.22667803414739096,1.903064351019836,0.7106621549822836,-7.82729910479093e-06,0.13079099838884425,0,0,0.72,0.7130145530145531,-0.03456480865581678,0.16358753530165324,-0.006834133026691584,0.024937409334457837,1.8678454532920767,0.5831684855301813,-0.035226725026863866,0.0032973289367419843,1,2,-6.277185793106372e-06,9.753741323947906e-06
0.2,67,control,5,82,28,80,0,2.32138054860196,0.6629154300135376,0.675,0.6728333333333334,4.624636114641372,14.800021308222416,0.0869402968887413,0.2861915282749763,4.623696626197618,14.798410712913745,2.6142640783840267,3.277729385184813,7.879443284941882e-07,1.9073486328125e-06,9.154219452927753e-08,3.5762786865234375e-07,0,0,82,0.0,0.0,0,82,1.9157302849370155e-18,1.734723475976807e-17,0,82,1.4996564969783877e-07,5.960464477539062e-07,0,0.65,0.6518229166666667,0.02428391272565577,0.13956726881925288,0.04541295635082373,0.23086071673144654,2.37483930392165,0.7989430237549319,0.053458755319689986,0.13602759374139411,2,4,0.675,0.6728333333333334,9.490341720421139e-06,4.2497822106247996e-05,0.04499538556286475,0.22649686088467516,2.321387057118309,0.7908111636465384,6.50851634854785e-06,0.12789573363300075,0,0,0.65,0.6518229166666667,0.024267830806443604,0.13952585915103555,0.0010130713443930557,0.009367404641901575,2.3748140903359323,0.6664106169525652,0.05343354173397222,0.00349518693902765,2,4,6.591577491745716e-06,1.273940817066809e-05
0.2,67,control,6,81,29,81,0,0.5693441684960076,0.5968069514525636,0.9135802469135802,0.913198443416512,2.978946115553797,9.053689432203043,0.06328217657877225,0.2610116422955157,2.9780308941407934,9.051026565438102,2.672036411101053,3.167747488563784,8.742014567057291e-07,1.9073486328125e-06,1.298332655871356e-07,4.76837158203125e-07,0,0,81,0.0,0.0,0,81,1.1027270967578624e-18,1.8214596497756474e-17,0,81,1.5811787711249457e-07,4.76837158203125e-07,0,0.9135802469135802,0.913198443416512,0.0013457624770608948,0.04687734902548937,0.017500697048725904,0.1720994486944911,0.5796330866256202,0.6705364530995687,0.010288918129612681,0.0737295016470052,0,0,0.9135802469135802,0.913198443416512,9.176171856161989e-07,1.7270261858716425e-05,0.018786335708918394,0.1689602189961775,0.5693384643381342,0.6679116815495211,-5.704157873346149e-06,0.07110473009695754,0,0,0.9135802469135802,0.913198443416512,0.0013451249465162372,0.046879045458303556,0.0004310182951114796,0.005014882411485837,0.5796364111901795,0.5982881730806605,0.010292242694171954,0.0014812216280970644,0,0,-2.800866409584328e-07,3.927007869437888e-06
0.2,67,control,7,298,31,284,0,0.9569003102071495,0.6313523312382432,0.8838028169014085,0.8836492156094021,2.942658014281159,9.459785367512072,0.08515975724671626,0.30936675060787167,2.941237053905881,9.456928029314213,2.211648071493562,2.8773122535498885,8.572668037158531e-07,1.9073486328125e-06,1.1936867697126913e-07,5.960464477539062e-07,0,0,298,0.0,0.0,0,298,1.5271982721051733e-18,1.734723475976807e-17,0,298,1.3369791859748378e-07,7.152557373046875e-07,0,0.8838028169014085,0.8836492156094021,0.008813939216677974,0.0447016014379993,0.041453912091635216,0.1881667463196404,0.9501548052031877,0.733093698479105,-0.006745505003961748,0.10174136724086193,1,1,0.8838028169014085,0.8836492156094021,1.065666949839e-05,3.8158362606327807e-05,0.045178955983395545,0.18831667004015623,0.9568956868139042,0.7371894868799633,-4.623393245315627e-06,0.10583715564172022,0,0,0.8838028169014085,0.8836492156094021,0.008808439469352464,0.04468264811728525,-7.967218356644547e-05,0.003998754258523852,0.9501583219746236,0.6298118202623579,-0.006741988232525732,-0.0015405109758851463,1,1,-5.156922172880013e-06,7.436624821900522e-06
0.2,67,delete,all,599,31,577,0,1.1221730870056612,0.5984847935377264,0.8492201039861352,0.8484950483898741,8.676172341714349,32.750015265600375,0.1972359223273719,0.8898690073539477,8.673489151524572,32.73792346876644,2.5130756469223523,4.1241786038814805,8.531723277198652e-07,1.9073486328125e-06,1.1060194101476908e-07,5.960464477539062e-07,0,0,599,0.0,0.0,0,599,9.009217772715368e-18,1.3877787807814457e-16,0,599,1.508276132191959e-07,1.0728836059570312e-06,0,0.8353552859618717,0.8344248824969795,0.012410495046196577,0.1845965460891243,0.030611232762692966,0.4781294591252215,1.172271926362694,0.7892616117556394,0.05009883935703277,0.19077681821791298,18,26,0.8492201039861352,0.8484950483898741,2.4376552122861196e-05,8.264421570878196e-05,0.057035733832167666,0.47145253984266905,1.12216550726084,0.808719808021605,-7.579744820855954e-06,0.2102350144838787,0,0,0.8353552859618717,0.8344248824969795,0.01240681265270919,0.18455064653858966,-0.004160980586715055,0.038173769073613695,1.1722374383891874,0.5851570870363865,0.05006435138352634,-0.013327706501340016,18,26,-2.0694158635473808e-05,3.645614175147724e-05
0.2,67,delete,1,19,14,19,0,1.1415112900484765,0.17462244126514018,0.8947368421052632,0.8941520467836256,11.070696114833618,25.311631147559176,0.14114131800124022,0.5566316156550929,11.069331957533752,25.30550992559804,3.4598875821606483,4.1241786038814805,7.905458149157073e-07,1.430511474609375e-06,8.705415223774157e-08,2.980232238769531e-07,0,0,19,0.0,0.0,0,19,5.940286639775843e-18,4.163336342344337e-17,0,19,2.601821171609979e-07,1.0728836059570312e-06,0,0.7368421052631579,0.7215865751334858,-0.0064528843289927435,0.3096627993019004,-0.060770902194474875,0.46148438986979035,1.6632067123588266,0.43102014245017084,0.52169542231035,0.25639770118503064,0,3,0.8947368421052632,0.8941520467836256,-3.64764740592555e-05,9.413455661974455e-05,-0.18471634701678627,0.4868560770624562,1.141658599776549,0.5419778106890619,0.00014730972807253692,0.3673553694239217,0,0,0.7368421052631579,0.7215865751334858,-0.006409550575833572,0.30958460937989385,0.10194074950720135,0.11662192564261586,1.6629211351263684,0.26508464753157274,0.521409845077892,0.09046220626643256,0,3,-6.857279099916157e-06,3.3828380860780415e-05
0.2,67,delete,2,20,14,20,0,1.1917979688531593,0.2677511090825534,0.7,0.6703296703296703,7.798883285257207,21.08770248173331,0.15038363091343027,0.37987944449932964,7.79716322198382,21.084280579752967,3.0754410593818755,3.8420061126053757,8.940696716308594e-07,1.9073486328125e-06,1.2218952178955077e-07,3.5762786865234375e-07,0,0,20,0.0,0.0,0,20,2.7945310995813875e-18,1.0408340855860843e-17,0,20,2.1979212760925293e-07,5.438923835754395e-07,0,0.7,0.6703296703296703,-0.032432346045970915,0.08994546979665756,-0.14044085387140512,0.4724035048857331,1.1499935639676147,0.7237694397328687,-0.04180440488554482,0.4560183306503152,0,0,0.7,0.6703296703296703,-2.2530555725097656e-05,5.487799644470215e-05,-0.12294028494507074,0.45900858137756584,1.1917957459850324,0.7135185011867161,-2.222868127121913e-06,0.44576739210416283,0,0,0.7,0.6703296703296703,-0.03241874724626541,0.08991550356149673,-0.006209108605980873,0.035128507390618326,1.149987267094547,0.284061547134815,-0.041810701758612324,0.016310438052261605,0,0,8.931756019592285e-06,1.4415383338928222e-05
0.2,67,delete,3,73,31,68,0,0.7609692262581699,0.6013625980029561,0.8970588235294118,0.8975176277407515,7.78556584725833,19.146357122684936,0.18920654524369754,0.5613838510449288,7.783023615678917,19.14078251197088,2.907185231033115,3.52670785881892,9.308122608759632e-07,1.9073486328125e-06,1.016289812244781e-07,3.5762786865234375e-07,0,0,73,0.0,0.0,0,73,7.661958357894885e-18,6.938893903907228e-17,0,73,1.53553404220163e-07,4.76837158203125e-07,0,0.8970588235294118,0.8965420258469153,-0.0015238304813838986,0.10303249957728876,0.015111717714430534,0.5341920946048547,0.7967465248489908,0.8871764787978936,0.03577729859082099,0.2858138807949376,1,1,0.8970588235294118,0.8975176277407515,4.4086922521460547e-05,8.030388861486357e-05,0.05870010091425621,0.5293983673192051,0.7609713875908098,0.8922550966252926,2.1613326399564386e-06,0.2908924986223364,0,0,0.8970588235294118,0.8965420258469153,-0.0015402629665315969,0.10297107053537892,-0.017006209349795562,0.03203170664914667,0.7966925631891061,0.5945798440836813,0.03572333693093621,-0.006782753919274794,1,1,-2.7654437373762262e-05,3.076449342786449e-05
0.2,67,delete,4,26,16,25,0,1.9030721783189408,0.5798711565934394,0.76,0.76,17.43502004175575,30.24417678172819,0.2199586525200141,0.6275470195828412,17.433291533044954,30.24239868615642,2.922514475408645,3.3776954343220456,8.252950815054087e-07,1.9073486328125e-06,7.393268438485953e-08,1.7881393432617188e-07,0,0,26,0.0,0.0,0,26,1.5660466379881967e-17,9.71445146547012e-17,0,26,1.865510757152851e-07,5.960464477539062e-07,0,0.72,0.7342614601018675,0.2329295968207029,0.5504738960701686,0.22046983585907862,0.5560932113574102,2.4648332115307814,0.5603087378700192,0.561761033211841,-0.019562418723420086,3,4,0.76,0.76,-2.4443635573753945e-06,4.847748921467708e-05,0.23008649330586195,0.5981223337495556,1.903053687744537,0.7133800137308499,-1.849057440367768e-05,0.13350885713741065,0,0,0.72,0.7342614601018675,0.23296208479083502,0.5504558003292634,0.026222436760480586,0.12257571375140777,2.464825796260407,0.5234183334617637,0.561753617941467,-0.05645282313167562,3,4,-3.0043606574718768e-05,4.3208209367898795e-05
0.2,67,delete,5,82,28,80,0,2.32138054860196,0.6629154300135376,0.675,0.6728333333333334,11.141662551282009,32.750015265600375,0.20562214586566016,0.8898690073539477,11.139496359853958,32.73792346876644,2.6142640783840267,3.277729385184813,7.966669594369283e-07,1.9073486328125e-06,9.883376883297432e-08,3.5762786865234375e-07,0,0,82,0.0,0.0,0,82,1.0021680645109343e-17,1.3877787807814457e-16,0,82,1.4996564969783877e-07,5.960464477539062e-07,0,0.6375,0.6336675616714214,-0.003778472281538132,0.4040385442558767,0.056316660262826015,0.5182828186761316,2.3504594471696607,0.8390349771153458,0.029078898567700535,0.17611954710180822,9,12,0.675,0.6728333333333334,-1.75314149024283e-05,0.00011285341617355986,0.06359315327391392,0.49964195744293494,2.321300177246638,0.8507174022101519,-8.03713553219458e-05,0.18780197219661426,0,0,0.6375,0.6336675616714214,-0.003778517711907625,0.4039365169137898,0.0030958935527539834,0.05048432178431895,2.350356513794828,0.6301175419344699,0.028975965192867856,-0.03279788807906787,9,12,1.757684527192174e-05,4.222954441679687e-05
0.2,67,delete,6,81,29,81,0,0.5693441684960076,0.5968069514525636,0.9135802469135802,0.913198443416512,7.616543713612977,22.971576273513627,0.14761835960182998,0.47275649051916563,7.614849406465069,22.966711079092846,2.672036411101053,3.167747488563784,8.506539427203896e-07,1.9073486328125e-06,1.3392648579161845e-07,4.76837158203125e-07,0,0,81,0.0,0.0,0,81,5.176563428168059e-18,2.949029909160572e-17,0,81,1.5811787711249457e-07,4.76837158203125e-07,0,0.9012345679012346,0.9003200731595793,0.005838752275815717,0.12584679148355385,0.07883816046847238,0.3850524029062118,0.6173526645164683,0.6355010044523516,0.04800849602046076,0.038694052999788,1,2,0.9135802469135802,0.913198443416512,5.170335004359116e-07,4.7014175373830916e-05,0.11042723234420941,0.3880541503981308,0.569343796943355,0.6492819444812521,-3.7155265245641603e-07,0.05247499302868863,0,0,0.9012345679012346,0.9003200731595793,0.0058373323653215245,0.1258571463878508,-0.009907083378897773,0.03147209159753941,0.617350783070825,0.5920998361154427,0.048006614574817474,-0.0047071153371208,1,2,9.028769937562354e-07,1.4250684115621778e-05
0.2,67,delete,7,298,31,284,0,0.9569003102071495,0.6313523312382432,0.8838028169014085,0.8836492156094021,7.645950143814189,22.93119390817899,0.2151203152911441,0.8101543777362901,7.642589338573747,22.916878145566425,2.211648071493562,2.8773122535498885,8.540665543319395e-07,1.9073486328125e-06,1.1362135410308838e-07,5.960464477539062e-07,0,0,298,0.0,0.0,0,298,1.0134868594380202e-17,1.3877787807814457e-16,0,298,1.3369791859748378e-07,7.152557373046875e-07,0,0.8838028169014085,0.8836492156094021,0.007037262269764539,0.12661873831744963,0.014967665701304506,0.4732899004781006,0.9483177341260431,0.8405858198639323,-0.008582576081106373,0.20923348862568916,4,4,0.8838028169014085,0.8836492156094021,4.693329953057254e-05,8.870148249970587e-05,0.05270543716997908,0.4609709600324199,0.9568991317841108,0.8517518445746732,-1.178423038594478e-06,0.22039951333643015,0,0,0.8838028169014085,0.8836492156094021,0.007027774186642378,0.12657536048717147,-0.010727647754469974,0.025951221447763028,0.9483097426521586,0.6145916960970045,-0.008590567554990916,-0.016760635141238742,4,4,-3.744521640841193e-05,4.335514257268218e-05
0.2,68,control,all,599,31,577,0,1.1221730870056612,0.5919927089868283,0.8492201039861352,0.8484950483898741,3.378512633958755,14.800021308222416,0.11110547760615377,0.49105410893081775,3.37636423233696,14.795150005199016,1.7497691329195952,2.8421396792274947,8.579486598554557e-07,1.9073486328125e-06,1.1359181298636434e-07,5.960464477539062e-07,0,0,599,0.0,0.0,0,599,2.49603269419756e-18,4.163336342344337e-17,0,599,1.3502467056745678e-07,9.5367431640625e-07,0,0.8440207972270364,0.8434597279780157,0.006169768687779199,0.06329303084000423,0.01971984644092383,0.19222183053526337,1.1247086085525955,0.6950158758360184,0.002535521546934278,0.10302316684919004,4,7,0.8492201039861352,0.8484950483898741,8.906844151338472e-06,6.625202884011357e-05,0.02007697141404343,0.19062875844973554,1.1221662511731563,0.6954714695641852,-6.835832504910532e-06,0.10347876057735676,0,0,0.8440207972270364,0.8434597279780157,0.006164229720619465,0.06323506961886045,-0.0007356588226526926,0.002101321102979784,1.1247003564324474,0.5913839756948464,0.002527269426786338,-0.0006087332919820708,4,7,-3.367876991604724e-06,1.1955818568724822e-05
0.2,68,control,1,19,14,19,0,1.1415112900484765,0.22829818385999795,0.8947368421052632,0.8941520467836256,4.17496859966903,12.404793816985707,0.06312260918074387,0.18498816294079512,4.174219080639559,12.403868119840057,2.2228447786470995,2.6881865169812644,8.156425074527138e-07,1.430511474609375e-06,6.980017611854955e-08,2.384185791015625e-07,0,0,19,0.0,0.0,0,19,9.78635118848758e-19,5.204170427930421e-18,0,19,1.694026746247944e-07,5.960464477539062e-07,0,0.8947368421052632,0.8941520467836256,0.0024684024484534013,0.0931674649840907,-0.03683483443762127,0.1405554037345083,1.0841355139708744,0.2771319903101725,-0.057375776077601984,0.048833806450174475,0,0,0.8947368421052632,0.8941520467836256,-1.4414912775943154e-05,4.936833130685907e-05,-0.03406357529916262,0.1403517119194332,1.141501170757869,0.2770734572361173,-1.0119290607422582e-05,0.048775273376119345,0,0,0.8947368421052632,0.8941520467836256,0.0024845560914591737,0.0931194416786495,-0.0036237279051228575,0.0037414627639870894,1.0841306683156773,0.22732488812617388,-0.0573806217327993,-0.0009732957338241036,0,0,-1.7387302298294871e-06,5.911055364106831e-06
0.2,68,control,2,20,14,20,0,1.1917979688531593,0.2968806481395799,0.7,0.6703296703296703,2.945654592408899,6.64401532923594,0.09542095700449399,0.255510970958082,2.943995652583547,6.639100378729201,2.1368943209475564,2.8421396792274947,8.940696716308594e-07,1.9073486328125e-06,1.2516975402832032e-07,3.5762786865234375e-07,0,0,20,0.0,0.0,0,20,1.3708381218363597e-18,1.0408340855860843e-17,0,20,1.687556505203247e-07,4.76837158203125e-07,0,0.7,0.6703296703296703,0.00778050571680069,0.03430082052946091,0.010730813257396221,0.21094137001782656,1.2184042659854397,0.34149255124973577,0.026606297132280333,0.04461190311015592,0,0,0.7,0.6703296703296703,-3.1873583793640138e-06,4.628747701644898e-05,0.0129093574360013,0.20759203415364028,1.1918363178729596,0.33966369632433124,3.834901980024341e-05,0.04278304818475141,0,0,0.7,0.6703296703296703,0.007780385017395019,0.03425443172454834,-0.0006182776764035225,0.0014637144282460212,1.218356887632962,0.2973288864301441,0.02655891877980232,0.00044823829056426996,0,0,3.3080577850341797e-06,4.291534423828125e-06
0.2,68,control,3,73,31,68,0,0.7609692262581699,0.5644712888319575,0.8970588235294118,0.8975176277407515,3.0730870820779033,7.066564424692711,0.10082954584137231,0.3517254236581705,3.0712526770918087,7.057805749288167,1.8997374110384613,2.423229552625828,9.340782688088613e-07,1.9073486328125e-06,1.0770171472471054e-07,3.5762786865234375e-07,0,0,73,0.0,0.0,0,73,1.94663255427414e-18,2.2551405187698492e-17,0,73,1.1594328161788313e-07,3.5762786865234375e-07,0,0.8970588235294118,0.8975176277407515,-0.004581460499600188,0.03616393847416525,-0.035265840181749164,0.1951788393397854,0.7580301150833533,0.6677779771005191,-0.0029391111748166897,0.10330668826856147,0,0,0.8970588235294118,0.8975176277407515,-1.3908907158734048e-05,8.423218171890468e-05,-0.03266706634057711,0.1922133452680013,0.7609267089632242,0.6676947560602259,-4.2517294945670534e-05,0.10322346722826829,0,0,0.8970588235294118,0.8975176277407515,-0.004565719055802855,0.03608291912568758,-0.0007474249458476288,0.0017023696372770283,0.7580611325712521,0.5641652731645366,-0.002908093686917839,-0.0003060156674210245,0,0,-1.8325366385995525e-06,5.980774964371773e-06
0.2,68,control,4,26,16,25,0,1.9030721783189408,0.7087324425920944,0.76,0.76,6.2972819419800965,13.893030193576886,0.12703320449225372,0.49105410893081775,6.295710038262202,13.884349240124335,1.868887357553222,2.50759020402983,8.252950815054087e-07,1.9073486328125e-06,1.0595585291202252e-07,2.384185791015625e-07,0,0,26,0.0,0.0,0,26,3.0378510871372692e-18,2.42861286636753e-17,0,26,1.537398650096013e-07,4.172325134277344e-07,0,0.72,0.7130145530145531,-0.034585122735454485,0.16360389140362924,-0.024484997185376976,0.22916792476406464,1.867860121075536,0.8471397954200575,-0.03521205724340472,0.13840735282796285,1,2,0.76,0.76,2.1615280554844785e-06,6.0176906677392813e-05,-0.025166168952217467,0.2244945648484505,1.9030331660623394,0.8581938401075326,-3.9012256601283616e-05,0.14946139751543824,0,0,0.72,0.7130145530145531,-0.034569804628308005,0.16354989618636095,-0.00021520471916748927,0.010633427219895216,1.8678499332115723,0.701518545017698,-0.03522224510736816,-0.007213897574396555,1,2,-1.7479635201967678e-05,2.072293024796706e-05
0.2,68,control,5,82,28,80,0,2.32138054860196,0.678257916702155,0.675,0.6728333333333334,4.624636114641372,14.800021308222416,0.12496517422271133,0.3922854452314927,4.622791238839184,14.795150005199016,1.8184545219429586,2.450575624797888,7.879443284941882e-07,1.9073486328125e-06,9.154219452927753e-08,3.5762786865234375e-07,0,0,82,0.0,0.0,0,82,3.478661017672527e-18,4.163336342344337e-17,0,82,1.3329270409374703e-07,5.960464477539062e-07,0,0.65,0.6518229166666667,0.02428391272565577,0.13956726881925288,0.03818890166173621,0.2246748630139159,2.37483930392165,0.809383168530124,0.053458755319689986,0.131125251827969,2,4,0.675,0.6728333333333334,1.4080756866350406e-05,8.537045611840923e-05,0.03517099642535535,0.2208714298903942,2.3214042786267686,0.8043765304455059,2.3730024808779276e-05,0.12611861374335104,0,0,0.65,0.6518229166666667,0.02426173852574898,0.13948488797674455,-0.0007865793276123884,0.0033017394201057715,2.3747730274763343,0.6786367852767811,0.05339247887437418,0.00037886857462609506,2,4,8.093443040440723e-06,2.2139740971530355e-05
0.2,68,control,6,81,29,81,0,0.5693441684960076,0.5662383195395354,0.9135802469135802,0.913198443416512,2.978946115553797,9.053689432203043,0.09475584584079606,0.36202025031518653,2.9770629009138627,9.047598039334426,1.8308554002744664,2.2900578026311944,8.742014567057291e-07,1.9073486328125e-06,1.298332655871356e-07,4.76837158203125e-07,0,0,81,0.0,0.0,0,81,1.8867815758042737e-18,1.734723475976807e-17,0,81,1.465280850728353e-07,6.556510925292969e-07,0,0.9135802469135802,0.913198443416512,0.0013457624770608948,0.04687734902548937,0.016325123056217476,0.1731095222963227,0.5796330866256202,0.6584498142029166,0.010288918129612681,0.0922114946633811,0,0,0.9135802469135802,0.913198443416512,1.112344088377776e-06,3.785584811811094e-05,0.016097136669688754,0.17188092661492618,0.5693424994518902,0.6591504180375684,-1.6690441172493873e-06,0.09291209849803297,0,0,0.9135802469135802,0.913198443416512,0.001342720662554105,0.04686223340715155,-0.00017810005832601477,0.0014873861714645668,0.5796284715958165,0.5662454546074436,0.010284303099809032,7.135067908071848e-06,0,0,1.9294704184120082e-06,7.520441287829552e-06
0.2,68,control,7,298,31,284,0,0.9569003102071495,0.6148068912166851,0.8838028169014085,0.8836492156094021,2.942658014281159,9.459785367512072,0.11697531680864598,0.39320103164048226,2.9401047537069176,9.451610029413633,1.6055547412142468,1.9684095866376716,8.572668037158531e-07,1.9073486328125e-06,1.1936867697126913e-07,5.960464477539062e-07,0,0,298,0.0,0.0,0,298,2.650821940646343e-18,2.7755575615628914e-17,0,298,1.3096020525733896e-07,9.5367431640625e-07,0,0.8838028169014085,0.8836492156094021,0.008813939216677974,0.0447016014379993,0.037096056924670336,0.18657672829025942,0.9501548052031877,0.7172545939789302,-0.006745505003961748,0.10244770276224513,1,1,0.8838028169014085,0.8836492156094021,1.8078049382307385e-05,6.725156879765075e-05,0.037806218515006484,0.18612703994766577,0.9568923841474077,0.7185400143027084,-7.926059741814177e-06,0.10373312308602335,0,0,0.8838028169014085,0.8836492156094021,0.008803519514083062,0.044642605900064414,-0.0007394640862741726,0.0012294169665383013,0.9501544887881075,0.6142134413115519,-0.006745821419041889,-0.000593449905133343,1,1,-7.658346787395094e-06,1.195767556860943e-05
0.2,68,delete,all,599,31,577,0,1.1221730870056612,0.5919927089868283,0.8492201039861352,0.8484950483898741,8.676172341714349,32.750015265600375,0.2816165697764176,1.1655795239376443,8.670962963589325,32.729267090334226,1.7497691329195952,2.8421396792274947,8.531723277198652e-07,1.9073486328125e-06,1.1060194101476908e-07,5.960464477539062e-07,0,0,599,0.0,0.0,0,599,1.586749648248233e-17,2.7755575615628914e-16,0,599,1.3502467056745678e-07,9.5367431640625e-07,0,0.8353552859618717,0.8344248824969795,0.012410495046196577,0.1845965460891243,0.030460077622448265,0.4783212642724904,1.172271926362694,0.7727172751064589,0.05009883935703277,0.18072456611963053,18,26,0.8492201039861352,0.8484950483898741,6.051620589771334e-06,0.0001725255183639232,0.026696164248035427,0.46943142254508796,1.1221414055069483,0.783988117862288,-3.168149871288061e-05,0.1919954088754596,0,0,0.8353552859618717,0.8344248824969795,0.012423636855088013,0.18444890581469406,0.0003747820779556822,0.015753458793553367,1.1721917718891908,0.5825568423019293,0.050018684883529646,-0.009435866684899066,18,26,-1.919342948120703e-05,5.813479697166978e-05
0.2,68,delete,1,19,14,19,0,1.1415112900484765,0.22829818385999795,0.8947368421052632,0.8941520467836256,11.070696114833618,25.311631147559176,0.20517550674258053,0.8016216009662388,11.068111244631844,25.298934249468928,2.2228447786470995,2.6881865169812644,7.905458149157073e-07,1.430511474609375e-06,8.705415223774157e-08,2.980232238769531e-07,0,0,19,0.0,0.0,0,19,8.022382785489781e-18,5.551115123125783e-17,0,19,1.694026746247944e-07,5.960464477539062e-07,0,0.7368421052631579,0.7215865751334858,-0.0064528843289927435,0.3096627993019004,-0.07187417149543762,0.45015982891383927,1.6632067123588266,0.4999854056693667,0.52169542231035,0.2716872218093687,0,3,0.8947368421052632,0.8941520467836256,-8.817095505563837e-05,0.00021750048587196753,-0.1761836025275682,0.4692289476331912,1.1418052737653992,0.5600742769709788,0.0002939837169228024,0.3317760931109809,0,0,0.7368421052631579,0.7215865751334858,-0.006389770460756202,0.3094786401641996,0.04267503105496105,0.07402734242771801,1.6626883163151238,0.2910178545146757,0.5211770262666473,0.06271967065467772,0,3,2.5057086819096614e-05,6.088418395895707e-05
0.2,68,delete,2,20,14,20,0,1.1917979688531593,0.2968806481395799,0.7,0.6703296703296703,7.798883285257207,21.08770248173331,0.22955385930631594,0.6648049248933234,7.79519873086033,21.077220650976226,2.1368943209475564,2.8421396792274947,8.940696716308594e-07,1.9073486328125e-06,1.2218952178955077e-07,3.5762786865234375e-07,0,0,20,0.0,0.0,0,20,1.1937743545423208e-17,5.551115123125783e-17,0,20,1.687556505203247e-07,4.76837158203125e-07,0,0.7,0.6703296703296703,-0.032432346045970915,0.08994546979665756,-0.14786419924348593,0.5042954837903381,1.1499935639676147,0.7479543864216401,-0.04180440488554482,0.45107373828206027,0,0,0.7,0.6703296703296703,-4.1662156581878663e-05,9.750574827194214e-05,-0.1369133060798049,0.48555724080651996,1.1918014321233599,0.7216952693408418,3.4632702005765735e-06,0.4248146212012619,0,0,0.7,0.6703296703296703,-0.032409997284412385,0.08988189846277236,-0.003324800543487072,0.011821536533534526,1.1499627119416833,0.29783262886565265,-0.04183525691147598,0.0009519807260728218,0,0,1.9313395023345946e-05,2.6462972164154054e-05
0.2,68,delete,3,73,31,68,0,0.7609692262581699,0.5644712888319575,0.8970588235294118,0.8975176277407515,7.78556584725833,19.146357122684936,0.2586298727825725,0.6665102979152921,7.780944532285417,19.13475254849566,1.8997374110384613,2.423229552625828,9.308122608759632e-07,1.9073486328125e-06,1.016289812244781e-07,3.5762786865234375e-07,0,0,73,0.0,0.0,0,73,1.3442436079307863e-17,9.71445146547012e-17,0,73,1.1594328161788313e-07,3.5762786865234375e-07,0,0.8970588235294118,0.8965420258469153,-0.0015238304813838986,0.10303249957728876,0.029490863011307912,0.4808568695228394,0.7967465248489908,0.8419672028729689,0.03577729859082099,0.27749591404101137,1,1,0.8970588235294118,0.8975176277407515,1.5085792704804303e-05,0.000244983969485923,0.0496131130685545,0.4670007822856511,0.7609935132184699,0.8375674302254164,2.4286960300069753e-05,0.27309614139345884,0,0,0.8970588235294118,0.8965420258469153,-0.0015216689454774334,0.10281333038966133,-0.008316280345802438,0.011178073256391368,0.7966082856409931,0.5592930371087541,0.035639059382823184,-0.005178251723203525,1,1,-1.724732861126939e-05,3.760537668450238e-05
0.2,68,delete,4,26,16,25,0,1.9030721783189408,0.7087324425920944,0.76,0.76,17.43502004175575,30.24417678172819,0.3576526879902957,0.898338412045766,17.430812163937855,30.238810579245122,1.868887357553222,2.50759020402983,8.252950815054087e-07,1.9073486328125e-06,7.393268438485953e-08,1.7881393432617188e-07,0,0,26,0.0,0.0,0,26,3.0057420227982753e-17,1.8041124150158794e-16,0,26,1.537398650096013e-07,4.172325134277344e-07,0,0.72,0.7342614601018675,0.2329295968207029,0.5504738960701686,0.2852525958934656,0.6154745016247034,2.4648332115307814,0.6075838052018286,0.561761033211841,-0.10114863739026579,3,4,0.76,0.76,-6.53031926888686e-05,0.00016272010711523204,0.1988597877610188,0.5934289061965851,1.903102822001674,0.7924785206074366,3.064368273311477e-05,0.08374607801534219,0,0,0.72,0.7342614601018675,0.2330024127776806,0.550370807831104,0.06448635587898585,0.10650023918312329,2.4646947107936126,0.5555477444169411,0.561622532474672,-0.1531846981751534,3,4,-7.512764288828923e-06,9.120685549882743e-05
0.2,68,delete,5,82,28,80,0,2.32138054860196,0.678257916702155,0.675,0.6728333333333334,11.141662551282009,32.750015265600375,0.29503238976810237,1.1655795239376443,11.137401194236467,32.729267090334226,1.8184545219429586,2.450575624797888,7.966669594369283e-07,1.9073486328125e-06,9.883376883297432e-08,3.5762786865234375e-07,0,0,82,0.0,0.0,0,82,1.9930303051100415e-17,2.7755575615628914e-16,0,82,1.3329270409374703e-07,5.960464477539062e-07,0,0.6375,0.6336675616714214,-0.003778472281538132,0.4040385442558767,0.05044210429598645,0.5005221648550615,2.3504594471696607,0.8439549635273812,0.029078898567700535,0.16569704682522596,9,12,0.675,0.6728333333333334,-2.4995016979008186e-05,0.000223672017455101,0.02932162246689564,0.49334614387736087,2.321202728402122,0.8632691363453406,-0.00017782019983784812,0.1850112196431856,0,0,0.6375,0.6336675616714214,-0.0037838014001708204,0.40383286093838694,-0.0013048557064882138,0.019207961221293705,2.3502900468016517,0.6637269061556738,0.02890949819969168,-0.014531010546481392,9,12,3.032413561169694e-05,8.364657803279598e-05
0.2,68,delete,6,81,29,81,0,0.5693441684960076,0.5662383195395354,0.9135802469135802,0.913198443416512,7.616543713612977,22.971576273513627,0.2343951553369655,0.7307668765709183,7.6124253318821555,22.960102586447476,1.8308554002744664,2.2900578026311944,8.506539427203896e-07,1.9073486328125e-06,1.3392648579161845e-07,4.76837158203125e-07,0,0,81,0.0,0.0,0,81,7.865485205022154e-18,6.591949208711867e-17,0,81,1.465280850728353e-07,6.556510925292969e-07,0,0.9012345679012346,0.9003200731595793,0.005838752275815717,0.12584679148355385,0.07874385410068947,0.4147930544927532,0.6173526645164683,0.6121077703990558,0.04800849602046076,0.04586945085952046,1,2,0.9135802469135802,0.913198443416512,-1.9419524404737684e-05,0.0001003582168508459,0.08290599208371138,0.4086022755522051,0.5693584018740424,0.6185533055165491,1.423337803493256e-05,0.05231498597701362,0,0,0.9012345679012346,0.9003200731595793,0.005848711931411131,0.1258065300407233,-0.0027864468686374616,0.008037801693986964,0.6173145316329923,0.5601545801419587,0.04797036313698479,-0.0060837393975767505,1,2,9.459868809323252e-06,3.345179612989779e-05
0.2,68,delete,7,298,31,284,0,0.9569003102071495,0.6148068912166851,0.8838028169014085,0.8836492156094021,7.645950143814189,22.93119390817899,0.2981251655627004,1.0903990249086148,7.639682248307818,22.905254506793494,1.6055547412142468,1.9684095866376716,8.540665543319395e-07,1.9073486328125e-06,1.1362135410308838e-07,5.960464477539062e-07,0,0,298,0.0,0.0,0,298,1.7044531334429835e-17,2.220446049250313e-16,0,298,1.3096020525733896e-07,9.5367431640625e-07,0,0.8838028169014085,0.8836492156094021,0.007037262269764539,0.12661873831744963,0.008337498361232296,0.4769447900154847,0.9483177341260431,0.8132651550203861,-0.008582576081106373,0.1984582638037009,4,4,0.8838028169014085,0.8836492156094021,3.474028531036921e-05,0.0001633405629170421,0.013976130259517055,0.4680924513345997,0.9568540903922447,0.8117309230900599,-4.6219814904873594e-05,0.19692403187337487,0,0,0.8838028169014085,0.8836492156094021,0.007050030905403347,0.12646820402122885,-0.004217085697306883,0.006651849854712518,0.9482946673837919,0.6120630750527527,-0.00860564282335762,-0.0027438161639323374,4,4,-4.750892094917745e-05,6.191778127979112e-05
0.3,66,control,all,581,31,560,0,1.319895051275343,0.6531266853471503,0.8196428571428571,0.818868895391347,3.61991603356244,16.907224676330824,0.1102637066062469,0.4122289641079583,3.6178804959788837,16.902248961612372,1.722406147895584,2.375029343470499,8.974038385072797e-07,1.9073486328125e-06,1.0859125042125814e-07,4.76837158203125e-07,0,0,581,0.0,0.0,0,581,2.554762897353505e-18,3.2959746043559335e-17,0,581,1.0804303644446211e-07,6.407499313354492e-07,0,0.825,0.8241731069555119,0.0013179315475301365,0.0760848392570542,0.017964900722935565,0.18943354546728827,1.2999921020798402,0.7403890003792885,-0.019902949195502714,0.08726231503213838,7,4,0.8196428571428571,0.818868895391347,1.5783888286239308e-05,0.0001547066671148635,0.019869146496698697,0.1891909706504076,1.3198473283496284,0.7428372567996343,-4.772292571444151e-05,0.08971057145248404,0,0,0.825,0.8241731069555119,0.0012971781460302217,0.07594660288540457,-3.7890103951789015e-05,0.0027031032544866896,1.3000022447455521,0.6529248171914024,-0.019892806529791,-0.000201868155747856,7,4,4.9695132136755266e-06,2.473319773265704e-05
0.3,66,control,1,44,24,43,0,2.652665211682518,0.5133936910443535,0.7209302325581395,0.7106197731698934,5.745521158333904,16.907224676330824,0.10485706896190235,0.41015399011046544,5.744324379513382,16.902248961612372,1.9214859412198395,2.375029343470499,5.635348233309659e-07,1.430511474609375e-06,7.58604569868608e-08,2.384185791015625e-07,0,0,44,0.0,0.0,0,44,2.715279616916467e-18,2.0816681711721685e-17,0,44,1.1412934823469682e-07,6.407499313354492e-07,0,0.7441860465116279,0.7313391436371334,-0.03561815666034818,0.17129329308359462,-0.059785269793461666,0.20831502830101686,2.556001646534929,0.5400753881314025,-0.09666356514758895,0.02668169708704921,2,1,0.7209302325581395,0.7106197731698934,-4.374693063172427e-05,0.000156656415625052,-0.0507788901979273,0.2079162367365577,2.652560527345105,0.5464211635839499,-0.000104684337412902,0.03302747253959642,0,0,0.7441860465116279,0.7313391436371334,-0.03558353990824385,0.17116987590932034,-0.005425202321599831,0.008553703146224672,2.5560422782654015,0.5130515249095415,-0.09662293341711643,-0.00034216613481186065,2,1,9.130178527398543e-06,3.281659023328261e-05
0.3,66,control,2,32,18,31,0,0.6216540322090969,0.5833355758508065,0.9354838709677419,0.9354838709677419,2.3725200836031632,6.237313145359248,0.08348436517462259,0.2371281674283577,2.370808869668648,6.234705110310441,1.8827410338479509,2.2593975844476195,9.909272193908691e-07,1.9073486328125e-06,1.5459954738616943e-07,4.76837158203125e-07,0,0,32,0.0,0.0,0,32,1.3832048028662725e-18,6.938893903907228e-18,0,32,1.264270395040512e-07,4.76837158203125e-07,0,0.9354838709677419,0.9354838709677419,0.006450156681239605,0.02298066858202219,0.020978103624656796,0.15775444288738072,0.6203478785777976,0.6988810120698429,-0.0013061536312992672,0.11554543621903635,0,0,0.9354838709677419,0.9354838709677419,2.8693117201328278e-05,8.933525532484055e-05,0.022421084577217698,0.15699542337097228,0.6216422699686408,0.6993444733604716,-1.1762240456181239e-05,0.11600889750966499,0,0,0.9354838709677419,0.9354838709677419,0.006421692203730345,0.022889253217726946,-0.0004483722150325775,0.000655096024274826,0.6203489638754788,0.5830089786499425,-0.001305068333618216,-0.00032659720086408717,0,0,-2.2863969206809998e-07,5.499925464391708e-06
0.3,66,control,3,91,31,86,0,0.9825351658686142,0.6552897055033994,0.8255813953488372,0.8214920702652727,2.975707597232208,7.60825362541963,0.10073488535093801,0.29629979185425126,2.9737971866004935,7.602658057061885,1.8391367156622311,2.125383009020318,9.461418612972721e-07,1.9073486328125e-06,1.018928302513374e-07,4.76837158203125e-07,0,0,91,0.0,0.0,0,91,2.4352336854376618e-18,1.9949319973733282e-17,0,91,1.0209751653147267e-07,2.384185791015625e-07,0,0.813953488372093,0.8087158153174657,0.007847390147847133,0.035585852135177495,0.04803137886491451,0.1850241504937083,0.9975739818823371,0.8233730927109327,0.015038816013722976,0.1680833872075332,0,1,0.8255813953488372,0.8214920702652727,3.5552758273187575e-05,0.0001026368444110011,0.047857012026585065,0.1852942578658298,0.9825484954033753,0.8242106589719455,1.3329534761036082e-05,0.1689209534685459,0,0,0.813953488372093,0.8087158153174657,0.007814023787012467,0.035489799782306285,0.000560637972839586,0.0014178239136606783,0.9975501590725369,0.6556368420520771,0.015014993203922425,0.0003471365486775924,0,1,-2.1863974385209136e-06,7.476145913312723e-06
0.3,66,control,4,36,21,36,0,2.7119074702187875,0.9087634416639653,0.6944444444444444,0.6915839243498818,5.1302357895339155,11.435405575478374,0.10178579407362537,0.2946595094377043,5.128965917255875,11.433648498024564,1.8451652113396817,2.291534834893536,8.609559800889757e-07,1.430511474609375e-06,7.51266876856486e-08,2.384185791015625e-07,0,0,36,0.0,0.0,0,36,2.3986326057733236e-18,2.0816681711721685e-17,0,36,1.1610488096872966e-07,3.5762786865234375e-07,0,0.6666666666666666,0.6666666666666666,0.013656521836916605,0.13119688837064636,0.04049084563222197,0.1808189685559935,2.844608588988056,0.9596187993239498,0.13270111876926846,0.0508553576599846,0,1,0.6944444444444444,0.6915839243498818,2.8797321849399144e-05,0.00016350257727834914,0.04270913451910019,0.17782916749517122,2.7120099714148704,0.9624600679519136,0.00010250119608307746,0.05369662628794848,0,0,0.6666666666666666,0.6666666666666666,0.013623160310089588,0.13103864352322286,0.004872391931712627,0.008515562965638108,2.8444070465484805,0.9124996757380026,0.13249957632969372,0.0037362340740373983,0,1,4.564204977618323e-06,3.264047619369295e-05
0.3,66,control,5,99,30,93,0,2.094016521459935,0.5878936059140011,0.6774193548387096,0.6778673835125448,4.873300462340889,13.980180544100795,0.12824571670788049,0.4122289641079583,4.87130380920048,13.976778160529964,1.5387443498674438,2.1048581721065323,9.18152356388593e-07,1.9073486328125e-06,9.762894625615592e-08,3.2782554626464844e-07,0,0,99,0.0,0.0,0,99,3.249808741964067e-18,3.2959746043559335e-17,0,99,9.89271534813775e-08,5.960464477539062e-07,0,0.6881720430107527,0.6885327462577038,0.008900991772687194,0.14414262830872426,0.035075809467922554,0.20176116053504173,1.993017560191498,0.692036705513433,-0.10099896126843648,0.10414309959943184,2,1,0.6774193548387096,0.6778673835125448,3.741812337227542e-05,0.0002380362194445398,0.04060803263476401,0.20182402875989375,2.093874467634244,0.6980881755293207,-0.0001420538256910907,0.11019456961531959,0,0,0.6881720430107527,0.6885327462577038,0.008847233641779783,0.14393555312746703,-0.0012672829883869248,0.004559198751895114,1.9930907042726733,0.5854395535294169,-0.10092581718726146,-0.002454052384584198,2,1,1.6340007535134903e-05,5.820788668863701e-05
0.3,66,control,6,70,26,69,0,0.8350405648890442,0.8559356293498989,0.8840579710144928,0.8820885724385195,3.2423404255190023,9.401983168272585,0.10421031956716821,0.3723300617880888,3.2404584121572855,9.394607912072216,1.6548892509584512,2.047421030694584,9.485653468540737e-07,1.9073486328125e-06,1.1654836790902274e-07,4.76837158203125e-07,0,0,70,0.0,0.0,0,70,2.3558043343156854e-18,2.2551405187698492e-17,0,70,9.334513119288853e-08,3.5762786865234375e-07,0,0.8840579710144928,0.8820885724385195,-0.004678767600229808,0.055792478684868134,-0.014588620034711702,0.17315048027251448,0.823815963129029,0.9147642036219892,-0.011224601760015301,0.05882857427209025,0,0,0.8840579710144928,0.8820885724385195,-1.2436722006116595e-05,0.00015450354133333477,-0.015063680229442461,0.1737736920693091,0.8350073745199267,0.9176003870171316,-3.3190369117568656e-05,0.06166475766723271,0,0,0.8840579710144928,0.8820885724385195,-0.004670991748571396,0.055656832988773074,0.000809846179825919,0.0013200988726956504,0.8238226662624525,0.8562228525148833,-0.011217898626591607,0.0002872231649845595,0,0,4.660870347704206e-06,2.0650880677359445e-05
0.3,66,control,7,209,31,202,0,0.8490381926199309,0.611228398147492,0.8861386138613861,0.8865349955919288,2.916503284824664,8.837711767996456,0.11462101120071777,0.40285480224052156,2.9139853046508706,8.828525205406326,1.6935863659955355,2.0034574891294747,9.114662425940116e-07,1.9073486328125e-06,1.1964598626040957e-07,3.5762786865234375e-07,0,0,209,0.0,0.0,0,209,2.516688892282936e-18,2.7755575615628914e-17,0,209,1.143878013893748e-07,4.76837158203125e-07,0,0.900990099009901,0.9012255443906672,0.0017563653842470291,0.04687086642055848,0.019698718758790118,0.19332687762614928,0.8364555469545828,0.6795222174383916,-0.012582645665348134,0.06829381929089968,3,0,0.8861386138613861,0.8865349955919288,1.4695196310013676e-05,0.00014605781767499504,0.020107732176709404,0.19301158466942286,0.8489843127470126,0.6802507319332092,-5.387987291828859e-05,0.06902233378571744,0,0,0.900990099009901,0.9012255443906672,0.0017388778199490748,0.0467391608496816,0.0003511496690329182,0.0009274025799697666,0.836483218166317,0.6110608035723712,-0.012554974453613804,-0.00016759457512068195,3,0,2.7923679879407565e-06,1.7638906444373885e-05
0.3,66,delete,all,581,31,560,0,1.319895051275343,0.6531266853471503,0.8196428571428571,0.818868895391347,9.319132881340131,36.37950620592804,0.2906511368510778,1.161514415872986,9.313799430714997,36.370326366993496,1.722406147895584,2.375029343470499,9.027385055095521e-07,1.9073486328125e-06,1.1099569768790739e-07,4.76837158203125e-07,0,0,581,0.0,0.0,0,581,1.6960735885662384e-17,2.7755575615628914e-16,0,581,1.0804303644446211e-07,6.407499313354492e-07,0,0.8142857142857143,0.812895771538939,0.003170552264366831,0.22477082533700946,0.012821334560053894,0.4883093085755528,1.3717240896975926,0.8518292259493864,0.051829038422249486,0.19870254060223616,27,30,0.8196428571428571,0.818868895391347,5.808959614081555e-05,0.00042462943637945567,0.03722949197159987,0.4819874394550381,1.3197958450475382,0.8681841507427075,-9.920622780479833e-05,0.21505746539555717,0,0,0.8125,0.8111864301724456,0.0031279929257967795,0.22441002439944757,-0.0043132591595081374,0.01967173882418676,1.371484162945014,0.6498600021031842,0.05158911166967113,-0.003266683243965932,26,30,-1.553025757076408e-05,0.00012467345206801123
0.3,66,delete,1,44,24,43,0,2.652665211682518,0.5133936910443535,0.7209302325581395,0.7106197731698934,12.712102746199031,35.424548520078,0.2757955738292231,0.8695918912393986,12.708629289076997,35.42097318239592,1.9214859412198395,2.375029343470499,6.068836558948864e-07,1.430511474609375e-06,8.665533228354021e-08,4.76837158203125e-07,0,0,44,0.0,0.0,0,44,1.751479327733401e-17,1.3183898417423734e-16,0,44,1.1412934823469682e-07,6.407499313354492e-07,0,0.7906976744186046,0.7853796479972988,0.040816739963536915,0.4024958628314463,0.041413151447407225,0.5120165087705986,2.460542679023654,0.9175908802876184,-0.19212253265886386,0.40419718924326486,6,3,0.7209302325581395,0.7106197731698934,0.00011139515448700298,0.0004186906259168278,0.1220760236240246,0.5189677819778974,2.652078602509758,1.0251248988857968,-0.0005866091727595446,0.5117312078414432,0,0,0.7906976744186046,0.7853796479972988,0.04073236254043877,0.4021893703929064,-0.038763971787623384,0.05687388866631822,2.460311338565543,0.4969635092245193,-0.19235387311697458,-0.016430181819834116,6,3,-2.701773138886148e-05,0.00017483610744503412
0.3,66,delete,2,32,18,31,0,0.6216540322090969,0.5833355758508065,0.9354838709677419,0.9354838709677419,6.80320587471181,17.057183309819806,0.1890217909921657,0.5606722841142096,6.800060844530016,17.050979892600772,1.8827410338479509,2.2593975844476195,1.0207295417785645e-06,1.9073486328125e-06,1.2479722499847412e-07,2.384185791015625e-07,0,0,32,0.0,0.0,0,32,8.480705626146869e-18,7.632783294297951e-17,0,32,1.264270395040512e-07,4.76837158203125e-07,0,0.9354838709677419,0.9354838709677419,-0.024841982405632734,0.08451710687950253,0.0020288066007196903,0.3469073916785419,0.6791988872615782,0.6450616992830873,0.057544855052481296,0.06172612343228075,0,0,0.9354838709677419,0.9354838709677419,-2.673175185918808e-05,0.00020105857402086258,0.00541695230640471,0.34336260124109685,0.621713775394376,0.6476654797945247,5.974318527901534e-05,0.06432990394371822,0,0,0.9354838709677419,0.9354838709677419,-0.02480074530467391,0.08436062606051564,0.00014628726057708263,0.005376083077862859,0.6790565639677733,0.5811953881123237,0.057402531758676344,-0.00214018773848282,0,0,-1.4505349099636078e-05,3.6514364182949066e-05
0.3,66,delete,3,91,31,86,0,0.9825351658686142,0.6552897055033994,0.8255813953488372,0.8214920702652727,7.118587801133746,18.11496131619986,0.23801161695460762,0.6840012484078223,7.11411939348365,18.105031926646095,1.8391367156622311,2.125383009020318,9.304219549828833e-07,1.9073486328125e-06,1.145117394216768e-07,4.76837158203125e-07,0,0,91,0.0,0.0,0,91,1.2437440859198798e-17,1.249000902703301e-16,0,91,1.0209751653147267e-07,2.384185791015625e-07,0,0.8488372093023255,0.8465550967181048,0.02213963116058609,0.1011595179807845,0.037446144968271255,0.4401379978018148,0.9631209610969258,0.8281997307804644,-0.019414204771688516,0.17291002527706498,2,0,0.8255813953488372,0.8214920702652727,2.3659891807115993e-05,0.00023991397612697476,0.04221894596140463,0.4253118770545001,0.9824427866287304,0.8165236878302735,-9.237923988384131e-05,0.1612339823268741,0,0,0.8488372093023255,0.8465550967181048,0.02212903394803896,0.100962312196146,0.0009288664211283673,0.006348718244295854,0.9631092382277878,0.65277139991636,-0.019425927640826447,-0.002518305587039534,2,0,-1.3062679259986669e-05,4.286238166329625e-05
0.3,66,delete,4,36,21,36,0,2.7119074702187875,0.9087634416639653,0.6944444444444444,0.6915839243498818,13.923706860438834,36.37950620592804,0.2876602062697315,0.8172097316689522,13.920200710354294,36.370326366993496,1.8451652113396817,2.291534834893536,8.609559800889757e-07,1.430511474609375e-06,7.352274325158861e-08,2.384185791015625e-07,0,0,36,0.0,0.0,0,36,1.7574616048719893e-17,1.3877787807814457e-16,0,36,1.1610488096872966e-07,3.5762786865234375e-07,0,0.7222222222222222,0.7080808080808081,-0.09915776478333606,0.4151897619788845,-0.09256070686711206,0.47691305064492756,2.715551986384844,0.8591709478256429,0.0036445161660571854,-0.0495924938383225,5,4,0.6944444444444444,0.6915839243498818,-4.544812772009108e-05,0.0004621698624557919,-0.060801845561299056,0.47327796338746947,2.711596819211143,0.9246418994125212,-0.00031065100764446043,0.015878457748555883,0,0,0.7222222222222222,0.7080808080808081,-0.09910274240084821,0.41476370368359816,0.019292339475618467,0.0423199205348889,2.7153039902841742,0.9051218541059636,0.0033965200653864633,-0.0036415875580015833,5,4,-9.57425476776229e-06,0.00011733324370450444
0.3,66,delete,5,99,30,93,0,2.094016521459935,0.5878936059140011,0.6774193548387096,0.6778673835125448,12.529629003529024,29.912787511200005,0.33138124947050646,0.9042102154272907,12.524586003985906,29.90455549215384,1.5387443498674438,2.1048581721065323,9.18152356388593e-07,1.9073486328125e-06,9.465623985637318e-08,2.384185791015625e-07,0,0,99,0.0,0.0,0,99,2.3868806653217968e-17,1.6653345369377348e-16,0,99,9.89271534813775e-08,5.960464477539062e-07,0,0.6129032258064516,0.6120899972892382,0.0023424412133266227,0.4683533688028804,0.028615806327022687,0.4977114884314513,2.445771361716801,0.8604476376921909,0.35175484025686665,0.27255403177818965,10,16,0.6774193548387096,0.6778673835125448,0.0001772422381121703,0.0006695346097753506,0.11220081541875396,0.483267014225324,2.0941283855379487,0.8931724572544274,0.00011186407801415542,0.30527885134042637,0,0,0.6129032258064516,0.6120899972892382,0.0022577850778370797,0.46780699741264636,-0.02389781940916572,0.05084912911659539,2.4449811133643156,0.5818003518072371,0.350964591904381,-0.006093254106764053,10,16,-9.258610262262701e-05,0.00022381465562214755
0.3,66,delete,6,70,26,69,0,0.8350405648890442,0.8559356293498989,0.8840579710144928,0.8820885724385195,7.562101312754568,20.899542803257482,0.2427812092376312,0.6547872991555889,7.557823000059304,20.889282969457234,1.6548892509584512,2.047421030694584,9.519713265555246e-07,1.9073486328125e-06,1.1101365089416504e-07,3.5762786865234375e-07,0,0,70,0.0,0.0,0,70,1.1264328151414689e-17,1.5959455978986625e-16,0,70,9.334513119288853e-08,3.5762786865234375e-07,0,0.8695652173913043,0.8667650840516214,0.01914095293198313,0.1296997976090227,0.03518092930316925,0.4009919309190341,0.8801763775953739,1.2584352942064172,0.0451358127063296,0.4024996648565179,1,2,0.8840579710144928,0.8820885724385195,4.009434155055455e-05,0.0003464141062327794,0.03767785467207432,0.39363978329513755,0.835047972495267,1.2532126687444516,7.407606222556825e-06,0.39727703939455267,0,0,0.8695652173913043,0.8667650840516214,0.019095591668571745,0.12938094937375613,0.0031003489824278016,0.005756426256682191,0.8800361793275833,0.8560858142416846,0.044995614438539035,0.00015018489178571673,1,2,5.266921860831124e-06,8.807991232190813e-05
0.3,66,delete,7,209,31,202,0,0.8490381926199309,0.611228398147492,0.8861386138613861,0.8865349955919288,8.222755000545067,24.264170842404972,0.32951366046625413,1.161514415872986,8.215512529772928,24.236354324261207,1.6935863659955355,2.0034574891294747,9.183107951041043e-07,1.9073486328125e-06,1.2666432623657884e-07,4.76837158203125e-07,0,0,209,0.0,0.0,0,209,1.864184660345376e-17,2.7755575615628914e-16,0,209,1.143878013893748e-07,4.76837158203125e-07,0,0.8762376237623762,0.8766684734694877,0.003944030887130915,0.14631180490175502,0.0009141209664527309,0.5526968670839613,0.8508414527922288,0.7384004345366413,0.0018032601722980236,0.1271720363891494,3,5,0.8861386138613861,0.8865349955919288,4.226594058235296e-05,0.0004442595212796088,0.0032883211792085728,0.5505880858553084,0.8489150207264551,0.7408826632794622,-0.000123171893475821,0.12965426513197026,0,0,0.8712871287128713,0.8718699594565816,0.003887599452207106,0.1459221478582819,0.002702098669546643,0.005820719507393654,0.8507140795322659,0.6104937245475552,0.0016758869123349655,-0.0007346735999366479,2,5,1.4165494341456718e-05,0.00012979095213507352
0.3,67,control,all,581,31,560,0,1.319895051275343,0.6537048545757717,0.8196428571428571,0.818868895391347,3.61991603356244,16.907224676330824,0.14832749285135807,0.534144968186168,3.616367761671372,16.89959045202151,1.3007782587320895,1.718627889029266,8.974038385072797e-07,1.9073486328125e-06,1.0859125042125814e-07,4.76837158203125e-07,0,0,581,0.0,0.0,0,581,4.910700482635419e-18,9.71445146547012e-17,0,581,9.592782815023872e-08,5.960464477539062e-07,0,0.825,0.8241731069555119,0.0013179315475301365,0.0760848392570542,0.021632128268505947,0.19036529083991113,1.2999921020798402,0.7480358672926728,-0.019902949195502714,0.09433101271690125,7,4,0.8196428571428571,0.818868895391347,2.1080576242452644e-05,0.0002316391711057566,0.0224652109978634,0.19066675224705326,1.3198155501918398,0.7498716916834298,-7.95010835031729e-05,0.09616683710765828,0,0,0.825,0.8241731069555119,0.0012938312836722336,0.07587132892585817,0.0011157152113118393,0.0017377485788832843,1.3000137006892307,0.6540117574065626,-0.019881350586112224,0.0003069028307909429,7,4,3.019687615450401e-06,3.6476276135280495e-05
0.3,67,control,1,44,24,43,0,2.652665211682518,0.4967354521063772,0.7209302325581395,0.7106197731698934,5.745521158333904,16.907224676330824,0.14036393903432964,0.5080244185798753,5.743427418274405,16.89959045202151,1.3199311580952882,1.693899563126457,5.635348233309659e-07,1.430511474609375e-06,7.58604569868608e-08,2.384185791015625e-07,0,0,44,0.0,0.0,0,44,5.5134529581710486e-18,4.163336342344337e-17,0,44,9.61802222511985e-08,3.5762786865234375e-07,0,0.7441860465116279,0.7313391436371334,-0.03561815666034818,0.17129329308359462,-0.05012584511529316,0.18239930593831974,2.556001646534929,0.5514321487342486,-0.09666356514758895,0.05469669662787149,2,1,0.7209302325581395,0.7106197731698934,-7.244470444592562e-05,0.00026600130579688334,-0.046391907571391625,0.18467242914167317,2.652427037227058,0.5560264150469204,-0.00023817445545951362,0.05929096294054325,0,0,0.7441860465116279,0.7313391436371334,-0.035550064576620403,0.17106017715890298,0.001990631730719046,0.003652303564277562,2.5561216552943398,0.49844201775018715,-0.09654355638817823,0.001706565643810016,2,1,4.35262071815404e-06,5.8341898362744935e-05
0.3,67,control,2,32,18,31,0,0.6216540322090969,0.6343239554301466,0.9354838709677419,0.9354838709677419,2.3725200836031632,6.237313145359248,0.10660648376241293,0.2788980978720354,2.36985614240101,6.231923378434431,1.436089392906445,1.718627889029266,9.909272193908691e-07,1.9073486328125e-06,1.5459954738616943e-07,4.76837158203125e-07,0,0,32,0.0,0.0,0,32,2.3938342229488604e-18,1.8214596497756474e-17,0,32,1.103617250919342e-07,4.76837158203125e-07,0,0.9354838709677419,0.9354838709677419,0.006450156681239605,0.02298066858202219,0.024647034937515855,0.15258345869369805,0.6203478785777976,0.758542295708766,-0.0013061536312992672,0.12421834027861932,0,0,0.9354838709677419,0.9354838709677419,5.764234811067581e-05,0.0001413607969880104,0.02638791990466416,0.15174842556007206,0.6216181730510948,0.7593198569168318,-3.58591580021661e-05,0.12499590148668516,0,0,0.9354838709677419,0.9354838709677419,0.006392173934727907,0.022834646981209517,9.080744348466396e-05,0.0006075056735426188,0.6203674449487939,0.6343237588701645,-0.0012865872603030973,-1.9655998222296855e-07,0,0,3.403984010219574e-07,7.639173418283463e-06
0.3,67,control,3,91,31,86,0,0.9825351658686142,0.6584999606680114,0.8255813953488372,0.8214920702652727,2.975707597232208,7.60825362541963,0.13813798092779161,0.4067394677196091,2.97212598227528,7.597373640549089,1.3736857909396765,1.5732541072412731,9.461418612972721e-07,1.9073486328125e-06,1.018928302513374e-07,4.76837158203125e-07,0,0,91,0.0,0.0,0,91,2.895670556705297e-18,1.3877787807814457e-17,0,91,9.955940665779533e-08,5.960464477539062e-07,0,0.813953488372093,0.8087158153174657,0.007847390147847133,0.035585852135177495,0.05330771371558472,0.18949887205611218,0.9975739818823371,0.8217757276729442,0.015038816013722976,0.1632757670049326,0,1,0.8255813953488372,0.8214920702652727,6.122670167095059e-05,0.00020803056739188814,0.05273634121640698,0.18952268337482933,0.9825515318286808,0.8223094185638884,1.636596006655726e-05,0.16380945789587698,0,0,0.813953488372093,0.8087158153174657,0.007786950014613487,0.03538129755019487,0.0009820048216280046,0.0012517700401636271,0.9975357467877998,0.6587875673161375,0.015000580919185335,0.0002876066481259402,0,1,-7.865684373038156e-07,1.1281570890447596e-05
0.3,67,control,4,36,21,36,0,2.7119074702187875,0.807249514018806,0.6944444444444444,0.6915839243498818,5.1302357895339155,11.435405575478374,0.14685488204645958,0.4210678882989278,5.12775060594188,11.429670125013802,1.2914426685250442,1.5428230297548287,8.609559800889757e-07,1.430511474609375e-06,7.51266876856486e-08,2.384185791015625e-07,0,0,36,0.0,0.0,0,36,6.6979600877993386e-18,4.163336342344337e-17,0,36,1.1010302437676324e-07,4.76837158203125e-07,0,0.6666666666666666,0.6666666666666666,0.013656521836916605,0.13119688837064636,0.04515421845846706,0.17802475434210566,2.844608588988056,0.8891965714480219,0.13270111876926846,0.08194705742921604,0,1,0.6944444444444444,0.6915839243498818,4.345157908068763e-05,0.000256075006392267,0.04593010681370894,0.17751375151177248,2.7121053532823387,0.8907479318703374,0.0001978830635516722,0.08349841785153136,0,0,0.6666666666666666,0.6666666666666666,0.013622215328117212,0.130948841261367,0.00409972926394807,0.005159321034120189,2.8442645822966615,0.8099127517270361,0.1323571120778744,0.002663237708230211,0,1,-9.145070281293658e-06,5.94224159916242e-05
0.3,67,control,5,99,30,93,0,2.094016521459935,0.5918630110428194,0.6774193548387096,0.6778673835125448,4.873300462340889,13.980180544100795,0.18410358434978977,0.534144968186168,4.869401064335824,13.971450415977516,1.1380272892039942,1.4907028329037262,9.18152356388593e-07,1.9073486328125e-06,9.762894625615592e-08,3.2782554626464844e-07,0,0,99,0.0,0.0,0,99,7.514448513622347e-18,9.71445146547012e-17,0,99,9.012192186683115e-08,3.5762786865234375e-07,0,0.6881720430107527,0.6885327462577038,0.008900991772687194,0.14414262830872426,0.03576037061936928,0.2095182618559009,1.993017560191498,0.7147824995564109,-0.10099896126843648,0.12291948851359163,2,1,0.6774193548387096,0.6778673835125448,3.897424109957435e-05,0.00030301363593099095,0.03991651824778981,0.210924130158894,2.093792737994712,0.720848963341745,-0.00022378346522227525,0.12898595229892573,0,0,0.6881720430107527,0.6885327462577038,0.008852447213774378,0.14386997965512552,0.0012408616115348508,0.002932280527822899,1.9931442100176795,0.5913986985669236,-0.10087231144225539,-0.00046431247589580126,2,1,9.570317813242325e-06,8.13703400769619e-05
0.3,67,control,6,70,26,69,0,0.8350405648890442,0.8269570512597371,0.8840579710144928,0.8820885724385195,3.2423404255190023,9.401983168272585,0.13736528049005323,0.4578165976481553,3.2391435488085327,9.390830179456918,1.3222826483806227,1.5711458275687313,9.485653468540737e-07,1.9073486328125e-06,1.1654836790902274e-07,4.76837158203125e-07,0,0,70,0.0,0.0,0,70,3.343692810463038e-18,3.469446951953614e-17,0,70,9.845410074506487e-08,3.5762786865234375e-07,0,0.8840579710144928,0.8820885724385195,-0.004678767600229808,0.055792478684868134,-0.009920441545546055,0.1839574061068041,0.823815963129029,0.8872142703825114,-0.011224601760015301,0.060257219122774396,0,0,0.8840579710144928,0.8820885724385195,-2.1906729255403792e-05,0.00023293441959789822,-0.010274525146399226,0.18389573528298309,0.8349981349105218,0.8878988978379341,-4.242997852241169e-05,0.06094184657819724,0,0,0.8840579710144928,0.8820885724385195,-0.0046626632767064234,0.055583476275205615,0.0008794714297567095,0.001075387213911329,0.8238163103324325,0.827644821993895,-0.011224254556611659,0.000687770734158014,0,0,5.802405732018607e-06,2.8433224984577725e-05
0.3,67,control,7,209,31,202,0,0.8490381926199309,0.6324492030391926,0.8861386138613861,0.8865349955919288,2.916503284824664,8.837711767996456,0.14780715811338202,0.5057120878728156,2.9123934286285134,8.823230960275401,1.3157823288703059,1.5188786840149928,9.114662425940116e-07,1.9073486328125e-06,1.1964598626040957e-07,3.5762786865234375e-07,0,0,209,0.0,0.0,0,209,5.030147711556486e-18,6.245004513516506e-17,0,209,9.15458898224899e-08,3.5762786865234375e-07,0,0.900990099009901,0.9012255443906672,0.0017563653842470291,0.04687086642055848,0.022309564570918608,0.19340372714771037,0.8364555469545828,0.7005327115637718,-0.012582645665348134,0.06808350852457913,3,0,0.8861386138613861,0.8865349955919288,1.9760579583747536e-05,0.00021005509216249273,0.021837840400386655,0.19332343042253308,0.8489518223255796,0.7009473795623709,-8.637029435118844e-05,0.06849817652317822,0,0,0.900990099009901,0.9012255443906672,0.001733737815011061,0.04667970296619326,0.0006525163231283854,0.0007859850614264822,0.8365031224580891,0.6323487349412416,-0.012535070161841659,-0.00010046809795117988,3,0,2.866989652220712e-06,2.473397135877153e-05
0.3,67,delete,all,581,31,560,0,1.319895051275343,0.6537048545757717,0.8196428571428571,0.818868895391347,9.319132881340131,36.37950620592804,0.38862846806961976,1.429578919207784,9.309926083633243,36.35698533391972,1.3007782587320895,1.718627889029266,9.027385055095521e-07,1.9073486328125e-06,1.1099569768790739e-07,4.76837158203125e-07,0,0,581,0.0,0.0,0,581,3.5859050890840785e-17,5.273559366969494e-16,0,581,9.592782815023872e-08,5.960464477539062e-07,0,0.8142857142857143,0.812895771538939,0.003170552264366831,0.22477082533700946,0.019610323210642794,0.4937429476510124,1.3717240896975926,0.8683922860014501,0.051829038422249486,0.21468743142567853,27,30,0.8196428571428571,0.818868895391347,6.057933716683708e-05,0.0006335680204701711,0.03307354945221374,0.4816626148897892,1.3197074749394082,0.8628955741580845,-0.00018757633593472178,0.20919071958231292,0,0,0.8125,0.8111864301724456,0.0031425488251942673,0.22421119201418635,0.00414727593607008,0.01117334685411798,1.371384125587239,0.6532516009404737,0.05148907431189617,-0.00045325363529784626,26,30,-3.2575897994273294e-05,0.00018256094079086374
0.3,67,delete,1,44,24,43,0,2.652665211682518,0.4967354521063772,0.7209302325581395,0.7106197731698934,12.712102746199031,35.424548520078,0.3515881347980052,1.0244154499309115,12.706534835343138,35.41389591087671,1.3199311580952882,1.693899563126457,6.068836558948864e-07,1.430511474609375e-06,8.665533228354021e-08,4.76837158203125e-07,0,0,44,0.0,0.0,0,44,3.052953151489154e-17,1.6653345369377348e-16,0,44,9.61802222511985e-08,3.5762786865234375e-07,0,0.7906976744186046,0.7853796479972988,0.040816739963536915,0.4024958628314463,0.039880798536945476,0.44307144604284654,2.460542679023654,0.9127744514601583,-0.19212253265886386,0.4160389993537811,6,3,0.7209302325581395,0.7106197731698934,0.00010761618614196777,0.0006620690903880379,0.07940724619071592,0.4447177615524693,2.6516706058510158,0.9602345987573458,-0.000994605831501733,0.46349914665096875,0,0,0.7906976744186046,0.7853796479972988,0.040762949946590445,0.4019695397212424,0.002324102869765325,0.025464495389976284,2.4601603078752827,0.49429535861523993,-0.19250490380723537,-0.0024400934911372476,6,3,-5.3826169195500285e-05,0.0003016870045526461
0.3,67,delete,2,32,18,31,0,0.6216540322090969,0.6343239554301466,0.9354838709677419,0.9354838709677419,6.80320587471181,17.057183309819806,0.24745008214758424,0.68194015785923,6.79797474471575,17.043698276345918,1.436089392906445,1.718627889029266,1.0207295417785645e-06,1.9073486328125e-06,1.2479722499847412e-07,2.384185791015625e-07,0,0,32,0.0,0.0,0,32,1.5092433054177123e-17,1.3877787807814457e-16,0,32,1.103617250919342e-07,4.76837158203125e-07,0,0.9354838709677419,0.9354838709677419,-0.024841982405632734,0.08451710687950253,-0.0042965475004166365,0.34824427985586226,0.6791988872615782,0.6686690998324629,0.057544855052481296,0.03434514440231626,0,0,0.9354838709677419,0.9354838709677419,-0.00010111182928085327,0.0003218725323677063,-0.004288008203729987,0.3445048045832664,0.6218313503877166,0.66605398638608,0.0001773181786197675,0.031730030955933325,0,0,0.9354838709677419,0.9354838709677419,-0.024724523071199656,0.08424199698492885,0.0036977215204387903,0.005472160642966628,0.6788781521467812,0.6347362392149415,0.05722411993768422,0.0004122837847948431,0,0,-1.6347505152225494e-05,4.7334469854831696e-05
0.3,67,delete,3,91,31,86,0,0.9825351658686142,0.6584999606680114,0.8255813953488372,0.8214920702652727,7.118587801133746,18.11496131619986,0.32453656663002944,0.8912921849319986,7.1104571695972645,18.095920372535303,1.3736857909396765,1.5732541072412731,9.304219549828833e-07,1.9073486328125e-06,1.145117394216768e-07,4.76837158203125e-07,0,0,91,0.0,0.0,0,91,2.30136803997033e-17,1.8041124150158794e-16,0,91,9.955940665779533e-08,5.960464477539062e-07,0,0.8488372093023255,0.8465550967181048,0.02213963116058609,0.1011595179807845,0.05795103655411647,0.44801506056235385,0.9631209610969258,0.8473645593157718,-0.019414204771688516,0.18886459864776034,2,0,0.8255813953488372,0.8214920702652727,3.12028882595209e-05,0.0004980510284939966,0.05685165233828209,0.434006805480509,0.9823433111760127,0.8297876364865495,-0.00019185469260152665,0.17128767581853813,0,0,0.8488372093023255,0.8465550967181048,0.02211625754301037,0.10070216085679912,0.003515988752082154,0.005938898239816938,0.963106602970983,0.6582263121988301,-0.019428562897631087,-0.00027364846918135976,2,0,-7.829270683802091e-06,6.804220214649871e-05
0.3,67,delete,4,36,21,36,0,2.7119074702187875,0.807249514018806,0.6944444444444444,0.6915839243498818,13.923706860438834,36.37950620592804,0.409154305851519,1.2798785943608622,13.916867393529508,36.35698533391972,1.2914426685250442,1.5428230297548287,8.609559800889757e-07,1.430511474609375e-06,7.352274325158861e-08,2.384185791015625e-07,0,0,36,0.0,0.0,0,36,5.110206239648344e-17,4.0245584642661925e-16,0,36,1.1010302437676324e-07,4.76837158203125e-07,0,0.7222222222222222,0.7080808080808081,-0.09915776478333606,0.4151897619788845,-0.10227176578094561,0.4836258166987035,2.715551986384844,0.7889616410275916,0.0036445161660571854,-0.018287872991214434,5,4,0.6944444444444444,0.6915839243498818,-0.00014188823600610098,0.0007112425648503833,-0.0849601353208224,0.4565327482091056,2.7113699094512147,0.7807458087587266,-0.0005375607675723562,-0.026503705260079415,0,0,0.7222222222222222,0.7080808080808081,-0.09897421134842767,0.41448215064075256,0.02360807007385625,0.027123041244016752,2.7150923056054364,0.8193365151191361,0.003184835386648698,0.01208700110033018,5,4,-4.166519890228907e-05,0.00020120986219909455
0.3,67,delete,5,99,30,93,0,2.094016521459935,0.5918630110428194,0.6774193548387096,0.6778673835125448,12.529629003529024,29.912787511200005,0.4827034854437103,1.2134730810860435,12.519379071944249,29.88816387421085,1.1380272892039942,1.4907028329037262,9.18152356388593e-07,1.9073486328125e-06,9.465623985637318e-08,2.384185791015625e-07,0,0,99,0.0,0.0,0,99,5.843137859785641e-17,5.273559366969494e-16,0,99,9.012192186683115e-08,3.5762786865234375e-07,0,0.6129032258064516,0.6120899972892382,0.0023424412133266227,0.4683533688028804,0.0281902915525316,0.5348843730083017,2.445771361716801,0.8875627313051613,0.35175484025686665,0.29569972026234187,10,16,0.6774193548387096,0.6778673835125448,0.00017541918828330858,0.0008703834574782487,0.09164173317828564,0.500874907643807,2.0940268427533075,0.8703254200300382,1.0321293373150133e-05,0.2784624089872189,0,0,0.6129032258064516,0.6120899972892382,0.0023171163465112747,0.4676257124067181,-0.0009697434501816528,0.02391697485188041,2.444784032117636,0.585710488824017,0.3507675106577008,-0.006152522218802379,10,16,-0.00015009432146796073,0.0003306224255474529
0.3,67,delete,6,70,26,69,0,0.8350405648890442,0.8269570512597371,0.8840579710144928,0.8820885724385195,7.562101312754568,20.899542803257482,0.3165565439983213,0.8734787930317486,7.554938299388108,20.883567506196897,1.3222826483806227,1.5711458275687313,9.519713265555246e-07,1.9073486328125e-06,1.1101365089416504e-07,3.5762786865234375e-07,0,0,70,0.0,0.0,0,70,2.4118367738236248e-17,1.3877787807814457e-16,0,70,9.845410074506487e-08,3.5762786865234375e-07,0,0.8695652173913043,0.8667650840516214,0.01914095293198313,0.1296997976090227,0.04892282443387168,0.4179160254342215,0.8801763775953739,1.2338504298770432,0.0451358127063296,0.4068933786173061,1,2,0.8840579710144928,0.8820885724385195,4.24436160496303e-05,0.0005173708711351667,0.0513139121234417,0.4089817109916891,0.8350687547645662,1.2225198485355138,2.8189875521993687e-05,0.39556279727577653,0,0,0.8695652173913043,0.8667650840516214,0.01909402779170445,0.12920680322817393,0.0038516333060605186,0.0048556045762130195,0.879937313472856,0.8271082191326615,0.044896748583811825,0.00015116787292457435,1,2,4.481524229049683e-06,0.0001221579100404467
0.3,67,delete,7,209,31,202,0,0.8490381926199309,0.6324492030391926,0.8861386138613861,0.8865349955919288,8.222755000545067,24.264170842404972,0.42198982620008113,1.429578919207784,8.211106661841386,24.222020782403195,1.3157823288703059,1.5188786840149928,9.183107951041043e-07,1.9073486328125e-06,1.2666432623657884e-07,4.76837158203125e-07,0,0,209,0.0,0.0,0,209,3.636813367310466e-17,3.885780586188048e-16,0,209,9.15458898224899e-08,3.5762786865234375e-07,0,0.8762376237623762,0.8766684734694877,0.003944030887130915,0.14631180490175502,0.009421697786550203,0.5542493654709113,0.8508414527922288,0.7809827590556185,0.0018032601722980236,0.14853355601642587,3,5,0.8861386138613861,0.8865349955919288,7.477522555863458e-05,0.0006476591372390113,0.00516549635090326,0.5507612925147611,0.8488607882611797,0.7771394672732987,-0.00017740435875103987,0.14469026423410614,0,0,0.8712871287128713,0.8718699594565816,0.003865796729530159,0.14573982341491293,0.004045571650614579,0.004648925977175315,0.8506591749094525,0.6325406795465078,0.0016209822895215946,9.14765073152525e-05,2,5,3.458932042121887e-06,0.0001749325650588177
0.3,68,control,all,581,31,560,0,1.319895051275343,0.6438141324343584,0.8196428571428571,0.818868895391347,3.61991603356244,16.907224676330824,0.15243458327102224,0.5908408897154427,3.6162435677595086,16.899614755574085,1.2721980928479935,1.6969381799107774,8.974038385072797e-07,1.9073486328125e-06,1.0859125042125814e-07,4.76837158203125e-07,0,0,581,0.0,0.0,0,581,5.205208444210017e-18,1.1102230246251565e-16,0,581,1.2237674808338054e-07,5.960464477539062e-07,0,0.825,0.8241731069555119,0.0013179315475301365,0.0760848392570542,0.021020829934056164,0.18848364550152252,1.2999921020798402,0.7347758686278425,-0.019902949195502714,0.09096173619348422,7,4,0.8196428571428571,0.818868895391347,1.9354056470775767e-05,0.00021379214363643922,0.0217955441770373,0.1882083036915981,1.3198258225592336,0.7352338635003414,-6.922871610959509e-05,0.09141973106598315,0,0,0.825,0.8241731069555119,0.001295059361525534,0.07588990599801844,-0.0009177875434162285,0.0014038039579756698,1.3000114971964758,0.6434053319536939,-0.019883554078867032,-0.0004088004806643697,7,4,3.518129533826792e-06,3.4797298697924656e-05
0.3,68,control,1,44,24,43,0,2.652665211682518,0.5040502587456746,0.7209302325581395,0.7106197731698934,5.745521158333904,16.907224676330824,0.14768487875156983,0.5072153084368314,5.743245178360123,16.899614755574085,1.2630056957358897,1.5720440913365263,5.635348233309659e-07,1.430511474609375e-06,7.58604569868608e-08,2.384185791015625e-07,0,0,44,0.0,0.0,0,44,7.331609179452404e-18,5.637851296924623e-17,0,44,1.0346147147091952e-07,2.384185791015625e-07,0,0.7441860465116279,0.7313391436371334,-0.03561815666034818,0.17129329308359462,-0.05394464849748395,0.1863007049330256,2.556001646534929,0.5654710189315216,-0.09666356514758895,0.061420760185847086,2,1,0.7209302325581395,0.7106197731698934,-5.252185192975131e-05,0.0002288151193748821,-0.050130563364787536,0.18623899194327267,2.652505453193748,0.5682560022806503,-0.0001597584887698526,0.0642057435349758,0,0,0.7441860465116279,0.7313391436371334,-0.03556647219441154,0.17109525474635037,-0.0033588695593855596,0.004197096113454212,2.556072560272843,0.502732505890039,-0.09659265140967482,-0.0013177528556354732,2,1,8.373859931122173e-07,5.668727681040764e-05
0.3,68,control,2,32,18,31,0,0.6216540322090969,0.5817438388984444,0.9354838709677419,0.9354838709677419,2.3725200836031632,6.237313145359248,0.10768040489059229,0.2866373145111124,2.3698704098567154,6.231657846094846,1.4567034102198546,1.6969381799107774,9.909272193908691e-07,1.9073486328125e-06,1.5459954738616943e-07,4.76837158203125e-07,0,0,32,0.0,0.0,0,32,1.8479611931128664e-18,1.214306433183765e-17,0,32,1.1920928955078125e-07,5.364418029785156e-07,0,0.9354838709677419,0.9354838709677419,0.006450156681239605,0.02298066858202219,0.03385705384425819,0.15687028807587922,0.6203478785777976,0.6969702341006594,-0.0013061536312992672,0.11522639520221489,0,0,0.9354838709677419,0.9354838709677419,6.418116390705109e-05,0.00013623759150505066,0.03548306180164218,0.1560078519396484,0.6216151498527482,0.6968906228684327,-3.888235634874615e-05,0.11514678396998829,0,0,0.9354838709677419,0.9354838709677419,0.006385264918208122,0.02284144051373005,-0.0012702534440904856,0.0012722352985292673,0.6203721462523124,0.5813651314360521,-0.0012818859567844676,-0.0003787074623923456,0,0,7.105991244316101e-07,7.300637662410736e-06
0.3,68,control,3,91,31,86,0,0.9825351658686142,0.6752829511120632,0.8255813953488372,0.8214920702652727,2.975707597232208,7.60825362541963,0.13651319475582294,0.4051226513513411,2.9722301215509805,7.597460027277078,1.4000298363111872,1.6850743785588915,9.461418612972721e-07,1.9073486328125e-06,1.018928302513374e-07,4.76837158203125e-07,0,0,91,0.0,0.0,0,91,4.06119720018158e-18,4.163336342344337e-17,0,91,1.4287102353441846e-07,5.960464477539062e-07,0,0.813953488372093,0.8087158153174657,0.007847390147847133,0.035585852135177495,0.05595248569171507,0.18966089672112202,0.9975739818823371,0.8353923267483023,0.015038816013722976,0.16010937563623923,0,1,0.8255813953488372,0.8214920702652727,6.383368847789345e-05,0.00019063114874310545,0.05670007228196322,0.18976081351002494,0.9825401914116724,0.8358154129809969,5.025543057954299e-06,0.16053246186893386,0,0,0.813953488372093,0.8087158153174657,0.007783626175516254,0.03540237047351324,-0.0014863999990316539,0.0015009251924661489,0.9975485931644319,0.6744197237265406,0.01501342729581759,-0.0008632273855225108,0,1,-6.971614701407297e-08,1.0410057646887643e-05
0.3,68,control,4,36,21,36,0,2.7119074702187875,0.8073337285016449,0.6944444444444444,0.6915839243498818,5.1302357895339155,11.435405575478374,0.17452085338805656,0.5908408897154427,5.1266957836701135,11.4240874336634,1.074880724242512,1.3568850179577863,8.609559800889757e-07,1.430511474609375e-06,7.51266876856486e-08,2.384185791015625e-07,0,0,36,0.0,0.0,0,36,5.657897743342975e-18,6.938893903907228e-17,0,36,9.137309259838528e-08,3.5762786865234375e-07,0,0.6666666666666666,0.6666666666666666,0.013656521836916605,0.13119688837064636,0.040555288187331624,0.1722986302855942,2.844608588988056,0.8852175536680814,0.13270111876926846,0.07788382516643658,0,1,0.6944444444444444,0.6915839243498818,4.128449492984348e-05,0.00028479968508084613,0.037779706426792674,0.1707175231228272,2.7120948476812146,0.8826446470555767,0.00018737746242759713,0.07531091855393185,0,0,0.6666666666666666,0.6666666666666666,0.01363068518953191,0.13092707501103482,0.002072734861738152,0.0032225101151400143,2.8443086074237014,0.8074318809967713,0.13240113720491434,9.815249512639463e-05,0,1,-1.5447847545146942e-05,5.831331428554323e-05
0.3,68,control,5,99,30,93,0,2.094016521459935,0.5812332383484706,0.6774193548387096,0.6778673835125448,4.873300462340889,13.980180544100795,0.19384077532893712,0.5499328748986028,4.869040242243767,13.969360109853284,1.0179502983090014,1.383878653958828,9.18152356388593e-07,1.9073486328125e-06,9.762894625615592e-08,3.2782554626464844e-07,0,0,99,0.0,0.0,0,99,8.214970428666722e-18,1.1102230246251565e-16,0,99,9.211626919833096e-08,3.5762786865234375e-07,0,0.6881720430107527,0.6885327462577038,0.008900991772687194,0.14414262830872426,0.032186367069229935,0.1971100822392136,1.993017560191498,0.6863745299015529,-0.10099896126843648,0.10514129155308215,2,1,0.6774193548387096,0.6778673835125448,3.7761489776047796e-05,0.0003030337675502806,0.0348399185171031,0.1974261011740174,2.093785547267479,0.6885040081756434,-0.0002309741924556249,0.1072707698271725,0,0,0.6881720430107527,0.6885327462577038,0.00885609042539139,0.14386894824829968,-0.001542212309861424,0.0018093797444093107,1.993155528671406,0.5803314717162742,-0.10086099278852857,-0.0009017666321965653,2,1,7.139857519756664e-06,8.380051815148556e-05
0.3,68,control,6,70,26,69,0,0.8350405648890442,0.8100283262170492,0.8840579710144928,0.8820885724385195,3.2423404255190023,9.401983168272585,0.14758377754954033,0.48352493509375616,3.238660706384857,9.389541582719765,1.277786826401638,1.5244660014483509,9.485653468540737e-07,1.9073486328125e-06,1.1654836790902274e-07,4.76837158203125e-07,0,0,70,0.0,0.0,0,70,4.1401155391188945e-18,6.245004513516506e-17,0,70,1.0680939470018659e-07,4.76837158203125e-07,0,0.8840579710144928,0.8820885724385195,-0.004678767600229808,0.055792478684868134,-0.00856057841862951,0.1907108686864376,0.823815963129029,0.8793523795575016,-0.011224601760015301,0.06932405334045218,0,0,0.8840579710144928,0.8820885724385195,-3.054589033126831e-05,0.00021297654935291835,-0.008960009898458209,0.18995276625667298,0.8350254716180366,0.8787075591988828,-1.5093271007472962e-05,0.06867923298183345,0,0,0.8840579710144928,0.8820885724385195,-0.004656229061739786,0.05560220628976822,-0.0004222414323261806,0.0006786386881555829,0.8237966153767,0.810221261180492,-0.011243949512344132,0.00019293496344253226,0,0,8.00735184124538e-06,2.6913306542805264e-05
0.3,68,control,7,209,31,202,0,0.8490381926199309,0.6148476579227428,0.8861386138613861,0.8865349955919288,2.916503284824664,8.837711767996456,0.1454259934359492,0.4801766616649431,2.912553345467358,8.824657481612268,1.3427739408972026,1.5956912825114011,9.114662425940116e-07,1.9073486328125e-06,1.1964598626040957e-07,3.5762786865234375e-07,0,0,209,0.0,0.0,0,209,4.62276133903016e-18,4.85722573273506e-17,0,209,1.4280873622620506e-07,5.364418029785156e-07,0,0.900990099009901,0.9012255443906672,0.0017563653842470291,0.04687086642055848,0.020882127173779685,0.19122663425486625,0.8364555469545828,0.6809891323116898,-0.012582645665348134,0.06614147438894692,3,0,0.8861386138613861,0.8865349955919288,1.2471714908141268e-05,0.00017835809871483079,0.021013257071447144,0.19093930632161182,0.8489653303510662,0.6811544250381721,-7.28622688644915e-05,0.06630676711542918,0,0,0.900990099009901,0.9012255443906672,0.001737771395362165,0.046711709804868586,-0.00048763793336147325,0.00053109321297641,0.836494671191477,0.6147681188633313,-0.01254352142845383,-7.953905941149262e-05,3,0,6.1222739767229725e-06,2.03951801124372e-05
0.3,68,delete,all,581,31,560,0,1.319895051275343,0.6438141324343584,0.8196428571428571,0.818868895391347,9.319132881340131,36.37950620592804,0.39619891518021094,1.6161124301481469,9.309706491192648,36.343591627689705,1.2721980928479935,1.6969381799107774,9.027385055095521e-07,1.9073486328125e-06,1.1099569768790739e-07,4.76837158203125e-07,0,0,581,0.0,0.0,0,581,3.9240772346176265e-17,5.551115123125783e-16,0,581,1.2237674808338054e-07,5.960464477539062e-07,0,0.8142857142857143,0.812895771538939,0.003170552264366831,0.22477082533700946,0.01501627646630274,0.4822197063487799,1.3717240896975926,0.8482352020419864,0.051829038422249486,0.2044210696076282,27,30,0.8196428571428571,0.818868895391347,4.5018403657845086e-05,0.0005795939964933157,0.023004124085330716,0.4741495388805251,1.319711399619486,0.8396722139423242,-0.00018365165585697583,0.19585808150796588,0,0,0.8125,0.8111864301724456,0.003139575607529657,0.22426947932962887,-0.005895456142095198,0.008912445313702761,1.371428241363523,0.6417051460564083,0.051533190088180164,-0.0021089863779499424,26,30,-1.4041746820671012e-05,0.000161110328128898
0.3,68,delete,1,44,24,43,0,2.652665211682518,0.5040502587456746,0.7209302325581395,0.7106197731698934,12.712102746199031,35.424548520078,0.3612471430037841,1.1098990322460414,12.70613443756089,35.41415467621665,1.2630056957358897,1.5720440913365263,6.068836558948864e-07,1.430511474609375e-06,8.665533228354021e-08,4.76837158203125e-07,0,0,44,0.0,0.0,0,44,3.2537307611865054e-17,3.608224830031759e-16,0,44,1.0346147147091952e-07,2.384185791015625e-07,0,0.7906976744186046,0.7853796479972988,0.040816739963536915,0.4024958628314463,0.0356096201999621,0.4405792287804864,2.460542679023654,0.9252342965471811,-0.19212253265886386,0.42118403780150665,6,3,0.7209302325581395,0.7106197731698934,0.00014979493888941678,0.0005697547034783797,0.061495321210135116,0.43479338847100735,2.6518153021045316,0.9397731937355913,-0.0008499095779862066,0.43572293498991677,0,0,0.7906976744186046,0.7853796479972988,0.040745533875782385,0.4020503104495054,-0.01752493039450862,0.02389274520630186,2.4601436979331073,0.49125296830170573,-0.19252151374941037,-0.012797290443968733,6,3,-7.858885113488544e-05,0.0002912310460074381
0.3,68,delete,2,32,18,31,0,0.6216540322090969,0.5817438388984444,0.9354838709677419,0.9354838709677419,6.80320587471181,17.057183309819806,0.25143998423614616,0.7193200729487506,6.797876763453535,17.042942083855905,1.4567034102198546,1.6969381799107774,1.0207295417785645e-06,1.9073486328125e-06,1.2479722499847412e-07,2.384185791015625e-07,0,0,32,0.0,0.0,0,32,1.9367408338969577e-17,1.1102230246251565e-16,0,32,1.1920928955078125e-07,5.364418029785156e-07,0,0.9354838709677419,0.9354838709677419,-0.024841982405632734,0.08451710687950253,-0.012359120417386293,0.3505259966477752,0.6791988872615782,0.638861599381296,0.057544855052481296,0.05711776048285158,0,0,0.9354838709677419,0.9354838709677419,-0.00010895449668169022,0.00030850525945425034,-0.008245783858001232,0.3505248283036053,0.6218174829352296,0.63992365416418,0.00016345072613271894,0.05817981526573547,0,0,0.9354838709677419,0.9354838709677419,-0.024718937929719687,0.08423558482900262,-0.006128571927547455,0.00742495758458972,0.6788868028686821,0.5785949747663361,0.05723277065958506,-0.0031488641321083585,0,0,-1.4089979231357574e-05,3.3556483685970306e-05
0.3,68,delete,3,91,31,86,0,0.9825351658686142,0.6752829511120632,0.8255813953488372,0.8214920702652727,7.118587801133746,18.11496131619986,0.3156911496107952,0.8779552413674715,7.1108693536564145,18.093673426962606,1.4000298363111872,1.6850743785588915,9.304219549828833e-07,1.9073486328125e-06,1.145117394216768e-07,4.76837158203125e-07,0,0,91,0.0,0.0,0,91,2.3097760054786247e-17,2.220446049250313e-16,0,91,1.4287102353441846e-07,5.960464477539062e-07,0,0.8488372093023255,0.8465550967181048,0.02213963116058609,0.1011595179807845,0.05770970733611138,0.4358969663198178,0.9631209610969258,0.8672584973144012,-0.019414204771688516,0.19197554620233814,2,0,0.8255813953488372,0.8214920702652727,3.9999322085590154e-05,0.00044274463185242245,0.0604885479251107,0.426636530147804,0.9823811689262741,0.8537915166891511,-0.00015399694234027354,0.1785085655770879,0,0,0.8488372093023255,0.8465550967181048,0.02210605794379672,0.10075399464835505,-0.006281522276637318,0.006459944523297823,0.9630945584781665,0.6720158383919985,-0.019440607390447767,-0.0032671127200646854,2,0,-6.4261052962187885e-06,5.9271517854470476e-05
0.3,68,delete,4,36,21,36,0,2.7119074702187875,0.8073337285016449,0.6944444444444444,0.6915839243498818,13.923706860438834,36.37950620592804,0.4823871404321356,1.6161124301481469,13.914004404025896,36.343591627689705,1.074880724242512,1.3568850179577863,8.609559800889757e-07,1.430511474609375e-06,7.352274325158861e-08,2.384185791015625e-07,0,0,36,0.0,0.0,0,36,5.975760974015938e-17,4.440892098500626e-16,0,36,9.137309259838528e-08,3.5762786865234375e-07,0,0.7222222222222222,0.7080808080808081,-0.09915776478333606,0.4151897619788845,-0.11480157574017842,0.4553912464115355,2.715551986384844,0.7706890192695063,0.0036445161660571854,-0.03664470923213873,5,4,0.6944444444444444,0.6915839243498818,-0.00022771995928552415,0.0007987494270006815,-0.14001941618820032,0.4579885815166765,2.7112190842304553,0.7567782054162824,-0.0006883859883325652,-0.05055552308536249,0,0,0.7222222222222222,0.7080808080808081,-0.09892927311981718,0.41445059210268986,0.01124334583679835,0.015836791031890445,2.7152517628219144,0.8206349405404804,0.003344292603127371,0.013301212038835466,5,4,-7.717042333549923e-07,0.00023208201552430788
0.3,68,delete,5,99,30,93,0,2.094016521459935,0.5812332383484706,0.6774193548387096,0.6778673835125448,12.529629003529024,29.912787511200005,0.5074114939003611,1.3019695516521521,12.518412604174891,29.88443962962621,1.0179502983090014,1.383878653958828,9.18152356388593e-07,1.9073486328125e-06,9.465623985637318e-08,2.384185791015625e-07,0,0,99,0.0,0.0,0,99,6.336833152064899e-17,4.996003610813204e-16,0,99,9.211626919833096e-08,3.5762786865234375e-07,0,0.6129032258064516,0.6120899972892382,0.0023424412133266227,0.4683533688028804,0.019451424554742948,0.49613056647958176,2.445771361716801,0.8638332616756315,0.35175484025686665,0.2826000233271608,10,16,0.6774193548387096,0.6778673835125448,0.00014459485696120694,0.0008564254344262257,0.06177479303394905,0.47033049042026204,2.0939647072808265,0.8363819955399674,-5.181417910766324e-05,0.25514875719149666,0,0,0.6129032258064516,0.6120899972892382,0.0023218030486293513,0.4676482679999687,-0.014861265818277994,0.017513844400945337,2.4449208733916907,0.5774856676255469,0.35090435193175684,-0.0037475707229238063,10,16,-0.00012395669226393556,0.0003156938467814465
0.3,68,delete,6,70,26,69,0,0.8350405648890442,0.8100283262170492,0.8840579710144928,0.8820885724385195,7.562101312754568,20.899542803257482,0.33572992322449235,0.9399930965734152,7.554097934984333,20.882193136411786,1.277786826401638,1.5244660014483509,9.519713265555246e-07,1.9073486328125e-06,1.1101365089416504e-07,3.5762786865234375e-07,0,0,70,0.0,0.0,0,70,2.923396272082522e-17,2.7755575615628914e-16,0,70,1.0680939470018659e-07,4.76837158203125e-07,0,0.8695652173913043,0.8667650840516214,0.01914095293198313,0.1296997976090227,0.05380380025931767,0.4289043977856636,0.8801763775953739,1.2011650526324078,0.0451358127063296,0.39113672641535796,1,2,0.8840579710144928,0.8820885724385195,3.251561096736363e-05,0.0004682057670184544,0.05534039208931582,0.41942390144935676,0.8350876852459181,1.1884771950030106,4.712035687402289e-05,0.37844886878596135,0,0,0.8695652173913043,0.8667650840516214,0.0190939442387649,0.12925837199602808,-0.0025276624730655125,0.0037015399762562345,0.8799612094484812,0.8092371736642071,0.04492064455943692,-0.0007911525528422432,1,2,1.4493082250867572e-05,8.185442004884993e-05
0.3,68,delete,7,209,31,202,0,0.8490381926199309,0.6148476579227428,0.8861386138613861,0.8865349955919288,8.222755000545067,24.264170842404972,0.4135021614353583,1.3598509007534576,8.21164845315719,24.226035420537457,1.3427739408972026,1.5956912825114011,9.183107951041043e-07,1.9073486328125e-06,1.2666432623657884e-07,4.76837158203125e-07,0,0,209,0.0,0.0,0,209,3.911233399390441e-17,5.551115123125783e-16,0,209,1.4280873622620506e-07,5.364418029785156e-07,0,0.8762376237623762,0.8766684734694877,0.003944030887130915,0.14631180490175502,0.0035523516816670813,0.5472076014219004,0.8508414527922288,0.7435617110940095,0.0018032601722980236,0.12871405317126655,3,5,0.8861386138613861,0.8865349955919288,5.2718926916282145e-05,0.0005511840867796584,0.002249646931886673,0.5449726012441816,0.8488759475588096,0.7420464795239433,-0.00016224506112125637,0.12719882160120044,0,0,0.8712871287128713,0.8718699594565816,0.0038548512540258575,0.1458407450516365,-0.003076502456191624,0.003532504653959183,0.8506889398137761,0.6133327160594386,0.0016507471938452976,-0.0015149418633043123,2,5,3.64607061887757e-05,0.00013868404891003263
0.4,66,control,all,573,31,552,0,1.2645931300552509,0.6488462890125539,0.8170289855072463,0.8153633148103236,3.401001197269576,15.689380245277874,0.11091749521688225,0.4816682088606614,3.398868274046092,15.683595623536446,1.4563779037227298,2.023493068314289,9.587193866882857e-07,1.9073486328125e-06,1.0812687598181853e-07,5.960464477539062e-07,0,0,573,0.0,0.0,0,573,2.79058515298845e-18,3.469446951953614e-17,0,573,1.0630405178036781e-07,5.960464477539062e-07,0,0.8260869565217391,0.825144285996569,0.0068693934601729975,0.06858564901326573,0.03621782127111162,0.16122347173032336,1.2560168117791877,0.72515588827517,-0.00857631827606318,0.07630959926261605,11,6,0.8170289855072463,0.8153633148103236,3.181658782728055e-05,0.00012927292236638942,0.03723236681474129,0.1599029980593379,1.2645722785344105,0.725903001331344,-2.085152084043771e-05,0.07705671231879008,0,0,0.8260869565217391,0.825144285996569,0.00683779840034158,0.06846847716494614,-0.00035901557504610656,0.0014041325834825192,1.2560001394621487,0.6485675195534226,-0.008592990593102092,-0.0002787694591311734,11,6,-2.2152799586351005e-07,2.090447301119826e-05
0.4,66,control,1,64,30,60,0,1.922764628606056,0.6814976541005503,0.7666666666666667,0.7666666666666667,4.277082587316979,10.90261697276312,0.10862922706099667,0.3509950535690951,4.27545678453659,10.898737060147036,1.2644147949514437,1.7158566119875032,8.698552846908569e-07,1.9073486328125e-06,8.413917385041714e-08,4.76837158203125e-07,0,0,64,0.0,0.0,0,64,2.688257581458535e-18,3.122502256758253e-17,0,64,7.369089871644974e-08,2.384185791015625e-07,0,0.75,0.7487163998791907,-0.00795493318582885,0.11115794067154638,0.03637445974163711,0.13919057429302484,1.8593738124573003,0.7723097998022584,-0.0633908161487558,0.09081214570170804,1,2,0.7666666666666667,0.7666666666666667,2.3709959350526333e-05,0.00012118334416300058,0.03471927315695211,0.13661949295783415,1.922689017370348,0.7723898677009008,-7.561123570839004e-05,0.09089221360035044,0,0,0.75,0.7487163998791907,-0.007973967454745434,0.11105387996940408,-0.0006896379636600614,0.0017387318657711148,1.8593970632679397,0.6811753581440576,-0.06336756533811627,-0.00032229595649275675,1,2,-4.6756904339417815e-06,2.222186594735831e-05
0.4,66,control,2,56,24,54,0,1.2298172265378269,0.4706945388688438,0.7962962962962963,0.7895481939894026,2.9623271955179242,6.564556383700726,0.10500736460338633,0.29700831588243404,2.960253288736633,6.560491462376071,1.6584061886145196,2.023493068314289,1.0510640484946116e-06,1.9073486328125e-06,1.4076275484902518e-07,5.960464477539062e-07,0,0,56,0.0,0.0,0,56,2.027812001315139e-18,1.734723475976807e-17,0,56,1.3969838619232178e-07,5.960464477539062e-07,0,0.7962962962962963,0.7895481939894026,0.005911187534885747,0.027695633870150362,0.05479561211541295,0.17710477160289884,1.2323731492061225,0.5847328788315187,0.002555922668295574,0.11403833996267496,0,0,0.7962962962962963,0.7895481939894026,2.6747584342956543e-05,0.00010508192437035697,0.05452266688059483,0.1767583178755428,1.2298274374013793,0.5849764942382019,1.021086355257328e-05,0.11428195536935817,0,0,0.7962962962962963,0.7895481939894026,0.0058832430679883274,0.027615603458668505,0.0001813571767083236,0.0010486116765865258,1.232358647651736,0.4707706432975803,0.0025414211139092274,7.610442873650978e-05,0,0,1.1968825544629778e-06,5.757702248437064e-06
0.4,66,control,3,86,28,80,0,0.8125667979829173,0.46283121280481426,0.85,0.8497171590194845,2.8397345819972215,7.880437975176985,0.10975968295921112,0.36769640912028334,2.837278517897116,7.872368372557872,1.6418019504081711,1.9567504094623396,9.654566299083622e-07,1.9073486328125e-06,1.0266206985296205e-07,3.5762786865234375e-07,0,0,86,0.0,0.0,0,86,2.5891433384687903e-18,2.42861286636753e-17,0,86,9.962985681933026e-08,5.960464477539062e-07,0,0.8375,0.8369626830420407,0.006026672589224439,0.03103802318489829,0.030455073103481948,0.18027097920259072,0.8060456845114506,0.6217323313581268,-0.0065211134714666195,0.15890111855331263,0,1,0.85,0.8497171590194845,1.6871969713721165e-05,9.215254943038142e-05,0.03236759748569755,0.17884264695782995,0.8125569409104655,0.6219751256676239,-9.85707245190178e-06,0.1591439128628097,0,0,0.8375,0.8369626830420407,0.0060095631972301835,0.030951696686273397,-0.0008708010752533757,0.001230001536219619,0.8060458240180968,0.46270306281814066,-0.006520973964820589,-0.00012814998667359283,0,1,2.3742228053336919e-07,6.562965207321699e-06
0.4,66,control,4,79,26,79,0,1.91503177504373,0.6127453936789801,0.6708860759493671,0.6623783690691466,5.366722987248183,15.689380245277874,0.1270125518819586,0.4816682088606614,5.365043686319296,15.683595623536446,1.5131586136364088,1.9775914424871337,9.144408793389043e-07,1.9073486328125e-06,1.094716636440422e-07,3.5762786865234375e-07,0,0,79,0.0,0.0,0,79,3.752248736976139e-18,3.469446951953614e-17,0,79,1.4340009870408456e-07,4.76837158203125e-07,0,0.7341772151898734,0.7336540278161288,0.03304761379391332,0.12481916643962075,0.06665122282655933,0.19265194114627718,1.8509433338448413,0.6862601971301563,-0.06408844119888885,0.07351480345117632,6,1,0.6708860759493671,0.6623783690691466,5.9517312653457065e-05,0.00015402368352382997,0.06883133070755608,0.19014911636521545,1.914933117635348,0.6877671671182762,-9.865740838196105e-05,0.07502177343929621,0,0,0.7341772151898734,0.7336540278161288,0.03297428443697812,0.12466597628980121,-0.00027137329872650435,0.0033670221042783953,1.8509750314644269,0.6118777211756626,-0.06405674357930256,-0.000867672503317418,6,1,1.3812044281748277e-05,4.187093080976341e-05
0.4,66,control,5,84,29,81,0,1.7035978068665198,0.6230214418589556,0.8024691358024691,0.8051803437424352,3.9238959463120504,12.469507069007804,0.12512268309754462,0.38331277892052656,3.92171273747104,12.463647809764481,1.265721299869576,1.6261320580441347,9.707042149135044e-07,1.9073486328125e-06,9.413564666396095e-08,3.5762786865234375e-07,0,0,84,0.0,0.0,0,84,2.890487327848347e-18,3.469446951953614e-17,0,84,7.747716846920195e-08,3.5762786865234375e-07,0,0.8024691358024691,0.8061011549183591,0.006454447977289203,0.11468381800001398,0.03748911836495002,0.15669959113888798,1.7703620956963046,0.6364849643455892,0.06676428882978483,0.013463522486633748,2,2,0.8024691358024691,0.8051803437424352,5.09863630646751e-05,0.00019146493148236048,0.03766042510757134,0.15557786899929246,1.7036734566922576,0.6378103654784377,7.564982573760302e-05,0.014788923619482138,0,0,0.8024691358024691,0.8061011549183591,0.006404767810766186,0.11450893136983116,-5.345942363852546e-05,0.0011327948776029405,1.770182538231338,0.6228663003224931,0.06658473136481821,-0.0001551415364623301,2,2,-1.3061965416584696e-06,4.2363064407947516e-05
0.4,66,control,6,83,27,82,0,0.5907339207984296,0.8455660880216673,0.8902439024390244,0.8864566361114912,2.638577471559736,7.8779442065888095,0.10750299220374333,0.33405241665274477,2.6360674955835255,7.870984237402853,1.5121092468620891,1.8506697042376457,9.924532419227693e-07,1.9073486328125e-06,1.1839017451527607e-07,4.76837158203125e-07,0,0,83,0.0,0.0,0,83,2.8184051824344807e-18,2.7755575615628914e-17,0,83,1.1490052004894578e-07,3.5762786865234375e-07,0,0.9146341463414634,0.911688494753382,0.0025384049660649643,0.04117833963225046,0.04450863276619509,0.1582089923771031,0.5923638135959841,0.9317879025953759,0.0016298927975546237,0.08622181457370855,2,0,0.8902439024390244,0.8864566361114912,3.7252375609185324e-05,0.0001396048387669655,0.04666373542094805,0.15754223951553725,0.5907106686455799,0.9328850958426842,-2.325215284974529e-05,0.08731900782101683,0,0,0.9146341463414634,0.911688494753382,0.0025052664835140646,0.041055615907198334,-0.00047752938895340424,0.001134302826171898,0.5923677666441589,0.8452546745608023,0.0016338458457292877,-0.00031141346086513037,2,0,-4.113893058285656e-06,1.1869678161589496e-05
0.4,66,control,7,121,30,116,0,0.9866427813777683,0.75279357637437,0.8879310344827587,0.8882300783787778,2.4161371721003233,7.857924031466585,0.09765837804387419,0.37749808676524566,2.4139357587557133,7.852315485394662,1.3896784339077832,1.6107443535602972,9.556447178864281e-07,1.9073486328125e-06,1.1138925867632401e-07,4.76837158203125e-07,0,0,121,0.0,0.0,0,121,2.6246015897903634e-18,2.7755575615628914e-17,0,121,1.0273796467741659e-07,4.76837158203125e-07,0,0.8879310344827587,0.8882300783787778,0.0019201247929787834,0.0417626953783853,0.005193442429515941,0.13667822935549187,0.9773863470081073,0.7839238561093868,-0.00925643436966112,0.03113027973501671,0,0,0.8879310344827587,0.8882300783787778,1.3949949879291629e-05,0.00010470922820824237,0.006619744618569524,0.13583065975796094,0.9866141563868794,0.7844775527915047,-2.8624990889002214e-05,0.031683976417134586,0,0,0.8879310344827587,0.8882300783787778,0.001910762553495809,0.041666866995948404,-0.00025853043622221827,0.0006073561520123285,0.9774029537191918,0.7525875964244095,-0.009239827658576552,-0.000205979949960528,0,0,-4.587710396317411e-06,1.5022587185063638e-05
0.4,66,delete,all,573,31,552,0,1.2645931300552509,0.6488462890125539,0.8170289855072463,0.8153633148103236,8.911323511699171,37.040625686177364,0.2879261930219445,1.0631982844700765,8.906053028985234,37.02551066837557,1.4563779037227298,2.023493068314289,9.57523132910071e-07,1.9073486328125e-06,1.1073311638041524e-07,4.76837158203125e-07,0,0,573,0.0,0.0,0,573,1.6858001537967905e-17,2.220446049250313e-16,0,573,1.0630405178036781e-07,5.960464477539062e-07,0,0.7916666666666666,0.7914059474436015,0.025459154310715864,0.20711733548890598,0.05181432386655458,0.408391766224128,1.4007634458710305,0.9268278514052103,0.13617031581577949,0.2779815623926565,20,34,0.8170289855072463,0.8153633148103236,6.612652447887324e-05,0.0003522449168157203,0.06841993420327937,0.4003879084962097,1.2646261896263562,0.9323626798565752,3.305957110538638e-05,0.2835163908440213,0,0,0.7916666666666666,0.7914059474436015,0.02545018105224802,0.20680239176203744,-0.004556106507492107,0.008039661203665466,1.4005192419973984,0.6451009763564285,0.13592611194214763,-0.003745312656125411,20,34,-5.715326601103026e-05,0.00011995488681861347
0.4,66,delete,1,64,30,60,0,1.922764628606056,0.6814976541005503,0.7666666666666667,0.7666666666666667,11.586588003355281,34.141137447688656,0.2914597939605683,0.8821564244537193,11.582414479652652,34.13263841679616,1.2644147949514437,1.7158566119875032,8.624047040939331e-07,1.430511474609375e-06,9.903305908665061e-08,3.5762786865234375e-07,0,0,64,0.0,0.0,0,64,1.9622471135211528e-17,1.942890293094024e-16,0,64,7.369089871644974e-08,2.384185791015625e-07,0,0.6166666666666667,0.6183703703703703,0.03928140433708904,0.3482854624817264,0.06274321928503923,0.3522384470270481,2.256385593995752,1.0084951616723896,0.33362096538969627,0.3269975075718392,2,11,0.7666666666666667,0.7666666666666667,7.615305366925895e-05,0.00035190998460166156,0.0694999911065679,0.34794005236472003,1.9229837218805694,1.0475971687840309,0.00021909327451310676,0.3660995146834806,0,0,0.6166666666666667,0.6183703703703703,0.03929119613894727,0.3479999678238528,-0.007688636076636612,0.010177016374655068,2.256045122829202,0.6739774821466518,0.3332804942231461,-0.007520171953898613,2,11,-8.594485552748665e-05,0.0001366221476928331
0.4,66,delete,2,56,24,54,0,1.2298172265378269,0.4706945388688438,0.7962962962962963,0.7895481939894026,7.264201676912249,18.4198594673614,0.22405721502249212,0.6606371087025998,7.2603032474602855,18.411991546452995,1.6584061886145196,2.023493068314289,1.0558537074497768e-06,1.9073486328125e-06,1.2559550149100168e-07,4.76837158203125e-07,0,0,56,0.0,0.0,0,56,1.0204568929692807e-17,9.020562075079397e-17,0,56,1.3969838619232178e-07,5.960464477539062e-07,0,0.8148148148148148,0.8100048100048101,0.00356570867422436,0.086116081070421,0.05886494614449995,0.371115040499717,1.2066164547666134,0.8121414476771361,-0.023200771771213595,0.3414469088082925,1,0,0.7962962962962963,0.7895481939894026,5.416306001799447e-05,0.00023063219019344876,0.07758985782441284,0.3623129677227033,1.2296650015688069,0.7987463175703209,-0.00015222496901993811,0.3280517787014771,0,0,0.8148148148148148,0.8100048100048101,0.003507329151034355,0.08589207833366734,-0.005052342811333281,0.006309247110038996,1.2067734429354344,0.4708011281308068,-0.02304378360239226,0.00010658926196307022,1,0,4.216463172010013e-06,4.0617937754307475e-05
0.4,66,delete,3,86,28,80,0,0.8125667979829173,0.46283121280481426,0.85,0.8497171590194845,7.027288997168795,19.213099431122806,0.26461424416965157,0.8297968724483006,7.021884802581942,19.20216476944409,1.6418019504081711,1.9567504094623396,9.765458661456442e-07,1.9073486328125e-06,1.252845449503078e-07,4.76837158203125e-07,0,0,86,0.0,0.0,0,86,1.328848925781307e-17,1.1102230246251565e-16,0,86,9.962985681933026e-08,5.960464477539062e-07,0,0.85,0.8497171590194845,-2.1453914340845373e-05,0.0987108357922109,0.035487757735820705,0.4384827366488617,0.8046553846805442,0.6489929072470335,-0.007911413302373072,0.18616169444221917,1,1,0.85,0.8497171590194845,3.727961894731189e-05,0.00022366472931448803,0.05796001912202946,0.4284658179033634,0.8125706862117406,0.6457336761072778,3.888228823279141e-06,0.18290246330246365,0,0,0.85,0.8497171590194845,-4.1989100620497103e-05,0.09850109848302117,-0.005488468030857486,0.0064449274782524555,0.8045732062927957,0.4585740013960787,-0.007993591690121366,-0.0042572114087356516,1,1,-1.6744432667660157e-05,3.828492751994798e-05
0.4,66,delete,4,79,26,79,0,1.91503177504373,0.6127453936789801,0.6708860759493671,0.6623783690691466,11.943549848126853,37.040625686177364,0.2941650052567582,1.0631982844700765,11.939649611030447,37.02551066837557,1.5131586136364088,1.9775914424871337,9.144408793389043e-07,1.9073486328125e-06,8.292307582082628e-08,2.384185791015625e-07,0,0,79,0.0,0.0,0,79,1.8976111283146216e-17,1.3877787807814457e-16,0,79,1.4340009870408456e-07,4.76837158203125e-07,0,0.6582278481012658,0.6536594651184924,0.012969333442706095,0.3293224489198455,0.06149568451167662,0.4333413915260683,2.298986772283621,1.028572398792023,0.38395499723989096,0.41582700511304294,8,9,0.6708860759493671,0.6623783690691466,7.28998757615874e-05,0.0003992692579196978,0.09485687678561935,0.4226563384732868,1.9153864117234716,1.0472531055891598,0.0003546366797412453,0.43450771191017995,0,0,0.6582278481012658,0.6536594651184924,0.012964200089933186,0.3289492761191641,-0.011099546746928481,0.01700867394197591,2.298411782048741,0.6029551670953269,0.3833800070050102,-0.00979022658365315,8,9,-6.776652298867702e-05,0.00017974497102012362
0.4,66,delete,5,84,29,81,0,1.7035978068665198,0.6230214418589556,0.8024691358024691,0.8051803437424352,10.3616508538031,27.678624138659835,0.32208816410978863,0.9526644853900708,10.35600148124369,27.66222450540591,1.265721299869576,1.6261320580441347,9.678658984956287e-07,1.9073486328125e-06,1.0057175088496436e-07,3.5762786865234375e-07,0,0,84,0.0,0.0,0,84,1.8955467982288237e-17,2.220446049250313e-16,0,84,7.747716846920195e-08,3.5762786865234375e-07,0,0.7407407407407407,0.7470434436306339,0.08195135951973498,0.35295848043945927,0.04231414631275194,0.3908274397919221,2.0102499081458056,0.9334419458920872,0.30665210127928616,0.3104205040331318,7,12,0.8024691358024691,0.8051803437424352,9.31066239163989e-05,0.0005147463331619898,0.04351889568247965,0.3787811701407745,1.703558996646789,0.9166793982558581,-3.8810219731032546e-05,0.2936579563969024,0,0,0.7407407407407407,0.7470434436306339,0.08204273794156809,0.3525233517201351,0.0008533585905319168,0.007608737929591111,2.0096092118887405,0.6252919749166808,0.30601140502222085,0.0022705330577251675,7,12,-0.00018448504574951672,0.0002484142647257873
0.4,66,delete,6,83,27,82,0,0.5907339207984296,0.8455660880216673,0.8902439024390244,0.8864566361114912,7.877593117253448,22.24211779809239,0.29853921729536315,1.0390301043851595,7.871515500725595,22.21783564135804,1.5121092468620891,1.8506697042376457,9.809631899178745e-07,1.9073486328125e-06,1.28696436982557e-07,3.5762786865234375e-07,0,0,83,0.0,0.0,0,83,1.971974342937867e-17,2.220446049250313e-16,0,83,1.1490052004894578e-07,3.5762786865234375e-07,0,0.9024390243902439,0.899679724069968,0.010082319642540562,0.13994531369913954,0.03642854000250977,0.4398918616394681,0.5674474460452118,1.1184197400340334,-0.023286474753217764,0.2728536520123661,1,0,0.8902439024390244,0.8864566361114912,5.453331283776157e-05,0.0004195130194526121,0.057596848088215635,0.4317428827375533,0.5905399277018806,1.123872680023448,-0.00019399309654909275,0.2783065920017805,0,0,0.9024390243902439,0.899679724069968,0.010034461584256357,0.13957909595625229,-0.003561354949172721,0.0056996336992246556,0.56746276891784,0.8417785581909524,-0.023271151880589685,-0.0037875298307151186,1,0,-6.675254553556442e-06,9.706174865005964e-05
0.4,66,delete,7,121,30,116,0,0.9866427813777683,0.75279357637437,0.8879310344827587,0.8882300783787778,7.320208709684022,22.094191292393862,0.2971161695225368,0.9214910769095415,7.313740113841704,22.078776472836225,1.3896784339077832,1.6107443535602972,9.5367431640625e-07,1.9073486328125e-06,1.125899720783076e-07,4.76837158203125e-07,0,0,121,0.0,0.0,0,121,1.6210082527670735e-17,1.6653345369377348e-16,0,121,1.0273796467741659e-07,4.76837158203125e-07,0,0.8793103448275862,0.8799316557937248,0.025875428275874822,0.13054449883990052,0.06520281987618809,0.40825425146901906,1.0237917901033782,0.9317369920054391,0.037149008725609736,0.17894341563106922,0,1,0.8879310344827587,0.8882300783787778,7.16629168711418e-05,0.0003104378923404315,0.07848934124200797,0.4047470527801139,0.9866796124772089,0.9414810709875524,3.6831099440373084e-05,0.1886874946131825,0,0,0.8793103448275862,0.8799316557937248,0.025842113343398435,0.13025373851587949,-0.0021724160298828253,0.0048919536850669165,1.0236108665883488,0.7494253626122214,0.036968085210580356,-0.0033682137621485583,0,1,-3.8347984394751305e-05,9.339213494426948e-05
0.4,67,control,all,573,31,552,0,1.2645931300552509,0.6596493488231058,0.8170289855072463,0.8153633148103236,3.401001197269576,15.689380245277874,0.10615855749542015,0.4640982866905402,3.3989687993748423,15.683073919984711,1.4250885883205455,2.0256985882219447,9.587193866882857e-07,1.9073486328125e-06,1.0812687598181853e-07,5.960464477539062e-07,0,0,573,0.0,0.0,0,573,2.4791675030483187e-18,4.85722573273506e-17,0,573,1.0636256419343266e-07,4.76837158203125e-07,0,0.8260869565217391,0.825144285996569,0.0068693934601729975,0.06858564901326573,0.033540132320624166,0.1530452209994535,1.2560168117791877,0.7287642722667186,-0.00857631827606318,0.06911492344361284,11,6,0.8170289855072463,0.8153633148103236,2.6965536580243867e-05,0.00011941078029585966,0.03514965642471172,0.15208716814716658,1.2645752119604623,0.7299373379341617,-1.7918094788461968e-05,0.07028798911105583,0,0,0.8260869565217391,0.825144285996569,0.006841738251595389,0.06847632378599823,0.000986934676896423,0.0019393420695322347,1.2560010521200953,0.6598239754830393,-0.008592077935155712,0.0001746266599334607,11,6,6.89671997364487e-07,1.794912236341215e-05
0.4,67,control,1,64,30,60,0,1.922764628606056,0.6878830275992858,0.7666666666666667,0.7666666666666667,4.277082587316979,10.90261697276312,0.09012389209120249,0.34669253105255216,4.275886032422669,10.899325442842699,1.375137234298653,1.9795788819724887,8.698552846908569e-07,1.9073486328125e-06,8.413917385041714e-08,4.76837158203125e-07,0,0,64,0.0,0.0,0,64,1.857953534912507e-18,2.7755575615628914e-17,0,64,1.1170050129294395e-07,4.172325134277344e-07,0,0.75,0.7487163998791907,-0.00795493318582885,0.11115794067154638,0.03598646086174995,0.1273432179586962,1.8593738124573003,0.7780808268740087,-0.0633908161487558,0.09019779927472302,1,2,0.7666666666666667,0.7666666666666667,1.88448466360569e-05,0.00010374491102993488,0.035196849901694804,0.12546272826148197,1.9227113401470293,0.7788790684171361,-5.328845902689838e-05,0.09099604081785022,0,0,0.75,0.7487163998791907,-0.007970118516823277,0.11106967975501902,0.0025794642861001194,0.002939322672318667,1.859384049623094,0.6898687685230199,-0.06338057898296218,0.0019857409237341306,1,2,-3.659515641629696e-06,1.7968297470360994e-05
0.4,67,control,2,56,24,54,0,1.2298172265378269,0.502114658275551,0.7962962962962963,0.7895481939894026,2.9623271955179242,6.564556383700726,0.09982714243591036,0.27526574366369416,2.9604193647360324,6.560818808002544,1.572695216214319,1.9271738065500903,1.0510640484946116e-06,1.9073486328125e-06,1.4076275484902518e-07,5.960464477539062e-07,0,0,56,0.0,0.0,0,56,1.5616791825292567e-18,1.214306433183765e-17,0,56,1.2493027108056204e-07,4.76837158203125e-07,0,0.7962962962962963,0.7895481939894026,0.005911187534885747,0.027695633870150362,0.04301030135580471,0.16012861340173654,1.2323731492061225,0.5984191185272637,0.002555922668295574,0.09630446025171267,0,0,0.7962962962962963,0.7895481939894026,2.4339317211083005e-05,0.00010534282773733139,0.043794103365923674,0.1601400842357959,1.2298427315737628,0.5986672753633907,2.5505035936005233e-05,0.09655261708783969,0,0,0.7962962962962963,0.7895481939894026,0.005884843080171517,0.027613960871739045,0.00045015277074916024,0.001178109087049961,1.232343265131771,0.5022416581188817,0.002526038593944037,0.00012699984333067678,0,0,2.0051375031471252e-06,6.166020674364907e-06
0.4,67,control,3,86,28,80,0,0.8125667979829173,0.4512901195698318,0.85,0.8497171590194845,2.8397345819972215,7.880437975176985,0.11187497897187342,0.4116629916209199,2.8371160907050146,7.869678281984674,1.588243079962423,1.865591477548354,9.654566299083622e-07,1.9073486328125e-06,1.0266206985296205e-07,3.5762786865234375e-07,0,0,86,0.0,0.0,0,86,2.52267587516012e-18,3.469446951953614e-17,0,86,1.085532266040181e-07,3.5762786865234375e-07,0,0.8375,0.8369626830420407,0.006026672589224439,0.03103802318489829,0.033942115124921464,0.17882113726159862,0.8060456845114506,0.60958368397449,-0.0065211134714666195,0.1582935644046583,0,1,0.85,0.8497171590194845,2.136618592018305e-05,0.0001061167134795078,0.037034639742138775,0.1780457366257906,0.8125540618963558,0.6108603859792124,-1.2736086561501132e-05,0.15957026640938066,0,0,0.8375,0.8369626830420407,0.006004904115269351,0.030937664687286977,-0.0002124461583619894,0.0014596534243156744,0.8060476537013888,0.45156074151621894,-0.006519144281528571,0.000270621946387205,0,1,4.0228803490483485e-07,6.67732295601867e-06
0.4,67,control,4,79,26,79,0,1.91503177504373,0.6300703381646868,0.6708860759493671,0.6623783690691466,5.366722987248183,15.689380245277874,0.11706788352984387,0.4640982866905402,5.365304557141157,15.683073919984711,1.509827911601263,2.0256985882219447,9.144408793389043e-07,1.9073486328125e-06,1.094716636440422e-07,3.5762786865234375e-07,0,0,79,0.0,0.0,0,79,3.5372846412862464e-18,4.85722573273506e-17,0,79,1.2552813638614702e-07,4.76837158203125e-07,0,0.7341772151898734,0.7336540278161288,0.03304761379391332,0.12481916643962075,0.056196620758575726,0.1795095431653759,1.8509433338448413,0.682275859113715,-0.06408844119888885,0.05220552094902815,6,1,0.6708860759493671,0.6623783690691466,4.9481474900547465e-05,0.00014831144598465932,0.05836058818275416,0.1775284204396266,1.9149376063122256,0.6849544163747842,-9.416873150491356e-05,0.05488407821009724,0,0,0.7341772151898734,0.7336540278161288,0.03298291334104311,0.12466863114858352,0.0026111439153363434,0.004671607260839848,1.8509673796086952,0.6297910951083281,-0.06406439543503471,-0.00027924305635878194,6,1,1.5218977969658525e-05,3.8642471632625485e-05
0.4,67,control,5,84,29,81,0,1.7035978068665198,0.6592920777853463,0.8024691358024691,0.8051803437424352,3.9238959463120504,12.469507069007804,0.11435090028785343,0.39978951801119256,3.9220577086706174,12.463603580452176,1.254029550278827,1.4948604408252129,9.707042149135044e-07,1.9073486328125e-06,9.413564666396095e-08,3.5762786865234375e-07,0,0,84,0.0,0.0,0,84,2.4620525170780623e-18,1.734723475976807e-17,0,84,8.621386119297572e-08,3.5762786865234375e-07,0,0.8024691358024691,0.8061011549183591,0.006454447977289203,0.11468381800001398,0.03199252739016499,0.14427142754374517,1.7703620956963046,0.6702935103458323,0.06676428882978483,0.011001432560486066,2,2,0.8024691358024691,0.8051803437424352,3.221116605259123e-05,0.00013675930954161144,0.03283466380976495,0.14390893883648373,1.7036507883715815,0.6721394634820395,5.298150506222177e-05,0.012847385696693251,0,0,0.8024691358024691,0.8061011549183591,0.006422426485057388,0.11455720385891341,0.0018011829150574549,0.0019125080711784818,1.7702284071896262,0.6594546097991598,0.0666306003231067,0.00016253201381354914,2,2,-1.8967382077659879e-07,2.942255897713559e-05
0.4,67,control,6,83,27,82,0,0.5907339207984296,0.8560122266711615,0.8902439024390244,0.8864566361114912,2.638577471559736,7.8779442065888095,0.10853639088647923,0.3450531282808226,2.6360237384321055,7.871830779500812,1.4812809132358444,1.7805761146784649,9.924532419227693e-07,1.9073486328125e-06,1.1839017451527607e-07,4.76837158203125e-07,0,0,83,0.0,0.0,0,83,2.6488097964833288e-18,2.42861286636753e-17,0,83,1.0327581899711884e-07,4.76837158203125e-07,0,0.9146341463414634,0.911688494753382,0.0025384049660649643,0.04117833963225046,0.04165168245693287,0.1595692833414279,0.5923638135959841,0.9306812278913216,0.0016298927975546237,0.07466900122016,2,0,0.8902439024390244,0.8864566361114912,3.024343266544572e-05,0.00013007115886872075,0.04414420933967613,0.15831524223448282,0.5907160404282905,0.9312914081973885,-1.7880370139119057e-05,0.07527918152622703,0,0,0.9146341463414634,0.911688494753382,0.0025105169491775065,0.04106341357376561,0.00019595888723810035,0.001496285020586956,0.5923633569900024,0.8554838628373106,0.0016294361915727732,-0.0005283638338510166,2,0,-2.3554157779877445e-06,1.0794858975582812e-05
0.4,67,control,7,121,30,116,0,0.9866427813777683,0.7505792223153984,0.8879310344827587,0.8882300783787778,2.4161371721003233,7.857924031466585,0.0990660935242278,0.35259981003992497,2.4138435529631135,7.851518380927216,1.2921151908205972,1.521904032315974,9.556447178864281e-07,1.9073486328125e-06,1.1138925867632401e-07,4.76837158203125e-07,0,0,121,0.0,0.0,0,121,2.4061213415090116e-18,2.42861286636753e-17,0,121,9.69806978525209e-08,4.76837158203125e-07,0,0.8879310344827587,0.8882300783787778,0.0019201247929787834,0.0417626953783853,0.008295607960913793,0.12937868749799808,0.9773863470081073,0.7801495700458448,-0.00925643436966112,0.02957034773044651,0,0,0.8879310344827587,0.8882300783787778,1.586536484316361e-05,0.00010543119562558892,0.010067258923014334,0.12878754950505644,0.9866203298784378,0.7808113465829195,-2.245149933046266e-05,0.03023212426752114,0,0,0.8879310344827587,0.8882300783787778,0.0019084607551166834,0.04166580778200272,0.00016235824951455613,0.0006423367202774553,0.9773961553723319,0.7505366594138174,-0.009246626005436482,-4.256290158089982e-05,0,0,-4.201326981063717e-06,1.4835583769585475e-05
0.4,67,delete,all,573,31,552,0,1.2645931300552509,0.6596493488231058,0.8170289855072463,0.8153633148103236,8.911323511699171,37.040625686177364,0.2797624949509293,1.0284355563524306,8.906224415172183,37.02699576684197,1.4250885883205455,2.0256985882219447,9.57523132910071e-07,1.9073486328125e-06,1.1073311638041524e-07,4.76837158203125e-07,0,0,573,0.0,0.0,0,573,1.6847195585359827e-17,2.7755575615628914e-16,0,573,1.0636256419343266e-07,4.76837158203125e-07,0,0.7916666666666666,0.7914059474436015,0.025459154310715864,0.20711733548890598,0.05012090588687394,0.3949693019191424,1.4007634458710305,0.9254199317360622,0.13617031581577949,0.2657705829129565,20,34,0.8170289855072463,0.8153633148103236,6.555037550225099e-05,0.00033222680934176605,0.07266753190318952,0.38819870872855394,1.2646200410179893,0.932022703775137,2.6910962738440375e-05,0.27237335495203124,0,0,0.7916666666666666,0.7914059474436015,0.025440881807717898,0.206823595321248,0.002414798191756686,0.009691321731497896,1.4005505255654704,0.6588448193992605,0.13595739551021963,-0.000804529423845407,20,34,-4.7277872504286114e-05,0.00010588014519482487
0.4,67,delete,1,64,30,60,0,1.922764628606056,0.6878830275992858,0.7666666666666667,0.7666666666666667,11.586588003355281,34.141137447688656,0.2506676287286765,0.7489361365608184,11.583527779855041,34.13457148176567,1.375137234298653,1.9795788819724887,8.624047040939331e-07,1.430511474609375e-06,9.903305908665061e-08,3.5762786865234375e-07,0,0,64,0.0,0.0,0,64,1.2020668070959403e-17,1.3877787807814457e-16,0,64,1.1170050129294395e-07,4.172325134277344e-07,0,0.6166666666666667,0.6183703703703703,0.03928140433708904,0.3482854624817264,0.05864133540308103,0.3375279330066405,2.256385593995752,0.9928621193125112,0.33362096538969627,0.30497909171322535,2,11,0.7666666666666667,0.7666666666666667,6.1449856730178e-05,0.0003118021704722196,0.06438300514128059,0.33908709045499563,1.9229404843299103,1.0415620947401458,0.0001758557238541597,0.35367906714086,0,0,0.6166666666666667,0.6183703703703703,0.03929190416238271,0.348031369241653,0.013176480191759765,0.014542504446581006,2.2560758534683982,0.6938011064514249,0.3333112248623425,0.005918078852139075,2,11,-7.194968202384189e-05,0.00010878848115680739
0.4,67,delete,2,56,24,54,0,1.2298172265378269,0.502114658275551,0.7962962962962963,0.7895481939894026,7.264201676912249,18.4198594673614,0.21940185815156027,0.6070025048886877,7.260424382181937,18.412039091535334,1.572695216214319,1.9271738065500903,1.0558537074497768e-06,1.9073486328125e-06,1.2559550149100168e-07,4.76837158203125e-07,0,0,56,0.0,0.0,0,56,8.845686072883409e-18,5.377642775528102e-17,0,56,1.2493027108056204e-07,4.76837158203125e-07,0,0.8148148148148148,0.8100048100048101,0.00356570867422436,0.086116081070421,0.04159100194062505,0.35398270056716036,1.2066164547666134,0.8092026158715194,-0.023200771771213595,0.3070879575959684,1,0,0.7962962962962963,0.7895481939894026,4.5954515891415735e-05,0.00023413702313389097,0.06507738672995142,0.34400844673759173,1.2296390343321437,0.7881633484963285,-0.0001781922056829485,0.28604869022077756,0,0,0.8148148148148148,0.8100048100048101,0.00350698283208268,0.0858947846240231,-0.004239838703402451,0.006881893346352237,1.206800616693921,0.503483681542099,-0.023016609843905796,0.0013690232665478652,1,0,1.2771326250263623e-05,4.081537814012596e-05
0.4,67,delete,3,86,28,80,0,0.8125667979829173,0.4512901195698318,0.85,0.8497171590194845,7.027288997168795,19.213099431122806,0.2662526731684242,0.8378571969375274,7.021815451469401,19.201115878553168,1.588243079962423,1.865591477548354,9.765458661456442e-07,1.9073486328125e-06,1.252845449503078e-07,4.76837158203125e-07,0,0,86,0.0,0.0,0,86,1.47843691411048e-17,1.1102230246251565e-16,0,86,1.085532266040181e-07,3.5762786865234375e-07,0,0.85,0.8497171590194845,-2.1453914340845373e-05,0.0987108357922109,0.03703515279258406,0.42769272629778055,0.8046553846805442,0.6180489963792659,-0.007911413302373072,0.16675887680943405,1,1,0.85,0.8497171590194845,3.086325041083402e-05,0.0002520673496778621,0.06710152761187664,0.4147832994890768,0.8125522552109655,0.6112022502005434,-1.4542771951603232e-05,0.1599121306307117,0,0,0.85,0.8497171590194845,-4.1879193727360214e-05,0.09847678348075511,-0.0031176706299532292,0.005944810764387597,0.804584720360728,0.44887811398594984,-0.007982077622189361,-0.0024120055838817915,1,1,-1.0437971024319183e-05,3.643033939392068e-05
0.4,67,delete,4,79,26,79,0,1.91503177504373,0.6300703381646868,0.6708860759493671,0.6623783690691466,11.943549848126853,37.040625686177364,0.2736190779810041,1.0220527896409637,11.940171179228713,37.02699576684197,1.509827911601263,2.0256985882219447,9.144408793389043e-07,1.9073486328125e-06,8.292307582082628e-08,2.384185791015625e-07,0,0,79,0.0,0.0,0,79,1.6166974762289513e-17,1.1102230246251565e-16,0,79,1.2552813638614702e-07,4.76837158203125e-07,0,0.6582278481012658,0.6536594651184924,0.012969333442706095,0.3293224489198455,0.050472858114333094,0.41549833222657817,2.298986772283621,1.038192140997081,0.38395499723989096,0.40812180283239424,8,9,0.6708860759493671,0.6623783690691466,5.706616594821592e-05,0.0003980666021757488,0.08918084694614893,0.40441185707532906,1.9154011035185778,1.057443138411475,0.0003693284748473717,0.42737280024678853,0,0,0.6582278481012658,0.6536594651184924,0.012968108296700859,0.32895357109594475,0.0037950837536703183,0.01739586946330493,2.298391827243648,0.627331674903044,0.38336005219991776,-0.0027386632616429145,8,9,-5.584101994297927e-05,0.000171096497392164
0.4,67,delete,5,84,29,81,0,1.7035978068665198,0.6592920777853463,0.8024691358024691,0.8051803437424352,10.3616508538031,27.678624138659835,0.2994715284688499,1.019131126093901,10.356723331164948,27.663226439898576,1.254029550278827,1.4948604408252129,9.678658984956287e-07,1.9073486328125e-06,1.0057175088496436e-07,3.5762786865234375e-07,0,0,84,0.0,0.0,0,84,2.4655919047505176e-17,2.7755575615628914e-16,0,84,8.621386119297572e-08,3.5762786865234375e-07,0,0.7407407407407407,0.7470434436306339,0.08195135951973498,0.35295848043945927,0.040518708660134246,0.36327836462961777,2.0102499081458056,0.9448566178724863,0.30665210127928616,0.28556454008713994,7,12,0.8024691358024691,0.8051803437424352,8.133053779602051e-05,0.0003820925596214476,0.053455106914043427,0.3596930175664879,1.7035645208447079,0.9331508073002248,-3.328602181164518e-05,0.2738587295148785,0,0,0.7407407407407407,0.7470434436306339,0.08202395687944122,0.35265495430766824,0.01134579602096762,0.013611336637820517,2.0098049346034688,0.6606797625442946,0.30620712773694864,0.0013876847589481235,7,12,-0.00015392789750226906,0.00019686175732030754
0.4,67,delete,6,83,27,82,0,0.5907339207984296,0.8560122266711615,0.8902439024390244,0.8864566361114912,7.877593117253448,22.24211779809239,0.3109164579389208,1.0284355563524306,7.870924933740371,22.21832857013885,1.4812809132358444,1.7805761146784649,9.809631899178745e-07,1.9073486328125e-06,1.28696436982557e-07,3.5762786865234375e-07,0,0,83,0.0,0.0,0,83,1.8596516510022077e-17,1.5265566588595902e-16,0,83,1.0327581899711884e-07,4.76837158203125e-07,0,0.9024390243902439,0.899679724069968,0.010082319642540562,0.13994531369913954,0.04683908380298729,0.45440626386777466,0.5674474460452118,1.1394991730930824,-0.023286474753217764,0.28348694642192074,1,0,0.8902439024390244,0.8864566361114912,7.788833589797996e-05,0.0004088424078850861,0.07564487680792809,0.4463595306747649,0.5905579611540742,1.151091791817461,-0.00017595964435538093,0.29507956514629974,0,0,0.9024390243902439,0.899679724069968,0.01000099089445479,0.1395906517057713,-0.003493092325796564,0.007998785161110291,0.5674454014803911,0.8519288769413395,-0.02328851931803852,-0.004083349729822093,1,0,3.4404121877917323e-06,9.214838248599006e-05
0.4,67,delete,7,121,30,116,0,0.9866427813777683,0.7505792223153984,0.8879310344827587,0.8882300783787778,7.320208709684022,22.094191292393862,0.30164765172282826,0.9312527224536639,7.313519547743848,22.075878709506323,1.2921151908205972,1.521904032315974,9.5367431640625e-07,1.9073486328125e-06,1.125899720783076e-07,4.76837158203125e-07,0,0,121,0.0,0.0,0,121,1.8392620422397995e-17,1.6653345369377348e-16,0,121,9.69806978525209e-08,4.76837158203125e-07,0,0.8793103448275862,0.8799316557937248,0.025875428275874822,0.13054449883990052,0.06754994284638688,0.38888880841372425,1.0237917901033782,0.9280274269798098,0.037149008725609736,0.17744820466441136,0,1,0.8879310344827587,0.8882300783787778,8.756328712810169e-05,0.0003152413309113053,0.08503204756531833,0.3850401513093759,0.9866726853780103,0.9357454520509781,2.990400024194675e-05,0.1851662297355798,0,0,0.8793103448275862,0.8799316557937248,0.025831229784641384,0.1302514776802999,0.0006859789579367835,0.0044978692635031774,1.0236110649532473,0.7483455171615159,0.036968283575478905,-0.00223370515388251,0,1,-4.336479589466221e-05,8.749473870785769e-05
0.4,68,control,all,573,31,552,0,1.2645931300552509,0.64409839011845,0.8170289855072463,0.8153633148103236,3.401001197269576,15.689380245277874,0.11869073809843454,0.5350334243400903,3.398587315590387,15.68285238631533,1.3305330268741573,1.8199067360123424,9.587193866882857e-07,1.9073486328125e-06,1.0812687598181853e-07,5.960464477539062e-07,0,0,573,0.0,0.0,0,573,3.218873208595737e-18,6.938893903907228e-17,0,573,1.1256487997830642e-07,5.960464477539062e-07,0,0.8260869565217391,0.825144285996569,0.0068693934601729975,0.06858564901326573,0.03496094207307015,0.157518825404359,1.2560168117791877,0.7103772603328025,-0.00857631827606318,0.06627887021435239,11,6,0.8170289855072463,0.8153633148103236,3.110968311159607e-05,0.00014327917846137524,0.0355307739585586,0.15648711911592808,1.2645727901368675,0.7105911651467774,-2.0339918383559243e-05,0.06649277502832741,0,0,0.8260869565217391,0.825144285996569,0.006838462359384092,0.06845380771534605,-0.0006011580076413212,0.0012463093857178512,1.2559977890351757,0.6438615377693612,-0.008595341020075115,-0.00023685234908885978,11,6,-1.7858232269112352e-07,2.0356496948794337e-05
0.4,68,control,1,64,30,60,0,1.922764628606056,0.6645431719254797,0.7666666666666667,0.7666666666666667,4.277082587316979,10.90261697276312,0.11177681270449591,0.38221694691452046,4.275385714735038,10.899307736849803,1.192358758551269,1.5916858035302752,8.698552846908569e-07,1.9073486328125e-06,8.413917385041714e-08,4.76837158203125e-07,0,0,64,0.0,0.0,0,64,2.0882075302227677e-18,1.3877787807814457e-17,0,64,1.0005896911025047e-07,4.76837158203125e-07,0,0.75,0.7487163998791907,-0.00795493318582885,0.11115794067154638,0.03132652823114768,0.13653375796275213,1.8593738124573003,0.7423634153119278,-0.0633908161487558,0.07782024338644801,1,2,0.7666666666666667,0.7666666666666667,2.395350020378828e-05,0.00013680208940058947,0.029295374231878668,0.13313557679066435,1.9226726209113956,0.741108786611191,-9.200769466050779e-05,0.07656561468571121,0,0,0.75,0.7487163998791907,-0.007974777545314282,0.11103410948999226,0.00031985988607630134,0.001983584079425782,1.8594041553371463,0.6650054739325689,-0.06336047326890995,0.0004623020070891881,1,2,-4.109140718355775e-06,2.3073196643963456e-05
0.4,68,control,2,56,24,54,0,1.2298172265378269,0.45638862278745557,0.7962962962962963,0.7895481939894026,2.9623271955179242,6.564556383700726,0.10985685039020512,0.29948419669720866,2.960042304578575,6.5601387223804934,1.521612272457904,1.8199067360123424,1.0510640484946116e-06,1.9073486328125e-06,1.4076275484902518e-07,5.960464477539062e-07,0,0,56,0.0,0.0,0,56,1.7627360655895742e-18,8.673617379884035e-18,0,56,1.4814681240490506e-07,5.960464477539062e-07,0,0.7962962962962963,0.7895481939894026,0.005911187534885747,0.027695633870150362,0.05816954766799297,0.16874892098296965,1.2323731492061225,0.5654686694840108,0.002555922668295574,0.1090800466965552,0,0,0.7962962962962963,0.7895481939894026,4.0070685957159314e-05,0.00014107794101749147,0.05844310118949839,0.1687894381715783,1.2298263764668196,0.5658619481566992,9.149928992773543e-06,0.10947332536924366,0,0,0.7962962962962963,0.7895481939894026,0.005869578703173569,0.027586042747965882,-0.001046995898442609,0.0012013123237660953,1.2323556770163815,0.45655601024391235,0.002538450478554777,0.00016738745645675433,0,0,1.5381457550185068e-06,6.714968809059688e-06
0.4,68,control,3,86,28,80,0,0.8125667979829173,0.4863208474014171,0.85,0.8497171590194845,2.8397345819972215,7.880437975176985,0.11627304354996373,0.39263455121337654,2.83699497320382,7.871704801189534,1.4669763727296103,1.736457685862716,9.654566299083622e-07,1.9073486328125e-06,1.0266206985296205e-07,3.5762786865234375e-07,0,0,86,0.0,0.0,0,86,2.9645882300341797e-18,2.7755575615628914e-17,0,86,1.0292197382727334e-07,5.960464477539062e-07,0,0.8375,0.8369626830420407,0.006026672589224439,0.03103802318489829,0.03041937002955481,0.1695316868812539,0.8060456845114506,0.6390817766233926,-0.0065211134714666195,0.15276092922197548,0,1,0.85,0.8497171590194845,3.456702282608942e-05,0.00016089514720925066,0.03277750668484111,0.16885218015590378,0.8125498805154115,0.6391733760732561,-1.691746750578991e-05,0.152852528671839,0,0,0.8375,0.8369626830420407,0.00599046909185343,0.030888472098943798,-0.0016017941281545995,0.0016120615480251092,0.8060451056758668,0.4858587205928377,-0.006521692307050559,-0.0004621268085793059,0,1,1.6364745449188144e-06,9.393568562213765e-06
0.4,68,control,4,79,26,79,0,1.91503177504373,0.6167033484497237,0.6708860759493671,0.6623783690691466,5.366722987248183,15.689380245277874,0.15234020454939376,0.5350334243400903,5.364373108252508,15.68285238631533,1.3279263076438317,1.779854945306564,9.144408793389043e-07,1.9073486328125e-06,1.094716636440422e-07,3.5762786865234375e-07,0,0,79,0.0,0.0,0,79,6.0272117030505455e-18,6.938893903907228e-17,0,79,1.2656555900090859e-07,4.76837158203125e-07,0,0.7341772151898734,0.7336540278161288,0.03304761379391332,0.12481916643962075,0.06261696355252326,0.20191628287864638,1.8509433338448413,0.6573075814122011,-0.06408844119888885,0.0406042329624775,6,1,0.6708860759493671,0.6623783690691466,5.203598662267757e-05,0.00017294646063937416,0.062122133242178565,0.19929383685694466,1.9149458396587955,0.6570217696986642,-8.593538493440053e-05,0.040318421248940445,0,0,0.7341772151898734,0.7336540278161288,0.0329864911051302,0.12464670472648702,-2.8572599344615696e-05,0.0018219082981725282,1.850950486662035,0.6160607942209593,-0.06408128838169508,-0.0006425542287645261,6,1,9.086702160442932e-06,4.359816872998129e-05
0.4,68,control,5,84,29,81,0,1.7035978068665198,0.6353377719083929,0.8024691358024691,0.8051803437424352,3.9238959463120504,12.469507069007804,0.12596796662920154,0.3984100594270117,3.9216931913983073,12.463168491097706,1.1830779710151063,1.433020989762221,9.707042149135044e-07,1.9073486328125e-06,9.413564666396095e-08,3.5762786865234375e-07,0,0,84,0.0,0.0,0,84,3.68128585857169e-18,2.949029909160572e-17,0,84,9.166875055858067e-08,4.76837158203125e-07,0,0.8024691358024691,0.8061011549183591,0.006454447977289203,0.11468381800001398,0.031627705631156765,0.14810214400114047,1.7703620956963046,0.6426646457711691,0.06676428882978483,0.007326873862776208,2,2,0.8024691358024691,0.8051803437424352,3.5007706000691365e-05,0.00015398159268356504,0.0321053805361901,0.1481738548637146,1.703648561270686,0.6442294579031902,5.075440416598317e-05,0.008891685994797347,0,0,0.8024691358024691,0.8061011549183591,0.006422987241031868,0.11453937469715518,-0.0003489299810358456,0.000802430146861644,1.7702242759985385,0.635079610526519,0.06662646913201836,-0.00025816138187401995,2,2,-3.5469697433568183e-06,3.354540205604973e-05
0.4,68,control,6,83,27,82,0,0.5907339207984296,0.8103739012469735,0.8902439024390244,0.8864566361114912,2.638577471559736,7.8779442065888095,0.11599224006310602,0.3683275531082934,2.6356441333239045,7.8697230764764745,1.3683292615377844,1.6850853732064572,9.924532419227693e-07,1.9073486328125e-06,1.1839017451527607e-07,4.76837158203125e-07,0,0,83,0.0,0.0,0,83,3.7433141347550164e-18,2.7755575615628914e-17,0,83,1.3720737882407315e-07,4.76837158203125e-07,0,0.9146341463414634,0.911688494753382,0.0025384049660649643,0.04117833963225046,0.046492305505706606,0.15642586655645485,0.5923638135959841,0.8891279150550554,0.0016298927975546237,0.07875401380808193,2,0,0.8902439024390244,0.8864566361114912,3.356816449079169e-05,0.00014959960188492234,0.04824061458369335,0.15580937643367124,0.5907332637614536,0.8893792578485653,-6.570369760436713e-07,0.07900535660159166,0,0,0.9146341463414634,0.911688494753382,0.0025083435452487096,0.041043613173336865,-0.0009342881749911481,0.001169573919600751,0.5923445997104408,0.8099119090213734,0.001610678912011105,-0.0004619922256002394,2,0,-3.5067436745367856e-06,1.2028053492666726e-05
0.4,68,control,7,121,30,116,0,0.9866427813777683,0.7422089885180972,0.8879310344827587,0.8882300783787778,2.4161371721003233,7.857924031466585,0.10298405180722349,0.3777991167143732,2.4136838234961218,7.851493854687905,1.2963483633260666,1.5210968285035371,9.556447178864281e-07,1.9073486328125e-06,1.1138925867632401e-07,4.76837158203125e-07,0,0,121,0.0,0.0,0,121,2.1572599114831673e-18,3.469446951953614e-17,0,121,9.802747363886558e-08,4.470348358154297e-07,0,0.8879310344827587,0.8882300783787778,0.0019201247929787834,0.0417626953783853,0.005717626103192322,0.1331830448971307,0.9773863470081073,0.7702387370587132,-0.00925643436966112,0.028029748540616045,0,0,0.8879310344827587,0.8882300783787778,1.023515812621629e-05,0.0001040685706394763,0.006479989952784924,0.13264422432696524,0.98662423827806,0.7705960593009807,-1.8543099708410374e-05,0.028387070782883564,0,0,0.8879310344827587,0.8882300783787778,0.001911501700351061,0.04166615518841369,-0.0004912002766427915,0.0006021949624227098,0.9773928989123297,0.7420094693310663,-0.009249882465438647,-0.00019951918703097122,0,0,-1.6120654984939197e-06,1.4407483260493633e-05
0.4,68,delete,all,573,31,552,0,1.2645931300552509,0.64409839011845,0.8170289855072463,0.8153633148103236,8.911323511699171,37.040625686177364,0.3072636400676051,1.3222998953306735,8.905367238477835,37.01919791654536,1.3305330268741573,1.8199067360123424,9.57523132910071e-07,1.9073486328125e-06,1.1073311638041524e-07,4.76837158203125e-07,0,0,573,0.0,0.0,0,573,2.0508527282080096e-17,3.3306690738754696e-16,0,573,1.1256487997830642e-07,5.960464477539062e-07,0,0.7916666666666666,0.7914059474436015,0.025459154310715864,0.20711733548890598,0.04745155739326544,0.400387092189535,1.4007634458710305,0.9210009005743449,0.13617031581577949,0.27690251045589487,20,34,0.8170289855072463,0.8153633148103236,4.8773503012266045e-05,0.00039409743345636763,0.05417343429948023,0.39068505085393607,1.264618781317404,0.915635328904066,2.5651262152700757e-05,0.2715369387856161,0,0,0.7916666666666666,0.7914059474436015,0.025460243645655627,0.20676556038979058,-0.0036878606619843222,0.007426245700418429,1.4005156112077641,0.6414208173381929,0.1359224811525132,-0.002677572780257057,20,34,-4.986283795202694e-05,0.00012204806031057868
0.4,68,delete,1,64,30,60,0,1.922764628606056,0.6645431719254797,0.7666666666666667,0.7666666666666667,11.586588003355281,34.141137447688656,0.2956164948052973,0.8715916881858607,11.58234617811491,34.13325961856765,1.192358758551269,1.5916858035302752,8.624047040939331e-07,1.430511474609375e-06,9.903305908665061e-08,3.5762786865234375e-07,0,0,64,0.0,0.0,0,64,1.2304847624763221e-17,8.326672684688674e-17,0,64,1.0005896911025047e-07,4.76837158203125e-07,0,0.6166666666666667,0.6183703703703703,0.03928140433708904,0.3482854624817264,0.05751382443122566,0.34768768725916743,2.256385593995752,1.0153506757113946,0.33362096538969627,0.3508075037859148,2,11,0.7666666666666667,0.7666666666666667,8.260886534117162e-05,0.0003857492411043495,0.04135325085371733,0.33393147960305214,1.9229807883185348,1.0167730353597486,0.00021615971247859744,0.35222986343426904,0,0,0.6166666666666667,0.6183703703703703,0.03929386805248214,0.34796437307522865,0.003904839977622032,0.01169117190875113,2.2559949958371357,0.658955338139693,0.33323036723107935,-0.005587833785786764,2,11,-9.507258073426783e-05,0.00014374192687682807
0.4,68,delete,2,56,24,54,0,1.2298172265378269,0.45638862278745557,0.7962962962962963,0.7895481939894026,7.264201676912249,18.4198594673614,0.24415584370659962,0.6544907494244411,7.25965294604607,18.41155314021017,1.521612272457904,1.8199067360123424,1.0558537074497768e-06,1.9073486328125e-06,1.2559550149100168e-07,4.76837158203125e-07,0,0,56,0.0,0.0,0,56,1.0729971366403976e-17,7.632783294297951e-17,0,56,1.4814681240490506e-07,5.960464477539062e-07,0,0.8148148148148148,0.8100048100048101,0.00356570867422436,0.086116081070421,0.046703226930860965,0.3713064077310264,1.2066164547666134,0.7883928863184309,-0.023200771771213595,0.3320042635309752,1,0,0.7962962962962963,0.7895481939894026,3.1533917146069666e-05,0.0003344734598483358,0.06089622573927045,0.3630011530726084,1.2296522447174971,0.7691002083530322,-0.00016498182032981257,0.3127115855655765,0,0,0.8148148148148148,0.8100048100048101,0.0035257245347435984,0.08579139534517058,-0.009750457280980689,0.010320996133876699,1.20674796436195,0.45906616490338825,-0.02306926217587672,0.0026775421159326344,1,0,8.450222334691457e-06,5.155356068696294e-05
0.4,68,delete,3,86,28,80,0,0.8125667979829173,0.4863208474014171,0.85,0.8497171590194845,7.027288997168795,19.213099431122806,0.28024484413810613,0.8514091076478072,7.021271006952534,19.199269895694044,1.4669763727296103,1.736457685862716,9.765458661456442e-07,1.9073486328125e-06,1.252845449503078e-07,4.76837158203125e-07,0,0,86,0.0,0.0,0,86,1.5853226228336557e-17,1.1102230246251565e-16,0,86,1.0292197382727334e-07,5.960464477539062e-07,0,0.85,0.8497171590194845,-2.1453914340845373e-05,0.0987108357922109,0.031630011578631954,0.41173852209088413,0.8046553846805442,0.6469759202002076,-0.007911413302373072,0.16065507279879052,1,1,0.85,0.8497171590194845,2.0372432245071544e-05,0.00038252488255154256,0.04734827967923741,0.4029021497902482,0.8125400434606438,0.6427859233390999,-2.6754522273390837e-05,0.15646507593768277,0,0,0.85,0.8497171590194845,-3.212227940905926e-05,0.09834208975134548,-0.007252684166265088,0.007353314133577569,0.8045518366822181,0.4825733231054076,-0.008014961300699163,-0.003747524296009534,1,1,-9.70406717685766e-06,5.667869997925537e-05
0.4,68,delete,4,79,26,79,0,1.91503177504373,0.6167033484497237,0.6708860759493671,0.6623783690691466,11.943549848126853,37.040625686177364,0.3478172675532174,1.3222998953306735,11.938152143709244,37.01919791654536,1.3279263076438317,1.779854945306564,9.144408793389043e-07,1.9073486328125e-06,8.292307582082628e-08,2.384185791015625e-07,0,0,79,0.0,0.0,0,79,3.453286849952327e-17,3.3306690738754696e-16,0,79,1.2656555900090859e-07,4.76837158203125e-07,0,0.6582278481012658,0.6536594651184924,0.012969333442706095,0.3293224489198455,0.05056672316940525,0.45227999862613555,2.298986772283621,1.0336913213259014,0.38395499723989096,0.41698797287617767,8,9,0.6708860759493671,0.6623783690691466,2.0375263087357147e-05,0.00045607635114766376,0.06527471146251582,0.43608556291725065,1.9154052978035168,1.0194302397430737,0.00037352275978647944,0.40272689129335015,0,0,0.6582278481012658,0.6536594651184924,0.013028430979392385,0.32891709725018825,-0.0006740034758290158,0.006996889091745208,2.298359278839273,0.6136809132929122,0.3833275037955426,-0.003022435156811593,8,9,-7.94727997736463e-05,0.00020944260803487481
0.4,68,delete,5,84,29,81,0,1.7035978068665198,0.6353377719083929,0.8024691358024691,0.8051803437424352,10.3616508538031,27.678624138659835,0.32913286690460114,0.9781785144652145,10.35574034103064,27.661339007825447,1.1830779710151063,1.433020989762221,9.678658984956287e-07,1.9073486328125e-06,1.0057175088496436e-07,3.5762786865234375e-07,0,0,84,0.0,0.0,0,84,2.5256747751424228e-17,2.498001805406602e-16,0,84,9.166875055858067e-08,4.76837158203125e-07,0,0.7407407407407407,0.7470434436306339,0.08195135951973498,0.35295848043945927,0.0355358011577101,0.37518148838231963,2.0102499081458056,0.9428827621431101,0.30665210127928616,0.3075449902347172,7,12,0.8024691358024691,0.8051803437424352,6.40793393055598e-05,0.00043340124899432774,0.031123355962336063,0.3640147074613543,1.7035592331051828,0.9324262404127746,-3.857376133741581e-05,0.29708846850438164,0,0,0.7407407407407407,0.7470434436306339,0.0820458455099946,0.3526017774073851,-0.0008164186119323685,0.007212550113243716,2.009738364945362,0.6354681972132346,0.30614055807884244,0.00013042530484166166,7,12,-0.00015856532956517877,0.00020572389032514322
0.4,68,delete,6,83,27,82,0,0.5907339207984296,0.8103739012469735,0.8902439024390244,0.8864566361114912,7.877593117253448,22.24211779809239,0.3255349962694,1.146330683666363,7.870340092900442,22.212557937074767,1.3683292615377844,1.6850853732064572,9.809631899178745e-07,1.9073486328125e-06,1.28696436982557e-07,3.5762786865234375e-07,0,0,83,0.0,0.0,0,83,2.087795382997849e-17,2.7755575615628914e-16,0,83,1.3720737882407315e-07,4.76837158203125e-07,0,0.9024390243902439,0.899679724069968,0.010082319642540562,0.13994531369913954,0.04493245599140604,0.4363376640950341,0.5674474460452118,1.1035935983066516,-0.023286474753217764,0.2932196970596781,1,0,0.8902439024390244,0.8864566361114912,5.5959594088146486e-05,0.0004683275067483086,0.0583824092544705,0.427297635340547,0.5905274354001367,1.1032269058471844,-0.00020648539829289052,0.2928530046002107,0,0,0.9024390243902439,0.899679724069968,0.010032334331288395,0.13954404781920365,-0.006919946117573474,0.007229771779244204,0.567443956262541,0.8051349149170681,-0.02328996453588862,-0.005238986329905591,1,0,-5.974282835980496e-06,0.00010489537212324429
0.4,68,delete,7,121,30,116,0,0.9866427813777683,0.7422089885180972,0.8879310344827587,0.8882300783787778,7.320208709684022,22.094191292393862,0.30764212066695146,0.9553283654564773,7.313231115385173,22.075685988265022,1.2963483633260666,1.5210968285035371,9.5367431640625e-07,1.9073486328125e-06,1.125899720783076e-07,4.76837158203125e-07,0,0,121,0.0,0.0,0,121,1.997592100844044e-17,2.220446049250313e-16,0,121,9.802747363886558e-08,4.470348358154297e-07,0,0.8793103448275862,0.8799316557937248,0.025875428275874822,0.13054449883990052,0.06168697226392336,0.39260933117186725,1.0237917901033782,0.9132157599033125,0.037149008725609736,0.1710067713852153,0,1,0.8879310344827587,0.8882300783787778,6.202780757068603e-05,0.00031566367415357226,0.06856053744342701,0.3885914988446334,0.9866698392988954,0.915782990118854,2.7057921127019683e-05,0.17357400160075684,0,0,0.8793103448275862,0.8799316557937248,0.025830191536998944,0.1302483670629007,-0.004108400876857032,0.004445979171548008,1.0236046898845315,0.7393855951902562,0.036961908506763244,-0.002823393327841057,0,1,-1.6791068694808267e-05,8.627767713109324e-05
0.5,66,control,all,523,31,505,0,1.5309113806431667,0.6902675592155635,0.7782178217821782,0.7740649536651778,1.9229395970762484,9.404476830298131,0.08617464561100531,0.47134305040519875,1.9206290501706385,9.395736738057023,1.5190201146909914,2.218959748211502,1.0015403791321851e-06,1.9073486328125e-06,9.180561249388336e-08,4.172325134277344e-07,0,0,523,0.0,0.0,0,523,2.0735404776233465e-18,4.163336342344337e-17,0,523,1.008321404685026e-07,5.960464477539062e-07,0,0.7742574257425743,0.7712481019002625,0.012809513394950567,0.030422745229779648,0.044596645646295854,0.1262927175166502,1.5265739000023524,0.72712014752831,-0.0043374806408140254,0.03685258831274663,4,6,0.7782178217821782,0.7740649536651778,4.415395251167208e-05,0.00011216956733888012,0.04466145985312831,0.1252238015122498,1.5308948840341121,0.7267951730642742,-1.6496609054617666e-05,0.036527613848710845,0,0,0.7742574257425743,0.7712481019002625,0.01276321721175974,0.03032132541319181,-0.0006295892215880563,0.0008002514514651854,1.5265720753158223,0.6902097865160632,-0.004339305327344273,-5.777269950012947e-05,4,6,2.142230679154624e-06,9.909284659029193e-06
0.5,66,control,1,77,28,75,0,1.772372873136202,0.6298204032224686,0.7066666666666667,0.7017777777777777,2.234208109398875,8.293365461605596,0.09931737182961409,0.4607135891584482,2.231617377596215,8.286843425961186,1.3623651114407218,1.6547739283055862,9.629633519556616e-07,1.430511474609375e-06,7.509846578944813e-08,2.384185791015625e-07,0,0,77,0.0,0.0,0,77,2.936685228986432e-18,4.163336342344337e-17,0,77,1.1466153256304852e-07,4.76837158203125e-07,0,0.6933333333333334,0.6913191023535852,0.01457540447787418,0.042128395035185597,0.04857659339904785,0.13774000088889876,1.7772952724882582,0.6652342432249321,0.004922399352055722,0.035413840002463545,1,2,0.7066666666666667,0.7017777777777777,4.627317940066387e-05,0.0001051499048707547,0.045065085028673145,0.1354355090237283,1.7723867276342555,0.6634832501794339,1.3854498053248007e-05,0.033662846956965156,0,0,0.6933333333333334,0.6913191023535852,0.014525572503251689,0.042031304898683904,-0.0014905139029800117,0.0015046115625988352,1.7772628474818333,0.6301330968115705,0.004889974345630907,0.0003126935891018949,1,2,3.5587952218272467e-06,6.915439017020263e-06
0.5,66,control,2,101,29,93,0,1.015526873269968,0.6460253066097169,0.8924731182795699,0.8924731182795699,1.658139229442444,4.5572911850253774,0.07714702904462221,0.3467070891559246,1.6559410480273826,4.555738777481529,1.720698674224975,2.218959748211502,1.0776047659392404e-06,1.9073486328125e-06,1.0607856335026203e-07,4.172325134277344e-07,0,0,101,0.0,0.0,0,101,1.6951781494059234e-18,3.122502256758253e-17,0,101,1.1456189769329411e-07,5.960464477539062e-07,0,0.8924731182795699,0.8924731182795699,0.002564738901092274,0.011097302217737283,0.044434435960679954,0.13063843489283383,1.0154092147978404,0.6748510296668178,-0.00011765847212743574,0.028825723057100874,0,0,0.8924731182795699,0.8924731182795699,3.501291543540388e-05,9.880511846282695e-05,0.045734798222190086,0.12977168181597595,1.0154930701731537,0.6751465874767906,-3.3803096814135384e-05,0.029121280867073798,0,0,0.8924731182795699,0.8924731182795699,0.002529640433074224,0.011020280955599086,-0.0005731775176407087,0.0006942928279980575,1.0154397498945091,0.645815434578316,-8.712337545879306e-05,-0.00020987203140073772,0,0,8.55525826463605e-08,2.468705619915877e-06
0.5,66,control,3,59,23,58,0,1.0944609813696937,0.6189358465756601,0.7931034482758621,0.7977297065752837,1.5844566380589504,4.273735684763345,0.06179847460224319,0.2718566542962931,1.5827370951176107,4.265080381743637,1.730074438498546,1.9932116064035508,1.0668221166578389e-06,1.9073486328125e-06,9.812035803067482e-08,3.5762786865234375e-07,0,0,59,0.0,0.0,0,59,1.3118458661827555e-18,1.5612511283791264e-17,0,59,1.0639176530353093e-07,3.5762786865234375e-07,0,0.7931034482758621,0.7977297065752837,0.005243962093935174,0.012806194313501908,0.02953746390797324,0.10663553245239339,1.1006049735872436,0.6742881780864319,0.006143992217549623,0.05535233151077187,0,0,0.7931034482758621,0.7977297065752837,2.1034693818981365e-05,6.292855082932165e-05,0.030327986168154214,0.10595901758741524,1.0944850762119236,0.6737005953431506,2.4094842229398203e-05,0.05476474876749036,0,0,0.7931034482758621,0.7977297065752837,0.0052225273418224465,0.012756383330640147,-0.0002968529144586143,0.000658280326653335,1.1005788063003135,0.6188890025486161,0.006117824930619501,-4.684402704412351e-05,0,0,4.000582937466896e-07,1.6388751692691093e-06
0.5,66,control,4,95,30,93,0,2.2301299497920604,0.7784156992723699,0.6559139784946236,0.6080455407969639,2.9401249253032264,9.404476830298131,0.11977236571221896,0.47134305040519875,2.9373879483496976,9.395736738057023,1.2055133055800706,1.7206323292691597,9.586936549136513e-07,1.9073486328125e-06,8.196618996168438e-08,2.980232238769531e-07,0,0,95,0.0,0.0,0,95,3.3974669837095726e-18,2.7755575615628914e-17,0,95,8.348571626763595e-08,4.76837158203125e-07,0,0.6344086021505376,0.604679191775966,0.04189231683941264,0.06227934319329889,0.09989927677731765,0.14072792294778322,2.209241772374039,0.8392281764457992,-0.020888177418022076,0.06081247717342942,2,4,0.6559139784946236,0.6080455407969639,0.00011186359548255017,0.00015595691572678716,0.09843544861988017,0.13897485368345913,2.230056419107227,0.8385091507679524,-7.353068483410523e-05,0.06009345149558277,0,0,0.6344086021505376,0.604679191775966,0.041777847721976666,0.062127588939313826,-0.0005086311384251243,0.0008823084988092121,2.209269196769721,0.7783317339564848,-0.02086075302234013,-8.396531588474047e-05,2,4,2.605521953419635e-06,3.0396109152781335e-05
0.5,66,control,5,64,25,64,0,2.0517725642121176,0.7851661315851187,0.703125,0.647348484848485,1.884466412492349,6.850746149949801,0.08699089491959815,0.3960645338419507,1.8821668902913375,6.8408515477204,1.521757885858074,1.7490920397095955,9.5367431640625e-07,1.9073486328125e-06,8.857750799506903e-08,3.5762786865234375e-07,0,0,64,0.0,0.0,0,64,1.9093446249338985e-18,1.734723475976807e-17,0,64,9.045470505952835e-08,3.5762786865234375e-07,0,0.703125,0.647348484848485,0.014583854026568588,0.043779606487078127,0.025953585805837065,0.13228327251272276,2.0260797110094164,0.7797012873369935,-0.025692853202701114,-0.005464844248125263,0,0,0.703125,0.647348484848485,3.3436750527471304e-05,0.00013421446783468127,0.027306204079650342,0.13111877196934074,2.051707463456567,0.7805292458630426,-6.510075555058847e-05,-0.004636885722076097,0,0,0.703125,0.647348484848485,0.014543209959811065,0.04365451241756091,-0.0006229724967852235,0.0006905371556058526,2.0261147512797217,0.7848265356333723,-0.025657812932395607,-0.00033959595174647573,0,0,7.2073162300512195e-06,1.3714117812924087e-05
0.5,66,control,6,74,26,71,0,0.9101015508172718,0.642958271383808,0.8873239436619719,0.887639942217407,1.4944636710245869,5.147117373128922,0.07633307858824108,0.3343156842093468,1.4921873382962805,5.136904395206998,1.578487202354512,1.8269880667715226,9.762274252401816e-07,1.9073486328125e-06,9.466768116564364e-08,3.5762786865234375e-07,0,0,74,0.0,0.0,0,74,1.4038311997710325e-18,1.5612511283791264e-17,0,74,1.0576803941984434e-07,5.960464477539062e-07,0,0.9014084507042254,0.9015669261702423,0.0005831895459040597,0.015947437184434886,0.026095962151885033,0.1177512744089236,0.9218329018450648,0.6663603007422229,0.011731351027793048,0.023402029358414834,1,0,0.8873239436619719,0.887639942217407,2.190099425009779e-05,0.00011398873568789379,0.028027894227085886,0.11766640046561086,0.9101709752030203,0.6659086162427009,6.942438574844406e-05,0.02295034485889291,0,0,0.9014084507042254,0.9015669261702423,0.0005608807708061224,0.015845002700901917,-0.0005352469412861643,0.0006548637977323017,0.9217535519435937,0.64304252004754,0.01165200112632174,8.424866373199914e-05,1,0,4.07780847839407e-07,5.005292493749309e-06
0.5,66,control,7,53,25,51,0,1.6326268800662338,0.7352633126667864,0.8235294117647058,0.8278388278388278,1.173591529601193,3.901367826915832,0.06395287274700717,0.2583646787153494,1.1715192753931898,3.893237574060165,1.6029457874539412,1.827760177055901,1.0099051133641656e-06,1.9073486328125e-06,9.938793362311597e-08,2.980232238769531e-07,0,0,53,0.0,0.0,0,53,1.1487562214912993e-18,1.3877787807814457e-17,0,53,8.511936889504486e-08,3.5762786865234375e-07,0,0.8235294117647058,0.8278388278388278,0.0009876261201669585,0.016835350543260574,0.005103728189220968,0.102080309939272,1.6281449993723411,0.7958419343150049,-0.004481880693892437,0.06057862164821862,0,0,0.8235294117647058,0.8278388278388278,6.8766750254721015e-06,9.500453213475785e-05,0.0057799490344411925,0.10195218782239365,1.6325950395581228,0.7961895495895696,-3.1840508110927506e-05,0.06092623692278308,0,0,0.8235294117647058,0.8278388278388278,0.0009793315855961926,0.016743920321734447,-0.0002132428212548202,0.0003252961795847371,1.628164362342611,0.7351339690700377,-0.004462517723623124,-0.0001293435967486597,0,0,1.4178595452938439e-06,3.1756342581982884e-06
0.5,66,delete,all,523,31,505,0,1.5309113806431667,0.6902675592155635,0.7782178217821782,0.7740649536651778,5.214871018574471,21.8961416506934,0.24298228407607927,1.143639945694374,5.208593297373966,21.873690025938124,1.5190201146909914,2.218959748211502,9.974375737556764e-07,1.9073486328125e-06,9.795269763264556e-08,4.76837158203125e-07,0,0,523,0.0,0.0,0,523,1.3880634194821722e-17,2.7755575615628914e-16,0,523,1.008321404685026e-07,5.960464477539062e-07,0,0.7762376237623763,0.7722063771731504,0.011720855364194906,0.10011203515113654,0.03645932746349512,0.361818877741495,1.550041006075927,0.9539618895449294,0.019129625432760557,0.26369433032936607,14,15,0.7782178217821782,0.7740649536651778,1.4970352406654486e-05,0.0003276068555194721,0.04434968064936238,0.3499079639943277,1.5308768147037097,0.9388869559121307,-3.456593945677265e-05,0.24861939669656727,0,0,0.7762376237623763,0.7722063771731504,0.011663657641590325,0.0997909966492972,-0.004622795118684978,0.005752145065204819,1.5499388814823092,0.6888134240921479,0.019027500839142907,-0.0014541351234155675,14,15,4.2227370197925694e-05,6.180533063713725e-05
0.5,66,delete,1,77,28,75,0,1.772372873136202,0.6298204032224686,0.7066666666666667,0.7017777777777777,6.789134142143011,21.8961416506934,0.28500317074554077,0.991314196612403,6.7827218855178,21.873690025938124,1.3623651114407218,1.6547739283055862,9.505779712231128e-07,1.430511474609375e-06,8.415769446979869e-08,2.384185791015625e-07,0,0,77,0.0,0.0,0,77,2.257688217868344e-17,2.220446049250313e-16,0,77,1.1466153256304852e-07,4.76837158203125e-07,0,0.6666666666666666,0.6526315789473685,0.005289777514657804,0.15964069475673817,0.05187489856760223,0.38542222937980253,1.9242343691895718,0.9373901280644561,0.1518614960533692,0.3075697248419874,4,7,0.7066666666666667,0.7017777777777777,2.5662273023422663e-05,0.00031471411491949835,0.04362469981726888,0.36003793967137865,1.7725694118581758,0.8865104073259796,0.00019653872197378602,0.2566900041035109,0,0,0.6666666666666666,0.6526315789473685,0.005214810425826869,0.15931469419148642,-0.013951964192576223,0.014580621347798929,1.9238350088753973,0.6295691261022865,0.15146213573919481,-0.0002512771201820843,4,7,4.9304815807512826e-05,6.122980871564382e-05
0.5,66,delete,2,101,29,93,0,1.015526873269968,0.6460253066097169,0.8924731182795699,0.8924731182795699,4.176406156972647,14.406345115216382,0.2017920698813708,0.7985699928105159,4.171000430241028,14.387560920912238,1.720698674224975,2.218959748211502,1.0728836059570312e-06,1.9073486328125e-06,1.0965631739927991e-07,4.76837158203125e-07,0,0,101,0.0,0.0,0,101,8.626347070901868e-18,6.938893903907228e-17,0,101,1.1456189769329411e-07,5.960464477539062e-07,0,0.8924731182795699,0.8924731182795699,-0.0012178907890130978,0.03947876556084888,-0.003636130048791961,0.3519637093021728,1.0119388288034394,0.9523179300153476,-0.0035880444665284763,0.30629262340563074,0,0,0.8924731182795699,0.8924731182795699,1.0338289165260769e-05,0.00026050739285379354,0.009998472315250057,0.34132489975136104,1.0155024534635488,0.9395574494126098,-2.4419806418939822e-05,0.2935321428028931,0,0,0.8924731182795699,0.8924731182795699,-0.0012355289873805376,0.039235714435724926,-0.0035395442259193647,0.004063526297559832,1.0119087312926112,0.6441122514675535,-0.003618141977356568,-0.0019130551421632236,0,0,7.299909202179106e-06,2.2226077790307528e-05
0.5,66,delete,3,59,23,58,0,1.0944609813696937,0.6189358465756601,0.7931034482758621,0.7977297065752837,4.437795884868764,14.093847838761839,0.23120185106443863,0.9308322231240848,4.431144619757155,14.063075704644614,1.730074438498546,1.9932116064035508,1.0829860881223518e-06,1.9073486328125e-06,1.0658118684413069e-07,3.5762786865234375e-07,0,0,59,0.0,0.0,0,59,1.1700999272314694e-17,1.5265566588595902e-16,0,59,1.0639176530353093e-07,3.5762786865234375e-07,0,0.7931034482758621,0.7977297065752837,0.011916769573749122,0.05225575178609056,0.04953229032709437,0.3959022539715141,1.0733811463193266,0.8198372125088459,-0.021079835050367465,0.20090136593318578,0,0,0.7931034482758621,0.7977297065752837,1.927364175602541e-05,0.00025203180010035885,0.0669487504509546,0.3905568492867179,1.0943113622300016,0.8206750253627748,-0.00014961913969242061,0.2017391787871146,0,0,0.7931034482758621,0.7977297065752837,0.011898978723812912,0.05201928235464177,-0.003304816656193491,0.0037389718374963533,1.0734785099834572,0.6173263126726423,-0.020982471386236965,-0.001609533903017941,0,0,-1.4827918198149083e-06,2.1039681919550493e-05
0.5,66,delete,4,95,30,93,0,2.2301299497920604,0.7784156992723699,0.6559139784946236,0.6080455407969639,6.765323970606425,17.233998563516412,0.2595391752567774,0.8873059552317087,6.75973480271224,17.2111415841337,1.2055133055800706,1.7206323292691597,9.586936549136513e-07,1.9073486328125e-06,9.257346391677857e-08,3.5762786865234375e-07,0,0,95,0.0,0.0,0,95,1.5380049778519536e-17,1.1102230246251565e-16,0,95,8.348571626763595e-08,4.76837158203125e-07,0,0.6451612903225806,0.5997048281678262,0.007489957689846817,0.1503809521464925,0.018054166651870075,0.2980050222065888,2.2980628846857307,0.9449292603971513,0.06793293489366961,0.16651356112478172,4,5,0.6559139784946236,0.6080455407969639,-5.542191823846416e-05,0.00034879921494345914,0.01779882782383969,0.280615823833566,2.2302333283628575,0.9323988180556047,0.00010337857079610295,0.15398311878323495,0,0,0.6451612903225806,0.5997048281678262,0.007443330329107611,0.15003757161137304,-0.0019343176170399314,0.006413338921572032,2.2978470415192223,0.7745276467560992,0.0677170917271617,-0.003888052516270767,4,5,0.00010204927897767017,0.00011639831293570368
0.5,66,delete,5,64,25,64,0,2.0517725642121176,0.7851661315851187,0.703125,0.647348484848485,5.783673696342129,21.73612337761455,0.2751646533287603,1.143639945694374,5.776688393257963,21.70601638167386,1.521757885858074,1.7490920397095955,9.462237358093262e-07,1.9073486328125e-06,7.057678885757923e-08,2.384185791015625e-07,0,0,64,0.0,0.0,0,64,1.9058188373662554e-17,2.7755575615628914e-16,0,64,9.045470505952835e-08,3.5762786865234375e-07,0,0.75,0.723391812865497,0.049269999930402264,0.1639515822462272,0.08332664030604064,0.4167844266630709,1.9085172375915809,1.3376694985895807,-0.1432553266205367,0.5525033670044621,5,2,0.703125,0.647348484848485,5.319318734109402e-05,0.000458351569250226,0.0968089930829592,0.40713417943334207,2.0511599036135015,1.3165091101652293,-0.0006126605986159252,0.5313429785801105,0,0,0.75,0.723391812865497,0.049113507848232985,0.1635135755641386,-0.004129075561650097,0.004346745437942445,1.908797948271251,0.7848464549004096,-0.1429746159408665,-0.00031967668470914753,5,2,0.00010329889482818544,0.0001248280459549278
0.5,66,delete,6,74,26,71,0,0.9101015508172718,0.642958271383808,0.8873239436619719,0.887639942217407,3.968549201651741,12.013053262567935,0.217769421940797,0.8269178325503723,3.9622131404034633,11.984559048521739,1.578487202354512,1.8269880667715226,9.730055525496198e-07,1.9073486328125e-06,1.1004708908699654e-07,3.5762786865234375e-07,0,0,74,0.0,0.0,0,74,1.0879314067316591e-17,1.1102230246251565e-16,0,74,1.0576803941984434e-07,5.960464477539062e-07,0,0.9014084507042254,0.9015669261702423,-0.002373714660722259,0.05757032592176787,-0.025644341483712196,0.34486434855372516,0.9018129191125555,0.6605097423068428,-0.008288631704716215,0.017551470923034815,1,0,0.8873239436619719,0.887639942217407,-2.0625170420955966e-05,0.0003338741591653308,-0.011960333414577149,0.33672831303163153,0.9100179202506534,0.6532171193870567,-8.363056661852808e-05,0.010258848003248828,0,0,0.9014084507042254,0.9015669261702423,-0.0023667315537160313,0.05723982491228428,-0.0031786712540968045,0.0034297574311494827,0.9018115677084939,0.6425856406279103,-0.008289983108778055,-0.0003726307558977081,1,0,1.3642063414728319e-05,3.619537361570307e-05
0.5,66,delete,7,53,25,51,0,1.6326268800662338,0.7352633126667864,0.8235294117647058,0.8278388278388278,4.04591886815484,12.49640182403007,0.240205386179415,0.8014709487141833,4.0382924057673435,12.470673713396131,1.6029457874539412,1.827760177055901,9.919112583376326e-07,1.9073486328125e-06,1.118992859462522e-07,2.980232238769531e-07,0,0,53,0.0,0.0,0,53,8.936485265099861e-18,5.551115123125783e-17,0,53,8.511936889504486e-08,3.5762786865234375e-07,0,0.803921568627451,0.8091397849462365,0.02742341434899366,0.07465132782762905,0.1390251988228762,0.38004814271094667,1.6938652291092555,1.0930504400621517,0.061238349043021466,0.3577871273953652,0,1,0.8235294117647058,0.8278388278388278,0.00013319185038782516,0.0003537200391292572,0.14857282236499605,0.3797979041371705,1.6328846241752502,1.0997907564220242,0.0002577441090160873,0.3645274437552376,0,0,0.803921568627451,0.8091397849462365,0.02728412223030936,0.07428924141908591,-0.0020320711762837644,0.002139388214585916,1.693436447889619,0.734591910990329,0.060809567823384966,-0.0006714016764573296,0,1,6.10026829647568e-06,4.524575932970587e-05
0.5,67,control,all,523,31,505,0,1.5309113806431667,0.701893749343725,0.7782178217821782,0.7740649536651778,1.9229395970762484,9.404476830298131,0.08364261335509565,0.39610996961740774,1.9207585242656988,9.396524640370998,1.4703075545571171,2.10300008277894,1.0015403791321851e-06,1.9073486328125e-06,9.180561249388336e-08,4.172325134277344e-07,0,0,523,0.0,0.0,0,523,1.9062642483459164e-18,3.469446951953614e-17,0,523,9.586033811988611e-08,5.960464477539062e-07,0,0.7742574257425743,0.7712481019002625,0.012809513394950567,0.030422745229779648,0.04523086283234862,0.12153449298789008,1.5265739000023524,0.7460499890848381,-0.0043374806408140254,0.044156239741113094,4,6,0.7782178217821782,0.7740649536651778,3.264968000338137e-05,8.68258965744799e-05,0.045014273389518605,0.12075388276981579,1.5309032229178898,0.7453396501569045,-8.157725276743306e-06,0.04344590081317941,0,0,0.7742574257425743,0.7712481019002625,0.01277621818197104,0.030344721852279984,0.0009561457651637024,0.0010998445575483443,1.5265690299453734,0.7022662378371498,-0.004342350697793111,0.00037248849342486615,4,6,6.455329761450423e-07,7.23082764540758e-06
0.5,67,control,1,77,28,75,0,1.772372873136202,0.6586547759871202,0.7066666666666667,0.7017777777777777,2.234208109398875,8.293365461605596,0.09451163033702102,0.39260876035821946,2.2319351914818717,8.287452572192494,1.2881855984408135,1.7725373937969198,9.629633519556616e-07,1.430511474609375e-06,7.509846578944813e-08,2.384185791015625e-07,0,0,77,0.0,0.0,0,77,2.611875594784124e-18,3.122502256758253e-17,0,77,8.979401031097809e-08,2.384185791015625e-07,0,0.6933333333333334,0.6913191023535852,0.01457540447787418,0.042128395035185597,0.042082681381083155,0.1229051976621925,1.7772952724882582,0.689521112874525,0.004922399352055722,0.03086633688740493,1,2,0.7066666666666667,0.7017777777777777,3.369150126909281e-05,8.500505287151832e-05,0.03872679691616591,0.12158833081265549,1.772394874609659,0.6869918339942128,2.200147345654402e-05,0.028337058007092648,0,0,0.6933333333333334,0.6913191023535852,0.01454015067693862,0.04204721179149755,0.001539691702111975,0.0016655109145424583,1.7772563276857152,0.6588305376543419,0.004883454549512534,0.00017576166722163016,1,2,1.5622996664666511e-06,6.41794947834758e-06
0.5,67,control,2,101,29,93,0,1.015526873269968,0.6608809093924702,0.8924731182795699,0.8924731182795699,1.658139229442444,4.5572911850253774,0.0731240893104436,0.3298299756754039,1.6561769491299718,4.555864455624346,1.7163334596541926,2.10300008277894,1.0776047659392404e-06,1.9073486328125e-06,1.0607856335026203e-07,4.172325134277344e-07,0,0,101,0.0,0.0,0,101,1.143929526656066e-18,9.540979117872439e-18,0,101,1.2168052172896886e-07,4.76837158203125e-07,0,0.8924731182795699,0.8924731182795699,0.002564738901092274,0.011097302217737283,0.04306386971827781,0.12681928328653375,1.0154092147978404,0.6971005522986456,-0.00011765847212743574,0.036219642906175145,0,0,0.8924731182795699,0.8924731182795699,2.1162267663691302e-05,7.557990674925323e-05,0.0435166266737598,0.12607955962124437,1.0154962044182347,0.6975723009873052,-3.066885173312015e-05,0.03669139159483487,0,0,0.8924731182795699,0.8924731182795699,0.0025434240440625954,0.011037779308044084,0.0006340524864078749,0.0007697662135752121,1.0154372143223673,0.6613047026959121,-8.965894760054385e-05,0.0004237933034418143,0,0,1.5258936598749445e-07,1.9867600190757524e-06
0.5,67,control,3,59,23,58,0,1.0944609813696937,0.6075055737559719,0.7931034482758621,0.7977297065752837,1.5844566380589504,4.273735684763345,0.06157833298506994,0.24982242690263176,1.5827354383358172,4.266427716279288,1.6858266160474848,1.8528538697718833,1.0668221166578389e-06,1.9073486328125e-06,9.812035803067482e-08,3.5762786865234375e-07,0,0,59,0.0,0.0,0,59,8.210871795606506e-19,1.0408340855860843e-17,0,59,9.957258984193964e-08,3.5762786865234375e-07,0,0.7931034482758621,0.7977297065752837,0.005243962093935174,0.012806194313501908,0.024814359654309386,0.10486711012357372,1.1006049735872436,0.6690289949244743,0.006143992217549623,0.06152342116850249,0,0,0.7931034482758621,0.7977297065752837,1.5648239749973102e-05,6.592576786623162e-05,0.02517067641019821,0.10402459878537615,1.0944910498713396,0.6681483959207858,3.0068501645548872e-05,0.06064282216481401,0,0,0.7931034482758621,0.7977297065752837,0.005227882920180337,0.012754215085405415,0.000475143477068109,0.000653431577197576,1.1005732615475117,0.6077965489916591,0.006112280177817336,0.0002909752356872619,0,0,4.3093400486445025e-07,1.6934917134753728e-06
0.5,67,control,4,95,30,93,0,2.2301299497920604,0.8143131207679164,0.6559139784946236,0.6080455407969639,2.9401249253032264,9.404476830298131,0.10959378022833528,0.39610996961740774,2.9378315095473724,9.396524640370998,1.2638000380000889,1.5829774851551683,9.586936549136513e-07,1.9073486328125e-06,8.196618996168438e-08,2.980232238769531e-07,0,0,95,0.0,0.0,0,95,3.2418413974071325e-18,3.469446951953614e-17,0,95,8.70149386556525e-08,3.2782554626464844e-07,0,0.6344086021505376,0.604679191775966,0.04189231683941264,0.06227934319329889,0.10155276056183012,0.14053318927946842,2.209241772374039,0.8912863161784681,-0.020888177418022076,0.07697319541055159,2,4,0.6559139784946236,0.6080455407969639,8.426666455833536e-05,0.00011749092097345152,0.10049882950751406,0.13942362803377603,2.2300675126964182,0.8894438016157938,-6.243709564285678e-05,0.07513068084787758,0,0,0.6344086021505376,0.604679191775966,0.04180806478191363,0.062166465299302025,0.002321754650850045,0.0024468155479744863,2.2092686644724853,0.815337782505097,-0.020861285319575915,0.0010246617371808169,2,4,-1.460705932817961e-08,2.2104774650774503e-05
0.5,67,control,5,64,25,64,0,2.0517725642121176,0.8044627637791841,0.703125,0.647348484848485,1.884466412492349,6.850746149949801,0.08918685174239926,0.38530721143065666,1.8820987913723086,6.839902131161787,1.3573717788068576,1.5101375131978836,9.5367431640625e-07,1.9073486328125e-06,8.857750799506903e-08,3.5762786865234375e-07,0,0,64,0.0,0.0,0,64,1.7731046563992676e-18,1.3877787807814457e-17,0,64,7.275957614183426e-08,2.384185791015625e-07,0,0.703125,0.647348484848485,0.014583854026568588,0.043779606487078127,0.03138328355271369,0.12113224889617413,2.0260797110094164,0.8040444334951395,-0.025692853202701114,-0.00041833028404466774,0,0,0.703125,0.647348484848485,2.105790190398693e-05,7.882947102189064e-05,0.03232076688436791,0.12045056215720251,2.051741795561913,0.8047896255753277,-3.076865020417742e-05,0.0003268617961436418,0,0,0.703125,0.647348484848485,0.014560000396159012,0.04370769125671359,0.0004639051330741495,0.0007137340435292572,2.026097978424274,0.8044720460227317,-0.02567458578784349,9.282243547604173e-06,0,0,2.795728505589068e-06,7.224400178529322e-06
0.5,67,control,6,74,26,71,0,0.9101015508172718,0.6658303506173374,0.8873239436619719,0.887639942217407,1.4944636710245869,5.147117373128922,0.08055788067969975,0.3530532637225603,1.4919343344139029,5.134994707469564,1.498600452834929,1.6588946776271547,9.762274252401816e-07,1.9073486328125e-06,9.466768116564364e-08,3.5762786865234375e-07,0,0,74,0.0,0.0,0,74,1.7633280075334085e-18,1.734723475976807e-17,0,74,1.0309992609797298e-07,5.960464477539062e-07,0,0.9014084507042254,0.9015669261702423,0.0005831895459040597,0.015947437184434886,0.03259612504090812,0.12095056237602556,0.9218329018450648,0.7086465386524984,0.011731351027793048,0.042816188035160956,1,0,0.8873239436619719,0.887639942217407,2.2154641211838334e-05,9.65888863681136e-05,0.033784042188041916,0.1207268175140426,0.9101578234459432,0.7079795762023606,5.627262867146234e-05,0.04214922558502324,0,0,0.9014084507042254,0.9015669261702423,0.0005610995435130757,0.01586153686071771,0.0003251978070349307,0.0004906139865114883,0.9217684778731444,0.6660335872700645,0.011666927055872718,0.00020323665272698079,1,0,-6.463882085439321e-08,4.276759117036252e-06
0.5,67,control,7,53,25,51,0,1.6326268800662338,0.6729321350002876,0.8235294117647058,0.8278388278388278,1.173591529601193,3.901367826915832,0.06355444865636396,0.24474758097640364,1.171527904178474,3.8941235301121777,1.4931675324174063,1.6237875962533626,1.0099051133641656e-06,1.9073486328125e-06,9.938793362311597e-08,2.980232238769531e-07,0,0,53,0.0,0.0,0,53,1.5083179618772213e-18,2.168404344971009e-17,0,53,8.497879190265008e-08,2.980232238769531e-07,0,0.8235294117647058,0.8278388278388278,0.0009876261201669585,0.016835350543260574,0.010070209057544762,0.09527309390030941,1.6281449993723411,0.729061593894272,-0.004481880693892437,0.05612945889398448,0,0,0.8235294117647058,0.8278388278388278,8.083387928188972e-06,7.522759853668933e-05,0.010647460607425222,0.09495523072919755,1.6326098885913192,0.729141928795591,-1.699147491476135e-05,0.05620979379530317,0,0,0.8235294117647058,0.8278388278388278,0.0009794724613146962,0.016763766963948618,0.0002851688636923736,0.00030648342843325635,1.6281551555682203,0.6730893185891736,-0.0044717244980135105,0.00015718358888579123,0,0,7.027092407334525e-08,2.0408792034635005e-06
0.5,67,delete,all,523,31,505,0,1.5309113806431667,0.701893749343725,0.7782178217821782,0.7740649536651778,5.214871018574471,21.8961416506934,0.23706164878373956,1.181170755413314,5.208847516352157,21.875386896951365,1.4703075545571171,2.10300008277894,9.974375737556764e-07,1.9073486328125e-06,9.795269763264556e-08,4.76837158203125e-07,0,0,523,0.0,0.0,0,523,1.199073363508158e-17,3.3306690738754696e-16,0,523,9.586033811988611e-08,5.960464477539062e-07,0,0.7762376237623763,0.7722063771731504,0.011720855364194906,0.10011203515113654,0.029065599697098904,0.34512146213314504,1.550041006075927,0.9556752789475828,0.019129625432760557,0.2537815296038578,14,15,0.7782178217821782,0.7740649536651778,-8.728967740932341e-08,0.00025459240951057144,0.031147314182146103,0.3337550990668127,1.5309049725427168,0.9375004948608419,-6.408100449615216e-06,0.23560674551711697,0,0,0.7762376237623763,0.7722063771731504,0.0116945973617055,0.09986827396618533,0.004444221871589839,0.005175737966827863,1.5499454852376888,0.7028074705398328,0.01903410459452199,0.0009137211961078645,14,15,2.634529216681566e-05,4.427450180167678e-05
0.5,67,delete,1,77,28,75,0,1.772372873136202,0.6586547759871202,0.7066666666666667,0.7017777777777777,6.789134142143011,21.8961416506934,0.2733907452025399,0.9531355076372243,6.783171570121973,21.875386896951365,1.2881855984408135,1.7725373937969198,9.505779712231128e-07,1.430511474609375e-06,8.415769446979869e-08,2.384185791015625e-07,0,0,77,0.0,0.0,0,77,1.289786969169221e-17,1.1102230246251565e-16,0,77,8.979401031097809e-08,2.384185791015625e-07,0,0.6666666666666666,0.6526315789473685,0.005289777514657804,0.15964069475673817,0.024914655786056023,0.3495042969460611,1.9242343691895718,0.9688562564517498,0.1518614960533692,0.3102014804646294,4,7,0.7066666666666667,0.7017777777777777,-5.0806186415932395e-05,0.0002705621254908574,0.008337119763547724,0.3242467961141041,1.7725571359533951,0.9172162138219067,0.0001842628171924789,0.2585614378347864,0,0,0.6666666666666666,0.6526315789473685,0.005292897953276897,0.15937536937341867,0.009577963646356161,0.009758928766498318,1.9238854688408478,0.6626219320218064,0.15151259570464523,0.003967156034686209,4,7,4.768574779683893e-05,6.327797453124801e-05
0.5,67,delete,2,101,29,93,0,1.015526873269968,0.6608809093924702,0.8924731182795699,0.8924731182795699,4.176406156972647,14.406345115216382,0.19955254743767095,0.7726904213969484,4.171143100040982,14.389645703576239,1.7163334596541926,2.10300008277894,1.0728836059570312e-06,1.9073486328125e-06,1.0965631739927991e-07,4.76837158203125e-07,0,0,101,0.0,0.0,0,101,9.278147310278877e-18,1.1102230246251565e-16,0,101,1.2168052172896886e-07,4.76837158203125e-07,0,0.8924731182795699,0.8924731182795699,-0.0012178907890130978,0.03947876556084888,-0.0035961336723648674,0.34590030926288945,1.0119388288034394,0.96564123337408,-0.0035880444665284763,0.3047603239816095,0,0,0.8924731182795699,0.8924731182795699,-3.7361526548272313e-06,0.00020347231316684497,0.0031948933138115573,0.3368145714670715,1.0155057019272213,0.9537158442273435,-2.117134274670915e-05,0.2928349348348729,0,0,0.8924731182795699,0.8924731182795699,-0.0012221546972742176,0.03929189684810025,0.0011732180298555015,0.00227855975822647,1.0119144097779005,0.6608822211372353,-0.003612463492067494,1.3117447648110057e-06,0,0,8.00006091594696e-06,1.9520023229098555e-05
0.5,67,delete,3,59,23,58,0,1.0944609813696937,0.6075055737559719,0.7931034482758621,0.7977297065752837,4.437795884868764,14.093847838761839,0.2364769471086995,0.8621523642319204,4.430917313033021,14.06745322377228,1.6858266160474848,1.8528538697718833,1.0829860881223518e-06,1.9073486328125e-06,1.0658118684413069e-07,3.5762786865234375e-07,0,0,59,0.0,0.0,0,59,1.142143533024888e-17,1.1102230246251565e-16,0,59,9.957258984193964e-08,3.5762786865234375e-07,0,0.7931034482758621,0.7977297065752837,0.011916769573749122,0.05225575178609056,0.0527555828882476,0.4012305154386213,1.0733811463193266,0.8119247889073278,-0.021079835050367465,0.204419215151356,0,0,0.7931034482758621,0.7977297065752837,3.222129860166776e-05,0.0002647632638276634,0.063673426791773,0.3937025138382184,1.0942934806280478,0.8053166198423614,-0.0001675007416462889,0.1978110460863896,0,0,0.7931034482758621,0.7977297065752837,0.011886670617228848,0.05200848280120704,0.001739872903642008,0.0028952975773205193,1.0734838396359303,0.6068516200969819,-0.020977141733763686,-0.0006539536589900057,0,0,-2.122342081393226e-06,2.193507754196555e-05
0.5,67,delete,4,95,30,93,0,2.2301299497920604,0.8143131207679164,0.6559139784946236,0.6080455407969639,6.765323970606425,17.233998563516412,0.23804892095202085,0.8531977434726988,6.760664600589868,17.21286612095205,1.2638000380000889,1.5829774851551683,9.586936549136513e-07,1.9073486328125e-06,9.257346391677857e-08,3.5762786865234375e-07,0,0,95,0.0,0.0,0,95,1.2655439019699919e-17,1.1102230246251565e-16,0,95,8.70149386556525e-08,3.2782554626464844e-07,0,0.6451612903225806,0.5997048281678262,0.007489957689846817,0.1503809521464925,0.008187699827708696,0.29324307994622933,2.2980628846857307,0.9723706099121007,0.06793293489366961,0.15805748914418447,4,5,0.6559139784946236,0.6080455407969639,-4.04554272168561e-05,0.0002578880931986006,0.006344147065752431,0.2808375825615306,2.2302354744323796,0.9632344544906857,0.00010552464031879576,0.14892133372276944,0,0,0.6451612903225806,0.5997048281678262,0.007467937038133019,0.15013265336226475,0.009034608030005505,0.009259377302307832,2.297879756218264,0.8128685504325394,0.0677498064262028,-0.0014445703353770875,4,5,6.247607893065402e-05,7.358920809469725e-05
0.5,67,delete,5,64,25,64,0,2.0517725642121176,0.8044627637791841,0.703125,0.647348484848485,5.783673696342129,21.73612337761455,0.2725451779260212,1.181170755413314,5.776748643588335,21.70400643045975,1.3573717788068576,1.5101375131978836,9.462237358093262e-07,1.9073486328125e-06,7.057678885757923e-08,2.384185791015625e-07,0,0,64,0.0,0.0,0,64,1.9401713173333376e-17,3.3306690738754696e-16,0,64,7.275957614183426e-08,2.384185791015625e-07,0,0.75,0.723391812865497,0.049269999930402264,0.1639515822462272,0.08036442840239033,0.3713640022324398,1.9085172375915809,1.2893966046563812,-0.1432553266205367,0.48493384087719693,5,2,0.703125,0.647348484848485,3.39674879796803e-05,0.0002616729470901191,0.08811225992394611,0.3609891406958923,2.051414705551122,1.259562350556801,-0.00035785866099591074,0.4550995867776169,0,0,0.75,0.723391812865497,0.04918486610404216,0.16370915129664354,0.004667502944357693,0.005507730529643595,1.9086569877630017,0.8078805430533309,-0.14311557644911604,0.0034177792741468265,5,2,5.116633838042617e-05,6.764353020116687e-05
0.5,67,delete,6,74,26,71,0,0.9101015508172718,0.6658303506173374,0.8873239436619719,0.887639942217407,3.968549201651741,12.013053262567935,0.22072954874265494,0.860300506293773,3.962030386399355,11.98220896697119,1.498600452834929,1.6588946776271547,9.730055525496198e-07,1.9073486328125e-06,1.1004708908699654e-07,3.5762786865234375e-07,0,0,74,0.0,0.0,0,74,7.10853514437726e-18,8.326672684688674e-17,0,74,1.0309992609797298e-07,5.960464477539062e-07,0,0.9014084507042254,0.9015669261702423,-0.002373714660722259,0.05757032592176787,-0.030184298149637273,0.33228657817518387,0.9018129191125555,0.6856973352775161,-0.008288631704716215,0.019866984660178662,1,0,0.8873239436619719,0.887639942217407,-2.5397141438883704e-05,0.00027133677960247606,-0.022433889828420973,0.32470844590382,0.9100507587536747,0.674817379933324,-5.079206359728805e-05,0.008987029315986567,0,0,0.9014084507042254,0.9015669261702423,-0.002355211496202124,0.05730357223089684,0.0009235400404479053,0.0023410681735824895,0.9017950039680261,0.6667280489757133,-0.00830654684924576,0.0008976983583759002,1,0,6.8939769187489075e-06,2.823183564720927e-05
0.5,67,delete,7,53,25,51,0,1.6326268800662338,0.6729321350002876,0.8235294117647058,0.8278388278388278,4.04591886815484,12.49640182403007,0.23459777883053543,0.7702932345224136,4.038644655480285,12.472638328776757,1.4931675324174063,1.6237875962533626,9.919112583376326e-07,1.9073486328125e-06,1.118992859462522e-07,2.980232238769531e-07,0,0,53,0.0,0.0,0,53,1.3151928517278686e-17,1.6653345369377348e-16,0,53,8.497879190265008e-08,2.980232238769531e-07,0,0.803921568627451,0.8091397849462365,0.02742341434899366,0.07465132782762905,0.12916968713672655,0.35402955965332267,1.6938652291092555,1.0215984637036322,0.061238349043021466,0.3486663287033445,0,1,0.8235294117647058,0.8278388278388278,0.00011115949952377464,0.00027965002183644275,0.13182830058459966,0.34960175720307063,1.63283665180388,1.0149505619425685,0.00020977173764586877,0.34201842694228085,0,0,0.803921568627451,0.8091397849462365,0.027317840324820212,0.0743730127952009,0.002647686819985228,0.0028139944627599894,1.693546252854282,0.6741193534974265,0.06091937278804791,0.001187218497138666,0,1,-5.585475350325962e-06,3.034248948097229e-05
0.5,68,control,all,523,31,505,0,1.5309113806431667,0.7165313452645129,0.7782178217821782,0.7740649536651778,1.9229395970762484,9.404476830298131,0.07520954314580101,0.4908001845226431,1.9211756786219363,9.396098114200692,1.6773799099998896,2.684527687181773,1.0015403791321851e-06,1.9073486328125e-06,9.180561249388336e-08,4.172325134277344e-07,0,0,523,0.0,0.0,0,523,1.70549838464202e-18,6.938893903907228e-17,0,523,1.124068952199378e-07,7.152557373046875e-07,0,0.7742574257425743,0.7712481019002625,0.012809513394950567,0.030422745229779648,0.044035733501154424,0.1236754078168714,1.5265739000023524,0.7507410626794793,-0.0043374806408140254,0.03420971741496642,4,6,0.7782178217821782,0.7740649536651778,2.3131241868775387e-05,6.313941906247266e-05,0.04302084637560079,0.12167719186748419,1.5308946199156006,0.7495732952010009,-1.6760727566031733e-05,0.03304194993648819,0,0,0.7742574257425743,0.7712481019002625,0.012785266962856852,0.03036685102133091,-0.0003768510147786733,0.0011570406703716482,1.526578590564731,0.7166219732984433,-0.004332790078435548,9.062803393057637e-05,4,6,1.115190224939277e-06,5.98286786054334e-06
0.5,68,control,1,77,28,75,0,1.772372873136202,0.6619077825128263,0.7066666666666667,0.7017777777777777,2.234208109398875,8.293365461605596,0.08104636252220108,0.37609363439606824,2.2324526551778234,8.289246358311711,1.568524235495859,1.8891401043499425,9.629633519556616e-07,1.430511474609375e-06,7.509846578944813e-08,2.384185791015625e-07,0,0,77,0.0,0.0,0,77,1.83607041809439e-18,3.8163916471489756e-17,0,77,1.0445326953739314e-07,4.76837158203125e-07,0,0.6933333333333334,0.6913191023535852,0.01457540447787418,0.042128395035185597,0.048151594864857664,0.12907491566298843,1.7772952724882582,0.6893395613808284,0.004922399352055722,0.02743177886800211,1,2,0.7066666666666667,0.7017777777777777,2.135093892356018e-05,4.988822287746838e-05,0.045333222425603246,0.12676846739146616,1.772378157210136,0.6869309647553621,5.284073933843956e-06,0.02502318224253585,0,0,0.6933333333333334,0.6913191023535852,0.014553016656404965,0.04208309309823172,-0.0011424468225472934,0.0017853401988357693,1.7772812221407224,0.662237533699218,0.004908349004520322,0.00032975118639165616,1,2,1.0368825456538758e-06,3.6768433819343517e-06
0.5,68,control,2,101,29,93,0,1.015526873269968,0.63996373805053,0.8924731182795699,0.8924731182795699,1.658139229442444,4.5572911850253774,0.0660816077890925,0.28065963891382745,1.6565205266295522,4.55450876395027,1.9087996529800781,2.684527687181773,1.0776047659392404e-06,1.9073486328125e-06,1.0607856335026203e-07,4.172325134277344e-07,0,0,101,0.0,0.0,0,101,1.437418973684447e-18,3.122502256758253e-17,0,101,1.3746690041948074e-07,7.152557373046875e-07,0,0.8924731182795699,0.8924731182795699,0.002564738901092274,0.011097302217737283,0.04078747771016442,0.12732191911280746,1.0154092147978404,0.6668908650196993,-0.00011765847212743574,0.026927126969169383,0,0,0.8924731182795699,0.8924731182795699,1.4214213974405043e-05,5.0785351950343295e-05,0.04127664321867546,0.12607047821183015,1.0155029551613268,0.6661777553055228,-2.3918108641074246e-05,0.026214017254993015,0,0,0.8924731182795699,0.8924731182795699,0.0025500215331811715,0.011060070301784148,-0.0006800079994862623,0.0009919825461831423,1.0154310766506405,0.6399065744918547,-9.579661932732928e-05,-5.716355867521534e-05,0,0,5.031539366977049e-07,9.215667401209916e-07
0.5,68,control,3,59,23,58,0,1.0944609813696937,0.6572389915979175,0.7931034482758621,0.7977297065752837,1.5844566380589504,4.273735684763345,0.05412330265960568,0.22707922250594248,1.5831866670669081,4.268940775897974,1.8976951944223845,2.2683322724402832,1.0668221166578389e-06,1.9073486328125e-06,9.812035803067482e-08,3.5762786865234375e-07,0,0,59,0.0,0.0,0,59,9.242852233420188e-19,1.734723475976807e-17,0,59,1.2097722392971234e-07,3.5762786865234375e-07,0,0.7931034482758621,0.7977297065752837,0.005243962093935174,0.012806194313501908,0.023080905362711113,0.10324173307014724,1.1006049735872436,0.7094417396708684,0.006143992217549623,0.052202748072950764,0,0,0.7931034482758621,0.7977297065752837,1.452212869110754e-05,4.385657987352145e-05,0.024403472446789174,0.10187141660411479,1.0944879672407968,0.70818191474704,2.698587110273899e-05,0.050942923149122445,0,0,0.7931034482758621,0.7977297065752837,0.00522885048540972,0.012770898577015279,-0.0007269165273440086,0.000917821112325636,1.1005776540753704,0.6574934624876433,0.006116672705676165,0.0002544708897257197,0,0,5.89479834346448e-07,1.3779785673497086e-06
0.5,68,control,4,95,30,93,0,2.2301299497920604,0.7609770203251907,0.6559139784946236,0.6080455407969639,2.9401249253032264,9.404476830298131,0.10736530410215812,0.4908001845226431,2.9379195499777864,9.396098114200692,1.4421451678126318,1.928640290470236,9.586936549136513e-07,1.9073486328125e-06,8.196618996168438e-08,2.980232238769531e-07,0,0,95,0.0,0.0,0,95,3.5034441796155156e-18,6.938893903907228e-17,0,95,1.0007306149131373e-07,4.76837158203125e-07,0,0.6344086021505376,0.604679191775966,0.04189231683941264,0.06227934319329889,0.10625018622530134,0.15323776151788862,2.209241772374039,0.8134205096444675,-0.020888177418022076,0.05244348931927719,2,4,0.6559139784946236,0.6080455407969639,6.337039368717293e-05,9.50109703760398e-05,0.0999292372872955,0.1480060450340572,2.2300493370771406,0.8101776900920054,-8.061271492043667e-05,0.04920066976681486,0,0,0.6344086021505376,0.604679191775966,0.041828814555743804,0.06218926570819397,0.0010963594835055501,0.0020791726284905485,2.2092832142335843,0.7614589619020536,-0.020846735558476933,0.00048194157686308497,2,4,1.3188998165883515e-07,2.0503385090514232e-05
0.5,68,control,5,64,25,64,0,2.0517725642121176,0.9401675940162857,0.703125,0.647348484848485,1.884466412492349,6.850746149949801,0.0750638987852376,0.33010705870888674,1.8827981492674184,6.842788330851874,1.5260539330157283,1.9716680546352146,9.5367431640625e-07,1.9073486328125e-06,8.857750799506903e-08,3.5762786865234375e-07,0,0,64,0.0,0.0,0,64,1.7129653171442123e-18,3.122502256758253e-17,0,64,9.93022695183754e-08,4.76837158203125e-07,0,0.703125,0.647348484848485,0.014583854026568588,0.043779606487078127,0.020678532018791884,0.1139380091917701,2.0260797110094164,0.9337825421208372,-0.025692853202701114,-0.006385051895448489,0,0,0.703125,0.647348484848485,1.3035140000283718e-05,6.526906508952379e-05,0.021857828833162785,0.11293113033752888,2.051735946051981,0.9347100540285913,-3.661816013670986e-05,-0.0054575399876943265,0,0,0.703125,0.647348484848485,0.014565403987944592,0.043719471381336916,-0.0007317757117561996,0.0007990523590706289,2.026102258856307,0.9395209366954638,-0.0256703053558104,-0.0006466573208218727,0,0,5.414898623712361e-06,7.05565616954118e-06
0.5,68,control,6,74,26,71,0,0.9101015508172718,0.685300941473575,0.8873239436619719,0.887639942217407,1.4944636710245869,5.147117373128922,0.06863871116987375,0.3023502778660108,1.4926017956986377,5.138229418996385,1.6769113965753812,1.9998090293939423,9.762274252401816e-07,1.9073486328125e-06,9.466768116564364e-08,3.5762786865234375e-07,0,0,74,0.0,0.0,0,74,9.9890938861435e-19,1.0408340855860843e-17,0,74,1.125138353657078e-07,4.76837158203125e-07,0,0.9014084507042254,0.9015669261702423,0.0005831895459040597,0.015947437184434886,0.028357601598710626,0.11447930341032711,0.9218329018450648,0.7199280206381162,0.011731351027793048,0.03462707916454111,1,0,0.8873239436619719,0.887639942217407,1.4940037618617754e-05,6.490320319662223e-05,0.029265249601087055,0.11325398802354529,0.9101376560987289,0.7194104254824378,3.6105281457023094e-05,0.03410948400886276,0,0,0.9014084507042254,0.9015669261702423,0.0005681095330195652,0.01589018212807541,-0.0005282591524961832,0.0006380803077607541,0.9217913849502674,0.6855149842737122,0.01168983413299555,0.00021404280013703758,1,0,1.3997526587666691e-07,2.401327160564629e-06
0.5,68,control,7,53,25,51,0,1.6326268800662338,0.7016932765187167,0.8235294117647058,0.8278388278388278,1.173591529601193,3.901367826915832,0.059310299413179064,0.23299749341087186,1.171801268704607,3.8948537100213247,1.7542992334541059,2.056459069577976,1.0099051133641656e-06,1.9073486328125e-06,9.938793362311597e-08,2.980232238769531e-07,0,0,53,0.0,0.0,0,53,6.511286101327303e-19,8.673617379884035e-18,0,53,1.0444870534932838e-07,4.76837158203125e-07,0,0.8235294117647058,0.8278388278388278,0.0009876261201669585,0.016835350543260574,0.00615190363155221,0.10323783614725437,1.6281449993723411,0.7553525454395169,-0.004481880693892437,0.05365926892080007,0,0,0.8235294117647058,0.8278388278388278,3.7957896601479008e-06,6.523707284117645e-05,0.006465879813680109,0.10308501405536004,1.632607650022953,0.7555050442595606,-1.9230043280801435e-05,0.05381176774084379,0,0,0.8235294117647058,0.8278388278388278,0.0009829177749606799,0.016773866243519873,-0.0002978324608982734,0.0003290697932243347,1.6281569060951546,0.7015523295158183,-0.004469973971078993,-0.00014094700289850562,0,0,9.125555461307741e-07,1.782305398077335e-06
0.5,68,delete,all,523,31,505,0,1.5309113806431667,0.7165313452645129,0.7782178217821782,0.7740649536651778,5.214871018574471,21.8961416506934,0.2106546552720804,1.02745607737439,5.210099164688341,21.882160294966354,1.6773799099998896,2.684527687181773,9.974375737556764e-07,1.9073486328125e-06,9.795269763264556e-08,4.76837158203125e-07,0,0,523,0.0,0.0,0,523,9.460732887386037e-18,2.220446049250313e-16,0,523,1.124068952199378e-07,7.152557373046875e-07,0,0.7762376237623763,0.7722063771731504,0.011720855364194906,0.10011203515113654,0.02256351856810413,0.3463925407633157,1.550041006075927,0.9653818847012968,0.019129625432760557,0.24885053943678404,14,15,0.7782178217821782,0.7740649536651778,-1.3857258102690968e-05,0.00018527036903151817,0.01785211663970984,0.33388176355261645,1.5309083342323466,0.9500734605838254,-3.0464108201480987e-06,0.2335421153193126,0,0,0.7762376237623763,0.7722063771731504,0.011708037190523931,0.0999338377149594,-0.00210532424953654,0.005555895885477558,1.549965940157913,0.7151838508233075,0.01905455951474633,-0.0013474944412053052,14,15,2.6675431773664848e-05,3.6502256099113315e-05
0.5,68,delete,1,77,28,75,0,1.772372873136202,0.6619077825128263,0.7066666666666667,0.7017777777777777,6.789134142143011,21.8961416506934,0.22692538244719632,0.842655574374651,6.784962945115373,21.882160294966354,1.568524235495859,1.8891401043499425,9.505779712231128e-07,1.430511474609375e-06,8.415769446979869e-08,2.384185791015625e-07,0,0,77,0.0,0.0,0,77,1.1495271134462179e-17,1.6653345369377348e-16,0,77,1.0445326953739314e-07,4.76837158203125e-07,0,0.6666666666666666,0.6526315789473685,0.005289777514657804,0.15964069475673817,0.026863638747048068,0.3492211454680988,1.9242343691895718,0.9624128379756123,0.1518614960533692,0.3005050554627859,4,7,0.7066666666666667,0.7017777777777777,-1.0350833997710958e-05,0.00015207887445757915,0.0013461687735148839,0.328459825802159,1.7724756661723053,0.9214586801624228,0.00010279303610309239,0.2595508976495965,0,0,0.6666666666666666,0.6526315789473685,0.005280011230716844,0.1594816333517529,-0.003108439604183296,0.010902227616155303,1.924012602512615,0.6622369012408611,0.15163972937641285,0.0003291187280348815,4,7,2.0117117938670244e-05,2.9248626926889666e-05
0.5,68,delete,2,101,29,93,0,1.015526873269968,0.63996373805053,0.8924731182795699,0.8924731182795699,4.176406156972647,14.406345115216382,0.17584038465457488,0.6699274801612204,4.172313034606775,14.390760117173928,1.9087996529800781,2.684527687181773,1.0728836059570312e-06,1.9073486328125e-06,1.0965631739927991e-07,4.76837158203125e-07,0,0,101,0.0,0.0,0,101,5.7206927964590586e-18,8.326672684688674e-17,0,101,1.3746690041948074e-07,7.152557373046875e-07,0,0.8924731182795699,0.8924731182795699,-0.0012178907890130978,0.03947876556084888,-0.013191695518717907,0.34446704516759014,1.0119388288034394,0.9613489634280018,-0.0035880444665284763,0.32138522537747194,0,0,0.8924731182795699,0.8924731182795699,-1.3359407387157478e-05,0.00013341835819848693,-0.009036362466245595,0.33312588008028443,1.0155386042668109,0.9465042755799876,1.1730996842875797e-05,0.3065405375294578,0,0,0.8924731182795699,0.8924731182795699,-0.001211407437625498,0.03935452851254751,-0.0035532458067530455,0.004805801049022391,1.011896896480746,0.6391600244014196,-0.0036299767892217227,-0.0008037136491101831,0,0,6.876055999557571e-06,1.0600940573333513e-05
0.5,68,delete,3,59,23,58,0,1.0944609813696937,0.6572389915979175,0.7931034482758621,0.7977297065752837,4.437795884868764,14.093847838761839,0.20342523435236362,0.738455697983771,4.432656062147529,14.074488626031394,1.8976951944223845,2.2683322724402832,1.0829860881223518e-06,1.9073486328125e-06,1.0658118684413069e-07,3.5762786865234375e-07,0,0,59,0.0,0.0,0,59,1.0917077626116279e-17,1.3877787807814457e-16,0,59,1.2097722392971234e-07,3.5762786865234375e-07,0,0.7931034482758621,0.7977297065752837,0.011916769573749122,0.05225575178609056,0.0334758870935036,0.38119514425427226,1.0733811463193266,0.8592563346479902,-0.021079835050367465,0.20201734305007268,0,0,0.7931034482758621,0.7977297065752837,-1.775485984349655e-05,0.0001818805427874549,0.046081008168600376,0.3737893004791211,1.0943460625690067,0.8536701987540324,-0.00011491880068736538,0.1964312071561148,0,0,0.7931034482758621,0.7977297065752837,0.011927503713611828,0.05208133748274738,-0.00456609425403304,0.005026872506586171,1.0734469578986543,0.6541347273939767,-0.021014023471039832,-0.0031042642039409204,0,0,7.020719980789443e-06,1.4478119753174863e-05
0.5,68,delete,4,95,30,93,0,2.2301299497920604,0.7609770203251907,0.6559139784946236,0.6080455407969639,6.765323970606425,17.233998563516412,0.23718657800231882,0.8933211663826719,6.760568022350864,17.210830421016254,1.4421451678126318,1.928640290470236,9.586936549136513e-07,1.9073486328125e-06,9.257346391677857e-08,3.5762786865234375e-07,0,0,95,0.0,0.0,0,95,1.0981042121840192e-17,1.6653345369377348e-16,0,95,1.0007306149131373e-07,4.76837158203125e-07,0,0.6451612903225806,0.5997048281678262,0.007489957689846817,0.1503809521464925,0.004040671806586416,0.3293714643308991,2.2980628846857307,0.9134017383623925,0.06793293489366961,0.152424718037202,4,5,0.6559139784946236,0.6080455407969639,-6.850754940196087e-05,0.00021795354979602913,-0.01986419123254324,0.3121729701365295,2.230228156638323,0.9038474724380781,9.820684626188815e-05,0.14287045211288749,0,0,0.6451612903225806,0.5997048281678262,0.007485871683610113,0.15017986910319642,0.0031185297197417207,0.006227071465630281,2.2979123863160953,0.7579134414927999,0.06778243652403475,-0.00306357883239038,4,5,7.259355563866465e-05,8.365398174838016e-05
0.5,68,delete,5,64,25,64,0,2.0517725642121176,0.9401675940162857,0.703125,0.647348484848485,5.783673696342129,21.73612337761455,0.2326462491117462,1.02745607737439,5.778652290786599,21.71182612071007,1.5260539330157283,1.9716680546352146,9.462237358093262e-07,1.9073486328125e-06,7.057678885757923e-08,2.384185791015625e-07,0,0,64,0.0,0.0,0,64,1.5001218193669676e-17,2.220446049250313e-16,0,64,9.93022695183754e-08,4.76837158203125e-07,0,0.75,0.723391812865497,0.049269999930402264,0.1639515822462272,0.058864209277089685,0.34966359549434856,1.9085172375915809,1.398415279499833,-0.1432553266205367,0.45824768548354744,5,2,0.703125,0.647348484848485,1.4910649042576551e-05,0.000227145676035434,0.06042770843487233,0.3391447209287435,2.051463472554585,1.3827518294258785,-0.00030909165753248164,0.4425842354095929,0,0,0.75,0.723391812865497,0.04919281884212978,0.16373796868720092,-0.0020063469419255853,0.00424238306004554,1.9086405566276312,0.9384400268376946,-0.14313200758448633,-0.0017275671785911765,5,2,6.22704392299056e-05,6.941205356270075e-05
0.5,68,delete,6,74,26,71,0,0.9101015508172718,0.685300941473575,0.8873239436619719,0.887639942217407,3.968549201651741,12.013053262567935,0.19205623971131672,0.7631604830370822,3.963621333695481,11.988787877280366,1.6769113965753812,1.9998090293939423,9.730055525496198e-07,1.9073486328125e-06,1.1004708908699654e-07,3.5762786865234375e-07,0,0,74,0.0,0.0,0,74,6.3225057389120384e-18,8.326672684688674e-17,0,74,1.125138353657078e-07,4.76837158203125e-07,0,0.9014084507042254,0.9015669261702423,-0.002373714660722259,0.05757032592176787,-0.028754084849277058,0.32244808191584573,0.9018129191125555,0.6882756826848324,-0.008288631704716215,0.0029747412112574034,1,0,0.8873239436619719,0.887639942217407,-2.8901431407477406e-05,0.0001831795969927633,-0.022331628898108326,0.3125634529199955,0.9100823578231416,0.6803369703478954,-1.9192994130076767e-05,-0.0049639711256796466,0,0,0.9014084507042254,0.9015669261702423,-0.00234943039941828,0.05739273126488803,-0.0037069388136670395,0.0039144431215685765,0.9017837287777118,0.6849844121065919,-0.008317822039560092,-0.0003165293669831962,1,0,4.617170103498407e-06,1.708078323989301e-05
0.5,68,delete,7,53,25,51,0,1.6326268800662338,0.7016932765187167,0.8235294117647058,0.8278388278388278,4.04591886815484,12.49640182403007,0.21326256584816855,0.7159775115681253,4.039881222056421,12.475874107674812,1.7542992334541059,2.056459069577976,9.919112583376326e-07,1.9073486328125e-06,1.118992859462522e-07,2.980232238769531e-07,0,0,53,0.0,0.0,0,53,6.977122258809724e-18,5.551115123125783e-17,0,53,1.0444870534932838e-07,4.76837158203125e-07,0,0.803921568627451,0.8091397849462365,0.02742341434899366,0.07465132782762905,0.1333232641501247,0.3672012879319911,1.6938652291092555,1.0526872560962701,0.061238349043021466,0.3509939795775533,0,1,0.8235294117647058,0.8278388278388278,6.866314501132606e-05,0.0002298475998752522,0.13394642452586372,0.3610959116299197,1.6327770600506373,1.0427559468330108,0.00015017998440327668,0.3410626703142939,0,0,0.803921568627451,0.8091397849462365,0.027353427390444954,0.07442123379628614,-0.002396188535780277,0.0024818404103225133,1.6936149244300558,0.7009248311120614,0.060988044363821825,-0.0007684454066554673,0,1,1.32381353738173e-06,2.3776489608692674e-05
0.6,66,control,all,448,29,435,0,1.544539373257608,0.8062407549774216,0.7655172413793103,0.7637650625236833,2.2762521027818114,13.713503819350622,0.08266400511077975,0.5436408711092577,2.2744498904490853,13.704625588153233,1.2137276825250487,1.7413556101227223,9.435628141675676e-07,1.9073486328125e-06,1.1233454902789422e-07,5.960464477539062e-07,0,0,448,0.0,0.0,0,448,1.7105358433718969e-18,4.163336342344337e-17,0,448,1.0933893333588327e-07,8.344650268554688e-07,0,0.7701149425287356,0.768397120121258,0.009699111099637645,0.041797552883508615,0.04261158119022314,0.09680651564018003,1.555259354644167,0.8387909826353918,0.010719981386559201,0.032550227657970145,3,1,0.7655172413793103,0.7637650625236833,3.7885714846197516e-05,8.936452858116744e-05,0.04311730887275189,0.09692792947004948,1.5445632960691034,0.8395116109174886,2.392281149541762e-05,0.03327085594006695,0,0,0.7701149425287356,0.768397120121258,0.009663883686049044,0.04171959039480758,-0.0005070026922372303,0.0008119863216831748,1.5552274613710722,0.8062803759988074,0.010688088113464405,3.9621021385869616e-05,3,1,-2.6583012575948876e-06,1.214205881946587e-05
0.6,66,control,1,95,26,93,0,2.189371522205179,0.8925930336205073,0.6451612903225806,0.6397907585004359,2.7482917851011024,13.713503819350622,0.10018516412954376,0.5436408711092577,2.746252319579376,13.704625588153233,0.944885357015509,1.3393827047295062,7.892909802888569e-07,1.9073486328125e-06,9.874960309580752e-08,3.5762786865234375e-07,0,0,95,0.0,0.0,0,95,2.0534040191427354e-18,3.469446951953614e-17,0,95,8.65835892526727e-08,4.76837158203125e-07,0,0.6559139784946236,0.6517157997633379,0.020561048908061104,0.06241270512538521,0.04245197537698244,0.09277679528060713,2.150887294500592,0.9429546311774504,-0.038484227704587225,0.050361597556943145,2,1,0.6451612903225806,0.6397907585004359,5.070562719514496e-05,0.00010669525026490814,0.04133826474610128,0.09293291745217223,2.1893262782754985,0.9452775988414326,-4.5243929680222936e-05,0.05268456522092536,0,0,0.6559139784946236,0.6517157997633379,0.020515996541239714,0.0623209652245829,-0.0003997874495230223,0.000750636466239628,2.150918649223458,0.8921588828933731,-0.0384528729817207,-0.00043415072713406185,2,1,-5.653260373755505e-06,1.837940102345065e-05
0.6,66,control,2,94,27,91,0,0.8900036664344037,0.9185563655545218,0.8681318681318682,0.8665668696628449,1.6635934570129551,5.449084689103302,0.0670919286476008,0.3245418525977357,1.6619144892188025,5.439411414384139,1.3676318269146424,1.7413556101227223,1.0170835129758144e-06,1.9073486328125e-06,1.1669273706192666e-07,5.960464477539062e-07,0,0,94,0.0,0.0,0,94,8.992245943872462e-19,1.0408340855860843e-17,0,94,1.334367280310773e-07,8.344650268554688e-07,0,0.8681318681318682,0.8665668696628449,0.004402183471842015,0.01358168492925928,0.04836429441545872,0.09205803013545402,0.8892899190111005,0.9426633086165754,-0.0007137474233032451,0.024106943062053885,0,0,0.8681318681318682,0.8665668696628449,3.3093814520125694e-05,7.744046284797344e-05,0.04940507259774715,0.09204291346225332,0.8900201057972665,0.9444230906983453,1.643936286296356e-05,0.02586672514382357,0,0,0.8681318681318682,0.8665668696628449,0.00436866025816887,0.013514813313141782,-0.0001608089325909919,0.0005826743597045858,0.8892689853212942,0.9181070578437205,-0.0007346811131094072,-0.00044930771080119245,0,0,4.293991530195196e-07,2.763253894258053e-06
0.6,66,control,3,45,21,44,0,0.6405726515602166,0.7144585263748635,0.9090909090909091,0.9090909090909091,1.5560533570119675,6.766684303653702,0.05898358948389324,0.328129013187598,1.554749488248754,6.758723830429671,1.3195783583481162,1.5686754506553493,9.27183363172743e-07,1.9073486328125e-06,1.7119778527153863e-07,4.76837158203125e-07,0,0,45,0.0,0.0,0,45,1.2641119704823179e-18,3.469446951953614e-17,0,45,9.967221154106988e-08,5.960464477539062e-07,0,0.9090909090909091,0.9090909090909091,0.00600839141342375,0.012567548784944746,0.026539263791508144,0.07498050431410472,0.64539166056837,0.7467923912619038,0.0048190090081535655,0.03233386488704029,0,0,0.9090909090909091,0.9090909090909091,4.079341888427734e-05,7.281038496229384e-05,0.02726741565598382,0.07495213813251919,0.6405713459966197,0.7467503931963775,-1.3055635968811035e-06,0.03229186682151386,0,0,0.9090909090909091,0.9090909090909091,0.005969688130749597,0.01251378274626202,2.510597308476766e-05,0.0006330289774470859,0.6453896215201006,0.7143915572286789,0.004816969959884075,-6.696914618467708e-05,0,0,-2.090136210123698e-06,4.279613494873047e-06
0.6,66,control,4,100,27,98,0,2.171611812911356,0.683043529089378,0.6836734693877551,0.6814942193093453,3.1127846088950246,13.535029468617275,0.08603395102516866,0.4313201765541476,3.11138060134567,13.52815529263452,1.2240080212638942,1.5200580131425567,9.763240814208984e-07,1.9073486328125e-06,8.702278137207031e-08,4.76837158203125e-07,0,0,100,0.0,0.0,0,100,1.733504079405006e-18,4.163336342344337e-17,0,100,1.0050833225250244e-07,3.5762786865234375e-07,0,0.6938775510204082,0.6911443148688047,0.016058759819716214,0.068771440256387,0.05568453561514616,0.10233103137463331,2.2182639030708464,0.7082875363174943,0.046652090159490844,0.025244007228116525,1,0,0.6836734693877551,0.6814942193093453,3.6641806364059445e-05,7.098257541656495e-05,0.05696022860705852,0.10285482034087182,2.1716688727231457,0.7074675156264916,5.70598117901655e-05,0.024423986537113612,0,0,0.6938775510204082,0.6911443148688047,0.01602709399536252,0.06870755372568965,-0.0013695989735424518,0.001493463683873415,2.2182043289766047,0.6840187434387939,0.0465925160652481,0.000975214349416017,1,0,-4.9759820103645325e-06,1.6199164092540742e-05
0.6,66,control,5,39,19,38,0,2.3432560097243256,0.7656873686951738,0.6842105263157895,0.6889097744360901,2.1107064379117864,7.380363155018575,0.07618464894800644,0.27879066185834844,2.1091157429265057,7.37509566492641,1.2163374691391056,1.4020920757533595,1.0209205823066907e-06,1.9073486328125e-06,1.1156766842573117e-07,4.172325134277344e-07,0,0,39,0.0,0.0,0,39,1.6467189246364373e-18,1.3877787807814457e-17,0,39,1.168212829492031e-07,3.5762786865234375e-07,0,0.6842105263157895,0.6889097744360901,-0.011085796241576854,0.05391552146428671,0.0057667517700256445,0.0882021417029393,2.3951179420291586,0.788753675688313,0.05186193230483356,0.023066306993139333,0,0,0.6842105263157895,0.6889097744360901,5.990457840454884e-06,9.029396833517612e-05,0.005991153514538056,0.08820045194946803,2.3432910842878534,0.7894343688370167,3.507456352794614e-05,0.02374700014184289,0,0,0.6842105263157895,0.6889097744360901,-0.011081975239973802,0.05383467139341892,-0.00014687004761818127,0.00048511265180049796,2.395061329606331,0.7655619751820831,0.05180531988200475,-0.0001253935130907273,0,0,-9.81145944350805e-06,1.606306968591152e-05
0.6,66,control,6,53,27,49,0,0.7560640801370827,0.8275321498354042,0.8775510204081632,0.876600985221675,1.66433211004984,5.3065222082543855,0.08069433848004924,0.27839891135079775,1.6621309421909178,5.301004203344688,1.279528980620645,1.5189980923837156,9.626712439195166e-07,1.9073486328125e-06,1.252892444718559e-07,3.5762786865234375e-07,0,0,53,0.0,0.0,0,53,1.7743422434530978e-18,1.214306433183765e-17,0,53,1.212476559405057e-07,4.76837158203125e-07,0,0.8775510204081632,0.876600985221675,0.003635658864986222,0.022282614847118,0.04154056423115281,0.1023397442867171,0.7723818688255896,0.8175886897927539,0.016317788688506966,-0.009943460042650275,0,0,0.8775510204081632,0.876600985221675,3.0789629749532015e-05,8.851244061622979e-05,0.04250048424275416,0.10230016863008715,0.7561289019342607,0.8179172079686409,6.482179717811914e-05,-0.00961494186676347,0,0,0.8775510204081632,0.876600985221675,0.003604519268814123,0.022202977524051128,-0.00043123264638882764,0.0004952834602796807,0.7723064645416533,0.8275743393917638,0.016242384404570733,4.218955635956599e-05,0,0,3.499664225668277e-07,6.976344113080006e-06
0.6,66,control,7,22,17,22,0,1.038984942146497,0.7217828980734912,0.8181818181818182,0.8181818181818182,2.2939737561903053,7.56980388168025,0.12289020576096664,0.42567460507771865,2.2904262526622143,7.557825873734676,1.2906579819726423,1.4559011037552494,9.970231489701704e-07,1.9073486328125e-06,1.1717731302434747e-07,3.5762786865234375e-07,0,0,22,0.0,0.0,0,22,4.464633661982212e-18,2.7755575615628914e-17,0,22,1.2259591709483753e-07,3.5762786865234375e-07,0,0.8181818181818182,0.8181818181818182,0.015522700819102201,0.036047758026556534,0.06006969917904247,0.15595240078189157,1.0733541680196532,0.8663324590656512,0.034369225873156294,0.1445495609921602,0,0,0.8181818181818182,0.8181818181818182,7.634474472566085e-05,0.00018329579721797597,0.06073205376213247,0.15559075298634442,1.0391221966335544,0.8652721641812081,0.00013725448705739017,0.14348926610771698,0,0,0.8181818181818182,0.8181818181818182,0.015434468334371393,0.035877579992467705,-0.0004376349124041471,0.0006675422191619873,1.0732157298359413,0.7222090771023141,0.0342307876894444,0.0004261790288230765,0,0,1.1887740005146373e-05,2.841583707115867e-05
0.6,66,delete,all,448,29,435,0,1.544539373257608,0.8062407549774216,0.7655172413793103,0.7637650625236833,8.010349728378747,33.885923885061366,0.2875128731331653,1.5217640491922861,8.004540897958927,33.85173661310093,1.2137276825250487,1.7413556101227223,9.446271828242711e-07,1.9073486328125e-06,1.0252447931894234e-07,4.76837158203125e-07,0,0,448,0.0,0.0,0,448,2.0321030361933555e-17,4.996003610813204e-16,0,448,1.0933893333588327e-07,8.344650268554688e-07,0,0.7655172413793103,0.7623031880286272,-0.02853878328668153,0.19057486441202595,-0.004843539067743612,0.33339808852178976,1.5189297673432758,0.9589740273339888,-0.025609605914332017,0.1527332723565673,19,19,0.7655172413793103,0.7637650625236833,3.123681485054216e-05,0.00033630384340150546,0.0015153544871801777,0.32315354178094174,1.5443357614696696,0.9447857777471115,-0.00020361178793830873,0.1385450227696898,0,0,0.7655172413793103,0.7623031880286272,-0.028512200542276593,0.1902622458645575,-0.005946241073875821,0.007903696424494098,1.5188815769232316,0.805856737959771,-0.02565779633437636,-0.00038401701765066826,19,19,-5.781955925548183e-05,0.00013577311723825654
0.6,66,delete,1,95,26,93,0,2.189371522205179,0.8925930336205073,0.6451612903225806,0.6397907585004359,11.459109884913707,33.885923885061366,0.40754571737766987,1.5217640491922861,11.451174391173552,33.85173661310093,0.944885357015509,1.3393827047295062,7.792523032740543e-07,1.9073486328125e-06,9.39165291033293e-08,2.980232238769531e-07,0,0,95,0.0,0.0,0,95,3.935769795894111e-17,4.996003610813204e-16,0,95,8.65835892526727e-08,4.76837158203125e-07,0,0.6021505376344086,0.5780721722070696,-0.06477184795627469,0.34629134878908335,-0.03118665735972555,0.36646720531739685,2.2112045772988744,1.2051438523985234,0.021833055093695188,0.3125508187780161,7,11,0.6451612903225806,0.6397907585004359,2.404401372922094e-05,0.0004711079264157697,-0.048261135895001264,0.34328188307975466,2.189033368877958,1.156533792197001,-0.0003381533272211398,0.26394075857649363,0,0,0.6021505376344086,0.5780721722070696,-0.06464570460743026,0.34585992644884084,-0.004835630051399532,0.011929872357531597,2.210935555431453,0.895356295739669,0.021564033226273857,0.0027632621191619315,7,11,-0.00015018736257364876,0.00026659890028991195
0.6,66,delete,2,94,27,91,0,0.8900036664344037,0.9185563655545218,0.8681318681318682,0.8665668696628449,6.366569271932821,22.864496050166718,0.25733628800555647,1.2091332600934925,6.360813813454784,22.832502630842402,1.3676318269146424,1.7413556101227223,1.03230172015251e-06,1.9073486328125e-06,1.21428611430716e-07,4.76837158203125e-07,0,0,94,0.0,0.0,0,94,1.2021055543477828e-17,1.3877787807814457e-16,0,94,1.334367280310773e-07,8.344650268554688e-07,0,0.8571428571428571,0.8549179567998517,-0.012543641110049917,0.07089012282642912,-0.05663995603297619,0.35658222666763245,0.8995133859708124,0.918122757113593,0.009509719536408733,-0.00043360844092879607,0,1,0.8681318681318682,0.8665668696628449,-5.865794547060703e-05,0.00032434025977520233,-0.0381131750392787,0.3459945475246678,0.8899943230732286,0.9144314106797942,-9.343361175070657e-06,-0.004124954874727513,0,0,0.8571428571428571,0.8549179567998517,-0.012500262799415183,0.07060464852033778,-0.004319951433609141,0.005282891101818135,0.8994405851403988,0.9143617850023547,0.009436918705995233,-0.004194580552167049,0,1,1.5279634835872243e-05,5.636990387389e-05
0.6,66,delete,3,45,21,44,0,0.6405726515602166,0.7144585263748635,0.9090909090909091,0.9090909090909091,5.525510392101855,19.116374906700035,0.23255254350226756,0.9521962293325121,5.520215305094889,19.092645492816224,1.3195783583481162,1.5686754506553493,9.27183363172743e-07,1.9073486328125e-06,1.1887815263536241e-07,4.76837158203125e-07,0,0,45,0.0,0.0,0,45,1.636926934182264e-17,2.220446049250313e-16,0,45,9.967221154106988e-08,5.960464477539062e-07,0,0.9090909090909091,0.9090909090909091,6.587356328964233e-05,0.06268704715702268,0.03589307227068477,0.2972733347780175,0.6164255390917285,0.9421716772887022,-0.024147112468488018,0.22771315091383879,0,0,0.9090909090909091,0.9090909090909091,3.410942024654812e-05,0.0002805196576648288,0.048566818651225835,0.2927014381521278,0.6404212436192177,0.9346351231826513,-0.00015140794099873173,0.22017659680778776,0,0,0.9090909090909091,0.9090909090909091,2.2420452700720893e-05,0.06244273765219582,-0.002951099226872126,0.0037195512817965615,0.61648335052964,0.7150194987250502,-0.02408930103057648,0.000560972350186787,0,0,9.343690342373319e-06,4.944768216874864e-05
0.6,66,delete,4,100,27,98,0,2.171611812911356,0.683043529089378,0.6836734693877551,0.6814942193093453,9.220583160575211,32.611689575125396,0.24258640781037538,0.8866026719803797,9.217051384813603,32.59963546799841,1.2240080212638942,1.5200580131425567,9.763240814208984e-07,1.9073486328125e-06,9.485986083745957e-08,4.76837158203125e-07,0,0,100,0.0,0.0,0,100,1.2855859497611089e-17,1.1102230246251565e-16,0,100,1.0050833225250244e-07,3.5762786865234375e-07,0,0.7142857142857143,0.7117346938775511,-0.057088282932527365,0.25815943487454207,-0.007342857979238033,0.28969686206430195,2.177696139786392,0.8619621419587539,0.006084326875036252,0.17891861286937605,7,4,0.6836734693877551,0.6814942193093453,4.6238228678703306e-05,0.00022728867828845976,0.001333233118057251,0.28436647705733775,2.17142751992974,0.8557120054204508,-0.00018429298161577013,0.1726684763310729,0,0,0.7142857142857143,0.7117346938775511,-0.057058241879567505,0.25793764903210104,-0.011946855373680591,0.01210377562791109,2.177573453975232,0.6831629036678081,0.005961641063875955,0.00011937457843026023,7,4,-7.627928163856268e-05,0.00012821735348552465
0.6,66,delete,5,39,19,38,0,2.3432560097243256,0.7656873686951738,0.6842105263157895,0.6889097744360901,8.842237025845172,26.290742377204534,0.3390106886346616,1.0850392310815329,8.835265929122908,26.26834263160796,1.2163374691391056,1.4020920757533595,9.964673947065305e-07,1.9073486328125e-06,9.380089930998973e-08,2.384185791015625e-07,0,0,39,0.0,0.0,0,39,2.9761729713613686e-17,2.7755575615628914e-16,0,39,1.168212829492031e-07,3.5762786865234375e-07,0,0.6842105263157895,0.6889097744360901,-0.021245365914626,0.29458158157574826,0.008786399586078448,0.405690305126019,2.116467376054671,0.7089444947132638,-0.22678863366965438,-0.05674287398190996,3,3,0.6842105263157895,0.6889097744360901,0.00010528606482041188,0.0004900688162216773,0.02653296138995733,0.39635718690279204,2.343002703501949,0.6977629800690384,-0.00025330622237643223,-0.06792438862613541,0,0,0.6842105263157895,0.6889097744360901,-0.021190688396111514,0.29415109982857335,-0.007137815157572429,0.007660994162926307,2.116623455813028,0.7642959450805229,-0.22663255391129766,-0.0013914236146508614,3,3,-0.00015996358333489834,0.0002500781646141639
0.6,66,delete,6,53,27,49,0,0.7560640801370827,0.8275321498354042,0.8775510204081632,0.876600985221675,5.133403177813514,14.2753697823618,0.22854838482325618,0.7470740374342266,5.127962661978416,14.257021959455152,1.279528980620645,1.5189980923837156,9.89662026459316e-07,1.9073486328125e-06,9.939671968514065e-08,2.980232238769531e-07,0,0,53,0.0,0.0,0,53,1.283175006321656e-17,1.6653345369377348e-16,0,53,1.212476559405057e-07,4.76837158203125e-07,0,0.9183673469387755,0.9183673469387755,0.001664710696786642,0.07272904766020628,0.01002110407318709,0.29260419077187216,0.6944697146777271,1.0722570507755869,-0.06159436545935554,0.24472490094018265,2,0,0.8775510204081632,0.876600985221675,3.630031813990395e-05,0.00025402399588305997,0.020370611253212084,0.28764949492969605,0.7558003361733423,1.0719520091328174,-0.0002637439637403441,0.24441985929741325,0,0,0.9183673469387755,0.9183673469387755,0.0016244823499670569,0.07246161048423569,-0.0031766751605384756,0.0036831616933615703,0.6946128884484024,0.8265660950701929,-0.06145119168868021,-0.0009660547652112123,2,0,3.928028679681274e-06,6.336898911955222e-05
0.6,66,delete,7,22,17,22,0,1.038984942146497,0.7217828980734912,0.8181818181818182,0.8181818181818182,5.179083252318591,13.399768395526852,0.2655148386015075,0.7310644254451943,5.172001687640111,13.379810830486683,1.2906579819726423,1.4559011037552494,9.753487326882102e-07,1.9073486328125e-06,8.331103758378462e-08,3.5762786865234375e-07,0,0,22,0.0,0.0,0,22,1.6903081483425998e-17,6.938893903907228e-17,0,22,1.2259591709483753e-07,3.5762786865234375e-07,0,0.8181818181818182,0.8181818181818182,0.04514802247285843,0.08345489813522859,0.1982860118150711,0.3341954347084869,0.9547253119690647,0.7161709291045084,-0.08425963017743222,-0.00561196896898277,0,0,0.8181818181818182,0.8181818181818182,0.00022886083884672686,0.0003405761989680204,0.20059396055611697,0.3329979279501872,1.0385706143872944,0.7173078080042713,-0.00041432775920265244,-0.004475090069219847,0,0,0.8181818181818182,0.8181818181818182,0.04491160674528642,0.08308681032874367,-0.001101460646499287,0.001781029457395727,0.9550345298450801,0.723056818828126,-0.08395041230141684,0.0012739207546348184,0,0,7.554888725280762e-06,9.282746098258279e-05
0.6,67,control,all,448,29,435,0,1.544539373257608,0.807809623382865,0.7655172413793103,0.7637650625236833,2.2762521027818114,13.713503819350622,0.06614853919160582,0.40437027515336776,2.2750649328028665,13.70754068693274,1.3734722335197154,1.9151505271577258,9.435628141675676e-07,1.9073486328125e-06,1.1233454902789422e-07,5.960464477539062e-07,0,0,448,0.0,0.0,0,448,1.223470554486654e-18,2.42861286636753e-17,0,448,1.0440791291849954e-07,5.960464477539062e-07,0,0.7701149425287356,0.768397120121258,0.009699111099637645,0.041797552883508615,0.035723510065249035,0.08909962866787932,1.555259354644167,0.8354044710192132,0.010719981386559201,0.02759484763634809,3,1,0.7655172413793103,0.7637650625236833,3.193649172317237e-05,8.379652406022484e-05,0.037233833057273714,0.08981064449264002,1.5445623860681557,0.8354286612255775,2.3012810547849904e-05,0.02761903784271234,0,0,0.7701149425287356,0.768397120121258,0.00966793806998924,0.04172445554494126,0.0005192338139750063,0.0012549128566336418,1.5552272527083981,0.8077423432487487,0.010687879450790123,-6.728013411628262e-05,3,1,-7.634620747662016e-07,9.617304645611771e-06
0.6,67,control,1,95,26,93,0,2.189371522205179,0.8887704002480821,0.6451612903225806,0.6397907585004359,2.7482917851011024,13.713503819350622,0.07585639663514333,0.40437027515336776,2.7471307974369266,13.70754068693274,1.1588449857869132,1.4508262642840921,7.892909802888569e-07,1.9073486328125e-06,9.874960309580752e-08,3.5762786865234375e-07,0,0,95,0.0,0.0,0,95,1.6448309899324086e-18,2.42861286636753e-17,0,95,9.603406253613924e-08,3.5762786865234375e-07,0,0.6559139784946236,0.6517157997633379,0.020561048908061104,0.06241270512538521,0.03195304302008529,0.08851461406601102,2.150887294500592,0.9258535422554073,-0.038484227704587225,0.03708314200732532,2,1,0.6451612903225806,0.6397907585004359,3.368863345761048e-05,9.897030693920036e-05,0.03174809911533406,0.08854496326101453,2.1893411352314303,0.9255955450731952,-3.038697374907882e-05,0.036825144825112927,0,0,0.6559139784946236,0.6517157997633379,0.0205302686185429,0.06232544676841874,0.0013579619558233963,0.001580097800806949,2.1509033798742765,0.8883529244338491,-0.03846814233090232,-0.0004174758142332902,2,1,-2.9083439394047386e-06,1.3388605102112418e-05
0.6,67,control,2,94,27,91,0,0.8900036664344037,0.8745096011491648,0.8681318681318682,0.8665668696628449,1.6635934570129551,5.449084689103302,0.04940135221820702,0.24664023337261762,1.6626871130470764,5.444992462907837,1.5686621359217137,1.9151505271577258,1.0170835129758144e-06,1.9073486328125e-06,1.1669273706192666e-07,5.960464477539062e-07,0,0,94,0.0,0.0,0,94,7.911344046035169e-19,1.474514954580286e-17,0,94,1.2388571779778664e-07,4.76837158203125e-07,0,0.8681318681318682,0.8665668696628449,0.004402183471842015,0.01358168492925928,0.035177561077982825,0.07815869251622799,0.8892899190111005,0.8886976996025621,-0.0007137474233032451,0.014188098453397347,0,0,0.8681318681318682,0.8665668696628449,2.4244189262390137e-05,6.647027553396022e-05,0.03600898301823342,0.07807194033360228,0.8900155576932179,0.8895620298079888,1.189125881428943e-05,0.015052428658824214,0,0,0.8681318681318682,0.8665668696628449,0.004377308420519879,0.013527025825324212,0.00045974322773040607,0.0007966935159044063,0.8892740825267532,0.8745111378928528,-0.0007295839076503856,1.5367436883220376e-06,0,0,6.308620597453827e-07,2.1261698070992815e-06
0.6,67,control,3,45,21,44,0,0.6405726515602166,0.7470262576864033,0.9090909090909091,0.9090909090909091,1.5560533570119675,6.766684303653702,0.04468319000601414,0.20015648439583378,1.5552504504659566,6.7639127174826825,1.4391650579312356,1.727109572319957,9.27183363172743e-07,1.9073486328125e-06,1.7119778527153863e-07,4.76837158203125e-07,0,0,45,0.0,0.0,0,45,7.67251855100137e-19,1.0408340855860843e-17,0,45,1.0828177134195963e-07,2.980232238769531e-07,0,0.9090909090909091,0.9090909090909091,0.00600839141342375,0.012567548784944746,0.016376775834295483,0.06450701521502601,0.64539166056837,0.7797972647737731,0.0048190090081535655,0.03277100708736971,0,0,0.9090909090909091,0.9090909090909091,2.457367049323188e-05,7.16355111863878e-05,0.017453623149130078,0.06513013872835371,0.6405739274437436,0.7798948382191201,1.2758835271014451e-06,0.0328685805327167,0,0,0.9090909090909091,0.9090909090909091,0.005985365145736271,0.012517864671018388,0.0003285073571734958,0.0010707199573516846,0.6453861834568329,0.747297410596056,0.004813531896616375,0.0002711529096526646,0,0,-1.5474028057522245e-06,3.1183163324991864e-06
0.6,67,control,4,100,27,98,0,2.171611812911356,0.6817015509347881,0.6836734693877551,0.6814942193093453,3.1127846088950246,13.535029468617275,0.0785312826498064,0.3938879415553288,3.1116043882589186,13.529296914689816,1.3577614159734308,1.6783393130996893,9.763240814208984e-07,1.9073486328125e-06,8.702278137207031e-08,4.76837158203125e-07,0,0,100,0.0,0.0,0,100,1.44986735460637e-18,2.0816681711721685e-17,0,100,9.138137102127076e-08,3.5762786865234375e-07,0,0.6938775510204082,0.6911443148688047,0.016058759819716214,0.068771440256387,0.05175259619951248,0.10420130528509616,2.2182639030708464,0.7056562131419991,0.046652090159490844,0.023954662207211156,1,0,0.6836734693877551,0.6814942193093453,4.044368863105774e-05,8.19876790046692e-05,0.05579901464283466,0.10687551960349083,2.171675021051284,0.704874352348083,6.320813992808815e-05,0.023172801413294905,0,0,0.6938775510204082,0.6911443148688047,0.016021139938384294,0.06869436098262667,0.0001483052596449852,0.0019229544326663018,2.218189811495475,0.6819875921332365,0.04657799858411902,0.0002860411984482231,1,0,-2.8238072991371154e-06,1.5554986894130708e-05
0.6,67,control,5,39,19,38,0,2.3432560097243256,0.7578969611172317,0.6842105263157895,0.6889097744360901,2.1107064379117864,7.380363155018575,0.04811763351635622,0.14664600442945686,2.110045961089072,7.37890610113319,1.3478113779988845,1.5826914888683963,1.0209205823066907e-06,1.9073486328125e-06,1.1156766842573117e-07,4.172325134277344e-07,0,0,39,0.0,0.0,0,39,4.899325442092951e-19,4.336808689942018e-18,0,39,1.1194974948198367e-07,5.960464477539062e-07,0,0.6842105263157895,0.6889097744360901,-0.011085796241576854,0.05391552146428671,-6.646328629591526e-05,0.06390933835735688,2.3951179420291586,0.7792798948695709,0.05186193230483356,0.02138293375233938,0,0,0.6842105263157895,0.6889097744360901,1.5124678611755371e-06,4.780502655567267e-05,0.0012701509090570302,0.06428638979410514,2.343247975429,0.7794778056997748,-8.03429532563581e-06,0.021580844582543213,0,0,0.6842105263157895,0.6889097744360901,-0.011085217770857688,0.05387689077701324,0.00023171534905066856,0.0009710666460868639,2.395115717787102,0.7575996711018398,0.051859708062776684,-0.0002972900153918871,0,0,-2.090938580341828e-06,5.353910800738212e-06
0.6,67,control,6,53,27,49,0,0.7560640801370827,0.9024015646270457,0.8775510204081632,0.876600985221675,1.66433211004984,5.3065222082543855,0.0679108473755964,0.27580377912405835,1.662677350517511,5.302776288691027,1.4164447796069184,1.5949096406640069,9.626712439195166e-07,1.9073486328125e-06,1.252892444718559e-07,3.5762786865234375e-07,0,0,53,0.0,0.0,0,53,1.1783986289216713e-18,1.1275702593849246e-17,0,53,9.545177783606187e-08,2.980232238769531e-07,0,0.8775510204081632,0.876600985221675,0.003635658864986222,0.022282614847118,0.04483513878482693,0.09672836994506279,0.7723818688255896,0.9023219974391176,0.016317788688506966,-7.956718792805728e-05,0,0,0.8775510204081632,0.876600985221675,3.7696634261113295e-05,8.850087815860532e-05,0.045995080316404126,0.09669745200366345,0.756121780694114,0.9032067954130167,5.77005570314976e-05,0.0008052307859711672,0,0,0.8775510204081632,0.876600985221675,0.0035974360510425745,0.022202540153883538,0.000147882638112554,0.000745490052790012,0.7723126652594298,0.902337237695809,0.0162485851223472,-6.432693123668345e-05,0,0,5.26179682533696e-07,6.97950709540889e-06
0.6,67,control,7,22,17,22,0,1.038984942146497,0.73136452935281,0.8181818181818182,0.8181818181818182,2.2939737561903053,7.56980388168025,0.11112392434970686,0.39278954268214716,2.290848834363143,7.559606284870988,1.3452845420483113,1.4732371910139421,9.970231489701704e-07,1.9073486328125e-06,1.1717731302434747e-07,3.5762786865234375e-07,0,0,22,0.0,0.0,0,22,2.5642574925707856e-18,2.0816681711721685e-17,0,22,1.1683865026994185e-07,2.980232238769531e-07,0,0.8181818181818182,0.8181818181818182,0.015522700819102201,0.036047758026556534,0.06254626641219313,0.14630973610011014,1.0733541680196532,0.8589114884771231,0.034369225873156294,0.1275469591243131,0,0,0.8181818181818182,0.8181818181818182,7.368556477806784e-05,0.0001778704198923978,0.06487517008049921,0.14700420319356702,1.0391192922622496,0.8576970505138338,0.00013435011575264004,0.1263325211610239,0,0,0.8181818181818182,0.8181818181818182,0.015436259183016691,0.03588294711979953,0.0006321119991215793,0.0008791847662492232,1.0732173050108833,0.7306177968772645,0.034232362864386315,-0.000746732475545396,0,0,1.2756071307442404e-05,2.555616877295754e-05
0.6,67,delete,all,448,29,435,0,1.544539373257608,0.807809623382865,0.7655172413793103,0.7637650625236833,8.010349728378747,33.885923885061366,0.24154322483446491,1.2735661734224997,8.006272195637077,33.861982616883,1.3734722335197154,1.9151505271577258,9.446271828242711e-07,1.9073486328125e-06,1.0252447931894234e-07,4.76837158203125e-07,0,0,448,0.0,0.0,0,448,1.4706426148944122e-17,2.7755575615628914e-16,0,448,1.0440791291849954e-07,5.960464477539062e-07,0,0.7655172413793103,0.7623031880286272,-0.02853878328668153,0.19057486441202595,-0.003118615979993982,0.3230627530720085,1.5189297673432758,0.9756281465860303,-0.025609605914332017,0.16781852320316534,19,19,0.7655172413793103,0.7637650625236833,2.9542410629801452e-05,0.000327315620130061,0.017433306917415133,0.31200467445887625,1.5443491064379766,0.9622694248635381,-0.0001902668196311838,0.15445980148067306,0,0,0.7655172413793103,0.7623031880286272,-0.028535850492646984,0.19027995296034664,0.004305663842907441,0.010466696902377797,1.5188825065851959,0.8073243058970329,-0.025656866672412154,-0.0004853174858321825,19,19,-3.247520466434902e-05,0.00011178311355511792
0.6,67,delete,1,95,26,93,0,2.189371522205179,0.8887704002480821,0.6451612903225806,0.6397907585004359,11.459109884913707,33.885923885061366,0.33563005609738444,1.2735661734224997,11.453841327626453,33.861982616883,1.1588449857869132,1.4508262642840921,7.792523032740543e-07,1.9073486328125e-06,9.39165291033293e-08,2.980232238769531e-07,0,0,95,0.0,0.0,0,95,2.4463738098510097e-17,2.7755575615628914e-16,0,95,9.603406253613924e-08,3.5762786865234375e-07,0,0.6021505376344086,0.5780721722070696,-0.06477184795627469,0.34629134878908335,-0.025891745051271037,0.37100036289346844,2.2112045772988744,1.2029266195737065,0.021833055093695188,0.31415621932562443,7,11,0.6451612903225806,0.6397907585004359,-3.3866320001451594e-06,0.0004707587294672665,-0.01676305171690489,0.3486141243263295,2.1890401855677077,1.1632666963888108,-0.0003313366374714431,0.2744962961407287,0,0,0.6021505376344086,0.5780721722070696,-0.06469932533800601,0.3458832543735441,0.015940108660020328,0.020007340453172984,2.2109659839350675,0.8915702733690266,0.021594461729888263,0.0027998731209442932,7,11,-6.913598626852035e-05,0.0001987567759658161
0.6,67,delete,2,94,27,91,0,0.8900036664344037,0.8745096011491648,0.8681318681318682,0.8665668696628449,6.366569271932821,22.864496050166718,0.20919686126613793,1.010644074609816,6.362730448485558,22.84214915857406,1.5686621359217137,1.9151505271577258,1.03230172015251e-06,1.9073486328125e-06,1.21428611430716e-07,4.76837158203125e-07,0,0,94,0.0,0.0,0,94,1.1201623254919698e-17,1.249000902703301e-16,0,94,1.2388571779778664e-07,4.76837158203125e-07,0,0.8571428571428571,0.8549179567998517,-0.012543641110049917,0.07089012282642912,-0.04710035969285255,0.33377230753923987,0.8995133859708124,0.9237887811863301,0.009509719536408733,0.049279180037165395,0,1,0.8681318681318682,0.8665668696628449,-5.2628285707311425e-05,0.0003092736798398038,-0.023981579599228312,0.32129175342777944,0.8900013510480081,0.9190613076253284,-2.3153863955111105e-06,0.044551706476163716,0,0,0.8571428571428571,0.8549179567998517,-0.0125088576782257,0.07061698184685504,-0.0011854707956948179,0.0051438559163758096,0.8994446944209027,0.871888851741388,0.009441027986499146,-0.0026207494077768404,0,1,1.7844853883093976e-05,4.91567907181192e-05
0.6,67,delete,3,45,21,44,0,0.6405726515602166,0.7470262576864033,0.9090909090909091,0.9090909090909091,5.525510392101855,19.116374906700035,0.19065073845361988,0.8370865856525923,5.521835624174135,19.098038528121972,1.4391650579312356,1.727109572319957,9.27183363172743e-07,1.9073486328125e-06,1.1887815263536241e-07,4.76837158203125e-07,0,0,45,0.0,0.0,0,45,1.2869780954673073e-17,1.6653345369377348e-16,0,45,1.0828177134195963e-07,2.980232238769531e-07,0,0.9090909090909091,0.9090909090909091,6.587356328964233e-05,0.06268704715702268,0.033847240110238395,0.27506788157754475,0.6164255390917285,0.9531940985420129,-0.024147112468488018,0.2061678408556094,0,0,0.9090909090909091,0.9090909090909091,2.7956068515777587e-05,0.0002997154990832011,0.05197412851783964,0.2716852547393905,0.6403997908847019,0.9440984331918716,-0.00017286067551460906,0.19707217550546813,0,0,0.9090909090909091,0.9090909090909091,2.837048636542426e-05,0.06242688794930776,-0.0009257020221816169,0.0043840509321954515,0.6165062654962269,0.7488469730834321,-0.02406638606398966,0.0018207153970286297,0,0,9.547008408440484e-06,4.8718518680996364e-05
0.6,67,delete,4,100,27,98,0,2.171611812911356,0.6817015509347881,0.6836734693877551,0.6814942193093453,9.220583160575211,32.611689575125396,0.23124587715782416,0.8739857304608686,9.21731709268105,32.60309649818886,1.3577614159734308,1.6783393130996893,9.763240814208984e-07,1.9073486328125e-06,9.485986083745957e-08,4.76837158203125e-07,0,0,100,0.0,0.0,0,100,1.440003444177357e-17,1.942890293094024e-16,0,100,9.138137102127076e-08,3.5762786865234375e-07,0,0.7142857142857143,0.7117346938775511,-0.057088282932527365,0.25815943487454207,-0.008115816116333007,0.31472386345267295,2.177696139786392,0.8764622128345344,0.006084326875036252,0.19476066189974645,7,4,0.6836734693877551,0.6814942193093453,5.29305636882782e-05,0.0002749316394329071,0.020555138736963272,0.3034665581583977,2.171377350604871,0.8662663346328026,-0.00023446230648495935,0.1845647836980146,0,0,0.7142857142857143,0.7117346938775511,-0.05707403851673007,0.25790275203064084,0.004751448407769203,0.013430769369006158,2.1775956048246017,0.6794092461076991,0.005983791913246082,-0.002292304827088901,7,4,-6.717497948557139e-05,0.00012767175678163767
0.6,67,delete,5,39,19,38,0,2.3432560097243256,0.7578969611172317,0.6842105263157895,0.6889097744360901,8.842237025845172,26.290742377204534,0.24301314871647628,0.8380807647308149,8.838637890123533,26.277381060073825,1.3478113779988845,1.5826914888683963,9.964673947065305e-07,1.9073486328125e-06,9.380089930998973e-08,2.384185791015625e-07,0,0,39,0.0,0.0,0,39,1.330684416377802e-17,1.1102230246251565e-16,0,39,1.1194974948198367e-07,5.960464477539062e-07,0,0.6842105263157895,0.6889097744360901,-0.021245365914626,0.29458158157574826,0.006965086055107606,0.3249004523341472,2.116467376054671,0.7237077170645941,-0.22678863366965438,-0.034189244052637534,3,3,0.6842105263157895,0.6889097744360901,0.00011613105352108295,0.000287079849304297,0.0497867736296776,0.3209171107946298,2.34325517919306,0.7097797768908579,-8.305312659031617e-07,-0.04811718422637371,0,0,0.6842105263157895,0.6889097744360901,-0.021257710189391404,0.2943643746085656,-0.00022648762051875776,0.012166033284022259,2.116477747221299,0.7552978767925738,-0.2267782625030263,-0.0025990843246580134,3,3,-0.00010378677875567705,0.0001582959905648843
0.6,67,delete,6,53,27,49,0,0.7560640801370827,0.9024015646270457,0.8775510204081632,0.876600985221675,5.133403177813514,14.2753697823618,0.19312445959777416,0.6055709925479887,5.129486490951902,14.263291012083982,1.4164447796069184,1.5949096406640069,9.89662026459316e-07,1.9073486328125e-06,9.939671968514065e-08,2.980232238769531e-07,0,0,53,0.0,0.0,0,53,9.005846076252382e-18,1.1796119636642288e-16,0,53,9.545177783606187e-08,2.980232238769531e-07,0,0.9183673469387755,0.9183673469387755,0.001664710696786642,0.07272904766020628,0.009754833888332799,0.2762234960243387,0.6944697146777271,1.1585748027856102,-0.06159436545935554,0.2561732381585644,2,0,0.8775510204081632,0.876600985221675,4.081856810821677e-05,0.0002550965631907841,0.021953342869034352,0.27215092355069126,0.7558048728194431,1.1640220569643778,-0.0002592073176396109,0.26162049233733187,0,0,0.9183673469387755,0.9183673469387755,0.0016167916902253088,0.0724682959306212,0.0006316434943451072,0.003845850392332617,0.6946101523155257,0.9040764737776199,-0.06145392782155691,0.001674909150573977,2,0,7.100438453116507e-06,6.543511067921261e-05
0.6,67,delete,7,22,17,22,0,1.038984942146497,0.73136452935281,0.8181818181818182,0.8181818181818182,5.179083252318591,13.399768395526852,0.23841019694326776,0.666049276718921,5.173380966911176,13.38320482600272,1.3452845420483113,1.4732371910139421,9.753487326882102e-07,1.9073486328125e-06,8.331103758378462e-08,3.5762786865234375e-07,0,0,22,0.0,0.0,0,22,8.911402629076878e-18,4.163336342344337e-17,0,22,1.1683865026994185e-07,2.980232238769531e-07,0,0.8181818181818182,0.8181818181818182,0.04514802247285843,0.08345489813522859,0.18135549483651464,0.3159580930051478,0.9547253119690647,0.7181006431147235,-0.08425963017743222,-0.013263886238086527,0,0,0.8181818181818182,0.8181818181818182,0.00023910064588893545,0.0003248636018146168,0.18896904062818398,0.3157304080033844,1.0385963253868207,0.7140436359262362,-0.00038861675967646637,-0.017320893426573714,0,0,0.8181818181818182,0.8181818181818182,0.044895246624946594,0.08309081874110481,0.0030876816335049543,0.00391799160702662,0.9550218434830657,0.7278569228851892,-0.08396309866343127,-0.0035076064676208734,0,0,1.3675202022899281e-05,8.977678689089689e-05
0.6,68,control,all,448,29,435,0,1.544539373257608,0.8017589542366083,0.7655172413793103,0.7637650625236833,2.2762521027818114,13.713503819350622,0.08029525796485613,0.4678395902048013,2.2745017718880556,13.7072243511003,1.219926167274873,1.712447859871526,9.435628141675676e-07,1.9073486328125e-06,1.1233454902789422e-07,5.960464477539062e-07,0,0,448,0.0,0.0,0,448,1.8059401816578545e-18,3.8163916471489756e-17,0,448,1.1477719194122723e-07,5.960464477539062e-07,0,0.7701149425287356,0.768397120121258,0.009699111099637645,0.041797552883508615,0.04079160215665719,0.09530605625228158,1.555259354644167,0.8366007928792244,0.010719981386559201,0.034841838642616155,3,1,0.7655172413793103,0.7637650625236833,3.324417256018413e-05,7.93009509964447e-05,0.041623751275307895,0.09574476450714949,1.5445644531151468,0.8378438511640559,2.5079857538887395e-05,0.03608489692744766,0,0,0.7701149425287356,0.768397120121258,0.009668268088717014,0.04172715506449874,-0.0005587850963430745,0.000777505271668945,1.5552270403232407,0.801364577355527,0.010687667065632749,-0.00039437688108137246,3,1,-2.401161639552031e-06,1.0425669773082649e-05
0.6,68,control,1,95,26,93,0,2.189371522205179,0.8480270051114891,0.6451612903225806,0.6397907585004359,2.7482917851011024,13.713503819350622,0.09004436633493916,0.4624626591177719,2.746621204760732,13.7072243511003,1.0406915076229442,1.376530682477406,7.892909802888569e-07,1.9073486328125e-06,9.874960309580752e-08,3.5762786865234375e-07,0,0,95,0.0,0.0,0,95,2.005311494528301e-18,3.8163916471489756e-17,0,95,8.038784328259919e-08,3.5762786865234375e-07,0,0.6559139784946236,0.6517157997633379,0.020561048908061104,0.06241270512538521,0.040998024885591705,0.09372814583935235,2.150887294500592,0.8937594753386323,-0.038484227704587225,0.04573247022714314,2,1,0.6451612903225806,0.6397907585004359,3.8349579431508716e-05,8.735353813359612e-05,0.040553340982449684,0.09405019373485916,2.189343993828372,0.896532959502346,-2.752837680676012e-05,0.04850595439085715,0,0,0.6559139784946236,0.6517157997633379,0.02052832788934833,0.0623379916933022,-0.0005854411344779166,0.0008570515011486255,2.1509029104707666,0.8473964215951723,-0.038468611734412315,-0.0006305835163168236,2,1,-5.6285607187371505e-06,1.6366964892337198e-05
0.6,68,control,2,94,27,91,0,0.8900036664344037,0.9401204022968064,0.8681318681318682,0.8665668696628449,1.6635934570129551,5.449084689103302,0.06421114590585393,0.30857003720227283,1.661938592760126,5.442284908248894,1.3874846867541482,1.712447859871526,1.0170835129758144e-06,1.9073486328125e-06,1.1669273706192666e-07,5.960464477539062e-07,0,0,94,0.0,0.0,0,94,1.6298783685348859e-18,3.122502256758253e-17,0,94,1.467922900585418e-07,5.960464477539062e-07,0,0.8681318681318682,0.8665668696628449,0.004402183471842015,0.01358168492925928,0.048436536830156404,0.08939552362611954,0.8892899190111005,0.9762748037781401,-0.0007137474233032451,0.03615440148133356,0,0,0.8681318681318682,0.8665668696628449,3.3231174692194515e-05,7.725998442223732e-05,0.05013184241474943,0.08980946615338326,0.8900181596338608,0.9782269818416078,1.4493199457251717e-05,0.03810657954480141,0,0,0.8681318681318682,0.8665668696628449,0.004367994164374281,0.013511810233776874,-0.0009039662619854541,0.0009189636466350961,0.8892719708132284,0.9393566944288436,-0.0007316956211752498,-0.0007637078679626524,0,0,9.581327755400474e-07,2.4510626780225875e-06
0.6,68,control,3,45,21,44,0,0.6405726515602166,0.7084493844733802,0.9090909090909091,0.9090909090909091,1.5560533570119675,6.766684303653702,0.05355291400005104,0.2889511443347829,1.5549319961717871,6.760512088703119,1.3674272521194095,1.6101264349242177,9.27183363172743e-07,1.9073486328125e-06,1.7119778527153863e-07,4.76837158203125e-07,0,0,45,0.0,0.0,0,45,7.115076756936123e-19,6.938893903907228e-18,0,45,1.4619694815741646e-07,4.76837158203125e-07,0,0.9090909090909091,0.9090909090909091,0.00600839141342375,0.012567548784944746,0.03222945498095618,0.06963077618016136,0.64539166056837,0.743951528947032,0.0048190090081535655,0.035502144473651784,0,0,0.9090909090909091,0.9090909090909091,4.9536426862080894e-05,7.502072387271457e-05,0.03436728103293313,0.0709127974179056,0.6405746205650177,0.7449640236505382,1.9690048011611337e-06,0.03651463917715812,0,0,0.9090909090909091,0.9090909090909091,0.005960675577322642,0.01251146180762185,-0.0009010483821233114,0.0009391503201590644,0.6453860734549296,0.7081029984726583,0.004813421894713056,-0.0003463860007219494,0,0,-1.8205907609727647e-06,3.8034386105007595e-06
0.6,68,control,4,100,27,98,0,2.171611812911356,0.7042104488927933,0.6836734693877551,0.6814942193093453,3.1127846088950246,13.535029468617275,0.09166447389124315,0.4678395902048013,3.1111799275614413,13.526941592029408,1.1378465167759086,1.5342470924071527,9.763240814208984e-07,1.9073486328125e-06,8.702278137207031e-08,4.76837158203125e-07,0,0,100,0.0,0.0,0,100,2.2062074254069684e-18,2.7755575615628914e-17,0,100,8.516013622283935e-08,4.76837158203125e-07,0,0.6938775510204082,0.6911443148688047,0.016058759819716214,0.068771440256387,0.049459485113620756,0.1013766573369503,2.2182639030708464,0.7327796780336483,0.046652090159490844,0.02856922914085501,1,0,0.6836734693877551,0.6814942193093453,2.8127580881118773e-05,6.069689989089966e-05,0.04986543916165829,0.10195466466248035,2.1716542561931305,0.7331842988358716,4.244328177421153e-05,0.028973849943078157,0,0,0.6938775510204082,0.6911443148688047,0.016037499736994504,0.06871350692585111,-0.00017071329057216644,0.0007686441391706467,2.218217293537464,0.703869898454847,0.04660548062610829,-0.0003405504379463148,1,0,-6.867498159408569e-06,1.4763474464416504e-05
0.6,68,control,5,39,19,38,0,2.3432560097243256,0.7767365479217514,0.6842105263157895,0.6889097744360901,2.1107064379117864,7.380363155018575,0.07266905076273773,0.23444544764083447,2.109229628197463,7.376638817960152,1.1966398000991119,1.3869681468189903,1.0209205823066907e-06,1.9073486328125e-06,1.1156766842573117e-07,4.172325134277344e-07,0,0,39,0.0,0.0,0,39,1.359422723962594e-18,1.0408340855860843e-17,0,39,1.0994382393665803e-07,4.76837158203125e-07,0,0.6842105263157895,0.6889097744360901,-0.011085796241576854,0.05391552146428671,-0.0038451837996641793,0.08473872135464962,2.3951179420291586,0.7968387125069178,0.05186193230483356,0.02010216458516646,0,0,0.6842105263157895,0.6889097744360901,-4.68985392497136e-06,5.9550580305930896e-05,-0.003153079404280736,0.08516546969230358,2.343281887031391,0.7971137838285659,2.5877307065910096e-05,0.020377235906814433,0,0,0.6842105263157895,0.6889097744360901,-0.01107357939084371,0.05386188702705579,-0.00048286735247343016,0.0006368719996550145,2.395072373257446,0.7767009516051022,0.05181636353312033,-3.559631664920784e-05,0,0,-7.526996808174329e-06,1.0331471761067709e-05
0.6,68,control,6,53,27,49,0,0.7560640801370827,0.793149198945404,0.8775510204081632,0.876600985221675,1.66433211004984,5.3065222082543855,0.08130065576985374,0.32936648461817863,1.6620211086844967,5.300765006030664,1.2754683584488196,1.5371441469325497,9.626712439195166e-07,1.9073486328125e-06,1.252892444718559e-07,3.5762786865234375e-07,0,0,53,0.0,0.0,0,53,1.4617271543398043e-18,1.3877787807814457e-17,0,53,1.4437257118944852e-07,4.76837158203125e-07,0,0.8775510204081632,0.876600985221675,0.003635658864986222,0.022282614847118,0.042889149262095395,0.10397935686808712,0.7723818688255896,0.7887582582569759,0.016317788688506966,-0.00439094068842794,0,0,0.8775510204081632,0.876600985221675,3.536052580149668e-05,9.087930029293277e-05,0.04405415058135986,0.10372642273048185,0.7561376906049859,0.7893856624821506,7.361046790329018e-05,-0.0037635364632533407,0,0,0.8775510204081632,0.876600985221675,0.003598455515391422,0.022201501008755755,-0.00044456785017589354,0.0004959076924144097,0.7722985844980875,0.7930558017927429,0.0162345043610048,-9.339715266108428e-05,0,0,1.8428237933032918e-06,6.1619113076407955e-06
0.6,68,control,7,22,17,22,0,1.038984942146497,0.7101467314942306,0.8181818181818182,0.8181818181818182,2.2939737561903053,7.56980388168025,0.12103894530047406,0.404318316085932,2.290388399557887,7.558998445983358,1.25681890615711,1.4278085144423907,9.970231489701704e-07,1.9073486328125e-06,1.1717731302434747e-07,3.5762786865234375e-07,0,0,22,0.0,0.0,0,22,3.737292245399585e-18,1.734723475976807e-17,0,22,1.341104507446289e-07,4.76837158203125e-07,0,0.8181818181818182,0.8181818181818182,0.015522700819102201,0.036047758026556534,0.059425191445784134,0.15013606439937244,1.0733541680196532,0.8401586098275687,0.034369225873156294,0.13001187833333827,0,0,0.8181818181818182,0.8181818181818182,6.33339990269054e-05,0.00015368651260029185,0.0607958429239013,0.15051364560018887,1.0391324470581862,0.8392449657697086,0.00014750491168926482,0.1290982342754782,0,0,0.8181818181818182,0.8181818181818182,0.015444208275188099,0.0359039306640625,-0.00044243444095958364,0.00046693601391532206,1.0732100963176447,0.7106464519570309,0.03422515417114778,0.0004997204628003853,0,0,1.5158544887195934e-05,2.3110346360640094e-05
0.6,68,delete,all,448,29,435,0,1.544539373257608,0.8017589542366083,0.7655172413793103,0.7637650625236833,8.010349728378747,33.885923885061366,0.2725581795578529,1.3134396232462302,8.005122503173883,33.860459446089315,1.219926167274873,1.712447859871526,9.446271828242711e-07,1.9073486328125e-06,1.0252447931894234e-07,4.76837158203125e-07,0,0,448,0.0,0.0,0,448,1.7455968832974756e-17,3.3306690738754696e-16,0,448,1.1477719194122723e-07,5.960464477539062e-07,0,0.7655172413793103,0.7623031880286272,-0.02853878328668153,0.19057486441202595,-0.005412541205129985,0.3228159274856028,1.5189297673432758,0.9561298744448689,-0.025609605914332017,0.1543709202082606,19,19,0.7655172413793103,0.7637650625236833,1.686947195724185e-05,0.00028600248333532363,-0.0024868175969459116,0.3144459679440063,1.5443482910285848,0.9482614205172338,-0.0001910822290230187,0.14650246628062555,0,0,0.7655172413793103,0.7623031880286272,-0.028519642508139702,0.190314201216097,-0.003733087073279811,0.007702126674952784,1.5189133914007829,0.7984914087601985,-0.025625981856825082,-0.0032675454764097027,19,19,-3.601025049907288e-05,9.976559418386646e-05
0.6,68,delete,1,95,26,93,0,2.189371522205179,0.8480270051114891,0.6451612903225806,0.6397907585004359,11.459109884913707,33.885923885061366,0.3609415447701758,1.3134396232462302,11.452840915663385,33.860459446089315,1.0406915076229442,1.376530682477406,7.792523032740543e-07,1.9073486328125e-06,9.39165291033293e-08,2.980232238769531e-07,0,0,95,0.0,0.0,0,95,2.668506862848007e-17,3.3306690738754696e-16,0,95,8.038784328259919e-08,3.5762786865234375e-07,0,0.6021505376344086,0.5780721722070696,-0.06477184795627469,0.34629134878908335,-0.02408647494096505,0.3664006911218166,2.2112045772988744,1.1636966609337798,0.021833055093695188,0.3156696558222905,7,11,0.6451612903225806,0.6397907585004359,2.5533894567113173e-05,0.0003743977432972506,-0.04252783291433987,0.347008061840346,2.1890904309954595,1.1263253300952696,-0.00028109120971987246,0.2782983249837806,0,0,0.6021505376344086,0.5780721722070696,-0.06468150137286437,0.345954099062242,-0.0011441262929063095,0.009942373084394555,2.211005636187608,0.8501124513932358,0.021634113982428656,0.002085446281746723,7,11,-0.00011588047797742643,0.000202708348239723
0.6,68,delete,2,94,27,91,0,0.8900036664344037,0.9401204022968064,0.8681318681318682,0.8665668696628449,6.366569271932821,22.864496050166718,0.2423866995154456,1.1652963954457023,6.361409392388634,22.834781889452128,1.3874846867541482,1.712447859871526,1.03230172015251e-06,1.9073486328125e-06,1.21428611430716e-07,4.76837158203125e-07,0,0,94,0.0,0.0,0,94,1.5822341169001517e-17,2.7755575615628914e-16,0,94,1.467922900585418e-07,5.960464477539062e-07,0,0.8571428571428571,0.8549179567998517,-0.012543641110049917,0.07089012282642912,-0.04836890680041719,0.34317983457065643,0.8995133859708124,0.9623812980438412,0.009509719536408733,0.022260895747034794,0,1,0.8681318681318682,0.8665668696628449,-5.5530207588317547e-05,0.00033293846756853957,-0.029488345092915473,0.33299810613723513,0.8899520443976602,0.9627878893954717,-5.162203674355558e-05,0.022667487098665156,0,0,0.8571428571428571,0.8549179567998517,-0.01250880647529947,0.07059574832624578,-0.0097596203472386,0.009824235745249911,0.8994674260015028,0.9299278593216943,0.00946375956709896,-0.010192542975112101,0,1,2.069557283787017e-05,4.445737663735735e-05
0.6,68,delete,3,45,21,44,0,0.6405726515602166,0.7084493844733802,0.9090909090909091,0.9090909090909091,5.525510392101855,19.116374906700035,0.20866561447193324,0.8835835726601866,5.521093657169324,19.095943800808477,1.3674272521194095,1.6101264349242177,9.27183363172743e-07,1.9073486328125e-06,1.1887815263536241e-07,4.76837158203125e-07,0,0,45,0.0,0.0,0,45,8.32072463110351e-18,1.1102230246251565e-16,0,45,1.4619694815741646e-07,4.76837158203125e-07,0,0.9090909090909091,0.9090909090909091,6.587356328964233e-05,0.06268704715702268,0.03921242935789956,0.27201822714673146,0.6164255390917285,0.9190633252969461,-0.024147112468488018,0.21061394082356572,0,0,0.9090909090909091,0.9090909090909091,4.082520802815755e-05,0.0002823008431328668,0.05464199996656842,0.26984431627723904,0.6404090157629018,0.9178455545403864,-0.0001636357973147441,0.20939617006700628,0,0,0.9090909090909091,0.9090909090909091,8.811056613922118e-06,0.062443134685357414,-0.006346177558104197,0.006415366629759471,0.6165038599066458,0.7080191151608743,-0.024068791653570745,-0.00043026931250593204,0,0,1.6237298647562664e-05,4.366139570871989e-05
0.6,68,delete,4,100,27,98,0,2.171611812911356,0.7042104488927933,0.6836734693877551,0.6814942193093453,9.220583160575211,32.611689575125396,0.25330406535692435,0.8685546753255352,9.216766201688639,32.60224986307102,1.1378465167759086,1.5342470924071527,9.763240814208984e-07,1.9073486328125e-06,9.485986083745957e-08,4.76837158203125e-07,0,0,100,0.0,0.0,0,100,1.3324251776783771e-17,1.6653345369377348e-16,0,100,8.516013622283935e-08,4.76837158203125e-07,0,0.7142857142857143,0.7117346938775511,-0.057088282932527365,0.25815943487454207,-0.025347943939268588,0.2812663584575057,2.177696139786392,0.8940226450703797,0.006084326875036252,0.18981219617758646,7,4,0.6836734693877551,0.6814942193093453,1.321658492088318e-05,0.0001746128499507904,-0.033014867603778836,0.27734564498066905,2.1714129086919898,0.8958874200648497,-0.00019890421936586967,0.19167697117205634,0,0,0.7142857142857143,0.7117346938775511,-0.057048292038962244,0.2579856346827,0.001054225116968155,0.007964610755443573,2.177650442300946,0.6978755463054105,0.006038629389590096,-0.006334902587382994,7,4,-5.320747848600149e-05,8.982041385024786e-05
0.6,68,delete,5,39,19,38,0,2.3432560097243256,0.7767365479217514,0.6842105263157895,0.6889097744360901,8.842237025845172,26.290742377204534,0.32052108806003227,1.0635129113249027,8.835998163873294,26.269222962089753,1.1966398000991119,1.3869681468189903,9.964673947065305e-07,1.9073486328125e-06,9.380089930998973e-08,2.384185791015625e-07,0,0,39,0.0,0.0,0,39,2.672141354341197e-17,2.498001805406602e-16,0,39,1.0994382393665803e-07,4.76837158203125e-07,0,0.6842105263157895,0.6889097744360901,-0.021245365914626,0.29458158157574826,0.01206475916581276,0.37948206601998746,2.116467376054671,0.7189084321816512,-0.22678863366965438,-0.05782811574010003,3,3,0.6842105263157895,0.6889097744360901,7.665825959963676e-05,0.00030794453162413376,0.029225607904104087,0.3719895598598016,2.3431031283794104,0.7119509068190915,-0.00015288134491488227,-0.06478564110265994,0,0,0.6842105263157895,0.6889097744360901,-0.021220907759972107,0.294362101990443,-0.006676950706885411,0.007194498219551184,2.116547235159957,0.7761841775547903,-0.22670877456436836,-0.0005523703669610442,3,3,-0.0001011164142535283,0.000156803581959162
0.6,68,delete,6,53,27,49,0,0.7560640801370827,0.793149198945404,0.8775510204081632,0.876600985221675,5.133403177813514,14.2753697823618,0.2309125103722224,0.7344049996434989,5.127841658201465,14.257922460841,1.2754683584488196,1.5371441469325497,9.89662026459316e-07,1.9073486328125e-06,9.939671968514065e-08,2.980232238769531e-07,0,0,53,0.0,0.0,0,53,1.514296735944539e-17,1.942890293094024e-16,0,53,1.4437257118944852e-07,4.76837158203125e-07,0,0.9183673469387755,0.9183673469387755,0.001664710696786642,0.07272904766020628,0.012348669879841354,0.2948024182949426,0.6944697146777271,0.9927885944980195,-0.06159436545935554,0.1996393955526155,2,0,0.8775510204081632,0.876600985221675,1.3033314695898093e-05,0.0002530364776557347,0.022813016513608536,0.29104103738406917,0.755803805430153,0.9962534039231421,-0.00026027470692955115,0.203104204977738,0,0,0.9183673469387755,0.9183673469387755,0.0016355067842973854,0.07246818158002395,-0.003018212908843778,0.003186378135996045,0.6946258205124256,0.7915316200652899,-0.06143825962465705,-0.0016175788801141954,2,0,1.6170597793358678e-05,5.038872466615911e-05
0.6,68,delete,7,22,17,22,0,1.038984942146497,0.7101467314942306,0.8181818181818182,0.8181818181818182,5.179083252318591,13.399768395526852,0.2533283301500468,0.6620665141659975,5.172597296914879,13.383402444243405,1.25681890615711,1.4278085144423907,9.753487326882102e-07,1.9073486328125e-06,8.331103758378462e-08,3.5762786865234375e-07,0,0,22,0.0,0.0,0,22,1.1196466511783367e-17,6.245004513516506e-17,0,22,1.341104507446289e-07,4.76837158203125e-07,0,0.8181818181818182,0.8181818181818182,0.04514802247285843,0.08345489813522859,0.1843319936570796,0.307399117980491,0.9547253119690647,0.7234463835268689,-0.08425963017743222,0.013299652032638377,0,0,0.8181818181818182,0.8181818181818182,0.00015965510498393667,0.0002581599083813754,0.1905301118438894,0.3088126927614212,1.0386650449878454,0.7208563952191971,-0.0003198971586515094,0.010709663724966623,0,0,0.8181818181818182,0.8181818181818182,0.044960765676064926,0.08316737548871474,-0.002082039009441029,0.002178777347911488,0.954977149149824,0.7127034484133965,-0.08400779299667302,0.0025567169191659748,0,0,2.7601691809567537e-05,6.936151872981678e-05
0.7,66,control,all,324,23,311,0,1.4977131650731703,0.7339304422567057,0.7909967845659164,0.781605681592336,1.639742838339826,11.84186229518141,0.028645342980864064,0.21855384603414568,1.6393769119038266,11.839845304497134,2.3141265396315913,2.9677513359222822,8.846874590273257e-07,1.9073486328125e-06,8.475610319479013e-08,3.5762786865234375e-07,0,0,324,0.0,0.0,0,324,4.0809570289104556e-19,1.0408340855860843e-17,0,324,1.328341938831188e-07,7.152557373046875e-07,0,0.7909967845659164,0.7823761499033942,0.005386434677976793,0.019962781946818678,-0.007173129564358128,0.0659393808103086,1.4984743988371834,0.740736008958792,0.0007612337640127231,0.006805566702086307,2,2,0.7909967845659164,0.781605681592336,-6.303209868938099e-06,5.088760776238309e-05,-0.0064430845108021184,0.06609229100178238,1.4976994377180337,0.7411478020308796,-1.3727355136881866e-05,0.00721735977417398,0,0,0.7909967845659164,0.7823761499033942,0.005390740532922432,0.0199286488307364,-0.00011284345829928363,0.0009774322173109762,1.4984824406196835,0.7337928278490606,0.0007692755465127321,-0.00013761440764502292,2,2,1.9973549232990655e-06,2.6700227739818304e-06
0.7,66,control,1,85,22,82,0,1.9013546245469122,0.7893123605309724,0.6951219512195121,0.669895635126564,1.692356687120581,11.84186229518141,0.025934230467176304,0.21855384603414568,1.6920908899596607,11.839845304497134,2.316562800441089,2.766796962080579,8.828499737907859e-07,1.430511474609375e-06,6.58718978657442e-08,3.5762786865234375e-07,0,0,85,0.0,0.0,0,85,4.876680086514792e-19,1.0408340855860843e-17,0,85,1.3012219877804027e-07,5.960464477539062e-07,0,0.6829268292682927,0.6596930193439865,0.013594124948277194,0.029778720789095936,0.01330113897428793,0.057907270903096476,1.8954615977604088,0.7819912246117394,-0.005893026786503376,-0.007321135919232876,1,2,0.6951219512195121,0.669895635126564,9.989168714074528e-06,3.710332162239972e-05,0.013883572466233198,0.05821666217902127,1.9013390432549488,0.7829409334499161,-1.5581291962990353e-05,-0.006371427081056301,0,0,0.6829268292682927,0.6596930193439865,0.013582488456193139,0.02975204849944395,0.0003199805669924792,0.0010928667205221513,1.8954695859393556,0.7891721840591985,-0.005885038607556577,-0.0001401764717737028,1,2,1.6473233699798584e-06,2.1124149070066563e-06
0.7,66,control,2,100,20,92,0,0.9717774941646833,0.6484682607454307,0.8913043478260869,0.888499298737728,1.6244093241957904,7.081599652592738,0.03484141206546028,0.18769848369960218,1.6238925376660465,7.080481162143621,2.3533434305589007,2.9677513359222822,8.606910705566406e-07,1.430511474609375e-06,9.804964065551758e-08,3.5762786865234375e-07,0,0,100,0.0,0.0,0,100,4.650835567224709e-19,8.673617379884035e-18,0,100,1.2800097465515137e-07,7.152557373046875e-07,0,0.8913043478260869,0.888499298737728,0.0006475028023123741,0.011544458232820035,-0.03491163909435272,0.08349366575479507,0.971148692758792,0.679703588829166,-0.0006288014058913677,0.031235328083735362,0,0,0.8913043478260869,0.888499298737728,-2.2790282964706422e-05,6.289079785346984e-05,-0.03345292363315821,0.08306021731346845,0.9717408447317165,0.6791093198062568,-3.6649432966940343e-05,0.030641059060825943,0,0,0.8913043478260869,0.888499298737728,0.0006680454313755035,0.011505370885133743,-0.0008860182389616966,0.001075095720589161,0.9711799123705833,0.6484579505442014,-0.0005975817941002226,-1.0310201229309091e-05,0,0,2.247653901576996e-06,2.8622522950172426e-06
0.7,66,control,3,19,13,18,0,0.8289274958942465,0.5922203167158384,0.8888888888888888,0.882051282051282,1.7054606852868484,4.2372940488010435,0.040458876468722434,0.15675249818788214,1.7048439146876793,4.234393641398565,2.0612056237219485,2.39202907727593,8.030941611842105e-07,9.5367431640625e-07,1.2234637611790708e-07,3.5762786865234375e-07,0,0,19,0.0,0.0,0,19,8.253778812475227e-19,8.673617379884035e-18,0,19,1.2940482089394017e-07,3.5762786865234375e-07,0,0.8888888888888888,0.882051282051282,0.00528452898326673,0.01364051668267501,0.017266971892432162,0.08386118827681792,0.8260734106475313,0.5701668211243562,-0.002854085246715318,-0.022053495591482092,0,0,0.8888888888888888,0.882051282051282,1.9304062190808747e-05,8.013217072737844e-05,0.0180791947794588,0.08390621782133453,0.8290167408297514,0.5693939196420799,8.924493550477308e-05,-0.022826397073758577,0,0,0.8888888888888888,0.882051282051282,0.005261951371243126,0.013586612124192087,-0.0004897415637969971,0.0006413255867205168,0.825977516828418,0.5925900509337396,-0.0029499790658285008,0.0003697342179011958,0,0,3.2735498327957955e-06,3.6594114805522716e-06
0.7,66,control,4,78,21,77,0,2.0923000622815846,0.8280746682068431,0.7662337662337663,0.7602597402597403,1.8449824011090181,9.114699234380726,0.02192374186410637,0.14790027906226996,1.8447721408594442,9.113756594311267,2.4234109005365023,2.8787541609043887,9.460326952811999e-07,1.9073486328125e-06,6.765222702270899e-08,2.8312206268310547e-07,0,0,78,0.0,0.0,0,78,2.658611088948486e-19,6.938893903907228e-18,0,78,1.3826558223137488e-07,4.76837158203125e-07,0,0.7792207792207793,0.7747605929424111,0.005127360226395421,0.027113664984846346,0.0015470954374625133,0.05252233095085009,2.1036484900134393,0.8273802677769393,0.011348427731854793,-0.0006944004299036807,1,0,0.7662337662337663,0.7602597402597403,-3.002995911699075e-06,3.809660362700621e-05,0.0017198226534021206,0.05343494432954452,2.0922941871037595,0.8289196147435663,-5.875177825619885e-06,0.0008449465367233996,0,0,0.7792207792207793,0.7747605929424111,0.005128719981234425,0.02709049074194179,0.0004601072615537888,0.0011278590521751307,2.103650521252019,0.8275636656555738,0.011350458970434522,-0.0005110025512691836,1,0,1.6432410726944606e-06,2.8000869907629794e-06
0.7,66,control,5,12,8,12,0,1.3338051900493089,0.5780525814805761,0.5833333333333334,0.5555555555555555,0.7629390069476271,1.2479913046495186,0.010872950171996798,0.03458190806128416,0.7628110319089418,1.2478777546980258,2.0179332224439324,2.322643909960636,8.841355641682943e-07,9.5367431640625e-07,1.1672576268513997e-07,2.384185791015625e-07,0,0,12,0.0,0.0,0,12,2.9893204430183014e-20,1.3552527156068805e-19,0,12,1.7726173003514609e-07,4.172325134277344e-07,0,0.5833333333333334,0.5555555555555555,0.006515307041505973,0.008416963430742422,0.012551292466620604,0.021832204423844814,1.3449761017308701,0.5815366824846983,0.01117091168156146,0.0034841010041220984,0,0,0.5833333333333334,0.5555555555555555,1.286342740058899e-05,1.9280860821406048e-05,0.012571178687115511,0.02147975532958905,1.3338363711757026,0.5816029324809956,3.11811263939051e-05,0.003550351000419365,0,0,0.5833333333333334,0.5555555555555555,0.0065026528512438135,0.00840181577950716,3.293715417385101e-05,0.00034319298962752026,1.3449443705149404,0.5779728904822128,0.011139180465631596,-7.969099836343159e-05,0,0,-2.092371384302775e-07,5.991508563359579e-07
0.7,66,control,6,23,15,23,0,1.087350865363993,0.7987712835625559,0.8260869565217391,0.8167092924126171,1.4909447065494066,5.2203979638251745,0.03746490244159561,0.16696692434807892,1.4903981552289225,5.217727182105612,2.1919201300661464,2.5366662819787895,8.344650268554688e-07,1.430511474609375e-06,9.135059688402258e-08,2.384185791015625e-07,0,0,23,0.0,0.0,0,23,3.0379020790872713e-19,1.734723475976807e-18,0,23,1.2147685755854068e-07,3.5762786865234375e-07,0,0.8260869565217391,0.8167092924126171,-0.0026025143654450126,0.01084779786026996,-0.024468081476895706,0.08221410797989886,1.0808473263711924,0.8088288278042036,-0.006503538992800518,0.010057544241647579,0,0,0.8260869565217391,0.8167092924126171,-3.451108932495117e-05,8.755274440931237e-05,-0.024163545311793037,0.08235586321224338,1.0873069020757742,0.8085768384330217,-4.396328821875273e-05,0.009805554870465824,0,0,0.8260869565217391,0.8167092924126171,-0.0025721623197845793,0.01077348414970481,4.405139581016872e-05,0.00037639458542284757,1.0808820481015566,0.7992051804208873,-0.00646881726243627,0.00043389685833127446,0,0,4.15904366451761e-06,4.442813603774361e-06
0.7,66,control,7,7,5,7,0,0.9289162166905062,0.6721008477223585,0.8571428571428571,0.8507936507936508,0.7465788794733952,1.4308532387207331,0.017371664716751285,0.04232616199816136,0.7462841034841228,1.4307329473895858,2.1023569991200066,2.340666330316057,9.5367431640625e-07,1.430511474609375e-06,1.362391880580357e-07,2.384185791015625e-07,0,0,7,0.0,0.0,0,7,7.109026521598592e-20,2.168404344971009e-19,0,7,1.4475413731166294e-07,2.980232238769531e-07,0,0.8571428571428571,0.8507936507936508,0.0008982760565621513,0.00825223752430507,-1.7489705766950336e-05,0.03569420746394566,0.9282030552963115,0.6583600300652884,-0.0007131613941945757,-0.013740817657069979,0,0,0.8571428571428571,0.8507936507936508,-1.5062945229666574e-05,4.365614482334682e-05,0.0006979789052690778,0.03505407912390573,0.9289078284415505,0.6600370910296159,-8.388248955627984e-06,-0.012063756692742495,0,0,0.8571428571428571,0.8507936507936508,0.0009135050433022636,0.00822931102343968,-0.00044992991856166294,0.0004787445068359375,0.9282102412801861,0.6709821141858333,-0.0007059754103199621,-0.001118733536525188,0,0,-1.6604151044573102e-07,2.8525079999651227e-07
0.7,66,delete,all,324,23,311,0,1.4977131650731703,0.7339304422567057,0.7909967845659164,0.781605681592336,4.2451936271447215,24.516442687174454,0.09595541681126091,0.6539688278805051,4.243853610365445,24.508408410923632,2.3141265396315913,2.9677513359222822,8.879988281815141e-07,1.9073486328125e-06,8.317802883224723e-08,3.5762786865234375e-07,0,0,324,0.0,0.0,0,324,3.7918873058705e-18,6.938893903907228e-17,0,324,1.328341938831188e-07,7.152557373046875e-07,0,0.7684887459807074,0.7601604533443698,0.020406380047113346,0.07936270512427766,0.05068899243265206,0.2094604438573214,1.5365725130725096,0.8777443559623126,0.038859347999338864,0.1438139137056069,6,13,0.7909967845659164,0.781605681592336,3.453554229143961e-05,0.0001803383282903168,0.056282667345424864,0.20946777745920384,1.4977152604452224,0.8786782935915326,2.095372051856156e-06,0.14474785133482687,0,0,0.7684887459807074,0.7601604533443698,0.020356721226068467,0.07920374067494484,0.0026486084830981715,0.007963358597071082,1.5364822330501753,0.7356150196625669,0.03876906797700447,0.0016845774058612988,6,13,1.5123278753441058e-05,2.990766244446054e-05
0.7,66,delete,1,85,22,82,0,1.9013546245469122,0.7893123605309724,0.6951219512195121,0.669895635126564,3.846871141967296,22.17204785013887,0.0701695507733648,0.44367397442685985,3.8461381172175297,22.167949052964232,2.316562800441089,2.766796962080579,8.828499737907859e-07,1.430511474609375e-06,6.429412785698385e-08,2.384185791015625e-07,0,0,85,0.0,0.0,0,85,1.821131580213172e-18,3.469446951953614e-17,0,85,1.3012219877804027e-07,5.960464477539062e-07,0,0.6707317073170732,0.6495206354015625,0.011996426652459537,0.08892533130505506,0.018183142034446494,0.14958291281672084,1.955799718158683,0.9483079147470368,0.05444509361177067,0.1589955542160645,3,5,0.6951219512195121,0.669895635126564,1.9268866847543154e-05,9.869161774130428e-05,0.026900727499057264,0.14793102813555914,1.9013813102625563,0.9491486163448236,2.668571564397544e-05,0.15983625581385133,0,0,0.6707317073170732,0.6495206354015625,0.011975969549487618,0.08883004986187991,-0.00011200080899631276,0.005360101601656745,1.955719068824002,0.7913954526845293,0.054364444277090085,0.0020830921535569666,3,5,1.1882361243752871e-06,1.5282630920410155e-05
0.7,66,delete,2,100,20,92,0,0.9717774941646833,0.6484682607454307,0.8913043478260869,0.888499298737728,3.7929953499449116,15.327392711621874,0.10497955384431913,0.5034220227774164,3.791324719562805,15.320503079557296,2.3533434305589007,2.9677513359222822,8.559226989746093e-07,1.430511474609375e-06,1.0692514479160309e-07,3.5762786865234375e-07,0,0,100,0.0,0.0,0,100,4.624787186514271e-18,5.551115123125783e-17,0,100,1.2800097465515137e-07,7.152557373046875e-07,0,0.8804347826086957,0.8766897568165071,0.011252282038331032,0.03696262292563915,0.08909374542534351,0.23716035015881062,0.9536940815853847,0.7071275217575215,-0.0180834125792987,0.05865926101209079,0,1,0.8913043478260869,0.888499298737728,7.288835942745209e-05,0.0001934228092432022,0.09792804259806871,0.23750806991010903,0.9717185006022453,0.7007193848421633,-5.899356243816212e-05,0.052251124096732625,0,0,0.8804347826086957,0.8766897568165071,0.011159589774906635,0.03678584229201078,-0.004230740927159787,0.004788216166198254,0.9536826444454172,0.6496585401679695,-0.0180948497192661,0.001190279422538786,0,1,1.9803903996944426e-05,3.0074752867221833e-05
0.7,66,delete,3,19,13,18,0,0.8289274958942465,0.5922203167158384,0.8888888888888888,0.882051282051282,4.010726811746155,13.246384513541951,0.1348786151144278,0.5231916341050806,4.008256601498253,13.236048246912915,2.0612056237219485,2.39202907727593,8.156425074527138e-07,9.5367431640625e-07,1.0509239999871505e-07,2.384185791015625e-07,0,0,19,0.0,0.0,0,19,6.96083317175815e-18,4.85722573273506e-17,0,19,1.2940482089394017e-07,3.5762786865234375e-07,0,0.8888888888888888,0.882051282051282,-0.010726555397636011,0.043308148258610776,0.03563702577038815,0.26433592721035604,0.8327662902501626,0.9504679003344045,0.0038387943559160705,0.358247583618566,0,0,0.8888888888888888,0.882051282051282,7.487598218415912e-05,0.00022839872460616263,0.0401185511758453,0.2665866084004703,0.8287748848000237,0.9566527147607332,-0.00015261109422282679,0.36443239804489463,0,0,0.8888888888888888,0.882051282051282,-0.010833732391658583,0.04312653447452344,-0.000977100510346262,0.0021854215546658166,0.8328073662429356,0.5908592384133493,0.0038798703486889684,-0.0013610783024890231,0,0,3.230101183841103e-05,4.7754300268072834e-05
0.7,66,delete,4,78,21,77,0,2.0923000622815846,0.8280746682068431,0.7662337662337663,0.7602597402597403,5.520258464409561,24.516442687174454,0.08858059929922381,0.6275979579935259,5.519370059410834,24.508408410923632,2.4234109005365023,2.8787541609043887,9.5061766795623e-07,1.9073486328125e-06,6.643434365590413e-08,1.9371509552001953e-07,0,0,78,0.0,0.0,0,78,3.960755924702198e-18,6.938893903907228e-17,0,78,1.3826558223137488e-07,4.76837158203125e-07,0,0.7142857142857143,0.7123357963875205,0.05772041798664782,0.1347951922649279,0.05882056824003275,0.20311899772152686,2.1935944517216077,0.9826311543570947,0.10129438944002307,0.1545564861502517,2,6,0.7662337662337663,0.7602597402597403,2.7991771602477784e-05,0.00017395726620004728,0.05229364335536957,0.20467132731125906,2.0924107962477474,0.9936865809071369,0.00011073396616274415,0.1656119127002939,0,0,0.7142857142857143,0.7123357963875205,0.0576833474318473,0.1346531759840078,0.017015954909416344,0.017956689286690492,2.193395145047537,0.8333877649406296,0.10109508276595228,0.005313096733786442,2,6,9.07878319804485e-06,3.427690945756741e-05
0.7,66,delete,5,12,8,12,0,1.3338051900493089,0.5780525814805761,0.5833333333333334,0.5555555555555555,4.231024181461716,19.468969078070238,0.11871687271936893,0.6539688278805051,4.229239042512595,19.462259815952333,2.0179332224439324,2.322643909960636,8.841355641682943e-07,9.5367431640625e-07,6.829698880513509e-08,1.1920928955078125e-07,0,0,12,0.0,0.0,0,12,3.101834652845248e-18,2.0816681711721685e-17,0,12,1.7726173003514609e-07,4.172325134277344e-07,0,0.5833333333333334,0.5555555555555555,0.01954601239413023,0.13359986214588085,0.05558598538239797,0.2215494221697251,1.5311545985351023,0.7708907005112411,0.19734940848579333,0.19283811903066492,1,1,0.5833333333333334,0.5555555555555555,3.400010367234548e-05,0.00023880290488402048,0.07863973608861367,0.22139612740526596,1.334013772078353,0.7528560205376081,0.00020858202904397438,0.17480343905703188,0,0,0.5833333333333334,0.5555555555555555,0.019487434687713783,0.13340145194282135,0.007210398403306802,0.0072628237927953405,1.5306598409421193,0.5705106258773,0.19685465089281032,-0.007541955603276202,1,1,2.4577602744102478e-05,3.7303194403648376e-05
0.7,66,delete,6,23,15,23,0,1.087350865363993,0.7987712835625559,0.8260869565217391,0.8167092924126171,3.8506347690354614,13.21426295670335,0.12612401904075263,0.4883546496717998,3.8483983969184017,13.205598801829117,2.1919201300661464,2.5366662819787895,8.759291275687839e-07,1.430511474609375e-06,8.908302887626317e-08,3.5762786865234375e-07,0,0,23,0.0,0.0,0,23,3.6346091697883416e-18,4.163336342344337e-17,0,23,1.2147685755854068e-07,3.5762786865234375e-07,0,0.8260869565217391,0.8167092924126171,0.0006150595195915388,0.045899947862262314,0.00796329035707142,0.2726452127099037,1.1005851420883233,1.150767996479987,0.013234276724330259,0.35199671291743095,0,0,0.8260869565217391,0.8167092924126171,-4.7140471313310705e-05,0.0003278666864270749,0.02078679139199464,0.27112040441969165,1.0873945963706004,1.1527098767360218,4.373100660770568e-05,0.35393859317346593,0,0,0.8260869565217391,0.8167092924126171,0.0006218460267004759,0.045606150737275246,-0.0036224476669145665,0.004010132473448049,1.1004135023800372,0.7991577353423179,0.013062637016044121,0.0003864517797619364,0,0,4.035396420437357e-05,4.539250031761501e-05
0.7,66,delete,7,7,5,7,0,0.9289162166905062,0.6721008477223585,0.8571428571428571,0.8507936507936508,3.2911848029570985,11.434375578429604,0.11853607194246966,0.4534638557194791,3.2889408766924277,11.425380317527438,2.1023569991200066,2.340666330316057,9.5367431640625e-07,1.430511474609375e-06,1.0643686567034041e-07,2.384185791015625e-07,0,0,7,0.0,0.0,0,7,7.040537857577744e-18,4.163336342344337e-17,0,7,1.4475413731166294e-07,2.980232238769531e-07,0,0.8571428571428571,0.8507936507936508,-0.011477700301579066,0.06611772094454084,-0.021000483206340244,0.23421482954706466,0.8038385477107678,0.3782534187367577,-0.12507766897973838,-0.29384742898560073,0,0,0.8571428571428571,0.8507936507936508,-9.527802467346191e-05,0.00034053410802568706,-0.015244509492601668,0.23151194197790964,0.9282110073887796,0.38737742107710965,-0.0007052093017265092,-0.2847234266452488,0,0,0.8571428571428571,0.8507936507936508,-0.011421510151454381,0.06582324845450264,-0.0030206782477242605,0.0034523180552891324,0.8043240421864055,0.6639246081522983,-0.12459217450410064,-0.008176239570060164,0,0,3.908787454877581e-05,4.4426747730800086e-05
0.7,67,control,all,324,23,311,0,1.4977131650731703,0.7654056373459097,0.7909967845659164,0.781605681592336,1.639742838339826,11.84186229518141,0.034241671905144606,0.30436804458130395,1.6392505233388222,11.837950105971764,1.7140515719646636,2.295967493683511,8.846874590273257e-07,1.9073486328125e-06,8.475610319479013e-08,3.5762786865234375e-07,0,0,324,0.0,0.0,0,324,6.126368399206271e-19,3.122502256758253e-17,0,324,1.1059743018797886e-07,5.960464477539062e-07,0,0.7909967845659164,0.7823761499033942,0.005386434677976793,0.019962781946818678,-0.0019297629341851045,0.05822680346713758,1.4984743988371834,0.7780777781394174,0.0007612337640127231,0.012672140793507574,2,2,0.7909967845659164,0.781605681592336,-3.5536624951127134e-06,7.096656172731776e-05,-0.0016399318076394222,0.058484142634695695,1.4977060904297488,0.7785800523027848,-7.074643421932807e-06,0.013174414956875033,0,0,0.7909967845659164,0.7823761499033942,0.005387148640210522,0.01990994980507013,0.000903514788750513,0.0010156620086895095,1.4984723863155955,0.7651777942131337,0.0007592212424249137,-0.00022784313277601106,2,2,2.839700261383881e-06,4.212561718843601e-06
0.7,67,control,1,85,22,82,0,1.9013546245469122,0.8026127408351704,0.6951219512195121,0.669895635126564,1.692356687120581,11.84186229518141,0.03302657952563945,0.30436804458130395,1.6919476721444373,11.837950105971764,1.7200830154917577,2.068316307091692,8.828499737907859e-07,1.430511474609375e-06,6.58718978657442e-08,3.5762786865234375e-07,0,0,85,0.0,0.0,0,85,9.22867308767303e-19,3.122502256758253e-17,0,85,1.0983032338759478e-07,4.76837158203125e-07,0,0.6829268292682927,0.6596930193439865,0.013594124948277194,0.029778720789095936,0.01339105437783634,0.0539764602394665,1.8954615977604088,0.8039762765302462,-0.005893026786503376,0.0013635356950755567,1,2,0.6951219512195121,0.669895635126564,1.617104691617629e-05,5.679327775450314e-05,0.013751268781283323,0.05423039500327671,1.9013338587533288,0.8047414135687515,-2.076579358318842e-05,0.0021286727335809497,0,0,0.6829268292682927,0.6596930193439865,0.01357625164091587,0.029740145649103558,0.00156484075328883,0.001635013652198455,1.895470667477627,0.8022325537022852,-0.005883957069285452,-0.00038018713288541506,1,2,1.7022604451459997e-06,3.3369178281110876e-06
0.7,67,control,2,100,20,92,0,0.9717774941646833,0.6904724563992893,0.8913043478260869,0.888499298737728,1.6244093241957904,7.081599652592738,0.03746625621363909,0.19578258980255112,1.6238031153910506,7.07920646410384,1.92757612691166,2.295967493683511,8.606910705566406e-07,1.430511474609375e-06,9.804964065551758e-08,3.5762786865234375e-07,0,0,100,0.0,0.0,0,100,3.9716951380280514e-19,6.938893903907228e-18,0,100,1.2423843145370484e-07,5.960464477539062e-07,0,0.8913043478260869,0.888499298737728,0.0006475028023123741,0.011544458232820035,-0.024545511603355406,0.07216171003878116,0.971148692758792,0.7206676496993315,-0.0006288014058913677,0.030195193300042052,0,0,0.8913043478260869,0.888499298737728,-2.0493604242801666e-05,7.511015981435776e-05,-0.024046954065561295,0.07182956583797932,0.9717429830767689,0.7199049664801623,-3.451108791444793e-05,0.029432510080873078,0,0,0.8913043478260869,0.888499298737728,0.0006648363173007966,0.011491974145174026,0.0003142383322119713,0.0005467613413929939,0.9711757697277467,0.690507271939326,-0.0006017244369368036,3.4815540036755573e-05,0,0,3.1600892543792724e-06,3.938227891921997e-06
0.7,67,control,3,19,13,18,0,0.8289274958942465,0.5656515709920678,0.8888888888888888,0.882051282051282,1.7054606852868484,4.2372940488010435,0.0461440802523941,0.19838292061735813,1.70462859058491,4.232647525227215,1.575634265793938,1.820136134181621,8.030941611842105e-07,9.5367431640625e-07,1.2234637611790708e-07,3.5762786865234375e-07,0,0,19,0.0,0.0,0,19,8.126166611869151e-19,1.0408340855860843e-17,0,19,1.0979802984940378e-07,2.384185791015625e-07,0,0.8888888888888888,0.882051282051282,0.00528452898326673,0.01364051668267501,0.021715589259800158,0.07251487750756114,0.8260734106475313,0.5421034091587807,-0.002854085246715318,-0.023548161833287135,0,0,0.8888888888888888,0.882051282051282,2.858983842950118e-05,0.00010613234419571726,0.021731392725517874,0.07253321260213852,0.8290500297938963,0.5424968152996452,0.0001225338996497209,-0.023154755692422577,0,0,0.8888888888888888,0.882051282051282,0.005250902552353709,0.013571955655750475,0.0005358351688635977,0.0005695510067437825,0.8259420635415486,0.5652896702404662,-0.0029854323526979512,-0.00036190075160159657,0,0,5.036592483520508e-06,5.576171373066149e-06
0.7,67,control,4,78,21,77,0,2.0923000622815846,0.8514406919512814,0.7662337662337663,0.7602597402597403,1.8449824011090181,9.114699234380726,0.030956492858708124,0.2733385931533402,1.8446256655139268,9.112690857816391,1.5485015901418806,2.036021804956062,9.460326952811999e-07,1.9073486328125e-06,6.765222702270899e-08,2.8312206268310547e-07,0,0,78,0.0,0.0,0,78,5.3623972684172e-19,9.324138683375338e-18,0,78,9.031440967168564e-08,4.76837158203125e-07,0,0.7792207792207793,0.7747605929424111,0.005127360226395421,0.027113664984846346,0.005074254738596769,0.047421624119847246,2.1036484900134393,0.863178987312333,0.011348427731854793,0.011738295361051641,1,0,0.7662337662337663,0.7602597402597403,-2.9425017344645967e-06,6.804643915249751e-05,0.005293555366687286,0.048581491773709275,2.092316255349136,0.8652296145581138,1.619306755112548e-05,0.013788922606832142,0,0,0.7792207792207793,0.7747605929424111,0.005127324549576793,0.027054773924203638,0.0012602325624380356,0.0013283503552277882,2.103623154251729,0.8509518979232572,0.01132309197014374,-0.0004887940280244205,1,0,2.978178553092174e-06,5.4596994931881245e-06
0.7,67,control,5,12,8,12,0,1.3338051900493089,0.722298273931095,0.5833333333333334,0.5555555555555555,0.7629390069476271,1.2479913046495186,0.012964856304560768,0.03483484411477825,0.762793500049136,1.247846407407396,1.4679964386714965,1.6340662121404013,8.841355641682943e-07,9.5367431640625e-07,1.1672576268513997e-07,2.384185791015625e-07,0,0,12,0.0,0.0,0,12,5.766882649223028e-20,1.6263032587282567e-19,0,12,1.1610488096872966e-07,2.384185791015625e-07,0,0.5833333333333334,0.5555555555555555,0.006515307041505973,0.008416963430742422,0.009362737337748209,0.01914064089457194,1.3449761017308701,0.7179751807147645,0.01117091168156146,-0.00432309321633055,0,0,0.5833333333333334,0.5555555555555555,1.2927067776521048e-05,2.4877799053986866e-05,0.009127131663262844,0.019163163068393867,1.3338300233714966,0.7177250494610924,2.4833322187852353e-05,-0.00457322447000263,0,0,0.5833333333333334,0.5555555555555555,0.006502673340340455,0.008407220554848513,0.0002768884102503459,0.0002768884102503459,1.3449509558349815,0.7224869331673882,0.011145765785672593,0.00018865923629316403,0,0,-2.9336661100387573e-07,7.230167587598165e-07
0.7,67,control,6,23,15,23,0,1.087350865363993,0.8432347203850653,0.8260869565217391,0.8167092924126171,1.4909447065494066,5.2203979638251745,0.040912127459702366,0.2046487351636071,1.4902617748095142,5.2163851272606365,1.6165450506340622,1.8944913365601754,8.344650268554688e-07,1.430511474609375e-06,9.135059688402258e-08,2.384185791015625e-07,0,0,23,0.0,0.0,0,23,9.536854435694504e-19,1.474514954580286e-17,0,23,1.0511797407399053e-07,2.980232238769531e-07,0,0.8260869565217391,0.8167092924126171,-0.0026025143654450126,0.01084779786026996,-0.011488168783809828,0.06585867314235024,1.0808473263711924,0.8679102475220136,-0.006503538992800518,0.0246755271369485,0,0,0.8260869565217391,0.8167092924126171,-3.688458515250164e-05,0.00011497833158658898,-0.011573250041059826,0.06610173586270084,1.0873072095659324,0.8681923431439849,-4.365579806039065e-05,0.024957622758919634,0,0,0.8260869565217391,0.8167092924126171,-0.0025716124345426974,0.010746621729239174,0.0006851675393788711,0.0007150942540687064,1.0808775823887553,0.8431827220161938,-0.006473282975237551,-5.199836887129337e-05,0,0,5.982654250186423e-06,6.270311448885047e-06
0.7,67,control,7,7,5,7,0,0.9289162166905062,0.7857666017253477,0.8571428571428571,0.8507936507936508,0.7465788794733952,1.4308532387207331,0.02178794874585489,0.05142344179663485,0.7461454197125833,1.4305011342262457,1.5530531141132375,1.6046126804398162,9.5367431640625e-07,1.430511474609375e-06,1.362391880580357e-07,2.384185791015625e-07,0,0,7,0.0,0.0,0,7,6.292244751031946e-20,2.168404344971009e-19,0,7,1.6178403581891742e-07,2.980232238769531e-07,0,0.8571428571428571,0.8507936507936508,0.0008982760565621513,0.00825223752430507,0.004936473710196359,0.03431538173130581,0.9282030552963115,0.783841142314977,-0.0007131613941945757,-0.0019254594103707795,0,0,0.8571428571428571,0.8507936507936508,-1.3862337384905135e-05,5.5364200047084265e-05,0.005052149295806885,0.03407668215887887,0.9289217733910935,0.7842780332387511,5.556700587407347e-06,-0.0014885684865966198,0,0,0.8571428571428571,0.8507936507936508,0.0009125258241380964,0.008216496024812971,0.00010613884244646345,0.0001742243766784668,0.9281954791420858,0.7856162127806355,-0.0007207375484203281,-0.00015038894471227797,0,0,-3.8743019104003906e-07,3.8743019104003906e-07
0.7,67,delete,all,324,23,311,0,1.4977131650731703,0.7654056373459097,0.7909967845659164,0.781605681592336,4.2451936271447215,24.516442687174454,0.12341280858196602,0.9306022430203238,4.2430614422097115,24.49877428564122,1.7140515719646636,2.295967493683511,8.879988281815141e-07,1.9073486328125e-06,8.317802883224723e-08,3.5762786865234375e-07,0,0,324,0.0,0.0,0,324,5.585728951318006e-18,1.5265566588595902e-16,0,324,1.1059743018797886e-07,5.960464477539062e-07,0,0.7684887459807074,0.7601604533443698,0.020406380047113346,0.07936270512427766,0.05731666973435584,0.2034480568067527,1.5365725130725096,0.9215207297512966,0.038859347999338864,0.15611509240538696,6,13,0.7909967845659164,0.781605681592336,5.309182696366384e-05,0.000268502001374684,0.0614364901902499,0.20320094360705512,1.497728167578116,0.9241056341102045,1.5002504945435223e-05,0.15869999676429478,0,0,0.7684887459807074,0.7601604533443698,0.020333183330000826,0.07912748993265178,0.008365446931602042,0.008602506377630763,1.5364353393974337,0.7666847873068583,0.03872217432426294,0.0012791499609485178,6,13,2.0104890148856758e-05,4.7934556345420856e-05
0.7,67,delete,1,85,22,82,0,1.9013546245469122,0.8026127408351704,0.6951219512195121,0.669895635126564,3.846871141967296,22.17204785013887,0.09258030578191948,0.6600081580103028,3.8455588143190713,22.16606797294912,1.7200830154917577,2.068316307091692,8.828499737907859e-07,1.430511474609375e-06,6.429412785698385e-08,2.384185791015625e-07,0,0,85,0.0,0.0,0,85,4.296568396764003e-18,9.71445146547012e-17,0,85,1.0983032338759478e-07,4.76837158203125e-07,0,0.6707317073170732,0.6495206354015625,0.011996426652459537,0.08892533130505506,0.013946344308993396,0.1490196845110725,1.955799718158683,0.976653288847206,0.05444509361177067,0.17404054801203545,3,5,0.6951219512195121,0.669895635126564,1.200621618944056e-05,0.00014984923250534955,0.018618833799572552,0.1476645731312387,1.9013744890904856,0.9755494929363803,1.9864543573109557e-05,0.17293675210120982,0,0,0.6707317073170732,0.6495206354015625,0.011982654341880013,0.08878185578128871,0.006932578937095754,0.006998247828553705,1.9557011111346787,0.8060562726457975,0.05434648658776676,0.0034435318106270057,3,5,1.7660943900837617e-06,2.3194665417951695e-05
0.7,67,delete,2,100,20,92,0,0.9717774941646833,0.6904724563992893,0.8913043478260869,0.888499298737728,3.7929953499449116,15.327392711621874,0.1253446116917411,0.6350560577662148,3.790644186514646,15.314231000601167,1.92757612691166,2.295967493683511,8.559226989746093e-07,1.430511474609375e-06,1.0692514479160309e-07,3.5762786865234375e-07,0,0,100,0.0,0.0,0,100,5.0958881182335955e-18,7.632783294297951e-17,0,100,1.2423843145370484e-07,5.960464477539062e-07,0,0.8804347826086957,0.8766897568165071,0.011252282038331032,0.03696262292563915,0.10009680051356554,0.23560034777969122,0.9536940815853847,0.7616288665936984,-0.0180834125792987,0.07115641019440914,0,1,0.8913043478260869,0.888499298737728,9.793385863304138e-05,0.0002588413655757904,0.10438393834978342,0.23534983035176993,0.9717090734866946,0.7576591153285805,-6.842067798877193e-05,0.06718665892929127,0,0,0.8804347826086957,0.8766897568165071,0.01112589756026864,0.036730726268142465,0.003189254589378834,0.0034317820146679877,0.95366295554993,0.6896075042398799,-0.0181145386147534,-0.0008649521594093619,0,1,2.84506194293499e-05,4.3018888682127e-05
0.7,67,delete,3,19,13,18,0,0.8289274958942465,0.5656515709920678,0.8888888888888888,0.882051282051282,4.010726811746155,13.246384513541951,0.16615328527373696,0.6364401042216115,4.007056156100119,13.231086375439562,1.575634265793938,1.820136134181621,8.156425074527138e-07,9.5367431640625e-07,1.0509239999871505e-07,2.384185791015625e-07,0,0,19,0.0,0.0,0,19,5.08991014141396e-18,4.163336342344337e-17,0,19,1.0979802984940378e-07,2.384185791015625e-07,0,0.8888888888888888,0.882051282051282,-0.010726555397636011,0.043308148258610776,0.039655796399242,0.255194611063129,0.8327662902501626,0.9501440143111096,0.0038387943559160705,0.3844924433190416,0,0,0.8888888888888888,0.882051282051282,0.00010358189281664396,0.00032775182473032097,0.043199711724331506,0.252335986024455,0.8287176904291912,0.941811590426572,-0.00020980546505544595,0.3761600194345041,0,0,0.8888888888888888,0.882051282051282,-0.010880620856034128,0.04305483792957507,0.003342130466511375,0.0033879554585406653,0.8328082066442197,0.5621374268095458,0.0038807107499732978,-0.0035141441825220616,0,0,5.04835655814723e-05,6.739873635141473e-05
0.7,67,delete,4,78,21,77,0,2.0923000622815846,0.8514406919512814,0.7662337662337663,0.7602597402597403,5.520258464409561,24.516442687174454,0.128589612030163,0.9306022430203238,5.51846415009171,24.49877428564122,1.5485015901418806,2.036021804956062,9.5061766795623e-07,1.9073486328125e-06,6.643434365590413e-08,1.9371509552001953e-07,0,0,78,0.0,0.0,0,78,5.88069048468897e-18,1.5265566588595902e-16,0,78,9.031440967168564e-08,4.76837158203125e-07,0,0.7142857142857143,0.7123357963875205,0.05772041798664782,0.1347951922649279,0.07627933338666573,0.19294779661756295,2.1935944517216077,1.0215585801535845,0.10129438944002307,0.17011788820230303,2,6,0.7662337662337663,0.7602597402597403,7.306718124220005e-05,0.0003046007552303565,0.0753847174346447,0.1939705154643609,2.092498648526816,1.0386134375053,0.00019858624523133895,0.1871727455540185,0,0,0.7142857142857143,0.7123357963875205,0.057635638785238065,0.13453854106438273,0.019970263187319804,0.020497378200674668,2.1932616471921196,0.8556594470456383,0.1009615849105344,0.004218755094356654,2,6,1.1712020167555564e-05,6.82428228453948e-05
0.7,67,delete,5,12,8,12,0,1.3338051900493089,0.722298273931095,0.5833333333333334,0.5555555555555555,4.231024181461716,19.468969078070238,0.1401455466559723,0.7266725972151193,4.228574589922357,19.458862389675087,1.4679964386714965,1.6340662121404013,8.841355641682943e-07,9.5367431640625e-07,6.829698880513509e-08,1.1920928955078125e-07,0,0,12,0.0,0.0,0,12,1.16987470230735e-17,1.0061396160665481e-16,0,12,1.1610488096872966e-07,2.384185791015625e-07,0,0.5833333333333334,0.5555555555555555,0.01954601239413023,0.13359986214588085,0.03891462801645199,0.19414895493537188,1.5311545985351023,0.9145443725014525,0.19734940848579333,0.19224609857035743,1,1,0.5833333333333334,0.5555555555555555,4.955319066842397e-05,0.00027904224892457324,0.06077926109234492,0.19860787503421307,1.3340691995281813,0.9044440101474328,0.0002640094788724419,0.18214573621633767,0,0,0.5833333333333334,0.5555555555555555,0.01949621147165696,0.13337559842815003,0.008959360731144747,0.009138473930458227,1.5306579135722085,0.71331288592259,0.1968527235228997,-0.00898538800850521,1,1,2.477318048477173e-07,5.093154807885488e-05
0.7,67,delete,6,23,15,23,0,1.087350865363993,0.8432347203850653,0.8260869565217391,0.8167092924126171,3.8506347690354614,13.21426295670335,0.15907560446310426,0.5956641042814649,3.847143863463321,13.200830646734808,1.6165450506340622,1.8944913365601754,8.759291275687839e-07,1.430511474609375e-06,8.908302887626317e-08,3.5762786865234375e-07,0,0,23,0.0,0.0,0,23,7.289270923914942e-18,6.765421556309548e-17,0,23,1.0511797407399053e-07,2.980232238769531e-07,0,0.8260869565217391,0.8167092924126171,0.0006150595195915388,0.045899947862262314,0.014275969046613445,0.25369770727727725,1.1005851420883233,1.181703585872742,0.013234276724330259,0.3384688654876768,0,0,0.8260869565217391,0.8167092924126171,-4.8226960327314295e-05,0.0005062782894010129,0.021997332248998726,0.25478657270255295,1.0874463447456175,1.188120761945558,9.547938162470986e-05,0.34488604156049285,0,0,0.8260869565217391,0.8167092924126171,0.0006041787564754486,0.04545311289636985,0.0027533205954924874,0.002757145658783291,1.1002957358415346,0.8440593845586009,0.01294487047754167,0.0008246641735357476,0,0,5.910772344340449e-05,7.236457389333974e-05
0.7,67,delete,7,7,5,7,0,0.9289162166905062,0.7857666017253477,0.8571428571428571,0.8507936507936508,3.2911848029570985,11.434375578429604,0.15065359983470647,0.5630165437086545,3.287644970797206,11.42050599755097,1.5530531141132375,1.6046126804398162,9.5367431640625e-07,1.430511474609375e-06,1.0643686567034041e-07,2.384185791015625e-07,0,0,7,0.0,0.0,0,7,1.0219815522743385e-17,5.551115123125783e-17,0,7,1.6178403581891742e-07,2.980232238769531e-07,0,0.8571428571428571,0.8507936507936508,-0.011477700301579066,0.06611772094454084,-0.017584183386393955,0.23242885300091334,0.8038385477107678,0.5008971084366572,-0.12507766897973838,-0.2848694932886905,0,0,0.8571428571428571,0.8507936507936508,-0.00010926808629717146,0.00048489655767168315,-0.007380591971533639,0.22616633772850037,0.927937192459314,0.5194618613172244,-0.0009790242311921002,-0.2663047404081234,0,0,0.8571428571428571,0.8507936507936508,-0.011408950601305281,0.06568563835961479,0.001455775329044887,0.0018485869680132186,0.8045283812686383,0.7907384333830336,-0.12438783542186778,0.004971831657685856,0,0,4.051838602338519e-05,5.404012543814523e-05
0.7,68,control,all,324,23,311,0,1.4977131650731703,0.7375526275661793,0.7909967845659164,0.781605681592336,1.639742838339826,11.84186229518141,0.03274393486474451,0.28407511155153115,1.6392851318874004,11.838454457784433,2.056058261242549,2.5444993283638198,8.846874590273257e-07,1.9073486328125e-06,8.475610319479013e-08,3.5762786865234375e-07,0,0,324,0.0,0.0,0,324,4.16233934665808e-19,2.42861286636753e-17,0,324,1.3516824922443907e-07,7.152557373046875e-07,0,0.7909967845659164,0.7823761499033942,0.005386434677976793,0.019962781946818678,-0.004482737719368787,0.06741397769224865,1.4984743988371834,0.7476288887488274,0.0007612337640127231,0.010076261182648205,2,2,0.7909967845659164,0.781605681592336,-4.289049459736288e-06,5.602809157866387e-05,-0.0038676270180278355,0.06736485098983035,1.4976968499512273,0.7479388854509658,-1.6315121943338513e-05,0.010386257884786424,0,0,0.7909967845659164,0.7823761499033942,0.005388593742405467,0.019924397067235852,-0.0003078054912664272,0.0008078897486866256,1.4984843842586517,0.7374557512068414,0.0007712191854809834,-9.687635933788722e-05,2,2,2.129985031062438e-06,2.9466514487141446e-06
0.7,68,control,1,85,22,82,0,1.9013546245469122,0.7197443405952012,0.6951219512195121,0.669895635126564,1.692356687120581,11.84186229518141,0.03223978050713712,0.28407511155153115,1.6919743166809056,11.838454457784433,1.8725533793056621,2.1954347584725515,8.828499737907859e-07,1.430511474609375e-06,6.58718978657442e-08,3.5762786865234375e-07,0,0,85,0.0,0.0,0,85,6.696396467746788e-19,2.42861286636753e-17,0,85,1.1675498064826516e-07,3.5762786865234375e-07,0,0.6829268292682927,0.6596930193439865,0.013594124948277194,0.029778720789095936,0.016142673702800973,0.057772614324794094,1.8954615977604088,0.7198128519168688,-0.005893026786503376,6.851132166776092e-05,1,2,0.6951219512195121,0.669895635126564,1.3234860756817985e-05,4.384780631345861e-05,0.016606806656893562,0.05783595775856691,1.9013328321701766,0.7211706648474622,-2.1792376735808942e-05,0.0014263242522611255,0,0,0.6829268292682927,0.6596930193439865,0.013579693787238178,0.02974376056124182,-0.0004192997865817126,0.0008168289328322691,1.8954750207519868,0.7191016227165659,-0.005879603794925607,-0.0006427178786353056,1,2,1.19630028219784e-06,2.4814816082225127e-06
0.7,68,control,2,100,20,92,0,0.9717774941646833,0.7011018813652095,0.8913043478260869,0.888499298737728,1.6244093241957904,7.081599652592738,0.0382575660671742,0.20564036010120298,1.6237943667512391,7.079699369012057,2.2097430866166006,2.5444993283638198,8.606910705566406e-07,1.430511474609375e-06,9.804964065551758e-08,3.5762786865234375e-07,0,0,100,0.0,0.0,0,100,4.121619969692063e-19,6.938893903907228e-18,0,100,1.5750527381896973e-07,5.960464477539062e-07,0,0.8913043478260869,0.888499298737728,0.0006475028023123741,0.011544458232820035,-0.030850838534533978,0.08655069340020419,0.971148692758792,0.7372843280471492,-0.0006288014058913677,0.03618244668193968,0,0,0.8913043478260869,0.888499298737728,-2.002120018005371e-05,7.211416959762573e-05,-0.029432717971503736,0.08604854036122561,0.9717273861855787,0.735599392747821,-5.010797910460663e-05,0.03449751138261162,0,0,0.8913043478260869,0.888499298737728,0.0006648408249020577,0.011501426883041859,-0.0009150975197553634,0.0009696423262357712,0.9711921261350449,0.7017326274085868,-0.0005853680296385355,0.0006307460433773032,0,0,2.683177590370178e-06,3.4344941377639773e-06
0.7,68,control,3,19,13,18,0,0.8289274958942465,0.6845525883469165,0.8888888888888888,0.882051282051282,1.7054606852868484,4.2372940488010435,0.04631591821483648,0.16020189030971968,1.7046411151394196,4.234264541847372,2.0098042222959274,2.2520965774788415,8.030941611842105e-07,9.5367431640625e-07,1.2234637611790708e-07,3.5762786865234375e-07,0,0,19,0.0,0.0,0,19,2.947786108148551e-19,1.734723475976807e-18,0,19,1.3371831492373817e-07,7.152557373046875e-07,0,0.8888888888888888,0.882051282051282,0.00528452898326673,0.01364051668267501,0.025343855940981916,0.09304360123841386,0.8260734106475313,0.6377666412131632,-0.002854085246715318,-0.04678594713375333,0,0,0.8888888888888888,0.882051282051282,2.7377354471307052e-05,8.867602599294562e-05,0.026604934546508287,0.09287230493990999,0.8290381390176244,0.6368423175977246,0.00011064312337775337,-0.04771027074919192,0,0,0.8888888888888888,0.882051282051282,0.005252828723505924,0.01358025638680709,-0.0005203360005428916,0.0005258698212473016,0.8259546334647156,0.6853309001973995,-0.002972862429530958,0.0007783118504831365,0,0,4.322905289499383e-06,5.163644489489104e-06
0.7,68,control,4,78,21,77,0,2.0923000622815846,0.8234245482020575,0.7662337662337663,0.7602597402597403,1.8449824011090181,9.114699234380726,0.025284652963173834,0.25963776824308504,1.8447173772016965,9.113750335522898,2.09722561425784,2.5232759256590125,9.460326952811999e-07,1.9073486328125e-06,6.765222702270899e-08,2.8312206268310547e-07,0,0,78,0.0,0.0,0,78,2.091764152339634e-19,3.469446951953614e-18,0,78,1.2422410341409537e-07,5.960464477539062e-07,0,0.7792207792207793,0.7747605929424111,0.005127360226395421,0.027113664984846346,0.00311085347754833,0.0519966516070641,2.1036484900134393,0.8308743498980841,0.011348427731854793,0.007449801696026677,1,0,0.7662337662337663,0.7602597402597403,-3.1937618190661456e-06,3.8612401112914085e-05,0.002807456808976638,0.05251403468159529,2.0923041412264385,0.8326755986538789,4.078944853476572e-06,0.009251050451821459,0,0,0.7792207792207793,0.7747605929424111,0.005128547041796339,0.027084968285635114,0.0005246738497263346,0.0009134488705641184,2.103640464415425,0.8229805348082926,0.011340402133840221,-0.000444013393764851,1,0,2.0069464181478206e-06,2.6020376632610955e-06
0.7,68,control,5,12,8,12,0,1.3338051900493089,0.5465439810224364,0.5833333333333334,0.5555555555555555,0.7629390069476271,1.2479913046495186,0.014098115003029607,0.030379162120190747,0.7627767834005166,1.2477778456155704,1.7744589546696874,2.0785716943210093,8.841355641682943e-07,9.5367431640625e-07,1.1672576268513997e-07,2.384185791015625e-07,0,0,12,0.0,0.0,0,12,4.912791094074942e-20,1.7618285302889447e-19,0,12,8.66129994392395e-08,1.1920928955078125e-07,0,0.5833333333333334,0.5555555555555555,0.006515307041505973,0.008416963430742422,0.009174950420856476,0.024945127467314403,1.3449761017308701,0.5417883638652512,0.01117091168156146,-0.004755617157185231,0,0,0.5833333333333334,0.5555555555555555,1.1611108978589376e-05,2.3989006876945496e-05,0.009287359192967415,0.02489537186920643,1.3338294292769135,0.5418231358275848,2.423922760477759e-05,-0.004720845194851553,0,0,0.5833333333333334,0.5555555555555555,0.006503826938569546,0.008406903905173143,-9.699600438276927e-05,0.00012186852594216664,1.3449513503593085,0.5464700996262025,0.011146160309999561,-7.38813962339278e-05,0,0,-1.310060421625773e-07,5.805244048436483e-07
0.7,68,control,6,23,15,23,0,1.087350865363993,0.833696036886569,0.8260869565217391,0.8167092924126171,1.4909447065494066,5.2203979638251745,0.037542925910919824,0.17790773522291023,1.4903786502135883,5.217365593712778,2.1272462246319725,2.525099782594276,8.344650268554688e-07,1.430511474609375e-06,9.135059688402258e-08,2.384185791015625e-07,0,0,23,0.0,0.0,0,23,5.717656531563756e-19,5.637851296924623e-18,0,23,1.694197240083114e-07,4.76837158203125e-07,0,0.8260869565217391,0.8167092924126171,-0.0026025143654450126,0.01084779786026996,-0.02378308416708656,0.08004636058340901,1.0808473263711924,0.8426696251046069,-0.006503538992800518,0.00897358821803784,0,0,0.8260869565217391,0.8167092924126171,-3.201401104097781e-05,8.124777156373729e-05,-0.02329062054986539,0.0799049339864565,1.0873096315840336,0.8434528279026239,-4.123377995924013e-05,0.009756791016055064,0,0,0.8260869565217391,0.8167092924126171,-0.002574179321527481,0.010779691293187763,-8.038852525793988e-06,0.00044191531513048255,1.0808800473209115,0.8331241324975924,-0.006470818043081624,-0.0005719043889766769,0,0,3.6789671234462573e-06,3.9329347403153126e-06
0.7,68,control,7,7,5,7,0,0.9289162166905062,0.6730633836166895,0.8571428571428571,0.8507936507936508,0.7465788794733952,1.4308532387207331,0.022575270450883516,0.044861905997056195,0.7461374533452562,1.430620150045289,2.0044974259483928,2.145379908018799,9.5367431640625e-07,1.430511474609375e-06,1.362391880580357e-07,2.384185791015625e-07,0,0,7,0.0,0.0,0,7,1.5250374447663363e-19,4.87890977618477e-19,0,7,1.362391880580357e-07,2.384185791015625e-07,0,0.8571428571428571,0.8507936507936508,0.0008982760565621513,0.00825223752430507,-0.003816962242126465,0.044630306107657294,0.9282030552963115,0.6443725025831003,-0.0007131613941945757,-0.02869088103358917,0,0,0.8571428571428571,0.8507936507936508,-2.6651791163853238e-05,5.163465227399554e-05,-0.0030939068113054547,0.04401069028036935,0.9288896709174231,0.646108528320828,-2.6545773082935803e-05,-0.026954855295861484,0,0,0.8571428571428571,0.8507936507936508,0.0009251577513558524,0.008239167077200753,-0.00032401084899902344,0.00035636765616280694,0.9282285099220493,0.6722139510704815,-0.0006877067684568163,-0.0008494325462079035,0,0,-2.2990362984793527e-07,2.639634268624442e-07
0.7,68,delete,all,324,23,311,0,1.4977131650731703,0.7375526275661793,0.7909967845659164,0.781605681592336,4.2451936271447215,24.516442687174454,0.10911736016561217,0.7365262466402428,4.243529689998814,24.505376779831806,2.056058261242549,2.5444993283638198,8.879988281815141e-07,1.9073486328125e-06,8.317802883224723e-08,3.5762786865234375e-07,0,0,324,0.0,0.0,0,324,3.988187804123064e-18,6.938893903907228e-17,0,324,1.3516824922443907e-07,7.152557373046875e-07,0,0.7684887459807074,0.7601604533443698,0.020406380047113346,0.07936270512427766,0.0618771310251804,0.2167826327552766,1.5365725130725096,0.8757762506285272,0.038859347999338864,0.13822362306234795,6,13,0.7909967845659164,0.781605681592336,4.298130286006648e-05,0.00018945114002965482,0.06130434987767611,0.21567991795593205,1.4977170371776254,0.8755306150411301,3.872104454797836e-06,0.13797798747495071,0,0,0.7684887459807074,0.7601604533443698,0.020348598397290907,0.07919696889628002,0.002461328527625696,0.006048054123918216,1.5364846190493076,0.7391368901231679,0.03877145397613692,0.0015842625569886509,6,13,1.4800346962371727e-05,3.363904801921712e-05
0.7,68,delete,1,85,22,82,0,1.9013546245469122,0.7197443405952012,0.6951219512195121,0.669895635126564,3.846871141967296,22.17204785013887,0.09160890208902286,0.607777901518777,3.84565286284827,22.16639016256889,1.8725533793056621,2.1954347584725515,8.828499737907859e-07,1.430511474609375e-06,6.429412785698385e-08,2.384185791015625e-07,0,0,85,0.0,0.0,0,85,2.8741789778120656e-18,6.245004513516506e-17,0,85,1.1675498064826516e-07,3.5762786865234375e-07,0,0.6707317073170732,0.6495206354015625,0.011996426652459537,0.08892533130505506,0.021381298233481016,0.1586197777706034,1.955799718158683,0.8893205710001463,0.05444509361177067,0.16957623040494516,3,5,0.6951219512195121,0.669895635126564,2.6184846373165355e-05,0.00011591920081306907,0.025382889544262606,0.1579125290407854,1.9013804831659888,0.887875346256117,2.5858619076862984e-05,0.16813100566091577,0,0,0.6707317073170732,0.6495206354015625,0.011973447002032223,0.08881380360792665,-0.002446020789006177,0.0033867065520847544,1.9557190240763325,0.71972231966744,0.05436439952942006,-2.2020927761081406e-05,3,5,-3.205195945851943e-06,1.9005510736914243e-05
0.7,68,delete,2,100,20,92,0,0.9717774941646833,0.7011018813652095,0.8913043478260869,0.888499298737728,3.7929953499449116,15.327392711621874,0.11498314479060913,0.5612570904923381,3.79101318139144,15.31833824785397,2.2097430866166006,2.5444993283638198,8.559226989746093e-07,1.430511474609375e-06,1.0692514479160309e-07,3.5762786865234375e-07,0,0,100,0.0,0.0,0,100,3.95916752073816e-18,6.938893903907228e-17,0,100,1.5750527381896973e-07,5.960464477539062e-07,0,0.8804347826086957,0.8766897568165071,0.011252282038331032,0.03696262292563915,0.10411783080548048,0.2469023947045207,0.9536940815853847,0.7277035328168762,-0.0180834125792987,0.02660165145166676,0,1,0.8913043478260869,0.888499298737728,7.951993495225907e-05,0.0002154652401804924,0.1069161743670702,0.24702433325350284,0.9717227864297681,0.7235059170766703,-5.4707734915338115e-05,0.022404035711460858,0,0,0.8804347826086957,0.8766897568165071,0.011149670388549566,0.03677135983482003,-0.0015969599783420562,0.002112802192568779,0.9536688049544789,0.7024146334134866,-0.018108689210204542,0.001312752048277232,0,1,2.3091714829206467e-05,3.5987775772809984e-05
0.7,68,delete,3,19,13,18,0,0.8289274958942465,0.6845525883469165,0.8888888888888888,0.882051282051282,4.010726811746155,13.246384513541951,0.15176116711779625,0.5405133276517897,4.007667310479434,13.235352206240481,2.0098042222959274,2.2520965774788415,8.156425074527138e-07,9.5367431640625e-07,1.0509239999871505e-07,2.384185791015625e-07,0,0,19,0.0,0.0,0,19,7.01629711204777e-18,5.551115123125783e-17,0,19,1.3371831492373817e-07,7.152557373046875e-07,0,0.8888888888888888,0.882051282051282,-0.010726555397636011,0.043308148258610776,0.06287293430221708,0.2950222745145622,0.8327662902501626,1.0293809670547223,0.0038387943559160705,0.34482837870780586,0,0,0.8888888888888888,0.882051282051282,0.0001080381242852462,0.00024844784485666374,0.06909575509397607,0.29276289281092194,0.8287797694067038,1.0179161104541385,-0.00014772648754271094,0.33336352210722214,0,0,0.8888888888888888,0.882051282051282,-0.010876446962356567,0.043112367391586304,-0.0015195674802127637,0.0017007405036374142,0.8327947165066639,0.6857649937619595,0.0038672206124172647,0.001212405415043083,0,0,4.185344043530916e-05,5.624011943214818e-05
0.7,68,delete,4,78,21,77,0,2.0923000622815846,0.8234245482020575,0.7662337662337663,0.7602597402597403,5.520258464409561,24.516442687174454,0.10129779682421203,0.7365262466402428,5.519133327064218,24.505376779831806,2.09722561425784,2.5232759256590125,9.5061766795623e-07,1.9073486328125e-06,6.643434365590413e-08,1.9371509552001953e-07,0,0,78,0.0,0.0,0,78,4.065087579070732e-18,5.377642775528102e-17,0,78,1.2422410341409537e-07,5.960464477539062e-07,0,0.7142857142857143,0.7123357963875205,0.05772041798664782,0.1347951922649279,0.07609208692342807,0.20834764685386267,2.1935944517216077,0.9951919570788442,0.10129438944002307,0.1717674088767869,2,6,0.7662337662337663,0.7602597402597403,3.318534566996953e-05,0.00016565217923086422,0.059848541584916606,0.2053691587673548,2.092403581059712,1.0036953558935335,0.00010351877812674707,0.18027080769147616,0,0,0.7142857142857143,0.7123357963875205,0.0576781155481839,0.13465732132466748,0.015718285854046162,0.016689143215234462,2.193423393364204,0.8290916980979639,0.10112333108261874,0.0056671498959064105,2,6,9.117092793950667e-06,3.550829103168769e-05
0.7,68,delete,5,12,8,12,0,1.3338051900493089,0.5465439810224364,0.5833333333333334,0.5555555555555555,4.231024181461716,19.468969078070238,0.13166281674212588,0.6787769775007473,4.228856203571863,19.459623948097434,1.7744589546696874,2.0785716943210093,8.841355641682943e-07,9.5367431640625e-07,6.829698880513509e-08,1.1920928955078125e-07,0,0,12,0.0,0.0,0,12,6.77617534543573e-18,6.245004513516506e-17,0,12,8.66129994392395e-08,1.1920928955078125e-07,0,0.5833333333333334,0.5555555555555555,0.01954601239413023,0.13359986214588085,0.049584075808525085,0.20455029855171838,1.5311545985351023,0.7330463834590022,0.19734940848579333,0.1865024024365657,1,1,0.5833333333333334,0.5555555555555555,3.839594622453054e-05,0.00025638627509276074,0.057089753448963165,0.20997781803210577,1.3340198524807043,0.7359301559766379,0.00021466243139560878,0.18938617495420149,0,0,0.5833333333333334,0.5555555555555555,0.01948935693750779,0.1334023311113318,0.003522853677471479,0.0041179948796828585,1.53069050705831,0.5413172553455379,0.19688531700900117,-0.005226725676898576,1,1,1.8259510397911072e-05,5.624753733476003e-05
0.7,68,delete,6,23,15,23,0,1.087350865363993,0.833696036886569,0.8260869565217391,0.8167092924126171,3.8506347690354614,13.21426295670335,0.12365567633945336,0.4586499574922303,3.848507903050208,13.206384175407953,2.1272462246319725,2.525099782594276,8.759291275687839e-07,1.430511474609375e-06,8.908302887626317e-08,3.5762786865234375e-07,0,0,23,0.0,0.0,0,23,4.6695269143754515e-18,3.469446951953614e-17,0,23,1.694197240083114e-07,4.76837158203125e-07,0,0.8260869565217391,0.8167092924126171,0.0006150595195915388,0.045899947862262314,0.010850415929504063,0.2637149400037268,1.1005851420883233,1.1695490447781496,0.013234276724330259,0.33585300789158085,0,0,0.8260869565217391,0.8167092924126171,-3.242039162179698e-05,0.0003010565819947616,0.01971553201260774,0.26027456444242725,1.0874149059747127,1.165772702369804,6.404061071973275e-05,0.332076665483235,0,0,0.8260869565217391,0.8167092924126171,0.0006126516863055851,0.045630441897589226,-0.0029689209616702537,0.0030673100896503615,1.1004088190311079,0.8332115687635698,0.013057953667114998,-0.000484468122999211,0,0,3.4828224907750666e-05,3.877184961153113e-05
0.7,68,delete,7,7,5,7,0,0.9289162166905062,0.6730633836166895,0.8571428571428571,0.8507936507936508,3.2911848029570985,11.434375578429604,0.12288983611298351,0.4631788686935474,3.2888247793190493,11.424990599741564,2.0044974259483928,2.145379908018799,9.5367431640625e-07,1.430511474609375e-06,1.0643686567034041e-07,2.384185791015625e-07,0,0,7,0.0,0.0,0,7,1.8358834108203208e-18,6.938893903907228e-18,0,7,1.362391880580357e-07,2.384185791015625e-07,0,0.8571428571428571,0.8507936507936508,-0.011477700301579066,0.06611772094454084,-0.02219142658369882,0.24115222266742162,0.8038385477107678,0.3585011041925307,-0.12507766897973838,-0.3145622794241588,0,0,0.8571428571428571,0.8507936507936508,-8.686099733625139e-05,0.0003343139375959124,-0.015156222241265433,0.23827956829752242,0.9282320464132888,0.3684778927628224,-0.0006841702772172807,-0.3045854908538671,0,0,0.8571428571428571,0.8507936507936508,-0.011423992259161813,0.06582492164203099,-0.0008664812360491071,0.0009125641414097377,0.804315115941401,0.6720187725711949,-0.12460110074910512,-0.001044611045494597,0,0,3.3152954918997625e-05,3.998194422040667e-05
