dataset,seed,rate,mode,section,modality,metric,value
iemocap4,66,0,reference,current_observed_write_fit,audio,err_after,0.0016980130011902009
iemocap4,66,0,reference,current_observed_write_fit,text,err_after,0.002519469842487388
iemocap4,66,0,reference,current_observed_write_fit,visual,err_after,0.001762391734212848
iemocap4,66,0,reference,task,,accuracy,0.8460918614020951
iemocap4,66,0,reference,task,,macro_f1,0.8379682301353619
iemocap4,66,0,reference,task,,weighted_f1,0.8454389899798852
iemocap4,66,0,fixed0.95,current_observed_write_fit,audio,err_after,0.03580037026177273
iemocap4,66,0,fixed0.95,current_observed_write_fit,text,err_after,0.05350939606785755
iemocap4,66,0,fixed0.95,current_observed_write_fit,visual,err_after,0.03567641943766659
iemocap4,66,0,fixed0.95,task,,accuracy,0.8477034649476228
iemocap4,66,0,fixed0.95,task,,macro_f1,0.8391881285310394
iemocap4,66,0,fixed0.95,task,,weighted_f1,0.8469842663007692
iemocap4,66,0,fixed0.9,current_observed_write_fit,audio,err_after,0.06883610797910722
iemocap4,66,0,fixed0.9,current_observed_write_fit,text,err_after,0.10275846410389913
iemocap4,66,0,fixed0.9,current_observed_write_fit,visual,err_after,0.06869331204829499
iemocap4,66,0,fixed0.9,task,,accuracy,0.8444802578565673
iemocap4,66,0,fixed0.9,task,,macro_f1,0.8359231444981616
iemocap4,66,0,fixed0.9,task,,weighted_f1,0.8437706097340507
iemocap4,66,0,fixed0.8,current_observed_write_fit,audio,err_after,0.13197512983122733
iemocap4,66,0,fixed0.8,current_observed_write_fit,text,err_after,0.19654581967499601
iemocap4,66,0,fixed0.8,current_observed_write_fit,visual,err_after,0.1323014886207964
iemocap4,66,0,fixed0.8,task,,accuracy,0.8525382755842063
iemocap4,66,0,fixed0.8,task,,macro_f1,0.8450494512539869
iemocap4,66,0,fixed0.8,task,,weighted_f1,0.8519495763733005
iemocap4,66,0.1,reference,current_observed_write_fit,audio,err_after,0.0016838493379181263
iemocap4,66,0.1,reference,current_observed_write_fit,text,err_after,0.0024878186644111547
iemocap4,66,0.1,reference,current_observed_write_fit,visual,err_after,0.0017301976238114955
iemocap4,66,0.1,reference,retention,audio,err_decay,0.04435445681883721
iemocap4,66,0.1,reference,retention,text,err_decay,0.058692918971425645
iemocap4,66,0.1,reference,retention,visual,err_decay,0.06397389648440252
iemocap4,66,0.1,reference,task,,accuracy,0.8412570507655117
iemocap4,66,0.1,reference,task,,macro_f1,0.8362998238271743
iemocap4,66,0.1,reference,task,,weighted_f1,0.8408210882392156
iemocap4,66,0.1,fixed0.95,current_observed_write_fit,audio,err_after,0.03627740251273274
iemocap4,66,0.1,fixed0.95,current_observed_write_fit,text,err_after,0.05375016919061056
iemocap4,66,0.1,fixed0.95,current_observed_write_fit,visual,err_after,0.035909791055296625
iemocap4,66,0.1,fixed0.95,retention,audio,err_decay,0.06961998663336999
iemocap4,66,0.1,fixed0.95,retention,text,err_decay,0.09775950577123647
iemocap4,66,0.1,fixed0.95,retention,visual,err_decay,0.08828373971974125
iemocap4,66,0.1,fixed0.95,task,,accuracy,0.8436744560838034
iemocap4,66,0.1,fixed0.95,task,,macro_f1,0.8383976916709637
iemocap4,66,0.1,fixed0.95,task,,weighted_f1,0.8432759884872139
iemocap4,66,0.1,fixed0.9,current_observed_write_fit,audio,err_after,0.06972926299813513
iemocap4,66,0.1,fixed0.9,current_observed_write_fit,text,err_after,0.10326998816992655
iemocap4,66,0.1,fixed0.9,current_observed_write_fit,visual,err_after,0.06916223417703583
iemocap4,66,0.1,fixed0.9,retention,audio,err_decay,0.09953777540431474
iemocap4,66,0.1,fixed0.9,retention,text,err_decay,0.14050876906644688
iemocap4,66,0.1,fixed0.9,retention,visual,err_decay,0.11632740711541595
iemocap4,66,0.1,fixed0.9,task,,accuracy,0.8444802578565673
iemocap4,66,0.1,fixed0.9,task,,macro_f1,0.8387641123907601
iemocap4,66,0.1,fixed0.9,task,,weighted_f1,0.8440516122335012
iemocap4,66,0.1,fixed0.8,current_observed_write_fit,audio,err_after,0.13355731008213353
iemocap4,66,0.1,fixed0.8,current_observed_write_fit,text,err_after,0.19760006235404562
iemocap4,66,0.1,fixed0.8,current_observed_write_fit,visual,err_after,0.13326682189156977
iemocap4,66,0.1,fixed0.8,retention,audio,err_decay,0.159753681091388
iemocap4,66,0.1,fixed0.8,retention,text,err_decay,0.22539347453369168
iemocap4,66,0.1,fixed0.8,retention,visual,err_decay,0.17324379618229294
iemocap4,66,0.1,fixed0.8,task,,accuracy,0.8477034649476228
iemocap4,66,0.1,fixed0.8,task,,macro_f1,0.8426501836588632
iemocap4,66,0.1,fixed0.8,task,,weighted_f1,0.8473275338412362
iemocap4,66,0.3,reference,current_observed_write_fit,audio,err_after,0.0016802865248536597
iemocap4,66,0.3,reference,current_observed_write_fit,text,err_after,0.002406774749267671
iemocap4,66,0.3,reference,current_observed_write_fit,visual,err_after,0.001695038829102375
iemocap4,66,0.3,reference,retention,audio,err_decay,0.11142487331491077
iemocap4,66,0.3,reference,retention,text,err_decay,0.0993295224269328
iemocap4,66,0.3,reference,retention,visual,err_decay,0.09807007357784031
iemocap4,66,0.3,reference,task,,accuracy,0.8162771958098308
iemocap4,66,0.3,reference,task,,macro_f1,0.8028561793752422
iemocap4,66,0.3,reference,task,,weighted_f1,0.8158030003404434
iemocap4,66,0.3,fixed0.95,current_observed_write_fit,audio,err_after,0.03779853792101298
iemocap4,66,0.3,fixed0.95,current_observed_write_fit,text,err_after,0.05384624947145803
iemocap4,66,0.3,fixed0.95,current_observed_write_fit,visual,err_after,0.03684556165333494
iemocap4,66,0.3,fixed0.95,retention,audio,err_decay,0.13166427523245364
iemocap4,66,0.3,fixed0.95,retention,text,err_decay,0.133127874389296
iemocap4,66,0.3,fixed0.95,retention,visual,err_decay,0.11946422043440814
iemocap4,66,0.3,fixed0.95,task,,accuracy,0.8186946011281225
iemocap4,66,0.3,fixed0.95,task,,macro_f1,0.805899510661104
iemocap4,66,0.3,fixed0.95,task,,weighted_f1,0.8181484256775409
iemocap4,66,0.3,fixed0.9,current_observed_write_fit,audio,err_after,0.0727401256745356
iemocap4,66,0.3,fixed0.9,current_observed_write_fit,text,err_after,0.10361740920604368
iemocap4,66,0.3,fixed0.9,current_observed_write_fit,visual,err_after,0.07103611557685262
iemocap4,66,0.3,fixed0.9,retention,audio,err_decay,0.15605430717172086
iemocap4,66,0.3,fixed0.9,retention,text,err_decay,0.17099715649113992
iemocap4,66,0.3,fixed0.9,retention,visual,err_decay,0.14478968213110222
iemocap4,66,0.3,fixed0.9,task,,accuracy,0.8211120064464141
iemocap4,66,0.3,fixed0.9,task,,macro_f1,0.8087519012323335
iemocap4,66,0.3,fixed0.9,task,,weighted_f1,0.820588248729996
iemocap4,66,0.3,fixed0.8,current_observed_write_fit,audio,err_after,0.139539071283381
iemocap4,66,0.3,fixed0.8,current_observed_write_fit,text,err_after,0.19871186731348414
iemocap4,66,0.3,fixed0.8,current_observed_write_fit,visual,err_after,0.1370413555809605
iemocap4,66,0.3,fixed0.8,retention,audio,err_decay,0.20663208361412336
iemocap4,66,0.3,fixed0.8,retention,text,err_decay,0.24804787993078278
iemocap4,66,0.3,fixed0.8,retention,visual,err_decay,0.19767925139691386
iemocap4,66,0.3,fixed0.8,task,,accuracy,0.8283642224012893
iemocap4,66,0.3,fixed0.8,task,,macro_f1,0.8164060919394458
iemocap4,66,0.3,fixed0.8,task,,weighted_f1,0.8278855814202678
iemocap4,66,0.5,reference,current_observed_write_fit,audio,err_after,0.0016740719236601027
iemocap4,66,0.5,reference,current_observed_write_fit,text,err_after,0.0023144999787350086
iemocap4,66,0.5,reference,current_observed_write_fit,visual,err_after,0.001673088588978112
iemocap4,66,0.5,reference,retention,audio,err_decay,0.14541174902704737
iemocap4,66,0.5,reference,retention,text,err_decay,0.1620689082593101
iemocap4,66,0.5,reference,retention,visual,err_decay,0.16112056812068648
iemocap4,66,0.5,reference,task,,accuracy,0.8033843674456084
iemocap4,66,0.5,reference,task,,macro_f1,0.7943652480052412
iemocap4,66,0.5,reference,task,,weighted_f1,0.8032392403302838
iemocap4,66,0.5,fixed0.95,current_observed_write_fit,audio,err_after,0.03894702722841646
iemocap4,66,0.5,fixed0.95,current_observed_write_fit,text,err_after,0.0537978482987338
iemocap4,66,0.5,fixed0.95,current_observed_write_fit,visual,err_after,0.038284212781482266
iemocap4,66,0.5,fixed0.95,retention,audio,err_decay,0.16050592138288686
iemocap4,66,0.5,fixed0.95,retention,text,err_decay,0.18967208015048473
iemocap4,66,0.5,fixed0.95,retention,visual,err_decay,0.1759464610372239
iemocap4,66,0.5,fixed0.95,task,,accuracy,0.8033843674456084
iemocap4,66,0.5,fixed0.95,task,,macro_f1,0.7947624669858764
iemocap4,66,0.5,fixed0.95,task,,weighted_f1,0.8031441614686401
iemocap4,66,0.5,fixed0.9,current_observed_write_fit,audio,err_after,0.0749507921814906
iemocap4,66,0.5,fixed0.9,current_observed_write_fit,text,err_after,0.10364374619799721
iemocap4,66,0.5,fixed0.9,current_observed_write_fit,visual,err_after,0.07389429276226152
iemocap4,66,0.5,fixed0.9,retention,audio,err_decay,0.18000150336180665
iemocap4,66,0.5,fixed0.9,retention,text,err_decay,0.22150051138822616
iemocap4,66,0.5,fixed0.9,retention,visual,err_decay,0.19484905932206803
iemocap4,66,0.5,fixed0.9,task,,accuracy,0.8025785656728445
iemocap4,66,0.5,fixed0.9,task,,macro_f1,0.7929104435092051
iemocap4,66,0.5,fixed0.9,task,,weighted_f1,0.802334256776101
iemocap4,66,0.5,fixed0.8,current_observed_write_fit,audio,err_after,0.14375465563751363
iemocap4,66,0.5,fixed0.8,current_observed_write_fit,text,err_after,0.19903277395735738
iemocap4,66,0.5,fixed0.8,current_observed_write_fit,visual,err_after,0.14274968294714455
iemocap4,66,0.5,fixed0.8,retention,audio,err_decay,0.22271267223559796
iemocap4,66,0.5,fixed0.8,retention,text,err_decay,0.288374139524778
iemocap4,66,0.5,fixed0.8,retention,visual,err_decay,0.2368651492797521
iemocap4,66,0.5,fixed0.8,task,,accuracy,0.8074133763094279
iemocap4,66,0.5,fixed0.8,task,,macro_f1,0.7991774852691604
iemocap4,66,0.5,fixed0.8,task,,weighted_f1,0.8071845260981086
iemocap4,66,0.7,reference,current_observed_write_fit,audio,err_after,0.0016337342993849497
iemocap4,66,0.7,reference,current_observed_write_fit,text,err_after,0.0022660098439759367
iemocap4,66,0.7,reference,current_observed_write_fit,visual,err_after,0.0016604124146329788
iemocap4,66,0.7,reference,retention,audio,err_decay,0.21437326634409654
iemocap4,66,0.7,reference,retention,text,err_decay,0.19952161211430397
iemocap4,66,0.7,reference,retention,visual,err_decay,0.22749406436123326
iemocap4,66,0.7,reference,task,,accuracy,0.7848509266720387
iemocap4,66,0.7,reference,task,,macro_f1,0.773567065038815
iemocap4,66,0.7,reference,task,,weighted_f1,0.7839118954933189
iemocap4,66,0.7,fixed0.95,current_observed_write_fit,audio,err_after,0.03931707897717186
iemocap4,66,0.7,fixed0.95,current_observed_write_fit,text,err_after,0.05473205980883779
iemocap4,66,0.7,fixed0.95,current_observed_write_fit,visual,err_after,0.039718425590817896
iemocap4,66,0.7,fixed0.95,retention,audio,err_decay,0.22533175379183465
iemocap4,66,0.7,fixed0.95,retention,text,err_decay,0.22411654774821294
iemocap4,66,0.7,fixed0.95,retention,visual,err_decay,0.23857564989638844
iemocap4,66,0.7,fixed0.95,task,,accuracy,0.7872683319903304
iemocap4,66,0.7,fixed0.95,task,,macro_f1,0.7764592972695082
iemocap4,66,0.7,fixed0.95,task,,weighted_f1,0.786413531138928
iemocap4,66,0.7,fixed0.9,current_observed_write_fit,audio,err_after,0.07569289896475019
iemocap4,66,0.7,fixed0.9,current_observed_write_fit,text,err_after,0.10558589101734853
iemocap4,66,0.7,fixed0.9,current_observed_write_fit,visual,err_after,0.07674718423844977
iemocap4,66,0.7,fixed0.9,retention,audio,err_decay,0.2404413841773117
iemocap4,66,0.7,fixed0.9,retention,text,err_decay,0.2530685158701771
iemocap4,66,0.7,fixed0.9,retention,visual,err_decay,0.25368194623095086
iemocap4,66,0.7,fixed0.9,task,,accuracy,0.790491539081386
iemocap4,66,0.7,fixed0.9,task,,macro_f1,0.7797908155541424
iemocap4,66,0.7,fixed0.9,task,,weighted_f1,0.7897954701405597
iemocap4,66,0.7,fixed0.8,current_observed_write_fit,audio,err_after,0.14530269392874476
iemocap4,66,0.7,fixed0.8,current_observed_write_fit,text,err_after,0.2030309822444522
iemocap4,66,0.7,fixed0.8,current_observed_write_fit,visual,err_after,0.14849231310584443
iemocap4,66,0.7,fixed0.8,retention,audio,err_decay,0.27549149442866466
iemocap4,66,0.7,fixed0.8,retention,text,err_decay,0.3154746520099458
iemocap4,66,0.7,fixed0.8,retention,visual,err_decay,0.2895017242159849
iemocap4,66,0.7,fixed0.8,task,,accuracy,0.7921031426269137
iemocap4,66,0.7,fixed0.8,task,,macro_f1,0.7810875315624504
iemocap4,66,0.7,fixed0.8,task,,weighted_f1,0.7916942296061619
iemocap4,66,all,reference,current_observed_write_fit,audio,err_after,0.001673991017401408
iemocap4,66,all,reference,current_observed_write_fit,text,err_after,0.0023989146157754318
iemocap4,66,all,reference,current_observed_write_fit,visual,err_after,0.0017042258381475617
iemocap4,66,all,reference,task,,accuracy,0.818372280419017
iemocap4,66,all,reference,task,,macro_f1,0.8090113092763669
iemocap4,66,all,reference,task,,weighted_f1,0.8178428428766293
iemocap4,66,all,fixed0.95,current_observed_write_fit,audio,err_after,0.037628083380221354
iemocap4,66,all,fixed0.95,current_observed_write_fit,text,err_after,0.053927144567499544
iemocap4,66,all,fixed0.95,current_observed_write_fit,visual,err_after,0.037286882103719665
iemocap4,66,all,fixed0.95,task,,accuracy,0.8201450443190975
iemocap4,66,all,fixed0.95,task,,macro_f1,0.8109414190236983
iemocap4,66,all,fixed0.95,task,,weighted_f1,0.8195932746146184
iemocap4,66,all,fixed0.9,current_observed_write_fit,audio,err_after,0.07238983755960375
iemocap4,66,all,fixed0.9,current_observed_write_fit,text,err_after,0.10377509973904302
iemocap4,66,all,fixed0.9,current_observed_write_fit,visual,err_after,0.07190662776057895
iemocap4,66,all,fixed0.9,task,,accuracy,0.8206285253827559
iemocap4,66,all,fixed0.9,task,,macro_f1,0.8112280834369205
iemocap4,66,all,fixed0.9,task,,weighted_f1,0.8201080395228417
iemocap4,66,all,fixed0.8,current_observed_write_fit,audio,err_after,0.13882577215260006
iemocap4,66,all,fixed0.8,current_observed_write_fit,text,err_after,0.19898430110886708
iemocap4,66,all,fixed0.8,current_observed_write_fit,visual,err_after,0.13877033242926312
iemocap4,66,all,fixed0.8,task,,accuracy,0.825624496373892
iemocap4,66,all,fixed0.8,task,,macro_f1,0.8168741487367813
iemocap4,66,all,fixed0.8,task,,weighted_f1,0.825208289467815
iemocap4,67,0,reference,current_observed_write_fit,audio,err_after,0.0017071196970091867
iemocap4,67,0,reference,current_observed_write_fit,text,err_after,0.002586122382817731
iemocap4,67,0,reference,current_observed_write_fit,visual,err_after,0.0017087817484591947
iemocap4,67,0,reference,task,,accuracy,0.8412570507655117
iemocap4,67,0,reference,task,,macro_f1,0.8453483750001073
iemocap4,67,0,reference,task,,weighted_f1,0.8417743594232616
iemocap4,67,0,fixed0.95,current_observed_write_fit,audio,err_after,0.03874183334617506
iemocap4,67,0,fixed0.95,current_observed_write_fit,text,err_after,0.05650707065631256
iemocap4,67,0,fixed0.95,current_observed_write_fit,visual,err_after,0.03527197191155727
iemocap4,67,0,fixed0.95,task,,accuracy,0.8412570507655117
iemocap4,67,0,fixed0.95,task,,macro_f1,0.8458339314519386
iemocap4,67,0,fixed0.95,task,,weighted_f1,0.8418991188034443
iemocap4,67,0,fixed0.9,current_observed_write_fit,audio,err_after,0.07451904995635596
iemocap4,67,0,fixed0.9,current_observed_write_fit,text,err_after,0.10849127060589553
iemocap4,67,0,fixed0.9,current_observed_write_fit,visual,err_after,0.0678226510661893
iemocap4,67,0,fixed0.9,task,,accuracy,0.8404512489927478
iemocap4,67,0,fixed0.9,task,,macro_f1,0.8452372112022062
iemocap4,67,0,fixed0.9,task,,weighted_f1,0.8411723724028448
iemocap4,67,0,fixed0.8,current_observed_write_fit,audio,err_after,0.14279278636741918
iemocap4,67,0,fixed0.8,current_observed_write_fit,text,err_after,0.2072695469818908
iemocap4,67,0,fixed0.8,current_observed_write_fit,visual,err_after,0.13017957365988528
iemocap4,67,0,fixed0.8,task,,accuracy,0.8444802578565673
iemocap4,67,0,fixed0.8,task,,macro_f1,0.8483369911099273
iemocap4,67,0,fixed0.8,task,,weighted_f1,0.8451983757743234
iemocap4,67,0.1,reference,current_observed_write_fit,audio,err_after,0.0016946359735748988
iemocap4,67,0.1,reference,current_observed_write_fit,text,err_after,0.0025579981899368043
iemocap4,67,0.1,reference,current_observed_write_fit,visual,err_after,0.0017045382528530209
iemocap4,67,0.1,reference,retention,audio,err_decay,0.040053022794759356
iemocap4,67,0.1,reference,retention,text,err_decay,0.057972972914098926
iemocap4,67,0.1,reference,retention,visual,err_decay,0.0488578933160578
iemocap4,67,0.1,reference,task,,accuracy,0.8404512489927478
iemocap4,67,0.1,reference,task,,macro_f1,0.845303367260605
iemocap4,67,0.1,reference,task,,weighted_f1,0.8411303755744274
iemocap4,67,0.1,fixed0.95,current_observed_write_fit,audio,err_after,0.038769030014146035
iemocap4,67,0.1,fixed0.95,current_observed_write_fit,text,err_after,0.05643761029121973
iemocap4,67,0.1,fixed0.95,current_observed_write_fit,visual,err_after,0.035777735207970444
iemocap4,67,0.1,fixed0.95,retention,audio,err_decay,0.06786940438356602
iemocap4,67,0.1,fixed0.95,retention,text,err_decay,0.09983592372562768
iemocap4,67,0.1,fixed0.95,retention,visual,err_decay,0.0720560146304213
iemocap4,67,0.1,fixed0.95,task,,accuracy,0.8428686543110395
iemocap4,67,0.1,fixed0.95,task,,macro_f1,0.8473611807833301
iemocap4,67,0.1,fixed0.95,task,,weighted_f1,0.8434811351746078
iemocap4,67,0.1,fixed0.9,current_observed_write_fit,audio,err_after,0.07457670113578221
iemocap4,67,0.1,fixed0.9,current_observed_write_fit,text,err_after,0.10842498073257628
iemocap4,67,0.1,fixed0.9,current_observed_write_fit,visual,err_after,0.06879247369508301
iemocap4,67,0.1,fixed0.9,retention,audio,err_decay,0.10019331768963416
iemocap4,67,0.1,fixed0.9,retention,text,err_decay,0.14494826656599075
iemocap4,67,0.1,fixed0.9,retention,visual,err_decay,0.09962928685725222
iemocap4,67,0.1,fixed0.9,task,,accuracy,0.8420628525382756
iemocap4,67,0.1,fixed0.9,task,,macro_f1,0.846505978138892
iemocap4,67,0.1,fixed0.9,task,,weighted_f1,0.8427534769494421
iemocap4,67,0.1,fixed0.8,current_observed_write_fit,audio,err_after,0.14293531622329214
iemocap4,67,0.1,fixed0.8,current_observed_write_fit,text,err_after,0.20734078610518633
iemocap4,67,0.1,fixed0.8,current_observed_write_fit,visual,err_after,0.13199327052582202
iemocap4,67,0.1,fixed0.8,retention,audio,err_decay,0.16498766479715002
iemocap4,67,0.1,fixed0.8,retention,text,err_decay,0.23326077323773095
iemocap4,67,0.1,fixed0.8,retention,visual,err_decay,0.1559243378246847
iemocap4,67,0.1,fixed0.8,task,,accuracy,0.8420628525382756
iemocap4,67,0.1,fixed0.8,task,,macro_f1,0.8465361405919991
iemocap4,67,0.1,fixed0.8,task,,weighted_f1,0.8429107898122631
iemocap4,67,0.3,reference,current_observed_write_fit,audio,err_after,0.0017093468621921996
iemocap4,67,0.3,reference,current_observed_write_fit,text,err_after,0.00250058041506906
iemocap4,67,0.3,reference,current_observed_write_fit,visual,err_after,0.0016942772465796748
iemocap4,67,0.3,reference,retention,audio,err_decay,0.08992150585107117
iemocap4,67,0.3,reference,retention,text,err_decay,0.118681102249086
iemocap4,67,0.3,reference,retention,visual,err_decay,0.10424115104380892
iemocap4,67,0.3,reference,task,,accuracy,0.8195004029008863
iemocap4,67,0.3,reference,task,,macro_f1,0.8173857193276652
iemocap4,67,0.3,reference,task,,weighted_f1,0.8197877493862005
iemocap4,67,0.3,fixed0.95,current_observed_write_fit,audio,err_after,0.039881704042192274
iemocap4,67,0.3,fixed0.95,current_observed_write_fit,text,err_after,0.05647544850679366
iemocap4,67,0.3,fixed0.95,current_observed_write_fit,visual,err_after,0.036911286742908764
iemocap4,67,0.3,fixed0.95,retention,audio,err_decay,0.11346043357225649
iemocap4,67,0.3,fixed0.95,retention,text,err_decay,0.15353478226418266
iemocap4,67,0.3,fixed0.95,retention,visual,err_decay,0.1221735228224942
iemocap4,67,0.3,fixed0.95,task,,accuracy,0.8195004029008863
iemocap4,67,0.3,fixed0.95,task,,macro_f1,0.8168203782344756
iemocap4,67,0.3,fixed0.95,task,,weighted_f1,0.8197817672597055
iemocap4,67,0.3,fixed0.9,current_observed_write_fit,audio,err_after,0.07669320781802784
iemocap4,67,0.3,fixed0.9,current_observed_write_fit,text,err_after,0.10861814538547528
iemocap4,67,0.3,fixed0.9,current_observed_write_fit,visual,err_after,0.07100288992728329
iemocap4,67,0.3,fixed0.9,retention,audio,err_decay,0.14142366872309062
iemocap4,67,0.3,fixed0.9,retention,text,err_decay,0.19228643908383716
iemocap4,67,0.3,fixed0.9,retention,visual,err_decay,0.1444191925641563
iemocap4,67,0.3,fixed0.9,task,,accuracy,0.8203062046736502
iemocap4,67,0.3,fixed0.9,task,,macro_f1,0.8185460998414124
iemocap4,67,0.3,fixed0.9,task,,weighted_f1,0.820562405425418
iemocap4,67,0.3,fixed0.8,current_observed_write_fit,audio,err_after,0.1468133363631694
iemocap4,67,0.3,fixed0.8,current_observed_write_fit,text,err_after,0.20800844954428366
iemocap4,67,0.3,fixed0.8,current_observed_write_fit,visual,err_after,0.13631961341444326
iemocap4,67,0.3,fixed0.8,retention,audio,err_decay,0.1990502853185064
iemocap4,67,0.3,fixed0.8,retention,text,err_decay,0.27104490883966204
iemocap4,67,0.3,fixed0.8,retention,visual,err_decay,0.19223831562461177
iemocap4,67,0.3,fixed0.8,task,,accuracy,0.8203062046736502
iemocap4,67,0.3,fixed0.8,task,,macro_f1,0.8175484942784477
iemocap4,67,0.3,fixed0.8,task,,weighted_f1,0.8206449822326101
iemocap4,67,0.5,reference,current_observed_write_fit,audio,err_after,0.00171310481147285
iemocap4,67,0.5,reference,current_observed_write_fit,text,err_after,0.002437197565463249
iemocap4,67,0.5,reference,current_observed_write_fit,visual,err_after,0.0017100920680793797
iemocap4,67,0.5,reference,retention,audio,err_decay,0.13909907710358277
iemocap4,67,0.5,reference,retention,text,err_decay,0.16125027261580419
iemocap4,67,0.5,reference,retention,visual,err_decay,0.1658923405193764
iemocap4,67,0.5,reference,task,,accuracy,0.8025785656728445
iemocap4,67,0.5,reference,task,,macro_f1,0.7962109126746487
iemocap4,67,0.5,reference,task,,weighted_f1,0.8027645335254173
iemocap4,67,0.5,fixed0.95,current_observed_write_fit,audio,err_after,0.04097081329174606
iemocap4,67,0.5,fixed0.95,current_observed_write_fit,text,err_after,0.056753925428747826
iemocap4,67,0.5,fixed0.95,current_observed_write_fit,visual,err_after,0.03915863944395062
iemocap4,67,0.5,fixed0.95,retention,audio,err_decay,0.1566718588703075
iemocap4,67,0.5,fixed0.95,retention,text,err_decay,0.1915750171933665
iemocap4,67,0.5,fixed0.95,retention,visual,err_decay,0.180541918856768
iemocap4,67,0.5,fixed0.95,task,,accuracy,0.8025785656728445
iemocap4,67,0.5,fixed0.95,task,,macro_f1,0.7960749888740544
iemocap4,67,0.5,fixed0.95,task,,weighted_f1,0.8027536487902036
iemocap4,67,0.5,fixed0.9,current_observed_write_fit,audio,err_after,0.07887966021044863
iemocap4,67,0.5,fixed0.9,current_observed_write_fit,text,err_after,0.10931300692457965
iemocap4,67,0.5,fixed0.9,current_observed_write_fit,visual,err_after,0.07544304887651801
iemocap4,67,0.5,fixed0.9,retention,audio,err_decay,0.17891608764093075
iemocap4,67,0.5,fixed0.9,retention,text,err_decay,0.22622219869661905
iemocap4,67,0.5,fixed0.9,retention,visual,err_decay,0.19946259577185488
iemocap4,67,0.5,fixed0.9,task,,accuracy,0.8033843674456084
iemocap4,67,0.5,fixed0.9,task,,macro_f1,0.7967505638189064
iemocap4,67,0.5,fixed0.9,task,,weighted_f1,0.8035436358619287
iemocap4,67,0.5,fixed0.8,current_observed_write_fit,audio,err_after,0.15129708756221616
iemocap4,67,0.5,fixed0.8,current_observed_write_fit,text,err_after,0.2097466769504234
iemocap4,67,0.5,fixed0.8,current_observed_write_fit,visual,err_after,0.14515753024965686
iemocap4,67,0.5,fixed0.8,retention,audio,err_decay,0.22745834122157274
iemocap4,67,0.5,fixed0.8,retention,text,err_decay,0.29871098037569893
iemocap4,67,0.5,fixed0.8,retention,visual,err_decay,0.24189014736201273
iemocap4,67,0.5,fixed0.8,task,,accuracy,0.8049959709911362
iemocap4,67,0.5,fixed0.8,task,,macro_f1,0.7991604831964616
iemocap4,67,0.5,fixed0.8,task,,weighted_f1,0.8053172147040792
iemocap4,67,0.7,reference,current_observed_write_fit,audio,err_after,0.001690487546289215
iemocap4,67,0.7,reference,current_observed_write_fit,text,err_after,0.002337516730671654
iemocap4,67,0.7,reference,current_observed_write_fit,visual,err_after,0.0016120220427314278
iemocap4,67,0.7,reference,retention,audio,err_decay,0.20219880915361466
iemocap4,67,0.7,reference,retention,text,err_decay,0.2035205328997463
iemocap4,67,0.7,reference,retention,visual,err_decay,0.20916049821749969
iemocap4,67,0.7,reference,task,,accuracy,0.7663174858984689
iemocap4,67,0.7,reference,task,,macro_f1,0.7624266368574877
iemocap4,67,0.7,reference,task,,weighted_f1,0.7668884007427463
iemocap4,67,0.7,fixed0.95,current_observed_write_fit,audio,err_after,0.041507313289854096
iemocap4,67,0.7,fixed0.95,current_observed_write_fit,text,err_after,0.056035731186429
iemocap4,67,0.7,fixed0.95,current_observed_write_fit,visual,err_after,0.038310727770812444
iemocap4,67,0.7,fixed0.95,retention,audio,err_decay,0.21507627060791873
iemocap4,67,0.7,fixed0.95,retention,text,err_decay,0.22931784644358075
iemocap4,67,0.7,fixed0.95,retention,visual,err_decay,0.21986869781062232
iemocap4,67,0.7,fixed0.95,task,,accuracy,0.7687348912167606
iemocap4,67,0.7,fixed0.95,task,,macro_f1,0.7654729051963383
iemocap4,67,0.7,fixed0.95,task,,weighted_f1,0.7692650028471948
iemocap4,67,0.7,fixed0.9,current_observed_write_fit,audio,err_after,0.08004853490974291
iemocap4,67,0.7,fixed0.9,current_observed_write_fit,text,err_after,0.10802401862103755
iemocap4,67,0.7,fixed0.9,current_observed_write_fit,visual,err_after,0.07390744196689918
iemocap4,67,0.7,fixed0.9,retention,audio,err_decay,0.23233049869060235
iemocap4,67,0.7,fixed0.9,retention,text,err_decay,0.2595550101293001
iemocap4,67,0.7,fixed0.9,retention,visual,err_decay,0.2346266157614022
iemocap4,67,0.7,fixed0.9,task,,accuracy,0.7687348912167606
iemocap4,67,0.7,fixed0.9,task,,macro_f1,0.7659864872659831
iemocap4,67,0.7,fixed0.9,task,,weighted_f1,0.7692676987801699
iemocap4,67,0.7,fixed0.8,current_observed_write_fit,audio,err_after,0.15406081866181803
iemocap4,67,0.7,fixed0.8,current_observed_write_fit,text,err_after,0.20751383341892127
iemocap4,67,0.7,fixed0.8,current_observed_write_fit,visual,err_after,0.14254920847283234
iemocap4,67,0.7,fixed0.8,retention,audio,err_decay,0.2721548616750012
iemocap4,67,0.7,fixed0.8,retention,text,err_decay,0.3246429554859699
iemocap4,67,0.7,fixed0.8,retention,visual,err_decay,0.26971408723152707
iemocap4,67,0.7,fixed0.8,task,,accuracy,0.7727639000805802
iemocap4,67,0.7,fixed0.8,task,,macro_f1,0.7707296986735972
iemocap4,67,0.7,fixed0.8,task,,weighted_f1,0.7734669927872841
iemocap4,67,all,reference,current_observed_write_fit,audio,err_after,0.0017029389781076701
iemocap4,67,all,reference,current_observed_write_fit,text,err_after,0.0024838830567916995
iemocap4,67,all,reference,current_observed_write_fit,visual,err_after,0.0016859422717405395
iemocap4,67,all,reference,task,,accuracy,0.8140209508460918
iemocap4,67,all,reference,task,,macro_f1,0.8133350022241028
iemocap4,67,all,reference,task,,weighted_f1,0.8144690837304106
iemocap4,67,all,fixed0.95,current_observed_write_fit,audio,err_after,0.039974138796822704
iemocap4,67,all,fixed0.95,current_observed_write_fit,text,err_after,0.05644195721390056
iemocap4,67,all,fixed0.95,current_observed_write_fit,visual,err_after,0.03708607221543991
iemocap4,67,all,fixed0.95,task,,accuracy,0.8149879129734086
iemocap4,67,all,fixed0.95,task,,macro_f1,0.8143126769080274
iemocap4,67,all,fixed0.95,task,,weighted_f1,0.8154361345750312
iemocap4,67,all,fixed0.9,current_observed_write_fit,audio,err_after,0.07694343080607151
iemocap4,67,all,fixed0.9,current_observed_write_fit,text,err_after,0.10857428445391286
iemocap4,67,all,fixed0.9,current_observed_write_fit,visual,err_after,0.07139370110639456
iemocap4,67,all,fixed0.9,task,,accuracy,0.8149879129734086
iemocap4,67,all,fixed0.9,task,,macro_f1,0.81460526805348
iemocap4,67,all,fixed0.9,task,,weighted_f1,0.8154599178839607
iemocap4,67,all,fixed0.8,current_observed_write_fit,audio,err_after,0.14757986903558298
iemocap4,67,all,fixed0.8,current_observed_write_fit,text,err_after,0.2079758586001411
iemocap4,67,all,fixed0.8,current_observed_write_fit,visual,err_after,0.13723983926452796
iemocap4,67,all,fixed0.8,task,,accuracy,0.8169218372280419
iemocap4,67,all,fixed0.8,task,,macro_f1,0.8164623615700866
iemocap4,67,all,fixed0.8,task,,weighted_f1,0.817507671062112
iemocap4,68,0,reference,current_observed_write_fit,audio,err_after,0.001783727249658861
iemocap4,68,0,reference,current_observed_write_fit,text,err_after,0.0024846347071185108
iemocap4,68,0,reference,current_observed_write_fit,visual,err_after,0.0015761426832676675
iemocap4,68,0,reference,task,,accuracy,0.8501208702659145
iemocap4,68,0,reference,task,,macro_f1,0.84715255087639
iemocap4,68,0,reference,task,,weighted_f1,0.8505238739937976
iemocap4,68,0,fixed0.95,current_observed_write_fit,audio,err_after,0.03673367709141224
iemocap4,68,0,fixed0.95,current_observed_write_fit,text,err_after,0.05515659815051442
iemocap4,68,0,fixed0.95,current_observed_write_fit,visual,err_after,0.033718596596139606
iemocap4,68,0,fixed0.95,task,,accuracy,0.8509266720386784
iemocap4,68,0,fixed0.95,task,,macro_f1,0.8483787305713256
iemocap4,68,0,fixed0.95,task,,weighted_f1,0.8513427648803147
iemocap4,68,0,fixed0.9,current_observed_write_fit,audio,err_after,0.07062387875708849
iemocap4,68,0,fixed0.9,current_observed_write_fit,text,err_after,0.10603414886434263
iemocap4,68,0,fixed0.9,current_observed_write_fit,visual,err_after,0.06487091880714632
iemocap4,68,0,fixed0.9,task,,accuracy,0.8525382755842063
iemocap4,68,0,fixed0.9,task,,macro_f1,0.8504641416458585
iemocap4,68,0,fixed0.9,task,,weighted_f1,0.8529535945446661
iemocap4,68,0,fixed0.8,current_observed_write_fit,audio,err_after,0.13541655253934526
iemocap4,68,0,fixed0.8,current_observed_write_fit,text,err_after,0.20299570971665007
iemocap4,68,0,fixed0.8,current_observed_write_fit,visual,err_after,0.12470009072882061
iemocap4,68,0,fixed0.8,task,,accuracy,0.8541498791297341
iemocap4,68,0,fixed0.8,task,,macro_f1,0.8528289838411172
iemocap4,68,0,fixed0.8,task,,weighted_f1,0.8545307241458109
iemocap4,68,0.1,reference,current_observed_write_fit,audio,err_after,0.001774089606827155
iemocap4,68,0.1,reference,current_observed_write_fit,text,err_after,0.0024526060599411657
iemocap4,68,0.1,reference,current_observed_write_fit,visual,err_after,0.0015919000306062196
iemocap4,68,0.1,reference,retention,audio,err_decay,0.050889599705200406
iemocap4,68,0.1,reference,retention,text,err_decay,0.04181677288003266
iemocap4,68,0.1,reference,retention,visual,err_decay,0.0547284735969131
iemocap4,68,0.1,reference,task,,accuracy,0.8436744560838034
iemocap4,68,0.1,reference,task,,macro_f1,0.8390318196587663
iemocap4,68,0.1,reference,task,,weighted_f1,0.8439417711804842
iemocap4,68,0.1,fixed0.95,current_observed_write_fit,audio,err_after,0.03742854885846599
iemocap4,68,0.1,fixed0.95,current_observed_write_fit,text,err_after,0.05513261805357403
iemocap4,68,0.1,fixed0.95,current_observed_write_fit,visual,err_after,0.034644937327577695
iemocap4,68,0.1,fixed0.95,retention,audio,err_decay,0.07673805750855202
iemocap4,68,0.1,fixed0.95,retention,text,err_decay,0.08523626156616956
iemocap4,68,0.1,fixed0.95,retention,visual,err_decay,0.07726343379069406
iemocap4,68,0.1,fixed0.95,task,,accuracy,0.8452860596293312
iemocap4,68,0.1,fixed0.95,task,,macro_f1,0.8414213128284401
iemocap4,68,0.1,fixed0.95,task,,weighted_f1,0.8455144275725024
iemocap4,68,0.1,fixed0.9,current_observed_write_fit,audio,err_after,0.07196332640184576
iemocap4,68,0.1,fixed0.9,current_observed_write_fit,text,err_after,0.10605000182819206
iemocap4,68,0.1,fixed0.9,current_observed_write_fit,visual,err_after,0.0666737370171969
iemocap4,68,0.1,fixed0.9,retention,audio,err_decay,0.10666755744717468
iemocap4,68,0.1,fixed0.9,retention,text,err_decay,0.1312163078635931
iemocap4,68,0.1,fixed0.9,retention,visual,err_decay,0.10359448326549694
iemocap4,68,0.1,fixed0.9,task,,accuracy,0.8452860596293312
iemocap4,68,0.1,fixed0.9,task,,macro_f1,0.8411799836991654
iemocap4,68,0.1,fixed0.9,task,,weighted_f1,0.8455302732100793
iemocap4,68,0.1,fixed0.8,current_observed_write_fit,audio,err_after,0.1379402535609011
iemocap4,68,0.1,fixed0.8,current_observed_write_fit,text,err_after,0.20318167506969814
iemocap4,68,0.1,fixed0.8,current_observed_write_fit,visual,err_after,0.1281949704407935
iemocap4,68,0.1,fixed0.8,retention,audio,err_decay,0.16722429354051385
iemocap4,68,0.1,fixed0.8,retention,text,err_decay,0.2208627000991255
iemocap4,68,0.1,fixed0.8,retention,visual,err_decay,0.1567214513002159
iemocap4,68,0.1,fixed0.8,task,,accuracy,0.8460918614020951
iemocap4,68,0.1,fixed0.8,task,,macro_f1,0.842105950017374
iemocap4,68,0.1,fixed0.8,task,,weighted_f1,0.8462619595610199
iemocap4,68,0.3,reference,current_observed_write_fit,audio,err_after,0.001754970056879428
iemocap4,68,0.3,reference,current_observed_write_fit,text,err_after,0.0024165617119225823
iemocap4,68,0.3,reference,current_observed_write_fit,visual,err_after,0.001581620958058054
iemocap4,68,0.3,reference,retention,audio,err_decay,0.1151957540009844
iemocap4,68,0.3,reference,retention,text,err_decay,0.1030590166701586
iemocap4,68,0.3,reference,retention,visual,err_decay,0.11826820272216491
iemocap4,68,0.3,reference,task,,accuracy,0.814665592264303
iemocap4,68,0.3,reference,task,,macro_f1,0.8066669066606396
iemocap4,68,0.3,reference,task,,weighted_f1,0.815656324984252
iemocap4,68,0.3,fixed0.95,current_observed_write_fit,audio,err_after,0.03861144616376564
iemocap4,68,0.3,fixed0.95,current_observed_write_fit,text,err_after,0.055721756662961267
iemocap4,68,0.3,fixed0.95,current_observed_write_fit,visual,err_after,0.035614794751633455
iemocap4,68,0.3,fixed0.95,retention,audio,err_decay,0.1350136401702605
iemocap4,68,0.3,fixed0.95,retention,text,err_decay,0.13952580273491383
iemocap4,68,0.3,fixed0.95,retention,visual,err_decay,0.13410966047941117
iemocap4,68,0.3,fixed0.95,task,,accuracy,0.8162771958098308
iemocap4,68,0.3,fixed0.95,task,,macro_f1,0.8084971780304567
iemocap4,68,0.3,fixed0.95,task,,weighted_f1,0.8171769880564912
iemocap4,68,0.3,fixed0.9,current_observed_write_fit,audio,err_after,0.07425973994267444
iemocap4,68,0.3,fixed0.9,current_observed_write_fit,text,err_after,0.10725641454360342
iemocap4,68,0.3,fixed0.9,current_observed_write_fit,visual,err_after,0.06861621996495676
iemocap4,68,0.3,fixed0.9,retention,audio,err_decay,0.1593811355449865
iemocap4,68,0.3,fixed0.9,retention,text,err_decay,0.17977277102545486
iemocap4,68,0.3,fixed0.9,retention,visual,err_decay,0.15357550431814035
iemocap4,68,0.3,fixed0.9,task,,accuracy,0.8138597904915391
iemocap4,68,0.3,fixed0.9,task,,macro_f1,0.806161956052899
iemocap4,68,0.3,fixed0.9,task,,weighted_f1,0.8148345286837637
iemocap4,68,0.3,fixed0.8,current_observed_write_fit,audio,err_after,0.14232243096091907
iemocap4,68,0.3,fixed0.8,current_observed_write_fit,text,err_after,0.20562845764817317
iemocap4,68,0.3,fixed0.8,current_observed_write_fit,visual,err_after,0.13214754317282612
iemocap4,68,0.3,fixed0.8,retention,audio,err_decay,0.21094777752190874
iemocap4,68,0.3,fixed0.8,retention,text,err_decay,0.26129747561505856
iemocap4,68,0.3,fixed0.8,retention,visual,err_decay,0.19534457099091793
iemocap4,68,0.3,fixed0.8,task,,accuracy,0.8170829975825947
iemocap4,68,0.3,fixed0.8,task,,macro_f1,0.808972140005403
iemocap4,68,0.3,fixed0.8,task,,weighted_f1,0.8179584385632557
iemocap4,68,0.5,reference,current_observed_write_fit,audio,err_after,0.001711122727813389
iemocap4,68,0.5,reference,current_observed_write_fit,text,err_after,0.002331644355667891
iemocap4,68,0.5,reference,current_observed_write_fit,visual,err_after,0.001542027359231256
iemocap4,68,0.5,reference,retention,audio,err_decay,0.17483525164588193
iemocap4,68,0.5,reference,retention,text,err_decay,0.15056443153441235
iemocap4,68,0.5,reference,retention,visual,err_decay,0.1479281379109633
iemocap4,68,0.5,reference,task,,accuracy,0.7792103142626914
iemocap4,68,0.5,reference,task,,macro_f1,0.7641657529467624
iemocap4,68,0.5,reference,task,,weighted_f1,0.7804179349207927
iemocap4,68,0.5,fixed0.95,current_observed_write_fit,audio,err_after,0.03962933515095129
iemocap4,68,0.5,fixed0.95,current_observed_write_fit,text,err_after,0.055519684804288774
iemocap4,68,0.5,fixed0.95,current_observed_write_fit,visual,err_after,0.036158064447127714
iemocap4,68,0.5,fixed0.95,retention,audio,err_decay,0.1895454175633108
iemocap4,68,0.5,fixed0.95,retention,text,err_decay,0.18193551615970033
iemocap4,68,0.5,fixed0.95,retention,visual,err_decay,0.16300955494212027
iemocap4,68,0.5,fixed0.95,task,,accuracy,0.7816277195809831
iemocap4,68,0.5,fixed0.95,task,,macro_f1,0.7670094976913662
iemocap4,68,0.5,fixed0.95,task,,weighted_f1,0.7827360142251828
iemocap4,68,0.5,fixed0.9,current_observed_write_fit,audio,err_after,0.07630149893801058
iemocap4,68,0.5,fixed0.9,current_observed_write_fit,text,err_after,0.10705220611319578
iemocap4,68,0.5,fixed0.9,current_observed_write_fit,visual,err_after,0.06985458175534431
iemocap4,68,0.5,fixed0.9,retention,audio,err_decay,0.20850535283610877
iemocap4,68,0.5,fixed0.9,retention,text,err_decay,0.21763779720607793
iemocap4,68,0.5,fixed0.9,retention,visual,err_decay,0.1820988569448427
iemocap4,68,0.5,fixed0.9,task,,accuracy,0.7856567284448026
iemocap4,68,0.5,fixed0.9,task,,macro_f1,0.7719494905334592
iemocap4,68,0.5,fixed0.9,task,,weighted_f1,0.7866089072196257
iemocap4,68,0.5,fixed0.8,current_observed_write_fit,audio,err_after,0.14651386257404206
iemocap4,68,0.5,fixed0.8,current_observed_write_fit,text,err_after,0.20570961571026158
iemocap4,68,0.5,fixed0.8,current_observed_write_fit,visual,err_after,0.1351932273298382
iemocap4,68,0.5,fixed0.8,retention,audio,err_decay,0.2502502032732298
iemocap4,68,0.5,fixed0.8,retention,text,err_decay,0.2921081748527457
iemocap4,68,0.5,fixed0.8,retention,visual,err_decay,0.22485159212736633
iemocap4,68,0.5,fixed0.8,task,,accuracy,0.7864625302175665
iemocap4,68,0.5,fixed0.8,task,,macro_f1,0.7735449375320994
iemocap4,68,0.5,fixed0.8,task,,weighted_f1,0.7873600207794311
iemocap4,68,0.7,reference,current_observed_write_fit,audio,err_after,0.0016697936070835195
iemocap4,68,0.7,reference,current_observed_write_fit,text,err_after,0.0022824133842739487
iemocap4,68,0.7,reference,current_observed_write_fit,visual,err_after,0.0015531413308512904
iemocap4,68,0.7,reference,retention,audio,err_decay,0.20948446692974113
iemocap4,68,0.7,reference,retention,text,err_decay,0.19387987799030013
iemocap4,68,0.7,reference,retention,visual,err_decay,0.1922482336546795
iemocap4,68,0.7,reference,task,,accuracy,0.7912973408541499
iemocap4,68,0.7,reference,task,,macro_f1,0.780426334163068
iemocap4,68,0.7,reference,task,,weighted_f1,0.7918032800515314
iemocap4,68,0.7,fixed0.95,current_observed_write_fit,audio,err_after,0.039983492358796634
iemocap4,68,0.7,fixed0.95,current_observed_write_fit,text,err_after,0.05562298207390684
iemocap4,68,0.7,fixed0.95,current_observed_write_fit,visual,err_after,0.037438285379959906
iemocap4,68,0.7,fixed0.95,retention,audio,err_decay,0.22153912364574796
iemocap4,68,0.7,fixed0.95,retention,text,err_decay,0.2203814253443852
iemocap4,68,0.7,fixed0.95,retention,visual,err_decay,0.2046253505339478
iemocap4,68,0.7,fixed0.95,task,,accuracy,0.7912973408541499
iemocap4,68,0.7,fixed0.95,task,,macro_f1,0.7802665810658682
iemocap4,68,0.7,fixed0.95,task,,weighted_f1,0.7917618763074654
iemocap4,68,0.7,fixed0.9,current_observed_write_fit,audio,err_after,0.0770340096924007
iemocap4,68,0.7,fixed0.9,current_observed_write_fit,text,err_after,0.10733228532555748
iemocap4,68,0.7,fixed0.9,current_observed_write_fit,visual,err_after,0.07236241275327081
iemocap4,68,0.7,fixed0.9,retention,audio,err_decay,0.23784849602443722
iemocap4,68,0.7,fixed0.9,retention,text,err_decay,0.25142480382518145
iemocap4,68,0.7,fixed0.9,retention,visual,err_decay,0.22100335795781403
iemocap4,68,0.7,fixed0.9,task,,accuracy,0.7912973408541499
iemocap4,68,0.7,fixed0.9,task,,macro_f1,0.7798845357358402
iemocap4,68,0.7,fixed0.9,task,,weighted_f1,0.7917821858417068
iemocap4,68,0.7,fixed0.8,current_observed_write_fit,audio,err_after,0.14799618131725029
iemocap4,68,0.7,fixed0.8,current_observed_write_fit,text,err_after,0.20646613017847973
iemocap4,68,0.7,fixed0.8,current_observed_write_fit,visual,err_after,0.14013981503520379
iemocap4,68,0.7,fixed0.8,retention,audio,err_decay,0.2753502309624753
iemocap4,68,0.7,fixed0.8,retention,text,err_decay,0.3183076839215752
iemocap4,68,0.7,fixed0.8,retention,visual,err_decay,0.25927051013038327
iemocap4,68,0.7,fixed0.8,task,,accuracy,0.7921031426269137
iemocap4,68,0.7,fixed0.8,task,,macro_f1,0.7813526107118842
iemocap4,68,0.7,fixed0.8,task,,weighted_f1,0.7926247294197593
iemocap4,68,all,reference,current_observed_write_fit,audio,err_after,0.0017387406496524704
iemocap4,68,all,reference,current_observed_write_fit,text,err_after,0.0023935720437848196
iemocap4,68,all,reference,current_observed_write_fit,visual,err_after,0.0015689664724028976
iemocap4,68,all,reference,task,,accuracy,0.8157937147461725
iemocap4,68,all,reference,task,,macro_f1,0.8074886728611252
iemocap4,68,all,reference,task,,weighted_f1,0.8164686370261716
iemocap4,68,all,fixed0.95,current_observed_write_fit,audio,err_after,0.03847729992467836
iemocap4,68,all,fixed0.95,current_observed_write_fit,text,err_after,0.05543072794904907
iemocap4,68,all,fixed0.95,current_observed_write_fit,visual,err_after,0.03551493570048767
iemocap4,68,all,fixed0.95,task,,accuracy,0.8170829975825947
iemocap4,68,all,fixed0.95,task,,macro_f1,0.8091146600374913
iemocap4,68,all,fixed0.95,task,,weighted_f1,0.8177064142083913
iemocap4,68,all,fixed0.9,current_observed_write_fit,audio,err_after,0.07403649074640399
iemocap4,68,all,fixed0.9,current_observed_write_fit,text,err_after,0.10674501133497828
iemocap4,68,all,fixed0.9,current_observed_write_fit,visual,err_after,0.06847557405958302
iemocap4,68,all,fixed0.9,task,,accuracy,0.8177276390008058
iemocap4,68,all,fixed0.9,task,,macro_f1,0.8099280215334445
iemocap4,68,all,fixed0.9,task,,weighted_f1,0.8183418978999684
iemocap4,68,all,fixed0.8,current_observed_write_fit,audio,err_after,0.14203785619049156
iemocap4,68,all,fixed0.8,current_observed_write_fit,text,err_after,0.20479631766465253
iemocap4,68,all,fixed0.8,current_observed_write_fit,visual,err_after,0.13207512934149646
iemocap4,68,all,fixed0.8,task,,accuracy,0.8191780821917808
iemocap4,68,all,fixed0.8,task,,macro_f1,0.8117609244215755
iemocap4,68,all,fixed0.8,task,,weighted_f1,0.8197471744938554
iemocap4,69,0,reference,current_observed_write_fit,audio,err_after,0.001601335235940464
iemocap4,69,0,reference,current_observed_write_fit,text,err_after,0.0026370511325987463
iemocap4,69,0,reference,current_observed_write_fit,visual,err_after,0.0015961164214590873
iemocap4,69,0,reference,task,,accuracy,0.8404512489927478
iemocap4,69,0,reference,task,,macro_f1,0.832381584624383
iemocap4,69,0,reference,task,,weighted_f1,0.8402846788891568
iemocap4,69,0,fixed0.95,current_observed_write_fit,audio,err_after,0.03360391866921034
iemocap4,69,0,fixed0.95,current_observed_write_fit,text,err_after,0.05560873178002521
iemocap4,69,0,fixed0.95,current_observed_write_fit,visual,err_after,0.0321829804440117
iemocap4,69,0,fixed0.95,task,,accuracy,0.8412570507655117
iemocap4,69,0,fixed0.95,task,,macro_f1,0.8328709951950891
iemocap4,69,0,fixed0.95,task,,weighted_f1,0.8411737327799927
iemocap4,69,0,fixed0.9,current_observed_write_fit,audio,err_after,0.06463083393751616
iemocap4,69,0,fixed0.9,current_observed_write_fit,text,err_after,0.10666330824297024
iemocap4,69,0,fixed0.9,current_observed_write_fit,visual,err_after,0.06201042477889973
iemocap4,69,0,fixed0.9,task,,accuracy,0.8428686543110395
iemocap4,69,0,fixed0.9,task,,macro_f1,0.8343739604012225
iemocap4,69,0,fixed0.9,task,,weighted_f1,0.8428522945797222
iemocap4,69,0,fixed0.8,current_observed_write_fit,audio,err_after,0.1239244894756925
iemocap4,69,0,fixed0.8,current_observed_write_fit,text,err_after,0.20354767456373252
iemocap4,69,0,fixed0.8,current_observed_write_fit,visual,err_after,0.11967893273209985
iemocap4,69,0,fixed0.8,task,,accuracy,0.8485092667203867
iemocap4,69,0,fixed0.8,task,,macro_f1,0.8399880801464292
iemocap4,69,0,fixed0.8,task,,weighted_f1,0.848420235099717
iemocap4,69,0.1,reference,current_observed_write_fit,audio,err_after,0.001595135368199469
iemocap4,69,0.1,reference,current_observed_write_fit,text,err_after,0.0025841761597990877
iemocap4,69,0.1,reference,current_observed_write_fit,visual,err_after,0.0015845969317746366
iemocap4,69,0.1,reference,retention,audio,err_decay,0.0488571651900808
iemocap4,69,0.1,reference,retention,text,err_decay,0.05020278540510937
iemocap4,69,0.1,reference,retention,visual,err_decay,0.062361370691138764
iemocap4,69,0.1,reference,task,,accuracy,0.8283642224012893
iemocap4,69,0.1,reference,task,,macro_f1,0.8214519013144954
iemocap4,69,0.1,reference,task,,weighted_f1,0.8283811945469287
iemocap4,69,0.1,fixed0.95,current_observed_write_fit,audio,err_after,0.034047123747120614
iemocap4,69,0.1,fixed0.95,current_observed_write_fit,text,err_after,0.05540655424982579
iemocap4,69,0.1,fixed0.95,current_observed_write_fit,visual,err_after,0.03296318216954115
iemocap4,69,0.1,fixed0.95,retention,audio,err_decay,0.0686032300000079
iemocap4,69,0.1,fixed0.95,retention,text,err_decay,0.09250202422203907
iemocap4,69,0.1,fixed0.95,retention,visual,err_decay,0.08315891473203142
iemocap4,69,0.1,fixed0.95,task,,accuracy,0.8323932312651088
iemocap4,69,0.1,fixed0.95,task,,macro_f1,0.8258138252784928
iemocap4,69,0.1,fixed0.95,task,,weighted_f1,0.8323016011200094
iemocap4,69,0.1,fixed0.9,current_observed_write_fit,audio,err_after,0.06547308897112224
iemocap4,69,0.1,fixed0.9,current_observed_write_fit,text,err_after,0.10635051550646417
iemocap4,69,0.1,fixed0.9,current_observed_write_fit,visual,err_after,0.06352050897862455
iemocap4,69,0.1,fixed0.9,retention,audio,err_decay,0.09279249199122812
iemocap4,69,0.1,fixed0.9,retention,text,err_decay,0.13786727911200752
iemocap4,69,0.1,fixed0.9,retention,visual,err_decay,0.10773131407820957
iemocap4,69,0.1,fixed0.9,task,,accuracy,0.8340048348106366
iemocap4,69,0.1,fixed0.9,task,,macro_f1,0.8274626781025156
iemocap4,69,0.1,fixed0.9,task,,weighted_f1,0.8339502142813225
iemocap4,69,0.1,fixed0.8,current_observed_write_fit,audio,err_after,0.1254869639573841
iemocap4,69,0.1,fixed0.8,current_observed_write_fit,text,err_after,0.20313445958590778
iemocap4,69,0.1,fixed0.8,current_observed_write_fit,visual,err_after,0.12254855309874586
iemocap4,69,0.1,fixed0.8,retention,audio,err_decay,0.14254857837093166
iemocap4,69,0.1,fixed0.8,retention,text,err_decay,0.22702403456540937
iemocap4,69,0.1,fixed0.8,retention,visual,err_decay,0.15834005433809606
iemocap4,69,0.1,fixed0.8,task,,accuracy,0.83883964544722
iemocap4,69,0.1,fixed0.8,task,,macro_f1,0.8322902729896341
iemocap4,69,0.1,fixed0.8,task,,weighted_f1,0.8388167910828295
iemocap4,69,0.3,reference,current_observed_write_fit,audio,err_after,0.0016059469345630975
iemocap4,69,0.3,reference,current_observed_write_fit,text,err_after,0.0024793659224990913
iemocap4,69,0.3,reference,current_observed_write_fit,visual,err_after,0.0015626368926187906
iemocap4,69,0.3,reference,retention,audio,err_decay,0.10266846700802992
iemocap4,69,0.3,reference,retention,text,err_decay,0.11139885921913542
iemocap4,69,0.3,reference,retention,visual,err_decay,0.1045159997824484
iemocap4,69,0.3,reference,task,,accuracy,0.8186946011281225
iemocap4,69,0.3,reference,task,,macro_f1,0.810282501486038
iemocap4,69,0.3,reference,task,,weighted_f1,0.8182524477117213
iemocap4,69,0.3,fixed0.95,current_observed_write_fit,audio,err_after,0.03577151234291263
iemocap4,69,0.3,fixed0.95,current_observed_write_fit,text,err_after,0.05538807859563582
iemocap4,69,0.3,fixed0.95,current_observed_write_fit,visual,err_after,0.034241636503557965
iemocap4,69,0.3,fixed0.95,retention,audio,err_decay,0.11988406444703739
iemocap4,69,0.3,fixed0.95,retention,text,err_decay,0.14574696261324097
iemocap4,69,0.3,fixed0.95,retention,visual,err_decay,0.12245548215424085
iemocap4,69,0.3,fixed0.95,task,,accuracy,0.8227236099919419
iemocap4,69,0.3,fixed0.95,task,,macro_f1,0.8141878803609705
iemocap4,69,0.3,fixed0.95,task,,weighted_f1,0.8225240563561961
iemocap4,69,0.3,fixed0.9,current_observed_write_fit,audio,err_after,0.06877805491340125
iemocap4,69,0.3,fixed0.9,current_observed_write_fit,text,err_after,0.10653709892193178
iemocap4,69,0.3,fixed0.9,current_observed_write_fit,visual,err_after,0.06604864016615461
iemocap4,69,0.3,fixed0.9,retention,audio,err_decay,0.14148380685963347
iemocap4,69,0.3,fixed0.9,retention,text,err_decay,0.18407613103351506
iemocap4,69,0.3,fixed0.9,retention,visual,err_decay,0.14456753924282062
iemocap4,69,0.3,fixed0.9,task,,accuracy,0.821917808219178
iemocap4,69,0.3,fixed0.9,task,,macro_f1,0.8133273690627327
iemocap4,69,0.3,fixed0.9,task,,weighted_f1,0.8218133943978834
iemocap4,69,0.3,fixed0.8,current_observed_write_fit,audio,err_after,0.13176222686301234
iemocap4,69,0.3,fixed0.8,current_observed_write_fit,text,err_after,0.20409253964877988
iemocap4,69,0.3,fixed0.8,current_observed_write_fit,visual,err_after,0.12756983424539017
iemocap4,69,0.3,fixed0.8,retention,audio,err_decay,0.18699402074950436
iemocap4,69,0.3,fixed0.8,retention,text,err_decay,0.26185316383315804
iemocap4,69,0.3,fixed0.8,retention,visual,err_decay,0.19204375623231834
iemocap4,69,0.3,fixed0.8,task,,accuracy,0.8243352135374697
iemocap4,69,0.3,fixed0.8,task,,macro_f1,0.8165071341803591
iemocap4,69,0.3,fixed0.8,task,,weighted_f1,0.8243194292093472
iemocap4,69,0.5,reference,current_observed_write_fit,audio,err_after,0.001570741560988611
iemocap4,69,0.5,reference,current_observed_write_fit,text,err_after,0.0024172075820193878
iemocap4,69,0.5,reference,current_observed_write_fit,visual,err_after,0.001542179018786757
iemocap4,69,0.5,reference,retention,audio,err_decay,0.1639402755536139
iemocap4,69,0.5,reference,retention,text,err_decay,0.16495320791866452
iemocap4,69,0.5,reference,retention,visual,err_decay,0.15019390805402683
iemocap4,69,0.5,reference,task,,accuracy,0.8025785656728445
iemocap4,69,0.5,reference,task,,macro_f1,0.7921331153891131
iemocap4,69,0.5,reference,task,,weighted_f1,0.8035708739115069
iemocap4,69,0.5,fixed0.95,current_observed_write_fit,audio,err_after,0.03628543286121779
iemocap4,69,0.5,fixed0.95,current_observed_write_fit,text,err_after,0.055810125898845306
iemocap4,69,0.5,fixed0.95,current_observed_write_fit,visual,err_after,0.03565435513168262
iemocap4,69,0.5,fixed0.95,retention,audio,err_decay,0.17806822790289972
iemocap4,69,0.5,fixed0.95,retention,text,err_decay,0.19481393871204747
iemocap4,69,0.5,fixed0.95,retention,visual,err_decay,0.16446224183021557
iemocap4,69,0.5,fixed0.95,task,,accuracy,0.8025785656728445
iemocap4,69,0.5,fixed0.95,task,,macro_f1,0.7918071120201975
iemocap4,69,0.5,fixed0.95,task,,weighted_f1,0.8036889084174481
iemocap4,69,0.5,fixed0.9,current_observed_write_fit,audio,err_after,0.06991706340818009
iemocap4,69,0.5,fixed0.9,current_observed_write_fit,text,err_after,0.10740015804634309
iemocap4,69,0.5,fixed0.9,current_observed_write_fit,visual,err_after,0.06887774844339957
iemocap4,69,0.5,fixed0.9,retention,audio,err_decay,0.19668011671555935
iemocap4,69,0.5,fixed0.9,retention,text,err_decay,0.22879026552031517
iemocap4,69,0.5,fixed0.9,retention,visual,err_decay,0.18247254591789983
iemocap4,69,0.5,fixed0.9,task,,accuracy,0.8058017727639001
iemocap4,69,0.5,fixed0.9,task,,macro_f1,0.7959887045876048
iemocap4,69,0.5,fixed0.9,task,,weighted_f1,0.8068700765572172
iemocap4,69,0.5,fixed0.8,current_observed_write_fit,audio,err_after,0.13451157001618522
iemocap4,69,0.5,fixed0.8,current_observed_write_fit,text,err_after,0.2057564708105651
iemocap4,69,0.5,fixed0.8,current_observed_write_fit,visual,err_after,0.13329302402686344
iemocap4,69,0.5,fixed0.8,retention,audio,err_decay,0.2377834419261125
iemocap4,69,0.5,fixed0.8,retention,text,err_decay,0.29929888251523373
iemocap4,69,0.5,fixed0.8,retention,visual,err_decay,0.2225578558910638
iemocap4,69,0.5,fixed0.8,task,,accuracy,0.8082191780821918
iemocap4,69,0.5,fixed0.8,task,,macro_f1,0.7991478462980673
iemocap4,69,0.5,fixed0.8,task,,weighted_f1,0.809190983232406
iemocap4,69,0.7,reference,current_observed_write_fit,audio,err_after,0.0015928110741312807
iemocap4,69,0.7,reference,current_observed_write_fit,text,err_after,0.0023081520652163657
iemocap4,69,0.7,reference,current_observed_write_fit,visual,err_after,0.0015123287712695082
iemocap4,69,0.7,reference,retention,audio,err_decay,0.2305596574806994
iemocap4,69,0.7,reference,retention,text,err_decay,0.2148777636713592
iemocap4,69,0.7,reference,retention,visual,err_decay,0.1943353559724542
iemocap4,69,0.7,reference,task,,accuracy,0.750201450443191
iemocap4,69,0.7,reference,task,,macro_f1,0.7438527738014317
iemocap4,69,0.7,reference,task,,weighted_f1,0.753449623298715
iemocap4,69,0.7,fixed0.95,current_observed_write_fit,audio,err_after,0.038537493916379846
iemocap4,69,0.7,fixed0.95,current_observed_write_fit,text,err_after,0.05571551758838926
iemocap4,69,0.7,fixed0.95,current_observed_write_fit,visual,err_after,0.0366052762082858
iemocap4,69,0.7,fixed0.95,retention,audio,err_decay,0.24051262040519725
iemocap4,69,0.7,fixed0.95,retention,text,err_decay,0.2405234230381063
iemocap4,69,0.7,fixed0.95,retention,visual,err_decay,0.20582907578296292
iemocap4,69,0.7,fixed0.95,task,,accuracy,0.7534246575342466
iemocap4,69,0.7,fixed0.95,task,,macro_f1,0.7460319568121455
iemocap4,69,0.7,fixed0.95,task,,weighted_f1,0.7565882496118913
iemocap4,69,0.7,fixed0.9,current_observed_write_fit,audio,err_after,0.07422288476226367
iemocap4,69,0.7,fixed0.9,current_observed_write_fit,text,err_after,0.1074597424009218
iemocap4,69,0.7,fixed0.9,current_observed_write_fit,visual,err_after,0.07086455848939363
iemocap4,69,0.7,fixed0.9,retention,audio,err_decay,0.2545008680179801
iemocap4,69,0.7,fixed0.9,retention,text,err_decay,0.27019236043743994
iemocap4,69,0.7,fixed0.9,retention,visual,err_decay,0.22124569048590736
iemocap4,69,0.7,fixed0.9,task,,accuracy,0.7558420628525383
iemocap4,69,0.7,fixed0.9,task,,macro_f1,0.7481043727251557
iemocap4,69,0.7,fixed0.9,task,,weighted_f1,0.7589299994229325
iemocap4,69,0.7,fixed0.8,current_observed_write_fit,audio,err_after,0.1424855630974024
iemocap4,69,0.7,fixed0.8,current_observed_write_fit,text,err_after,0.2065850955271388
iemocap4,69,0.7,fixed0.8,current_observed_write_fit,visual,err_after,0.1377014034984395
iemocap4,69,0.7,fixed0.8,retention,audio,err_decay,0.28711317311186196
iemocap4,69,0.7,fixed0.8,retention,text,err_decay,0.33346324398278443
iemocap4,69,0.7,fixed0.8,retention,visual,err_decay,0.2575417967739084
iemocap4,69,0.7,fixed0.8,task,,accuracy,0.7614826752618856
iemocap4,69,0.7,fixed0.8,task,,macro_f1,0.7551350498509317
iemocap4,69,0.7,fixed0.8,task,,weighted_f1,0.7641747243633474
iemocap4,69,all,reference,current_observed_write_fit,audio,err_after,0.0015931940347645845
iemocap4,69,all,reference,current_observed_write_fit,text,err_after,0.002485190572426536
iemocap4,69,all,reference,current_observed_write_fit,visual,err_after,0.0015595716071817559
iemocap4,69,all,reference,task,,accuracy,0.808058017727639
iemocap4,69,all,reference,task,,macro_f1,0.8000203753230922
iemocap4,69,all,reference,task,,weighted_f1,0.8087877636716058
iemocap4,69,all,fixed0.95,current_observed_write_fit,audio,err_after,0.03564909630736825
iemocap4,69,all,fixed0.95,current_observed_write_fit,text,err_after,0.05558580162254428
iemocap4,69,all,fixed0.95,current_observed_write_fit,visual,err_after,0.034329486091415846
iemocap4,69,all,fixed0.95,task,,accuracy,0.8104754230459307
iemocap4,69,all,fixed0.95,task,,macro_f1,0.8021423539333791
iemocap4,69,all,fixed0.95,task,,weighted_f1,0.8112553096571076
iemocap4,69,all,fixed0.9,current_observed_write_fit,audio,err_after,0.06860438519849668
iemocap4,69,all,fixed0.9,current_observed_write_fit,text,err_after,0.10688216462372621
iemocap4,69,all,fixed0.9,current_observed_write_fit,visual,err_after,0.06626437617129442
iemocap4,69,all,fixed0.9,task,,accuracy,0.8120870265914585
iemocap4,69,all,fixed0.9,task,,macro_f1,0.8038514169758463
iemocap4,69,all,fixed0.9,task,,weighted_f1,0.8128831958478155
iemocap4,69,all,fixed0.8,current_observed_write_fit,audio,err_after,0.1316341626819353
iemocap4,69,all,fixed0.8,current_observed_write_fit,text,err_after,0.2046232480272248
iemocap4,69,all,fixed0.8,current_observed_write_fit,visual,err_after,0.12815834952030777
iemocap4,69,all,fixed0.8,task,,accuracy,0.8162771958098308
iemocap4,69,all,fixed0.8,task,,macro_f1,0.8086136766930843
iemocap4,69,all,fixed0.8,task,,weighted_f1,0.8169844325975294
iemocap4,70,0,reference,current_observed_write_fit,audio,err_after,0.0017909055012319535
iemocap4,70,0,reference,current_observed_write_fit,text,err_after,0.0025840620177794227
iemocap4,70,0,reference,current_observed_write_fit,visual,err_after,0.0017548082094484916
iemocap4,70,0,reference,task,,accuracy,0.8396454472199839
iemocap4,70,0,reference,task,,macro_f1,0.8375112659972662
iemocap4,70,0,reference,task,,weighted_f1,0.8386958500566759
iemocap4,70,0,fixed0.95,current_observed_write_fit,audio,err_after,0.03897976055543376
iemocap4,70,0,fixed0.95,current_observed_write_fit,text,err_after,0.056620675620221814
iemocap4,70,0,fixed0.95,current_observed_write_fit,visual,err_after,0.03706850713669984
iemocap4,70,0,fixed0.95,task,,accuracy,0.8420628525382756
iemocap4,70,0,fixed0.95,task,,macro_f1,0.8401177236209898
iemocap4,70,0,fixed0.95,task,,weighted_f1,0.8411858425878925
iemocap4,70,0,fixed0.9,current_observed_write_fit,audio,err_after,0.07494370898402218
iemocap4,70,0,fixed0.9,current_observed_write_fit,text,err_after,0.10879675727374653
iemocap4,70,0,fixed0.9,current_observed_write_fit,visual,err_after,0.07129347245216423
iemocap4,70,0,fixed0.9,task,,accuracy,0.8436744560838034
iemocap4,70,0,fixed0.9,task,,macro_f1,0.8423374336972475
iemocap4,70,0,fixed0.9,task,,weighted_f1,0.8428207613235316
iemocap4,70,0,fixed0.8,current_observed_write_fit,audio,err_after,0.1436018158756174
iemocap4,70,0,fixed0.8,current_observed_write_fit,text,err_after,0.2081710475086633
iemocap4,70,0,fixed0.8,current_observed_write_fit,visual,err_after,0.1368554534588409
iemocap4,70,0,fixed0.8,task,,accuracy,0.8493150684931506
iemocap4,70,0,fixed0.8,task,,macro_f1,0.8484071583265202
iemocap4,70,0,fixed0.8,task,,weighted_f1,0.8485847478797827
iemocap4,70,0.1,reference,current_observed_write_fit,audio,err_after,0.0017925923762095615
iemocap4,70,0.1,reference,current_observed_write_fit,text,err_after,0.0025610402257775556
iemocap4,70,0.1,reference,current_observed_write_fit,visual,err_after,0.0017406958078517297
iemocap4,70,0.1,reference,retention,audio,err_decay,0.058976884071382074
iemocap4,70,0.1,reference,retention,text,err_decay,0.05435431056995262
iemocap4,70,0.1,reference,retention,visual,err_decay,0.05582175350700242
iemocap4,70,0.1,reference,task,,accuracy,0.8428686543110395
iemocap4,70,0.1,reference,task,,macro_f1,0.8403947122759383
iemocap4,70,0.1,reference,task,,weighted_f1,0.8419318815887809
iemocap4,70,0.1,fixed0.95,current_observed_write_fit,audio,err_after,0.03951211123704404
iemocap4,70,0.1,fixed0.95,current_observed_write_fit,text,err_after,0.05676945976685293
iemocap4,70,0.1,fixed0.95,current_observed_write_fit,visual,err_after,0.03740340058118889
iemocap4,70,0.1,fixed0.95,retention,audio,err_decay,0.08499076029618889
iemocap4,70,0.1,fixed0.95,retention,text,err_decay,0.09824345592416592
iemocap4,70,0.1,fixed0.95,retention,visual,err_decay,0.08105423456280787
iemocap4,70,0.1,fixed0.95,task,,accuracy,0.8444802578565673
iemocap4,70,0.1,fixed0.95,task,,macro_f1,0.8417674285880759
iemocap4,70,0.1,fixed0.95,task,,weighted_f1,0.8433704198301196
iemocap4,70,0.1,fixed0.9,current_observed_write_fit,audio,err_after,0.07598724178470177
iemocap4,70,0.1,fixed0.9,current_observed_write_fit,text,err_after,0.1091294197171476
iemocap4,70,0.1,fixed0.9,current_observed_write_fit,visual,err_after,0.07199206959033734
iemocap4,70,0.1,fixed0.9,retention,audio,err_decay,0.11551472704082619
iemocap4,70,0.1,fixed0.9,retention,text,err_decay,0.14523085769330865
iemocap4,70,0.1,fixed0.9,retention,visual,err_decay,0.11032000773100771
iemocap4,70,0.1,fixed0.9,task,,accuracy,0.8452860596293312
iemocap4,70,0.1,fixed0.9,task,,macro_f1,0.8428393097945629
iemocap4,70,0.1,fixed0.9,task,,weighted_f1,0.844183793142904
iemocap4,70,0.1,fixed0.8,current_observed_write_fit,audio,err_after,0.14565004593858571
iemocap4,70,0.1,fixed0.8,current_observed_write_fit,text,err_after,0.20891703277046075
iemocap4,70,0.1,fixed0.8,current_observed_write_fit,visual,err_after,0.13836566553686439
iemocap4,70,0.1,fixed0.8,retention,audio,err_decay,0.17707186149276902
iemocap4,70,0.1,fixed0.8,retention,text,err_decay,0.2375108127323405
iemocap4,70,0.1,fixed0.8,retention,visual,err_decay,0.16950429485649124
iemocap4,70,0.1,fixed0.8,task,,accuracy,0.8428686543110395
iemocap4,70,0.1,fixed0.8,task,,macro_f1,0.8399605604209185
iemocap4,70,0.1,fixed0.8,task,,weighted_f1,0.8417969650846363
iemocap4,70,0.3,reference,current_observed_write_fit,audio,err_after,0.001797000055615529
iemocap4,70,0.3,reference,current_observed_write_fit,text,err_after,0.002484645460657017
iemocap4,70,0.3,reference,current_observed_write_fit,visual,err_after,0.0017775310522591767
iemocap4,70,0.3,reference,retention,audio,err_decay,0.10885102648293589
iemocap4,70,0.3,reference,retention,text,err_decay,0.07886718821578792
iemocap4,70,0.3,reference,retention,visual,err_decay,0.11632764232263469
iemocap4,70,0.3,reference,task,,accuracy,0.8315874294923449
iemocap4,70,0.3,reference,task,,macro_f1,0.8229131472256634
iemocap4,70,0.3,reference,task,,weighted_f1,0.8301643464268517
iemocap4,70,0.3,fixed0.95,current_observed_write_fit,audio,err_after,0.04050845680064542
iemocap4,70,0.3,fixed0.95,current_observed_write_fit,text,err_after,0.05631834185170669
iemocap4,70,0.3,fixed0.95,current_observed_write_fit,visual,err_after,0.039313729529405164
iemocap4,70,0.3,fixed0.95,retention,audio,err_decay,0.13028899017298973
iemocap4,70,0.3,fixed0.95,retention,text,err_decay,0.11801551462683295
iemocap4,70,0.3,fixed0.95,retention,visual,err_decay,0.137884365403536
iemocap4,70,0.3,fixed0.95,task,,accuracy,0.8323932312651088
iemocap4,70,0.3,fixed0.95,task,,macro_f1,0.824088073313169
iemocap4,70,0.3,fixed0.95,task,,weighted_f1,0.8310080439466699
iemocap4,70,0.3,fixed0.9,current_observed_write_fit,audio,err_after,0.07792978249952805
iemocap4,70,0.3,fixed0.9,current_observed_write_fit,text,err_after,0.10838199807081142
iemocap4,70,0.3,fixed0.9,current_observed_write_fit,visual,err_after,0.07571183161651185
iemocap4,70,0.3,fixed0.9,retention,audio,err_decay,0.15614032062763225
iemocap4,70,0.3,fixed0.9,retention,text,err_decay,0.1608648913380291
iemocap4,70,0.3,fixed0.9,retention,visual,err_decay,0.16356030257103785
iemocap4,70,0.3,fixed0.9,task,,accuracy,0.8331990330378727
iemocap4,70,0.3,fixed0.9,task,,macro_f1,0.8250511078731844
iemocap4,70,0.3,fixed0.9,task,,weighted_f1,0.8318266382498141
iemocap4,70,0.3,fixed0.8,current_observed_write_fit,audio,err_after,0.14941147288092388
iemocap4,70,0.3,fixed0.8,current_observed_write_fit,text,err_after,0.20781997944256758
iemocap4,70,0.3,fixed0.8,current_observed_write_fit,visual,err_after,0.1456239840803346
iemocap4,70,0.3,fixed0.8,retention,audio,err_decay,0.21017166921481334
iemocap4,70,0.3,fixed0.8,retention,text,err_decay,0.24679097481042384
iemocap4,70,0.3,fixed0.8,retention,visual,err_decay,0.21750896573053136
iemocap4,70,0.3,fixed0.8,task,,accuracy,0.8364222401289283
iemocap4,70,0.3,fixed0.8,task,,macro_f1,0.8287603309371481
iemocap4,70,0.3,fixed0.8,task,,weighted_f1,0.8351763201008807
iemocap4,70,0.5,reference,current_observed_write_fit,audio,err_after,0.0017513668021543391
iemocap4,70,0.5,reference,current_observed_write_fit,text,err_after,0.0024583947935436223
iemocap4,70,0.5,reference,current_observed_write_fit,visual,err_after,0.001767394519558924
iemocap4,70,0.5,reference,retention,audio,err_decay,0.15515770077450589
iemocap4,70,0.5,reference,retention,text,err_decay,0.16358082020253112
iemocap4,70,0.5,reference,retention,visual,err_decay,0.1496940495205704
iemocap4,70,0.5,reference,task,,accuracy,0.8170829975825947
iemocap4,70,0.5,reference,task,,macro_f1,0.8054856542191091
iemocap4,70,0.5,reference,task,,weighted_f1,0.8159117239494522
iemocap4,70,0.5,fixed0.95,current_observed_write_fit,audio,err_after,0.040686536186283616
iemocap4,70,0.5,fixed0.95,current_observed_write_fit,text,err_after,0.05716292884166127
iemocap4,70,0.5,fixed0.95,current_observed_write_fit,visual,err_after,0.040568634794972684
iemocap4,70,0.5,fixed0.95,retention,audio,err_decay,0.17100563610042885
iemocap4,70,0.5,fixed0.95,retention,text,err_decay,0.19542339514009655
iemocap4,70,0.5,fixed0.95,retention,visual,err_decay,0.16712856866015974
iemocap4,70,0.5,fixed0.95,task,,accuracy,0.8186946011281225
iemocap4,70,0.5,fixed0.95,task,,macro_f1,0.8081019629748679
iemocap4,70,0.5,fixed0.95,task,,weighted_f1,0.8175444426701726
iemocap4,70,0.5,fixed0.9,current_observed_write_fit,audio,err_after,0.07834755512666416
iemocap4,70,0.5,fixed0.9,current_observed_write_fit,text,err_after,0.11009710414694336
iemocap4,70,0.5,fixed0.9,current_observed_write_fit,visual,err_after,0.07817533783711733
iemocap4,70,0.5,fixed0.9,retention,audio,err_decay,0.19119400306086426
iemocap4,70,0.5,fixed0.9,retention,text,err_decay,0.2315231709552322
iemocap4,70,0.5,fixed0.9,retention,visual,err_decay,0.18878600570255524
iemocap4,70,0.5,fixed0.9,task,,accuracy,0.8186946011281225
iemocap4,70,0.5,fixed0.9,task,,macro_f1,0.8078621797277901
iemocap4,70,0.5,fixed0.9,task,,weighted_f1,0.8175694396340316
iemocap4,70,0.5,fixed0.8,current_observed_write_fit,audio,err_after,0.15046469746225014
iemocap4,70,0.5,fixed0.8,current_observed_write_fit,text,err_after,0.2112786037106325
iemocap4,70,0.5,fixed0.8,current_observed_write_fit,visual,err_after,0.15046680899317788
iemocap4,70,0.5,fixed0.8,retention,audio,err_decay,0.2355048844986156
iemocap4,70,0.5,fixed0.8,retention,text,err_decay,0.3066407078603692
iemocap4,70,0.5,fixed0.8,retention,visual,err_decay,0.23634873141169369
iemocap4,70,0.5,fixed0.8,task,,accuracy,0.8186946011281225
iemocap4,70,0.5,fixed0.8,task,,macro_f1,0.8092957450900926
iemocap4,70,0.5,fixed0.8,task,,weighted_f1,0.8175728000372404
iemocap4,70,0.7,reference,current_observed_write_fit,audio,err_after,0.0017596739111329605
iemocap4,70,0.7,reference,current_observed_write_fit,text,err_after,0.0023727209640874583
iemocap4,70,0.7,reference,current_observed_write_fit,visual,err_after,0.0016539447236899618
iemocap4,70,0.7,reference,retention,audio,err_decay,0.2000692404111546
iemocap4,70,0.7,reference,retention,text,err_decay,0.19298099564969415
iemocap4,70,0.7,reference,retention,visual,err_decay,0.22448484108797573
iemocap4,70,0.7,reference,task,,accuracy,0.7921031426269137
iemocap4,70,0.7,reference,task,,macro_f1,0.7860154011403931
iemocap4,70,0.7,reference,task,,weighted_f1,0.7914557993276369
iemocap4,70,0.7,fixed0.95,current_observed_write_fit,audio,err_after,0.04260018383296916
iemocap4,70,0.7,fixed0.95,current_observed_write_fit,text,err_after,0.05707664415152261
iemocap4,70,0.7,fixed0.95,current_observed_write_fit,visual,err_after,0.03993601379631034
iemocap4,70,0.7,fixed0.95,retention,audio,err_decay,0.21413515755831375
iemocap4,70,0.7,fixed0.95,retention,text,err_decay,0.22097629372852087
iemocap4,70,0.7,fixed0.95,retention,visual,err_decay,0.2356888742984174
iemocap4,70,0.7,fixed0.95,task,,accuracy,0.7961321514907332
iemocap4,70,0.7,fixed0.95,task,,macro_f1,0.7904992678751157
iemocap4,70,0.7,fixed0.95,task,,weighted_f1,0.7954721323756607
iemocap4,70,0.7,fixed0.9,current_observed_write_fit,audio,err_after,0.08215696166047738
iemocap4,70,0.7,fixed0.9,current_observed_write_fit,text,err_after,0.110112148135485
iemocap4,70,0.7,fixed0.9,current_observed_write_fit,visual,err_after,0.07719820001991898
iemocap4,70,0.7,fixed0.9,retention,audio,err_decay,0.23261955248685007
iemocap4,70,0.7,fixed0.9,retention,text,err_decay,0.253328177235244
iemocap4,70,0.7,fixed0.9,retention,visual,err_decay,0.250973332436265
iemocap4,70,0.7,fixed0.9,task,,accuracy,0.7969379532634971
iemocap4,70,0.7,fixed0.9,task,,macro_f1,0.7909824545221484
iemocap4,70,0.7,fixed0.9,task,,weighted_f1,0.7963415529668214
iemocap4,70,0.7,fixed0.8,current_observed_write_fit,audio,err_after,0.1581734200394047
iemocap4,70,0.7,fixed0.8,current_observed_write_fit,text,err_after,0.211805229048845
iemocap4,70,0.7,fixed0.8,current_observed_write_fit,visual,err_after,0.1495013211054497
iemocap4,70,0.7,fixed0.8,retention,audio,err_decay,0.2748622794662986
iemocap4,70,0.7,fixed0.8,retention,text,err_decay,0.32241813704832895
iemocap4,70,0.7,fixed0.8,retention,visual,err_decay,0.2875273521881924
iemocap4,70,0.7,fixed0.8,task,,accuracy,0.8009669621273167
iemocap4,70,0.7,fixed0.8,task,,macro_f1,0.7966949787104022
iemocap4,70,0.7,fixed0.8,task,,weighted_f1,0.80058978906221
iemocap4,70,all,reference,current_observed_write_fit,audio,err_after,0.0017783077292688688
iemocap4,70,all,reference,current_observed_write_fit,text,err_after,0.0024921726923690154
iemocap4,70,all,reference,current_observed_write_fit,visual,err_after,0.0017388748625616567
iemocap4,70,all,reference,task,,accuracy,0.8246575342465754
iemocap4,70,all,reference,task,,macro_f1,0.8184640361716741
iemocap4,70,all,reference,task,,weighted_f1,0.8236319202698795
iemocap4,70,all,fixed0.95,current_observed_write_fit,audio,err_after,0.0404574097224752
iemocap4,70,all,fixed0.95,current_observed_write_fit,text,err_after,0.05678961004639306
iemocap4,70,all,fixed0.95,current_observed_write_fit,visual,err_after,0.038858057167715385
iemocap4,70,all,fixed0.95,task,,accuracy,0.8267526188557615
iemocap4,70,all,fixed0.95,task,,macro_f1,0.8209148912744436
iemocap4,70,all,fixed0.95,task,,weighted_f1,0.825716176282103
iemocap4,70,all,fixed0.9,current_observed_write_fit,audio,err_after,0.0778730500110787
iemocap4,70,all,fixed0.9,current_observed_write_fit,text,err_after,0.10930348546882679
iemocap4,70,all,fixed0.9,current_observed_write_fit,visual,err_after,0.07487418230320994
iemocap4,70,all,fixed0.9,task,,accuracy,0.8275584206285254
iemocap4,70,all,fixed0.9,task,,macro_f1,0.8218144971229866
iemocap4,70,all,fixed0.9,task,,weighted_f1,0.8265484370634205
iemocap4,70,all,fixed0.8,current_observed_write_fit,audio,err_after,0.14946029043935638
iemocap4,70,all,fixed0.8,current_observed_write_fit,text,err_after,0.20959837849623383
iemocap4,70,all,fixed0.8,current_observed_write_fit,visual,err_after,0.1441626466349335
iemocap4,70,all,fixed0.8,task,,accuracy,0.8296535052377115
iemocap4,70,all,fixed0.8,task,,macro_f1,0.8246237546970163
iemocap4,70,all,fixed0.8,task,,weighted_f1,0.82874412443295
mosi,66,0,reference,current_observed_write_fit,audio,err_after,0.0005709389285621743
mosi,66,0,reference,current_observed_write_fit,text,err_after,0.0018372902058040076
mosi,66,0,reference,current_observed_write_fit,visual,err_after,0.001078652199796957
mosi,66,0,reference,task,,accuracy,0.8628048780487805
mosi,66,0,reference,task,,correlation,0.7941483858414453
mosi,66,0,reference,task,,macro_f1,0.8575495825893934
mosi,66,0,reference,task,,mae,0.7441762685775757
mosi,66,0,reference,task,,predicted_sign_count,2.0
mosi,66,0,reference,task,,prediction_std,1.2730540037155151
mosi,66,0,reference,task,,weighted_f1,0.8618038693898497
mosi,66,0,fixed0.95,current_observed_write_fit,audio,err_after,0.009695267169928938
mosi,66,0,fixed0.95,current_observed_write_fit,text,err_after,0.040723160719531235
mosi,66,0,fixed0.95,current_observed_write_fit,visual,err_after,0.01780490203618524
mosi,66,0,fixed0.95,task,,accuracy,0.8628048780487805
mosi,66,0,fixed0.95,task,,correlation,0.7942609280853283
mosi,66,0,fixed0.95,task,,macro_f1,0.8575495825893934
mosi,66,0,fixed0.95,task,,mae,0.7439521551132202
mosi,66,0,fixed0.95,task,,predicted_sign_count,2.0
mosi,66,0,fixed0.95,task,,prediction_std,1.2735421657562256
mosi,66,0,fixed0.95,task,,weighted_f1,0.8618038693898497
mosi,66,0,fixed0.9,current_observed_write_fit,audio,err_after,0.018822389942204917
mosi,66,0,fixed0.9,current_observed_write_fit,text,err_after,0.07840530901671959
mosi,66,0,fixed0.9,current_observed_write_fit,visual,err_after,0.03440590833602086
mosi,66,0,fixed0.9,task,,accuracy,0.8628048780487805
mosi,66,0,fixed0.9,task,,correlation,0.7943722960058622
mosi,66,0,fixed0.9,task,,macro_f1,0.8575495825893934
mosi,66,0,fixed0.9,task,,mae,0.7437254786491394
mosi,66,0,fixed0.9,task,,predicted_sign_count,2.0
mosi,66,0,fixed0.9,task,,prediction_std,1.2739806175231934
mosi,66,0,fixed0.9,task,,weighted_f1,0.8618038693898497
mosi,66,0,fixed0.8,current_observed_write_fit,audio,err_after,0.03708556101261366
mosi,66,0,fixed0.8,current_observed_write_fit,text,err_after,0.15109342670899004
mosi,66,0,fixed0.8,current_observed_write_fit,visual,err_after,0.0670476041493412
mosi,66,0,fixed0.8,task,,accuracy,0.864329268292683
mosi,66,0,fixed0.8,task,,correlation,0.7945906719682801
mosi,66,0,fixed0.8,task,,macro_f1,0.8590463222495033
mosi,66,0,fixed0.8,task,,mae,0.7432605624198914
mosi,66,0,fixed0.8,task,,predicted_sign_count,2.0
mosi,66,0,fixed0.8,task,,prediction_std,1.2747232913970947
mosi,66,0,fixed0.8,task,,weighted_f1,0.863289318284183
mosi,66,0.1,reference,current_observed_write_fit,audio,err_after,0.0005763049341354426
mosi,66,0.1,reference,current_observed_write_fit,text,err_after,0.0018245701394498106
mosi,66,0.1,reference,current_observed_write_fit,visual,err_after,0.0010780226751504764
mosi,66,0.1,reference,retention,audio,err_decay,0.042738600202076336
mosi,66,0.1,reference,retention,text,err_decay,0.028979246478370378
mosi,66,0.1,reference,retention,visual,err_decay,0.037221925049865
mosi,66,0.1,reference,task,,accuracy,0.8460365853658537
mosi,66,0.1,reference,task,,correlation,0.7632947345208012
mosi,66,0.1,reference,task,,macro_f1,0.839227780864864
mosi,66,0.1,reference,task,,mae,0.7957165837287903
mosi,66,0.1,reference,task,,predicted_sign_count,2.0
mosi,66,0.1,reference,task,,prediction_std,1.2324682474136353
mosi,66,0.1,reference,task,,weighted_f1,0.8443722109322784
mosi,66,0.1,fixed0.95,current_observed_write_fit,audio,err_after,0.01050894411502208
mosi,66,0.1,fixed0.95,current_observed_write_fit,text,err_after,0.041034186839944184
mosi,66,0.1,fixed0.95,current_observed_write_fit,visual,err_after,0.018771324514741516
mosi,66,0.1,fixed0.95,retention,audio,err_decay,0.04754992254311219
mosi,66,0.1,fixed0.95,retention,text,err_decay,0.060240555216859976
mosi,66,0.1,fixed0.95,retention,visual,err_decay,0.044103784820375344
mosi,66,0.1,fixed0.95,task,,accuracy,0.8460365853658537
mosi,66,0.1,fixed0.95,task,,correlation,0.7635216888813631
mosi,66,0.1,fixed0.95,task,,macro_f1,0.839227780864864
mosi,66,0.1,fixed0.95,task,,mae,0.795413076877594
mosi,66,0.1,fixed0.95,task,,predicted_sign_count,2.0
mosi,66,0.1,fixed0.95,task,,prediction_std,1.2326470613479614
mosi,66,0.1,fixed0.95,task,,weighted_f1,0.8443722109322784
mosi,66,0.1,fixed0.9,current_observed_write_fit,audio,err_after,0.020400923063648997
mosi,66,0.1,fixed0.9,current_observed_write_fit,text,err_after,0.0790999470844365
mosi,66,0.1,fixed0.9,current_observed_write_fit,visual,err_after,0.036292070831048816
mosi,66,0.1,fixed0.9,retention,audio,err_decay,0.05425365181872621
mosi,66,0.1,fixed0.9,retention,text,err_decay,0.09539632337220327
mosi,66,0.1,fixed0.9,retention,visual,err_decay,0.054088130341066666
mosi,66,0.1,fixed0.9,task,,accuracy,0.8475609756097561
mosi,66,0.1,fixed0.9,task,,correlation,0.7637087795514625
mosi,66,0.1,fixed0.9,task,,macro_f1,0.8409234201464668
mosi,66,0.1,fixed0.9,task,,mae,0.7951679825782776
mosi,66,0.1,fixed0.9,task,,predicted_sign_count,2.0
mosi,66,0.1,fixed0.9,task,,prediction_std,1.232774019241333
mosi,66,0.1,fixed0.9,task,,weighted_f1,0.8459758877379259
mosi,66,0.1,fixed0.8,current_observed_write_fit,audio,err_after,0.040168306785130996
mosi,66,0.1,fixed0.8,current_observed_write_fit,text,err_after,0.1527299703995972
mosi,66,0.1,fixed0.8,current_observed_write_fit,visual,err_after,0.07072426241915523
mosi,66,0.1,fixed0.8,retention,audio,err_decay,0.07024343880689948
mosi,66,0.1,fixed0.8,retention,text,err_decay,0.16658860067246664
mosi,66,0.1,fixed0.8,retention,visual,err_decay,0.07714826411878069
mosi,66,0.1,fixed0.8,task,,accuracy,0.8490853658536586
mosi,66,0.1,fixed0.8,task,,correlation,0.7639571326105594
mosi,66,0.1,fixed0.8,task,,macro_f1,0.8426160859039324
mosi,66,0.1,fixed0.8,task,,mae,0.7948094010353088
mosi,66,0.1,fixed0.8,task,,predicted_sign_count,2.0
mosi,66,0.1,fixed0.8,task,,prediction_std,1.2329025268554688
mosi,66,0.1,fixed0.8,task,,weighted_f1,0.8475774885721434
mosi,66,0.3,reference,current_observed_write_fit,audio,err_after,0.0005791121416379986
mosi,66,0.3,reference,current_observed_write_fit,text,err_after,0.001821056478842557
mosi,66,0.3,reference,current_observed_write_fit,visual,err_after,0.0010433219939136042
mosi,66,0.3,reference,retention,audio,err_decay,0.05730860543686872
mosi,66,0.3,reference,retention,text,err_decay,0.05133030086110991
mosi,66,0.3,reference,retention,visual,err_decay,0.060613578997200004
mosi,66,0.3,reference,task,,accuracy,0.7820121951219512
mosi,66,0.3,reference,task,,correlation,0.6613920510465879
mosi,66,0.3,reference,task,,macro_f1,0.7755870004664904
mosi,66,0.3,reference,task,,mae,0.9413937926292419
mosi,66,0.3,reference,task,,predicted_sign_count,2.0
mosi,66,0.3,reference,task,,prediction_std,1.139502763748169
mosi,66,0.3,reference,task,,weighted_f1,0.7814912333931301
mosi,66,0.3,fixed0.95,current_observed_write_fit,audio,err_after,0.011599193240848854
mosi,66,0.3,fixed0.95,current_observed_write_fit,text,err_after,0.042296412025676355
mosi,66,0.3,fixed0.95,current_observed_write_fit,visual,err_after,0.020722371137734237
mosi,66,0.3,fixed0.95,retention,audio,err_decay,0.06094543908393996
mosi,66,0.3,fixed0.95,retention,text,err_decay,0.08361495664247717
mosi,66,0.3,fixed0.95,retention,visual,err_decay,0.07030669566420084
mosi,66,0.3,fixed0.95,task,,accuracy,0.7835365853658537
mosi,66,0.3,fixed0.95,task,,correlation,0.6615958206347732
mosi,66,0.3,fixed0.95,task,,macro_f1,0.7770373774509804
mosi,66,0.3,fixed0.95,task,,mae,0.9412809014320374
mosi,66,0.3,fixed0.95,task,,predicted_sign_count,2.0
mosi,66,0.3,fixed0.95,task,,prediction_std,1.1396499872207642
mosi,66,0.3,fixed0.95,task,,weighted_f1,0.782956298944883
mosi,66,0.3,fixed0.9,current_observed_write_fit,audio,err_after,0.022517089883643433
mosi,66,0.3,fixed0.9,current_observed_write_fit,text,err_after,0.08158897263181739
mosi,66,0.3,fixed0.9,current_observed_write_fit,visual,err_after,0.03997767465901846
mosi,66,0.3,fixed0.9,retention,audio,err_decay,0.06638714542773741
mosi,66,0.3,fixed0.9,retention,text,err_decay,0.11921534816113612
mosi,66,0.3,fixed0.9,retention,visual,err_decay,0.08349618930369615
mosi,66,0.3,fixed0.9,task,,accuracy,0.7850609756097561
mosi,66,0.3,fixed0.9,task,,correlation,0.6617889706504605
mosi,66,0.3,fixed0.9,task,,macro_f1,0.7787256438166095
mosi,66,0.3,fixed0.9,task,,mae,0.9411357641220093
mosi,66,0.3,fixed0.9,task,,predicted_sign_count,2.0
mosi,66,0.3,fixed0.9,task,,prediction_std,1.139762043952942
mosi,66,0.3,fixed0.9,task,,weighted_f1,0.7845473000589603
mosi,66,0.3,fixed0.8,current_observed_write_fit,audio,err_after,0.04429690787765836
mosi,66,0.3,fixed0.8,current_observed_write_fit,text,err_after,0.15746315252011348
mosi,66,0.3,fixed0.8,current_observed_write_fit,visual,err_after,0.07742335430526992
mosi,66,0.3,fixed0.8,retention,audio,err_decay,0.0800960106330808
mosi,66,0.3,fixed0.8,retention,text,err_decay,0.1908115417517435
mosi,66,0.3,fixed0.8,retention,visual,err_decay,0.11309870956843165
mosi,66,0.3,fixed0.8,task,,accuracy,0.7896341463414634
mosi,66,0.3,fixed0.8,task,,correlation,0.6621540956682179
mosi,66,0.3,fixed0.8,task,,macro_f1,0.7830833373268798
mosi,66,0.3,fixed0.8,task,,mae,0.9407435655593872
mosi,66,0.3,fixed0.8,task,,predicted_sign_count,2.0
mosi,66,0.3,fixed0.8,task,,prediction_std,1.139906644821167
mosi,66,0.3,fixed0.8,task,,weighted_f1,0.788944587497823
mosi,66,0.5,reference,current_observed_write_fit,audio,err_after,0.0006462101912421208
mosi,66,0.5,reference,current_observed_write_fit,text,err_after,0.0017915493850615162
mosi,66,0.5,reference,current_observed_write_fit,visual,err_after,0.0010456407935877602
mosi,66,0.5,reference,retention,audio,err_decay,0.08908144576945065
mosi,66,0.5,reference,retention,text,err_decay,0.06918183143557917
mosi,66,0.5,reference,retention,visual,err_decay,0.12307235037509298
mosi,66,0.5,reference,task,,accuracy,0.7545731707317073
mosi,66,0.5,reference,task,,correlation,0.6138799344611963
mosi,66,0.5,reference,task,,macro_f1,0.7465096352547841
mosi,66,0.5,reference,task,,mae,1.0009188652038574
mosi,66,0.5,reference,task,,predicted_sign_count,2.0
mosi,66,0.5,reference,task,,prediction_std,1.0738989114761353
mosi,66,0.5,reference,task,,weighted_f1,0.7535393841321018
mosi,66,0.5,fixed0.95,current_observed_write_fit,audio,err_after,0.014177079620355292
mosi,66,0.5,fixed0.95,current_observed_write_fit,text,err_after,0.04280117214645014
mosi,66,0.5,fixed0.95,current_observed_write_fit,visual,err_after,0.022511106711851123
mosi,66,0.5,fixed0.95,retention,audio,err_decay,0.09212178937130283
mosi,66,0.5,fixed0.95,retention,text,err_decay,0.10056933841420984
mosi,66,0.5,fixed0.95,retention,visual,err_decay,0.12984037137483145
mosi,66,0.5,fixed0.95,task,,accuracy,0.7545731707317073
mosi,66,0.5,fixed0.95,task,,correlation,0.6144468783131283
mosi,66,0.5,fixed0.95,task,,macro_f1,0.7462221421277107
mosi,66,0.5,fixed0.95,task,,mae,1.0004781484603882
mosi,66,0.5,fixed0.95,task,,predicted_sign_count,2.0
mosi,66,0.5,fixed0.95,task,,prediction_std,1.0737581253051758
mosi,66,0.5,fixed0.95,task,,weighted_f1,0.753380166645422
mosi,66,0.5,fixed0.9,current_observed_write_fit,audio,err_after,0.027591985906149967
mosi,66,0.5,fixed0.9,current_observed_write_fit,text,err_after,0.08248272425104773
mosi,66,0.5,fixed0.9,current_observed_write_fit,visual,err_after,0.04347715242463164
mosi,66,0.5,fixed0.9,retention,audio,err_decay,0.09725996650183182
mosi,66,0.5,fixed0.9,retention,text,err_decay,0.1348541867626248
mosi,66,0.5,fixed0.9,retention,visual,err_decay,0.13973895851907944
mosi,66,0.5,fixed0.9,task,,accuracy,0.7545731707317073
mosi,66,0.5,fixed0.9,task,,correlation,0.6149771311689789
mosi,66,0.5,fixed0.9,task,,macro_f1,0.7459291066767703
mosi,66,0.5,fixed0.9,task,,mae,1.0000840425491333
mosi,66,0.5,fixed0.9,task,,predicted_sign_count,2.0
mosi,66,0.5,fixed0.9,task,,prediction_std,1.073626160621643
mosi,66,0.5,fixed0.9,task,,weighted_f1,0.7532158383594445
mosi,66,0.5,fixed0.8,current_observed_write_fit,audio,err_after,0.05471246700209519
mosi,66,0.5,fixed0.8,current_observed_write_fit,text,err_after,0.15882922870240393
mosi,66,0.5,fixed0.8,current_observed_write_fit,visual,err_after,0.08438928161499401
mosi,66,0.5,fixed0.8,retention,audio,err_decay,0.1112955482902887
mosi,66,0.5,fixed0.8,retention,text,err_decay,0.2040804814995539
mosi,66,0.5,fixed0.8,retention,visual,err_decay,0.16320436573989366
mosi,66,0.5,fixed0.8,task,,accuracy,0.7530487804878049
mosi,66,0.5,fixed0.8,task,,correlation,0.6158631538312409
mosi,66,0.5,fixed0.8,task,,macro_f1,0.7447912163914585
mosi,66,0.5,fixed0.8,task,,mae,0.9993606209754944
mosi,66,0.5,fixed0.8,task,,predicted_sign_count,2.0
mosi,66,0.5,fixed0.8,task,,prediction_std,1.0734564065933228
mosi,66,0.5,fixed0.8,task,,weighted_f1,0.7519291107798257
mosi,66,0.7,reference,current_observed_write_fit,audio,err_after,0.0006562165961738171
mosi,66,0.7,reference,current_observed_write_fit,text,err_after,0.0016508941636294893
mosi,66,0.7,reference,current_observed_write_fit,visual,err_after,0.0010678385484480851
mosi,66,0.7,reference,retention,audio,err_decay,0.10852385090936736
mosi,66,0.7,reference,retention,text,err_decay,0.09621892920610835
mosi,66,0.7,reference,retention,visual,err_decay,0.16219972434494898
mosi,66,0.7,reference,task,,accuracy,0.7484756097560976
mosi,66,0.7,reference,task,,correlation,0.5822093773907959
mosi,66,0.7,reference,task,,macro_f1,0.7407841136871447
mosi,66,0.7,reference,task,,mae,1.0383776426315308
mosi,66,0.7,reference,task,,predicted_sign_count,2.0
mosi,66,0.7,reference,task,,prediction_std,0.9979808926582336
mosi,66,0.7,reference,task,,weighted_f1,0.7477268800502702
mosi,66,0.7,fixed0.95,current_observed_write_fit,audio,err_after,0.015902239763347908
mosi,66,0.7,fixed0.95,current_observed_write_fit,text,err_after,0.04084764083860424
mosi,66,0.7,fixed0.95,current_observed_write_fit,visual,err_after,0.02461598374751663
mosi,66,0.7,fixed0.95,retention,audio,err_decay,0.1120576320109292
mosi,66,0.7,fixed0.95,retention,text,err_decay,0.12159186613174813
mosi,66,0.7,fixed0.95,retention,visual,err_decay,0.1662655495110812
mosi,66,0.7,fixed0.95,task,,accuracy,0.7469512195121951
mosi,66,0.7,fixed0.95,task,,correlation,0.5821743983296519
mosi,66,0.7,fixed0.95,task,,macro_f1,0.7390712608424785
mosi,66,0.7,fixed0.95,task,,mae,1.0383470058441162
mosi,66,0.7,fixed0.95,task,,predicted_sign_count,2.0
mosi,66,0.7,fixed0.95,task,,prediction_std,0.9978073835372925
mosi,66,0.7,fixed0.95,task,,weighted_f1,0.7461217501785407
mosi,66,0.7,fixed0.9,current_observed_write_fit,audio,err_after,0.031083002272407265
mosi,66,0.7,fixed0.9,current_observed_write_fit,text,err_after,0.07907998778720962
mosi,66,0.7,fixed0.9,current_observed_write_fit,visual,err_after,0.047589544773649545
mosi,66,0.7,fixed0.9,retention,audio,err_decay,0.11771450725445802
mosi,66,0.7,fixed0.9,retention,text,err_decay,0.150068151707595
mosi,66,0.7,fixed0.9,retention,visual,err_decay,0.17356365156289635
mosi,66,0.7,fixed0.9,task,,accuracy,0.7515243902439024
mosi,66,0.7,fixed0.9,task,,correlation,0.5820454218719495
mosi,66,0.7,fixed0.9,task,,macro_f1,0.7442005669653002
mosi,66,0.7,fixed0.9,task,,mae,1.0384172201156616
mosi,66,0.7,fixed0.9,task,,predicted_sign_count,2.0
mosi,66,0.7,fixed0.9,task,,prediction_std,0.9976212382316589
mosi,66,0.7,fixed0.9,task,,weighted_f1,0.7509305667348266
mosi,66,0.7,fixed0.8,current_observed_write_fit,audio,err_after,0.062154181199785705
mosi,66,0.7,fixed0.8,current_observed_write_fit,text,err_after,0.15332768470015204
mosi,66,0.7,fixed0.8,current_observed_write_fit,visual,err_after,0.09259692032648947
mosi,66,0.7,fixed0.8,retention,audio,err_decay,0.1335050031100271
mosi,66,0.7,fixed0.8,retention,text,err_decay,0.20955274178958821
mosi,66,0.7,fixed0.8,retention,visual,err_decay,0.1928468844131809
mosi,66,0.7,fixed0.8,task,,accuracy,0.7515243902439024
mosi,66,0.7,fixed0.8,task,,correlation,0.5815362425787606
mosi,66,0.7,fixed0.8,task,,macro_f1,0.7442005669653002
mosi,66,0.7,fixed0.8,task,,mae,1.0388514995574951
mosi,66,0.7,fixed0.8,task,,predicted_sign_count,2.0
mosi,66,0.7,fixed0.8,task,,prediction_std,0.9972198605537415
mosi,66,0.7,fixed0.8,task,,weighted_f1,0.7509305667348266
mosi,66,all,reference,current_observed_write_fit,audio,err_after,0.0006057565583503107
mosi,66,all,reference,current_observed_write_fit,text,err_after,0.001785072074557476
mosi,66,all,reference,current_observed_write_fit,visual,err_after,0.0010626952421793766
mosi,66,all,reference,task,,accuracy,0.7987804878048781
mosi,66,all,reference,task,,correlation,0.6829848966521653
mosi,66,all,reference,task,,macro_f1,0.7919316225725354
mosi,66,all,reference,task,,mae,0.9041166305541992
mosi,66,all,reference,task,,predicted_sign_count,2.0
mosi,66,all,reference,task,,prediction_std,1.1433809638023376
mosi,66,all,reference,task,,weighted_f1,0.7977867155795261
mosi,66,all,fixed0.95,current_observed_write_fit,audio,err_after,0.012376544781900613
mosi,66,all,fixed0.95,current_observed_write_fit,text,err_after,0.041540514514041234
mosi,66,all,fixed0.95,current_observed_write_fit,visual,err_after,0.020885137629605748
mosi,66,all,fixed0.95,task,,accuracy,0.7987804878048781
mosi,66,all,fixed0.95,task,,correlation,0.683199942848849
mosi,66,all,fixed0.95,task,,macro_f1,0.7918216287750854
mosi,66,all,fixed0.95,task,,mae,0.9038942575454711
mosi,66,all,fixed0.95,task,,predicted_sign_count,2.0
mosi,66,all,fixed0.95,task,,prediction_std,1.143480944633484
mosi,66,all,fixed0.95,task,,weighted_f1,0.7977268592181948
mosi,66,all,fixed0.9,current_observed_write_fit,audio,err_after,0.024083078213610914
mosi,66,all,fixed0.9,current_observed_write_fit,text,err_after,0.08013138815424617
mosi,66,all,fixed0.9,current_observed_write_fit,visual,err_after,0.040348470204873865
mosi,66,all,fixed0.9,task,,accuracy,0.8003048780487805
mosi,66,all,fixed0.9,task,,correlation,0.6833785198497427
mosi,66,all,fixed0.9,task,,macro_f1,0.7934656640389081
mosi,66,all,fixed0.9,task,,mae,0.9037060976028443
mosi,66,all,fixed0.9,task,,predicted_sign_count,2.0
mosi,66,all,fixed0.9,task,,prediction_std,1.1435528159141541
mosi,66,all,fixed0.9,task,,weighted_f1,0.7992946924562014
mosi,66,all,fixed0.8,current_observed_write_fit,audio,err_after,0.04768348477545678
mosi,66,all,fixed0.8,current_observed_write_fit,text,err_after,0.15468869260625134
mosi,66,all,fixed0.8,current_observed_write_fit,visual,err_after,0.07843628456304996
mosi,66,all,fixed0.8,task,,accuracy,0.8015243902439024
mosi,66,all,fixed0.8,task,,correlation,0.6836202593314118
mosi,66,all,fixed0.8,task,,macro_f1,0.7947475057674148
mosi,66,all,fixed0.8,task,,mae,0.9034051299095154
mosi,66,all,fixed0.8,task,,predicted_sign_count,2.0
mosi,66,all,fixed0.8,task,,prediction_std,1.143641746044159
mosi,66,all,fixed0.8,task,,weighted_f1,0.8005342143737604
mosi,67,0,reference,current_observed_write_fit,audio,err_after,0.000570303877235617
mosi,67,0,reference,current_observed_write_fit,text,err_after,0.0018883073849135115
mosi,67,0,reference,current_observed_write_fit,visual,err_after,0.0009896512375611559
mosi,67,0,reference,task,,accuracy,0.8780487804878049
mosi,67,0,reference,task,,correlation,0.8049404799895375
mosi,67,0,reference,task,,macro_f1,0.8746512783276645
mosi,67,0,reference,task,,mae,0.7474843859672546
mosi,67,0,reference,task,,predicted_sign_count,2.0
mosi,67,0,reference,task,,prediction_std,1.5032963752746582
mosi,67,0,reference,task,,weighted_f1,0.8778600303677971
mosi,67,0,fixed0.95,current_observed_write_fit,audio,err_after,0.008074569561639726
mosi,67,0,fixed0.95,current_observed_write_fit,text,err_after,0.043032239837882194
mosi,67,0,fixed0.95,current_observed_write_fit,visual,err_after,0.016999191159618177
mosi,67,0,fixed0.95,task,,accuracy,0.8780487804878049
mosi,67,0,fixed0.95,task,,correlation,0.8052567291843656
mosi,67,0,fixed0.95,task,,macro_f1,0.8746512783276645
mosi,67,0,fixed0.95,task,,mae,0.746933102607727
mosi,67,0,fixed0.95,task,,predicted_sign_count,2.0
mosi,67,0,fixed0.95,task,,prediction_std,1.504626750946045
mosi,67,0,fixed0.95,task,,weighted_f1,0.8778600303677971
mosi,67,0,fixed0.9,current_observed_write_fit,audio,err_after,0.015756128755762613
mosi,67,0,fixed0.9,current_observed_write_fit,text,err_after,0.08297284365078073
mosi,67,0,fixed0.9,current_observed_write_fit,visual,err_after,0.03286035879681928
mosi,67,0,fixed0.9,task,,accuracy,0.8765243902439024
mosi,67,0,fixed0.9,task,,correlation,0.8055683749521383
mosi,67,0,fixed0.9,task,,macro_f1,0.873018604150984
mosi,67,0,fixed0.9,task,,mae,0.7464258074760437
mosi,67,0,fixed0.9,task,,predicted_sign_count,2.0
mosi,67,0,fixed0.9,task,,prediction_std,1.50589120388031
mosi,67,0,fixed0.9,task,,weighted_f1,0.8762992480177516
mosi,67,0,fixed0.8,current_observed_write_fit,audio,err_after,0.031394286602688004
mosi,67,0,fixed0.8,current_observed_write_fit,text,err_after,0.16029281309706025
mosi,67,0,fixed0.8,current_observed_write_fit,visual,err_after,0.0640401987318369
mosi,67,0,fixed0.8,task,,accuracy,0.8765243902439024
mosi,67,0,fixed0.8,task,,correlation,0.8061738872761143
mosi,67,0,fixed0.8,task,,macro_f1,0.873018604150984
mosi,67,0,fixed0.8,task,,mae,0.7456017732620239
mosi,67,0,fixed0.8,task,,predicted_sign_count,2.0
mosi,67,0,fixed0.8,task,,prediction_std,1.5082368850708008
mosi,67,0,fixed0.8,task,,weighted_f1,0.8762992480177516
mosi,67,0.1,reference,current_observed_write_fit,audio,err_after,0.0005651032757774042
mosi,67,0.1,reference,current_observed_write_fit,text,err_after,0.0018722367732370735
mosi,67,0.1,reference,current_observed_write_fit,visual,err_after,0.0009857944069539503
mosi,67,0.1,reference,retention,audio,err_decay,0.039641301719737905
mosi,67,0.1,reference,retention,text,err_decay,0.027941108657641038
mosi,67,0.1,reference,retention,visual,err_decay,0.03465549320389982
mosi,67,0.1,reference,task,,accuracy,0.8582317073170732
mosi,67,0.1,reference,task,,correlation,0.7672514042919455
mosi,67,0.1,reference,task,,macro_f1,0.8540530842194658
mosi,67,0.1,reference,task,,mae,0.7981219291687012
mosi,67,0.1,reference,task,,predicted_sign_count,2.0
mosi,67,0.1,reference,task,,prediction_std,1.4169827699661255
mosi,67,0.1,reference,task,,weighted_f1,0.8578929000388889
mosi,67,0.1,fixed0.95,current_observed_write_fit,audio,err_after,0.0088623247722904
mosi,67,0.1,fixed0.95,current_observed_write_fit,text,err_after,0.04315556476502182
mosi,67,0.1,fixed0.95,current_observed_write_fit,visual,err_after,0.017827081822199203
mosi,67,0.1,fixed0.95,retention,audio,err_decay,0.04209437617100775
mosi,67,0.1,fixed0.95,retention,text,err_decay,0.05499046277659743
mosi,67,0.1,fixed0.95,retention,visual,err_decay,0.044924823467226815
mosi,67,0.1,fixed0.95,task,,accuracy,0.8597560975609756
mosi,67,0.1,fixed0.95,task,,correlation,0.7676731403110878
mosi,67,0.1,fixed0.95,task,,macro_f1,0.855545343137255
mosi,67,0.1,fixed0.95,task,,mae,0.7973878383636475
mosi,67,0.1,fixed0.95,task,,predicted_sign_count,2.0
mosi,67,0.1,fixed0.95,task,,prediction_std,1.4181132316589355
mosi,67,0.1,fixed0.95,task,,weighted_f1,0.8593801373445722
mosi,67,0.1,fixed0.9,current_observed_write_fit,audio,err_after,0.017263167959469954
mosi,67,0.1,fixed0.9,current_observed_write_fit,text,err_after,0.08323952332967026
mosi,67,0.1,fixed0.9,current_observed_write_fit,visual,err_after,0.03438465094492356
mosi,67,0.1,fixed0.9,retention,audio,err_decay,0.04608695707283914
mosi,67,0.1,fixed0.9,retention,text,err_decay,0.08542798924516293
mosi,67,0.1,fixed0.9,retention,visual,err_decay,0.05840306509344373
mosi,67,0.1,fixed0.9,task,,accuracy,0.8567073170731707
mosi,67,0.1,fixed0.9,task,,correlation,0.7680735381072566
mosi,67,0.1,fixed0.9,task,,macro_f1,0.8524050245098039
mosi,67,0.1,fixed0.9,task,,mae,0.7967513203620911
mosi,67,0.1,fixed0.9,task,,predicted_sign_count,2.0
mosi,67,0.1,fixed0.9,task,,prediction_std,1.4191869497299194
mosi,67,0.1,fixed0.9,task,,weighted_f1,0.8563231838085844
mosi,67,0.1,fixed0.8,current_observed_write_fit,audio,err_after,0.03427796046885113
mosi,67,0.1,fixed0.8,current_observed_write_fit,text,err_after,0.160847953714994
mosi,67,0.1,fixed0.8,current_observed_write_fit,visual,err_after,0.06669948112740308
mosi,67,0.1,fixed0.8,retention,audio,err_decay,0.0569182514113241
mosi,67,0.1,fixed0.8,retention,text,err_decay,0.1482308925588386
mosi,67,0.1,fixed0.8,retention,visual,err_decay,0.08756448533313232
mosi,67,0.1,fixed0.8,task,,accuracy,0.8582317073170732
mosi,67,0.1,fixed0.8,task,,correlation,0.7687969314455869
mosi,67,0.1,fixed0.8,task,,macro_f1,0.8540530842194658
mosi,67,0.1,fixed0.8,task,,mae,0.7957836389541626
mosi,67,0.1,fixed0.8,task,,predicted_sign_count,2.0
mosi,67,0.1,fixed0.8,task,,prediction_std,1.4211798906326294
mosi,67,0.1,fixed0.8,task,,weighted_f1,0.8578929000388889
mosi,67,0.3,reference,current_observed_write_fit,audio,err_after,0.0005748578197308536
mosi,67,0.3,reference,current_observed_write_fit,text,err_after,0.0018726956184957142
mosi,67,0.3,reference,current_observed_write_fit,visual,err_after,0.0010012631248250783
mosi,67,0.3,reference,retention,audio,err_decay,0.062410542665871774
mosi,67,0.3,reference,retention,text,err_decay,0.04133585232596558
mosi,67,0.3,reference,retention,visual,err_decay,0.06720585787437175
mosi,67,0.3,reference,task,,accuracy,0.7957317073170732
mosi,67,0.3,reference,task,,correlation,0.6937563572895368
mosi,67,0.3,reference,task,,macro_f1,0.7879071562997635
mosi,67,0.3,reference,task,,mae,0.9152653813362122
mosi,67,0.3,reference,task,,predicted_sign_count,2.0
mosi,67,0.3,reference,task,,prediction_std,1.2687976360321045
mosi,67,0.3,reference,task,,weighted_f1,0.7942413166471095
mosi,67,0.3,fixed0.95,current_observed_write_fit,audio,err_after,0.010249497606713688
mosi,67,0.3,fixed0.95,current_observed_write_fit,text,err_after,0.043980897030804746
mosi,67,0.3,fixed0.95,current_observed_write_fit,visual,err_after,0.01976563940136872
mosi,67,0.3,fixed0.95,retention,audio,err_decay,0.06537580323291625
mosi,67,0.3,fixed0.95,retention,text,err_decay,0.07601950546153463
mosi,67,0.3,fixed0.95,retention,visual,err_decay,0.07468140143239256
mosi,67,0.3,fixed0.95,task,,accuracy,0.7957317073170732
mosi,67,0.3,fixed0.95,task,,correlation,0.6942879862455035
mosi,67,0.3,fixed0.95,task,,macro_f1,0.7879071562997635
mosi,67,0.3,fixed0.95,task,,mae,0.9146947264671326
mosi,67,0.3,fixed0.95,task,,predicted_sign_count,2.0
mosi,67,0.3,fixed0.95,task,,prediction_std,1.2690656185150146
mosi,67,0.3,fixed0.95,task,,weighted_f1,0.7942413166471095
mosi,67,0.3,fixed0.9,current_observed_write_fit,audio,err_after,0.019972779253943092
mosi,67,0.3,fixed0.9,current_observed_write_fit,text,err_after,0.08489271149977368
mosi,67,0.3,fixed0.9,current_observed_write_fit,visual,err_after,0.03811853148372355
mosi,67,0.3,fixed0.9,retention,audio,err_decay,0.06975145670932104
mosi,67,0.3,fixed0.9,retention,text,err_decay,0.1133947798791222
mosi,67,0.3,fixed0.9,retention,visual,err_decay,0.08531344691965125
mosi,67,0.3,fixed0.9,task,,accuracy,0.7942073170731707
mosi,67,0.3,fixed0.9,task,,correlation,0.6948104498828802
mosi,67,0.3,fixed0.9,task,,macro_f1,0.7864536990820115
mosi,67,0.3,fixed0.9,task,,mae,0.9141643047332764
mosi,67,0.3,fixed0.9,task,,predicted_sign_count,2.0
mosi,67,0.3,fixed0.9,task,,prediction_std,1.2693090438842773
mosi,67,0.3,fixed0.9,task,,weighted_f1,0.7927806513627974
mosi,67,0.3,fixed0.8,current_observed_write_fit,audio,err_after,0.03972281454637245
mosi,67,0.3,fixed0.8,current_observed_write_fit,text,err_after,0.16406426513485278
mosi,67,0.3,fixed0.8,current_observed_write_fit,visual,err_after,0.07382277195997386
mosi,67,0.3,fixed0.8,retention,audio,err_decay,0.08108186707930996
mosi,67,0.3,fixed0.8,retention,text,err_decay,0.1878789378127131
mosi,67,0.3,fixed0.8,retention,visual,err_decay,0.10986566295502187
mosi,67,0.3,fixed0.8,task,,accuracy,0.7987804878048781
mosi,67,0.3,fixed0.8,task,,correlation,0.6958118262264507
mosi,67,0.3,fixed0.8,task,,macro_f1,0.7910727211311104
mosi,67,0.3,fixed0.8,task,,mae,0.9131789207458496
mosi,67,0.3,fixed0.8,task,,predicted_sign_count,2.0
mosi,67,0.3,fixed0.8,task,,prediction_std,1.2697635889053345
mosi,67,0.3,fixed0.8,task,,weighted_f1,0.7973123417717793
mosi,67,0.5,reference,current_observed_write_fit,audio,err_after,0.0005860851209580126
mosi,67,0.5,reference,current_observed_write_fit,text,err_after,0.0018391596792288296
mosi,67,0.5,reference,current_observed_write_fit,visual,err_after,0.0009824877819937683
mosi,67,0.5,reference,retention,audio,err_decay,0.080910551825017
mosi,67,0.5,reference,retention,text,err_decay,0.0617123496794731
mosi,67,0.5,reference,retention,visual,err_decay,0.09435154334476865
mosi,67,0.5,reference,task,,accuracy,0.7637195121951219
mosi,67,0.5,reference,task,,correlation,0.5945981769830165
mosi,67,0.5,reference,task,,macro_f1,0.7556797020484172
mosi,67,0.5,reference,task,,mae,1.028882622718811
mosi,67,0.5,reference,task,,predicted_sign_count,2.0
mosi,67,0.5,reference,task,,prediction_std,1.1093002557754517
mosi,67,0.5,reference,task,,weighted_f1,0.7625709678884498
mosi,67,0.5,fixed0.95,current_observed_write_fit,audio,err_after,0.012235167171660814
mosi,67,0.5,fixed0.95,current_observed_write_fit,text,err_after,0.044495279526549227
mosi,67,0.5,fixed0.95,current_observed_write_fit,visual,err_after,0.02159479579902443
mosi,67,0.5,fixed0.95,retention,audio,err_decay,0.08536348305165818
mosi,67,0.5,fixed0.95,retention,text,err_decay,0.09718305638398925
mosi,67,0.5,fixed0.95,retention,visual,err_decay,0.10306997918969694
mosi,67,0.5,fixed0.95,task,,accuracy,0.7652439024390244
mosi,67,0.5,fixed0.95,task,,correlation,0.5955676257345361
mosi,67,0.5,fixed0.95,task,,macro_f1,0.7571164794583782
mosi,67,0.5,fixed0.95,task,,mae,1.0277117490768433
mosi,67,0.5,fixed0.95,task,,predicted_sign_count,2.0
mosi,67,0.5,fixed0.95,task,,prediction_std,1.1093320846557617
mosi,67,0.5,fixed0.95,task,,weighted_f1,0.7640247889919275
mosi,67,0.5,fixed0.9,current_observed_write_fit,audio,err_after,0.023896361251375474
mosi,67,0.5,fixed0.9,current_observed_write_fit,text,err_after,0.08603273659013866
mosi,67,0.5,fixed0.9,current_observed_write_fit,visual,err_after,0.041741182167488906
mosi,67,0.5,fixed0.9,retention,audio,err_decay,0.0914801145759141
mosi,67,0.5,fixed0.9,retention,text,err_decay,0.1356969089762048
mosi,67,0.5,fixed0.9,retention,visual,err_decay,0.11521217254186975
mosi,67,0.5,fixed0.9,task,,accuracy,0.7621951219512195
mosi,67,0.5,fixed0.9,task,,correlation,0.5965063005079367
mosi,67,0.5,fixed0.9,task,,macro_f1,0.7542433935621451
mosi,67,0.5,fixed0.9,task,,mae,1.0265576839447021
mosi,67,0.5,fixed0.9,task,,predicted_sign_count,2.0
mosi,67,0.5,fixed0.9,task,,prediction_std,1.1093976497650146
mosi,67,0.5,fixed0.9,task,,weighted_f1,0.761116921491684
mosi,67,0.5,fixed0.8,current_observed_write_fit,audio,err_after,0.04771061899169346
mosi,67,0.5,fixed0.8,current_observed_write_fit,text,err_after,0.16663634154966542
mosi,67,0.5,fixed0.8,current_observed_write_fit,visual,err_after,0.0811080459675223
mosi,67,0.5,fixed0.8,retention,audio,err_decay,0.10691079084678798
mosi,67,0.5,fixed0.8,retention,text,err_decay,0.21306855412640413
mosi,67,0.5,fixed0.8,retention,visual,err_decay,0.14315083456153038
mosi,67,0.5,fixed0.8,task,,accuracy,0.760670731707317
mosi,67,0.5,fixed0.8,task,,correlation,0.5982727016396159
mosi,67,0.5,fixed0.8,task,,macro_f1,0.7522414270077822
mosi,67,0.5,fixed0.8,task,,mae,1.0244022607803345
mosi,67,0.5,fixed0.8,task,,predicted_sign_count,2.0
mosi,67,0.5,fixed0.8,task,,prediction_std,1.1096351146697998
mosi,67,0.5,fixed0.8,task,,weighted_f1,0.7593471218784644
mosi,67,0.7,reference,current_observed_write_fit,audio,err_after,0.0005955553189797598
mosi,67,0.7,reference,current_observed_write_fit,text,err_after,0.0017776374543575293
mosi,67,0.7,reference,current_observed_write_fit,visual,err_after,0.0009471273099317412
mosi,67,0.7,reference,retention,audio,err_decay,0.11414634530306378
mosi,67,0.7,reference,retention,text,err_decay,0.1023432143504421
mosi,67,0.7,reference,retention,visual,err_decay,0.1287824043969843
mosi,67,0.7,reference,task,,accuracy,0.75
mosi,67,0.7,reference,task,,correlation,0.5928326090760946
mosi,67,0.7,reference,task,,macro_f1,0.7401051329622759
mosi,67,0.7,reference,task,,mae,1.0277200937271118
mosi,67,0.7,reference,task,,predicted_sign_count,2.0
mosi,67,0.7,reference,task,,prediction_std,1.006433129310608
mosi,67,0.7,reference,task,,weighted_f1,0.7479901051329622
mosi,67,0.7,fixed0.95,current_observed_write_fit,audio,err_after,0.013807371176748037
mosi,67,0.7,fixed0.95,current_observed_write_fit,text,err_after,0.04408219924906903
mosi,67,0.7,fixed0.95,current_observed_write_fit,visual,err_after,0.022677964043613615
mosi,67,0.7,fixed0.95,retention,audio,err_decay,0.11700526320158104
mosi,67,0.7,fixed0.95,retention,text,err_decay,0.13384585858571033
mosi,67,0.7,fixed0.95,retention,visual,err_decay,0.135419243068763
mosi,67,0.7,fixed0.95,task,,accuracy,0.7515243902439024
mosi,67,0.7,fixed0.95,task,,correlation,0.5939559955471484
mosi,67,0.7,fixed0.95,task,,macro_f1,0.7412040902765171
mosi,67,0.7,fixed0.95,task,,mae,1.0268059968948364
mosi,67,0.7,fixed0.95,task,,predicted_sign_count,2.0
mosi,67,0.7,fixed0.95,task,,prediction_std,1.0056349039077759
mosi,67,0.7,fixed0.95,task,,weighted_f1,0.7492397436862369
mosi,67,0.7,fixed0.9,current_observed_write_fit,audio,err_after,0.027129374731973768
mosi,67,0.7,fixed0.9,current_observed_write_fit,text,err_after,0.08529869888456154
mosi,67,0.7,fixed0.9,current_observed_write_fit,visual,err_after,0.04395077070227106
mosi,67,0.7,fixed0.9,retention,audio,err_decay,0.12180952656133803
mosi,67,0.7,fixed0.9,retention,text,err_decay,0.16813574724582334
mosi,67,0.7,fixed0.9,retention,visual,err_decay,0.14550382229157122
mosi,67,0.7,fixed0.9,task,,accuracy,0.7515243902439024
mosi,67,0.7,fixed0.9,task,,correlation,0.5950500672888552
mosi,67,0.7,fixed0.9,task,,macro_f1,0.7412040902765171
mosi,67,0.7,fixed0.9,task,,mae,1.0258952379226685
mosi,67,0.7,fixed0.9,task,,predicted_sign_count,2.0
mosi,67,0.7,fixed0.9,task,,prediction_std,1.0048366785049438
mosi,67,0.7,fixed0.9,task,,weighted_f1,0.7492397436862369
mosi,67,0.7,fixed0.8,current_observed_write_fit,audio,err_after,0.054839250876629914
mosi,67,0.7,fixed0.8,current_observed_write_fit,text,err_after,0.16541180643421746
mosi,67,0.7,fixed0.8,current_observed_write_fit,visual,err_after,0.085871527427645
mosi,67,0.7,fixed0.8,retention,audio,err_decay,0.13585967718696046
mosi,67,0.7,fixed0.8,retention,text,err_decay,0.2384590429837505
mosi,67,0.7,fixed0.8,retention,visual,err_decay,0.17040569834712455
mosi,67,0.7,fixed0.8,task,,accuracy,0.7484756097560976
mosi,67,0.7,fixed0.8,task,,correlation,0.597104358535571
mosi,67,0.7,fixed0.8,task,,macro_f1,0.737693476506554
mosi,67,0.7,fixed0.8,task,,mae,1.0241987705230713
mosi,67,0.7,fixed0.8,task,,predicted_sign_count,2.0
mosi,67,0.7,fixed0.8,task,,prediction_std,1.003283977508545
mosi,67,0.7,fixed0.8,task,,weighted_f1,0.7459624809535723
mosi,67,all,reference,current_observed_write_fit,audio,err_after,0.0005783810825363294
mosi,67,all,reference,current_observed_write_fit,text,err_after,0.0018500073820465316
mosi,67,all,reference,current_observed_write_fit,visual,err_after,0.0009812647722531387
mosi,67,all,reference,task,,accuracy,0.8091463414634147
mosi,67,all,reference,task,,correlation,0.6906758055260261
mosi,67,all,reference,task,,macro_f1,0.8024792707715174
mosi,67,all,reference,task,,mae,0.9034948825836182
mosi,67,all,reference,task,,predicted_sign_count,2.0
mosi,67,all,reference,task,,prediction_std,1.2609620332717895
mosi,67,all,reference,task,,weighted_f1,0.8081110640150415
mosi,67,all,fixed0.95,current_observed_write_fit,audio,err_after,0.010645786057810533
mosi,67,all,fixed0.95,current_observed_write_fit,text,err_after,0.0437492360818654
mosi,67,all,fixed0.95,current_observed_write_fit,visual,err_after,0.019772934445164828
mosi,67,all,fixed0.95,task,,accuracy,0.8100609756097561
mosi,67,all,fixed0.95,task,,correlation,0.6913482954045282
mosi,67,all,fixed0.95,task,,macro_f1,0.8032848694999157
mosi,67,all,fixed0.95,task,,mae,0.9027066826820374
mosi,67,all,fixed0.95,task,,predicted_sign_count,2.0
mosi,67,all,fixed0.95,task,,prediction_std,1.2613545179367065
mosi,67,all,fixed0.95,task,,weighted_f1,0.8089492034075286
mosi,67,all,fixed0.9,current_observed_write_fit,audio,err_after,0.02080356239050498
mosi,67,all,fixed0.9,current_observed_write_fit,text,err_after,0.08448730279098497
mosi,67,all,fixed0.9,current_observed_write_fit,visual,err_after,0.038211098819045275
mosi,67,all,fixed0.9,task,,accuracy,0.8082317073170732
mosi,67,all,fixed0.9,task,,correlation,0.6920017461478134
mosi,67,all,fixed0.9,task,,macro_f1,0.8014649623162923
mosi,67,all,fixed0.9,task,,mae,0.9019588708877564
mosi,67,all,fixed0.9,task,,predicted_sign_count,2.0
mosi,67,all,fixed0.9,task,,prediction_std,1.261724305152893
mosi,67,all,fixed0.9,task,,weighted_f1,0.8071519496734109
mosi,67,all,fixed0.8,current_observed_write_fit,audio,err_after,0.04158898629724699
mosi,67,all,fixed0.8,current_observed_write_fit,text,err_after,0.16345063598615797
mosi,67,all,fixed0.8,current_observed_write_fit,visual,err_after,0.07430840504287622
mosi,67,all,fixed0.8,task,,accuracy,0.8085365853658537
mosi,67,all,fixed0.8,task,,correlation,0.6932319410246678
mosi,67,all,fixed0.8,task,,macro_f1,0.8016158626031793
mosi,67,all,fixed0.8,task,,mae,0.9006330728530884
mosi,67,all,fixed0.8,task,,predicted_sign_count,2.0
mosi,67,all,fixed0.8,task,,prediction_std,1.2624198913574218
mosi,67,all,fixed0.8,task,,weighted_f1,0.8073628185320914
mosi,68,0,reference,current_observed_write_fit,audio,err_after,0.0004813909824357383
mosi,68,0,reference,current_observed_write_fit,text,err_after,0.0017835738200827496
mosi,68,0,reference,current_observed_write_fit,visual,err_after,0.000999604670348531
mosi,68,0,reference,task,,accuracy,0.8673780487804879
mosi,68,0,reference,task,,correlation,0.7930463766722117
mosi,68,0,reference,task,,macro_f1,0.8634690142698229
mosi,68,0,reference,task,,mae,0.8621852993965149
mosi,68,0,reference,task,,predicted_sign_count,2.0
mosi,68,0,reference,task,,prediction_std,0.8965129852294922
mosi,68,0,reference,task,,weighted_f1,0.8670611000363799
mosi,68,0,fixed0.95,current_observed_write_fit,audio,err_after,0.006380269457593322
mosi,68,0,fixed0.95,current_observed_write_fit,text,err_after,0.037885187024728505
mosi,68,0,fixed0.95,current_observed_write_fit,visual,err_after,0.013719521026571998
mosi,68,0,fixed0.95,task,,accuracy,0.8673780487804879
mosi,68,0,fixed0.95,task,,correlation,0.793449883446775
mosi,68,0,fixed0.95,task,,macro_f1,0.8634690142698229
mosi,68,0,fixed0.95,task,,mae,0.8618412017822266
mosi,68,0,fixed0.95,task,,predicted_sign_count,2.0
mosi,68,0,fixed0.95,task,,prediction_std,0.8968720436096191
mosi,68,0,fixed0.95,task,,weighted_f1,0.8670611000363799
mosi,68,0,fixed0.9,current_observed_write_fit,audio,err_after,0.012523344921370874
mosi,68,0,fixed0.9,current_observed_write_fit,text,err_after,0.07324631771061885
mosi,68,0,fixed0.9,current_observed_write_fit,visual,err_after,0.02659444304825616
mosi,68,0,fixed0.9,task,,accuracy,0.8673780487804879
mosi,68,0,fixed0.9,task,,correlation,0.7938475589283236
mosi,68,0,fixed0.9,task,,macro_f1,0.8634690142698229
mosi,68,0,fixed0.9,task,,mae,0.8614937663078308
mosi,68,0,fixed0.9,task,,predicted_sign_count,2.0
mosi,68,0,fixed0.9,task,,prediction_std,0.8972228169441223
mosi,68,0,fixed0.9,task,,weighted_f1,0.8670611000363799
mosi,68,0,fixed0.8,current_observed_write_fit,audio,err_after,0.025423677731933256
mosi,68,0,fixed0.8,current_observed_write_fit,text,err_after,0.1425884070100416
mosi,68,0,fixed0.8,current_observed_write_fit,visual,err_after,0.052218397271156895
mosi,68,0,fixed0.8,task,,accuracy,0.8673780487804879
mosi,68,0,fixed0.8,task,,correlation,0.7946279261670932
mosi,68,0,fixed0.8,task,,macro_f1,0.8634690142698229
mosi,68,0,fixed0.8,task,,mae,0.8608174324035645
mosi,68,0,fixed0.8,task,,predicted_sign_count,2.0
mosi,68,0,fixed0.8,task,,prediction_std,0.897895336151123
mosi,68,0,fixed0.8,task,,weighted_f1,0.8670611000363799
mosi,68,0.1,reference,current_observed_write_fit,audio,err_after,0.0004911376629070219
mosi,68,0.1,reference,current_observed_write_fit,text,err_after,0.0017576217014062903
mosi,68,0.1,reference,current_observed_write_fit,visual,err_after,0.0010049172185065986
mosi,68,0.1,reference,retention,audio,err_decay,0.037499951495027
mosi,68,0.1,reference,retention,text,err_decay,0.028870520333293827
mosi,68,0.1,reference,retention,visual,err_decay,0.03294758861161897
mosi,68,0.1,reference,task,,accuracy,0.850609756097561
mosi,68,0.1,reference,task,,correlation,0.7450246859141518
mosi,68,0.1,reference,task,,macro_f1,0.8450742240215925
mosi,68,0.1,reference,task,,mae,0.8983286023139954
mosi,68,0.1,reference,task,,predicted_sign_count,2.0
mosi,68,0.1,reference,task,,prediction_std,0.8990026712417603
mosi,68,0.1,reference,task,,weighted_f1,0.8496276455679538
mosi,68,0.1,fixed0.95,current_observed_write_fit,audio,err_after,0.007457338749736664
mosi,68,0.1,fixed0.95,current_observed_write_fit,text,err_after,0.03812533435888081
mosi,68,0.1,fixed0.95,current_observed_write_fit,visual,err_after,0.014927675456139976
mosi,68,0.1,fixed0.95,retention,audio,err_decay,0.039649993891815664
mosi,68,0.1,fixed0.95,retention,text,err_decay,0.06300939150387422
mosi,68,0.1,fixed0.95,retention,visual,err_decay,0.04041428438885587
mosi,68,0.1,fixed0.95,task,,accuracy,0.850609756097561
mosi,68,0.1,fixed0.95,task,,correlation,0.7456885209529145
mosi,68,0.1,fixed0.95,task,,macro_f1,0.8450742240215925
mosi,68,0.1,fixed0.95,task,,mae,0.8979582190513611
mosi,68,0.1,fixed0.95,task,,predicted_sign_count,2.0
mosi,68,0.1,fixed0.95,task,,prediction_std,0.8992646932601929
mosi,68,0.1,fixed0.95,task,,weighted_f1,0.8496276455679538
mosi,68,0.1,fixed0.9,current_observed_write_fit,audio,err_after,0.014600075423998837
mosi,68,0.1,fixed0.9,current_observed_write_fit,text,err_after,0.07378179426668093
mosi,68,0.1,fixed0.9,current_observed_write_fit,visual,err_after,0.028878554085214347
mosi,68,0.1,fixed0.9,retention,audio,err_decay,0.04290797922445776
mosi,68,0.1,fixed0.9,retention,text,err_decay,0.10035660173355912
mosi,68,0.1,fixed0.9,retention,visual,err_decay,0.050225929826787065
mosi,68,0.1,fixed0.9,task,,accuracy,0.8490853658536586
mosi,68,0.1,fixed0.9,task,,correlation,0.7463185697372683
mosi,68,0.1,fixed0.9,task,,macro_f1,0.8435864520588526
mosi,68,0.1,fixed0.9,task,,mae,0.8975826501846313
mosi,68,0.1,fixed0.9,task,,predicted_sign_count,2.0
mosi,68,0.1,fixed0.9,task,,prediction_std,0.8995205163955688
mosi,68,0.1,fixed0.9,task,,weighted_f1,0.8481465269130819
mosi,68,0.1,fixed0.8,current_observed_write_fit,audio,err_after,0.029432062463116988
mosi,68,0.1,fixed0.8,current_observed_write_fit,text,err_after,0.14381153224121443
mosi,68,0.1,fixed0.8,current_observed_write_fit,visual,err_after,0.056490464301858966
mosi,68,0.1,fixed0.8,retention,audio,err_decay,0.05178439111279493
mosi,68,0.1,fixed0.8,retention,text,err_decay,0.17660687774575004
mosi,68,0.1,fixed0.8,retention,visual,err_decay,0.07146044781206753
mosi,68,0.1,fixed0.8,task,,accuracy,0.8490853658536586
mosi,68,0.1,fixed0.8,task,,correlation,0.7474608736378294
mosi,68,0.1,fixed0.8,task,,macro_f1,0.8435864520588526
mosi,68,0.1,fixed0.8,task,,mae,0.89678955078125
mosi,68,0.1,fixed0.8,task,,predicted_sign_count,2.0
mosi,68,0.1,fixed0.8,task,,prediction_std,0.9000151753425598
mosi,68,0.1,fixed0.8,task,,weighted_f1,0.8481465269130819
mosi,68,0.3,reference,current_observed_write_fit,audio,err_after,0.0005098363522004471
mosi,68,0.3,reference,current_observed_write_fit,text,err_after,0.0017862637730773233
mosi,68,0.3,reference,current_observed_write_fit,visual,err_after,0.0010447433900886251
mosi,68,0.3,reference,retention,audio,err_decay,0.05987913345452398
mosi,68,0.3,reference,retention,text,err_decay,0.04618412558266663
mosi,68,0.3,reference,retention,visual,err_decay,0.07561330761337577
mosi,68,0.3,reference,task,,accuracy,0.8064024390243902
mosi,68,0.3,reference,task,,correlation,0.6815214775408768
mosi,68,0.3,reference,task,,macro_f1,0.798614921621001
mosi,68,0.3,reference,task,,mae,0.9638487100601196
mosi,68,0.3,reference,task,,predicted_sign_count,2.0
mosi,68,0.3,reference,task,,prediction_std,0.869615375995636
mosi,68,0.3,reference,task,,weighted_f1,0.8047724935213554
mosi,68,0.3,fixed0.95,current_observed_write_fit,audio,err_after,0.00910849141558477
mosi,68,0.3,fixed0.95,current_observed_write_fit,text,err_after,0.04002875339057631
mosi,68,0.3,fixed0.95,current_observed_write_fit,visual,err_after,0.017344556885527176
mosi,68,0.3,fixed0.95,retention,audio,err_decay,0.06298045778500014
mosi,68,0.3,fixed0.95,retention,text,err_decay,0.07434751505680968
mosi,68,0.3,fixed0.95,retention,visual,err_decay,0.08225151990202959
mosi,68,0.3,fixed0.95,task,,accuracy,0.8094512195121951
mosi,68,0.3,fixed0.95,task,,correlation,0.6822223877016408
mosi,68,0.3,fixed0.95,task,,macro_f1,0.8020313514740215
mosi,68,0.3,fixed0.95,task,,mae,0.9633776545524597
mosi,68,0.3,fixed0.95,task,,predicted_sign_count,2.0
mosi,68,0.3,fixed0.95,task,,prediction_std,0.8699129819869995
mosi,68,0.3,fixed0.95,task,,weighted_f1,0.8079906155676728
mosi,68,0.3,fixed0.9,current_observed_write_fit,audio,err_after,0.01784074365023116
mosi,68,0.3,fixed0.9,current_observed_write_fit,text,err_after,0.0775074189952724
mosi,68,0.3,fixed0.9,current_observed_write_fit,visual,err_after,0.033457214068331576
mosi,68,0.3,fixed0.9,retention,audio,err_decay,0.06754525072970673
mosi,68,0.3,fixed0.9,retention,text,err_decay,0.10617143166607267
mosi,68,0.3,fixed0.9,retention,visual,err_decay,0.09149132488053102
mosi,68,0.3,fixed0.9,task,,accuracy,0.8140243902439024
mosi,68,0.3,fixed0.9,task,,correlation,0.6829253606524709
mosi,68,0.3,fixed0.9,task,,macro_f1,0.8069005452878444
mosi,68,0.3,fixed0.9,task,,mae,0.9628267288208008
mosi,68,0.3,fixed0.9,task,,predicted_sign_count,2.0
mosi,68,0.3,fixed0.9,task,,prediction_std,0.8702690005302429
mosi,68,0.3,fixed0.9,task,,weighted_f1,0.8126674673951294
mosi,68,0.3,fixed0.8,current_observed_write_fit,audio,err_after,0.03590921557455052
mosi,68,0.3,fixed0.8,current_observed_write_fit,text,err_after,0.15085848671046342
mosi,68,0.3,fixed0.8,current_observed_write_fit,visual,err_after,0.0650028797303946
mosi,68,0.3,fixed0.8,retention,audio,err_decay,0.07966343114201567
mosi,68,0.3,fixed0.8,retention,text,err_decay,0.1729375697774394
mosi,68,0.3,fixed0.8,retention,visual,err_decay,0.11278105364893848
mosi,68,0.3,fixed0.8,task,,accuracy,0.8155487804878049
mosi,68,0.3,fixed0.8,task,,correlation,0.6843306501931729
mosi,68,0.3,fixed0.8,task,,macro_f1,0.8085992413994324
mosi,68,0.3,fixed0.8,task,,mae,0.9614841341972351
mosi,68,0.3,fixed0.8,task,,predicted_sign_count,2.0
mosi,68,0.3,fixed0.8,task,,prediction_std,0.8711456656455994
mosi,68,0.3,fixed0.8,task,,weighted_f1,0.8142700652955445
mosi,68,0.5,reference,current_observed_write_fit,audio,err_after,0.0005217735196369332
mosi,68,0.5,reference,current_observed_write_fit,text,err_after,0.0017184319925878052
mosi,68,0.5,reference,current_observed_write_fit,visual,err_after,0.00100756631400649
mosi,68,0.5,reference,retention,audio,err_decay,0.06914993833883533
mosi,68,0.5,reference,retention,text,err_decay,0.06749691790160674
mosi,68,0.5,reference,retention,visual,err_decay,0.13148662388080457
mosi,68,0.5,reference,task,,accuracy,0.7820121951219512
mosi,68,0.5,reference,task,,correlation,0.6614463742710073
mosi,68,0.5,reference,task,,macro_f1,0.7726676796390135
mosi,68,0.5,reference,task,,mae,0.9952883720397949
mosi,68,0.5,reference,task,,predicted_sign_count,2.0
mosi,68,0.5,reference,task,,prediction_std,0.8557345271110535
mosi,68,0.5,reference,task,,weighted_f1,0.7798341501597627
mosi,68,0.5,fixed0.95,current_observed_write_fit,audio,err_after,0.01078200527017981
mosi,68,0.5,fixed0.95,current_observed_write_fit,text,err_after,0.04039082870002223
mosi,68,0.5,fixed0.95,current_observed_write_fit,visual,err_after,0.019849197122639554
mosi,68,0.5,fixed0.95,retention,audio,err_decay,0.07283838673029094
mosi,68,0.5,fixed0.95,retention,text,err_decay,0.0942544272793095
mosi,68,0.5,fixed0.95,retention,visual,err_decay,0.13577460926407794
mosi,68,0.5,fixed0.95,task,,accuracy,0.7850609756097561
mosi,68,0.5,fixed0.95,task,,correlation,0.6620600849035151
mosi,68,0.5,fixed0.95,task,,macro_f1,0.7761335995643492
mosi,68,0.5,fixed0.95,task,,mae,0.9943199753761292
mosi,68,0.5,fixed0.95,task,,predicted_sign_count,2.0
mosi,68,0.5,fixed0.95,task,,prediction_std,0.8563416600227356
mosi,68,0.5,fixed0.95,task,,weighted_f1,0.7830846862561928
mosi,68,0.5,fixed0.9,current_observed_write_fit,audio,err_after,0.021164187688516193
mosi,68,0.5,fixed0.9,current_observed_write_fit,text,err_after,0.07830283913942948
mosi,68,0.5,fixed0.9,current_observed_write_fit,visual,err_after,0.038365317349192504
mosi,68,0.5,fixed0.9,retention,audio,err_decay,0.07796705415738481
mosi,68,0.5,fixed0.9,retention,text,err_decay,0.12409818810723433
mosi,68,0.5,fixed0.9,retention,visual,err_decay,0.14281749897216614
mosi,68,0.5,fixed0.9,task,,accuracy,0.7865853658536586
mosi,68,0.5,fixed0.9,task,,correlation,0.662600672974377
mosi,68,0.5,fixed0.9,task,,macro_f1,0.7772927882050535
mosi,68,0.5,fixed0.9,task,,mae,0.9934090971946716
mosi,68,0.5,fixed0.9,task,,predicted_sign_count,2.0
mosi,68,0.5,fixed0.9,task,,prediction_std,0.8569427132606506
mosi,68,0.5,fixed0.9,task,,weighted_f1,0.784366242833096
mosi,68,0.5,fixed0.8,current_observed_write_fit,audio,err_after,0.04274232435895548
mosi,68,0.5,fixed0.8,current_observed_write_fit,text,err_after,0.1526705640385456
mosi,68,0.5,fixed0.8,current_observed_write_fit,visual,err_after,0.0747103270038787
mosi,68,0.5,fixed0.8,retention,audio,err_decay,0.09141112443841329
mosi,68,0.5,fixed0.8,retention,text,err_decay,0.18672550558491013
mosi,68,0.5,fixed0.8,retention,visual,err_decay,0.1609443875037317
mosi,68,0.5,fixed0.8,task,,accuracy,0.7835365853658537
mosi,68,0.5,fixed0.8,task,,correlation,0.6634641409528361
mosi,68,0.5,fixed0.8,task,,macro_f1,0.7741112566079829
mosi,68,0.5,fixed0.8,task,,mae,0.9916059970855713
mosi,68,0.5,fixed0.8,task,,predicted_sign_count,2.0
mosi,68,0.5,fixed0.8,task,,prediction_std,0.8581609725952148
mosi,68,0.5,fixed0.8,task,,weighted_f1,0.7812857605878547
mosi,68,0.7,reference,current_observed_write_fit,audio,err_after,0.0005196162545952943
mosi,68,0.7,reference,current_observed_write_fit,text,err_after,0.0017272626777792238
mosi,68,0.7,reference,current_observed_write_fit,visual,err_after,0.0009056262942312824
mosi,68,0.7,reference,retention,audio,err_decay,0.0983382514684671
mosi,68,0.7,reference,retention,text,err_decay,0.1007657659938559
mosi,68,0.7,reference,retention,visual,err_decay,0.16886336763514675
mosi,68,0.7,reference,task,,accuracy,0.676829268292683
mosi,68,0.7,reference,task,,correlation,0.47435156711622667
mosi,68,0.7,reference,task,,macro_f1,0.6594977866572649
mosi,68,0.7,reference,task,,mae,1.1499172449111938
mosi,68,0.7,reference,task,,predicted_sign_count,2.0
mosi,68,0.7,reference,task,,prediction_std,0.7725831270217896
mosi,68,0.7,reference,task,,weighted_f1,0.6714424564330259
mosi,68,0.7,fixed0.95,current_observed_write_fit,audio,err_after,0.01195757327822387
mosi,68,0.7,fixed0.95,current_observed_write_fit,text,err_after,0.041934530279247546
mosi,68,0.7,fixed0.95,current_observed_write_fit,visual,err_after,0.020547699515101693
mosi,68,0.7,fixed0.95,retention,audio,err_decay,0.1048357348560727
mosi,68,0.7,fixed0.95,retention,text,err_decay,0.1285830795232053
mosi,68,0.7,fixed0.95,retention,visual,err_decay,0.17408122343749177
mosi,68,0.7,fixed0.95,task,,accuracy,0.6798780487804879
mosi,68,0.7,fixed0.95,task,,correlation,0.4770829316832166
mosi,68,0.7,fixed0.95,task,,macro_f1,0.6627100716888001
mosi,68,0.7,fixed0.95,task,,mae,1.14816415309906
mosi,68,0.7,fixed0.95,task,,predicted_sign_count,2.0
mosi,68,0.7,fixed0.95,task,,prediction_std,0.772051215171814
mosi,68,0.7,fixed0.95,task,,weighted_f1,0.674542055900639
mosi,68,0.7,fixed0.9,current_observed_write_fit,audio,err_after,0.02366907975417855
mosi,68,0.7,fixed0.9,current_observed_write_fit,text,err_after,0.08148740706441691
mosi,68,0.7,fixed0.9,current_observed_write_fit,visual,err_after,0.039871900084812846
mosi,68,0.7,fixed0.9,retention,audio,err_decay,0.1128385894564438
mosi,68,0.7,fixed0.9,retention,text,err_decay,0.1594348437015985
mosi,68,0.7,fixed0.9,retention,visual,err_decay,0.1817548095864075
mosi,68,0.7,fixed0.9,task,,accuracy,0.6859756097560976
mosi,68,0.7,fixed0.9,task,,correlation,0.47969784235634166
mosi,68,0.7,fixed0.9,task,,macro_f1,0.6696102880054765
mosi,68,0.7,fixed0.9,task,,mae,1.1464627981185913
mosi,68,0.7,fixed0.9,task,,predicted_sign_count,2.0
mosi,68,0.7,fixed0.9,task,,prediction_std,0.7716094255447388
mosi,68,0.7,fixed0.9,task,,weighted_f1,0.6810435949819378
mosi,68,0.7,fixed0.8,current_observed_write_fit,audio,err_after,0.04855904252471137
mosi,68,0.7,fixed0.8,current_observed_write_fit,text,err_after,0.1593762546521518
mosi,68,0.7,fixed0.8,current_observed_write_fit,visual,err_after,0.07813125771270799
mosi,68,0.7,fixed0.8,retention,audio,err_decay,0.13251176414367974
mosi,68,0.7,fixed0.8,retention,text,err_decay,0.224025591640834
mosi,68,0.7,fixed0.8,retention,visual,err_decay,0.20070150288704194
mosi,68,0.7,fixed0.8,task,,accuracy,0.6905487804878049
mosi,68,0.7,fixed0.8,task,,correlation,0.4844736348504277
mosi,68,0.7,fixed0.8,task,,macro_f1,0.6755600492136775
mosi,68,0.7,fixed0.8,task,,mae,1.143585205078125
mosi,68,0.7,fixed0.8,task,,predicted_sign_count,2.0
mosi,68,0.7,fixed0.8,task,,prediction_std,0.7710649371147156
mosi,68,0.7,fixed0.8,task,,weighted_f1,0.6864029611992165
mosi,68,all,reference,current_observed_write_fit,audio,err_after,0.0005047509543550869
mosi,68,all,reference,current_observed_write_fit,text,err_after,0.0017546307929866784
mosi,68,all,reference,current_observed_write_fit,visual,err_after,0.0009924915774363054
mosi,68,all,reference,task,,accuracy,0.7966463414634146
mosi,68,all,reference,task,,correlation,0.6710780963028948
mosi,68,all,reference,task,,macro_f1,0.787864725241739
mosi,68,all,reference,task,,mae,0.9739136457443237
mosi,68,all,reference,task,,predicted_sign_count,2.0
mosi,68,all,reference,task,,prediction_std,0.8586897373199462
mosi,68,all,reference,task,,weighted_f1,0.7945475691436955
mosi,68,all,fixed0.95,current_observed_write_fit,audio,err_after,0.009137135634263688
mosi,68,all,fixed0.95,current_observed_write_fit,text,err_after,0.03967292675069108
mosi,68,all,fixed0.95,current_observed_write_fit,visual,err_after,0.01727773000119608
mosi,68,all,fixed0.95,task,,accuracy,0.7984756097560975
mosi,68,all,fixed0.95,task,,correlation,0.6721007617376124
mosi,68,all,fixed0.95,task,,macro_f1,0.7898836522037173
mosi,68,all,fixed0.95,task,,mae,0.9731322407722474
mosi,68,all,fixed0.95,task,,predicted_sign_count,2.0
mosi,68,all,fixed0.95,task,,prediction_std,0.8588885188102722
mosi,68,all,fixed0.95,task,,weighted_f1,0.7964612206657676
mosi,68,all,fixed0.9,current_observed_write_fit,audio,err_after,0.017959486287659122
mosi,68,all,fixed0.9,current_observed_write_fit,text,err_after,0.07686515543528372
mosi,68,all,fixed0.9,current_observed_write_fit,visual,err_after,0.03343348572716148
mosi,68,all,fixed0.9,task,,accuracy,0.800609756097561
mosi,68,all,fixed0.9,task,,correlation,0.6730780009297563
mosi,68,all,fixed0.9,task,,macro_f1,0.79217181756541
mosi,68,all,fixed0.9,task,,mae,0.9723550081253052
mosi,68,all,fixed0.9,task,,predicted_sign_count,2.0
mosi,68,all,fixed0.9,task,,prediction_std,0.8591128945350647
mosi,68,all,fixed0.9,task,,weighted_f1,0.798656986431925
mosi,68,all,fixed0.8,current_observed_write_fit,audio,err_after,0.03641326453065352
mosi,68,all,fixed0.8,current_observed_write_fit,text,err_after,0.14986104893048338
mosi,68,all,fixed0.8,current_observed_write_fit,visual,err_after,0.06531066520399943
mosi,68,all,fixed0.8,task,,accuracy,0.801219512195122
mosi,68,all,fixed0.8,task,,correlation,0.6748714451602719
mosi,68,all,fixed0.8,task,,macro_f1,0.7930652027099536
mosi,68,all,fixed0.8,task,,mae,0.9708564639091491
mosi,68,all,fixed0.8,task,,predicted_sign_count,2.0
mosi,68,all,fixed0.8,task,,prediction_std,0.8596564173698426
mosi,68,all,fixed0.8,task,,weighted_f1,0.7994332828064155
mosi,69,0,reference,current_observed_write_fit,audio,err_after,0.0006015080737838894
mosi,69,0,reference,current_observed_write_fit,text,err_after,0.0017622378477691696
mosi,69,0,reference,current_observed_write_fit,visual,err_after,0.0010473022532352244
mosi,69,0,reference,task,,accuracy,0.8658536585365854
mosi,69,0,reference,task,,correlation,0.7915896042867775
mosi,69,0,reference,task,,macro_f1,0.8600126097288907
mosi,69,0,reference,task,,mae,0.7462800741195679
mosi,69,0,reference,task,,predicted_sign_count,2.0
mosi,69,0,reference,task,,prediction_std,1.2841873168945312
mosi,69,0,reference,task,,weighted_f1,0.8644587812093748
mosi,69,0,fixed0.95,current_observed_write_fit,audio,err_after,0.008515937798341727
mosi,69,0,fixed0.95,current_observed_write_fit,text,err_after,0.036258222403648954
mosi,69,0,fixed0.95,current_observed_write_fit,visual,err_after,0.017585073547179333
mosi,69,0,fixed0.95,task,,accuracy,0.8658536585365854
mosi,69,0,fixed0.95,task,,correlation,0.7919616543296836
mosi,69,0,fixed0.95,task,,macro_f1,0.8600126097288907
mosi,69,0,fixed0.95,task,,mae,0.7455445528030396
mosi,69,0,fixed0.95,task,,predicted_sign_count,2.0
mosi,69,0,fixed0.95,task,,prediction_std,1.2851028442382812
mosi,69,0,fixed0.95,task,,weighted_f1,0.8644587812093748
mosi,69,0,fixed0.9,current_observed_write_fit,audio,err_after,0.016607392922496224
mosi,69,0,fixed0.9,current_observed_write_fit,text,err_after,0.06989102541966603
mosi,69,0,fixed0.9,current_observed_write_fit,visual,err_after,0.03397472373680137
mosi,69,0,fixed0.9,task,,accuracy,0.8658536585365854
mosi,69,0,fixed0.9,task,,correlation,0.7923286464485698
mosi,69,0,fixed0.9,task,,macro_f1,0.8600126097288907
mosi,69,0,fixed0.9,task,,mae,0.7448210120201111
mosi,69,0,fixed0.9,task,,predicted_sign_count,2.0
mosi,69,0,fixed0.9,task,,prediction_std,1.2859739065170288
mosi,69,0,fixed0.9,task,,weighted_f1,0.8644587812093748
mosi,69,0,fixed0.8,current_observed_write_fit,audio,err_after,0.03298474678144527
mosi,69,0,fixed0.8,current_observed_write_fit,text,err_after,0.13526442589451432
mosi,69,0,fixed0.8,current_observed_write_fit,visual,err_after,0.06613869860985706
mosi,69,0,fixed0.8,task,,accuracy,0.8658536585365854
mosi,69,0,fixed0.8,task,,correlation,0.793049750464325
mosi,69,0,fixed0.8,task,,macro_f1,0.8598290598290599
mosi,69,0,fixed0.8,task,,mae,0.743545413017273
mosi,69,0,fixed0.8,task,,predicted_sign_count,2.0
mosi,69,0,fixed0.8,task,,prediction_std,1.2875843048095703
mosi,69,0,fixed0.8,task,,weighted_f1,0.864347508859704
mosi,69,0.1,reference,current_observed_write_fit,audio,err_after,0.0006124567947843447
mosi,69,0.1,reference,current_observed_write_fit,text,err_after,0.0017753655621561765
mosi,69,0.1,reference,current_observed_write_fit,visual,err_after,0.001015046957999931
mosi,69,0.1,reference,retention,audio,err_decay,0.05368109841219848
mosi,69,0.1,reference,retention,text,err_decay,0.03398768809300078
mosi,69,0.1,reference,retention,visual,err_decay,0.031799013586714865
mosi,69,0.1,reference,task,,accuracy,0.8307926829268293
mosi,69,0.1,reference,task,,correlation,0.7294847148441813
mosi,69,0.1,reference,task,,macro_f1,0.8252333510141678
mosi,69,0.1,reference,task,,mae,0.8356874585151672
mosi,69,0.1,reference,task,,predicted_sign_count,2.0
mosi,69,0.1,reference,task,,prediction_std,1.2324711084365845
mosi,69,0.1,reference,task,,weighted_f1,0.8300799480662315
mosi,69,0.1,fixed0.95,current_observed_write_fit,audio,err_after,0.009638925633372574
mosi,69,0.1,fixed0.95,current_observed_write_fit,text,err_after,0.037449510305913716
mosi,69,0.1,fixed0.95,current_observed_write_fit,visual,err_after,0.018056742120213617
mosi,69,0.1,fixed0.95,retention,audio,err_decay,0.05819925019386574
mosi,69,0.1,fixed0.95,retention,text,err_decay,0.058403592175412654
mosi,69,0.1,fixed0.95,retention,visual,err_decay,0.04199202933814376
mosi,69,0.1,fixed0.95,task,,accuracy,0.8307926829268293
mosi,69,0.1,fixed0.95,task,,correlation,0.7300019313815227
mosi,69,0.1,fixed0.95,task,,macro_f1,0.8252333510141678
mosi,69,0.1,fixed0.95,task,,mae,0.834845781326294
mosi,69,0.1,fixed0.95,task,,predicted_sign_count,2.0
mosi,69,0.1,fixed0.95,task,,prediction_std,1.233094573020935
mosi,69,0.1,fixed0.95,task,,weighted_f1,0.8300799480662315
mosi,69,0.1,fixed0.9,current_observed_write_fit,audio,err_after,0.01871340097272731
mosi,69,0.1,fixed0.9,current_observed_write_fit,text,err_after,0.07218520220829816
mosi,69,0.1,fixed0.9,current_observed_write_fit,visual,err_after,0.03493011608455876
mosi,69,0.1,fixed0.9,retention,audio,err_decay,0.0646955305855954
mosi,69,0.1,fixed0.9,retention,text,err_decay,0.08580086793602053
mosi,69,0.1,fixed0.9,retention,visual,err_decay,0.05533695245006432
mosi,69,0.1,fixed0.9,task,,accuracy,0.8292682926829268
mosi,69,0.1,fixed0.9,task,,correlation,0.7305435232341749
mosi,69,0.1,fixed0.9,task,,macro_f1,0.8235593594805146
mosi,69,0.1,fixed0.9,task,,mae,0.8339661359786987
mosi,69,0.1,fixed0.9,task,,predicted_sign_count,2.0
mosi,69,0.1,fixed0.9,task,,prediction_std,1.233683705329895
mosi,69,0.1,fixed0.9,task,,weighted_f1,0.8284942000453116
mosi,69,0.1,fixed0.8,current_observed_write_fit,audio,err_after,0.0368329378265527
mosi,69,0.1,fixed0.8,current_observed_write_fit,text,err_after,0.1394705467146374
mosi,69,0.1,fixed0.8,current_observed_write_fit,visual,err_after,0.06806422887268197
mosi,69,0.1,fixed0.8,retention,audio,err_decay,0.08101003659248818
mosi,69,0.1,fixed0.8,retention,text,err_decay,0.14166079661673933
mosi,69,0.1,fixed0.8,retention,visual,err_decay,0.08494760021567345
mosi,69,0.1,fixed0.8,task,,accuracy,0.8277439024390244
mosi,69,0.1,fixed0.8,task,,correlation,0.7316907985741834
mosi,69,0.1,fixed0.8,task,,macro_f1,0.8218826214933621
mosi,69,0.1,fixed0.8,task,,mae,0.832221269607544
mosi,69,0.1,fixed0.8,task,,predicted_sign_count,2.0
mosi,69,0.1,fixed0.8,task,,prediction_std,1.2347649335861206
mosi,69,0.1,fixed0.8,task,,weighted_f1,0.8269065765896441
mosi,69,0.3,reference,current_observed_write_fit,audio,err_after,0.0006309348457653254
mosi,69,0.3,reference,current_observed_write_fit,text,err_after,0.0017253706903430142
mosi,69,0.3,reference,current_observed_write_fit,visual,err_after,0.0010364549253578915
mosi,69,0.3,reference,retention,audio,err_decay,0.07308787249150389
mosi,69,0.3,reference,retention,text,err_decay,0.0575430268877252
mosi,69,0.3,reference,retention,visual,err_decay,0.07685408668948522
mosi,69,0.3,reference,task,,accuracy,0.8064024390243902
mosi,69,0.3,reference,task,,correlation,0.6784866061469682
mosi,69,0.3,reference,task,,macro_f1,0.8013121525550249
mosi,69,0.3,reference,task,,mae,0.9251560568809509
mosi,69,0.3,reference,task,,predicted_sign_count,2.0
mosi,69,0.3,reference,task,,prediction_std,1.132307529449463
mosi,69,0.3,reference,task,,weighted_f1,0.8062570022681226
mosi,69,0.3,fixed0.95,current_observed_write_fit,audio,err_after,0.011359148589830654
mosi,69,0.3,fixed0.95,current_observed_write_fit,text,err_after,0.03777721513805802
mosi,69,0.3,fixed0.95,current_observed_write_fit,visual,err_after,0.019985468145337727
mosi,69,0.3,fixed0.95,retention,audio,err_decay,0.07501170843236403
mosi,69,0.3,fixed0.95,retention,text,err_decay,0.08301776164030666
mosi,69,0.3,fixed0.95,retention,visual,err_decay,0.08530237265382234
mosi,69,0.3,fixed0.95,task,,accuracy,0.8048780487804879
mosi,69,0.3,fixed0.95,task,,correlation,0.6791607068412346
mosi,69,0.3,fixed0.95,task,,macro_f1,0.7996468623240276
mosi,69,0.3,fixed0.95,task,,mae,0.9243086576461792
mosi,69,0.3,fixed0.95,task,,predicted_sign_count,2.0
mosi,69,0.3,fixed0.95,task,,prediction_std,1.132406234741211
mosi,69,0.3,fixed0.95,task,,weighted_f1,0.8046806455179799
mosi,69,0.3,fixed0.9,current_observed_write_fit,audio,err_after,0.022053374987734107
mosi,69,0.3,fixed0.9,current_observed_write_fit,text,err_after,0.0730234103788051
mosi,69,0.3,fixed0.9,current_observed_write_fit,visual,err_after,0.0385880830492671
mosi,69,0.3,fixed0.9,retention,audio,err_decay,0.07888165442339166
mosi,69,0.3,fixed0.9,retention,text,err_decay,0.11225663568529357
mosi,69,0.3,fixed0.9,retention,visual,err_decay,0.09682186909327137
mosi,69,0.3,fixed0.9,task,,accuracy,0.8033536585365854
mosi,69,0.3,fixed0.9,task,,correlation,0.6798109877615437
mosi,69,0.3,fixed0.9,task,,macro_f1,0.7981832100755764
mosi,69,0.3,fixed0.9,task,,mae,0.9234935641288757
mosi,69,0.3,fixed0.9,task,,predicted_sign_count,2.0
mosi,69,0.3,fixed0.9,task,,prediction_std,1.1324774026870728
mosi,69,0.3,fixed0.9,task,,weighted_f1,0.8032059314376995
mosi,69,0.3,fixed0.8,current_observed_write_fit,audio,err_after,0.04343283319308349
mosi,69,0.3,fixed0.8,current_observed_write_fit,text,err_after,0.14183447396240925
mosi,69,0.3,fixed0.8,current_observed_write_fit,visual,err_after,0.074939634932642
mosi,69,0.3,fixed0.8,retention,audio,err_decay,0.0899836484604748
mosi,69,0.3,fixed0.8,retention,text,err_decay,0.17404800331693326
mosi,69,0.3,fixed0.8,retention,visual,err_decay,0.1229374100367602
mosi,69,0.3,fixed0.8,task,,accuracy,0.8048780487804879
mosi,69,0.3,fixed0.8,task,,correlation,0.6810339603476367
mosi,69,0.3,fixed0.8,task,,macro_f1,0.7998474446987033
mosi,69,0.3,fixed0.8,task,,mae,0.922112762928009
mosi,69,0.3,fixed0.8,task,,predicted_sign_count,2.0
mosi,69,0.3,fixed0.8,task,,prediction_std,1.132551908493042
mosi,69,0.3,fixed0.8,task,,weighted_f1,0.8047813063942996
mosi,69,0.5,reference,current_observed_write_fit,audio,err_after,0.0006803248277559332
mosi,69,0.5,reference,current_observed_write_fit,text,err_after,0.0016663402469567798
mosi,69,0.5,reference,current_observed_write_fit,visual,err_after,0.0010175438466755319
mosi,69,0.5,reference,retention,audio,err_decay,0.11341786008345996
mosi,69,0.5,reference,retention,text,err_decay,0.0869926530875576
mosi,69,0.5,reference,retention,visual,err_decay,0.10654930219614213
mosi,69,0.5,reference,task,,accuracy,0.7789634146341463
mosi,69,0.5,reference,task,,correlation,0.5961514251565232
mosi,69,0.5,reference,task,,macro_f1,0.7729220529641645
mosi,69,0.5,reference,task,,mae,1.0368355512619019
mosi,69,0.5,reference,task,,predicted_sign_count,2.0
mosi,69,0.5,reference,task,,prediction_std,0.9593803882598877
mosi,69,0.5,reference,task,,weighted_f1,0.7786811080140539
mosi,69,0.5,fixed0.95,current_observed_write_fit,audio,err_after,0.014484764807917492
mosi,69,0.5,fixed0.95,current_observed_write_fit,text,err_after,0.03875308315883329
mosi,69,0.5,fixed0.95,current_observed_write_fit,visual,err_after,0.022090754212654752
mosi,69,0.5,fixed0.95,retention,audio,err_decay,0.11624661832899567
mosi,69,0.5,fixed0.95,retention,text,err_decay,0.10977980833966285
mosi,69,0.5,fixed0.95,retention,visual,err_decay,0.11438430773417714
mosi,69,0.5,fixed0.95,task,,accuracy,0.774390243902439
mosi,69,0.5,fixed0.95,task,,correlation,0.5962054299593103
mosi,69,0.5,fixed0.95,task,,macro_f1,0.7676164215686274
mosi,69,0.5,fixed0.95,task,,mae,1.0365455150604248
mosi,69,0.5,fixed0.95,task,,predicted_sign_count,2.0
mosi,69,0.5,fixed0.95,task,,prediction_std,0.9599245190620422
mosi,69,0.5,fixed0.95,task,,weighted_f1,0.77378543833692
mosi,69,0.5,fixed0.9,current_observed_write_fit,audio,err_after,0.02809744753570104
mosi,69,0.5,fixed0.9,current_observed_write_fit,text,err_after,0.07490860096838743
mosi,69,0.5,fixed0.9,current_observed_write_fit,visual,err_after,0.042752609927750505
mosi,69,0.5,fixed0.9,retention,audio,err_decay,0.12112056353325203
mosi,69,0.5,fixed0.9,retention,text,err_decay,0.13586251381086187
mosi,69,0.5,fixed0.9,retention,visual,err_decay,0.12548490851620434
mosi,69,0.5,fixed0.9,task,,accuracy,0.774390243902439
mosi,69,0.5,fixed0.9,task,,correlation,0.596193006226455
mosi,69,0.5,fixed0.9,task,,macro_f1,0.7671080406831702
mosi,69,0.5,fixed0.9,task,,mae,1.0364224910736084
mosi,69,0.5,fixed0.9,task,,predicted_sign_count,2.0
mosi,69,0.5,fixed0.9,task,,prediction_std,0.9604916572570801
mosi,69,0.5,fixed0.9,task,,weighted_f1,0.7735113573070099
mosi,69,0.5,fixed0.8,current_observed_write_fit,audio,err_after,0.05531715742031605
mosi,69,0.5,fixed0.8,current_observed_write_fit,text,err_after,0.14499333491929423
mosi,69,0.5,fixed0.8,current_observed_write_fit,visual,err_after,0.08326940789459816
mosi,69,0.5,fixed0.8,retention,audio,err_decay,0.1346791619842777
mosi,69,0.5,fixed0.8,retention,text,err_decay,0.19041783170619359
mosi,69,0.5,fixed0.8,retention,visual,err_decay,0.15141332619134756
mosi,69,0.5,fixed0.8,task,,accuracy,0.774390243902439
mosi,69,0.5,fixed0.8,task,,correlation,0.5959670659150684
mosi,69,0.5,fixed0.8,task,,macro_f1,0.7673647385824507
mosi,69,0.5,fixed0.8,task,,mae,1.0366517305374146
mosi,69,0.5,fixed0.8,task,,predicted_sign_count,2.0
mosi,69,0.5,fixed0.8,task,,prediction_std,0.9616864323616028
mosi,69,0.5,fixed0.8,task,,weighted_f1,0.7736507170266508
mosi,69,0.7,reference,current_observed_write_fit,audio,err_after,0.0007102525869362225
mosi,69,0.7,reference,current_observed_write_fit,text,err_after,0.0016535716687622413
mosi,69,0.7,reference,current_observed_write_fit,visual,err_after,0.0010174080020343042
mosi,69,0.7,reference,retention,audio,err_decay,0.1503447544512482
mosi,69,0.7,reference,retention,text,err_decay,0.13663620440913818
mosi,69,0.7,reference,retention,visual,err_decay,0.14432449503319145
mosi,69,0.7,reference,task,,accuracy,0.7408536585365854
mosi,69,0.7,reference,task,,correlation,0.567848404086148
mosi,69,0.7,reference,task,,macro_f1,0.7354211150652432
mosi,69,0.7,reference,task,,mae,1.071356177330017
mosi,69,0.7,reference,task,,predicted_sign_count,2.0
mosi,69,0.7,reference,task,,prediction_std,0.9836118817329407
mosi,69,0.7,reference,task,,weighted_f1,0.741316002661806
mosi,69,0.7,fixed0.95,current_observed_write_fit,audio,err_after,0.016820631350757804
mosi,69,0.7,fixed0.95,current_observed_write_fit,text,err_after,0.04018361077849824
mosi,69,0.7,fixed0.95,current_observed_write_fit,visual,err_after,0.02385899971906341
mosi,69,0.7,fixed0.95,retention,audio,err_decay,0.1534552773833526
mosi,69,0.7,fixed0.95,retention,text,err_decay,0.16024107589482472
mosi,69,0.7,fixed0.95,retention,visual,err_decay,0.15266998295661802
mosi,69,0.7,fixed0.95,task,,accuracy,0.7454268292682927
mosi,69,0.7,fixed0.95,task,,correlation,0.5688029446925208
mosi,69,0.7,fixed0.95,task,,macro_f1,0.7397363438315907
mosi,69,0.7,fixed0.95,task,,mae,1.0692236423492432
mosi,69,0.7,fixed0.95,task,,predicted_sign_count,2.0
mosi,69,0.7,fixed0.95,task,,prediction_std,0.9834045767784119
mosi,69,0.7,fixed0.95,task,,weighted_f1,0.7457201532598752
mosi,69,0.7,fixed0.9,current_observed_write_fit,audio,err_after,0.03283900521735878
mosi,69,0.7,fixed0.9,current_observed_write_fit,text,err_after,0.07794721543236596
mosi,69,0.7,fixed0.9,current_observed_write_fit,visual,err_after,0.04635368825953976
mosi,69,0.7,fixed0.9,retention,audio,err_decay,0.1589207018642734
mosi,69,0.7,fixed0.9,retention,text,err_decay,0.18716390066070315
mosi,69,0.7,fixed0.9,retention,visual,err_decay,0.1643436304926194
mosi,69,0.7,fixed0.9,task,,accuracy,0.7454268292682927
mosi,69,0.7,fixed0.9,task,,correlation,0.5697722258505444
mosi,69,0.7,fixed0.9,task,,macro_f1,0.7397363438315907
mosi,69,0.7,fixed0.9,task,,mae,1.067063808441162
mosi,69,0.7,fixed0.9,task,,predicted_sign_count,2.0
mosi,69,0.7,fixed0.9,task,,prediction_std,0.9831762909889221
mosi,69,0.7,fixed0.9,task,,weighted_f1,0.7457201532598752
mosi,69,0.7,fixed0.8,current_observed_write_fit,audio,err_after,0.0654153664514538
mosi,69,0.7,fixed0.8,current_observed_write_fit,text,err_after,0.15208012834274207
mosi,69,0.7,fixed0.8,current_observed_write_fit,visual,err_after,0.0908511030494967
mosi,69,0.7,fixed0.8,retention,audio,err_decay,0.17476242451082583
mosi,69,0.7,fixed0.8,retention,text,err_decay,0.24446003634367874
mosi,69,0.7,fixed0.8,retention,visual,err_decay,0.19241914741762756
mosi,69,0.7,fixed0.8,task,,accuracy,0.7469512195121951
mosi,69,0.7,fixed0.8,task,,correlation,0.5717378222986192
mosi,69,0.7,fixed0.8,task,,macro_f1,0.7411749046899214
mosi,69,0.7,fixed0.8,task,,mae,1.062687873840332
mosi,69,0.7,fixed0.8,task,,predicted_sign_count,2.0
mosi,69,0.7,fixed0.8,task,,prediction_std,0.9826318621635437
mosi,69,0.7,fixed0.8,task,,weighted_f1,0.7471869874641247
mosi,69,all,reference,current_observed_write_fit,audio,err_after,0.0006470954258051431
mosi,69,all,reference,current_observed_write_fit,text,err_after,0.0017165772031974764
mosi,69,all,reference,current_observed_write_fit,visual,err_after,0.0010267511970605766
mosi,69,all,reference,task,,accuracy,0.8045731707317073
mosi,69,all,reference,task,,correlation,0.6727121509041196
mosi,69,all,reference,task,,macro_f1,0.7989802562654982
mosi,69,all,reference,task,,mae,0.923063063621521
mosi,69,all,reference,task,,predicted_sign_count,2.0
mosi,69,all,reference,task,,prediction_std,1.1183916449546814
mosi,69,all,reference,task,,weighted_f1,0.8041585684439178
mosi,69,all,fixed0.95,current_observed_write_fit,audio,err_after,0.01216388163604405
mosi,69,all,fixed0.95,current_observed_write_fit,text,err_after,0.038084328356990445
mosi,69,all,fixed0.95,current_observed_write_fit,visual,err_after,0.020315407548889768
mosi,69,all,fixed0.95,task,,accuracy,0.8042682926829269
mosi,69,all,fixed0.95,task,,correlation,0.6732265334408544
mosi,69,all,fixed0.95,task,,macro_f1,0.7984491176934608
mosi,69,all,fixed0.95,task,,mae,0.9220936298370361
mosi,69,all,fixed0.95,task,,predicted_sign_count,2.0
mosi,69,all,fixed0.95,task,,prediction_std,1.1187865495681764
mosi,69,all,fixed0.95,task,,weighted_f1,0.8037449932780762
mosi,69,all,fixed0.9,current_observed_write_fit,audio,err_after,0.023662124327203493
mosi,69,all,fixed0.9,current_observed_write_fit,text,err_after,0.07359109088150453
mosi,69,all,fixed0.9,current_observed_write_fit,visual,err_after,0.0393198442115835
mosi,69,all,fixed0.9,task,,accuracy,0.8036585365853659
mosi,69,all,fixed0.9,task,,correlation,0.6737296779042575
mosi,69,all,fixed0.9,task,,macro_f1,0.7977199127599485
mosi,69,all,fixed0.9,task,,mae,0.9211534023284912
mosi,69,all,fixed0.9,task,,predicted_sign_count,2.0
mosi,69,all,fixed0.9,task,,prediction_std,1.1191605925559998
mosi,69,all,fixed0.9,task,,weighted_f1,0.8030780846518542
mosi,69,all,fixed0.8,current_observed_write_fit,audio,err_after,0.046796608334570264
mosi,69,all,fixed0.8,current_observed_write_fit,text,err_after,0.14272858196671945
mosi,69,all,fixed0.8,current_observed_write_fit,visual,err_after,0.07665261467185518
mosi,69,all,fixed0.8,task,,accuracy,0.8039634146341463
mosi,69,all,fixed0.8,task,,correlation,0.6746958795199666
mosi,69,all,fixed0.8,task,,macro_f1,0.7980197538586995
mosi,69,all,fixed0.8,task,,mae,0.9194438099861145
mosi,69,all,fixed0.8,task,,predicted_sign_count,2.0
mosi,69,all,fixed0.8,task,,prediction_std,1.119843888282776
mosi,69,all,fixed0.8,task,,weighted_f1,0.8033746192668846
mosi,70,0,reference,current_observed_write_fit,audio,err_after,0.0009223539734111565
mosi,70,0,reference,current_observed_write_fit,text,err_after,0.001992576674912697
mosi,70,0,reference,current_observed_write_fit,visual,err_after,0.0010265138173813535
mosi,70,0,reference,task,,accuracy,0.8689024390243902
mosi,70,0,reference,task,,correlation,0.7958669372699401
mosi,70,0,reference,task,,macro_f1,0.8642057325515342
mosi,70,0,reference,task,,mae,0.7515420913696289
mosi,70,0,reference,task,,predicted_sign_count,2.0
mosi,70,0,reference,task,,prediction_std,1.3084561824798584
mosi,70,0,reference,task,,weighted_f1,0.8681324871435941
mosi,70,0,fixed0.95,current_observed_write_fit,audio,err_after,0.007489224944984759
mosi,70,0,fixed0.95,current_observed_write_fit,text,err_after,0.03849665126077689
mosi,70,0,fixed0.95,current_observed_write_fit,visual,err_after,0.012974171820475106
mosi,70,0,fixed0.95,task,,accuracy,0.8689024390243902
mosi,70,0,fixed0.95,task,,correlation,0.7962175266250949
mosi,70,0,fixed0.95,task,,macro_f1,0.8642057325515342
mosi,70,0,fixed0.95,task,,mae,0.7507162094116211
mosi,70,0,fixed0.95,task,,predicted_sign_count,2.0
mosi,70,0,fixed0.95,task,,prediction_std,1.3086726665496826
mosi,70,0,fixed0.95,task,,weighted_f1,0.8681324871435941
mosi,70,0,fixed0.9,current_observed_write_fit,audio,err_after,0.014557022684647121
mosi,70,0,fixed0.9,current_observed_write_fit,text,err_after,0.07396959071832473
mosi,70,0,fixed0.9,current_observed_write_fit,visual,err_after,0.025110825640437907
mosi,70,0,fixed0.9,task,,accuracy,0.8689024390243902
mosi,70,0,fixed0.9,task,,correlation,0.796557149373634
mosi,70,0,fixed0.9,task,,macro_f1,0.8642057325515342
mosi,70,0,fixed0.9,task,,mae,0.7500206232070923
mosi,70,0,fixed0.9,task,,predicted_sign_count,2.0
mosi,70,0,fixed0.9,task,,prediction_std,1.3088494539260864
mosi,70,0,fixed0.9,task,,weighted_f1,0.8681324871435941
mosi,70,0,fixed0.8,current_observed_write_fit,audio,err_after,0.02917145891208405
mosi,70,0,fixed0.8,current_observed_write_fit,text,err_after,0.1425929038183636
mosi,70,0,fixed0.8,current_observed_write_fit,visual,err_after,0.049338069661042205
mosi,70,0,fixed0.8,task,,accuracy,0.8704268292682927
mosi,70,0,fixed0.8,task,,correlation,0.7972019043261309
mosi,70,0,fixed0.8,task,,macro_f1,0.8657055396464896
mosi,70,0,fixed0.8,task,,mae,0.7488942742347717
mosi,70,0,fixed0.8,task,,predicted_sign_count,2.0
mosi,70,0,fixed0.8,task,,prediction_std,1.3090875148773193
mosi,70,0,fixed0.8,task,,weighted_f1,0.8696207554304238
mosi,70,0.1,reference,current_observed_write_fit,audio,err_after,0.0008864482025897597
mosi,70,0.1,reference,current_observed_write_fit,text,err_after,0.0019392178836803644
mosi,70,0.1,reference,current_observed_write_fit,visual,err_after,0.0010018822878984062
mosi,70,0.1,reference,retention,audio,err_decay,0.05051298975996988
mosi,70,0.1,reference,retention,text,err_decay,0.033364634901813385
mosi,70,0.1,reference,retention,visual,err_decay,0.025325676400825614
mosi,70,0.1,reference,task,,accuracy,0.8582317073170732
mosi,70,0.1,reference,task,,correlation,0.7547538126109276
mosi,70,0.1,reference,task,,macro_f1,0.8540530842194658
mosi,70,0.1,reference,task,,mae,0.8167955279350281
mosi,70,0.1,reference,task,,predicted_sign_count,2.0
mosi,70,0.1,reference,task,,prediction_std,1.2222967147827148
mosi,70,0.1,reference,task,,weighted_f1,0.8578929000388889
mosi,70,0.1,fixed0.95,current_observed_write_fit,audio,err_after,0.009216423936802878
mosi,70,0.1,fixed0.95,current_observed_write_fit,text,err_after,0.038655114351743805
mosi,70,0.1,fixed0.95,current_observed_write_fit,visual,err_after,0.014154136663822316
mosi,70,0.1,fixed0.95,retention,audio,err_decay,0.05356445026413446
mosi,70,0.1,fixed0.95,retention,text,err_decay,0.06405593134782542
mosi,70,0.1,fixed0.95,retention,visual,err_decay,0.034505637264373945
mosi,70,0.1,fixed0.95,task,,accuracy,0.8582317073170732
mosi,70,0.1,fixed0.95,task,,correlation,0.7554096393854811
mosi,70,0.1,fixed0.95,task,,macro_f1,0.8540530842194658
mosi,70,0.1,fixed0.95,task,,mae,0.8160595297813416
mosi,70,0.1,fixed0.95,task,,predicted_sign_count,2.0
mosi,70,0.1,fixed0.95,task,,prediction_std,1.2219634056091309
mosi,70,0.1,fixed0.95,task,,weighted_f1,0.8578929000388889
mosi,70,0.1,fixed0.9,current_observed_write_fit,audio,err_after,0.017800345887226524
mosi,70,0.1,fixed0.9,current_observed_write_fit,text,err_after,0.07433224314464296
mosi,70,0.1,fixed0.9,current_observed_write_fit,visual,err_after,0.02734090256453665
mosi,70,0.1,fixed0.9,retention,audio,err_decay,0.05792381555747084
mosi,70,0.1,fixed0.9,retention,text,err_decay,0.09802212725991188
mosi,70,0.1,fixed0.9,retention,visual,err_decay,0.046350554235687014
mosi,70,0.1,fixed0.9,task,,accuracy,0.8567073170731707
mosi,70,0.1,fixed0.9,task,,correlation,0.7560598075719995
mosi,70,0.1,fixed0.9,task,,macro_f1,0.8525617115695445
mosi,70,0.1,fixed0.9,task,,mae,0.8153298497200012
mosi,70,0.1,fixed0.9,task,,predicted_sign_count,2.0
mosi,70,0.1,fixed0.9,task,,prediction_std,1.2216005325317383
mosi,70,0.1,fixed0.9,task,,weighted_f1,0.856405818491089
mosi,70,0.1,fixed0.8,current_observed_write_fit,audio,err_after,0.03509192886524536
mosi,70,0.1,fixed0.8,current_observed_write_fit,text,err_after,0.1432772700192162
mosi,70,0.1,fixed0.8,current_observed_write_fit,visual,err_after,0.05343288682159308
mosi,70,0.1,fixed0.8,retention,audio,err_decay,0.06849030586956463
mosi,70,0.1,fixed0.8,retention,text,err_decay,0.16746006735405927
mosi,70,0.1,fixed0.8,retention,visual,err_decay,0.07250105794446426
mosi,70,0.1,fixed0.8,task,,accuracy,0.8521341463414634
mosi,70,0.1,fixed0.8,task,,correlation,0.7573216857829944
mosi,70,0.1,fixed0.8,task,,macro_f1,0.8477757975192277
mosi,70,0.1,fixed0.8,task,,mae,0.8140168190002441
mosi,70,0.1,fixed0.8,task,,predicted_sign_count,2.0
mosi,70,0.1,fixed0.8,task,,prediction_std,1.2208181619644165
mosi,70,0.1,fixed0.8,task,,weighted_f1,0.851780766707228
mosi,70,0.3,reference,current_observed_write_fit,audio,err_after,0.0008613432489037458
mosi,70,0.3,reference,current_observed_write_fit,text,err_after,0.001897668410443608
mosi,70,0.3,reference,current_observed_write_fit,visual,err_after,0.0009672916310106078
mosi,70,0.3,reference,retention,audio,err_decay,0.11934807510593924
mosi,70,0.3,reference,retention,text,err_decay,0.07113736363277419
mosi,70,0.3,reference,retention,visual,err_decay,0.09417471346395785
mosi,70,0.3,reference,task,,accuracy,0.7942073170731707
mosi,70,0.3,reference,task,,correlation,0.6709091208127669
mosi,70,0.3,reference,task,,macro_f1,0.7892106108750758
mosi,70,0.3,reference,task,,mae,0.937126874923706
mosi,70,0.3,reference,task,,predicted_sign_count,2.0
mosi,70,0.3,reference,task,,prediction_std,1.0835895538330078
mosi,70,0.3,reference,task,,weighted_f1,0.7942567894117657
mosi,70,0.3,fixed0.95,current_observed_write_fit,audio,err_after,0.012291392215436323
mosi,70,0.3,fixed0.95,current_observed_write_fit,text,err_after,0.03998910159496068
mosi,70,0.3,fixed0.95,current_observed_write_fit,visual,err_after,0.01621909109477333
mosi,70,0.3,fixed0.95,retention,audio,err_decay,0.1204608122820348
mosi,70,0.3,fixed0.95,retention,text,err_decay,0.09835034027367522
mosi,70,0.3,fixed0.95,retention,visual,err_decay,0.09843508075074067
mosi,70,0.3,fixed0.95,task,,accuracy,0.7957317073170732
mosi,70,0.3,fixed0.95,task,,correlation,0.6716384377708368
mosi,70,0.3,fixed0.95,task,,macro_f1,0.7908720642533592
mosi,70,0.3,fixed0.95,task,,mae,0.9368019104003906
mosi,70,0.3,fixed0.95,task,,predicted_sign_count,2.0
mosi,70,0.3,fixed0.95,task,,prediction_std,1.0826342105865479
mosi,70,0.3,fixed0.95,task,,weighted_f1,0.7958289001783474
mosi,70,0.3,fixed0.9,current_observed_write_fit,audio,err_after,0.02374165452959933
mosi,70,0.3,fixed0.9,current_observed_write_fit,text,err_after,0.0771299137089115
mosi,70,0.3,fixed0.9,current_observed_write_fit,visual,err_after,0.03127795817138428
mosi,70,0.3,fixed0.9,retention,audio,err_decay,0.12332454907586014
mosi,70,0.3,fixed0.9,retention,text,err_decay,0.1286538587714222
mosi,70,0.3,fixed0.9,retention,visual,err_decay,0.10542216388227628
mosi,70,0.3,fixed0.9,task,,accuracy,0.7942073170731707
mosi,70,0.3,fixed0.9,task,,correlation,0.6723695667565067
mosi,70,0.3,fixed0.9,task,,macro_f1,0.7894111072800123
mosi,70,0.3,fixed0.9,task,,mae,0.9365186095237732
mosi,70,0.3,fixed0.9,task,,predicted_sign_count,2.0
mosi,70,0.3,fixed0.9,task,,prediction_std,1.0816776752471924
mosi,70,0.3,fixed0.9,task,,weighted_f1,0.7943526567638725
mosi,70,0.3,fixed0.8,current_observed_write_fit,audio,err_after,0.04660592768260843
mosi,70,0.3,fixed0.8,current_observed_write_fit,text,err_after,0.1491937016273932
mosi,70,0.3,fixed0.8,current_observed_write_fit,visual,err_after,0.06074471788051668
mosi,70,0.3,fixed0.8,retention,audio,err_decay,0.13201514027999697
mosi,70,0.3,fixed0.8,retention,text,err_decay,0.19037291125413705
mosi,70,0.3,fixed0.8,retention,visual,err_decay,0.12245142857954677
mosi,70,0.3,fixed0.8,task,,accuracy,0.7972560975609756
mosi,70,0.3,fixed0.8,task,,correlation,0.673803904948614
mosi,70,0.3,fixed0.8,task,,macro_f1,0.7927241540694704
mosi,70,0.3,fixed0.8,task,,mae,0.9359629154205322
mosi,70,0.3,fixed0.8,task,,predicted_sign_count,2.0
mosi,70,0.3,fixed0.8,task,,prediction_std,1.0797985792160034
mosi,70,0.3,fixed0.8,task,,weighted_f1,0.7974897028955892
mosi,70,0.5,reference,current_observed_write_fit,audio,err_after,0.0007319699877157745
mosi,70,0.5,reference,current_observed_write_fit,text,err_after,0.0017161623860057233
mosi,70,0.5,reference,current_observed_write_fit,visual,err_after,0.0009201037853408141
mosi,70,0.5,reference,retention,audio,err_decay,0.12987670672369642
mosi,70,0.5,reference,retention,text,err_decay,0.12433536382320179
mosi,70,0.5,reference,retention,visual,err_decay,0.1246221258693322
mosi,70,0.5,reference,task,,accuracy,0.7423780487804879
mosi,70,0.5,reference,task,,correlation,0.5900136545950381
mosi,70,0.5,reference,task,,macro_f1,0.734209838628087
mosi,70,0.5,reference,task,,mae,1.0309563875198364
mosi,70,0.5,reference,task,,predicted_sign_count,2.0
mosi,70,0.5,reference,task,,prediction_std,0.9847580790519714
mosi,70,0.5,reference,task,,weighted_f1,0.7414546858936947
mosi,70,0.5,fixed0.95,current_observed_write_fit,audio,err_after,0.013490740687206997
mosi,70,0.5,fixed0.95,current_observed_write_fit,text,err_after,0.038726238641320986
mosi,70,0.5,fixed0.95,current_observed_write_fit,visual,err_after,0.018474080099940948
mosi,70,0.5,fixed0.95,retention,audio,err_decay,0.13107758886822543
mosi,70,0.5,fixed0.95,retention,text,err_decay,0.14946519902389244
mosi,70,0.5,fixed0.95,retention,visual,err_decay,0.12893623835755283
mosi,70,0.5,fixed0.95,task,,accuracy,0.7408536585365854
mosi,70,0.5,fixed0.95,task,,correlation,0.591680640761052
mosi,70,0.5,fixed0.95,task,,macro_f1,0.7327838213447069
mosi,70,0.5,fixed0.95,task,,mae,1.0300233364105225
mosi,70,0.5,fixed0.95,task,,predicted_sign_count,2.0
mosi,70,0.5,fixed0.95,task,,prediction_std,0.9831118583679199
mosi,70,0.5,fixed0.95,task,,weighted_f1,0.7400042019900719
mosi,70,0.5,fixed0.9,current_observed_write_fit,audio,err_after,0.026206446262584834
mosi,70,0.5,fixed0.9,current_observed_write_fit,text,err_after,0.07487160510221016
mosi,70,0.5,fixed0.9,current_observed_write_fit,visual,err_after,0.035719806465466956
mosi,70,0.5,fixed0.9,retention,audio,err_decay,0.13404537986490098
mosi,70,0.5,fixed0.9,retention,text,err_decay,0.17729124872514027
mosi,70,0.5,fixed0.9,retention,visual,err_decay,0.13589298069180047
mosi,70,0.5,fixed0.9,task,,accuracy,0.7423780487804879
mosi,70,0.5,fixed0.9,task,,correlation,0.5933337112157964
mosi,70,0.5,fixed0.9,task,,macro_f1,0.734209838628087
mosi,70,0.5,fixed0.9,task,,mae,1.029134750366211
mosi,70,0.5,fixed0.9,task,,predicted_sign_count,2.0
mosi,70,0.5,fixed0.9,task,,prediction_std,0.9814330339431763
mosi,70,0.5,fixed0.9,task,,weighted_f1,0.7414546858936947
mosi,70,0.5,fixed0.8,current_observed_write_fit,audio,err_after,0.05193204102652384
mosi,70,0.5,fixed0.8,current_observed_write_fit,text,err_after,0.14519927371293306
mosi,70,0.5,fixed0.8,current_observed_write_fit,visual,err_after,0.06976118360121214
mosi,70,0.5,fixed0.8,retention,audio,err_decay,0.14307914337788316
mosi,70,0.5,fixed0.8,retention,text,err_decay,0.2346316021395446
mosi,70,0.5,fixed0.8,retention,visual,err_decay,0.1536986169867849
mosi,70,0.5,fixed0.8,task,,accuracy,0.7454268292682927
mosi,70,0.5,fixed0.8,task,,correlation,0.5966358720412399
mosi,70,0.5,fixed0.8,task,,macro_f1,0.7367645822070044
mosi,70,0.5,fixed0.8,task,,mae,1.027428150177002
mosi,70,0.5,fixed0.8,task,,predicted_sign_count,2.0
mosi,70,0.5,fixed0.8,task,,prediction_std,0.9779470562934875
mosi,70,0.5,fixed0.8,task,,weighted_f1,0.7441893654023944
mosi,70,0.7,reference,current_observed_write_fit,audio,err_after,0.0007339681523315422
mosi,70,0.7,reference,current_observed_write_fit,text,err_after,0.0016131373683534787
mosi,70,0.7,reference,current_observed_write_fit,visual,err_after,0.0008996614880089636
mosi,70,0.7,reference,retention,audio,err_decay,0.17046620037443103
mosi,70,0.7,reference,retention,text,err_decay,0.14485260825530868
mosi,70,0.7,reference,retention,visual,err_decay,0.15568121033720672
mosi,70,0.7,reference,task,,accuracy,0.7317073170731707
mosi,70,0.7,reference,task,,correlation,0.5436807119876631
mosi,70,0.7,reference,task,,macro_f1,0.7253245023029196
mosi,70,0.7,reference,task,,mae,1.0911767482757568
mosi,70,0.7,reference,task,,predicted_sign_count,2.0
mosi,70,0.7,reference,task,,prediction_std,0.8625234365463257
mosi,70,0.7,reference,task,,weighted_f1,0.7318349733685757
mosi,70,0.7,fixed0.95,current_observed_write_fit,audio,err_after,0.016453672805769398
mosi,70,0.7,fixed0.95,current_observed_write_fit,text,err_after,0.03907795623473051
mosi,70,0.7,fixed0.95,current_observed_write_fit,visual,err_after,0.020839339809068
mosi,70,0.7,fixed0.95,retention,audio,err_decay,0.173106073682826
mosi,70,0.7,fixed0.95,retention,text,err_decay,0.16780335823895307
mosi,70,0.7,fixed0.95,retention,visual,err_decay,0.1610920801456218
mosi,70,0.7,fixed0.95,task,,accuracy,0.7378048780487805
mosi,70,0.7,fixed0.95,task,,correlation,0.5455972154888787
mosi,70,0.7,fixed0.95,task,,macro_f1,0.7315671272505806
mosi,70,0.7,fixed0.95,task,,mae,1.090044617652893
mosi,70,0.7,fixed0.95,task,,predicted_sign_count,2.0
mosi,70,0.7,fixed0.95,task,,prediction_std,0.8611595630645752
mosi,70,0.7,fixed0.95,task,,weighted_f1,0.7379296330647445
mosi,70,0.7,fixed0.9,current_observed_write_fit,audio,err_after,0.03209355953995196
mosi,70,0.7,fixed0.9,current_observed_write_fit,text,err_after,0.0758883024798292
mosi,70,0.7,fixed0.9,current_observed_write_fit,visual,err_after,0.04040991542316075
mosi,70,0.7,fixed0.9,retention,audio,err_decay,0.17774700161847468
mosi,70,0.7,fixed0.9,retention,text,err_decay,0.19344978922491604
mosi,70,0.7,fixed0.9,retention,visual,err_decay,0.1693887807478823
mosi,70,0.7,fixed0.9,task,,accuracy,0.7347560975609756
mosi,70,0.7,fixed0.9,task,,correlation,0.5474483321394661
mosi,70,0.7,fixed0.9,task,,macro_f1,0.72844581477675
mosi,70,0.7,fixed0.9,task,,mae,1.0889248847961426
mosi,70,0.7,fixed0.9,task,,predicted_sign_count,2.0
mosi,70,0.7,fixed0.9,task,,prediction_std,0.8597830533981323
mosi,70,0.7,fixed0.9,task,,weighted_f1,0.73488230321666
mosi,70,0.7,fixed0.8,current_observed_write_fit,audio,err_after,0.06395019729962519
mosi,70,0.7,fixed0.8,current_observed_write_fit,text,err_after,0.1482598681493374
mosi,70,0.7,fixed0.8,current_observed_write_fit,visual,err_after,0.07920875548931117
mosi,70,0.7,fixed0.8,retention,audio,err_decay,0.19105456659489692
mosi,70,0.7,fixed0.8,retention,text,err_decay,0.24788310067249056
mosi,70,0.7,fixed0.8,retention,visual,err_decay,0.19066966505915894
mosi,70,0.7,fixed0.8,task,,accuracy,0.7332317073170732
mosi,70,0.7,fixed0.8,task,,correlation,0.5509317231832381
mosi,70,0.7,fixed0.8,task,,macro_f1,0.727268623775619
mosi,70,0.7,fixed0.8,task,,mae,1.0867336988449097
mosi,70,0.7,fixed0.8,task,,predicted_sign_count,2.0
mosi,70,0.7,fixed0.8,task,,prediction_std,0.8569880127906799
mosi,70,0.7,fixed0.8,task,,weighted_f1,0.7335390827573542
mosi,70,all,reference,current_observed_write_fit,audio,err_after,0.0008272167129903958
mosi,70,all,reference,current_observed_write_fit,text,err_after,0.0018317525446791742
mosi,70,all,reference,current_observed_write_fit,visual,err_after,0.000963090601928029
mosi,70,all,reference,task,,accuracy,0.7990853658536585
mosi,70,all,reference,task,,correlation,0.6710448474552672
mosi,70,all,reference,task,,macro_f1,0.7934007537154165
mosi,70,all,reference,task,,mae,0.9255195260047913
mosi,70,all,reference,task,,predicted_sign_count,2.0
mosi,70,all,reference,task,,prediction_std,1.0923247933387756
mosi,70,all,reference,task,,weighted_f1,0.7987143671713038
mosi,70,all,fixed0.95,current_observed_write_fit,audio,err_after,0.011788290918040071
mosi,70,all,fixed0.95,current_observed_write_fit,text,err_after,0.038989012416706575
mosi,70,all,fixed0.95,current_observed_write_fit,visual,err_after,0.01653216389761594
mosi,70,all,fixed0.95,task,,accuracy,0.8003048780487805
mosi,70,all,fixed0.95,task,,correlation,0.6721086920062687
mosi,70,all,fixed0.95,task,,macro_f1,0.7946963659239293
mosi,70,all,fixed0.95,task,,mae,0.9247291207313537
mosi,70,all,fixed0.95,task,,predicted_sign_count,2.0
mosi,70,all,fixed0.95,task,,prediction_std,1.0915083408355712
mosi,70,all,fixed0.95,task,,weighted_f1,0.7999576244831293
mosi,70,all,fixed0.9,current_observed_write_fit,audio,err_after,0.022879805780801954
mosi,70,all,fixed0.9,current_observed_write_fit,text,err_after,0.07523833103078371
mosi,70,all,fixed0.9,current_observed_write_fit,visual,err_after,0.03197188165299731
mosi,70,all,fixed0.9,task,,accuracy,0.7993902439024391
mosi,70,all,fixed0.9,task,,correlation,0.6731537134114806
mosi,70,all,fixed0.9,task,,macro_f1,0.7937668409611855
mosi,70,all,fixed0.9,task,,mae,0.9239857435226441
mosi,70,all,fixed0.9,task,,predicted_sign_count,2.0
mosi,70,all,fixed0.9,task,,prediction_std,1.090668749809265
mosi,70,all,fixed0.9,task,,weighted_f1,0.799045590301782
mosi,70,all,fixed0.8,current_observed_write_fit,audio,err_after,0.04535031075721738
mosi,70,all,fixed0.8,current_observed_write_fit,text,err_after,0.1457046034654487
mosi,70,all,fixed0.8,current_observed_write_fit,visual,err_after,0.062497122690735055
mosi,70,all,fixed0.8,task,,accuracy,0.7996951219512195
mosi,70,all,fixed0.8,task,,correlation,0.6751790180564434
mosi,70,all,fixed0.8,task,,macro_f1,0.7940477394435622
mosi,70,all,fixed0.8,task,,mae,0.922607171535492
mosi,70,all,fixed0.8,task,,predicted_sign_count,2.0
mosi,70,all,fixed0.8,task,,prediction_std,1.0889278650283813
mosi,70,all,fixed0.8,task,,weighted_f1,0.799323934638598
