rate,A_harm,A_rescue,B_harm,B_rescue,conversation,delta_A,delta_B,interaction,label,other_lag,other_modality,other_position,pattern,target,text_lag,text_other_distance,text_position,pred_A+,pred_A-,pred_B+,pred_B-
0.0,False,False,False,False,f9O3YtZ2VfI,-0.16105329479671582,-0.16285259329277935,-0.0017992984960635283,0.6000000238418579,2,A,0,ATV,2,1,1,1,1.1569020748138428,0.9861173629760742,1.1620383262634277,0.9911962151527405
0.0,False,False,False,False,f9O3YtZ2VfI,-0.20245323976354257,-0.2620069140055108,-0.059553674241968224,-2.4000000953674316,2,A,1,ATV,3,1,1,2,-1.0772547721862793,-1.1561343669891357,-1.086473822593689,-1.190312385559082
0.0,False,False,False,False,f9O3YtZ2VfI,0.8843501835888397,0.8830867881800266,-0.0012633954088130395,-1.7999999523162842,2,A,2,ATV,4,1,1,3,-1.1888154745101929,-0.6784400343894958,-1.179172396659851,-0.6737168431282043
0.0,False,False,False,False,f9O3YtZ2VfI,0.5679186941298582,0.5958516202891815,0.0279329261593233,-2.5999999046325684,2,A,3,ATV,5,1,1,4,-1.4533600807189941,-1.2278841733932495,-1.4560502767562866,-1.2199736833572388
0.0,False,False,False,False,f9O3YtZ2VfI,-0.002467691328718047,-0.0013778942922044735,0.0010897970365135734,-1.2000000476837158,2,A,4,ATV,6,1,1,5,-1.1285521984100342,-1.1486473083496094,-1.132583737373352,-1.1437233686447144
0.0,False,False,False,False,f9O3YtZ2VfI,0.0034866393493224734,0.004274981544131862,0.0007883421948093883,-1.7999999523162842,2,A,5,ATV,7,1,1,6,-0.6810643672943115,-0.6795074343681335,-0.6833339929580688,-0.6814214587211609
0.0,False,False,False,False,f9O3YtZ2VfI,-0.08003267941738557,-0.07711049787293689,0.0029221815444486765,-2.200000047683716,2,A,6,ATV,8,1,1,7,-1.4447352886199951,-1.4997199773788452,-1.4516133069992065,-1.5050380229949951
0.0,False,False,False,False,f9O3YtZ2VfI,0.2523963993562397,0.24841124468950326,-0.003985154666736435,-2.0,2,A,7,ATV,9,1,1,8,-0.9369127154350281,-0.8241807222366333,-0.9480673670768738,-0.8359667062759399
0.0,False,False,False,False,f9O3YtZ2VfI,-0.08682501864947767,-0.08158719419083127,0.005237824458646401,-0.800000011920929,2,A,8,ATV,10,1,1,9,-1.1765544414520264,-1.03445303440094,-1.153412103652954,-1.0081175565719604
0.0,False,False,False,False,f9O3YtZ2VfI,0.023642086655787153,0.04402516714759486,0.020383080491807704,-1.7999999523162842,2,A,9,ATV,11,1,1,10,-0.5558475255966187,-0.5463822484016418,-0.5645144581794739,-0.5468241572380066
0.0,False,False,False,False,f9O3YtZ2VfI,-0.19235128333242812,-0.1908807795251164,0.0014705038073117294,-1.600000023841858,2,A,10,ATV,12,1,1,11,-1.0222094058990479,-1.223847508430481,-1.0205720663070679,-1.2194005250930786
0.0,False,False,False,False,f9O3YtZ2VfI,0.005343811371133711,0.004703892340884863,-0.0006399190302488478,1.2000000476837158,2,A,11,ATV,13,1,1,12,1.23256254196167,1.280025839805603,1.2292848825454712,1.2745754718780518
0.0,False,False,False,False,f9O3YtZ2VfI,0.029938621162695966,0.018887136003083782,-0.011051485159612184,-1.2000000476837158,2,A,12,ATV,14,1,1,13,-0.9918760657310486,-1.4706552028656006,-0.9783453345298767,-1.4608025550842285
0.0,False,False,False,False,f9O3YtZ2VfI,0.44417425402774313,0.4271361818309316,-0.017038072196811527,-1.0,2,A,13,ATV,15,1,1,14,1.0377625226974487,1.1439800262451172,1.0386741161346436,1.1408709287643433
0.0,False,False,False,False,f9O3YtZ2VfI,-0.5475462534794566,-0.545020960206557,0.0025252932728996313,-2.0,2,A,14,ATV,16,1,1,15,-0.9645702242851257,-1.2757289409637451,-0.9585474729537964,-1.2654236555099487
0.0,False,False,False,False,f9O3YtZ2VfI,0.009075330241120838,0.007131168885866401,-0.0019441613552544368,-1.0,2,A,15,ATV,17,1,1,16,-1.0978201627731323,-0.8634565472602844,-1.0944620370864868,-0.8732946515083313
0.0,False,False,False,False,f9O3YtZ2VfI,0.007615362132103176,0.010200954046366839,0.002585591914263663,-0.6000000238418579,2,A,16,ATV,18,1,1,17,-0.0930594950914383,-0.08560322970151901,-0.094204381108284,-0.08421888202428818
0.0,False,False,False,False,f9O3YtZ2VfI,0.31992442414434663,0.32263834969658234,0.0027139255522357075,-0.4000000059604645,2,A,17,ATV,19,1,1,18,-0.5482810139656067,-0.9847321510314941,-0.5525205135345459,-0.9881333708763123
0.0,False,False,False,False,f9O3YtZ2VfI,-0.02996396527750278,-0.025780870544949153,0.004183094732553627,2.0,2,A,18,ATV,20,1,1,19,1.4731343984603882,1.5023822784423828,1.4748058319091797,1.499951958656311
0.0,False,False,False,False,f9O3YtZ2VfI,-0.0023801287752576172,-0.0023068315135077455,7.329726174987172e-05,1.399999976158142,2,A,19,ATV,21,1,1,20,1.4780582189559937,1.460934042930603,1.4761825799942017,1.4591350555419922
0.0,False,False,False,False,f9O3YtZ2VfI,0.007068888568937837,0.007230482736318322,0.0001615941673804855,1.600000023841858,2,A,20,ATV,22,1,1,21,1.4879028797149658,1.459876298904419,1.4874264001846313,1.458920955657959
0.0,False,False,False,False,f9O3YtZ2VfI,0.018023873707054605,0.0010585720679614496,-0.016965301639093155,-2.5999999046325684,2,A,21,ATV,23,1,1,22,-0.5851411819458008,-0.5806733965873718,-0.5901845097541809,-0.5899211764335632
0.0,False,False,False,False,f9O3YtZ2VfI,0.6339095817536453,0.637858529600809,0.0039489478471637085,-1.399999976158142,2,A,22,ATV,24,1,1,23,-1.159582257270813,-0.5683087706565857,-1.1535354852676392,-0.5641750693321228
0.0,False,False,False,False,f9O3YtZ2VfI,-0.00060390718353176,-0.0007585728658341395,-0.00015466568230237954,1.399999976158142,2,A,23,ATV,25,1,1,24,1.3641738891601562,1.373930811882019,1.3613481521606445,1.3728818893432617
0.0,False,False,False,False,f9O3YtZ2VfI,0.002755617776429631,0.0033827291680523786,0.0006271113916227478,1.600000023841858,2,A,24,ATV,26,1,1,25,1.5984035730361938,1.5474817752838135,1.595284104347229,1.5416479110717773
0.0,False,False,False,False,f9O3YtZ2VfI,-0.0025030844217468484,-0.0032567519385793275,-0.0007536675168324791,1.2000000476837158,2,A,25,ATV,27,1,1,26,1.4044219255447388,1.398205041885376,1.409519910812378,1.4015982151031494
0.0,False,False,False,False,f9O3YtZ2VfI,-0.04649775877558682,-0.04115159041560901,0.00534616835997781,-2.0,2,A,26,ATV,28,1,1,27,0.3305540680885315,0.3205569386482239,0.32498031854629517,0.31611353158950806
0.0,False,False,False,False,f9O3YtZ2VfI,0.00253084450961083,0.003856360439844053,0.0013255159302332231,-1.0,2,A,27,ATV,29,1,1,28,-1.0613529682159424,-0.9206587672233582,-1.0535426139831543,-0.9180050492286682
0.0,False,False,False,False,wMbj6ajWbic,-0.19027380884181472,-0.19028899196517463,-1.5183123359907569e-05,0.0,2,A,0,ATV,2,1,1,1,-0.4484941363334656,-0.10427454859018326,-0.4504045844078064,-0.11213963478803635
0.0,False,False,False,False,wMbj6ajWbic,0.5337880926430927,0.5037572025657227,-0.03003089007737003,1.0,2,A,1,ATV,3,1,1,2,-1.530078649520874,-1.6334551572799683,-1.5389598608016968,-1.6362993717193604
0.0,False,False,False,False,wMbj6ajWbic,0.03618524022098768,0.029673500493149874,-0.006511739727837806,0.20000000298023224,2,A,2,ATV,4,1,1,3,1.2849938869476318,1.3015429973602295,1.2837342023849487,1.2973392009735107
0.0,False,False,False,False,wMbj6ajWbic,0.8622074506919764,0.8499892771207564,-0.012218173571219904,1.7999999523162842,2,A,3,ATV,5,1,1,4,0.39559629559516907,0.11638566106557846,0.4062114953994751,0.12888190150260925
0.0,False,False,False,False,wMbj6ajWbic,0.00026224021115694995,-0.0006594143255256313,-0.0009216545366825812,-1.2000000476837158,2,A,4,ATV,6,1,1,5,-1.2249813079833984,-1.170229196548462,-1.227973222732544,-1.1889057159423828
0.0,False,False,False,False,wMbj6ajWbic,-0.008046623881573456,-0.010986760366386017,-0.002940136484812561,-0.20000000298023224,2,A,5,ATV,7,1,1,6,-0.3829575777053833,-0.04054201394319534,-0.3877420127391815,-0.04424281418323517
0.0,False,False,False,False,wMbj6ajWbic,-0.05249382135600911,-0.04633651404702732,0.006157307308981785,-2.0,2,A,6,ATV,8,1,1,7,-1.7631937265396118,-1.940138578414917,-1.7766635417938232,-1.9404797554016113
0.0,False,False,False,False,wMbj6ajWbic,0.404819741162175,0.3883534614813158,-0.01646627968085923,-1.7999999523162842,2,A,7,ATV,9,1,1,8,-0.9750238656997681,-0.7581720948219299,-0.959545373916626,-0.75371253490448
0.0,False,False,False,False,wMbj6ajWbic,0.5259858107498872,0.5084352320720242,-0.017550578677862916,0.4000000059604645,2,A,8,ATV,10,1,1,9,-1.244885802268982,-1.3976749181747437,-1.2519328594207764,-1.3992546796798706
0.0,False,False,False,False,wMbj6ajWbic,-0.04071055758896591,-0.04302142540245768,-0.002310867813491768,1.600000023841858,2,A,9,ATV,11,1,1,10,1.2359780073165894,1.297012448310852,1.2217844724655151,1.2837318181991577
0.0,False,False,False,False,wMbj6ajWbic,0.10748330750807611,0.11216876386912134,0.004685456361045226,2.0,2,A,10,ATV,12,1,1,11,1.4862825870513916,1.3905831575393677,1.4821494817733765,1.383284568786621
0.0,False,False,False,False,wMbj6ajWbic,0.02557032014014382,0.02973741092637283,0.004167090786229011,-0.800000011920929,2,A,11,ATV,13,1,1,12,-0.7581464052200317,-0.965293824672699,-0.7499405741691589,-0.979564368724823
0.0,False,False,False,False,wMbj6ajWbic,-2.736589300146406,-2.691654615716871,0.044934684429534855,2.0,2,A,12,ATV,14,1,1,13,-1.0647025108337402,-0.5798860788345337,-1.065306305885315,-0.5892949104309082
0.0,False,False,False,False,wMbj6ajWbic,-0.18578591155295499,-0.19588643909835213,-0.010100527545397142,-0.4000000059604645,2,A,13,ATV,15,1,1,14,-1.4741289615631104,-1.3838531970977783,-1.4808403253555298,-1.3860676288604736
0.0,False,False,False,False,wMbj6ajWbic,-0.24950055055192877,-0.24098641234473916,0.008514138207189603,2.0,2,A,14,ATV,16,1,1,15,0.8241128921508789,0.9354766607284546,0.8358758091926575,0.9444438815116882
0.0,False,False,False,False,wMbj6ajWbic,-0.8916807102132225,-0.8878113563046419,0.003869353908580564,-1.0,2,A,15,ATV,17,1,1,16,0.6006277799606323,0.2924119234085083,0.6000630259513855,0.2932093143463135
0.0,False,False,False,False,wMbj6ajWbic,0.07119240203474053,0.06134607004616388,-0.009846331988576651,-0.6000000238418579,2,A,16,ATV,18,1,1,17,-0.41259562969207764,-0.27394357323646545,-0.4107323884963989,-0.28828170895576477
0.0,False,False,False,False,wMbj6ajWbic,-0.12781704374422986,-0.11465176311913439,0.013165280625095477,-0.4000000059604645,2,A,17,ATV,19,1,1,18,0.8688473701477051,0.817438542842865,0.8649677634239197,0.8188074827194214
0.0,False,False,False,False,wMbj6ajWbic,0.00628569510369914,0.008185823866071473,0.0019001287623723329,1.600000023841858,2,A,18,ATV,20,1,1,19,1.3332090377807617,1.3216780424118042,1.3317720890045166,1.316923975944519
0.0,False,False,False,False,wMbj6ajWbic,-0.00615476804689763,-0.006538517616533568,-0.0003837495696359383,1.399999976158142,2,A,19,ATV,21,1,1,20,1.4786717891693115,1.4058724641799927,1.4813390970230103,1.4088053703308105
0.0,False,False,False,False,wMbj6ajWbic,0.020632316383924376,0.02334538775414785,0.0027130713702234743,1.7999999523162842,2,A,20,ATV,22,1,1,21,1.485978126525879,1.4546855688095093,1.4836338758468628,1.4486697912216187
0.0,False,False,False,False,wMbj6ajWbic,-0.00040293058246732016,-0.00039402524237175385,8.905340095566316e-06,1.399999976158142,2,A,21,ATV,23,1,1,22,1.4211024045944214,1.4065101146697998,1.4201455116271973,1.403437614440918
0.0,False,False,False,False,wMbj6ajWbic,0.02340099724322897,0.02534045076458824,0.001939453521359269,2.0,2,A,22,ATV,24,1,1,23,1.37098228931427,1.3526482582092285,1.3707928657531738,1.350968360900879
0.0,False,False,False,False,wMbj6ajWbic,-0.008498658011149018,-0.00764337164588369,0.0008552863652653286,1.7999999523162842,2,A,23,ATV,25,1,1,24,1.4664288759231567,1.479420781135559,1.4676384925842285,1.4793431758880615
0.0,False,False,False,False,wMbj6ajWbic,-0.0002614350494101747,4.010477398280754e-05,0.00030153982339298224,0.0,2,A,24,ATV,26,1,1,25,0.07731292396783829,0.07560326159000397,0.06880968064069748,0.06910048425197601
0.0,False,False,False,False,wMbj6ajWbic,-0.11519530369952236,-0.11478017367335269,0.0004151300261696633,2.4000000953674316,2,A,25,ATV,27,1,1,26,1.5402495861053467,1.6100788116455078,1.5395853519439697,1.609093427658081
0.0,False,False,False,False,wMbj6ajWbic,0.018037006994617855,0.017270656658183725,-0.0007663503364341295,1.7999999523162842,2,A,26,ATV,28,1,1,27,1.6255048513412476,1.579805612564087,1.625837802886963,1.5818185806274414
0.0,False,False,False,False,wMbj6ajWbic,-0.060735993711062974,-0.06450051187135841,-0.003764518160295438,0.800000011920929,2,A,27,ATV,29,1,1,28,1.5532147884368896,1.5117559432983398,1.550426721572876,1.5061442852020264
0.0,False,False,False,False,vvZ4IcEtiZc,0.20992515903737186,0.28978452045618397,0.07985936141881211,1.399999976158142,2,A,0,ATV,2,1,1,1,-0.31957781314849854,-0.37957102060317993,-0.30482661724090576,-0.3877970576286316
0.0,False,False,False,False,vvZ4IcEtiZc,-0.11515181436607236,-0.11439081534535944,0.0007609990207129158,2.200000047683716,2,A,1,ATV,3,1,1,2,1.5196576118469238,1.6103272438049316,1.5192445516586304,1.6092063188552856
0.0,False,False,False,False,vvZ4IcEtiZc,-0.0213959191980706,-0.019302254095876492,0.002093665102194109,1.2000000476837158,2,A,2,ATV,4,1,1,3,1.6522738933563232,1.6279670000076294,1.6534863710403442,1.6316800117492676
0.0,False,False,False,False,vvZ4IcEtiZc,-0.03805651061156823,-0.039156009444923257,-0.0010994988333550282,1.0,2,A,3,ATV,5,1,1,4,1.4514224529266357,1.4070942401885986,1.4526450634002686,1.4071013927459717
0.0,False,False,False,False,vvZ4IcEtiZc,-0.02145823985665629,-0.018527311240816857,0.0029309286158394343,1.399999976158142,2,A,4,ATV,6,1,1,5,0.7180522084236145,0.7339710593223572,0.7164757251739502,0.7301656007766724
0.0,False,False,False,False,vvZ4IcEtiZc,0.5992826221347158,0.6011789953605347,0.0018963732258188148,-1.5,2,A,5,ATV,7,1,1,6,-0.45684579014778137,-0.20097985863685608,-0.45662689208984375,-0.2000744491815567
0.0,False,False,False,False,vvZ4IcEtiZc,0.02279055690890175,0.02058501090431264,-0.0022055460045891095,2.200000047683716,2,A,6,ATV,8,1,1,7,1.5440635681152344,1.526915192604065,1.5456061363220215,1.5300624370574951
0.0,False,False,False,False,vvZ4IcEtiZc,-0.9190344871635903,-0.9011279348120675,0.01790655235152272,-2.0,2,A,7,ATV,9,1,1,8,-0.36886611580848694,-0.6803169846534729,-0.37093570828437805,-0.676095724105835
0.0,False,False,False,False,vvZ4IcEtiZc,-0.4666424303654644,-0.45359575177998224,0.013046678585482141,1.600000023841858,2,A,8,ATV,10,1,1,9,0.4445486068725586,0.6681064963340759,0.4483942985534668,0.665869414806366
0.0,False,False,False,False,vvZ4IcEtiZc,-0.006479621092182697,-0.005782243781636831,0.0006973773105458658,0.20000000298023224,2,A,9,ATV,11,1,1,10,0.2809906601905823,0.20893675088882446,0.2778724431991577,0.21678908169269562
0.0,False,False,False,False,d3_k5Xpfmik,-0.02902524963928954,-0.026018616702387476,0.003006632936902065,2.0,2,A,0,ATV,2,1,1,1,1.5353213548660278,1.567679524421692,1.5384700298309326,1.5675750970840454
0.0,False,False,False,False,d3_k5Xpfmik,-0.257357160406116,-0.25572770780384,0.0016294526022759825,-1.0,2,A,1,ATV,3,1,1,2,-0.1838013082742691,-0.36060720682144165,-0.18418709933757782,-0.35982581973075867
0.0,False,False,False,False,d3_k5Xpfmik,-0.005628569122464455,-0.0038844116458420785,0.0017441574766223766,2.200000047683716,2,A,2,ATV,4,1,1,3,1.6118656396865845,1.6166703701019287,1.6124324798583984,1.615747332572937
0.0,False,False,False,False,d3_k5Xpfmik,0.005246697379561738,0.006169491404151017,0.0009227940245892796,1.600000023841858,2,A,3,ATV,5,1,1,4,1.5284992456436157,1.4982205629348755,1.5233758687973022,1.490269660949707
0.0,False,False,False,False,d3_k5Xpfmik,0.1434770965654053,0.155923212091845,0.012446115526439705,0.4000000059604645,2,A,4,ATV,6,1,1,5,-0.2131388783454895,-0.32070547342300415,-0.21422934532165527,-0.3302060663700104
0.0,False,False,False,False,d3_k5Xpfmik,-0.11904314103414038,-0.1173591871655617,0.0016839538685786692,2.200000047683716,2,A,5,ATV,7,1,1,6,1.5281506776809692,1.6235120296478271,1.5301355123519897,1.6243618726730347
0.0,False,False,False,False,d3_k5Xpfmik,0.3424746778276706,0.3244799418065121,-0.01799473602115853,1.399999976158142,2,A,6,ATV,8,1,1,7,0.8000693321228027,0.5619120001792908,0.8028693795204163,0.5747455358505249
0.0,False,False,False,False,d3_k5Xpfmik,0.03737207617236038,0.030335764861000314,-0.007036311311360066,0.4000000059604645,2,A,7,ATV,9,1,1,8,0.9432458877563477,0.9766178727149963,0.9413578510284424,0.9686862826347351
0.0,False,False,False,False,d3_k5Xpfmik,-0.10500416949589919,-0.10782111454439303,-0.002816945048493835,2.4000000953674316,2,A,8,ATV,10,1,1,9,1.2001622915267944,1.2447483539581299,1.198517918586731,1.2442586421966553
0.0,False,False,False,False,d3_k5Xpfmik,-0.032427403662154575,-0.03423785131673185,-0.001810447654577274,2.0,2,A,9,ATV,11,1,1,10,1.4182196855545044,1.446790337562561,1.413820505142212,1.4437909126281738
0.0,False,False,False,False,d3_k5Xpfmik,0.04070754273811872,0.040595758819108596,-0.00011178391901012219,2.200000047683716,2,A,10,ATV,12,1,1,11,1.5955888032913208,1.5628026723861694,1.5952212810516357,1.5625417232513428
0.0,False,False,False,False,d3_k5Xpfmik,0.25323054361569675,0.2652536360496818,0.012023092433985028,2.0,2,A,11,ATV,13,1,1,12,0.6049289107322693,0.516944408416748,0.6046403646469116,0.5126257538795471
0.0,False,False,False,False,d3_k5Xpfmik,-0.16430426396856035,-0.16351025914563877,0.000794004822921579,2.5999999046325684,2,A,12,ATV,14,1,1,13,1.450566291809082,1.5244101285934448,1.4482142925262451,1.5215288400650024
0.0,False,False,False,False,d3_k5Xpfmik,0.02289245855928357,0.02216462916294404,-0.0007278293963395299,2.0,2,A,13,ATV,15,1,1,14,1.6260151863098145,1.5965683460235596,1.6249659061431885,1.596496343612671
0.0,False,False,False,False,d3_k5Xpfmik,0.5019253128358321,0.5230892296688268,0.021163916832994678,1.600000023841858,2,A,14,ATV,16,1,1,15,0.3789058327674866,0.18826480209827423,0.3801138401031494,0.18182812631130219
0.0,False,False,False,False,d3_k5Xpfmik,-1.1914374711285154,-1.1599129673847806,0.03152450374373483,0.800000011920929,2,A,15,ATV,17,1,1,16,-0.7323440909385681,-0.2754724323749542,-0.730938732624054,-0.2880535125732422
0.0,False,False,False,False,d3_k5Xpfmik,0.17294598920068793,0.18251852510713817,0.009572535906450241,0.20000000298023224,2,A,16,ATV,18,1,1,17,0.7728576064109802,0.9078925251960754,0.772031307220459,0.9139596223831177
0.0,False,False,False,False,vyB00TXsimI,-0.040602015332311225,-0.03429472259954025,0.006307292732770975,2.200000047683716,2,A,0,ATV,2,1,1,1,1.5306209325790405,1.561669111251831,1.5368237495422363,1.5632048845291138
0.0,False,False,False,False,vyB00TXsimI,0.007394666811251227,0.00846532614362161,0.0010706593323703828,1.7999999523162842,2,A,1,ATV,3,1,1,2,1.6333708763122559,1.612490177154541,1.6320743560791016,1.6085206270217896
0.0,False,False,False,False,vyB00TXsimI,0.019041957652063957,0.02017539806435309,0.0011334404122891328,1.7999999523162842,2,A,2,ATV,4,1,1,3,1.549682378768921,1.5141663551330566,1.5485012531280518,1.5111626386642456
0.0,False,False,False,False,vyB00TXsimI,0.05589696592879534,0.061370693583626235,0.0054737276548308955,2.0,2,A,3,ATV,5,1,1,4,1.061118721961975,1.0318083763122559,1.0603283643722534,1.0282214879989624
0.0,False,False,False,False,vyB00TXsimI,-0.17791581176929583,-0.173379143426601,0.004536668342694838,2.4000000953674316,2,A,4,ATV,6,1,1,5,1.361527681350708,1.451048493385315,1.3638237714767456,1.4511680603027344
0.0,False,False,False,False,vyB00TXsimI,0.122457903746934,0.11609377799368303,-0.00636412575325096,2.5999999046325684,2,A,5,ATV,7,1,1,6,1.5247180461883545,1.4692085981369019,1.525748372077942,1.4730082750320435
0.0,False,False,False,False,vyB00TXsimI,0.0057563944642060605,0.007211407981142948,0.0014550135169368872,-0.25,2,A,6,ATV,8,1,1,7,-0.24447759985923767,-0.3260716199874878,-0.23918753862380981,-0.33560559153556824
0.0,False,False,False,False,vyB00TXsimI,-0.02934399058283077,-0.028816460259463383,0.0005275303233673867,1.3333333730697632,2,A,7,ATV,9,1,1,8,1.0542107820510864,1.1129577159881592,1.0524914264678955,1.1096019744873047
0.0,False,False,False,False,vyB00TXsimI,-0.1026207698962871,-0.10283797884942736,-0.00021720895314025768,-0.20000000298023224,2,A,8,ATV,10,1,1,9,0.8087044358253479,0.7564851641654968,0.8089246153831482,0.7566038370132446
0.0,False,False,False,False,vyB00TXsimI,0.013115818816302749,0.011252555377442519,-0.0018632634388602298,0.20000000298023224,2,A,9,ATV,11,1,1,10,0.8288671374320984,0.8392102122306824,0.8288402557373047,0.8377245664596558
0.0,False,False,False,False,vyB00TXsimI,-0.05449510855503803,-0.06183097234654156,-0.007335863791503527,2.4000000953674316,2,A,10,ATV,12,1,1,11,0.10201094299554825,0.11389882117509842,0.08848505467176437,0.10189852863550186
0.0,False,False,False,False,vyB00TXsimI,-0.07036446779818561,-0.06947708667466657,0.0008873811235190487,2.0,2,A,11,ATV,13,1,1,12,1.4119902849197388,1.4752229452133179,1.4131863117218018,1.475716471672058
0.0,False,False,False,False,vyB00TXsimI,0.23618721413463106,0.2342282109473217,-0.0019590031873093494,2.5999999046325684,2,A,12,ATV,14,1,1,13,1.3249603509902954,1.235480546951294,1.3228034973144531,1.2341818809509277
0.0,False,False,False,False,vyB00TXsimI,-0.0008431743220072008,-0.0006152771479079888,0.00022789717409921195,0.4000000059604645,2,A,13,ATV,15,1,1,14,0.429796040058136,0.40668052434921265,0.4253677725791931,0.3946852684020996
0.0,False,False,False,False,vyB00TXsimI,-0.014509959618862922,-0.014178485922101913,0.0003314736967610088,1.399999976158142,2,A,14,ATV,16,1,1,15,1.276745080947876,1.3738884925842285,1.2780226469039917,1.3735427856445312
0.0,False,False,False,False,vyB00TXsimI,0.06112187343347841,0.057361156766816634,-0.0037607166666617786,2.4000000953674316,2,A,15,ATV,17,1,1,16,1.5675902366638184,1.5316522121429443,1.5680021047592163,1.5342161655426025
0.0,False,False,False,False,vyB00TXsimI,-0.036648780811901815,-0.03761312504622083,-0.0009643442343190145,1.2000000476837158,2,A,16,ATV,18,1,1,17,1.5268611907958984,1.464932918548584,1.5270886421203613,1.4633891582489014
0.0,False,False,False,False,vyB00TXsimI,0.02489361092607112,0.02803279284285054,0.003139181916779421,2.200000047683716,2,A,17,ATV,19,1,1,18,1.6561423540115356,1.633718490600586,1.6539161205291748,1.6288254261016846
0.0,False,False,False,False,vyB00TXsimI,-0.0041250173582483285,-0.005064146777314704,-0.0009391294190663757,1.2000000476837158,2,A,18,ATV,20,1,1,19,1.5317964553833008,1.525520920753479,1.5330195426940918,1.5253273248672485
0.0,False,False,False,False,vyB00TXsimI,-0.09513781338858496,-0.10098275348691188,-0.005844940098326923,0.6000000238418579,2,A,19,ATV,21,1,1,20,-0.2650221288204193,-0.20816178619861603,-0.27488958835601807,-0.21513743698596954
0.0,False,False,False,False,fvVhgmXxadc,0.8335870171689095,0.7822029828032981,-0.05138403436561134,-2.200000047683716,2,A,0,ATV,2,1,1,1,-1.570528507232666,-1.0910269021987915,-1.574895977973938,-1.1169681549072266
0.0,False,False,False,False,fvVhgmXxadc,0.07992405157233406,0.09290614464988778,0.012982093077553714,-2.799999952316284,2,A,1,ATV,3,1,1,2,-1.7033084630966187,-1.667455792427063,-1.706127405166626,-1.6644545793533325
0.0,False,False,False,False,fvVhgmXxadc,-0.1936619604871197,-0.1842091204788261,0.009452840008293606,0.0,2,A,2,ATV,4,1,1,3,-1.4193143844604492,-1.3493670225143433,-1.4128642082214355,-1.3460966348648071
0.0,False,False,False,False,fvVhgmXxadc,-0.24383172066538705,-0.2418327595379206,0.0019989611274664476,-0.20000000298023224,2,A,3,ATV,5,1,1,4,-1.7096925973892212,-1.6266534328460693,-1.7100348472595215,-1.627715826034546
0.0,False,False,False,False,fvVhgmXxadc,0.011646129402052452,0.008606714573147656,-0.003039414828904796,-1.0,2,A,4,ATV,6,1,1,5,-1.320631980895996,-1.3383060693740845,-1.328205943107605,-1.341065764427185
0.0,False,False,False,False,fvVhgmXxadc,-0.029030439743564784,-0.02745047102200715,0.0015799687215576341,-0.5,2,A,5,ATV,7,1,1,6,-1.4985501766204834,-1.4839065074920654,-1.499496579170227,-1.4856687784194946
0.0,False,False,False,False,fvVhgmXxadc,0.07640728018330378,0.07719111750329688,0.000783837319993097,-0.4000000059604645,2,A,6,ATV,8,1,1,7,-0.8403287529945374,-0.91990065574646,-0.8484822511672974,-0.9275674819946289
0.0,False,False,False,False,fvVhgmXxadc,0.025968003052270205,0.037893617773448796,0.01192561472117859,0.0,2,A,7,ATV,9,1,1,8,-0.9335833191871643,-0.9473889470100403,-0.9185355305671692,-0.938936173915863
0.0,False,False,False,False,fvVhgmXxadc,0.000576127141033167,0.00035743602782023487,-0.0002186911132129321,-0.20000000298023224,2,A,8,ATV,10,1,1,9,-0.1792779266834259,-0.1682898849248886,-0.18727393448352814,-0.17720989882946014
0.0,False,False,False,False,fvVhgmXxadc,-0.008263522786076338,-0.007807807621748708,0.00045571516432763026,0.0,2,A,9,ATV,11,1,1,10,-0.1927570253610611,-0.16997572779655457,-0.19337135553359985,-0.17200195789337158
0.0,False,False,False,False,fvVhgmXxadc,0.05722265381844949,0.05941261369240536,0.002189959873955871,0.20000000298023224,2,A,10,ATV,12,1,1,11,-0.9826353788375854,-1.006585717201233,-0.9805705547332764,-1.005470633506775
0.0,False,False,False,False,fvVhgmXxadc,-0.05054428297888691,-0.05035571689930407,0.00018856607958284144,0.0,2,A,11,ATV,13,1,1,12,-0.9291733503341675,-0.9015646576881409,-0.936467707157135,-0.9091842770576477
0.0,False,False,False,False,ob23OKe5a9Q,-0.05587559727943514,-0.06977934400042685,-0.013903746720991705,-1.2000000476837158,2,A,0,ATV,2,1,1,1,-0.888980507850647,-0.9978675246238708,-0.8706337809562683,-1.0032697916030884
0.0,False,False,False,False,ob23OKe5a9Q,0.6245928180549072,0.5974357149006728,-0.027157103154234363,-1.5,2,A,1,ATV,3,1,1,2,-1.0777753591537476,-0.6039718389511108,-1.09738028049469,-0.6284850239753723
0.0,False,False,False,False,ob23OKe5a9Q,0.0040971169596559776,0.0057949773906784685,0.001697860431022491,-1.7999999523162842,2,A,2,ATV,4,1,1,3,-1.8175630569458008,-1.7336254119873047,-1.8198511600494385,-1.7213294506072998
0.0,False,False,False,False,ob23OKe5a9Q,-0.6413727100986222,-0.6501352247826873,-0.008762514684065081,0.0,2,A,3,ATV,5,1,1,4,-1.8267072439193726,-1.6417937278747559,-1.8184369802474976,-1.6299011707305908
0.0,False,False,False,False,ob23OKe5a9Q,0.01457894135398874,0.014793561322221649,0.00021461996823290974,0.6000000238418579,2,A,4,ATV,6,1,1,5,1.2389233112335205,1.250232219696045,1.2427992820739746,1.2542052268981934
0.0,False,False,False,False,ob23OKe5a9Q,-0.11458034549504248,-0.12160777685642188,-0.007027431361379399,0.6000000238418579,2,A,5,ATV,7,1,1,6,1.4651155471801758,1.3961435556411743,1.462017297744751,1.3883311748504639
0.0,False,False,False,False,ob23OKe5a9Q,-0.02448477224652379,-0.02343648109717833,0.0010482911493454594,-1.399999976158142,2,A,6,ATV,8,1,1,7,-1.134156346321106,-1.614914059638977,-1.130204439163208,-1.6221556663513184
0.0,False,False,False,False,ob23OKe5a9Q,0.03371118549223695,0.030771318849147633,-0.0029398666430893172,1.25,2,A,7,ATV,9,1,1,8,1.6334264278411865,1.6751199960708618,1.6356573104858398,1.6736778020858765
0.0,False,False,False,False,ob23OKe5a9Q,-0.043006361737667476,-0.04242457087380558,0.0005817908638618974,0.800000011920929,2,A,8,ATV,10,1,1,9,1.4671015739440918,1.4340490102767944,1.4652847051620483,1.4325971603393555
0.0,False,False,False,False,ob23OKe5a9Q,0.02167198638113632,0.022235467509474915,0.0005634811283385943,2.799999952316284,2,A,9,ATV,11,1,1,10,1.5491883754730225,1.5405550003051758,1.5467867851257324,1.5379465818405151
0.0,False,False,False,False,ob23OKe5a9Q,0.6671563302108687,0.7039826138281882,0.03682628361731943,1.25,2,A,10,ATV,12,1,1,11,-0.7068846821784973,-0.8705079555511475,-0.6959885358810425,-0.8691635131835938
0.0,False,False,False,False,ob23OKe5a9Q,0.12950801212014085,0.12790815149790546,-0.0015998606222353828,0.800000011920929,2,A,11,ATV,13,1,1,12,1.2717018127441406,1.3933048248291016,1.268248438835144,1.389206886291504
0.0,False,False,False,False,zhpQhgha_KU,-0.08946685744513161,-0.09295802762828487,-0.0034911701831532582,-1.600000023841858,2,A,0,ATV,2,1,1,1,-1.2949965000152588,-1.659668207168579,-1.2894834280014038,-1.6588432788848877
0.0,False,False,False,False,zhpQhgha_KU,0.20800552910378656,0.20418203557203185,-0.003823493531754707,-1.600000023841858,2,A,1,ATV,3,1,1,2,-1.5204278230667114,-1.137034296989441,-1.5157368183135986,-1.1403454542160034
0.0,False,False,False,False,zhpQhgha_KU,-0.06649644545495903,-0.06044457612097176,0.00605186933398727,-2.200000047683716,2,A,2,ATV,4,1,1,3,-1.6119390726089478,-1.671493411064148,-1.6105104684829712,-1.6642264127731323
0.0,False,False,False,False,zhpQhgha_KU,0.012981554416299446,0.012246449416807081,-0.0007351049994923642,1.0,2,A,3,ATV,5,1,1,4,1.0812203884124756,1.1399224996566772,1.0801032781600952,1.1366125345230103
0.0,False,False,False,False,zhpQhgha_KU,-0.033573748768276346,-0.03318687484629379,0.00038687392198255566,1.0,2,A,4,ATV,6,1,1,5,1.2200273275375366,1.1218124628067017,1.2198050022125244,1.1229933500289917
0.0,False,False,False,False,zhpQhgha_KU,-0.03555643614163273,-0.0231513671632797,0.012405068978353029,-1.0,2,A,5,ATV,7,1,1,6,-1.3832646608352661,-1.3336695432662964,-1.3774023056030273,-1.3453710079193115
0.0,False,False,False,False,zhpQhgha_KU,-0.2079170576953402,-0.21910359511531396,-0.011186537419973774,-1.0,2,A,6,ATV,8,1,1,7,-1.487940788269043,-1.1736927032470703,-1.5032026767730713,-1.1846871376037598
0.0,False,False,False,False,zhpQhgha_KU,-0.032390150273148066,-0.032543260661881845,-0.00015311038873377925,0.6000000238418579,2,A,7,ATV,9,1,1,8,0.2961574196815491,0.3551936149597168,0.29516586661338806,0.3542753756046295
0.0,False,False,False,False,zhpQhgha_KU,-0.11895549502760616,-0.11534368329795086,0.003611811729655301,-2.4000000953674316,2,A,8,ATV,10,1,1,9,-1.7632192373275757,-1.864711046218872,-1.7595114707946777,-1.8569697141647339
0.0,False,False,False,False,zhpQhgha_KU,-0.05265795406113227,-0.05207316624910163,0.0005847878120306405,-1.399999976158142,2,A,9,ATV,11,1,1,10,-1.731225848197937,-1.6388568878173828,-1.7290382385253906,-1.6370506286621094
0.0,False,False,False,False,zhpQhgha_KU,-0.0036556023524099146,-0.001840226946754342,0.0018153754056555726,-1.0,2,A,10,ATV,12,1,1,11,-1.2847765684127808,-1.2782841920852661,-1.275858998298645,-1.272503137588501
0.0,False,False,False,False,zhpQhgha_KU,0.002993622960616449,0.0028652097617367644,-0.0001284131988796844,-1.5,2,A,11,ATV,13,1,1,12,-1.4478594064712524,-1.4244204759597778,-1.4525660276412964,-1.4284794330596924
0.0,False,False,False,False,zhpQhgha_KU,0.04909244712955285,0.05168783710820435,0.0025953899786514967,-2.0,2,A,12,ATV,14,1,1,13,-1.7724796533584595,-1.6824185848236084,-1.7702550888061523,-1.6767809391021729
0.0,False,False,False,False,zhpQhgha_KU,0.002333000023654108,0.002664764698010913,0.0003317646743568048,1.7999999523162842,2,A,13,ATV,15,1,1,14,1.524765133857727,1.5205590724945068,1.5197139978408813,1.5149999856948853
0.0,False,False,False,False,zhpQhgha_KU,0.016061732711420973,0.01575461663527733,-0.0003071160761436431,1.75,2,A,14,ATV,16,1,1,15,1.6244080066680908,1.5715761184692383,1.6254358291625977,1.5731643438339233
0.0,False,False,False,False,zhpQhgha_KU,0.38221475939974425,0.4067926800069017,0.024577920607157466,0.6000000238418579,2,A,15,ATV,17,1,1,16,-0.20792675018310547,-0.4173300266265869,-0.21164053678512573,-0.432256281375885
0.0,False,False,False,False,zhpQhgha_KU,0.19959618451196448,0.1936661714445913,-0.005930013067373174,-0.800000011920929,2,A,16,ATV,18,1,1,17,-0.6597896218299866,-0.331753134727478,-0.6656989455223083,-0.3398881256580353
0.0,False,False,False,False,zhpQhgha_KU,0.10232976555846562,0.1069981696434752,0.00466840408500957,-1.399999976158142,2,A,17,ATV,19,1,1,18,-1.1371088027954102,-0.9859449863433838,-1.142525553703308,-0.9837173223495483
0.0,False,False,False,False,zhpQhgha_KU,-0.06508512887841889,-0.0654655978787888,-0.0003804690003699207,0.6000000238418579,2,A,18,ATV,20,1,1,19,-0.4232703447341919,-0.39095765352249146,-0.41512802243232727,-0.3823539614677429
0.0,False,False,False,False,zhpQhgha_KU,0.22380501413217235,0.2215413514150233,-0.002263662717149062,0.6000000238418579,2,A,19,ATV,21,1,1,20,-0.14646750688552856,-0.2837526500225067,-0.15507663786411285,-0.2897651791572571
0.0,False,False,False,False,zhpQhgha_KU,-0.15297542784566076,-0.15847984298317996,-0.005504415137519203,-0.5,2,A,20,ATV,22,1,1,21,0.9964626431465149,0.9444462656974792,1.0014727115631104,0.9477363228797913
0.0,False,False,False,False,zhpQhgha_KU,0.3339540196093509,0.34906783210972403,0.015113812500373136,0.0,2,A,21,ATV,23,1,1,22,-0.40767383575439453,-0.7072142362594604,-0.41724035143852234,-0.7232961654663086
0.0,False,False,False,False,zhpQhgha_KU,-0.08117923605489707,-0.0769493292704766,0.0042299067844204785,1.0,2,A,22,ATV,24,1,1,23,0.6035721898078918,0.7243629693984985,0.6068536043167114,0.7214057445526123
0.0,False,False,False,False,zhpQhgha_KU,0.09425968315149191,0.08328017968142643,-0.010979503470065488,0.0,2,A,23,ATV,25,1,1,24,-0.37786564230918884,-0.4868697226047516,-0.3866543471813202,-0.4824746251106262
0.0,False,False,False,False,zhpQhgha_KU,0.001378859149898659,0.002478633750257586,0.001099774600358927,0.800000011920929,2,A,24,ATV,26,1,1,25,0.749162495136261,0.86295485496521,0.7566913366317749,0.8659869432449341
0.0,False,False,False,False,zhpQhgha_KU,0.0017502167071370422,0.0017751837739297116,2.4967066792669357e-05,1.399999976158142,2,A,25,ATV,27,1,1,26,1.3043336868286133,1.295586109161377,1.296327829360962,1.2880933284759521
0.0,False,False,False,False,zhpQhgha_KU,0.07575129261999791,0.07601997793130977,0.0002686853113118559,-1.2000000476837158,2,A,26,ATV,28,1,1,27,-1.1279237270355225,-1.4845106601715088,-1.1233221292495728,-1.4861809015274048
0.0,False,False,False,False,zhpQhgha_KU,0.907924638696116,0.8667953344332524,-0.04112930426286354,-2.0,2,A,27,ATV,29,1,1,28,-1.2352850437164307,-0.7782334089279175,-1.226989507675171,-0.7899006009101868
0.0,False,False,False,False,zhpQhgha_KU,-0.034216107735304035,-0.03161967272592392,0.002596435009380116,-1.0,2,A,28,ATV,30,1,1,29,-1.1861733198165894,-1.021080732345581,-1.1778651475906372,-1.0040420293807983
0.0,False,False,False,False,zhpQhgha_KU,-0.0487403404340121,-0.050055889011847654,-0.001315548577835557,0.800000011920929,2,A,29,ATV,31,1,1,30,0.38765764236450195,0.45173877477645874,0.3913905620574951,0.4580851197242737
0.0,False,False,False,False,zhpQhgha_KU,-0.23870137757495247,-0.23720027654326348,0.0015011010316889895,-0.4000000059604645,2,A,30,ATV,32,1,1,31,0.5024452805519104,0.3587529957294464,0.5048986077308655,0.36265406012535095
0.0,False,False,False,False,zhpQhgha_KU,-0.01345072055805474,-0.013421150180420227,2.9570377634513534e-05,1.2000000476837158,2,A,31,ATV,33,1,1,32,1.5267200469970703,1.50544273853302,1.5290594100952148,1.5079917907714844
0.0,False,False,False,False,zhpQhgha_KU,-0.07528180173022392,-0.07558444495792571,-0.0003026432277017932,0.6000000238418579,2,A,32,ATV,34,1,1,33,1.0653737783432007,0.975886881351471,1.06185781955719,0.9711174964904785
0.0,False,False,False,False,phBUpBr1hSo,0.00807728019240983,0.016682104106564566,0.008604823914154736,2.799999952316284,2,A,0,ATV,2,1,1,1,1.685583233833313,1.6819651126861572,1.68796968460083,1.6804940700531006
0.0,False,False,False,False,phBUpBr1hSo,0.00548774305799693,0.003685811167699171,-0.0018019318902977588,-0.800000011920929,2,A,1,ATV,3,1,1,2,-0.2455662190914154,-0.24063915014266968,-0.2534162402153015,-0.25005489587783813
0.0,False,False,False,False,phBUpBr1hSo,0.5266987354997354,0.5324501423504557,0.0057514068507202865,-1.399999976158142,2,A,2,ATV,4,1,1,3,-1.1400232315063477,-0.6291000843048096,-1.128426432609558,-0.6214100122451782
0.0,False,False,False,False,phBUpBr1hSo,-0.049289582828933476,-0.0497109579798547,-0.0004213751509212216,1.600000023841858,2,A,3,ATV,5,1,1,4,1.1818046569824219,1.2456022500991821,1.1849561929702759,1.2499279975891113
0.0,False,False,False,False,phBUpBr1hSo,-0.10785250470935637,-0.09869746943789792,0.009155035271458445,-1.0,2,A,4,ATV,6,1,1,5,-0.6702929735183716,-1.0292270183563232,-0.6840532422065735,-1.0335392951965332
0.0,False,False,False,False,phBUpBr1hSo,1.1996389204184141,1.17337676715508,-0.02626215326333403,-2.200000047683716,2,A,5,ATV,7,1,1,6,-0.5628655552864075,-0.2302670031785965,-0.558182954788208,-0.23303788900375366
0.0,False,False,False,False,phBUpBr1hSo,0.14405335446713252,0.17400734140723628,0.02995398694010376,-2.0,2,A,6,ATV,8,1,1,7,-0.5446735620498657,-0.4959958791732788,-0.5368419885635376,-0.4785405993461609
0.0,False,False,False,False,phBUpBr1hSo,0.06799630660587752,0.07042269332561091,0.0024263867197333866,-1.399999976158142,2,A,7,ATV,9,1,1,8,-1.172858715057373,-1.0541828870773315,-1.172831416130066,-1.050674557685852
0.0,False,False,False,False,phBUpBr1hSo,-0.00886087088652232,-0.010470503165990408,-0.0016096322794680873,2.0,2,A,8,ATV,10,1,1,9,1.3648508787155151,1.3718650341033936,1.3652007579803467,1.3735021352767944
0.0,False,True,False,True,phBUpBr1hSo,1.2509221084438882,1.2382346301897842,-0.01268747825410399,1.7999999523162842,2,A,9,ATV,11,1,1,10,0.23065590858459473,-0.12711261212825775,0.23413069546222687,-0.12098447233438492
0.0,False,False,False,False,phBUpBr1hSo,0.09015471511688133,0.08887663115885402,-0.0012780839580273096,0.800000011920929,2,A,10,ATV,12,1,1,11,1.4142183065414429,1.4836803674697876,1.4126169681549072,1.4813047647476196
0.0,False,False,False,False,phBUpBr1hSo,-0.7589859915927857,-0.7503830562776868,0.008602935315098925,-1.2000000476837158,2,A,11,ATV,13,1,1,12,-0.08341657370328903,-0.5015928149223328,-0.07699698209762573,-0.4853303134441376
0.0,False,False,False,False,phBUpBr1hSo,1.2937852034638775,1.2246467096294573,-0.06913849383442017,-2.200000047683716,2,A,12,ATV,14,1,1,13,-0.7654675245285034,-0.36924371123313904,-0.7616223096847534,-0.38517850637435913
0.0,False,True,False,True,phBUpBr1hSo,0.6373550996604522,0.6644680045051548,0.027112904844702523,-1.600000023841858,2,A,13,ATV,15,1,1,14,-0.032479844987392426,0.1591118574142456,-0.031795307993888855,0.16740882396697998
0.0,False,False,False,False,phBUpBr1hSo,0.25859382682310184,0.2485972813524313,-0.009996545470670526,2.0,2,A,14,ATV,16,1,1,15,0.8047216534614563,0.7010449767112732,0.801135778427124,0.7015883922576904
0.0,False,False,False,False,phBUpBr1hSo,-0.004317332101209104,-0.005582800653883169,-0.001265468552674065,0.800000011920929,2,A,15,ATV,17,1,1,16,1.1845351457595825,1.1788798570632935,1.1849780082702637,1.1776576042175293
0.0,False,False,False,False,phBUpBr1hSo,0.016654188318582896,0.01645669793101945,-0.00019749038756344817,2.0,2,A,16,ATV,18,1,1,17,1.3926737308502197,1.379114031791687,1.3946459293365479,1.3812025785446167
0.0,False,False,False,False,phBUpBr1hSo,-0.3419565593805407,-0.34726409009736425,-0.00530753071682355,-1.25,2,A,17,ATV,19,1,1,18,0.36534929275512695,0.25578776001930237,0.3653993010520935,0.25407806038856506
0.0,False,False,False,False,phBUpBr1hSo,-0.11841706685062547,-0.1162129956055935,0.002204071245031969,0.800000011920929,2,A,18,ATV,20,1,1,19,0.34892505407333374,0.5083640217781067,0.3485751152038574,0.504075288772583
0.0,False,False,False,False,yDtzw_Y-7RU,-0.7572548434168593,-0.7387532131661168,0.018501630250742584,0.75,2,A,0,ATV,2,1,1,1,-0.506583034992218,-0.1565021127462387,-0.5133011341094971,-0.17583829164505005
0.0,False,False,False,False,yDtzw_Y-7RU,-0.5604094978203733,-0.5613408087126572,-0.0009313108922839319,-1.0,2,A,1,ATV,3,1,1,2,1.261730670928955,1.1342483758926392,1.2561782598495483,1.12814462184906
0.0,False,False,False,False,yDtzw_Y-7RU,0.6709454946717228,0.6940101669043379,0.023064672232615102,0.5,2,A,2,ATV,4,1,1,3,-0.3603416979312897,-0.687911331653595,-0.35774052143096924,-0.6957127451896667
0.0,False,False,False,False,yDtzw_Y-7RU,0.47663482926087486,0.4520021866294144,-0.024632642631460477,-1.2000000476837158,2,A,3,ATV,5,1,1,4,-0.5698860883712769,-0.26529237627983093,-0.5670477747917175,-0.27661997079849243
0.0,False,False,False,False,yDtzw_Y-7RU,-0.24010362396798968,-0.253878070761024,-0.0137744467930343,-0.20000000298023224,2,A,4,ATV,6,1,1,5,-1.0282450914382935,-0.8677471876144409,-1.040998935699463,-0.8733506798744202
0.0,False,False,False,False,yDtzw_Y-7RU,-0.039114920766369465,-0.03306332677546564,0.006051593990903825,-1.5,2,A,5,ATV,7,1,1,6,-0.962881863117218,-1.0006194114685059,-0.9684889912605286,-1.000559687614441
0.0,False,False,False,False,yDtzw_Y-7RU,-0.022425372779480313,-0.020204187890144,0.002221184889336314,-1.0,2,A,6,ATV,8,1,1,7,-1.1729027032852173,-1.0864289999008179,-1.1679682731628418,-1.0894938707351685
0.0,False,False,False,False,yDtzw_Y-7RU,-0.11757334324117608,-0.12073133433614203,-0.0031579910949659507,-0.6000000238418579,2,A,7,ATV,9,1,1,8,-1.1724752187728882,-1.0584261417388916,-1.1727430820465088,-1.0553057193756104
0.0,False,False,False,False,yDtzw_Y-7RU,0.03904614076418511,0.04041039308731342,0.0013642523231283121,-1.399999976158142,2,A,8,ATV,10,1,1,9,-1.4171204566955566,-1.5983412265777588,-1.4213858842849731,-1.602157711982727
0.0,False,False,False,False,yDtzw_Y-7RU,-0.13770863078676143,-0.12924539269383217,0.00846323809292926,-0.6666666865348816,2,A,9,ATV,11,1,1,10,-1.1759459972381592,-1.0154600143432617,-1.1679056882858276,-1.0159447193145752
0.0,False,False,False,False,yDtzw_Y-7RU,-0.006858214772307747,-0.005248520745354313,0.0016096940269534343,-1.7999999523162842,2,A,10,ATV,12,1,1,11,-1.5718390941619873,-1.5873990058898926,-1.5703212022781372,-1.5820462703704834
0.0,False,False,False,False,yDtzw_Y-7RU,-0.049581426699603526,-0.04841208786331208,0.0011693388362914447,2.200000047683716,2,A,11,ATV,13,1,1,12,1.337677240371704,1.3669219017028809,1.330450415611267,1.3587483167648315
0.0,False,False,False,False,yDtzw_Y-7RU,-0.12526807522299066,-0.13050884118892725,-0.005240765965936589,0.6000000238418579,2,A,12,ATV,14,1,1,13,1.3961776494979858,1.3131835460662842,1.3944600820541382,1.3075718879699707
0.0,False,False,False,False,yDtzw_Y-7RU,-0.129327051688918,-0.1320900406528125,-0.002762988963894486,0.6000000238418579,2,A,13,ATV,15,1,1,14,1.3754117488861084,1.2869762182235718,1.3758562803268433,1.2854654788970947
0.0,False,False,False,False,yDtzw_Y-7RU,0.03592114859142903,0.030243574066872725,-0.005677574524556306,0.20000000298023224,2,A,14,ATV,16,1,1,15,0.738849937915802,0.7712095975875854,0.7307276725769043,0.7584939002990723
0.0,False,False,False,False,yDtzw_Y-7RU,0.27691958740780365,0.27305959837285343,-0.0038599890349502175,-2.0,2,A,15,ATV,17,1,1,16,-1.201371669769287,-1.0435864925384521,-1.1908539533615112,-1.0367882251739502
0.0,False,False,False,False,yDtzw_Y-7RU,0.19141130012614838,0.1865010793120092,-0.004910220814139166,-1.600000023841858,2,A,16,ATV,18,1,1,17,-1.5673885345458984,-1.1612805128097534,-1.5740031003952026,-1.167360544204712
0.0,False,False,False,False,yDtzw_Y-7RU,-0.04040381922390779,-0.044217234788444415,-0.0038134155645366263,-0.6000000238418579,2,A,17,ATV,19,1,1,18,-0.9688538312911987,-0.9092722535133362,-0.9746757745742798,-0.9101043343544006
0.0,False,False,False,False,yDtzw_Y-7RU,-0.037602925857083136,-0.044226924633893105,-0.0066239987768099695,0.20000000298023224,2,A,18,ATV,20,1,1,19,1.0257803201675415,1.0026893615722656,1.0185470581054688,0.9910703897476196
0.0,False,False,False,False,yDtzw_Y-7RU,0.11402387667313008,0.10897441909173722,-0.005049457581392858,2.0,2,A,19,ATV,21,1,1,20,1.531554937362671,1.422536015510559,1.5357543230056763,1.4303523302078247
0.0,False,False,False,False,yDtzw_Y-7RU,0.07543416402639025,0.083324353209278,0.007890189182887752,2.200000047683716,2,A,20,ATV,22,1,1,21,1.378840446472168,1.334126353263855,1.3779714107513428,1.328762173652649
0.0,False,False,False,False,yDtzw_Y-7RU,-0.044384651284076426,-0.05078027462446233,-0.006395623340385903,-0.800000011920929,2,A,21,ATV,23,1,1,22,-0.3329088091850281,-0.38311928510665894,-0.3310191333293915,-0.3887059688568115
0.0,False,False,False,False,nzpVDcQ0ywM,0.033082625120698594,0.029025385857494257,-0.0040572392632043375,0.800000011920929,2,A,0,ATV,2,1,1,1,1.1060523986816406,1.1560206413269043,1.1044584512710571,1.1488844156265259
0.0,False,False,False,False,nzpVDcQ0ywM,-0.1158007038877713,-0.10747730032744585,0.00832340356032546,-1.600000023841858,2,A,1,ATV,3,1,1,2,-1.2512316703796387,-1.5235888957977295,-1.2655359506607056,-1.533751130104065
0.0,False,False,False,False,nzpVDcQ0ywM,-1.152353939628732,-1.1177501704327852,0.034603769195946654,-0.4000000059604645,2,A,2,ATV,4,1,1,3,-1.7496684789657593,-1.2180776596069336,-1.7437658309936523,-1.229431390762329
0.0,False,False,False,False,nzpVDcQ0ywM,0.0004812407570398136,-0.009978754165217651,-0.010459994922257465,-1.399999976158142,2,A,3,ATV,5,1,1,4,-2.0341503620147705,-2.034529685974121,-2.0399422645568848,-2.032097578048706
0.0,False,False,False,False,nzpVDcQ0ywM,-0.09626023921192939,-0.09234215443802896,0.003918084773900432,-1.0,2,A,4,ATV,6,1,1,5,-1.7840195894241333,-1.7200183868408203,-1.7822024822235107,-1.7207624912261963
0.0,False,False,False,False,nzpVDcQ0ywM,0.06020419275664324,0.06441339915210165,0.004209206395458409,2.0,2,A,5,ATV,7,1,1,6,1.1293362379074097,1.0954229831695557,1.13480806350708,1.098351240158081
0.0,False,False,False,False,nzpVDcQ0ywM,-0.6504438473264713,-0.6160647383192241,0.034379109007247166,-2.200000047683716,2,A,6,ATV,8,1,1,7,-1.3016633987426758,-1.8043172359466553,-1.3260186910629272,-1.815580129623413
0.0,False,False,False,False,nzpVDcQ0ywM,-0.33754732973193313,-0.319718186906357,0.017829142825576128,-1.0,2,A,7,ATV,9,1,1,8,-1.6149070262908936,-1.2014033794403076,-1.6087749004364014,-1.2255852222442627
0.0,False,False,False,False,nzpVDcQ0ywM,-0.24797363395282446,-0.26301504781054064,-0.01504141385771618,0.0,2,A,8,ATV,10,1,1,9,-1.1461724042892456,-1.0323456525802612,-1.1534887552261353,-1.033209204673767
0.0,False,False,False,False,nzpVDcQ0ywM,0.05113909418984974,0.04964309882984708,-0.0014959953600026665,-1.399999976158142,2,A,9,ATV,11,1,1,10,-1.6490354537963867,-1.7363892793655396,-1.6563934087753296,-1.7396773099899292
0.0,False,False,False,False,nzpVDcQ0ywM,0.1991467218274181,0.19109724978556653,-0.00804947204185158,-1.0,2,A,10,ATV,12,1,1,11,-0.43459662795066833,-0.2797030508518219,-0.4342578947544098,-0.28504449129104614
0.0,False,False,False,False,nzpVDcQ0ywM,0.07799915923599876,0.07498409213648927,-0.003015067099509494,0.20000000298023224,2,A,11,ATV,13,1,1,12,-0.36315232515335083,-0.42860138416290283,-0.3677811622619629,-0.43036460876464844
0.0,False,False,False,False,nzpVDcQ0ywM,0.2533700331517572,0.24574184209987493,-0.007628191051882283,-0.6000000238418579,2,A,12,ATV,14,1,1,13,0.7408908605575562,0.8322563767433167,0.7471885085105896,0.8354994654655457
0.0,False,False,False,False,nzpVDcQ0ywM,1.8824796371067825,1.8633394257045666,-0.01914021140221589,1.399999976158142,2,A,13,ATV,15,1,1,14,-0.34328898787498474,-0.8184535503387451,-0.3450811505317688,-0.8155468106269836
0.0,False,False,False,False,nzpVDcQ0ywM,-0.0707899446934448,-0.06988991386440091,0.0009000308290438852,1.600000023841858,2,A,14,ATV,16,1,1,15,1.2179712057113647,1.325853943824768,1.2133039236068726,1.3177874088287354
0.0,False,False,False,False,nzpVDcQ0ywM,0.009579254307539031,0.009622512517992732,4.3258210453700485e-05,1.2000000476837158,2,A,15,ATV,17,1,1,16,1.230633020401001,1.0974445343017578,1.226621150970459,1.0983575582504272
0.0,False,False,False,False,nzpVDcQ0ywM,-0.4392222821767433,-0.5021522307465638,-0.06292994856982048,-2.0,2,A,16,ATV,18,1,1,17,0.4049926996231079,0.3118753433227539,0.41392654180526733,0.3075721263885498
0.0,False,False,False,False,nzpVDcQ0ywM,0.13621863797436085,0.13192474085739292,-0.004293897116967926,0.20000000298023224,2,A,17,ATV,19,1,1,18,0.6854114532470703,0.80978924036026,0.6818245053291321,0.8033900856971741
0.0,False,False,False,False,nzpVDcQ0ywM,-0.12023881036832051,-0.11812611512205251,0.0021126952462680038,-1.399999976158142,2,A,18,ATV,20,1,1,19,-1.0525962114334106,-1.3787734508514404,-1.0555508136749268,-1.3772159814834595
0.0,False,False,False,False,nzpVDcQ0ywM,-0.06368418900375161,-0.06267997897502653,0.0010042100287250832,2.0,2,A,19,ATV,21,1,1,20,1.479337215423584,1.5445820093154907,1.4745476245880127,1.5380257368087769
0.0,False,False,False,False,nzpVDcQ0ywM,0.032201552168658054,0.0321721953987435,-2.9356769914556935e-05,2.0,2,A,20,ATV,22,1,1,21,1.682083249092102,1.6349347829818726,1.6815146207809448,1.6344796419143677
0.0,False,False,False,False,nzpVDcQ0ywM,0.007576716615361079,0.008319651400697126,0.0007429347853360468,1.600000023841858,2,A,21,ATV,23,1,1,22,1.4536665678024292,1.4297349452972412,1.454296350479126,1.4281011819839478
0.0,False,False,False,False,jUzDDGyPkXU,-0.06198850804523204,-0.07642143301794135,-0.014432924972709316,0.0,2,A,0,ATV,2,1,1,1,0.8824833035469055,0.8466334939002991,0.8867923617362976,0.8426026701927185
0.0,False,False,False,False,jUzDDGyPkXU,0.14025697684921568,0.1313778858390151,-0.008879091010200568,-1.600000023841858,2,A,1,ATV,3,1,1,2,1.2467269897460938,1.2712560892105103,1.2473673820495605,1.2703447341918945
0.0,False,False,False,False,jUzDDGyPkXU,0.10913872407448366,0.10653524973687567,-0.0026034743376079916,-1.2000000476837158,2,A,2,ATV,4,1,1,3,-0.7815864682197571,-0.6668878197669983,-0.7713523507118225,-0.661229133605957
0.0,False,False,False,False,jUzDDGyPkXU,0.13302407051445186,0.13553063462491366,0.0025065641104617953,-1.600000023841858,2,A,3,ATV,5,1,1,4,-1.42598295211792,-1.195888638496399,-1.430336833000183,-1.1946406364440918
0.0,False,False,False,False,jUzDDGyPkXU,-0.8530352359977655,-0.8554255483829394,-0.002390312385173843,-0.6000000238418579,2,A,4,ATV,6,1,1,5,-1.8284722566604614,-1.4100054502487183,-1.833672046661377,-1.4164074659347534
0.0,False,False,False,False,jUzDDGyPkXU,-0.03448938244537203,-0.0380127690647214,-0.003523386619349367,1.7999999523162842,2,A,5,ATV,7,1,1,6,1.3161606788635254,1.3532214164733887,1.3174277544021606,1.3585668802261353
0.0,False,False,False,False,jUzDDGyPkXU,0.32410851928601403,0.3304570997607925,0.006348580474778487,2.799999952316284,2,A,6,ATV,8,1,1,7,1.597920298576355,1.4699232578277588,1.5976170301437378,1.467265248298645
0.0,False,False,False,False,jUzDDGyPkXU,0.08635624773340567,0.09293242237043842,0.00657617463703275,2.4000000953674316,2,A,7,ATV,9,1,1,8,1.4668155908584595,1.4216394424438477,1.46756911277771,1.4190006256103516
0.0,False,False,False,False,jUzDDGyPkXU,-0.03215379994226453,-0.02902981288389128,0.0031239870583732454,2.4000000953674316,2,A,8,ATV,10,1,1,9,1.3042997121810913,1.3190720081329346,1.3026208877563477,1.3159284591674805
0.0,False,False,False,False,jUzDDGyPkXU,0.03006748800544301,0.03186159995237858,0.0017941119469355726,0.5,2,A,9,ATV,11,1,1,10,1.2239278554916382,1.2444051504135132,1.222776174545288,1.2444911003112793
0.0,False,False,False,False,jUzDDGyPkXU,0.007766823084903507,0.007936438038711913,0.00016961495380840574,-0.6000000238418579,2,A,10,ATV,12,1,1,11,-0.6247219443321228,-0.6915314197540283,-0.6232441663742065,-0.6920691728591919
0.0,False,False,False,False,jUzDDGyPkXU,0.041422652088559886,0.04061209909119512,-0.0008105529973647663,0.800000011920929,2,A,11,ATV,13,1,1,12,0.8713539242744446,1.0156711339950562,0.8684042096138,1.0128173828125
0.0,False,False,False,False,jUzDDGyPkXU,0.7574865992503845,0.7263880342764928,-0.03109856497389174,1.3333333730697632,2,A,12,ATV,14,1,1,13,-0.45178937911987305,-0.6526550054550171,-0.451773464679718,-0.6447956562042236
0.0,False,False,False,False,jUzDDGyPkXU,-0.02274457834018051,-0.021627810487871102,0.0011167678523094082,1.2000000476837158,2,A,13,ATV,15,1,1,14,1.003275752067566,1.073683500289917,1.0047457218170166,1.071561574935913
0.0,False,False,False,False,jUzDDGyPkXU,-0.3092054664648458,-0.29611900138512226,0.013086465079723553,-2.799999952316284,2,A,14,ATV,16,1,1,15,-1.7454769611358643,-1.9040014743804932,-1.7548091411590576,-1.907640814781189
0.0,False,False,False,False,jUzDDGyPkXU,0.6603002496513568,0.6460630637631084,-0.014237185888248405,-2.4000000953674316,2,A,15,ATV,17,1,1,16,-1.6579508781433105,-1.2995741367340088,-1.654074788093567,-1.3034292459487915
0.0,False,False,False,False,jUzDDGyPkXU,-0.42065173145692825,-0.46787997486518407,-0.04722824340825582,2.200000047683716,2,A,16,ATV,18,1,1,17,-1.775891661643982,-1.7226346731185913,-1.7729005813598633,-1.713573694229126
0.0,False,False,False,False,jUzDDGyPkXU,0.11904355501097541,0.12128283964148068,0.002239284630505267,-2.200000047683716,2,A,17,ATV,19,1,1,18,-1.700097918510437,-1.5925910472869873,-1.7000538110733032,-1.5907143354415894
0.0,False,False,False,False,jUzDDGyPkXU,-0.16286963119310727,-0.15835163404299024,0.004517997150117026,-1.0,2,A,18,ATV,20,1,1,19,0.7933966517448425,0.7473986148834229,0.7852813601493835,0.7403671741485596
0.0,False,False,False,False,jUzDDGyPkXU,-0.9020830383205976,-0.8916459404571242,0.010437097863473355,-2.4000000953674316,2,A,19,ATV,21,1,1,20,-1.2525694370269775,-1.7561724185943604,-1.258017659187317,-1.7577556371688843
0.0,False,False,False,False,jUzDDGyPkXU,0.020634620557089534,0.02030179908115315,-0.00033282147593638456,1.2000000476837158,2,A,20,ATV,22,1,1,21,1.2543599605560303,1.3535891771316528,1.2606180906295776,1.354843020439148
0.0,False,False,False,False,jUzDDGyPkXU,0.6902900617637471,0.6758185538169528,-0.014471507946794304,-1.0,2,A,21,ATV,23,1,1,22,-1.3182604312896729,-1.8897076845169067,-1.3135311603546143,-1.8798410892486572
0.0,False,False,False,False,jUzDDGyPkXU,0.3253461250442342,0.2822906126964426,-0.04305551234779159,-2.0,2,A,22,ATV,24,1,1,23,-1.865363597869873,-1.4139342308044434,-1.8671069145202637,-1.452322006225586
0.0,False,False,False,False,jUzDDGyPkXU,0.23374603561599372,0.2358612909217328,0.0021152553057390833,-2.0,2,A,23,ATV,25,1,1,24,-1.4899389743804932,-1.2972139120101929,-1.4934208393096924,-1.298228144645691
0.0,False,False,False,False,jUzDDGyPkXU,0.00243598746432383,0.0030949486383491376,0.0006589611740253076,-2.0,2,A,24,ATV,26,1,1,25,-1.989427089691162,-1.9495245218276978,-1.9869965314865112,-1.9428682327270508
0.0,False,False,False,False,rnaNMUZpvvg,0.005329918071225848,0.0042495309859766905,-0.001080387085249157,-0.800000011920929,2,A,0,ATV,2,1,1,1,-0.5361438989639282,-1.0737699270248413,-0.5347182154655457,-1.0731738805770874
0.0,False,False,False,False,rnaNMUZpvvg,0.2967600030151658,0.2190317786306082,-0.07772822438455762,-2.4000000953674316,2,A,1,ATV,3,1,1,2,-1.6569314002990723,-1.478636384010315,-1.675339698791504,-1.5373504161834717
0.0,False,False,False,False,rnaNMUZpvvg,0.5165410873671163,0.5048981592229325,-0.011642928144183884,-2.799999952316284,2,A,2,ATV,4,1,1,3,-1.9911999702453613,-1.718011736869812,-1.9978992938995361,-1.7284293174743652
0.0,False,False,False,False,rnaNMUZpvvg,0.03558381511419384,0.040538076464429196,0.004954261350235356,-2.5999999046325684,2,A,3,ATV,5,1,1,4,-1.743023157119751,-1.7225074768066406,-1.742452621459961,-1.7191336154937744
0.0,False,False,False,False,rnaNMUZpvvg,-0.18568656845870635,-0.18132604176258837,0.004360526696117972,-0.4000000059604645,2,A,4,ATV,6,1,1,5,-1.8764808177947998,-1.8122000694274902,-1.8720735311508179,-1.809139609336853
0.0,False,False,False,False,rnaNMUZpvvg,0.028131995402077337,0.024330807794626708,-0.003801187607450629,-1.600000023841858,2,A,5,ATV,7,1,1,6,-2.082012414932251,-2.110360622406006,-2.091334819793701,-2.1155004501342773
0.0,False,False,False,False,rnaNMUZpvvg,-0.012439681754017329,-0.00792256691431703,0.004517114839700298,-1.399999976158142,2,A,6,ATV,8,1,1,7,-2.020695209503174,-2.010592222213745,-2.017993688583374,-2.011550188064575
0.0,False,False,False,False,rnaNMUZpvvg,0.10640266252521258,0.10206334169599529,-0.004339320829217286,-2.5999999046325684,2,A,7,ATV,9,1,1,8,-1.535255789756775,-1.4864099025726318,-1.5328551530838013,-1.486060380935669
0.0,False,False,False,False,rnaNMUZpvvg,-0.03632574924381515,-0.03584487093195321,0.0004808783118619431,-2.5999999046325684,2,A,8,ATV,10,1,1,9,-1.8894453048706055,-1.9154839515686035,-1.8937771320343018,-1.9196281433105469
0.0,False,False,False,False,rnaNMUZpvvg,-0.015527037781268405,-0.012708279687004165,0.00281875809426424,-1.0,2,A,9,ATV,11,1,1,10,-1.9337775707244873,-1.9254261255264282,-1.9347339868545532,-1.9279112815856934
0.0,False,False,False,False,rnaNMUZpvvg,-0.007830845519265495,-0.008367670354118673,-0.0005368248348531779,-2.0,2,A,10,ATV,12,1,1,11,-1.4138907194137573,-1.4206095933914185,-1.421310544013977,-1.4285861253738403
0.0,False,False,False,False,rnaNMUZpvvg,-0.056082098270920255,-0.05932105037999236,-0.003238952109072102,-2.5999999046325684,2,A,11,ATV,13,1,1,12,-1.8313459157943726,-1.8687360286712646,-1.8332042694091797,-1.8729135990142822
0.0,False,False,False,False,rnaNMUZpvvg,-0.025805836423614892,-0.026080127207308124,-0.0002742907836932318,-1.600000023841858,2,A,12,ATV,14,1,1,13,-1.8001885414123535,-1.7194554805755615,-1.8076180219650269,-1.7304803133010864
0.0,False,False,False,False,rnaNMUZpvvg,0.00038214590067298104,0.0005335712732374986,0.0001514253725645176,-1.7999999523162842,2,A,13,ATV,15,1,1,14,-1.9067648649215698,-1.9085397720336914,-1.8994351625442505,-1.902082920074463
0.0,False,False,False,False,rnaNMUZpvvg,-0.011782445180514856,-0.012202288931973726,-0.00041984375145887043,-1.600000023841858,2,A,14,ATV,16,1,1,15,-1.4069887399673462,-1.440403938293457,-1.411225438117981,-1.4469197988510132
0.0,False,False,False,False,rnaNMUZpvvg,-0.128240225171794,-0.12396411642943406,0.004276108742359952,-2.200000047683716,2,A,15,ATV,17,1,1,16,-1.7155694961547852,-1.8737597465515137,-1.723281741142273,-1.8786027431488037
0.0,False,False,False,False,rnaNMUZpvvg,-0.09598302234167022,-0.08806636390055189,0.00791665844111833,-1.399999976158142,2,A,16,ATV,18,1,1,17,-1.8242305517196655,-1.6898077726364136,-1.8291419744491577,-1.7099943161010742
0.0,False,False,False,False,rnaNMUZpvvg,0.003918314140349821,0.003852724511006045,-6.558962934377632e-05,0.800000011920929,2,A,17,ATV,19,1,1,18,1.0940296649932861,1.1006189584732056,1.0986241102218628,1.1050066947937012
0.0,False,False,False,False,rnaNMUZpvvg,-0.6895330370425654,-0.691252161919806,-0.0017191248772405743,-2.5999999046325684,2,A,18,ATV,20,1,1,19,-1.4431649446487427,-1.7945595979690552,-1.4431904554367065,-1.7956641912460327
0.0,False,False,False,False,rnaNMUZpvvg,0.2941698523143117,0.26630319357072096,-0.027866658743590733,-2.200000047683716,2,A,19,ATV,21,1,1,20,-1.770473837852478,-1.5081455707550049,-1.7712395191192627,-1.5290762186050415
0.0,False,False,False,False,yvsjCA6Y5Fc,0.036557770929007916,0.03681357451485212,0.00025580358584420537,-2.0,2,A,0,ATV,2,1,1,1,-1.7922778129577637,-1.7176769971847534,-1.7921550273895264,-1.7171341180801392
0.0,False,False,False,False,yvsjCA6Y5Fc,-0.0955153529577153,-0.09424618908404625,0.0012691638736690436,-0.20000000298023224,2,A,1,ATV,3,1,1,2,-0.8533275127410889,-0.775605320930481,-0.8645389676094055,-0.7893775105476379
0.0,False,False,False,False,yvsjCA6Y5Fc,-0.028962357139697303,-0.030238518567863082,-0.0012761614281657785,0.4000000059604645,2,A,2,ATV,4,1,1,3,-0.7671073079109192,-0.7546328902244568,-0.7653029561042786,-0.752255380153656
0.0,False,False,False,False,yvsjCA6Y5Fc,0.8697051994994922,0.8606794751200368,-0.009025724379455369,0.0,2,A,3,ATV,5,1,1,4,-1.7344839572906494,-1.96929931640625,-1.731655478477478,-1.9645127058029175
0.0,False,False,False,False,yvsjCA6Y5Fc,0.03640019273643702,0.02227035204839467,-0.01412984068804235,-1.7999999523162842,2,A,4,ATV,6,1,1,5,-1.2628564834594727,-1.2299795150756836,-1.252726674079895,-1.232744812965393
0.0,False,False,False,False,yvsjCA6Y5Fc,-0.14426071643178773,-0.11232029297246271,0.03194042345932502,0.4000000059604645,2,A,5,ATV,7,1,1,6,-1.4869247674942017,-1.4483031034469604,-1.484567403793335,-1.4545279741287231
0.0,False,False,False,False,yvsjCA6Y5Fc,0.00568341696674679,0.00674463943335013,0.0010612224666033399,-1.399999976158142,2,A,6,ATV,8,1,1,7,-1.4376789331436157,-1.3157199621200562,-1.4377639293670654,-1.309607744216919
0.0,False,False,False,False,yvsjCA6Y5Fc,0.10837691917610925,0.10887364738637473,0.0004967282102654735,-2.0,2,A,7,ATV,9,1,1,8,-1.584229826927185,-1.4696776866912842,-1.5881760120391846,-1.4722949266433716
0.0,False,False,False,False,yvsjCA6Y5Fc,-0.15981120118252523,-0.16893001206727476,-0.009118810884749529,2.0,2,A,8,ATV,10,1,1,9,0.30566367506980896,0.3534993529319763,0.30625152587890625,0.35687679052352905
0.0,False,False,False,False,yvsjCA6Y5Fc,0.2026447776846254,0.20433739284789,0.001692615163264577,-0.6000000238418579,2,A,9,ATV,11,1,1,10,-1.212138056755066,-1.3598406314849854,-1.210180640220642,-1.3593798875808716
0.0,False,False,False,False,yvsjCA6Y5Fc,0.015919670137350295,0.012233318497621326,-0.0036863516397289686,-2.0,2,A,10,ATV,12,1,1,11,-1.9792410135269165,-1.8721305131912231,-1.987871527671814,-1.888732671737671
0.0,False,False,False,False,yvsjCA6Y5Fc,-0.056056066221344736,-0.05738064425156608,-0.0013245780302213461,-1.0,2,A,11,ATV,13,1,1,12,-1.7198505401611328,-1.6798005104064941,-1.7211240530014038,-1.6801759004592896
0.0,False,False,False,False,yvsjCA6Y5Fc,-0.017235832824084696,-0.019331344716988497,-0.002095511892903801,-2.0,2,A,12,ATV,14,1,1,13,-1.617884635925293,-1.6411458253860474,-1.6112033128738403,-1.6369138956069946
0.0,False,False,False,False,yvsjCA6Y5Fc,-0.00044090816936659394,-0.00030908456619727076,0.00013182360316932318,-1.7999999523162842,2,A,13,ATV,15,1,1,14,-1.9922523498535156,-1.9911022186279297,-1.997891902923584,-1.9971094131469727
0.0,False,False,False,False,yvsjCA6Y5Fc,-0.019697371497386484,-0.019217175892549676,0.00048019560483680834,-0.6000000238418579,2,A,14,ATV,16,1,1,15,-0.8250038623809814,-0.7758674621582031,-0.8306801319122314,-0.7843804359436035
0.0,False,False,False,False,yvsjCA6Y5Fc,-0.0561971288654064,-0.05809654704223988,-0.0018994181768334784,-2.200000047683716,2,A,15,ATV,17,1,1,16,-1.926395058631897,-2.0633890628814697,-1.9224556684494019,-2.0623979568481445
0.0,False,False,False,False,yvsjCA6Y5Fc,0.01731882961131248,0.01799147233043641,0.0006726427191239281,-1.600000023841858,2,A,16,ATV,18,1,1,17,-1.5642855167388916,-1.4636389017105103,-1.5549235343933105,-1.45849609375
0.0,False,False,False,False,yvsjCA6Y5Fc,0.04922626617005221,0.047128551509700856,-0.0020977146603513575,0.800000011920929,2,A,17,ATV,19,1,1,18,0.9872103929519653,1.0902998447418213,0.9831196069717407,1.0840094089508057
0.0,False,False,False,False,yvsjCA6Y5Fc,-0.16965528359129678,-0.16797981421900943,0.0016754693722873526,-1.7999999523162842,2,A,18,ATV,20,1,1,19,-1.3849543333053589,-1.8510644435882568,-1.3868759870529175,-1.8518805503845215
0.0,False,False,False,False,yvsjCA6Y5Fc,0.02195865015869458,0.009546920779257562,-0.01241172937943702,-1.600000023841858,2,A,19,ATV,21,1,1,20,-1.6754124164581299,-1.433730125427246,-1.688673973083496,-1.4680531024932861
0.0,False,False,False,False,yvsjCA6Y5Fc,0.0038328148761479497,0.0036553058928348037,-0.00017750898331314602,-1.2000000476837158,2,A,20,ATV,22,1,1,21,-1.05649995803833,-1.0437147617340088,-1.0544044971466064,-1.0423505306243896
0.0,False,False,False,False,pLTX3ipuDJI,0.10744652564627089,0.11327341218272124,0.00582688653645036,-1.2000000476837158,2,A,0,ATV,2,1,1,1,-0.9483886957168579,-0.7867751717567444,-0.9523870944976807,-0.7821656465530396
0.0,False,False,False,False,pLTX3ipuDJI,0.12136496367986638,0.13411563136838822,0.012750667688521844,-2.200000047683716,2,A,1,ATV,3,1,1,2,-0.5541163086891174,-0.5176510214805603,-0.5444373488426208,-0.5044165253639221
0.0,False,False,False,False,pLTX3ipuDJI,0.038364944122477596,0.04096635760328127,0.0026014134808036715,-2.0,2,A,2,ATV,4,1,1,3,-1.2200169563293457,-1.195799469947815,-1.2171547412872314,-1.1914129257202148
0.0,False,False,False,False,pLTX3ipuDJI,-0.029636346811045655,-0.03060762377026549,-0.0009712769592198356,-1.399999976158142,2,A,3,ATV,5,1,1,4,-1.1155411005020142,-1.1735479831695557,-1.1094123125076294,-1.16797935962677
0.0,False,False,False,False,pLTX3ipuDJI,-0.059916038145904515,-0.057106532617750894,0.002809505528153622,0.800000011920929,2,A,4,ATV,6,1,1,5,0.3400334417819977,0.41057324409484863,0.3411251902580261,0.40826085209846497
0.0,False,False,False,False,pLTX3ipuDJI,-0.28728864769327345,-0.2772761854968735,0.010012462196399952,-2.0,2,A,5,ATV,7,1,1,6,-1.1463816165924072,-1.3356388807296753,-1.151557445526123,-1.3347342014312744
0.0,False,False,False,False,pLTX3ipuDJI,-0.19580693541124106,-0.18727842760743485,0.008528507803806207,0.0,2,A,6,ATV,8,1,1,7,-0.7253090739250183,-0.5746880173683167,-0.7220488786697388,-0.5779932141304016
0.0,False,False,False,False,pLTX3ipuDJI,-0.012323560871223549,-0.009545179748485566,0.002778381122737983,-1.600000023841858,2,A,7,ATV,9,1,1,8,-1.352355718612671,-1.3786312341690063,-1.3513144254684448,-1.371309518814087
0.0,False,False,False,False,pLTX3ipuDJI,9.958394588238662e-05,0.00015627020186670393,5.668625598431731e-05,0.6000000238418579,2,A,8,ATV,10,1,1,9,0.5570725202560425,0.5559278726577759,0.558918297290802,0.5570584535598755
0.0,False,False,False,False,pLTX3ipuDJI,-0.9454752976265723,-0.9549695977580321,-0.009494300131459799,-2.0,2,A,9,ATV,11,1,1,10,-0.20918214321136475,-0.4961538314819336,-0.20375041663646698,-0.4928361177444458
0.0,False,True,False,True,pLTX3ipuDJI,0.5749507780291467,0.5532993776277442,-0.021651400401402565,-1.399999976158142,2,A,10,ATV,12,1,1,11,-0.01061268337070942,0.1828290820121765,-0.010026935487985611,0.17649120092391968
0.0,False,False,False,False,pLTX3ipuDJI,0.13618682109820668,0.15027340770878084,0.014086586610574159,-2.0,2,A,11,ATV,13,1,1,12,-1.1483056545257568,-1.0717920064926147,-1.1510932445526123,-1.066771149635315
0.0,False,False,False,False,pLTX3ipuDJI,0.12825377193520637,0.12996979633267358,0.0017160243974672085,-1.399999976158142,2,A,12,ATV,14,1,1,13,-1.0033358335494995,-0.8655879497528076,-1.0087167024612427,-0.8679544925689697
0.0,False,False,False,False,pLTX3ipuDJI,0.0025618438101986385,0.005012267491949274,0.0024504236817506353,-1.600000023841858,2,A,13,ATV,15,1,1,14,-1.4014294147491455,-1.3950802087783813,-1.4004433155059814,-1.3882569074630737
0.0,False,False,False,False,cW1FSBF59ik,0.13073553993596576,0.13201025988205117,0.001274719946085412,-1.0,2,A,0,ATV,2,1,1,1,-0.8608967661857605,-1.3874083757400513,-0.8630162477493286,-1.3882973194122314
0.0,False,False,False,False,cW1FSBF59ik,-0.10812635601844534,-0.09574875182261167,0.012377604195833669,1.600000023841858,2,A,1,ATV,3,1,1,2,1.056319236755371,1.167030692100525,1.0663214921951294,1.1651850938796997
0.0,False,False,False,False,cW1FSBF59ik,0.05040210322704297,0.05262453074543316,0.002222427518390191,2.0,2,A,2,ATV,4,1,1,3,1.4179260730743408,1.376131296157837,1.4151805639266968,1.3717975616455078
0.0,False,False,False,False,cW1FSBF59ik,-0.05351415663771775,-0.054012635154450095,-0.000498478516732348,1.2000000476837158,2,A,3,ATV,5,1,1,4,1.5861783027648926,1.5092240571975708,1.5883015394210815,1.5110714435577393
0.0,False,False,False,False,cW1FSBF59ik,-0.005962260344176684,-0.011929199217021846,-0.005966938872845162,0.5,2,A,4,ATV,6,1,1,5,1.1918339729309082,1.1875114440917969,1.1871278285980225,1.1783918142318726
0.0,False,False,False,False,cW1FSBF59ik,0.0005101190191112437,0.00021916477112426946,-0.0002909542479869742,1.7999999523162842,2,A,5,ATV,7,1,1,6,1.4811522960662842,1.4803533554077148,1.4778544902801514,1.4775145053863525
0.0,False,False,False,False,cW1FSBF59ik,-0.10983941180498036,-0.15419543994984508,-0.04435602814486472,-2.4000000953674316,2,A,6,ATV,8,1,1,7,-0.35378384590148926,-0.38080185651779175,-0.34534892439842224,-0.38322147727012634
0.0,False,False,False,False,cW1FSBF59ik,0.466735829088023,0.4588359892310194,-0.007899839857003599,-1.0,2,A,7,ATV,9,1,1,8,1.4361512660980225,1.5301321744918823,1.4369932413101196,1.5293817520141602
0.0,False,False,False,False,cW1FSBF59ik,0.2853409052516298,0.2742499840812087,-0.011090921170421097,-1.0,2,A,8,ATV,10,1,1,9,-1.1080657243728638,-1.544994592666626,-1.1309400796890259,-1.5398104190826416
0.0,True,False,True,False,cW1FSBF59ik,-1.7480190716543413,-1.6647300119819555,0.08328905967238587,2.200000047683716,2,A,9,ATV,11,1,1,10,-0.3068663775920868,0.07012676447629929,-0.2927730083465576,0.0671176090836525
0.0,False,False,False,False,cW1FSBF59ik,-0.05652424535396605,-0.06800969852591265,-0.011485453171946602,2.0,2,A,10,ATV,12,1,1,11,0.6484559774398804,0.6695312857627869,0.6508583426475525,0.6763030886650085
0.0,False,False,False,False,cW1FSBF59ik,0.2024602731321039,0.20310835313694042,0.0006480800048365154,-1.2000000476837158,2,A,11,ATV,13,1,1,12,-1.3659744262695312,-1.6795912981033325,-1.3642873764038086,-1.6796860694885254
0.0,False,False,False,False,cW1FSBF59ik,1.0186781813307988,0.9634114556166651,-0.05526672571413371,-2.5999999046325684,2,A,12,ATV,14,1,1,13,-1.6640089750289917,-1.2234981060028076,-1.6627689599990845,-1.2428656816482544
0.0,False,False,False,False,cW1FSBF59ik,-0.23887390339041303,-0.25555042587239996,-0.016676522481986922,3.0,2,A,13,ATV,15,1,1,14,1.1009399890899658,1.164910078048706,1.0948641300201416,1.1631569862365723
0.0,False,False,False,False,cW1FSBF59ik,0.19226532984907863,0.19480030958969508,0.00253497974061645,2.4000000953674316,2,A,14,ATV,16,1,1,15,1.5692812204360962,1.4606603384017944,1.5673891305923462,1.4576406478881836
0.0,False,False,False,False,cW1FSBF59ik,0.11824345336333408,0.11907954464277282,0.0008360912794387332,2.5999999046325684,2,A,15,ATV,17,1,1,16,1.6654027700424194,1.6041508913040161,1.667534589767456,1.6057307720184326
0.0,False,False,False,False,cW1FSBF59ik,-0.05079716781644983,-0.05532421370958396,-0.0045270458931341295,0.20000000298023224,2,A,16,ATV,18,1,1,17,0.7844367623329163,0.7392301559448242,0.7765650153160095,0.7264057397842407
0.0,False,False,False,False,cW1FSBF59ik,-0.03407661081915592,-0.03139029167641638,0.002686319142739535,2.5,2,A,17,ATV,19,1,1,18,1.320664882659912,1.3352018594741821,1.3190357685089111,1.3324015140533447
0.0,False,False,False,False,cW1FSBF59ik,0.0005599111628526998,0.0007163674860066749,0.00015645632315397506,1.600000023841858,2,A,18,ATV,20,1,1,19,1.5579084157943726,1.551713228225708,1.5557103157043457,1.5482511520385742
0.0,False,False,False,False,cW1FSBF59ik,-0.14470379836974345,-0.15609264099197162,-0.011388842622228168,-1.0,2,A,19,ATV,21,1,1,20,1.0055660009384155,0.9691600203514099,1.0099029541015625,0.9706895351409912
0.0,False,False,False,False,cW1FSBF59ik,-0.017643777550858886,-0.018136599611921156,-0.0004928220610622702,1.399999976158142,2,A,20,ATV,22,1,1,21,1.248174786567688,1.3264669179916382,1.2444870471954346,1.3222332000732422
0.0,False,False,False,False,cW1FSBF59ik,-0.027034828867993355,-0.021474418605066603,0.0055604102629267516,0.0,2,A,21,ATV,23,1,1,22,0.8595336675643921,0.8436606526374817,0.8623221516609192,0.8497794270515442
0.0,False,False,False,False,tmZoasNr4rU,0.34173670138409307,0.32883992917777505,-0.012896772206318019,-2.0,2,A,0,ATV,2,1,1,1,-1.3819650411605835,-1.1492921113967896,-1.3802533149719238,-1.1556506156921387
0.0,False,False,False,False,tmZoasNr4rU,-0.07377820874651775,-0.07866738357563463,-0.004889174829116882,-0.800000011920929,2,A,1,ATV,3,1,1,2,-1.6545937061309814,-1.6102790832519531,-1.6497719287872314,-1.6021502017974854
0.0,False,False,False,False,tmZoasNr4rU,-0.10117027033572867,-0.10276251797836267,-0.0015922476426339927,-0.800000011920929,2,A,2,ATV,4,1,1,3,-1.6543843746185303,-1.592970609664917,-1.6606155633926392,-1.598684310913086
0.0,False,False,False,False,tmZoasNr4rU,0.033023208990456965,0.03117377012529232,-0.0018494388651646432,-1.7999999523162842,2,A,3,ATV,5,1,1,4,-1.4685248136520386,-1.4219801425933838,-1.465539813041687,-1.4217971563339233
0.0,False,False,False,False,tmZoasNr4rU,-0.01830658967060117,-0.019370856953742077,-0.0010642672831409072,-1.0,2,A,4,ATV,6,1,1,5,-1.7838772535324097,-1.7721120119094849,-1.782476544380188,-1.7699991464614868
0.0,False,False,False,False,tmZoasNr4rU,0.00478075348750906,0.0035792785357671164,-0.0012014749517419432,-2.0,2,A,5,ATV,7,1,1,6,-1.7036343812942505,-1.6956756114959717,-1.7019869089126587,-1.6960409879684448
0.0,False,False,False,False,tmZoasNr4rU,0.17311096933383396,0.17077000819831767,-0.002340961135516295,-0.6000000238418579,2,A,6,ATV,8,1,1,7,-1.9800074100494385,-2.0413644313812256,-1.9821690320968628,-2.0426230430603027
0.0,False,False,False,False,tmZoasNr4rU,0.0816219232289086,0.07141132940967054,-0.010210593819238056,-1.7999999523162842,2,A,7,ATV,9,1,1,8,-0.9420539736747742,-0.895736038684845,-0.9384517073631287,-0.8979596495628357
0.0,False,False,False,False,tmZoasNr4rU,-0.45969708138916565,-0.46225457124817737,-0.002557489859011719,-0.6000000238418579,2,A,8,ATV,10,1,1,9,0.3314354419708252,0.03865085542201996,0.33054137229919434,0.03533667325973511
0.0,False,False,False,False,tmZoasNr4rU,0.05603620377303287,0.04046808200388341,-0.015568121769149457,-2.200000047683716,2,A,9,ATV,11,1,1,10,-1.6151143312454224,-1.5690265893936157,-1.6103088855743408,-1.5769400596618652
0.0,False,False,False,False,tmZoasNr4rU,0.03965682448077246,0.04227367700253737,0.002616852521764912,-0.800000011920929,2,A,10,ATV,12,1,1,11,-0.7836304903030396,-0.600188136100769,-0.7819631099700928,-0.5936047434806824
0.0,False,False,False,False,tmZoasNr4rU,-0.06547507970067556,-0.06384235501059266,0.0016327246900829095,-2.0,2,A,11,ATV,13,1,1,12,-1.6928826570510864,-1.8301589488983154,-1.692824363708496,-1.8253159523010254
0.0,False,False,False,False,tmZoasNr4rU,-0.4751085400104671,-0.4467175465498343,0.028390993460632785,0.25,2,A,12,ATV,14,1,1,13,-1.3642210960388184,-1.209657907485962,-1.3639888763427734,-1.2190958261489868
0.0,False,False,False,False,tmZoasNr4rU,-0.007927924908926798,-0.011693178137718974,-0.003765253228792176,-1.399999976158142,2,A,13,ATV,15,1,1,14,-1.9779115915298462,-1.9710112810134888,-1.9805266857147217,-1.9703665971755981
0.0,False,False,False,False,tmZoasNr4rU,-0.053518605934584684,-0.05326386802516936,0.0002547379094153257,-1.399999976158142,2,A,14,ATV,16,1,1,15,-1.890546202659607,-1.832570195198059,-1.8916341066360474,-1.8340970277786255
0.0,False,False,False,False,tmZoasNr4rU,-0.03923907769085133,-0.0405951159335558,-0.0013560382427044715,0.0,2,A,15,ATV,17,1,1,16,-1.9814565181732178,-1.9715300798416138,-1.9832229614257812,-1.9729617834091187
0.0,False,False,False,False,tmZoasNr4rU,-0.11513264241691523,-0.10823740102526891,0.006895241391646323,0.20000000298023224,2,A,16,ATV,18,1,1,17,-1.0331326723098755,-0.9855309128761292,-1.0324962139129639,-0.9877750277519226
0.0,False,False,False,False,tmZoasNr4rU,0.14451527502269812,0.14285303461640808,-0.0016622404062900387,-1.0,2,A,17,ATV,19,1,1,18,-1.9114220142364502,-1.9875248670578003,-1.9088108539581299,-1.9842714071273804
0.0,False,False,False,False,d6hH302o4v8,-0.39923988121550713,-0.3654740453822427,0.033765835833264424,0.20000000298023224,2,A,0,ATV,2,1,1,1,-1.3483655452728271,-1.2135756015777588,-1.344404697418213,-1.221165657043457
0.0,False,False,False,False,d6hH302o4v8,0.0486511866034931,0.04769874297390686,-0.0009524436295862415,-1.600000023841858,2,A,1,ATV,3,1,1,2,-1.1632243394851685,-1.1106901168823242,-1.1751651763916016,-1.1223145723342896
0.0,False,False,False,False,d6hH302o4v8,-0.26738132870679365,-0.26600018988279217,0.0013811388240014821,-1.3333333730697632,2,A,2,ATV,4,1,1,3,-0.43789130449295044,-0.6022826433181763,-0.4412207007408142,-0.6054152250289917
0.0,False,False,False,False,d6hH302o4v8,-0.4463363702961942,-0.4295427391994622,0.016793631096732042,-2.0,2,A,3,ATV,5,1,1,4,-1.1043840646743774,-1.4035173654556274,-1.1247546672821045,-1.4199037551879883
0.0,False,False,False,False,d6hH302o4v8,0.4406148939335566,0.39890762478539443,-0.04170726914816214,-2.799999952316284,2,A,4,ATV,6,1,1,5,-1.7633904218673706,-1.5690758228302002,-1.7654255628585815,-1.5878729820251465
0.0,False,False,False,False,d6hH302o4v8,0.13906690331714344,0.13578577459981034,-0.003281128717333104,-2.200000047683716,2,A,5,ATV,7,1,1,6,-1.7836472988128662,-1.6410577297210693,-1.7900135517120361,-1.6487517356872559
0.0,False,False,False,False,d6hH302o4v8,0.12892914512802278,0.12892104385047176,-8.101277551020303e-06,-2.4000000953674316,2,A,6,ATV,8,1,1,7,-0.9967266917228699,-0.9515162706375122,-0.9858895540237427,-0.9410176873207092
0.0,False,False,False,False,d6hH302o4v8,-0.0004443846103043825,-0.00030784699242758506,0.0001365376178767974,-1.2000000476837158,2,A,7,ATV,9,1,1,8,-1.156480073928833,-1.238073706626892,-1.1568869352340698,-1.2393814325332642
0.0,False,False,False,False,d6hH302o4v8,0.018486056071424173,0.022986700093909462,0.0045006440224852895,-1.0,2,A,8,ATV,10,1,1,9,-1.634365200996399,-1.648772120475769,-1.640258550643921,-1.657964825630188
0.0,False,False,False,False,d6hH302o4v8,-0.028873770199993487,-0.0325663314756639,-0.003692561275670414,1.399999976158142,2,A,9,ATV,11,1,1,10,1.223869800567627,1.3536527156829834,1.2101268768310547,1.3409621715545654
0.0,False,False,False,False,d6hH302o4v8,-0.4260948414453196,-0.4573893046502491,-0.03129446320492946,-2.0,2,A,10,ATV,12,1,1,11,-1.3342139720916748,-1.8689420223236084,-1.3085829019546509,-1.8562352657318115
0.0,False,False,False,False,d6hH302o4v8,0.24670053357169763,0.22154597600545856,-0.025154557566239077,-1.7999999523162842,2,A,11,ATV,13,1,1,12,-1.6466389894485474,-1.2801729440689087,-1.636508584022522,-1.301727533340454
0.0,False,False,False,False,d6hH302o4v8,0.023389527589742443,0.025851339521963723,0.0024618119322212806,-1.75,2,A,12,ATV,14,1,1,13,-1.712429404258728,-1.5925164222717285,-1.7124100923538208,-1.5848808288574219
0.0,False,False,False,False,d6hH302o4v8,0.004548426997800448,0.004855605479249903,0.0003071784814494549,-2.0,2,A,13,ATV,15,1,1,14,-1.9211889505386353,-1.8962714672088623,-1.925830602645874,-1.898232102394104
0.0,False,False,False,False,d6hH302o4v8,0.03150123555491291,0.02986632993145122,-0.001634905623461691,-2.0,2,A,14,ATV,16,1,1,15,-1.4455301761627197,-1.417816162109375,-1.4472798109054565,-1.4208921194076538
0.0,False,False,False,False,d6hH302o4v8,-0.0014894188846739098,-0.00029427517165458994,0.0011951437130193199,-2.0,2,A,15,ATV,17,1,1,16,-1.9571996927261353,-2.018505334854126,-1.9684722423553467,-2.0264523029327393
0.0,False,False,False,False,d6hH302o4v8,0.14065039745537433,0.12587181936105196,-0.01477857809432237,-2.799999952316284,2,A,16,ATV,18,1,1,17,-1.460310935974121,-1.4088072776794434,-1.4738882780075073,-1.4272494316101074
0.0,False,False,False,False,d6hH302o4v8,-0.09804396626644873,-0.08989250731216814,0.0081514589542806,1.0,2,A,17,ATV,19,1,1,18,0.31486696004867554,0.3906041383743286,0.33996331691741943,0.41198986768722534
0.0,False,False,False,False,d6hH302o4v8,-0.411889830776488,-0.39092021439682867,0.020969616379659328,-2.4000000953674316,2,A,18,ATV,20,1,1,19,-1.5173726081848145,-1.7940781116485596,-1.5315725803375244,-1.7973010540008545
0.0,False,False,False,False,d6hH302o4v8,-0.3809240174568913,-0.34782587162986545,0.03309814582702586,-1.0,2,A,19,ATV,21,1,1,20,-2.037531614303589,-1.8339951038360596,-2.0271878242492676,-1.841004729270935
0.0,False,False,False,False,d6hH302o4v8,-0.04372227385425731,-0.03796207887995706,0.005760194974300248,-2.5999999046325684,2,A,20,ATV,22,1,1,21,-2.146127939224243,-2.1971631050109863,-2.152148485183716,-2.1967520713806152
0.0,False,False,False,False,d6hH302o4v8,0.07064002681958925,0.05173913213639025,-0.018900894683199,-2.799999952316284,2,A,21,ATV,23,1,1,22,-1.6999691724777222,-1.66831636428833,-1.6934226751327515,-1.6702865362167358
0.0,False,False,False,False,d6hH302o4v8,0.040956855618176746,0.03958888525232851,-0.0013679703658482367,-1.600000023841858,2,A,22,ATV,24,1,1,23,-1.4888709783554077,-1.3691179752349854,-1.487410306930542,-1.3713839054107666
0.0,False,False,False,False,d6hH302o4v8,-0.15866825570476806,-0.13631434334432413,0.022353912360443928,-2.5999999046325684,2,A,23,ATV,25,1,1,24,-1.45067298412323,-1.521907091140747,-1.4662227630615234,-1.5280221700668335
0.0,False,False,False,False,d6hH302o4v8,0.40974902597918117,0.3754702260605427,-0.03427879991863847,-2.5999999046325684,2,A,24,ATV,26,1,1,25,-1.1035692691802979,-0.9724085330963135,-1.122602939605713,-1.0005712509155273
0.0,False,False,False,False,d6hH302o4v8,0.15387402650321746,0.1469175709466981,-0.006956455556519359,-1.0,2,A,25,ATV,27,1,1,26,-1.17462158203125,-1.4293794631958008,-1.1536681652069092,-1.412954568862915
0.0,False,False,False,False,d6hH302o4v8,0.3273899230745627,0.3167323433117417,-0.010657579762821001,-1.7999999523162842,2,A,26,ATV,28,1,1,27,-1.337546706199646,-1.0643010139465332,-1.3342971801757812,-1.0695128440856934
0.0,False,False,False,False,d6hH302o4v8,-0.060211120802478035,-0.04630539378649701,0.013905727015981029,-2.799999952316284,2,A,27,ATV,29,1,1,28,-1.8061435222625732,-1.8369114398956299,-1.811640739440918,-1.835350513458252
0.0,False,False,False,False,d6hH302o4v8,0.009210829850118785,0.011858091945896376,0.0026472620957775916,-1.399999976158142,2,A,28,ATV,30,1,1,29,-1.75644850730896,-1.769142746925354,-1.7533464431762695,-1.7697455883026123
0.0,False,False,False,False,d6hH302o4v8,0.1269012877226885,0.12086654433556437,-0.00603474338712412,-0.6000000238418579,2,A,29,ATV,31,1,1,30,-0.16062003374099731,-0.034353435039520264,-0.15646855533123016,-0.03645170480012894
0.0,False,False,False,False,d6hH302o4v8,-0.5574817431009933,-0.5438674087313302,0.013614334369663084,-3.0,2,A,30,ATV,32,1,1,31,-1.7162960767745972,-1.9557710886001587,-1.7236779928207397,-1.9583040475845337
0.0,False,False,False,False,d6hH302o4v8,0.16941056098837848,0.10850084342246191,-0.060909717565916566,-3.0,2,A,31,ATV,33,1,1,32,-0.9464704394340515,-0.905627965927124,-0.9647740721702576,-0.9382906556129456
0.0,False,False,False,False,d6hH302o4v8,-0.005336376197988102,-0.005007957334441926,0.000328418863546176,-1.600000023841858,2,A,32,ATV,34,1,1,33,-1.5163638591766357,-1.6407263278961182,-1.5166702270507812,-1.6439988613128662
0.0,False,False,False,False,d6hH302o4v8,0.23331826301996728,0.2345824960847409,0.0012642330647736344,-2.200000047683716,2,A,33,ATV,35,1,1,34,-1.8765239715576172,-1.6186610460281372,-1.8730981349945068,-1.615665078163147
0.0,False,False,False,False,d6hH302o4v8,0.03449696775174971,0.03606850036561582,0.0015715326138661112,-2.200000047683716,2,A,34,ATV,36,1,1,35,-1.907700777053833,-1.853682518005371,-1.9089818000793457,-1.852494478225708
0.0,False,False,False,False,d6hH302o4v8,0.03462573275015757,0.03581762775024799,0.001191895000090426,-3.0,2,A,35,ATV,37,1,1,36,-1.9560585021972656,-1.9396040439605713,-1.9558266401290894,-1.9388140439987183
0.0,False,False,False,False,d6hH302o4v8,-0.08774044636658118,-0.08911869758931346,-0.001378251222732274,-3.0,2,A,36,ATV,38,1,1,37,-1.9569199085235596,-1.9998621940612793,-1.9571410417556763,-2.0007822513580322
0.0,False,False,False,False,d6hH302o4v8,0.03427038848073494,0.027636526355053093,-0.006633862125681844,-1.0,2,A,37,ATV,39,1,1,38,-0.660870373249054,-0.6136332154273987,-0.6606985926628113,-0.6221614480018616
0.0,False,False,False,False,d6hH302o4v8,-0.15173743323897781,-0.1490118560955267,0.002725577143451119,-2.4000000953674316,2,A,38,ATV,40,1,1,39,-1.6928967237472534,-1.8098664283752441,-1.6971594095230103,-1.8126559257507324
0.0,False,False,False,False,d6hH302o4v8,-0.03672194428457942,-0.03669389013181501,2.805415276441181e-05,-1.399999976158142,2,A,39,ATV,41,1,1,40,-1.696102499961853,-1.6257315874099731,-1.7075703144073486,-1.6406358480453491
0.0,False,False,False,False,d6hH302o4v8,-0.04116753207927104,-0.04238412065143393,-0.001216588572162891,-2.5,2,A,40,ATV,42,1,1,41,-1.3867671489715576,-1.4054133892059326,-1.3991153240203857,-1.41853666305542
0.0,False,False,False,False,dq3Nf_lMPnE,-0.42465493493892836,-0.414572148500568,0.010082786438360358,-1.2000000476837158,2,A,0,ATV,2,1,1,1,-1.8943777084350586,-1.439802885055542,-1.8950873613357544,-1.461866855621338
0.0,False,False,False,False,dq3Nf_lMPnE,-0.001086205882585567,-0.00046292968030314796,0.000623276202282419,-0.4000000059604645,2,A,1,ATV,3,1,1,2,-0.3535279333591461,-0.36723649501800537,-0.3618429899215698,-0.3684876561164856
0.0,False,False,False,False,dq3Nf_lMPnE,0.7046709961269215,0.7209828079523248,0.01631181182540331,1.2000000476837158,2,A,2,ATV,4,1,1,3,-1.6617554426193237,-1.7823338508605957,-1.6617616415023804,-1.7850732803344727
0.0,False,False,False,False,dq3Nf_lMPnE,-0.9095858943848611,-0.8762707612094687,0.033315133175392475,0.800000011920929,2,A,3,ATV,5,1,1,4,-1.6330095529556274,-1.4382916688919067,-1.631596326828003,-1.444190263748169
0.0,False,False,False,False,dq3Nf_lMPnE,0.00017684553921526458,0.0002953825559757206,0.00011853701676045603,-2.0,2,A,4,ATV,6,1,1,5,-1.9923222064971924,-2.0153555870056152,-1.9987390041351318,-2.017232894897461
0.0,False,False,False,False,dq3Nf_lMPnE,-0.0013139428334659753,0.0034510637858489734,0.004765006619314949,0.6000000238418579,2,A,5,ATV,7,1,1,6,-0.013323530554771423,-0.01225142739713192,-0.015002971515059471,-0.01780232973396778
0.0,False,False,False,False,dq3Nf_lMPnE,0.32741701590134653,0.33255367737311303,0.0051366614717665016,-0.800000011920929,2,A,6,ATV,8,1,1,7,-1.354081153869629,-1.5965067148208618,-1.3427547216415405,-1.5919194221496582
0.0,False,False,False,False,dq3Nf_lMPnE,-0.06771293031446035,-0.06756846210973677,0.00014446820472358013,1.0,2,A,7,ATV,9,1,1,8,0.7345278859138489,0.9474403858184814,0.7329338192939758,0.9387147426605225
0.0,False,False,False,False,dq3Nf_lMPnE,0.3152849294301454,0.3116025222183332,-0.003682407211812233,-0.6000000238418579,2,A,8,ATV,10,1,1,9,-0.8767208456993103,-1.2259867191314697,-0.8832241892814636,-1.2259540557861328
0.0,False,False,False,False,dq3Nf_lMPnE,-0.17272894931774374,-0.16548268895520835,0.007246260362535395,-1.600000023841858,2,A,9,ATV,11,1,1,10,-2.073573350906372,-1.8270303010940552,-2.0746424198150635,-1.8445459604263306
0.0,False,False,False,False,dq3Nf_lMPnE,0.01221292939368368,0.012149955567039683,-6.29738266439972e-05,-1.2000000476837158,2,A,10,ATV,12,1,1,11,-1.210078477859497,-1.089029312133789,-1.2134560346603394,-1.0889549255371094
0.0,False,True,False,True,dq3Nf_lMPnE,0.16329355214551944,0.1568753836903265,-0.006418168455192941,-1.7999999523162842,2,A,11,ATV,13,1,1,12,-0.036802008748054504,0.00891147181391716,-0.038451798260211945,0.005526918917894363
0.0,False,False,False,False,dq3Nf_lMPnE,0.38308726846074137,0.3847023189485981,0.0016150504878567062,1.0,2,A,12,ATV,14,1,1,13,0.7340717911720276,0.3263494372367859,0.7332761883735657,0.324837863445282
0.0,False,False,False,False,k5Y_838nuGo,-0.031515176062413275,-0.03425493760101972,-0.0027397615386064444,0.800000011920929,2,A,0,ATV,2,1,1,1,1.1329238414764404,1.0816435813903809,1.1365140676498413,1.0810458660125732
0.0,False,False,False,False,k5Y_838nuGo,-0.00028936252464362155,0.0001377979203560642,0.00042716044499968575,1.0,2,A,1,ATV,3,1,1,2,0.9515427947044373,0.9546266794204712,0.9519599080085754,0.9505465030670166
0.0,False,False,False,False,k5Y_838nuGo,-0.008524091104604281,-0.010338586619454304,-0.001814495514850023,-1.3333333730697632,2,A,2,ATV,4,1,1,3,-1.1759861707687378,-1.2059204578399658,-1.1693023443222046,-1.204618215560913
0.0,False,False,False,False,k5Y_838nuGo,-0.0693843955779272,-0.06901231684651066,0.00037207873141653636,2.0,2,A,3,ATV,5,1,1,4,1.2063592672348022,1.2513470649719238,1.208728551864624,1.2536098957061768
0.0,False,False,False,False,k5Y_838nuGo,-0.6694198142607348,-0.6562154710415484,0.013204343219186399,-2.4000000953674316,2,A,4,ATV,6,1,1,5,-1.1350306272506714,-1.4352576732635498,-1.1450300216674805,-1.4414937496185303
0.0,False,False,False,False,k5Y_838nuGo,0.14910390055665346,0.12602180830629095,-0.023082092250362507,-1.399999976158142,2,A,5,ATV,7,1,1,6,-1.416306734085083,-1.0135160684585571,-1.4321677684783936,-1.0435500144958496
0.0,False,False,False,False,k5Y_838nuGo,0.0006501483393890339,0.00020632787663998897,-0.00044382046274904496,1.7999999523162842,2,A,6,ATV,8,1,1,7,1.489443302154541,1.4883983135223389,1.4919757843017578,1.4916410446166992
0.0,False,False,False,False,k5Y_838nuGo,0.2211229604784677,0.22529014937883574,0.004167188900368046,2.0,2,A,7,ATV,9,1,1,8,1.310441255569458,1.1653658151626587,1.3094364404678345,1.1620452404022217
0.0,False,False,False,False,k5Y_838nuGo,-0.01964805923377355,-0.02575066508113366,-0.00610260584736011,0.5,2,A,8,ATV,10,1,1,9,1.2211190462112427,1.207364559173584,1.2226812839508057,1.2046400308609009
0.0,False,False,False,False,k5Y_838nuGo,-0.06029750231381925,-0.06207579265591434,-0.0017782903420950902,0.20000000298023224,2,A,9,ATV,11,1,1,10,0.9015491604804993,0.8571709990501404,0.9043572545051575,0.8588196635246277
0.0,False,False,False,False,k5Y_838nuGo,0.08095249876885191,0.07809723341209462,-0.002855265356757286,0.6000000238418579,2,A,10,ATV,12,1,1,11,1.1055405139923096,1.1801066398620605,1.1075246334075928,1.1793776750564575
0.0,False,False,False,False,k5Y_838nuGo,-0.9404789774945157,-0.9167968772680526,0.02368210022646311,-1.7999999523162842,2,A,11,ATV,13,1,1,12,-0.10266747325658798,-0.4069965183734894,-0.1065397560596466,-0.40321415662765503
0.0,False,False,False,False,k5Y_838nuGo,0.3379753079902059,0.3226599880415506,-0.015315319948655315,-0.800000011920929,2,A,12,ATV,14,1,1,13,1.3898547887802124,1.4657094478607178,1.385894536972046,1.458493947982788
0.0,False,False,False,False,k5Y_838nuGo,0.024443274842269602,0.006046919330430001,-0.0183963555118396,0.25,2,A,13,ATV,15,1,1,14,-0.5166840553283691,-0.5324625968933105,-0.531787097454071,-0.5356449484825134
0.0,False,False,False,False,k5Y_838nuGo,-0.17129124957413566,-0.17439846052380759,-0.0031072109496719236,0.800000011920929,2,A,14,ATV,16,1,1,15,0.3432394862174988,0.6067671775817871,0.3397122621536255,0.6064377427101135
0.0,False,False,False,False,k5Y_838nuGo,-0.01439985518108955,-0.011320340276270713,0.0030795149048188364,0.4000000059604645,2,A,15,ATV,17,1,1,16,1.2937214374542236,1.2856286764144897,1.2878822088241577,1.2814842462539673
0.0,False,False,False,False,k5Y_838nuGo,0.04402377282210068,0.03410778471276199,-0.009915988109338691,-0.6000000238418579,2,A,16,ATV,18,1,1,17,-0.47354596853256226,-0.844978392124176,-0.4588826596736908,-0.832426130771637
0.0,True,False,True,False,k5Y_838nuGo,-0.3679639044003824,-0.36923464885984864,-0.0012707444594662332,0.4000000059604645,2,A,17,ATV,19,1,1,18,-0.3080871105194092,0.034728243947029114,-0.3194783627986908,0.01475401408970356
0.0,False,False,False,False,k5Y_838nuGo,-0.20398667092983302,-0.21738712463206866,-0.013400453702235637,-0.20000000298023224,2,A,18,ATV,20,1,1,19,-1.4065438508987427,-1.3188214302062988,-1.403653860092163,-1.3096826076507568
0.0,False,False,False,False,k5Y_838nuGo,-0.029625378831710236,-0.028789787502674358,0.0008355913290358785,0.4000000059604645,2,A,19,ATV,21,1,1,20,1.1061862707138062,1.084889531135559,1.0980418920516968,1.0771061182022095
0.0,False,False,False,False,k5Y_838nuGo,-0.3704944719381711,-0.37138617685569386,-0.0008917049175227731,-0.20000000298023224,2,A,20,ATV,22,1,1,21,1.0493050813674927,0.8909943699836731,1.053225040435791,0.8950738906860352
0.0,False,False,False,False,k5Y_838nuGo,0.028023697282719695,0.03039961536628244,0.0023759180835627447,0.6000000238418579,2,A,21,ATV,23,1,1,22,0.5347095131874084,0.4203154444694519,0.5403986573219299,0.415739506483078
0.0,False,False,False,False,k5Y_838nuGo,-0.011161292932637679,-0.007696224114008388,0.003465068818629291,-0.20000000298023224,2,A,22,ATV,24,1,1,23,-0.6786502003669739,-0.6668455004692078,-0.7042642831802368,-0.6965745091438293
0.0,False,False,False,False,k5Y_838nuGo,-0.24620222579699202,-0.23773255855481068,0.008469667242181345,2.0,2,A,23,ATV,25,1,1,24,1.109467625617981,1.2605098485946655,1.116256594657898,1.2629315853118896
0.0,False,False,False,False,k5Y_838nuGo,0.253299754151346,0.24731478481436753,-0.005984969336978452,-0.800000011920929,2,A,24,ATV,26,1,1,25,-0.8828317523002625,-1.310059666633606,-0.8812311291694641,-1.3038980960845947
0.0,False,False,False,False,k5Y_838nuGo,-0.08516587091266103,-0.07749748770538645,0.007668383207274587,2.0,2,A,25,ATV,27,1,1,26,1.4084542989730835,1.4854512214660645,1.41335129737854,1.4836094379425049
0.0,False,False,False,False,k5Y_838nuGo,0.2484050638992379,0.2429081429779636,-0.005496920921274295,-0.75,2,A,26,ATV,28,1,1,27,-0.7316630482673645,-1.2487397193908691,-0.7378659844398499,-1.2430064678192139
0.0,False,False,False,False,k5Y_838nuGo,-0.042110178994335,-0.040751996970939786,0.0013581820233952158,1.600000023841858,2,A,27,ATV,29,1,1,28,1.3339049816131592,1.4305999279022217,1.3324346542358398,1.4243890047073364
0.0,False,False,False,False,k5Y_838nuGo,-0.188745350431045,-0.17651237739546843,0.012232973035576578,-1.0,2,A,28,ATV,30,1,1,29,-0.5499448776245117,-0.8825084567070007,-0.5648833513259888,-0.8868005275726318
0.0,False,False,False,False,iiK8YX8oH1E,-0.3498726624449384,-0.33500910057767896,0.014863561867259456,-1.25,2,A,0,ATV,2,1,1,1,-0.3549787700176239,-0.578292965888977,-0.35710906982421875,-0.5701138973236084
0.0,False,False,False,False,iiK8YX8oH1E,0.8292187841751719,0.8095982536263016,-0.019620530548870363,-2.0,2,A,1,ATV,3,1,1,2,-1.0006539821624756,-0.6479973196983337,-0.9953879714012146,-0.6513549089431763
0.0,False,False,False,False,iiK8YX8oH1E,-0.06865581817560695,-0.07806566394332748,-0.009409845767720526,-0.4000000059604645,2,A,2,ATV,4,1,1,3,-0.7032868266105652,-0.5527320504188538,-0.7187350988388062,-0.5533831715583801
0.0,False,False,False,False,iiK8YX8oH1E,0.06256958860009476,0.06390509267224331,0.0013355040721485523,0.20000000298023224,2,A,3,ATV,5,1,1,4,1.2595810890197754,1.2887064218521118,1.2703245878219604,1.2997726202011108
0.0,False,False,False,False,iiK8YX8oH1E,-0.9537365352169127,-0.9544307034176569,-0.000694168200744194,-1.600000023841858,2,A,4,ATV,6,1,1,5,-0.42726418375968933,-0.9507136344909668,-0.4251270294189453,-0.9473930597305298
0.0,False,False,False,False,iiK8YX8oH1E,0.2289435832261688,0.19654637279637655,-0.03239721042979227,-1.0,2,A,5,ATV,7,1,1,6,0.87039715051651,0.9306291937828064,0.8771558403968811,0.9287976622581482
0.0,False,False,False,False,iiK8YX8oH1E,0.014726484500606318,0.01557019962012074,0.000843715119514421,0.4000000059604645,2,A,6,ATV,8,1,1,7,0.3452831506729126,0.26688194274902344,0.3279328942298889,0.2559032738208771
0.0,False,False,False,False,iiK8YX8oH1E,-0.3021211846885308,-0.29360062635092277,0.008520558337608009,0.0,2,A,7,ATV,9,1,1,8,-0.8361810445785522,-0.6301409006118774,-0.8304154276847839,-0.629276692867279
0.0,False,False,False,False,iiK8YX8oH1E,-0.0075714729558136185,-0.009044744977924069,-0.00147327202211045,1.0,2,A,8,ATV,10,1,1,9,0.8214132785797119,0.8440456986427307,0.8199496269226074,0.8471164107322693
0.0,False,False,False,False,iiK8YX8oH1E,0.009472210659566827,0.011002796458001285,0.0015305857984344584,1.7999999523162842,2,A,9,ATV,11,1,1,10,1.5760774612426758,1.5558412075042725,1.5734394788742065,1.5503352880477905
0.0,False,False,False,False,iiK8YX8oH1E,-1.0767381546458186,-1.1074690324799121,-0.030730877834093562,-2.0,2,A,10,ATV,12,1,1,11,0.2633553743362427,0.011476919054985046,0.26946526765823364,0.010722151026129723
0.0,False,False,False,False,iiK8YX8oH1E,0.3822632649466877,0.3601379608875712,-0.022125304059116502,-1.2000000476837158,2,A,11,ATV,13,1,1,12,-0.8175421953201294,-0.4729943573474884,-0.8097279071807861,-0.4841437041759491
0.0,False,False,False,False,iiK8YX8oH1E,0.014934343158575558,0.011924876432498621,-0.003009466726076937,0.6000000238418579,2,A,12,ATV,14,1,1,13,0.5922412872314453,0.7224522233009338,0.5725852847099304,0.7125897407531738
0.0,False,False,False,False,iiK8YX8oH1E,0.013042728051750663,0.011419021117760053,-0.0016237069339906096,0.0,2,A,13,ATV,15,1,1,14,-0.08683644235134125,-0.14346879720687866,-0.08620384335517883,-0.13729575276374817
0.0,False,False,False,False,iiK8YX8oH1E,-0.0025884411982133315,-0.0025321310655499474,5.631013266338414e-05,1.600000023841858,2,A,14,ATV,16,1,1,15,1.7027113437652588,1.689225435256958,1.7030446529388428,1.689922571182251
0.0,False,False,False,False,iiK8YX8oH1E,-0.6260821853913967,-0.6209634374314987,0.0051187479598979735,-1.0,2,A,15,ATV,17,1,1,16,0.7801204323768616,0.594599187374115,0.7780941128730774,0.5939432978630066
0.0,False,False,False,False,tStelxIAHjw,-0.0966816923328615,-0.09452740072307009,0.0021542916097914144,0.5,2,A,0,ATV,2,1,1,1,0.18566477298736572,0.4539029002189636,0.188312828540802,0.4487994909286499
0.0,False,False,False,False,tStelxIAHjw,-1.113126751925165,-1.1020479465872057,0.011078805337959352,-2.799999952316284,2,A,1,ATV,3,1,1,2,-1.0535719394683838,-1.4082801342010498,-1.0500507354736328,-1.3999019861221313
0.0,False,False,False,False,tStelxIAHjw,0.680578795089307,0.6397616325248237,-0.04081716256448331,-2.200000047683716,2,A,2,ATV,4,1,1,3,-1.3221476078033447,-0.995340883731842,-1.3304784297943115,-1.018547773361206
0.0,False,False,False,False,tStelxIAHjw,-0.03162863904725555,-0.03221399483230414,-0.0005853557850485913,1.600000023841858,2,A,3,ATV,5,1,1,4,1.221298336982727,1.2656553983688354,1.2200933694839478,1.2651641368865967
0.0,False,False,False,False,tStelxIAHjw,0.050990233131457785,0.0534684060322661,0.0024781729008083175,1.399999976158142,2,A,4,ATV,6,1,1,5,1.2969915866851807,1.1518045663833618,1.2939188480377197,1.1455955505371094
0.0,False,False,False,False,tStelxIAHjw,-0.2524674605425652,-0.30996590425919734,-0.05749844371663215,-2.0,2,A,5,ATV,7,1,1,6,-0.5827297568321228,-0.6747877597808838,-0.5838832855224609,-0.6979168057441711
0.0,False,False,False,False,tStelxIAHjw,0.483126283859729,0.476144699868712,-0.006981583991017004,-1.399999976158142,2,A,6,ATV,8,1,1,7,-0.7704492211341858,-0.4622044563293457,-0.7707632184028625,-0.4661458134651184
0.0,False,False,False,False,tStelxIAHjw,-0.22582037874073535,-0.24744692866809004,-0.021626549927354688,-0.4000000059604645,2,A,7,ATV,9,1,1,8,-1.3705281019210815,-1.2462295293807983,-1.3738139867782593,-1.237177848815918
0.0,False,False,False,False,tStelxIAHjw,0.2376133870120043,0.25050958396531087,0.012896196953306571,-2.799999952316284,2,A,8,ATV,10,1,1,9,-1.3966989517211914,-1.3144471645355225,-1.3988823890686035,-1.3121693134307861
0.0,False,False,False,False,tStelxIAHjw,-0.04405204288235609,-0.04865537524338137,-0.004603332361025281,-1.0,2,A,9,ATV,11,1,1,10,-0.76071697473526,-0.8850899338722229,-0.7460694313049316,-0.8742011189460754
0.0,False,False,False,False,tStelxIAHjw,0.04195142857825829,0.03879927783941639,-0.0031521507388418968,-1.600000023841858,2,A,10,ATV,12,1,1,11,-1.3987503051757812,-1.3128539323806763,-1.3978843688964844,-1.3177766799926758
0.0,False,False,False,False,tStelxIAHjw,0.3512806496953793,0.3596866756103516,0.008406025914972304,-1.7999999523162842,2,A,11,ATV,13,1,1,12,-0.8139218688011169,-0.6495084762573242,-0.8104854822158813,-0.6429236531257629
0.0,False,False,False,False,tStelxIAHjw,0.04332000793496743,0.040701517179976554,-0.0026184907549908765,0.4000000059604645,2,A,12,ATV,14,1,1,13,0.1681368052959442,0.08842248469591141,0.16919949650764465,0.09345410019159317
0.0,False,False,False,False,tStelxIAHjw,0.03124835843138385,0.028615943810450517,-0.002632414620933332,0.800000011920929,2,A,13,ATV,15,1,1,14,1.4074158668518066,1.4326155185699463,1.40352463722229,1.426783800125122
0.0,False,False,False,False,nbWiPyCm4g0,-0.38063673897033823,-0.44977452360854286,-0.06913778463820464,-1.7999999523162842,2,A,0,ATV,2,1,1,1,-0.7063149809837341,-0.896943986415863,-0.7096450924873352,-0.940291166305542
0.0,False,False,False,False,nbWiPyCm4g0,1.5329027138270028,1.4870724758600318,-0.045830237966971055,-2.200000047683716,2,A,1,ATV,3,1,1,2,-1.3765977621078491,-0.7130925059318542,-1.3840473890304565,-0.7327402830123901
0.0,False,False,False,False,nbWiPyCm4g0,0.06676943723670092,0.0665706704082254,-0.0001987668284755273,-1.399999976158142,2,A,2,ATV,4,1,1,3,-1.3924874067306519,-1.1414929628372192,-1.4030848741531372,-1.1419686079025269
0.0,False,False,False,False,nbWiPyCm4g0,-0.08794084633852606,-0.09833624782885408,-0.010395401490328027,0.0,2,A,3,ATV,5,1,1,4,-1.4742376804351807,-1.4441038370132446,-1.4794764518737793,-1.4458611011505127
0.0,False,False,False,False,nbWiPyCm4g0,-0.018091172400559685,-0.016998188393912983,0.0010929840066467023,-1.2000000476837158,2,A,4,ATV,6,1,1,5,-1.8570643663406372,-1.8431503772735596,-1.8634192943572998,-1.8504821062088013
0.0,False,False,False,False,nbWiPyCm4g0,0.025559592314650104,0.020412646250079547,-0.005146946064570557,-2.200000047683716,2,A,5,ATV,7,1,1,6,-1.3373533487319946,-1.3226637840270996,-1.3354814052581787,-1.323755145072937
0.0,False,False,False,False,nbWiPyCm4g0,0.022759548710340027,0.0229498517983302,0.00019030308799017348,-1.399999976158142,2,A,6,ATV,8,1,1,7,-1.4953175783157349,-1.5784516334533691,-1.4891055822372437,-1.5757545232772827
0.0,False,False,False,False,nbWiPyCm4g0,-0.0018851129425456747,-0.0007310534406315128,0.001154059501914162,1.2000000476837158,2,A,7,ATV,9,1,1,8,1.0950124263763428,1.1044108867645264,1.1044049263000488,1.1083083152770996
0.0,False,False,False,False,etzxEpPuc6I,0.004195276170023021,0.00762613273688828,0.003430856566865259,-1.600000023841858,2,A,0,ATV,2,1,1,1,-1.48366379737854,-1.4668482542037964,-1.4752542972564697,-1.4477251768112183
0.0,True,False,True,False,etzxEpPuc6I,-0.11254074817502402,-0.11073679514551438,0.0018039530295096418,0.800000011920929,2,A,1,ATV,3,1,1,2,-0.05848456174135208,0.00977535080164671,-0.06518357992172241,0.001372531522065401
0.0,False,False,False,False,etzxEpPuc6I,0.0069266438969554645,0.0065396885079733735,-0.0003869553889820909,0.0,2,A,2,ATV,4,1,1,3,-0.047017090022563934,-0.09558896720409393,-0.04189801961183548,-0.09107761830091476
0.0,False,False,False,False,etzxEpPuc6I,0.0005211924228420983,0.0003577392090603482,-0.00016345321378175015,0.4000000059604645,2,A,3,ATV,5,1,1,4,0.43472763895988464,0.4415596127510071,0.4336555004119873,0.4386061131954193
0.0,False,False,False,False,etzxEpPuc6I,0.0014807228455993027,0.0027013919489462523,0.0012206691033469497,-1.2000000476837158,2,A,4,ATV,6,1,1,5,-1.189416766166687,-1.1600910425186157,-1.1744283437728882,-1.1420750617980957
0.0,False,False,False,False,etzxEpPuc6I,0.001713312691197899,0.003779761220119582,0.0020664485289216827,-1.0,2,A,5,ATV,7,1,1,6,-1.0658050775527954,-0.9222592711448669,-1.0611530542373657,-0.9132851958274841
0.0,False,False,False,False,etzxEpPuc6I,0.4297488681459072,0.4503073470818322,0.020558478935924995,-2.799999952316284,2,A,6,ATV,8,1,1,7,-1.69490385055542,-1.5150928497314453,-1.6897907257080078,-1.502744436264038
0.0,False,False,False,False,etzxEpPuc6I,-0.02118281099278363,-0.025083606376981038,-0.0039007953841974086,-1.399999976158142,2,A,7,ATV,9,1,1,8,-1.6933294534683228,-1.654675006866455,-1.6897445917129517,-1.6426279544830322
0.0,False,False,False,False,etzxEpPuc6I,-0.006063805372207298,-0.005800052259758104,0.0002637531124491943,-1.600000023841858,2,A,8,ATV,10,1,1,9,-1.4337085485458374,-1.4530678987503052,-1.4346660375595093,-1.4532510042190552
0.0,False,False,False,False,etzxEpPuc6I,-0.09901765246709715,-0.0993975866302037,-0.0003799341631065545,0.6666666865348816,2,A,9,ATV,11,1,1,10,-1.3237141370773315,-1.298682689666748,-1.320845365524292,-1.2956805229187012
0.0,False,False,False,False,etzxEpPuc6I,-0.2546433317795618,-0.25376571079611665,0.0008776209834451265,-2.200000047683716,2,A,10,ATV,12,1,1,11,-1.579040288925171,-1.8381330966949463,-1.578671932220459,-1.8362928628921509
0.0,False,False,False,False,etzxEpPuc6I,0.01480907853228075,0.010531866833233039,-0.004277211699047712,-1.2000000476837158,2,A,11,ATV,13,1,1,12,-1.2611382007598877,-1.0638128519058228,-1.2606558799743652,-1.0807901620864868
0.0,False,False,False,False,etzxEpPuc6I,-0.026662889205350933,-0.026587053123920325,7.583608143060805e-05,0.20000000298023224,2,A,12,ATV,14,1,1,13,0.020542772486805916,0.12555533647537231,0.0231215450912714,0.13145121932029724
0.0,False,False,False,False,etzxEpPuc6I,-0.15931477892081602,-0.1543430877090799,0.004971691211736129,-2.4000000953674316,2,A,13,ATV,15,1,1,14,-1.6958597898483276,-1.8199149370193481,-1.6885833740234375,-1.806897521018982
0.0,False,False,False,False,etzxEpPuc6I,0.025341368306149192,0.027378905855693247,0.002037537549544055,-0.4000000059604645,2,A,14,ATV,16,1,1,15,-0.22064222395420074,-0.16018636524677277,-0.226105734705925,-0.1599622517824173
0.0,False,False,False,False,etzxEpPuc6I,0.0017910589410377042,0.0011210088356818915,-0.0006700501053558128,1.399999976158142,2,A,15,ATV,17,1,1,16,1.462621808052063,1.475581407546997,1.4624013900756836,1.4708162546157837
0.0,True,False,True,False,etzxEpPuc6I,-0.32024884734579007,-0.32236190964359146,-0.0021130622978013935,-0.5,2,A,16,ATV,18,1,1,17,0.14634844660758972,-0.1877221316099167,0.1463518589735031,-0.1911168247461319
0.0,False,False,False,False,v0zCBqDeKcE,0.010262333920110223,0.005624270244766194,-0.0046380636753440285,0.6000000238418579,2,A,0,ATV,2,1,1,1,0.7719839215278625,0.7996016144752502,0.7763747572898865,0.7916567921638489
0.0,False,False,False,False,v0zCBqDeKcE,-0.016099975898165864,-0.01573072946050179,0.0003692464376640753,0.0,2,A,1,ATV,3,1,1,2,0.13194942474365234,0.03620324283838272,0.12976214289665222,0.03327888622879982
0.0,False,False,False,False,v0zCBqDeKcE,-0.07083659010716303,-0.06688275198418125,0.003953838122981779,2.0,2,A,2,ATV,4,1,1,3,1.3760687112808228,1.435683012008667,1.377013087272644,1.4332284927368164
0.0,False,False,False,False,v0zCBqDeKcE,-0.08700912312608011,-0.0864696288815594,0.0005394942445207107,0.800000011920929,2,A,3,ATV,5,1,1,4,1.379770040512085,1.2991234064102173,1.377471923828125,1.2969951629638672
0.0,False,False,False,False,v0zCBqDeKcE,0.06947529215819692,0.09612676303802292,0.026651470879826,1.399999976158142,2,A,4,ATV,6,1,1,5,0.19014962017536163,0.16177012026309967,0.19338274002075195,0.1541862189769745
0.0,False,False,False,False,v0zCBqDeKcE,-0.28473096918365215,-0.28621483067510667,-0.001483861491454519,1.7999999523162842,2,A,5,ATV,7,1,1,6,0.8135639429092407,0.9703463912010193,0.811220109462738,0.9684527516365051
0.0,False,False,False,False,v0zCBqDeKcE,0.011384556126699863,0.00954724658690509,-0.0018373095397947736,1.7999999523162842,2,A,6,ATV,8,1,1,7,1.4397333860397339,1.4242652654647827,1.4366518259048462,1.4237432479858398
0.0,False,False,False,False,v0zCBqDeKcE,0.10344554013045126,0.10463737858515287,0.0011918384547016103,2.200000047683716,2,A,7,ATV,9,1,1,8,1.5286880731582642,1.4556175470352173,1.529708981513977,1.4557369947433472
0.0,False,False,False,False,v0zCBqDeKcE,0.07825404026930016,0.08665244740058142,0.00839840713128126,1.600000023841858,2,A,8,ATV,10,1,1,9,0.8817594051361084,0.8292058706283569,0.8792928457260132,0.8214942216873169
0.0,False,False,False,False,v0zCBqDeKcE,-0.22305224004615098,-0.21468994832319765,0.00836229172295333,-0.4000000059604645,2,A,9,ATV,11,1,1,10,-1.2048357725143433,-1.051696538925171,-1.201900601387024,-1.0544880628585815
0.0,False,False,False,False,v0zCBqDeKcE,-0.6198883486809388,-0.6238733965894641,-0.003985047908525274,1.7999999523162842,2,A,10,ATV,12,1,1,11,0.45086464285850525,0.7044280767440796,0.45031723380088806,0.7055731415748596
0.0,False,False,False,False,v0zCBqDeKcE,0.08373284849258766,0.07944590352246905,-0.004286944970118611,1.5,2,A,11,ATV,13,1,1,12,0.8223322033882141,0.7631374001502991,0.8141999840736389,0.7585368752479553
0.0,False,False,False,False,v0zCBqDeKcE,0.09973483112865722,0.09953601711822557,-0.00019881401043164715,2.4000000953674316,2,A,12,ATV,14,1,1,13,1.3625749349594116,1.3155713081359863,1.3674306869506836,1.320307731628418
0.0,False,False,False,False,v0zCBqDeKcE,0.00575314394463966,0.011105566300414704,0.005352422355775044,0.0,2,A,13,ATV,15,1,1,14,0.07171770185232162,-0.10438665002584457,0.062100522220134735,-0.12231942266225815
0.0,False,False,False,False,f_pcplsH_V0,-0.006193920104800021,0.045344862163606336,0.05153878226840636,0.800000011920929,2,A,0,ATV,2,1,1,1,-0.30248746275901794,-0.2996748089790344,-0.2932996153831482,-0.3138442039489746
0.0,True,False,True,False,f_pcplsH_V0,-0.18698289338344581,-0.18507509892219803,0.0019077944612477804,0.5,2,A,1,ATV,3,1,1,2,-0.12947562336921692,0.04255419224500656,-0.1351539045572281,0.03272558003664017
0.0,False,False,False,False,f_pcplsH_V0,-0.6713262196046799,-0.6797291084585027,-0.008402888853822787,1.2000000476837158,2,A,2,ATV,4,1,1,3,-1.1998556852340698,-1.0556553602218628,-1.20102858543396,-1.0550408363342285
0.0,False,False,False,False,f_pcplsH_V0,-0.09964043690586877,-0.10233372190234391,-0.0026932849964751426,1.600000023841858,2,A,3,ATV,5,1,1,4,0.6928120851516724,0.7495004534721375,0.6926444172859192,0.7509061098098755
0.0,False,False,False,False,f_pcplsH_V0,0.9700780622660972,0.9682327623312403,-0.0018452999348568255,0.0,2,A,4,ATV,6,1,1,5,-1.1671475172042847,-1.5271906852722168,-1.1647711992263794,-1.5247703790664673
0.0,False,False,False,False,f_pcplsH_V0,0.11740880524229169,0.11467069879375913,-0.0027381064485325624,0.800000011920929,2,A,5,ATV,7,1,1,6,1.2084132432937622,1.333113670349121,1.203518033027649,1.3267803192138672
0.0,False,False,False,False,f_pcplsH_V0,-1.2060062181853937,-1.180773801169753,0.025232417015640607,-2.4000000953674316,2,A,6,ATV,8,1,1,7,-0.9290416240692139,-1.4213721752166748,-0.9329774975776672,-1.4144132137298584
0.0,False,False,False,False,f_pcplsH_V0,-0.051880930433299,-0.05084457448219837,0.0010363559511006315,1.2000000476837158,2,A,7,ATV,9,1,1,8,0.9616725444793701,1.129863977432251,0.9620407819747925,1.1239734888076782
0.0,False,False,False,False,f_pcplsH_V0,0.7926428275496988,0.7503180460935681,-0.04232478145613072,-0.4000000059604645,2,A,8,ATV,10,1,1,9,-1.5220146179199219,-1.8323266506195068,-1.5366861820220947,-1.8291163444519043
0.0,False,False,False,False,f_pcplsH_V0,-0.37790897863715145,-0.3612521705069014,0.016656808130250056,-0.800000011920929,2,A,9,ATV,11,1,1,10,-1.5103950500488281,-1.1560226678848267,-1.502332091331482,-1.163343071937561
0.0,False,False,False,False,f_pcplsH_V0,-0.40023707808729014,-0.40439109476886514,-0.004154016681575001,1.600000023841858,2,A,10,ATV,12,1,1,11,0.6219584345817566,0.8541258573532104,0.6167935132980347,0.8501307368278503
0.0,False,False,False,False,f_pcplsH_V0,0.4461572467174051,0.4422918351104954,-0.0038654116069096744,-1.0,2,A,11,ATV,13,1,1,12,-1.301088809967041,-1.7326743602752686,-1.3040329217910767,-1.7312508821487427
0.0,False,False,False,False,f_pcplsH_V0,-0.4931826537175965,-0.45235267645040267,0.04082997726719384,-1.0,2,A,12,ATV,14,1,1,13,-2.0632617473602295,-1.7983375787734985,-2.0661561489105225,-1.8272461891174316
0.0,False,False,False,False,tIrG4oNLFzE,-0.00820257216825837,0.0023445014175678125,0.010547073585826183,2.5999999046325684,2,A,0,ATV,2,1,1,1,1.5151612758636475,1.5189484357833862,1.5174314975738525,1.516349196434021
0.0,False,False,False,False,tIrG4oNLFzE,0.44578794833259394,0.47192125677613816,0.026133308443544223,1.399999976158142,2,A,1,ATV,3,1,1,2,-0.8376626372337341,-0.9351492524147034,-0.8455827832221985,-0.9483107328414917
0.0,False,False,False,False,tIrG4oNLFzE,-0.9281580658051354,-0.9475985846098425,-0.019440518804707096,0.4000000059604645,2,A,2,ATV,4,1,1,3,-0.8063274025917053,-0.3259943127632141,-0.8234328031539917,-0.34107303619384766
0.0,False,False,False,False,tIrG4oNLFzE,-0.13723000490176673,-0.14019720319859275,-0.0029671982968260124,1.25,2,A,3,ATV,5,1,1,4,0.6556428670883179,0.7852092981338501,0.6543822288513184,0.7867901921272278
0.0,False,False,False,False,tIrG4oNLFzE,-0.013326166674005435,-0.013272513942141018,5.3652731864417547e-05,-1.399999976158142,2,A,4,ATV,6,1,1,5,-1.2788947820663452,-1.4366101026535034,-1.2795231342315674,-1.4352442026138306
0.0,False,False,False,False,tIrG4oNLFzE,-0.07016982950931094,-0.06631389518481967,0.0038559343244912725,-1.2000000476837158,2,A,5,ATV,7,1,1,6,-1.5847253799438477,-1.479004979133606,-1.577987551689148,-1.4766960144042969
0.0,False,False,False,False,tIrG4oNLFzE,-0.2272055500786223,-0.22527544885711848,0.0019301012215038327,-1.0,2,A,6,ATV,8,1,1,7,-1.709012508392334,-1.5248744487762451,-1.7086925506591797,-1.526279091835022
0.0,False,False,False,False,tIrG4oNLFzE,0.005555381154181305,0.006919696947406351,0.001364315793225046,-1.7999999523162842,2,A,7,ATV,9,1,1,8,-1.6607288122177124,-1.6420384645462036,-1.6619244813919067,-1.6388027667999268
0.0,False,False,False,False,tIrG4oNLFzE,0.08220324234421739,0.07861523508184476,-0.003588007262372628,-1.600000023841858,2,A,8,ATV,10,1,1,9,-0.7218301892280579,-0.6762113571166992,-0.7195093631744385,-0.6759442687034607
0.0,False,False,False,False,tIrG4oNLFzE,-0.059986660958372795,-0.05802687007962959,0.001959790878743206,-2.5999999046325684,2,A,9,ATV,11,1,1,10,-1.9925765991210938,-2.0441434383392334,-1.9934487342834473,-2.0433335304260254
0.0,False,False,False,False,tIrG4oNLFzE,0.01157797343216771,0.011954386139606754,0.0003764127074390444,-2.0,2,A,10,ATV,12,1,1,11,-1.921431064605713,-1.8667669296264648,-1.916967749595642,-1.8627092838287354
0.0,False,False,False,False,tIrG4oNLFzE,0.08297789422515223,0.08009199833766445,-0.002885895887487777,-2.4000000953674316,2,A,11,ATV,13,1,1,12,-1.6827400922775269,-1.6270577907562256,-1.6887128353118896,-1.6344796419143677
0.0,False,False,False,False,tIrG4oNLFzE,0.08733908463856466,0.0853346378802371,-0.0020044467583275605,-2.0,2,A,12,ATV,14,1,1,13,0.4355187714099884,0.45338353514671326,0.4389813542366028,0.4564129710197449
0.0,False,False,False,False,tIrG4oNLFzE,-0.3246156589554836,-0.3228243453051505,0.0017913136503331373,-1.600000023841858,2,A,13,ATV,15,1,1,14,-0.9676164984703064,-1.3256038427352905,-0.968298077583313,-1.323914885520935
0.0,False,True,False,True,tIrG4oNLFzE,0.15040556924306864,0.14184101540007066,-0.00856455384299798,-0.4000000059604645,2,A,14,ATV,16,1,1,15,-0.11603774130344391,0.08066634088754654,-0.11731727421283722,0.0709039568901062
0.0,False,False,False,False,tIrG4oNLFzE,0.05179151339696375,0.06457063971407706,0.01277912631711331,-2.200000047683716,2,A,15,ATV,17,1,1,16,-1.2825102806091309,-1.2547069787979126,-1.2762491703033447,-1.241936206817627
0.0,False,True,False,True,cM3Yna7AavY,0.8409240838029908,0.8256563992928596,-0.015267684510131163,1.0,2,A,0,ATV,2,1,1,1,0.2114761471748352,-0.20941884815692902,0.2216404378414154,-0.19645309448242188
0.0,False,False,False,False,cM3Yna7AavY,-0.1140883727475479,-0.08420658333246872,0.029881789415079185,0.6000000238418579,2,A,1,ATV,3,1,1,2,-0.15218797326087952,-0.07208509743213654,-0.14835359156131744,-0.08980179578065872
0.0,False,False,False,False,cM3Yna7AavY,-0.20843536111028982,-0.20842590770973857,9.453400551251434e-06,2.799999952316284,2,A,2,ATV,4,1,1,3,1.3898667097091675,1.4658184051513672,1.3932477235794067,1.4693888425827026
0.0,False,False,False,False,cM3Yna7AavY,0.6187036978197824,0.6086105827733235,-0.010093115046458934,2.799999952316284,2,A,3,ATV,5,1,1,4,1.328792929649353,1.1317212581634521,1.3278273344039917,1.1338958740234375
0.0,False,False,False,False,cM3Yna7AavY,0.08309413912643038,0.10058565419107879,0.01749151506464841,3.0,2,A,4,ATV,6,1,1,5,1.5389882326126099,1.5108225345611572,1.5380841493606567,1.504077672958374
0.0,False,False,False,False,cM3Yna7AavY,0.0025261889113892266,0.004183518298759736,0.0016573293873705097,-0.6000000238418579,2,A,5,ATV,7,1,1,6,-0.6589850783348083,-0.6774947047233582,-0.6597487926483154,-0.6880536079406738
0.0,False,False,False,False,cM3Yna7AavY,-1.0629998737963537,-1.0661760018477329,-0.0031761280513791235,-0.20000000298023224,2,A,6,ATV,8,1,1,7,-1.6242070198059082,-1.1825302839279175,-1.622908592224121,-1.179026484489441
0.0,False,False,False,False,cM3Yna7AavY,-0.06379337974085786,-0.06894785939222459,-0.005154479651366728,1.600000023841858,2,A,7,ATV,9,1,1,8,1.2839610576629639,1.4100335836410522,1.2726101875305176,1.4044591188430786
0.0,False,False,False,False,cM3Yna7AavY,0.1468203778022712,0.15116819690655348,0.00434781910428228,2.0,2,A,8,ATV,10,1,1,9,1.3271970748901367,1.225736379623413,1.324324369430542,1.220445156097412
0.0,False,False,False,False,cM3Yna7AavY,0.01314951168171774,0.015813573743912457,0.0026640620621947164,-1.0,2,A,9,ATV,11,1,1,10,-1.002386212348938,-1.1146961450576782,-1.004186749458313,-1.1258217096328735
0.0,False,False,False,False,cM3Yna7AavY,0.023668557511314248,0.025852795959735886,0.002184238448421638,-1.600000023841858,2,A,10,ATV,12,1,1,11,-1.6546123027801514,-1.4367485046386719,-1.6461198329925537,-1.4327282905578613
0.0,False,False,False,False,cM3Yna7AavY,0.785975210414108,0.7545654178138079,-0.03140979260030008,-2.5999999046325684,2,A,11,ATV,13,1,1,12,-0.6905651092529297,-0.49478816986083984,-0.6980591416358948,-0.5090804696083069
0.0,False,False,False,False,cM3Yna7AavY,0.10543475106288724,0.11254361405775626,0.007108862994869014,-2.4000000953674316,2,A,12,ATV,14,1,1,13,-1.5745105743408203,-1.5129444599151611,-1.584000825881958,-1.5177311897277832
0.0,False,False,False,False,cM3Yna7AavY,0.34319193376275337,0.36375156661279107,0.0205596328500377,-2.799999952316284,2,A,13,ATV,15,1,1,14,-1.4088759422302246,-1.2905570268630981,-1.413835883140564,-1.2883113622665405
0.0,False,False,False,False,lXPQBPVc5Cw,0.6351621078610066,0.5966448182545747,-0.03851728960643186,-2.4000000953674316,2,A,0,ATV,2,1,1,1,-1.4143929481506348,-1.1324893236160278,-1.416717290878296,-1.1496042013168335
0.0,False,False,False,False,lXPQBPVc5Cw,-0.11877327900963053,-0.11470298309177451,0.004070295917856015,-1.2000000476837158,2,A,1,ATV,3,1,1,2,-1.5561633110046387,-1.2898832559585571,-1.5468807220458984,-1.2749881744384766
0.0,False,False,False,False,lXPQBPVc5Cw,-0.03885013034954454,-0.04184592554565825,-0.002995795196113704,-1.0,2,A,2,ATV,4,1,1,3,-1.2744026184082031,-1.1909101009368896,-1.2827852964401245,-1.1952475309371948
0.0,False,False,False,False,lXPQBPVc5Cw,0.0033599678789641985,0.003349885652028206,-1.0082226935992367e-05,-1.399999976158142,2,A,3,ATV,5,1,1,4,-2.2061028480529785,-2.208184242248535,-2.2071104049682617,-2.2091829776763916
0.0,False,False,False,False,lXPQBPVc5Cw,0.045867422501984834,0.04047131087759226,-0.005396111624392574,-2.799999952316284,2,A,4,ATV,6,1,1,5,-1.9535797834396362,-1.9269051551818848,-1.9538686275482178,-1.9302818775177002
0.0,False,False,False,False,lXPQBPVc5Cw,0.04261771327644226,0.05676826158554604,0.014150548309103783,2.5999999046325684,2,A,5,ATV,7,1,1,6,1.0892037153244019,1.075164556503296,1.0919396877288818,1.0732340812683105
0.0,False,False,False,False,lXPQBPVc5Cw,-1.2271472706811863,-1.2064589268830588,0.020688343798127562,-2.5999999046325684,2,A,6,ATV,8,1,1,7,-1.1619136333465576,-1.6829694509506226,-1.1704055070877075,-1.684969186782837
0.0,False,False,False,False,lXPQBPVc5Cw,0.305616853225672,0.2673240686368672,-0.03829278458880481,-2.200000047683716,2,A,7,ATV,9,1,1,8,-1.9311537742614746,-1.585268259048462,-1.9284433126449585,-1.6159905195236206
0.0,False,False,False,False,lXPQBPVc5Cw,0.01031205375390698,0.010445149987219793,0.00013309623331281273,-1.7999999523162842,2,A,8,ATV,10,1,1,9,-1.8107560873031616,-1.6978836059570312,-1.8143532276153564,-1.6967954635620117
0.0,False,False,False,False,lXPQBPVc5Cw,-0.011144935273250667,-0.010370042110437794,0.000774893162812873,-2.0,2,A,9,ATV,11,1,1,10,-1.894174575805664,-1.9926457405090332,-1.8980294466018677,-1.9947130680084229
0.0,False,False,False,False,lXPQBPVc5Cw,-0.21190766351412194,-0.17722887136299903,0.034678792151122906,2.799999952316284,2,A,10,ATV,12,1,1,11,0.8573377132415771,0.9126661419868469,0.8467786312103271,0.8926864862442017
0.0,False,False,False,False,lXPQBPVc5Cw,-0.059671369949285236,-0.047522011000467046,0.01214935894881819,-2.200000047683716,2,A,11,ATV,13,1,1,12,-1.9129447937011719,-2.3507626056671143,-1.9336814880371094,-2.35298228263855
0.0,False,False,False,False,lXPQBPVc5Cw,0.759910064911324,0.6682117248244595,-0.0916983400868645,-2.799999952316284,2,A,12,ATV,14,1,1,13,-2.0996992588043213,-1.681817889213562,-2.098228693008423,-1.722644567489624
0.0,False,False,False,False,lXPQBPVc5Cw,-0.3570372431836617,-0.3823983291880708,-0.025361086004409117,0.20000000298023224,2,A,13,ATV,15,1,1,14,-1.7332313060760498,-1.6385717391967773,-1.730168342590332,-1.6284286975860596
0.0,False,False,False,False,lXPQBPVc5Cw,0.5233933296935334,0.522601892273471,-0.0007914374200623797,-1.7999999523162842,2,A,14,ATV,16,1,1,15,1.0573716163635254,1.1475355625152588,1.049216866493225,1.1394963264465332
0.0,False,False,False,False,lXPQBPVc5Cw,0.025043860727166134,0.02247305228139851,-0.002570808445767625,-1.399999976158142,2,A,15,ATV,17,1,1,16,-1.2017924785614014,-1.653633713722229,-1.1986769437789917,-1.6510059833526611
0.0,False,False,False,False,lXPQBPVc5Cw,0.36660758751736466,0.3379858339404649,-0.028621753576899778,-1.7999999523162842,2,A,16,ATV,18,1,1,17,-1.593947172164917,-1.1604177951812744,-1.5935145616531372,-1.1830542087554932
0.0,False,False,False,False,lXPQBPVc5Cw,0.06495397465840824,0.07096700354463792,0.006013028886229677,-1.7999999523162842,2,A,17,ATV,19,1,1,18,-1.5853796005249023,-1.4668095111846924,-1.588599443435669,-1.4599158763885498
0.0,False,False,False,False,lXPQBPVc5Cw,-0.0733084142948428,-0.07230825708420241,0.0010001572106403955,1.7999999523162842,2,A,18,ATV,20,1,1,19,1.2105967998504639,1.2764661312103271,1.2113051414489746,1.2763079404830933
0.0,False,False,False,False,lXPQBPVc5Cw,0.4013527679156965,0.4104784768699119,0.009125708954215384,2.5999999046325684,2,A,19,ATV,21,1,1,20,1.5348973274230957,1.3607274293899536,1.5347514152526855,1.3569259643554688
0.0,False,False,False,False,lXPQBPVc5Cw,-0.5618695697582865,-0.603240920828739,-0.04137135107045253,-2.4000000953674316,2,A,20,ATV,22,1,1,21,-1.0271964073181152,-1.2499042749404907,-1.0368329286575317,-1.279739499092102
0.0,False,False,False,False,lXPQBPVc5Cw,-0.21604121781537344,-0.21615036838181823,-0.00010915056644478227,-1.399999976158142,2,A,21,ATV,23,1,1,22,-1.8692424297332764,-1.4643992185592651,-1.87154221534729,-1.4787509441375732
0.0,False,False,False,False,lXPQBPVc5Cw,-0.02346052863094883,-0.014327442615083896,0.009133086015864933,-2.4000000953674316,2,A,22,ATV,24,1,1,23,-1.2023195028305054,-1.2121540307998657,-1.2101346254348755,-1.2161705493927002
0.0,False,False,False,False,lXPQBPVc5Cw,0.44323349046948124,0.4231718450810149,-0.02006164538846633,-2.799999952316284,2,A,23,ATV,25,1,1,24,-1.705803394317627,-1.5191800594329834,-1.6998388767242432,-1.5219051837921143
0.0,False,False,False,False,lXPQBPVc5Cw,0.09071372177693604,0.1233871646069673,0.03267344283003126,-2.799999952316284,2,A,24,ATV,26,1,1,25,-1.3254718780517578,-1.2950259447097778,-1.3296750783920288,-1.2882981300354004
0.0,False,False,False,False,lXPQBPVc5Cw,-0.22724157000719014,-0.22481867476180284,0.002422895245387302,0.800000011920929,2,A,25,ATV,27,1,1,26,-0.3705155849456787,-0.2690487205982208,-0.36591988801956177,-0.26515281200408936
0.0,False,False,False,False,lXPQBPVc5Cw,0.18717580957108737,0.17870446577666144,-0.008471343794425934,-1.2000000476837158,2,A,26,ATV,28,1,1,27,-1.771093726158142,-1.916466236114502,-1.7801756858825684,-1.9178497791290283
0.0,False,False,False,False,lXPQBPVc5Cw,0.06326319706057859,0.05802501169455354,-0.00523818536602505,-2.0,2,A,27,ATV,29,1,1,28,-1.6511354446411133,-1.5699189901351929,-1.6447780132293701,-1.5708057880401611
0.0,False,False,False,False,cXypl4FnoZo,0.05914509583600136,0.06095690239362739,0.0018118065576260278,1.7999999523162842,2,A,0,ATV,2,1,1,1,1.42817223072052,1.3557016849517822,1.429460048675537,1.3547396659851074
0.0,False,False,False,False,cXypl4FnoZo,-0.07446211223046717,-0.07574486259117919,-0.001282750360712015,-0.800000011920929,2,A,1,ATV,3,1,1,2,-0.5019398927688599,-0.6800928711891174,-0.5082440972328186,-0.7031669020652771
0.0,False,False,False,False,cXypl4FnoZo,-0.018845950112734045,-0.017445496783807357,0.0014004533289266874,1.7999999523162842,2,A,2,ATV,4,1,1,3,1.5565040111541748,1.5988922119140625,1.559656023979187,1.599202275276184
0.0,False,False,False,False,cXypl4FnoZo,-0.2817167252070476,-0.28330493359215225,-0.0015882083851046502,-0.6000000238418579,2,A,3,ATV,5,1,1,4,0.8213314414024353,0.7185091376304626,0.8163909316062927,0.7125769853591919
0.0,False,False,False,False,cXypl4FnoZo,0.22277845743629765,0.21465788262368335,-0.0081205748126143,-1.0,2,A,4,ATV,6,1,1,5,-0.4256042540073395,-0.25655603408813477,-0.4311997592449188,-0.2663845717906952
0.0,True,False,True,False,cXypl4FnoZo,-0.5950201214704678,-0.6022879094769065,-0.00726778800643868,1.399999976158142,2,A,5,ATV,7,1,1,6,-0.03199312835931778,0.1935240626335144,-0.027019282802939415,0.20246247947216034
0.0,False,False,False,False,cXypl4FnoZo,0.022246707593041037,0.01670818070751423,-0.005538526885526807,1.2000000476837158,2,A,6,ATV,8,1,1,7,0.6290008425712585,0.6098417639732361,0.6291216611862183,0.6146708130836487
0.0,False,False,False,False,cXypl4FnoZo,0.005542438290888185,0.007823445005513463,0.0022810067146252777,2.0,2,A,7,ATV,9,1,1,8,1.473830223083496,1.4685895442962646,1.4718563556671143,1.4645010232925415
0.0,False,False,False,False,cXypl4FnoZo,0.03511831368005858,0.03597418085678328,0.0008558671767247006,1.399999976158142,2,A,8,ATV,10,1,1,9,1.3449954986572266,1.2046955823898315,1.3442974090576172,1.2023210525512695
0.0,False,False,False,False,cXypl4FnoZo,0.025874736526148467,0.0326287896859867,0.006754053159838236,2.0,2,A,9,ATV,11,1,1,10,1.43330717086792,1.4109197854995728,1.4318277835845947,1.4038050174713135
0.0,False,False,False,False,cXypl4FnoZo,-0.004911634477789306,-0.006092540427488302,-0.001180905949698996,-1.0,2,A,10,ATV,12,1,1,11,-0.809473991394043,-0.822831928730011,-0.8170662522315979,-0.8345544934272766
0.0,False,True,False,True,cXypl4FnoZo,0.43443310362445614,0.4294880105737244,-0.004945093050731764,-0.6000000238418579,2,A,11,ATV,13,1,1,12,-0.10137086361646652,0.22647692263126373,-0.09773849695920944,0.22568432986736298
0.0,False,False,False,False,cXypl4FnoZo,-0.013139630975171457,-0.03158219288610553,-0.018442561910934074,0.0,2,A,12,ATV,14,1,1,13,-0.8520244359970093,-0.8442783951759338,-0.8535752892494202,-0.8348703980445862
0.0,False,False,False,False,cXypl4FnoZo,-0.10274566123666773,-0.09980414102569668,0.002941520210971049,-0.6000000238418579,2,A,13,ATV,15,1,1,14,-1.1153051853179932,-1.0034770965576172,-1.1083855628967285,-0.9983111023902893
0.0,False,False,False,False,cXypl4FnoZo,-0.02363878247344431,-0.02497222976228386,-0.001333447288839551,-0.6000000238418579,2,A,14,ATV,16,1,1,15,-0.8475435376167297,-0.7940077781677246,-0.854417622089386,-0.7993893027305603
0.0,False,False,False,False,cXypl4FnoZo,-0.17009337764812926,-0.17458876923315358,-0.004495391585024322,-0.25,2,A,15,ATV,17,1,1,16,-1.365661859512329,-1.286633014678955,-1.367050051689148,-1.2859594821929932
0.0,False,False,False,False,cXypl4FnoZo,-0.020006087250692417,-0.020941801054970455,-0.0009357138042780377,0.800000011920929,2,A,16,ATV,18,1,1,17,0.5019971132278442,0.5377031564712524,0.4972617030143738,0.5340889692306519
0.0,False,False,False,False,cXypl4FnoZo,-0.018720826229895238,-0.02066513485247512,-0.0019443086225798822,-1.0,2,A,17,ATV,19,1,1,18,-0.8541484475135803,-0.9494841694831848,-0.8448957204818726,-0.9417573809623718
0.0,False,False,False,False,cXypl4FnoZo,-0.0013346040466926112,-0.00024904243737466913,0.001085561609317942,-0.6000000238418579,2,A,18,ATV,20,1,1,19,-0.30730313062667847,-0.3095919191837311,-0.31348416209220886,-0.3139190971851349
0.0,False,False,False,False,cXypl4FnoZo,-0.0019163116773537325,-0.00314793140413272,-0.0012316197267789875,0.20000000298023224,2,A,19,ATV,21,1,1,20,0.34215694665908813,0.3352489769458771,0.3447198271751404,0.33340126276016235
0.0,False,False,False,False,cXypl4FnoZo,-0.01307835931631729,-0.013743648219360693,-0.0006652889030434039,0.4000000059604645,2,A,20,ATV,22,1,1,21,0.6968612670898438,0.6739493608474731,0.6938552260398865,0.6694573163986206
0.0,False,False,False,False,cXypl4FnoZo,0.036953765397845846,0.03849159345385572,0.0015378280560098753,0.20000000298023224,2,A,21,ATV,23,1,1,22,0.20197543501853943,0.007756231352686882,0.19834187626838684,0.0038002505898475647
0.0,False,False,False,False,cXypl4FnoZo,0.26275049641746406,0.2447537406515119,-0.017996755765952166,-1.2000000476837158,2,A,22,ATV,24,1,1,23,-0.6334733366966248,-0.4359954595565796,-0.6437829732894897,-0.45560017228126526
0.0,False,False,False,False,cXypl4FnoZo,-0.05159817397822053,-0.05282233580446438,-0.0012241618262438525,0.6000000238418579,2,A,23,ATV,25,1,1,24,0.2089189887046814,0.2816508412361145,0.2100478559732437,0.28497564792633057
0.0,False,False,False,False,cXypl4FnoZo,0.15986998483185744,0.15888430942444765,-0.0009856754074097918,0.800000011920929,2,A,24,ATV,26,1,1,25,0.17902356386184692,0.06143265962600708,0.1822648048400879,0.06482581794261932
0.0,False,False,False,False,cXypl4FnoZo,-0.07224811552325505,-0.08913910302649342,-0.016890987503238364,-2.200000047683716,2,A,25,ATV,27,1,1,26,-0.5552111268043518,-0.5773224830627441,-0.5588922500610352,-0.5862789750099182
0.0,False,False,False,False,cXypl4FnoZo,0.1922955481899784,0.1908278307881659,-0.0014677174018125072,-1.399999976158142,2,A,26,ATV,28,1,1,27,-1.0068031549453735,-0.8110184073448181,-1.0111494064331055,-0.8151644468307495
0.0,False,False,False,False,c7UH_rxdZv4,-0.002404396418242527,-0.001928511523999532,0.00047588489424299496,-0.800000011920929,2,A,0,ATV,2,1,1,1,-0.8521456122398376,-0.7822583317756653,-0.8483894467353821,-0.7796769738197327
0.0,False,False,False,False,c7UH_rxdZv4,0.0452515817701169,0.04738690061060424,0.0021353188404873436,1.600000023841858,2,A,1,ATV,3,1,1,2,1.3484829664230347,1.2705878019332886,1.3508641719818115,1.2691593170166016
0.0,False,False,False,False,c7UH_rxdZv4,-1.0021053031509952,-1.0254195015109815,-0.02331419835998627,-2.200000047683716,2,A,2,ATV,4,1,1,3,-0.49109652638435364,-0.8149924874305725,-0.4892039895057678,-0.8210861086845398
0.0,False,False,False,False,c7UH_rxdZv4,0.4233189951321492,0.3913979880428542,-0.03192100708929502,-2.5999999046325684,2,A,3,ATV,5,1,1,4,-1.5264678001403809,-1.3446950912475586,-1.5242924690246582,-1.3555946350097656
0.0,False,False,False,False,c7UH_rxdZv4,0.8201568391924496,0.8248392428349121,0.004682403642462418,-3.0,2,A,4,ATV,6,1,1,5,-1.8529905080795288,-1.5385665893554688,-1.854276418685913,-1.537973403930664
0.0,False,False,False,False,c7UH_rxdZv4,0.1348059359301601,0.14756443760425952,0.01275850167409942,-2.799999952316284,2,A,5,ATV,7,1,1,6,-1.8931694030761719,-1.8216607570648193,-1.8919039964675903,-1.8139965534210205
0.0,False,False,False,False,c7UH_rxdZv4,0.009652616502534739,0.010525743348985983,0.0008731268464512443,-0.4000000059604645,2,A,6,ATV,8,1,1,7,-0.04476302117109299,-0.03142717480659485,-0.041980430483818054,-0.027570469304919243
0.0,False,False,False,False,c7UH_rxdZv4,0.5317426414181092,0.5482607367013692,0.01651809528325998,0.800000011920929,2,A,7,ATV,9,1,1,8,-0.9992420077323914,-1.1413949728012085,-0.9943200945854187,-1.1410938501358032
0.0,False,False,False,False,c7UH_rxdZv4,-0.013353828121063671,-0.010341791717438653,0.003012036403625018,1.0,2,A,8,ATV,10,1,1,9,0.16131006181240082,0.1693093329668045,0.16253499686717987,0.1687323898077011
0.0,False,False,False,False,c7UH_rxdZv4,-0.42969448113119313,-0.42585590623211544,0.0038385748990776847,-2.799999952316284,2,A,9,ATV,11,1,1,10,-1.7208900451660156,-1.9428046941757202,-1.7266340255737305,-1.9477919340133667
0.0,False,False,False,False,c7UH_rxdZv4,0.43647565919665965,0.42067927267062544,-0.015796386526034212,-2.5999999046325684,2,A,10,ATV,12,1,1,11,-1.8528517484664917,-1.6026504039764404,-1.846954584121704,-1.6061404943466187
0.0,False,False,False,False,c7UH_rxdZv4,-0.004510476721051759,-0.004363042194654554,0.00014743452639720545,1.2000000476837158,2,A,11,ATV,13,1,1,12,1.0436084270477295,1.0587631464004517,1.0389806032180786,1.0531524419784546
0.0,False,False,False,False,c7UH_rxdZv4,-0.6234596490960058,-0.6211633043357097,0.002296344760296165,-2.4000000953674316,2,A,12,ATV,14,1,1,13,-1.4834626913070679,-1.934617280960083,-1.483608603477478,-1.932442545890808
0.0,False,False,False,False,c7UH_rxdZv4,0.2536438152981191,0.23011754605632007,-0.023526269241799014,-2.0,2,A,13,ATV,15,1,1,14,-1.5231648683547974,-1.306447148323059,-1.5171887874603271,-1.3193942308425903
0.0,False,False,False,False,c7UH_rxdZv4,0.16766029448058362,0.15861667906651178,-0.009043615414071837,-1.399999976158142,2,A,14,ATV,16,1,1,15,0.912776529788971,0.9487434029579163,0.901836097240448,0.9360364079475403
0.0,False,False,False,False,c7UH_rxdZv4,-0.3837076982426879,-0.37338320453004314,0.010324493712644767,-2.25,2,A,15,ATV,17,1,1,16,-1.5286791324615479,-1.88041090965271,-1.5387890338897705,-1.8860799074172974
0.0,False,False,False,False,c7UH_rxdZv4,0.09454808355307875,0.0796506592941455,-0.014897424258933256,-1.7999999523162842,2,A,16,ATV,18,1,1,17,-1.8633774518966675,-1.4860496520996094,-1.8664331436157227,-1.5100619792938232
0.0,False,False,False,False,c7UH_rxdZv4,0.009257174562051773,0.012423501106368917,0.003166326544317144,-1.7999999523162842,2,A,17,ATV,19,1,1,18,-1.5670056343078613,-1.5479215383529663,-1.5637257099151611,-1.5387548208236694
0.0,False,True,False,True,c7UH_rxdZv4,0.3147342822279552,0.3061148794777545,-0.008619402750200678,-0.800000011920929,2,A,18,ATV,20,1,1,19,-0.051664285361766815,0.1352756917476654,-0.049713440239429474,0.13222572207450867
0.0,False,False,False,False,c7UH_rxdZv4,-0.40616318402493334,-0.3894066844108579,0.016756499614075437,-2.4000000953674316,2,A,19,ATV,21,1,1,20,-1.4610600471496582,-1.7104747295379639,-1.4706950187683105,-1.7113773822784424
0.0,False,False,False,False,c7UH_rxdZv4,-0.30490294894707404,-0.2765896446172036,0.028313304329870448,-0.6000000238418579,2,A,20,ATV,22,1,1,21,-1.7797850370407104,-1.6425880193710327,-1.7770990133285522,-1.6530776023864746
0.0,False,False,False,False,c7UH_rxdZv4,0.01625805677417702,0.01873794866021683,0.002479891886039809,-1.7999999523162842,2,A,21,ATV,23,1,1,22,-1.2715041637420654,-1.2563402652740479,-1.2679314613342285,-1.2506049871444702
0.0,False,False,False,False,c7UH_rxdZv4,0.030906269100390737,0.02602886097092938,-0.004877408129461358,0.0,2,A,22,ATV,24,1,1,23,0.3535204827785492,0.3948202133178711,0.34531038999557495,0.3811405599117279
0.0,False,False,False,False,c7UH_rxdZv4,-0.7595487034567725,-0.7544370425335067,0.0051116609232657595,-2.5999999046325684,2,A,23,ATV,25,1,1,24,-0.74361652135849,-0.9609115719795227,-0.748530387878418,-0.9649150967597961
0.0,False,False,False,False,c7UH_rxdZv4,-0.089364834796541,-0.1090596372259256,-0.019694802429384595,-1.7999999523162842,2,A,24,ATV,26,1,1,25,-1.0773268938064575,-1.1420550346374512,-1.0673186779022217,-1.1459646224975586
0.0,False,False,False,False,c7UH_rxdZv4,-0.14496848017060415,-0.14536514143469503,-0.00039666126409088065,-0.800000011920929,2,A,25,ATV,27,1,1,26,-1.3068656921386719,-1.1345808506011963,-1.3157119750976562,-1.1472660303115845
0.0,False,False,False,False,c7UH_rxdZv4,0.013141178972801981,0.013757534933731108,0.0006163559609291269,0.6000000238418579,2,A,26,ATV,28,1,1,27,0.8248323798179626,0.8523703217506409,0.8263387680053711,0.8549250364303589
0.0,False,False,False,False,c7UH_rxdZv4,0.3030379146501936,0.3056028381121223,0.0025649234619287142,1.2000000476837158,2,A,27,ATV,29,1,1,28,0.5647778511047363,0.35943764448165894,0.561246931552887,0.3552466034889221
0.0,False,False,False,False,c7UH_rxdZv4,0.008587026596444503,-0.014694811429887267,-0.02328183802633177,-1.399999976158142,2,A,28,ATV,30,1,1,29,-0.4245332181453705,-0.4201416075229645,-0.4347097873687744,-0.44235163927078247
0.0,False,False,False,False,c7UH_rxdZv4,-0.18013388789114604,-0.19909406744681668,-0.018960179555670642,-2.200000047683716,2,A,29,ATV,31,1,1,30,0.13329248130321503,0.09436699748039246,0.13779191672801971,0.09481523931026459
0.0,False,False,False,False,c7UH_rxdZv4,0.27468757878013506,0.2704234799007885,-0.004264098879346534,-1.7999999523162842,2,A,30,ATV,32,1,1,31,-1.1208022832870483,-0.9420972466468811,-1.1132028102874756,-0.9385396838188171
0.1,False,False,False,False,f9O3YtZ2VfI,-0.16105329479671582,-0.16285259329277935,-0.0017992984960635283,0.6000000238418579,2,A,0,ATV,2,1,1,1,1.1569020748138428,0.9861173629760742,1.1620383262634277,0.9911962151527405
0.1,False,False,False,False,f9O3YtZ2VfI,-0.20245323976354257,-0.2620069140055108,-0.059553674241968224,-2.4000000953674316,2,A,1,ATV,3,1,1,2,-1.0772547721862793,-1.1561343669891357,-1.086473822593689,-1.190312385559082
0.1,False,True,False,True,f9O3YtZ2VfI,4.568243224638774,4.533836487893151,-0.034406736745623334,-1.7999999523162842,2,A,2,AV,4,1,1,3,-0.15304146707057953,0.898280143737793,-0.15150374174118042,0.8928380012512207
0.1,False,False,False,False,f9O3YtZ2VfI,1.625777180172392,1.5825080477451827,-0.0432691324272092,-2.5999999046325684,1,A,4,ATV,5,2,1,3,-1.2278841733932495,-0.7269065380096436,-1.2427932024002075,-0.7494545578956604
0.1,False,False,False,False,f9O3YtZ2VfI,0.04978929098398055,0.05038515142766542,0.0005958604436848702,-1.2000000476837158,2,A,4,ATV,6,1,1,5,-1.0374313592910767,-0.9239242076873779,-1.0426061153411865,-0.9258504509925842
0.1,False,False,False,False,f9O3YtZ2VfI,0.1230893852655015,0.1310109176160701,0.007921532350568583,-1.7999999523162842,2,A,5,ATV,7,1,1,6,-0.6436957716941833,-0.5916420817375183,-0.6476523876190186,-0.5921440720558167
0.1,False,False,False,False,f9O3YtZ2VfI,-0.058030729708832496,-0.053607000722720954,0.004423728986111541,-2.200000047683716,2,A,6,ATV,8,1,1,7,-1.4277780055999756,-1.466313362121582,-1.435473084449768,-1.4713749885559082
0.1,False,False,False,False,f9O3YtZ2VfI,0.27409620978712823,0.2708409660126563,-0.00325524377447195,-2.0,2,A,7,ATV,9,1,1,8,-0.9288012385368347,-0.8077068328857422,-0.9403179883956909,-0.8194209337234497
0.1,False,False,False,False,f9O3YtZ2VfI,-0.181867095799646,-0.17527169541469334,0.006595400384952654,-0.800000011920929,2,A,8,AT,10,1,1,9,-1.561785101890564,-1.431228518486023,-1.5463385581970215,-1.4178588390350342
0.1,False,False,False,False,f9O3YtZ2VfI,-0.016555310552472946,0.00331955231063219,0.019874862863105136,-1.7999999523162842,2,A,9,ATV,11,1,1,10,-0.5605391263961792,-0.5672356486320496,-0.5684763193130493,-0.5671293139457703
0.1,False,False,False,False,f9O3YtZ2VfI,-0.7815195976179723,-0.7780428231074064,0.0034767745105659387,-1.600000023841858,2,A,10,AV,12,1,1,11,-0.3750256896018982,-0.7520362734794617,-0.37399056553840637,-0.7484976053237915
0.1,False,False,False,False,f9O3YtZ2VfI,-0.006505386186518081,-0.008739719910977328,-0.0022343337244592476,1.2000000476837158,1,A,12,ATV,13,2,1,11,1.2808291912078857,1.2052881717681885,1.2993701696395874,1.2336853742599487
0.1,True,False,True,False,f9O3YtZ2VfI,-2.5392045312743186,-2.5575814490528863,-0.01837691777856776,-1.2000000476837158,2,A,12,AV,14,1,1,13,0.5022644996643066,-0.6012513041496277,0.5123534202575684,-0.5879763960838318
0.1,False,False,False,False,f9O3YtZ2VfI,-0.41472460731483807,-0.3835815915872587,0.031143015727579382,-1.0,1,A,14,ATV,15,2,1,13,1.159984827041626,1.0617492198944092,1.1699639558792114,1.079702377319336
0.1,False,False,False,False,f9O3YtZ2VfI,-0.16577111179793746,-0.17341953011786515,-0.007648418319927686,-2.0,2,A,14,ATV,16,1,1,15,-0.7965574860572815,-0.8675236105918884,-0.7846583127975464,-0.858231246471405
0.1,False,False,False,False,f9O3YtZ2VfI,0.08521633361760905,0.0841618371719477,-0.001054496445661357,-1.0,2,A,15,ATV,17,1,1,16,-1.031091570854187,-0.7064305543899536,-1.0293463468551636,-0.7084128856658936
0.1,False,False,False,False,f9O3YtZ2VfI,0.04457733985187007,0.04981117502416005,0.00523383517228998,-0.6000000238418579,2,A,16,ATV,18,1,1,17,-0.06735540926456451,-0.02703612856566906,-0.06989426165819168,-0.0248276200145483
0.1,False,False,False,False,f9O3YtZ2VfI,0.2944485254764402,0.2964458831477046,0.0019973576712644103,-0.4000000059604645,2,A,17,ATV,19,1,1,18,-0.5360925197601318,-0.9594369530677795,-0.540830671787262,-0.9623870253562927
0.1,False,False,False,False,f9O3YtZ2VfI,-0.030915571051266966,-0.026875702358267972,0.0040398686929989935,2.0,2,A,18,ATV,20,1,1,19,1.473532795906067,1.5037620067596436,1.4751765727996826,1.5014381408691406
0.1,False,False,False,False,f9O3YtZ2VfI,-0.002370900157416145,-0.0022917100177437533,7.919013967239152e-05,1.399999976158142,2,A,19,ATV,21,1,1,20,1.4784774780273438,1.4615452289581299,1.4766058921813965,1.459805965423584
0.1,False,False,False,False,f9O3YtZ2VfI,0.006997022564974031,0.007152414493035053,0.00015539192806102164,1.600000023841858,2,A,20,ATV,22,1,1,21,1.4882797002792358,1.4604347944259644,1.487819790840149,1.4595122337341309
0.1,False,False,False,False,f9O3YtZ2VfI,0.01877545442262729,0.002370294748530455,-0.016405159674096836,-2.5999999046325684,2,A,21,ATV,23,1,1,22,-0.5807334184646606,-0.5760896801948547,-0.5857577323913574,-0.5851694345474243
0.1,False,False,False,False,f9O3YtZ2VfI,0.6399106850829703,0.6440855790786948,0.00417489399572446,-1.399999976158142,2,A,22,ATV,24,1,1,23,-1.1556737422943115,-0.5635754466056824,-1.1495857238769531,-0.5592902302742004
0.1,False,False,False,False,f9O3YtZ2VfI,-0.0006244150075787047,-0.0007799132381478557,-0.00015549823056915102,1.399999976158142,2,A,23,ATV,25,1,1,24,1.364027976989746,1.3741239309310913,1.3612545728683472,1.3731430768966675
0.1,False,False,False,False,f9O3YtZ2VfI,0.002770174373381451,0.003392206099547934,0.0006220317261664832,1.600000023841858,2,A,24,ATV,26,1,1,25,1.5983381271362305,1.5473413467407227,1.5952469110488892,1.5415637493133545
0.1,False,False,False,False,f9O3YtZ2VfI,-0.002515406868269565,-0.0032662960638845107,-0.0007508891956149455,1.2000000476837158,2,A,25,ATV,27,1,1,26,1.404754400253296,1.3985168933868408,1.4098670482635498,1.401935338973999
0.1,False,False,False,False,f9O3YtZ2VfI,-0.055455265210370364,-0.04952253012010033,0.005932735090270036,-2.0,2,A,26,TV,28,1,1,27,0.1956101953983307,0.18294499814510345,0.1846296191215515,0.1732657551765442
0.1,False,False,False,False,f9O3YtZ2VfI,-0.04762185046661216,-0.04066254915237266,0.006959301314239497,-1.0,2,A,27,TV,29,1,1,28,-1.2514766454696655,-1.1249746084213257,-1.2233574390411377,-1.0960520505905151
0.1,False,False,False,False,wMbj6ajWbic,-0.19027380884181472,-0.19028899196517463,-1.5183123359907569e-05,0.0,2,A,0,ATV,2,1,1,1,-0.4484941363334656,-0.10427454859018326,-0.4504045844078064,-0.11213963478803635
0.1,False,False,False,False,wMbj6ajWbic,0.5337880926430927,0.5037572025657227,-0.03003089007737003,1.0,2,A,1,ATV,3,1,1,2,-1.530078649520874,-1.6334551572799683,-1.5389598608016968,-1.6362993717193604
0.1,False,False,False,False,wMbj6ajWbic,0.055231649011489026,0.04640057517164209,-0.008831073839846937,0.20000000298023224,2,A,2,TV,4,1,1,3,1.0220978260040283,1.055030107498169,1.0164512395858765,1.044389247894287
0.1,False,False,False,False,wMbj6ajWbic,0.8792944014213036,0.8406094758229354,-0.038684925598368114,1.7999999523162842,2,A,3,ATV,5,1,1,4,0.3950282633304596,0.11084636300802231,0.4201924800872803,0.14335329830646515
0.1,False,False,False,False,wMbj6ajWbic,-0.0006594143255256313,-0.0004753110733872745,0.00018410325213835677,-1.2000000476837158,2,V,4,ATV,6,1,1,5,-1.227973222732544,-1.1889057159423828,-1.2227115631103516,-1.1936359405517578
0.1,False,False,False,False,wMbj6ajWbic,-0.009634249967529207,-0.013359698583288171,-0.003725448615758964,-0.20000000298023224,2,A,5,ATV,7,1,1,6,-0.3832939565181732,-0.045201994478702545,-0.3869851231575012,-0.053017906844615936
0.1,False,False,False,False,wMbj6ajWbic,-0.0525041979091867,-0.046581331218419564,0.005922866690767137,-2.0,2,A,6,ATV,8,1,1,7,-1.7635430097579956,-1.941624402999878,-1.7767925262451172,-1.9430768489837646
0.1,False,False,False,False,wMbj6ajWbic,0.40312966478239787,0.3841908430271701,-0.018938821755227764,-1.7999999523162842,2,A,7,ATV,9,1,1,8,-0.9748097062110901,-0.7588137984275818,-0.9593143463134766,-0.7555177211761475
0.1,False,False,False,False,wMbj6ajWbic,0.2733294036727685,0.261162717794285,-0.012166685878483463,0.4000000059604645,2,A,8,AT,10,1,1,9,-1.5758837461471558,-1.6438801288604736,-1.580083966255188,-1.6449682712554932
0.1,False,False,False,False,wMbj6ajWbic,-0.04629720073357646,-0.045018536794202646,0.0012786639393738142,1.600000023841858,2,A,9,ATV,11,1,1,10,1.2251962423324585,1.2931113243103027,1.2190619707107544,1.2836216688156128
0.1,False,False,False,False,wMbj6ajWbic,0.10868824310819036,0.11378352644214829,0.005095283333957923,2.0,2,A,10,ATV,12,1,1,11,1.4887783527374268,1.3916943073272705,1.4852874279022217,1.38460373878479
0.1,False,False,False,False,wMbj6ajWbic,0.02800223962748305,0.03183235484256386,0.0038301152150808093,-0.800000011920929,2,A,11,ATV,13,1,1,12,-0.7665771245956421,-0.9706438779830933,-0.7576068043708801,-0.9833835959434509
0.1,False,False,False,False,wMbj6ajWbic,-2.748088433861824,-2.7028130689825645,0.04527536487925943,2.0,2,A,12,ATV,14,1,1,13,-1.0679852962493896,-0.5815587043762207,-1.0682812929153442,-0.5906634330749512
0.1,False,False,False,False,wMbj6ajWbic,-0.13830727086082817,-0.14659092534209606,-0.008283654481267888,-0.4000000059604645,2,A,13,AV,15,1,1,14,-0.8540542721748352,-0.6604956984519958,-0.8556745648384094,-0.6470797061920166
0.1,False,False,False,False,wMbj6ajWbic,-0.17599634196035652,-0.16266288491296166,0.013333457047394859,2.0,1,A,15,ATV,16,2,1,14,0.9356783628463745,1.0218465328216553,0.9495795965194702,1.030092716217041
0.1,True,False,True,False,wMbj6ajWbic,-1.9864153412704866,-1.9937522697860004,-0.007336928515513819,-1.0,2,A,15,AV,17,1,1,16,0.5759262442588806,-0.29492682218551636,0.581587553024292,-0.2874925136566162
0.1,False,False,False,False,wMbj6ajWbic,-0.13713003525802492,-0.1211732588178629,0.015956776440162024,-0.6000000238418579,1,A,17,ATV,18,2,1,16,-0.22210508584976196,-0.524670422077179,-0.24803629517555237,-0.5479884147644043
0.1,False,False,False,False,wMbj6ajWbic,0.036790785093756995,0.04173809192709399,0.004947306833336995,-0.4000000059604645,2,A,17,ATV,19,1,1,18,0.9120603203773499,0.9260064363479614,0.9072805047035217,0.9231479167938232
0.1,False,False,False,False,wMbj6ajWbic,-0.0018056242447528348,-0.0010158889358393708,0.000789735308913464,1.600000023841858,2,A,18,ATV,20,1,1,19,1.3435758352279663,1.3471211194992065,1.341601014137268,1.3435742855072021
0.1,False,False,False,False,wMbj6ajWbic,-0.006485254025577092,-0.006793098036496303,-0.00030784401091921154,1.399999976158142,2,A,19,ATV,21,1,1,20,1.4819655418395996,1.4152675867080688,1.484466314315796,1.4184787273406982
0.1,False,False,False,False,wMbj6ajWbic,0.01918261613609218,0.021683047848384263,0.002500431712292084,1.7999999523162842,2,A,20,ATV,22,1,1,21,1.4874361753463745,1.4581246376037598,1.4850856065750122,1.4523591995239258
0.1,False,False,False,False,wMbj6ajWbic,-0.0004184798505235676,-0.00041695293498378305,1.526915539784568e-06,1.399999976158142,2,A,21,ATV,23,1,1,22,1.422032356262207,1.4081820249557495,1.421067714691162,1.4051861763000488
0.1,False,False,False,False,wMbj6ajWbic,0.17648680372778358,0.19031265970204103,0.01382585597425745,2.0,2,A,22,V,24,1,1,23,0.8829197287559509,0.8065364956855774,0.8837131857872009,0.801497220993042
0.1,False,False,False,False,wMbj6ajWbic,0.027422237654377568,0.029298627857841097,0.0018763902034635294,1.7999999523162842,3,A,22,AT,25,2,1,23,1.2225857973098755,1.199309229850769,1.2228693962097168,1.1980212926864624
0.1,False,False,False,False,wMbj6ajWbic,0.00046621489224696333,-2.6030073201344095e-05,-0.0004922449654483074,0.0,3,A,23,ATV,26,1,2,25,0.059715934097766876,0.06349966675043106,0.06384173780679703,0.06363754719495773
0.1,False,False,False,False,wMbj6ajWbic,-1.7980252503552983,-1.8147979455996541,-0.016772695244355873,2.4000000953674316,2,A,25,AV,27,1,1,26,0.5760369896888733,1.1635470390319824,0.5676726698875427,1.157975196838379
0.1,False,False,False,False,wMbj6ajWbic,-0.025348493809701722,-0.027028555027982293,-0.0016800612182805708,1.7999999523162842,1,A,27,ATV,28,2,1,26,1.5816913843154907,1.6506341695785522,1.573602557182312,1.6443489789962769
0.1,False,False,False,False,wMbj6ajWbic,0.13475777688403756,0.15842469747941834,0.02366692059538078,0.800000011920929,2,A,27,V,29,1,1,28,0.9479491114616394,0.4042138159275055,0.936596691608429,0.37918728590011597
0.1,False,False,False,False,vvZ4IcEtiZc,0.20992515903737186,0.28978452045618397,0.07985936141881211,1.399999976158142,2,A,0,ATV,2,1,1,1,-0.31957781314849854,-0.37957102060317993,-0.30482661724090576,-0.3877970576286316
0.1,False,False,False,False,vvZ4IcEtiZc,-0.11515181436607236,-0.11439081534535944,0.0007609990207129158,2.200000047683716,2,A,1,ATV,3,1,1,2,1.5196576118469238,1.6103272438049316,1.5192445516586304,1.6092063188552856
0.1,False,False,False,False,vvZ4IcEtiZc,-0.024235727869964308,-0.02250655949353586,0.0017291683764284471,1.2000000476837158,2,A,2,TV,4,1,1,3,1.4701896905899048,1.4208319187164307,1.4793339967727661,1.4356287717819214
0.1,False,False,False,False,vvZ4IcEtiZc,-0.037636283875755794,-0.037781694425476076,-0.00014541054972028178,1.0,2,A,3,ATV,5,1,1,4,1.4495155811309814,1.4054971933364868,1.453137755393982,1.4093313217163086
0.1,False,False,False,False,vvZ4IcEtiZc,-0.018527311240816857,-0.015624157778404424,0.0029031534624124333,1.399999976158142,2,V,4,ATV,6,1,1,5,0.7164757251739502,0.7301656007766724,0.7163601517677307,0.7278844714164734
0.1,False,False,False,False,vvZ4IcEtiZc,0.593765193234951,0.5871523689107871,-0.0066128243241638796,-1.5,2,A,5,ATV,7,1,1,6,-0.45815297961235046,-0.20415648818016052,-0.4594626724720001,-0.2077653855085373
0.1,False,False,False,False,vvZ4IcEtiZc,0.02305286555889552,0.021185060678519108,-0.0018678048803764113,2.200000047683716,2,A,6,ATV,8,1,1,7,1.54384446144104,1.5265069007873535,1.5452536344528198,1.5292706489562988
0.1,False,False,False,False,vvZ4IcEtiZc,-0.6954337386702321,-0.681717255243921,0.013716483426311044,-2.0,2,A,7,TV,9,1,1,8,-0.6180112957954407,-0.8979750275611877,-0.6204787492752075,-0.8948476910591125
0.1,False,False,False,False,vvZ4IcEtiZc,-0.4769761889196511,-0.4603267041298347,0.016649484789816427,1.600000023841858,2,A,8,ATV,10,1,1,9,0.436074823141098,0.6631191968917847,0.44924405217170715,0.6705310344696045
0.1,False,False,False,False,vvZ4IcEtiZc,0.05887071543052613,0.06012340095775315,0.0012526855272270154,0.20000000298023224,2,V,9,AT,11,1,1,10,-0.364178866147995,-0.4141404628753662,-0.41406747698783875,-0.46121272444725037
0.1,False,False,False,False,d3_k5Xpfmik,-0.02902524963928954,-0.026018616702387476,0.003006632936902065,2.0,2,A,0,ATV,2,1,1,1,1.5353213548660278,1.567679524421692,1.5384700298309326,1.5675750970840454
0.1,False,False,False,False,d3_k5Xpfmik,-0.257357160406116,-0.25572770780384,0.0016294526022759825,-1.0,2,A,1,ATV,3,1,1,2,-0.1838013082742691,-0.36060720682144165,-0.18418709933757782,-0.35982581973075867
0.1,False,False,False,False,d3_k5Xpfmik,-1.3838463796298583,-1.382218223673302,0.0016281559565562986,2.200000047683716,2,A,2,AV,4,1,1,3,0.5261415243148804,1.0092204809188843,0.5163335800170898,0.9947969317436218
0.1,False,False,False,False,d3_k5Xpfmik,-0.00300301375919787,-0.002774630607632389,0.00022838315156548106,1.600000023841858,1,A,4,ATV,5,2,1,3,1.4982205629348755,1.5142326354980469,1.4981203079223633,1.5127942562103271
0.1,False,False,False,False,d3_k5Xpfmik,0.37096412976037385,0.3740059035199659,0.0030417737595920258,0.4000000059604645,2,A,4,ATV,6,1,1,5,-0.2845999598503113,-0.5163193941116333,-0.2866440713405609,-0.519503116607666
0.1,False,False,False,False,d3_k5Xpfmik,-0.1917209170383103,-0.18695720446112318,0.004763712577187107,2.200000047683716,2,A,5,AT,7,1,1,6,1.2598381042480469,1.3680243492126465,1.2624696493148804,1.3681310415267944
0.1,False,False,False,False,d3_k5Xpfmik,0.4011730717796418,0.38996234222446446,-0.011210729555177323,1.399999976158142,2,A,6,ATV,8,1,1,7,0.8158888816833496,0.538397490978241,0.8146871328353882,0.5441066026687622
0.1,False,False,False,False,d3_k5Xpfmik,0.026407641442595775,0.02084607810836303,-0.005561563334232744,0.4000000059604645,2,A,7,ATV,9,1,1,8,0.9496024250984192,0.9731234312057495,0.9461483359336853,0.9649106860160828
0.1,False,False,False,False,d3_k5Xpfmik,-0.09655932244204735,-0.0982721628033687,-0.001712840361321355,2.4000000953674316,2,A,8,ATV,10,1,1,9,1.20321786403656,1.244262933731079,1.2009692192077637,1.2426743507385254
0.1,False,False,False,False,d3_k5Xpfmik,-0.030907954061646592,-0.032488272145997144,-0.0015803180843505515,2.0,2,A,9,ATV,11,1,1,10,1.4200289249420166,1.4473170042037964,1.4153910875320435,1.4438711404800415
0.1,False,False,False,False,d3_k5Xpfmik,0.6781995070590483,0.676023957346576,-0.0021755497124722467,2.200000047683716,2,A,10,A,12,1,1,11,1.0007888078689575,0.7452467679977417,0.9990471601486206,0.7445579171180725
0.1,False,False,False,False,d3_k5Xpfmik,0.30460412809361515,0.2984286025535754,-0.00617552554003975,2.0,3,A,10,ATV,13,2,1,11,0.49885696172714233,0.40061432123184204,0.49798160791397095,0.4017234742641449
0.1,False,False,False,False,d3_k5Xpfmik,-0.12927268675754533,-0.12563301286718342,0.0036396738903619053,2.5999999046325684,3,A,11,ATV,14,1,2,13,1.4326339960098267,1.4893827438354492,1.4315075874328613,1.4865632057189941
0.1,False,False,False,False,d3_k5Xpfmik,0.03101780978262525,0.03062448874254642,-0.0003933210400788312,2.0,2,A,13,ATV,15,1,1,14,1.6214570999145508,1.582492470741272,1.6201235055923462,1.581752896308899
0.1,False,False,False,False,d3_k5Xpfmik,0.5495161678057636,0.57479400076229,0.025277832956526414,1.600000023841858,2,A,14,ATV,16,1,1,15,0.3744767904281616,0.1677209436893463,0.37581661343574524,0.16006286442279816
0.1,False,False,False,False,d3_k5Xpfmik,-1.1820668781985928,-1.148328523986848,0.03373835421174487,0.800000011920929,2,A,15,ATV,17,1,1,16,-0.734117865562439,-0.2823357880115509,-0.7326629757881165,-0.29577702283859253
0.1,False,False,False,False,d3_k5Xpfmik,0.08429915793919562,0.08747976206593044,0.0031806041267348206,0.20000000298023224,2,A,16,AT,18,1,1,17,0.4759345054626465,0.6005483865737915,0.4677085280418396,0.5989331007003784
0.1,False,False,False,False,vyB00TXsimI,-0.04060202273477387,-0.03429472259954025,0.006307300135233618,2.200000047683716,2,A,0,ATV,2,1,1,1,1.530620813369751,1.5616689920425415,1.5368237495422363,1.5632048845291138
0.1,False,False,False,False,vyB00TXsimI,0.007394666811251227,0.00846532614362161,0.0010706593323703828,1.7999999523162842,2,A,1,ATV,3,1,1,2,1.6333708763122559,1.612490177154541,1.6320743560791016,1.6085206270217896
0.1,False,False,False,False,vyB00TXsimI,0.6146249832010575,0.6737068715823362,0.0590818883812787,1.7999999523162842,2,A,2,AV,4,1,1,3,0.9752919673919678,0.6621211171150208,0.9671527743339539,0.6306662559509277
0.1,False,False,False,False,vyB00TXsimI,0.14905984636044423,0.14201351321117173,-0.007046333149272499,2.0,1,A,4,ATV,5,2,1,3,1.0318083763122559,0.9576685428619385,1.0401313304901123,0.9688058495521545
0.1,False,False,False,False,vyB00TXsimI,-0.16708707821976532,-0.1645977567249588,0.002489321494806518,2.4000000953674316,2,A,4,AT,6,1,1,5,1.2782450914382935,1.3553723096847534,1.2803311347961426,1.356419324874878
0.1,False,False,False,False,vyB00TXsimI,0.13478483804965435,0.12949340903513473,-0.005291429014519622,2.5999999046325684,2,A,5,ATV,7,1,1,6,1.5263246297836304,1.4652913808822632,1.5253492593765259,1.466700553894043
0.1,False,False,False,False,vyB00TXsimI,0.019245790617874015,0.019846126818332976,0.0006003362004589619,-0.25,2,A,6,TV,8,1,1,7,-0.2963513135910034,-0.39626768231391907,-0.28432708978652954,-0.3949981927871704
0.1,False,False,False,False,vyB00TXsimI,-0.07830639376015469,-0.07943938194756583,-0.0011329881874111436,1.3333333730697632,2,A,7,TV,9,1,1,8,0.8049410581588745,0.8851235508918762,0.7997898459434509,0.8803109526634216
0.1,False,False,False,False,vyB00TXsimI,-0.40862564669816415,-0.40871830532417874,-9.265862601459673e-05,-0.20000000298023224,2,V,8,AV,10,1,1,9,0.9527024030685425,0.7592169642448425,0.9599851965904236,0.7679087519645691
0.1,False,False,False,False,vyB00TXsimI,-0.06068705120705076,-0.06552160086996395,-0.00483454966291319,0.20000000298023224,1,A,10,ATV,11,2,1,9,0.8382824063301086,0.788827121257782,0.8238258957862854,0.7688911557197571
0.1,False,False,False,False,vyB00TXsimI,-0.10270515935464708,-0.09965155651317836,0.0030536028414687166,2.4000000953674316,2,A,10,ATV,12,1,1,11,0.10898386687040329,0.13150936365127563,0.0975021943449974,0.11924473196268082
0.1,True,False,True,False,vyB00TXsimI,-1.9724222287851774,-1.9532709640992891,0.019151264685888236,2.0,2,A,11,V,13,1,1,12,-0.04500523954629898,0.5135195255279541,-0.045544229447841644,0.5063533782958984
0.1,False,False,False,False,vyB00TXsimI,-0.18937003529482865,-0.18725541373231636,0.0021146215625122977,2.5999999046325684,3,A,11,ATV,14,2,1,12,1.2316309213638306,1.3026704788208008,1.2324886322021484,1.3027598857879639
0.1,False,False,False,False,vyB00TXsimI,0.03338634170378896,0.03410134774516749,0.0007150060413785297,0.4000000059604645,3,A,12,ATV,15,1,2,14,0.35387977957725525,0.21154996752738953,0.3466804325580597,0.20779094099998474
0.1,False,False,False,False,vyB00TXsimI,-0.01658577726489341,-0.01621198206532881,0.00037379519956459717,1.399999976158142,2,A,14,ATV,16,1,1,15,1.2592699527740479,1.3432623147964478,1.25941801071167,1.340407133102417
0.1,False,False,False,False,vyB00TXsimI,0.07391536275029864,0.07095993645845056,-0.0029554262918480845,2.4000000953674316,2,A,15,ATV,17,1,1,16,1.5632699728012085,1.5202088356018066,1.5635080337524414,1.5221168994903564
0.1,False,False,False,False,vyB00TXsimI,-0.02090085224146776,-0.021575431502185438,-0.0006745792607176782,1.2000000476837158,2,A,16,TV,18,1,1,17,1.3710203170776367,1.2913624048233032,1.3723366260528564,1.2901358604431152
0.1,False,False,False,False,vyB00TXsimI,0.021952726720599003,0.022727270253369625,0.0007745435327706218,2.200000047683716,2,A,17,ATV,19,1,1,18,1.6578106880187988,1.6379306316375732,1.653458595275879,1.6330478191375732
0.1,False,False,False,False,vyB00TXsimI,0.00456225616875372,0.005161864352018597,0.000599608183264877,1.2000000476837158,2,V,18,AV,20,1,1,19,1.108621597290039,1.0863678455352783,1.1087373495101929,1.083850383758545
0.1,False,False,False,False,vyB00TXsimI,0.008827192096579672,0.01166766165670019,0.0028404695601205177,0.6000000238418579,1,A,20,ATV,21,2,1,19,-0.20830458402633667,-0.213746577501297,-0.19080422818660736,-0.1981472223997116
0.1,False,False,False,False,fvVhgmXxadc,0.05823691884700111,0.06075169593800922,0.0025147770910081135,-2.799999952316284,2,A,1,ATV,3,1,1,2,-1.6958273649215698,-1.6697636842727661,-1.697993278503418,-1.6707655191421509
0.1,False,False,False,False,fvVhgmXxadc,-0.18233020535944888,-0.1664980690125759,0.01583213634687297,0.0,2,A,2,ATV,4,1,1,3,-1.4139196872711182,-1.3479015827178955,-1.407189965248108,-1.346731424331665
0.1,False,False,False,False,fvVhgmXxadc,-0.24015134244682557,-0.23567510855760032,0.004476233889225245,-0.20000000298023224,2,A,3,ATV,5,1,1,4,-1.7069592475891113,-1.625052571296692,-1.707364797592163,-1.6270506381988525
0.1,False,False,False,False,fvVhgmXxadc,0.012578432900696157,0.009811452627346284,-0.0027669802733498727,-1.0,2,A,4,ATV,6,1,1,5,-1.3170161247253418,-1.3362702131271362,-1.3247418403625488,-1.3395124673843384
0.1,False,False,False,False,fvVhgmXxadc,-0.022634561500538553,-0.02084289228224634,0.0017916692182922134,-0.5,2,A,5,TV,7,1,1,6,-1.3876553773880005,-1.3748128414154053,-1.3891050815582275,-1.377305507659912
0.1,False,False,False,False,fvVhgmXxadc,0.060263028171533506,0.06453406427301189,0.004271036101478387,-0.4000000059604645,2,A,6,ATV,8,1,1,7,-0.7999984622001648,-0.8693205714225769,-0.8180423378944397,-0.8891763091087341
0.1,False,False,False,False,fvVhgmXxadc,0.04011565435936504,0.036306344231945786,-0.003809310127419252,0.0,2,V,7,ATV,9,1,1,8,-0.9148181080818176,-0.9364869594573975,-0.9258678555488586,-0.9452711939811707
0.1,False,False,False,False,fvVhgmXxadc,0.0005019586614629645,0.0001833188540645292,-0.00031863980739843534,-0.20000000298023224,2,A,8,ATV,10,1,1,9,-0.1681326925754547,-0.161045104265213,-0.1683030128479004,-0.16553236544132233
0.1,False,False,False,False,fvVhgmXxadc,-0.007208958274203425,-0.006213899341886986,0.0009950589323164394,0.0,2,A,9,ATV,11,1,1,10,-0.1853431910276413,-0.16475175321102142,-0.18306341767311096,-0.16522201895713806
0.1,False,False,False,False,fvVhgmXxadc,0.06032292335165046,0.0642340176328613,0.003911094281210836,0.20000000298023224,2,A,10,ATV,12,1,1,11,-0.9767628312110901,-1.0021204948425293,-0.9736434817314148,-1.0006968975067139
0.1,False,False,False,False,fvVhgmXxadc,-0.04863490790362235,-0.04782998503571889,0.000804922867903457,0.0,2,A,11,ATV,13,1,1,12,-0.9240573048591614,-0.8973555564880371,-0.9311631917953491,-0.9051159620285034
0.1,False,False,False,False,ob23OKe5a9Q,0.021950369039061002,0.025650562073735728,0.003700193034674726,-1.2000000476837158,2,A,0,AT,2,1,1,1,-1.35179603099823,-1.412114143371582,-1.3336946964263916,-1.4086260795593262
0.1,False,False,False,False,ob23OKe5a9Q,0.5781109413879086,0.5542074329683437,-0.0239035084195649,-1.5,2,A,1,TV,3,1,1,2,-1.1167261600494385,-0.6485249400138855,-1.1307348012924194,-0.6689980626106262
0.1,False,False,False,False,ob23OKe5a9Q,0.010193496076738029,0.007630705606857191,-0.002562790469880838,-1.7999999523162842,2,A,2,ATV,4,1,1,3,-1.8138854503631592,-1.6980867385864258,-1.8195990324020386,-1.7104743719100952
0.1,False,False,False,False,ob23OKe5a9Q,-0.6672451150940191,-0.6710231550806043,-0.0037780399865852132,0.0,2,V,3,ATV,5,1,1,4,-1.8266100883483887,-1.6337867975234985,-1.8497884273529053,-1.6585216522216797
0.1,False,False,False,False,ob23OKe5a9Q,0.008506274806645564,0.008359544784866557,-0.00014673002177900685,0.6000000238418579,2,A,4,AT,6,1,1,5,0.8818950057029724,0.8965991735458374,0.8839930891990662,0.8983481526374817
0.1,False,False,False,False,ob23OKe5a9Q,-0.1675398943534674,-0.17002853605583823,-0.002488641702370842,0.6000000238418579,2,A,5,ATV,7,1,1,6,1.4529896974563599,1.3483659029006958,1.451700210571289,1.3452279567718506
0.1,False,False,False,False,ob23OKe5a9Q,0.03818132544874686,0.04811156668104388,0.009930241232297021,-1.399999976158142,2,A,6,TV,8,1,1,7,-1.2413570880889893,-1.6516920328140259,-1.2466427087783813,-1.667637825012207
0.1,False,False,False,False,ob23OKe5a9Q,-0.8082509284565598,-0.8256732865425969,-0.017422358086037093,1.25,2,A,7,AV,9,1,1,8,0.34788778424263,1.1754646301269531,0.3368665874004364,1.1597816944122314
0.1,False,False,False,False,ob23OKe5a9Q,0.08539675198636587,0.09636495747739104,0.010968205491025174,0.800000011920929,1,A,9,ATV,10,2,1,8,1.431991696357727,1.4962831735610962,1.4142698049545288,1.488253116607666
0.1,False,False,False,False,ob23OKe5a9Q,0.059730129281504674,0.06323481772369632,0.00350468844219165,2.799999952316284,2,A,9,ATV,11,1,1,10,1.5345587730407715,1.5111743211746216,1.5300521850585938,1.5053949356079102
0.1,False,False,False,False,ob23OKe5a9Q,0.9962793667752301,1.0502448032204938,0.05396543644526375,1.25,2,A,10,ATV,12,1,1,11,-0.7474755048751831,-0.9829773306846619,-0.7354087829589844,-0.9842991828918457
0.1,False,False,False,False,ob23OKe5a9Q,0.12487646138274044,0.1233203419883182,-0.0015561193944222396,0.800000011920929,2,A,11,ATV,13,1,1,12,1.2666140794754028,1.3853248357772827,1.2633639574050903,1.381400465965271
0.1,False,False,False,False,zhpQhgha_KU,-0.08946684321911391,-0.09295802762828487,-0.0034911844091709554,-1.600000023841858,2,A,0,ATV,2,1,1,1,-1.2949965000152588,-1.6596683263778687,-1.2894834280014038,-1.6588432788848877
0.1,False,True,False,True,zhpQhgha_KU,2.673260768374636,2.5118529187065683,-0.16140784966806754,-1.600000023841858,2,A,1,AV,3,1,1,2,-0.9478005170822144,0.1602911353111267,-0.9532532095909119,0.11176349967718124
0.1,False,False,False,False,zhpQhgha_KU,0.5267214518952414,0.5141423661677749,-0.012579085727466577,-2.200000047683716,1,A,3,ATV,4,2,1,2,-1.671493411064148,-1.3022023439407349,-1.6728719472885132,-1.3100526332855225
0.1,False,False,False,False,zhpQhgha_KU,0.009349789479983883,0.009310459817513106,-3.9329662470777293e-05,1.0,2,A,3,ATV,5,1,1,4,1.0673023462295532,1.117810845375061,1.0694953203201294,1.1189119815826416
0.1,False,False,False,False,zhpQhgha_KU,-0.034871644811389046,-0.0345287985351348,0.00034284627625424946,1.0,2,A,4,ATV,6,1,1,5,1.2172558307647705,1.11103355884552,1.216622233390808,1.1113390922546387
0.1,False,False,False,False,zhpQhgha_KU,-0.031138019920717852,-0.017556834179970338,0.013581185740747515,-1.0,2,A,5,ATV,7,1,1,6,-1.3891414403915405,-1.3468328714370728,-1.383209466934204,-1.3595728874206543
0.1,False,False,False,False,zhpQhgha_KU,-0.20823513800824855,-0.21909211753968805,-0.010856979531439492,-1.0,2,A,6,ATV,8,1,1,7,-1.4901704788208008,-1.1789747476577759,-1.5052586793899536,-1.1902477741241455
0.1,False,False,False,False,zhpQhgha_KU,-0.032582821594061784,-0.03268490930472634,-0.00010208771066455569,0.6000000238418579,2,A,7,ATV,9,1,1,8,0.2941974401473999,0.35315513610839844,0.29325664043426514,0.35219648480415344
0.1,False,False,False,False,zhpQhgha_KU,-0.11864109650268517,-0.11510197788426524,0.003539118618419934,-2.4000000953674316,2,A,8,ATV,10,1,1,9,-1.7640020847320557,-1.8653484582901,-1.7602287530899048,-1.857593059539795
0.1,False,False,False,False,zhpQhgha_KU,-0.052748413390872884,-0.05215386400209354,0.0005945493887793418,-1.399999976158142,2,A,9,ATV,11,1,1,10,-1.731715202331543,-1.6393461227416992,-1.7294824123382568,-1.6374969482421875
0.1,False,False,False,False,zhpQhgha_KU,-0.006678971028193814,-0.004231833524173112,0.002447137504020702,-1.0,2,A,10,TV,12,1,1,11,-1.4012187719345093,-1.3928072452545166,-1.3898979425430298,-1.3844327926635742
0.1,False,False,False,False,zhpQhgha_KU,0.0028878012430624267,0.0021020915291956044,-0.0007857097138668223,-1.5,2,A,11,ATV,13,1,1,12,-1.4427969455718994,-1.4215143918991089,-1.455430030822754,-1.4360580444335938
0.1,False,False,False,False,zhpQhgha_KU,0.05177005740790719,0.04859218853442826,-0.0031778688734789284,-2.0,2,V,12,ATV,14,1,1,13,-1.7705732583999634,-1.6768797636032104,-1.7876956462860107,-1.6939520835876465
0.1,False,False,False,False,zhpQhgha_KU,0.001978404185308591,0.0017360225980809219,-0.00024238158722766912,1.7999999523162842,2,A,13,ATV,15,1,1,14,1.525242805480957,1.5216658115386963,1.5210508108139038,1.517956256866455
0.1,False,False,False,False,zhpQhgha_KU,0.015973998616004792,0.01552985527268902,-0.00044414334331577265,1.75,2,A,14,ATV,16,1,1,15,1.6242235898971558,1.5716921091079712,1.6254487037658691,1.57381010055542
0.1,False,False,False,False,zhpQhgha_KU,0.3810226026652408,0.4046851597549619,0.023662557089721092,0.6000000238418579,2,A,15,ATV,17,1,1,16,-0.20724521577358246,-0.41620245575904846,-0.21083742380142212,-0.4306029677391052
0.1,False,False,False,False,zhpQhgha_KU,0.199954522664882,0.1941599287484017,-0.005794593916480295,-0.800000011920929,2,A,16,ATV,18,1,1,17,-0.6589012742042542,-0.3311040997505188,-0.6648145914077759,-0.33909326791763306
0.1,False,False,False,False,zhpQhgha_KU,0.10262734106220606,0.10734092374386606,0.00471358268166,-1.399999976158142,2,A,17,ATV,19,1,1,18,-1.13620126247406,-0.985009491443634,-1.1417039632797241,-0.9827976822853088
0.1,False,False,False,False,zhpQhgha_KU,-0.06515222892444417,-0.06559151082358383,-0.0004392818991396652,0.6000000238418579,2,A,18,ATV,20,1,1,19,-0.42257609963417053,-0.39020687341690063,-0.4144896864891052,-0.38163018226623535
0.1,False,False,False,False,zhpQhgha_KU,0.22349292568333623,0.22120914250645618,-0.00228378317688005,0.6000000238418579,2,A,19,ATV,21,1,1,20,-0.14586563408374786,-0.28306764364242554,-0.15451742708683014,-0.2891038656234741
0.1,False,False,False,False,zhpQhgha_KU,-0.1526440029016385,-0.15810528657380019,-0.005461283672161699,-0.5,2,A,20,ATV,22,1,1,21,0.9965046644210815,0.9446045160293579,1.0015062093734741,0.9479004144668579
0.1,False,False,False,False,zhpQhgha_KU,0.3332094375876613,0.3483285210999787,0.015119083512317388,0.0,2,A,21,ATV,23,1,1,22,-0.40703901648521423,-0.7063215970993042,-0.4166460931301117,-0.7224420309066772
0.1,False,False,False,False,zhpQhgha_KU,-0.7791687995121288,-0.7895537820809209,-0.010384982568792056,1.0,2,A,22,AV,24,1,1,23,0.06500586867332458,0.6917059421539307,0.04967622458934784,0.6630111336708069
0.1,False,False,False,False,zhpQhgha_KU,-0.1887695968267069,-0.16601543793535445,0.02275415889135246,0.0,1,A,24,ATV,25,2,1,23,-0.4861413538455963,-0.21809130907058716,-0.4500569999217987,-0.19114357233047485
0.1,False,False,False,False,zhpQhgha_KU,-0.003324100081197656,-0.0015848767492165905,0.0017392233319810657,0.800000011920929,2,A,24,ATV,26,1,1,25,0.73082035779953,0.8382325172424316,0.7400762438774109,0.8447881937026978
0.1,False,False,False,False,zhpQhgha_KU,0.0020417117159610143,0.0020559006810145775,1.4188965053563152e-05,1.399999976158142,2,A,25,ATV,27,1,1,26,1.302066683769226,1.2921452522277832,1.2944899797439575,1.2851598262786865
0.1,False,False,False,False,zhpQhgha_KU,0.0893212641461929,0.09020996764739664,0.0008887035012037359,-1.2000000476837158,2,A,26,ATV,28,1,1,27,-1.1363637447357178,-1.5055664777755737,-1.1311661005020142,-1.508136510848999
0.1,False,False,False,False,zhpQhgha_KU,0.33967224162552156,0.3277743868619183,-0.011897854763603277,-2.0,2,A,27,AT,29,1,1,28,-1.6511495113372803,-1.320758581161499,-1.6410467624664307,-1.324262022972107
0.1,False,False,False,False,zhpQhgha_KU,-0.04660283893950634,-0.04771429202817501,-0.001111453088668668,-1.0,2,A,28,ATV,30,1,1,29,-1.2362470626831055,-1.0959678888320923,-1.2342411279678345,-1.0845849514007568
0.1,False,False,False,False,zhpQhgha_KU,-0.0866630927829306,-0.08684206505004455,-0.00017897226711394154,0.800000011920929,2,A,29,TV,31,1,1,30,0.1873594969511032,0.2627241909503937,0.1907324641942978,0.2667412757873535
0.1,False,False,False,False,zhpQhgha_KU,-0.23761454466421128,-0.23719687166333614,0.0004176730008751406,-0.4000000059604645,2,A,30,ATV,32,1,1,31,0.5107377171516418,0.36930400133132935,0.517130434513092,0.3771302103996277
0.1,False,False,False,False,zhpQhgha_KU,-0.013139420462039197,-0.013155937984706156,-1.651752266695894e-05,1.2000000476837158,2,V,31,ATV,33,1,1,32,1.5277135372161865,1.5070126056671143,1.525907278060913,1.5050567388534546
0.1,False,False,False,False,zhpQhgha_KU,-0.07539839971570927,-0.07619188485049833,-0.0007934851347890515,0.6000000238418579,2,A,32,ATV,34,1,1,33,1.0656096935272217,0.9760239124298096,1.0636320114135742,0.9725087285041809
0.1,False,False,False,False,phBUpBr1hSo,0.008077014494745072,0.016682107671215363,0.008605093176470291,2.799999952316284,2,A,0,ATV,2,1,1,1,1.6855831146240234,1.6819651126861572,1.687969446182251,1.6804938316345215
0.1,False,False,False,False,phBUpBr1hSo,0.0006315060194594935,0.0006951025713455294,6.359655188603597e-05,-0.800000011920929,2,A,1,AT,3,1,1,2,-0.6706658601760864,-0.6682471036911011,-0.675030529499054,-0.6722797155380249
0.1,False,False,False,False,phBUpBr1hSo,0.17550107120945668,0.18565739263659964,0.010156321427142956,-1.399999976158142,2,A,2,TV,4,1,1,3,-1.4826613664627075,-0.9729941487312317,-1.4728931188583374,-0.9629979133605957
0.1,True,False,True,False,phBUpBr1hSo,-2.007377207679516,-1.9685328638670643,0.03884434381245194,1.600000023841858,2,A,3,AV,5,1,1,4,-0.22916953265666962,0.44307130575180054,-0.195955291390419,0.47887441515922546
0.1,False,True,False,True,phBUpBr1hSo,1.4130585531603401,1.426236860692165,0.013178307531824807,-1.0,1,A,5,AV,6,2,1,4,-0.2728527784347534,0.393485426902771,-0.27586257457733154,0.3966430723667145
0.1,False,False,False,False,phBUpBr1hSo,0.46901079332609186,0.47319742383268704,0.004186630506595179,-2.200000047683716,2,A,5,AT,7,3,1,4,-0.8635991811752319,-0.6983416080474854,-0.8650779724121094,-0.6982629299163818
0.1,False,False,False,False,phBUpBr1hSo,0.23161722354655012,0.24744841668908624,0.015831193142536115,-2.0,2,A,6,ATV,8,1,1,7,-0.5287667512893677,-0.4520515203475952,-0.5177481770515442,-0.4365042746067047
0.1,False,False,False,False,phBUpBr1hSo,-0.008639775816376982,-0.008846607167527054,-0.0002068313511500719,-1.399999976158142,2,A,7,AT,9,1,1,8,-1.4950717687606812,-1.380028247833252,-1.4965745210647583,-1.378090262413025
0.1,False,False,False,False,phBUpBr1hSo,-0.013503510556645892,-0.015610342462807125,-0.002106831906161233,2.0,2,A,8,AT,10,1,1,9,1.04635488986969,1.0534613132476807,1.0455687046051025,1.0537818670272827
0.1,False,True,False,True,phBUpBr1hSo,1.2983051232984857,1.2787318988478766,-0.01957322445060905,1.7999999523162842,2,A,9,ATV,11,1,1,10,0.2761384844779968,-0.10275039821863174,0.2798217535018921,-0.09464345872402191
0.1,False,False,False,False,phBUpBr1hSo,0.03931264741021323,0.03784027411668944,-0.0014723732935237877,0.800000011920929,2,A,10,AT,12,1,1,11,1.0800366401672363,1.143122673034668,1.0774656534194946,1.1388620138168335
0.1,False,False,False,False,phBUpBr1hSo,-0.8616936254719627,-0.8504406830475901,0.01125294242437258,-1.2000000476837158,2,A,11,ATV,13,1,1,12,-0.02834373526275158,-0.4850980341434479,-0.025850357487797737,-0.47323542833328247
0.1,False,False,False,False,phBUpBr1hSo,1.2112644947546976,1.155680482364379,-0.05558401239031863,-2.200000047683716,2,A,12,ATV,14,1,1,13,-0.7294551730155945,-0.36321842670440674,-0.7325112223625183,-0.3808782994747162
0.1,False,True,False,True,phBUpBr1hSo,0.6060004437552711,0.6275250383656448,0.021524594610373704,-1.600000023841858,2,A,13,ATV,15,1,1,14,-0.01806473173201084,0.16309943795204163,-0.01802174746990204,0.16923153400421143
0.1,False,False,False,False,phBUpBr1hSo,0.33947074191277693,0.3267498231049437,-0.012720918807833215,2.0,2,A,14,TV,16,1,1,15,0.560599148273468,0.44714921712875366,0.5536136031150818,0.4447561502456665
0.1,False,False,False,False,phBUpBr1hSo,-0.003912301074706193,-0.004020186269002579,-0.00010788519429638654,0.800000011920929,2,A,15,ATV,17,1,1,16,1.1915830373764038,1.18655526638031,1.1923316717147827,1.1871743202209473
0.1,False,False,False,False,phBUpBr1hSo,0.035726660014006484,0.03608726616549518,0.000360606151488696,2.0,2,V,16,TV,18,1,1,17,1.1998262405395508,1.177804946899414,1.2023473978042603,1.1800384521484375
0.1,False,False,False,False,phBUpBr1hSo,-0.3486850519051776,-0.34842141144954386,0.00026364045563376237,-1.25,2,A,17,ATV,19,1,1,18,0.37505054473876953,0.26396968960762024,0.38116034865379333,0.27061259746551514
0.1,False,False,False,False,phBUpBr1hSo,-0.1137061483408992,-0.10417948994868809,0.009526658392211118,0.800000011920929,2,V,18,ATV,20,1,1,19,0.35330235958099365,0.5070279240608215,0.3682524561882019,0.5132484436035156
0.1,False,False,False,False,yDtzw_Y-7RU,-0.1408400336247979,-0.14695991339671366,-0.006119879771915748,-1.0,3,A,0,ATV,3,1,2,2,1.31191885471344,1.2812559604644775,1.3188806772232056,1.286973476409912
0.1,False,False,False,False,yDtzw_Y-7RU,0.4309961507538054,0.4517988797886012,0.020802729034795853,0.5,2,A,2,ATV,4,1,1,3,-0.30381616950035095,-0.5378422737121582,-0.31076157093048096,-0.553153932094574
0.1,False,False,False,False,yDtzw_Y-7RU,0.533692120226771,0.5103849741599094,-0.023307146066861684,-1.2000000476837158,2,A,3,ATV,5,1,1,4,-0.5508396029472351,-0.22270715236663818,-0.5517184138298035,-0.23529592156410217
0.1,False,False,False,False,yDtzw_Y-7RU,-0.3768953197572511,-0.38926855977038244,-0.012373240013131337,-0.20000000298023224,2,A,4,AV,6,1,1,5,-0.8464326858520508,-0.40243491530418396,-0.850102424621582,-0.38265979290008545
0.1,False,False,False,False,yDtzw_Y-7RU,0.19161264140256762,0.20366619261974606,0.012053551217178438,-1.5,1,A,6,ATV,7,2,1,5,-0.9965057969093323,-0.8328275680541992,-0.9678171277046204,-0.8022286891937256
0.1,False,False,False,False,yDtzw_Y-7RU,-0.015764167575071042,-0.013996994938565877,0.0017671726365051654,-1.0,2,A,6,AT,8,1,1,7,-1.1684954166412354,-1.112367868423462,-1.1561864614486694,-1.1019667387008667
0.1,False,False,False,False,yDtzw_Y-7RU,-0.1725045190301131,-0.17617235382914487,-0.003667834799031766,-0.6000000238418579,2,A,7,TV,9,1,1,8,-1.2618911266326904,-1.1153594255447388,-1.2632535696029663,-1.1135493516921997
0.1,False,False,False,False,yDtzw_Y-7RU,0.031222757704313153,0.03012891653732197,-0.001093841166991183,-1.399999976158142,2,A,8,ATV,10,1,1,9,-1.3798494338989258,-1.5778448581695557,-1.3754521608352661,-1.5753040313720703
0.1,False,False,False,False,yDtzw_Y-7RU,-0.12530249412441208,-0.12254857470736624,0.002753919417045836,-0.6666666865348816,2,V,9,ATV,11,1,1,10,-1.167115330696106,-1.0204269886016846,-1.16048002243042,-1.014952540397644
0.1,False,False,False,False,yDtzw_Y-7RU,-0.008681569936541678,-0.00960752143339505,-0.0009259514968533722,-1.7999999523162842,2,A,10,ATV,12,1,1,11,-1.569947361946106,-1.58966064453125,-1.5639830827713013,-1.5852991342544556
0.1,False,False,False,False,yDtzw_Y-7RU,-0.051980580069141524,-0.04842128458095374,0.003559295488187786,2.200000047683716,2,A,11,ATV,13,1,1,12,1.3288154602050781,1.359177827835083,1.3231699466705322,1.351230502128601
0.1,False,False,False,False,yDtzw_Y-7RU,-0.12751902575757867,-0.13303471602860384,-0.005515690271025164,0.6000000238418579,2,A,12,ATV,14,1,1,13,1.3911895751953125,1.306018352508545,1.3898279666900635,1.300566554069519
0.1,False,False,False,False,yDtzw_Y-7RU,-0.13007102338876564,-0.13298127711664165,-0.002910253727876011,0.6000000238418579,2,A,13,ATV,15,1,1,14,1.3716758489608765,1.2822115421295166,1.372267246246338,1.2807462215423584
0.1,False,False,False,False,yDtzw_Y-7RU,0.03679924012919855,0.031001336387085132,-0.005797903742113419,0.20000000298023224,2,A,14,ATV,16,1,1,15,0.7338376045227051,0.7672581672668457,0.725823700428009,0.754519522190094
0.1,False,False,False,False,yDtzw_Y-7RU,0.27647820009686086,0.27251169976837275,-0.0039665003284881095,-2.0,2,A,15,ATV,17,1,1,16,-1.2082359790802002,-1.049543023109436,-1.1975057125091553,-1.042655348777771
0.1,False,False,False,False,yDtzw_Y-7RU,0.18717167008297508,0.18238489128634683,-0.004786778796628255,-1.600000023841858,2,A,16,ATV,18,1,1,17,-1.5708158016204834,-1.1663833856582642,-1.5772143602371216,-1.1723271608352661
0.1,False,False,False,False,yDtzw_Y-7RU,-0.041373648986965605,-0.0450994940423044,-0.0037258450553387945,-0.6000000238418579,2,A,17,ATV,19,1,1,18,-0.9738118052482605,-0.9136265516281128,-0.9794206619262695,-0.9144209623336792
0.1,False,False,False,False,yDtzw_Y-7RU,-0.03574330755093946,-0.042378811747390444,-0.006635504196450981,0.20000000298023224,2,A,18,ATV,20,1,1,19,1.017259120941162,0.995090663433075,1.0101715326309204,0.9835809469223022
0.1,False,False,False,False,yDtzw_Y-7RU,0.11729368532154183,0.11203330665921385,-0.00526037866232798,2.0,2,A,19,ATV,21,1,1,20,1.5277348756790161,1.416623592376709,1.5320782661437988,1.4246878623962402
0.1,False,False,False,False,yDtzw_Y-7RU,0.07579192260577372,0.08375998553525221,0.007968062929478492,2.200000047683716,2,A,20,ATV,22,1,1,21,1.375623106956482,1.3308687210083008,1.3748329877853394,1.3255512714385986
0.1,False,False,False,False,yDtzw_Y-7RU,-0.04280946162740573,-0.049196865759602026,-0.006387404132196295,-0.800000011920929,2,A,21,ATV,23,1,1,22,-0.33935266733169556,-0.3884340822696686,-0.3372518718242645,-0.3938732147216797
0.1,False,False,False,False,nzpVDcQ0ywM,0.03918789884048124,0.03878539413233284,-0.000402504708148399,0.800000011920929,2,A,0,ATV,2,1,1,1,1.0952930450439453,1.1555079221725464,1.1001044511795044,1.15895414352417
0.1,False,False,False,False,nzpVDcQ0ywM,0.012278484668556189,0.00850270336104586,-0.0037757813075103286,-1.600000023841858,2,V,1,AT,3,1,1,2,-1.561654806137085,-1.7172554731369019,-1.5461839437484741,-1.7067655324935913
0.1,False,False,False,False,nzpVDcQ0ywM,-1.2551737207236116,-1.2273721388383123,0.027801581885299242,-0.4000000059604645,2,A,2,ATV,4,1,1,3,-1.7781758308410645,-1.2026175260543823,-1.7735326290130615,-1.2119234800338745
0.1,False,False,False,False,nzpVDcQ0ywM,-0.008361768173813289,-0.01462072931531111,-0.006258961141497821,-1.399999976158142,2,A,3,ATV,5,1,1,4,-2.0469791889190674,-2.0404844284057617,-2.050006151199341,-2.0386605262756348
0.1,False,False,False,False,nzpVDcQ0ywM,-0.09938475851458861,-0.09662033120996227,0.002764427304626338,-1.0,2,A,4,ATV,6,1,1,5,-1.7896225452423096,-1.7239606380462646,-1.7880547046661377,-1.7241615056991577
0.1,False,False,False,False,nzpVDcQ0ywM,0.05850509126298675,0.062368732665277093,0.003863641402290341,2.0,2,A,5,ATV,7,1,1,6,1.124024510383606,1.0912436246871948,1.129555106163025,1.0944377183914185
0.1,False,False,False,False,nzpVDcQ0ywM,-0.4800078893151323,-0.442734961240717,0.03727292807441529,-2.200000047683716,2,A,6,TV,8,1,1,7,-1.4450322389602661,-1.900052547454834,-1.475042462348938,-1.9122005701065063
0.1,False,False,False,False,nzpVDcQ0ywM,-0.35746155850985417,-0.33755678877842854,0.01990476973142563,-1.0,2,A,7,ATV,9,1,1,8,-1.6351920366287231,-1.2144932746887207,-1.6086411476135254,-1.181348443031311
0.1,False,False,False,False,nzpVDcQ0ywM,-0.26425371870767833,-0.27143135658461404,-0.007177637876935705,0.0,2,V,8,ATV,10,1,1,9,-1.1570812463760376,-1.03662109375,-1.164259672164917,-1.0411864519119263
0.1,False,False,False,False,nzpVDcQ0ywM,0.049425977562705725,0.044768885125265,-0.004657092437440724,-1.399999976158142,2,A,9,ATV,11,1,1,10,-1.6563118696212769,-1.7392959594726562,-1.6665453910827637,-1.7403165102005005
0.1,False,False,False,False,nzpVDcQ0ywM,0.16306187576337905,0.1554850429059229,-0.0075768328574561394,-1.0,2,A,10,AV,12,1,1,11,-0.9380000829696655,-0.5914588570594788,-0.939688503742218,-0.601098358631134
0.1,False,False,False,False,nzpVDcQ0ywM,-0.16458816391934583,-0.15626806704184304,0.008320096877502792,0.20000000298023224,1,A,12,ATV,13,2,1,11,-0.43259096145629883,-0.2853690981864929,-0.4104859530925751,-0.26521503925323486
0.1,False,False,False,False,nzpVDcQ0ywM,0.11547673397265257,0.11719721299045016,0.0017204790177975937,-0.6000000238418579,2,A,12,T,14,1,1,13,0.47401291131973267,0.526490330696106,0.492055743932724,0.5444574952125549
0.1,False,False,False,False,nzpVDcQ0ywM,-0.043316146198009164,-0.043644547432780456,-0.0003284012347712917,1.399999976158142,3,A,12,AV,15,2,1,13,0.7981383204460144,0.8352687954902649,0.8024142384529114,0.8401212692260742
0.1,False,False,False,False,nzpVDcQ0ywM,-0.010145208602239109,-0.010096969302296088,4.823929994302034e-05,1.600000023841858,4,A,12,ATV,16,3,1,13,1.3208403587341309,1.3396446704864502,1.3219274282455444,1.3407175540924072
0.1,False,False,False,False,nzpVDcQ0ywM,-0.004170612545621566,-0.004112313047855309,5.8299497766256536e-05,1.2000000476837158,2,A,15,ATV,17,1,1,16,1.2686173915863037,1.2231889963150024,1.2678470611572266,1.2221564054489136
0.1,False,False,False,False,nzpVDcQ0ywM,-0.1322033694950404,-0.1698052151749163,-0.0376018456798759,-2.0,2,A,16,AT,18,1,1,17,0.14894071221351624,0.1179572269320488,0.15628701448440552,0.11654635518789291
0.1,False,False,False,False,nzpVDcQ0ywM,0.16954995008991425,0.16535665551474565,-0.0041932945751685935,0.20000000298023224,2,A,17,ATV,19,1,1,18,0.6936157941818237,0.8428114056587219,0.6915059089660645,0.8379143476486206
0.1,True,False,False,False,nzpVDcQ0ywM,-1.8108402930479763,-1.7839197694866935,0.026920523561282828,-1.399999976158142,2,A,18,AV,20,1,1,19,0.5418321490287781,-4.579499363899231e-05,0.5469935536384583,0.016638310626149178
0.1,False,False,False,False,nzpVDcQ0ywM,0.06103382951465619,0.057746609113578984,-0.0032872204010772066,2.0,1,A,20,ATV,21,2,1,19,1.5453100204467773,1.4825284481048584,1.5512518882751465,1.4909602403640747
0.1,False,False,False,False,nzpVDcQ0ywM,0.01316361244455777,0.01304084699285113,-0.00012276545170664122,2.0,2,A,20,ATV,22,1,1,21,1.6948673725128174,1.674009919166565,1.696641206741333,1.675858974456787
0.1,False,False,False,False,nzpVDcQ0ywM,0.0027002875857107256,0.0029952019885826076,0.000294914402871882,1.600000023841858,2,A,21,ATV,23,1,1,22,1.4625433683395386,1.4530489444732666,1.4622082710266113,1.4517375230789185
0.1,False,False,False,False,jUzDDGyPkXU,-0.06322851649738936,-0.07858562784289447,-0.015357111345505103,0.0,2,A,0,TV,2,1,1,1,0.8323281407356262,0.793436586856842,0.8438310623168945,0.7959052920341492
0.1,False,False,False,False,jUzDDGyPkXU,0.14703668803677772,0.14905063303353927,0.002013944996761552,-1.600000023841858,2,A,1,ATV,3,1,1,2,1.2537457942962646,1.2793926000595093,1.256554126739502,1.2825253009796143
0.1,False,False,False,False,jUzDDGyPkXU,0.106534928604475,0.10684535562204545,0.0003104270175704471,-1.2000000476837158,2,V,2,ATV,4,1,1,3,-0.7713523507118225,-0.6612294316291809,-0.7581294775009155,-0.6503683924674988
0.1,False,False,False,False,jUzDDGyPkXU,0.13311009570458054,0.13589639133044784,0.0027862956258672966,-1.600000023841858,2,A,3,ATV,5,1,1,4,-1.422258973121643,-1.1941651105880737,-1.4194092750549316,-1.1895010471343994
0.1,False,False,False,False,jUzDDGyPkXU,-0.8080849374741774,-0.810094644710091,-0.002009707235913538,-0.6000000238418579,2,A,4,TV,6,1,1,5,-1.831373929977417,-1.4415442943572998,-1.8357638120651245,-1.446768879890442
0.1,False,False,False,False,jUzDDGyPkXU,-0.043194603028197776,-0.041729127911139585,0.0014654751170581903,1.7999999523162842,2,A,5,ATV,7,1,1,6,1.3130626678466797,1.3596440553665161,1.3177798986434937,1.3631852865219116
0.1,False,True,False,True,jUzDDGyPkXU,7.494025730812087,7.470915621044298,-0.0231101097677886,2.799999952316284,2,V,6,AV,8,1,1,7,0.6944774389266968,-0.6535852551460266,0.6988782286643982,-0.6475539803504944
0.1,False,False,False,False,jUzDDGyPkXU,0.27924424518936064,0.2877713807617397,0.008527135572379052,2.4000000953674316,1,A,8,ATV,9,2,1,7,1.4210602045059204,1.2875399589538574,1.4174473285675049,1.2805442810058594
0.1,False,False,False,False,jUzDDGyPkXU,0.03349304272137488,0.03333768142120164,-0.00015536130017324012,2.4000000953674316,2,A,8,ATV,10,1,1,9,1.2831941843032837,1.2682985067367554,1.2814338207244873,1.2666298151016235
0.1,False,False,False,False,jUzDDGyPkXU,0.011412891552140536,0.011847395655095738,0.00043450410295520214,0.5,2,A,9,ATV,11,1,1,10,1.2144607305526733,1.222403645515442,1.2132840156555176,1.2215410470962524
0.1,False,False,False,False,jUzDDGyPkXU,0.013815387646189947,0.014454327850046411,0.000638940203856464,-0.6000000238418579,2,A,10,ATV,12,1,1,11,-0.6382091641426086,-0.7235934138298035,-0.6364161372184753,-0.7256203293800354
0.1,False,False,False,False,jUzDDGyPkXU,0.03998083791685758,0.03911005691932701,-0.0008707809975305736,0.800000011920929,2,A,11,ATV,13,1,1,12,0.8682448863983154,1.0112775564193726,0.865371584892273,1.0082870721817017
0.1,False,False,False,False,jUzDDGyPkXU,0.7721426394999495,0.7412197698938598,-0.030922869606089698,1.3333333730697632,2,A,12,ATV,14,1,1,13,-0.4546252191066742,-0.6588861346244812,-0.45441240072250366,-0.6509183049201965
0.1,False,False,False,False,jUzDDGyPkXU,-0.022837727183926404,-0.021691709023457406,0.0011460181604689978,1.2000000476837158,2,A,13,ATV,15,1,1,14,1.0023175477981567,1.072561264038086,1.0038801431655884,1.0704959630966187
0.1,False,False,False,False,jUzDDGyPkXU,-0.3098503505940471,-0.296819365309986,0.013030985284061103,-2.799999952316284,2,A,14,ATV,16,1,1,15,-1.7470709085464478,-1.9062386751174927,-1.7562551498413086,-1.9097281694412231
0.1,False,False,False,False,jUzDDGyPkXU,0.6580721041959947,0.6441019816065818,-0.013970122589412881,-2.4000000953674316,2,A,15,ATV,17,1,1,16,-1.6585335731506348,-1.3009802103042603,-1.6545623540878296,-1.30465567111969
0.1,False,False,False,False,jUzDDGyPkXU,-0.4196934383674602,-0.46739801089097455,-0.047704572523514344,2.200000047683716,2,A,16,ATV,18,1,1,17,-1.7765021324157715,-1.7233755588531494,-1.7734475135803223,-1.7141904830932617
0.1,False,False,False,False,jUzDDGyPkXU,0.11856385292615812,0.12090651507880068,0.0023426621526425606,-2.200000047683716,2,A,17,ATV,19,1,1,18,-1.7005256414413452,-1.5933382511138916,-1.7004053592681885,-1.5913118124008179
0.1,False,False,False,False,jUzDDGyPkXU,-0.06908832861812542,-0.06496272719567653,0.004125601422448888,-1.0,2,A,18,AT,20,1,1,19,0.5117186903953552,0.48869240283966064,0.5068633556365967,0.4851513206958771
0.1,False,False,False,False,jUzDDGyPkXU,-0.9916302179947678,-0.9878406442902161,0.0037895737045516853,-2.4000000953674316,2,A,19,ATV,21,1,1,20,-1.229280710220337,-1.7844079732894897,-1.2304304838180542,-1.7835161685943604
0.1,False,False,False,False,jUzDDGyPkXU,0.01998253290865648,0.019632809775984583,-0.0003497231326718975,1.2000000476837158,2,A,20,ATV,22,1,1,21,1.2509435415267944,1.3502590656280518,1.25655996799469,1.3511021137237549
0.1,False,False,False,False,jUzDDGyPkXU,0.6930819732040163,0.6799747112625454,-0.013107261941470938,-1.0,2,A,21,ATV,23,1,1,22,-1.3131937980651855,-1.8894786834716797,-1.3083583116531372,-1.8803746700286865
0.1,False,False,False,False,jUzDDGyPkXU,0.325338917736417,0.28171880636369906,-0.04362011137271793,-2.0,2,A,22,ATV,24,1,1,23,-1.8625394105911255,-1.4132851362228394,-1.864354133605957,-1.4521691799163818
0.1,False,False,False,False,jUzDDGyPkXU,0.23376199165312528,0.23561013036790257,0.001848138714777292,-2.0,2,A,23,ATV,25,1,1,24,-1.4884669780731201,-1.2961335182189941,-1.4920122623443604,-1.2973893880844116
0.1,False,False,False,False,jUzDDGyPkXU,0.003931710734846661,0.004771495560873973,0.0008397848260273122,-2.0,2,A,24,TV,26,1,1,25,-1.9699010848999023,-1.930446743965149,-1.9672670364379883,-1.9235608577728271
0.1,False,False,False,False,rnaNMUZpvvg,0.23225292252416807,0.23123683955887486,-0.001016082965293208,-0.800000011920929,2,A,0,TV,2,1,1,1,-0.8849930763244629,-1.2893636226654053,-0.8685846328735352,-1.2857372760772705
0.1,False,False,False,False,rnaNMUZpvvg,0.47344017262616944,0.4403784575060712,-0.033061715120098256,-2.4000000953674316,2,A,1,ATV,3,1,1,2,-1.6519118547439575,-1.3835965394973755,-1.6775916814804077,-1.419055461883545
0.1,False,False,False,False,rnaNMUZpvvg,0.5877820047157911,0.5875127971021357,-0.0002692076136554533,-2.799999952316284,2,V,2,ATV,4,1,1,3,-1.988548755645752,-1.6836509704589844,-1.994844913482666,-1.688340187072754
0.1,False,False,False,False,rnaNMUZpvvg,0.0263643486869114,0.03190436679363984,0.005540018106728439,-2.5999999046325684,2,A,3,TV,5,1,1,4,-2.124995470046997,-2.098010301589966,-2.1277544498443604,-2.0951037406921387
0.1,False,False,False,False,rnaNMUZpvvg,-0.10828188573195519,-0.10589205412556879,0.0023898316063863945,-0.4000000059604645,2,A,4,A,6,1,1,5,-1.2483532428741455,-1.1819343566894531,-1.248146653175354,-1.1832373142242432
0.1,False,False,False,False,rnaNMUZpvvg,-0.0458982266620751,-0.04545513998436945,0.0004430866777056508,-1.600000023841858,3,A,4,ATV,7,2,1,5,-2.113597869873047,-2.0667810440063477,-2.1133439540863037,-2.066976308822632
0.1,False,False,False,False,rnaNMUZpvvg,-0.004808730001926165,-0.00492265112768564,-0.00011392112575947522,-1.399999976158142,3,V,5,AV,8,1,2,7,-1.2599108219146729,-1.2782779932022095,-1.2567780017852783,-1.2751405239105225
0.1,False,False,False,False,rnaNMUZpvvg,-0.009274127485525696,-0.008943577465558405,0.0003305500199672906,-2.5999999046325684,1,A,8,AT,9,2,1,7,-1.7119157314300537,-1.7171525955200195,-1.710479974746704,-1.7155214548110962
0.1,False,False,False,False,rnaNMUZpvvg,-0.06905453196510791,-0.06967173410316718,-0.0006172021380592696,-2.5999999046325684,2,A,8,AV,10,1,1,9,-0.8591114282608032,-0.879058837890625,-0.862068772315979,-0.8822301626205444
0.1,False,False,False,False,rnaNMUZpvvg,0.052102927846362945,0.0469486648070756,-0.005154263039287343,-1.0,1,A,10,TV,11,2,1,9,-2.0696239471435547,-2.0937085151672363,-2.083831548690796,-2.1052780151367188
0.1,False,False,False,False,rnaNMUZpvvg,0.09905927379992363,0.08858116131952087,-0.010478112480402757,-2.0,2,A,10,AV,12,1,1,11,-0.6363563537597656,-0.600506067276001,-0.642490565776825,-0.6102471351623535
0.1,False,False,False,False,rnaNMUZpvvg,0.02512884982468222,0.02271175221295607,-0.002417097611726149,-2.5999999046325684,1,A,12,ATV,13,2,1,11,-1.8648895025253296,-1.8479918241500854,-1.884927749633789,-1.8692195415496826
0.1,False,False,False,False,rnaNMUZpvvg,-0.02000823436729604,-0.020468106584175416,-0.00045987221687937563,-1.600000023841858,2,A,12,ATV,14,1,1,13,-1.8108583688735962,-1.7563745975494385,-1.8179680109024048,-1.764444351196289
0.1,False,False,False,False,rnaNMUZpvvg,0.0017355001256333935,0.002010248729675368,0.00027474860404197443,-1.7999999523162842,2,A,13,ATV,15,1,1,14,-1.9096462726593018,-1.917293667793274,-1.9027926921844482,-1.9121453762054443
0.1,False,False,False,False,rnaNMUZpvvg,-0.01241305989280761,-0.012827068995576951,-0.00041400910276934155,-1.600000023841858,2,A,14,ATV,16,1,1,15,-1.4102534055709839,-1.4464073181152344,-1.414615511894226,-1.4532337188720703
0.1,False,False,False,False,rnaNMUZpvvg,-0.12917518623537205,-0.12487437698267456,0.004300809252697491,-2.200000047683716,2,A,15,ATV,17,1,1,16,-1.7155671119689941,-1.8751922845840454,-1.72324538230896,-1.8799678087234497
0.1,False,False,False,False,rnaNMUZpvvg,-0.11175934236227647,-0.10128175158887132,0.010477590773405154,-1.399999976158142,2,A,16,TV,18,1,1,17,-1.8945661783218384,-1.7644672393798828,-1.9002774953842163,-1.7859997749328613
0.1,False,False,False,False,rnaNMUZpvvg,0.018675354096359342,0.01758083326109272,-0.0010945208352666214,0.800000011920929,2,A,17,ATV,19,1,1,18,1.0792258977890015,1.1108736991882324,1.0965442657470703,1.1248373985290527
0.1,False,False,False,False,rnaNMUZpvvg,-0.6921887331223928,-0.6789785462376585,0.013210186884734298,-2.5999999046325684,2,V,18,ATV,20,1,1,19,-1.442418098449707,-1.7951353788375854,-1.4505187273025513,-1.7985459566116333
0.1,False,False,False,False,rnaNMUZpvvg,0.29213868275292043,0.2663966389615524,-0.02574204379136802,-2.200000047683716,2,A,19,ATV,21,1,1,20,-1.768735647201538,-1.5085322856903076,-1.7681349515914917,-1.5270185470581055
0.1,False,False,False,False,yvsjCA6Y5Fc,0.03655797286228335,0.03681334052568275,0.0002553676633993973,-2.0,2,A,0,ATV,2,1,1,1,-1.7922778129577637,-1.7176766395568848,-1.7921547889709473,-1.7171343564987183
0.1,False,False,False,False,yvsjCA6Y5Fc,-0.095515206457506,-0.09424655830028605,0.0012686481572199426,-0.20000000298023224,2,A,1,ATV,3,1,1,2,-0.8533274531364441,-0.7756053805351257,-0.8645390868186951,-0.7893773317337036
0.1,False,False,False,False,yvsjCA6Y5Fc,-0.028962636886859627,-0.03023866214900295,-0.001276025262143321,0.4000000059604645,2,A,2,ATV,4,1,1,3,-0.7671074867248535,-0.7546329498291016,-0.7653031945228577,-0.7522555589675903
0.1,False,False,False,False,yvsjCA6Y5Fc,0.8697056690170513,0.8606794751200368,-0.009026193897014423,0.0,2,A,3,ATV,5,1,1,4,-1.7344839572906494,-1.9692994356155396,-1.731655478477478,-1.9645127058029175
0.1,False,False,False,False,yvsjCA6Y5Fc,0.0034044783219542296,0.0026051490008427436,-0.000799329321111486,-1.7999999523162842,2,A,4,AT,6,1,1,5,-1.7345528602600098,-1.7123198509216309,-1.7263200283050537,-1.710368037223816
0.1,False,False,False,False,yvsjCA6Y5Fc,-0.012523562136891542,0.018326696872073,0.030850259008964542,0.4000000059604645,2,A,5,TV,7,1,1,6,-1.7039397954940796,-1.7009614706039429,-1.696021318435669,-1.7003885507583618
0.1,False,False,False,False,yvsjCA6Y5Fc,-0.003542649819792132,-0.007092331996204848,-0.0035496821764127162,-1.399999976158142,2,A,6,ATV,8,1,1,7,-1.4810007810592651,-1.3450592756271362,-1.4925620555877686,-1.361588954925537
0.1,False,False,False,False,yvsjCA6Y5Fc,0.1113152824204775,0.10787772658495953,-0.003437555835517969,-2.0,2,V,7,ATV,9,1,1,8,-1.5977381467819214,-1.477381706237793,-1.6105449199676514,-1.4905365705490112
0.1,False,False,False,False,yvsjCA6Y5Fc,-0.1701144861146675,-0.18955870981922107,-0.019444223704553565,2.0,2,A,8,ATV,10,1,1,9,0.298763245344162,0.3495176434516907,0.2980091869831085,0.35463863611221313
0.1,False,False,False,False,yvsjCA6Y5Fc,0.18693128587568353,0.18737086808096137,0.0004395822052778442,-0.6000000238418579,2,A,9,AV,11,1,1,10,-0.6895743012428284,-1.0415369272232056,-0.6897157430648804,-1.0420631170272827
0.1,False,False,False,False,yvsjCA6Y5Fc,-0.01632572231778795,-0.016860763059014516,-0.0005350407412265668,-2.0,1,A,11,ATV,12,2,1,10,-1.8722271919250488,-1.9995899200439453,-1.8700783252716064,-1.9956550598144531
0.1,False,False,False,False,yvsjCA6Y5Fc,-0.1425709886001414,-0.14231523583021044,0.0002557527699309503,-1.0,2,A,11,ATV,13,1,1,12,-1.687771201133728,-1.5748549699783325,-1.6869211196899414,-1.5740604400634766
0.1,False,False,False,False,yvsjCA6Y5Fc,-0.0022332903643729196,-0.002555868383566917,-0.00032257801919399753,-2.0,2,A,12,ATV,14,1,1,13,-1.6034342050552368,-1.606260061264038,-1.5974605083465576,-1.6006478071212769
0.1,False,False,False,False,yvsjCA6Y5Fc,-0.0032214801876762067,-0.0033300788954733207,-0.000108598707797114,-1.7999999523162842,2,A,13,ATV,15,1,1,14,-1.9875445365905762,-1.9787497520446777,-1.9936058521270752,-1.984805703163147
0.1,False,False,False,False,yvsjCA6Y5Fc,-0.02464312403940383,-0.024301715029110937,0.0003414090102928924,-0.6000000238418579,2,A,14,TV,16,1,1,15,-0.8765098452568054,-0.8276281356811523,-0.8838145136833191,-0.8371686339378357
0.1,False,False,False,False,yvsjCA6Y5Fc,-0.0644441039648882,-0.06968735307287943,-0.0052432491079912324,-2.200000047683716,2,A,15,ATV,17,1,1,16,-1.9020016193389893,-2.043926477432251,-1.8896732330322266,-2.036857843399048
0.1,False,False,False,False,yvsjCA6Y5Fc,0.012587134840131853,0.008876294099096071,-0.0037108407410357813,-1.600000023841858,2,V,16,TV,18,1,1,17,-1.5793125629425049,-1.485916256904602,-1.5992075204849243,-1.5057826042175293
0.1,False,False,False,False,yvsjCA6Y5Fc,-0.07345706495534898,-0.06748812314837949,0.005968941806969497,0.800000011920929,2,A,17,TV,19,1,1,18,0.4301449656486511,0.5483341813087463,0.4531102776527405,0.5701209902763367
0.1,False,False,False,False,yvsjCA6Y5Fc,-0.136230001493729,-0.13964177462355565,-0.0034117731298266563,-1.7999999523162842,2,V,18,ATV,20,1,1,19,-1.422436237335205,-1.8795257806777954,-1.418312668800354,-1.8777393102645874
0.1,False,False,False,False,yvsjCA6Y5Fc,0.010716472706562286,0.009521110277319167,-0.0011953624292431186,-1.600000023841858,2,V,19,ATV,21,1,1,20,-1.6855440139770508,-1.4657083749771118,-1.6824556589126587,-1.4722501039505005
0.1,False,False,False,False,yvsjCA6Y5Fc,-0.0017218316853586657,-0.0007698205871520258,0.0009520110982066399,-1.2000000476837158,2,A,20,TV,22,1,1,21,-1.2970417737960815,-1.2877227067947388,-1.297993540763855,-1.2939835786819458
0.1,False,False,False,False,pLTX3ipuDJI,0.10744662416677286,0.11327358190397874,0.005826957737205873,-1.2000000476837158,2,A,0,ATV,2,1,1,1,-0.9483886957168579,-0.7867750525474548,-0.9523870348930359,-0.7821654081344604
0.1,False,False,False,False,pLTX3ipuDJI,0.12136476747523162,0.13411563613924216,0.01275086866401054,-2.200000047683716,2,A,1,ATV,3,1,1,2,-0.5541162490844727,-0.5176510214805603,-0.5444372892379761,-0.5044164657592773
0.1,False,False,False,False,pLTX3ipuDJI,0.03836437468737586,0.040966737030316835,0.002602362342940978,-2.0,2,A,2,ATV,4,1,1,3,-1.2200168371200562,-1.195799708366394,-1.217154860496521,-1.1914128065109253
0.1,False,False,False,False,pLTX3ipuDJI,-0.09240452896191798,-0.09480297296863682,-0.0023984440067188473,-1.399999976158142,2,A,3,A,5,1,1,4,-0.557610273361206,-0.6143690943717957,-0.5518045425415039,-0.6096630096435547
0.1,False,False,False,False,pLTX3ipuDJI,0.07081453925714243,0.06990401449016304,-0.0009105247669793926,0.800000011920929,3,A,3,ATV,6,2,1,4,0.4107385277748108,0.3284716010093689,0.41341719031333923,0.3316515386104584
0.1,False,False,False,False,pLTX3ipuDJI,-0.25188363913673584,-0.25507316099204047,-0.0031895218553046334,-2.0,3,A,4,ATV,7,1,2,6,-1.1033457517623901,-1.2569621801376343,-1.1003297567367554,-1.2554643154144287
0.1,False,False,False,False,pLTX3ipuDJI,-0.21424420968996927,-0.20612540438824212,0.00811880530172715,0.0,2,A,6,ATV,8,1,1,7,-0.7116817831993103,-0.5405985116958618,-0.7084629535675049,-0.5438697934150696
0.1,False,False,False,False,pLTX3ipuDJI,-0.009849924420052503,-0.006788637875843051,0.0030612865442094517,-1.600000023841858,2,A,7,ATV,9,1,1,8,-1.346178412437439,-1.36638605594635,-1.3450243473052979,-1.35870361328125
0.1,False,False,False,False,pLTX3ipuDJI,-5.4894557710127856e-05,3.3283482707702206e-06,5.8222905980898076e-05,0.6000000238418579,2,A,8,ATV,10,1,1,9,0.5591006875038147,0.5597773790359497,0.560807466506958,0.5607650279998779
0.1,False,False,False,False,pLTX3ipuDJI,-0.9444934731453731,-0.9538458332863806,-0.009352360141007487,-2.0,2,A,9,ATV,11,1,1,10,-0.20757098495960236,-0.4939095973968506,-0.20220378041267395,-0.49062085151672363
0.1,False,True,False,True,pLTX3ipuDJI,0.5750351909812061,0.5533801954353534,-0.021654995545852707,-1.399999976158142,2,A,10,ATV,12,1,1,11,-0.009549451991915703,0.18378910422325134,-0.008958818390965462,0.17745864391326904
0.1,False,False,False,False,pLTX3ipuDJI,0.13614181801443692,0.1502820966361469,0.014140278621709967,-2.0,2,A,11,ATV,13,1,1,12,-1.1470692157745361,-1.0706815719604492,-1.149888515472412,-1.0656704902648926
0.1,False,False,False,False,pLTX3ipuDJI,0.004379745777782773,0.003981864083016262,-0.0003978816947665109,-1.399999976158142,2,A,12,AT,14,1,1,13,-1.450742483139038,-1.316606044769287,-1.453959584236145,-1.3169728517532349
0.1,False,False,False,False,pLTX3ipuDJI,-0.004283319940284969,-0.0022513123532945656,0.002032007586990403,-1.600000023841858,2,A,13,ATV,15,1,1,14,-1.4246606826782227,-1.4373329877853394,-1.4249844551086426,-1.4315389394760132
0.1,False,False,False,False,cW1FSBF59ik,0.4734014411916405,0.5312408052088102,0.057839364017169714,-1.0,1,A,1,AV,2,2,1,0,-1.0531212091445923,-0.3099106550216675,-1.0287500619888306,-0.2705705165863037
0.1,False,False,False,False,cW1FSBF59ik,-0.20052481699893931,-0.1854098094666803,0.015115007532259028,1.600000023841858,2,A,1,ATV,3,3,1,0,0.9091678261756897,1.0739541053771973,0.9276623129844666,1.0836395025253296
0.1,False,False,False,False,cW1FSBF59ik,0.152708771169344,0.15581678504798901,0.0031080138786450107,2.0,2,A,2,ATV,4,1,1,3,1.3967878818511963,1.2812694311141968,1.3979318141937256,1.2800674438476562
0.1,False,False,False,False,cW1FSBF59ik,0.18378839548626402,0.21875802183084048,0.034969626344576454,1.2000000476837158,2,A,3,AV,5,1,1,4,1.2411866188049316,0.7693206667900085,1.237168788909912,0.73080974817276
0.1,False,False,False,False,cW1FSBF59ik,-0.15153618149383874,-0.15597851032043764,-0.004442328826598896,0.5,1,A,5,ATV,6,2,1,4,1.1804299354553223,1.0580759048461914,1.1663702726364136,1.0367223024368286
0.1,False,False,False,False,cW1FSBF59ik,0.011146006878334447,0.010738634981819928,-0.000407371896514519,1.7999999523162842,2,A,5,TV,7,1,1,6,1.3157716989517212,1.3043962717056274,1.3058781623840332,1.2951287031173706
0.1,False,False,False,False,cW1FSBF59ik,-0.15852506797170296,-0.161835643895472,-0.0033105759237690435,-2.4000000953674316,2,A,6,ATV,8,1,1,7,-0.3555568754673004,-0.39470136165618896,-0.3289937376976013,-0.3684411644935608
0.1,False,False,False,False,cW1FSBF59ik,0.46457433164448503,0.47808670066046943,0.013512369015984405,-1.0,2,V,7,ATV,9,1,1,8,1.4346548318862915,1.5282639265060425,1.4333165884017944,1.5296474695205688
0.1,False,False,False,False,cW1FSBF59ik,0.2868626058528889,0.2738364405727651,-0.013026165280123791,-1.0,2,A,8,ATV,10,1,1,9,-1.1053723096847534,-1.5458625555038452,-1.1255360841751099,-1.5381410121917725
0.1,True,False,True,False,cW1FSBF59ik,-1.7477384299330847,-1.6623109339708257,0.08542749596225896,2.200000047683716,2,A,9,ATV,11,1,1,10,-0.30675092339515686,0.07019677013158798,-0.2916477918624878,0.06786543130874634
0.1,False,False,False,False,cW1FSBF59ik,-0.05623820755287667,-0.06789618585230528,-0.011657978299428606,2.0,2,A,10,ATV,12,1,1,11,0.6471740007400513,0.6681216359138489,0.6498864889144897,0.6752697229385376
0.1,False,False,False,False,cW1FSBF59ik,0.2534221665559926,0.25474294245536555,0.0013207758993729612,-1.2000000476837158,2,A,11,AT,13,1,1,12,-1.900904655456543,-2.0629539489746094,-1.898581624031067,-2.0618348121643066
0.1,False,False,False,False,cW1FSBF59ik,0.9110063771601062,0.8687918293210828,-0.04221454783902345,-2.5999999046325684,2,A,12,ATV,14,1,1,13,-1.726159930229187,-1.3059355020523071,-1.7195329666137695,-1.3178088665008545
0.1,False,False,False,False,cW1FSBF59ik,-0.2938846541194806,-0.300928388780207,-0.007043734660726386,3.0,2,A,13,ATV,15,1,1,14,1.084228277206421,1.1625298261642456,1.077397346496582,1.157319188117981
0.1,False,True,False,True,cW1FSBF59ik,4.5132976273851,4.454960681096054,-0.058336946289045954,2.4000000953674316,2,A,14,AV,16,1,1,15,0.6660534739494324,-0.34223777055740356,0.6691452860832214,-0.32961875200271606
0.1,False,True,False,True,cW1FSBF59ik,4.821000071304365,4.885056391891004,0.0640563205866389,2.5999999046325684,1,A,16,AV,17,2,1,15,0.663632333278656,-0.32754504680633545,0.6361740231513977,-0.3566313683986664
0.1,False,False,False,False,cW1FSBF59ik,-0.12538275466012472,-0.1189284606697818,0.006454293990342919,0.20000000298023224,2,A,16,ATV,18,3,1,15,0.572535514831543,0.3157581686973572,0.5584494471549988,0.2977626919746399
0.1,False,False,False,False,cW1FSBF59ik,0.1863838894952785,0.18586865056501622,-0.0005152389302622851,2.5,2,A,17,AT,19,1,1,18,1.040627360343933,0.9781089425086975,1.0381680727005005,0.9759195446968079
0.1,False,False,False,False,cW1FSBF59ik,0.0029706875680943767,0.0035323336694546015,0.0005616461013602247,1.600000023841858,2,A,18,ATV,20,1,1,19,1.5470612049102783,1.524018406867981,1.5464351177215576,1.5199904441833496
0.1,False,False,False,False,cW1FSBF59ik,-0.7257413142910423,-0.7739606333130524,-0.048219319022010154,-1.0,2,A,19,V,21,1,1,20,1.175694465637207,1.0019752979278564,1.1867176294326782,1.0019423961639404
0.1,False,False,False,False,cW1FSBF59ik,0.38225658050795275,0.42775629521849723,0.04549971471054448,1.399999976158142,3,A,19,A,22,2,1,20,0.7052902579307556,0.47001171112060547,0.7018865942955017,0.443381667137146
0.1,False,False,False,False,cW1FSBF59ik,-0.3529765791316457,-0.3822815066608065,-0.029304927529160807,0.0,4,A,19,A,23,3,1,20,0.9784021377563477,0.7773635983467102,0.972507655620575,0.7506594657897949
0.1,False,True,False,True,tmZoasNr4rU,2.347379704369998,2.2141489960327236,-0.13323070833727435,-2.0,2,A,0,AV,2,1,1,1,-0.43521973490715027,0.18995821475982666,-0.4419606328010559,0.1544455587863922
0.1,False,False,False,False,tmZoasNr4rU,-0.25730760788127327,-0.26330998895502944,-0.006002381073756169,-0.800000011920929,1,A,2,TV,3,2,1,1,-1.5454598665237427,-1.3462625741958618,-1.5779571533203125,-1.3847284317016602
0.1,False,False,False,False,tmZoasNr4rU,-0.16026586387681618,-0.15222765805174276,0.008038205825073419,-0.800000011920929,2,A,2,ATV,4,1,1,3,-1.6336745023727417,-1.5312641859054565,-1.6484531164169312,-1.553422212600708
0.1,False,False,False,False,tmZoasNr4rU,0.036239625629946204,0.04221903681603578,0.005979411186089578,-1.7999999523162842,2,V,3,AT,5,1,1,4,-1.3533788919448853,-1.3145002126693726,-1.304423213005066,-1.2635157108306885
0.1,False,False,False,False,tmZoasNr4rU,-0.036026332988967624,-0.03701911703304006,-0.0009927840440724367,-1.0,2,A,4,ATV,6,1,1,5,-1.7626755237579346,-1.7386796474456787,-1.7597440481185913,-1.7349774837493896
0.1,False,False,False,False,tmZoasNr4rU,0.0036318222783364718,0.0031393372507864115,-0.0004924850275500603,-2.0,2,A,5,ATV,7,1,1,6,-1.696445345878601,-1.690521001815796,-1.6923898458480835,-1.6873286962509155
0.1,False,False,False,False,tmZoasNr4rU,0.17642593534503703,0.17574737716718403,-0.0006785581778530059,-0.6000000238418579,2,A,6,ATV,8,1,1,7,-1.977224588394165,-2.0398519039154053,-1.9792689085006714,-2.041572093963623
0.1,False,False,False,False,tmZoasNr4rU,0.11510643614428773,0.10121523614486705,-0.013891199999420678,-1.7999999523162842,2,A,7,AV,9,1,1,8,-1.2037159204483032,-1.1139525175094604,-1.2054463624954224,-1.1256786584854126
0.1,False,False,False,False,tmZoasNr4rU,0.059916170957254045,0.05523379030759451,-0.004682380649659534,-0.6000000238418579,1,A,9,ATV,10,2,1,8,0.03526607155799866,0.08079303056001663,0.04880819469690323,0.090062215924263
0.1,False,False,False,False,tmZoasNr4rU,-0.09608063213876505,-0.0958787178772127,0.00020191426155236059,-2.200000047683716,2,A,9,TV,11,1,1,10,-1.7219141721725464,-1.8360145092010498,-1.7193011045455933,-1.832314372062683
0.1,False,False,False,False,tmZoasNr4rU,0.004745934332987645,0.006382631543090156,0.0016366972101025112,-0.800000011920929,2,A,10,ATV,12,1,1,11,-0.8332188129425049,-0.7235184907913208,-0.8260362148284912,-0.7159731388092041
0.1,False,False,False,False,tmZoasNr4rU,-0.06329020375551409,-0.05758943227364455,0.005700771481869538,-2.0,2,V,11,ATV,13,1,1,12,-1.7114449739456177,-1.8586713075637817,-1.7255855798721313,-1.8669066429138184
0.1,False,False,False,False,tmZoasNr4rU,-0.4424960456044147,-0.41699844620664805,0.025497599397766635,0.25,2,A,12,ATV,14,1,1,13,-1.3713856935501099,-1.2286465167999268,-1.3713798522949219,-1.2372370958328247
0.1,False,False,False,False,tmZoasNr4rU,0.0017648379227921396,0.005043130910507898,0.0032782929877157585,-1.399999976158142,2,A,13,V,15,1,1,14,-1.1733665466308594,-1.1695058345794678,-1.1763412952423096,-1.1653378009796143
0.1,False,False,False,False,tmZoasNr4rU,-0.004069960873664513,-0.0070617323652868436,-0.0029917714916223304,-1.399999976158142,3,A,13,TV,16,2,1,14,-1.7871721982955933,-1.7818800210952759,-1.7911276817321777,-1.7819936275482178
0.1,False,False,False,False,tmZoasNr4rU,-0.17342269462017157,-0.16906276160675304,0.004359933013418527,0.0,3,A,14,ATV,17,1,2,16,-1.9664899110794067,-1.9218896627426147,-1.968595266342163,-1.9251765012741089
0.1,False,False,False,False,tmZoasNr4rU,-0.1427075860834126,-0.13954972307496583,0.003157863008446782,0.20000000298023224,2,V,16,ATV,18,1,1,17,-1.0287126302719116,-0.9691993594169617,-1.0131330490112305,-0.9541845917701721
0.1,False,False,False,False,tmZoasNr4rU,0.14016719329765692,0.1379464082203441,-0.0022207850773128257,-1.0,2,A,17,ATV,19,1,1,18,-1.9096556901931763,-1.9836872816085815,-1.9069483280181885,-1.980051875114441
0.1,False,False,False,False,d6hH302o4v8,0.12805015508263295,0.1315157466064143,0.0034655915237813417,-1.600000023841858,3,A,0,ATV,3,1,2,2,-1.1289875507354736,-1.0084741115570068,-1.1167881488800049,-0.9958398938179016
0.1,False,False,False,False,d6hH302o4v8,-0.24047379137655867,-0.23769735565028327,0.0027764357262753947,-1.3333333730697632,2,A,2,ATV,4,1,1,3,-0.42355602979660034,-0.5670298933982849,-0.4375872015953064,-0.581892192363739
0.1,False,False,False,False,d6hH302o4v8,-0.4322354144912879,-0.41264928392924105,0.019586130562046833,-2.0,2,A,3,ATV,5,1,1,4,-1.105001449584961,-1.3927216529846191,-1.1298612356185913,-1.4130654335021973
0.1,False,False,False,False,d6hH302o4v8,0.45136364982049315,0.40908255744942323,-0.04228109237106992,-2.799999952316284,2,A,4,ATV,6,1,1,5,-1.7676130533218384,-1.5682587623596191,-1.770776629447937,-1.5882313251495361
0.1,False,False,False,False,d6hH302o4v8,0.1389529899728359,0.13555101679230575,-0.003401973180530149,-2.200000047683716,2,A,5,ATV,7,1,1,6,-1.787950873374939,-1.644358515739441,-1.7944073677062988,-1.6522259712219238
0.1,False,False,False,False,d6hH302o4v8,0.1333692089355658,0.13360389277150375,0.00023468383593794329,-2.4000000953674316,2,A,6,ATV,8,1,1,7,-1.0054535865783691,-0.9584283232688904,-0.9947214722633362,-0.9479629397392273
0.1,False,False,False,False,d6hH302o4v8,0.0006969873677462601,0.0008036095581331892,0.0001066221903869291,-1.2000000476837158,2,A,7,ATV,9,1,1,8,-1.1651736497879028,-1.2437020540237427,-1.1653498411178589,-1.2447688579559326
0.1,False,False,False,False,d6hH302o4v8,0.015351186724998911,0.019877520960903894,0.004526334235904983,-1.0,2,A,8,TV,10,1,1,9,-1.6329299211502075,-1.6449429988861084,-1.639959692955017,-1.6553059816360474
0.1,False,False,False,False,d6hH302o4v8,-0.021790130823333698,-0.028993725221582167,-0.00720359439824847,1.399999976158142,2,A,9,ATV,11,1,1,10,1.251882791519165,1.3878110647201538,1.226716160774231,1.3678510189056396
0.1,False,False,False,False,d6hH302o4v8,-0.4420462775242413,-0.3810811855876608,0.06096509193658051,-2.0,2,V,10,ATV,12,1,1,11,-1.3203763961791992,-1.8591384887695312,-1.3704845905303955,-1.876677393913269
0.1,False,False,False,False,d6hH302o4v8,0.10525407420304589,0.10631050076393933,0.001056426560893442,-1.7999999523162842,2,A,11,TV,13,1,1,12,-1.811013102531433,-1.47538423538208,-1.7881395816802979,-1.4737313985824585
0.1,False,False,False,False,d6hH302o4v8,0.01872384493071877,0.020510066307579677,0.001786221376860908,-1.75,2,A,12,ATV,14,1,1,13,-1.7270245552062988,-1.6112494468688965,-1.7210545539855957,-1.6038907766342163
0.1,False,False,False,False,d6hH302o4v8,0.004980745284413501,0.005000364560245885,1.961927583238321e-05,-2.0,2,V,13,ATV,15,1,1,14,-1.926560640335083,-1.8981467485427856,-1.927660584449768,-1.8988399505615234
0.1,False,False,False,False,d6hH302o4v8,0.03329430261591426,0.03416405331732619,0.000869750701411931,-2.0,2,A,14,ATV,16,1,1,15,-1.4508771896362305,-1.42135488986969,-1.454572319984436,-1.4241046905517578
0.1,False,False,False,False,d6hH302o4v8,-0.0011906233780223374,-3.864358349403574e-05,0.0011519797945283017,-2.0,2,A,15,ATV,17,1,1,16,-1.9602670669555664,-2.019699811935425,-1.9720054864883423,-2.0272955894470215
0.1,False,False,False,False,d6hH302o4v8,0.0769033738527014,0.06992349886392901,-0.006979874988772394,-2.799999952316284,2,A,16,TV,18,1,1,17,-1.945530652999878,-1.9016563892364502,-1.9556905031204224,-1.915250301361084
0.1,False,False,False,False,d6hH302o4v8,-0.11776153948550316,-0.10943166717680697,0.008329872308696196,1.0,2,A,17,ATV,19,1,1,18,0.2639694809913635,0.34886300563812256,0.32521873712539673,0.41186898946762085
0.1,False,False,False,False,d6hH302o4v8,-0.18755103940016227,-0.17445602296714924,0.01309501643301303,-2.4000000953674316,2,V,18,TV,20,1,1,19,-1.872015357017517,-2.0979788303375244,-1.887413501739502,-2.10286545753479
0.1,False,False,False,False,d6hH302o4v8,-0.3466820047638066,-0.3570906529591866,-0.01040864819538001,-1.0,2,A,19,ATV,21,1,1,20,-2.061715841293335,-1.8834922313690186,-2.0444860458374023,-1.856656551361084
0.1,False,False,False,False,d6hH302o4v8,-0.005712509311706526,-0.004067728114023339,0.0016447811976831872,-2.5999999046325684,2,V,20,T,22,1,1,21,-2.2739996910095215,-2.2828822135925293,-2.2859349250793457,-2.2924790382385254
0.1,False,False,False,False,d6hH302o4v8,-0.04899686904082046,-0.046504269579244806,0.002492599461575651,-2.799999952316284,3,V,20,ATV,23,2,1,21,-1.6855363845825195,-1.7077398300170898,-1.68955397605896,-1.710694670677185
0.1,False,False,False,False,d6hH302o4v8,0.04182671161379403,0.04109445831431913,-0.0007322532994749054,-1.600000023841858,3,A,21,ATV,24,1,2,23,-1.4849313497543335,-1.3653353452682495,-1.4826613664627075,-1.3657718896865845
0.1,False,False,False,False,d6hH302o4v8,-0.493141123223257,-0.44670906732007154,0.04643205590318544,-2.5999999046325684,2,A,23,AV,25,1,1,24,-0.719930112361908,-0.8560041189193726,-0.7239655256271362,-0.8470606803894043
0.1,False,False,False,False,d6hH302o4v8,-0.19067581685585822,-0.23640790769121622,-0.04573209083535801,-2.5999999046325684,1,A,25,TV,26,2,1,24,-1.3338838815689087,-1.4115664958953857,-1.2592201232910156,-1.3504869937896729
0.1,False,False,False,False,d6hH302o4v8,0.08243195626346278,0.057062209335811076,-0.025369746927651704,-1.0,2,A,25,ATV,27,1,1,26,-1.0977839231491089,-1.3033045530319214,-1.0359749794006348,-1.2415707111358643
0.1,False,False,False,False,d6hH302o4v8,0.40065366001506675,0.3900131048012554,-0.010640555213811353,-1.7999999523162842,2,V,26,ATV,28,1,1,27,-1.3183846473693848,-1.0046340227127075,-1.3324480056762695,-1.0198602676391602
0.1,False,False,False,False,d6hH302o4v8,-0.05016580767062351,-0.036449087318771944,0.013716720351851563,-2.799999952316284,2,A,27,ATV,29,1,1,28,-1.7984524965286255,-1.8238178491592407,-1.802717685699463,-1.821162462234497
0.1,False,False,False,False,d6hH302o4v8,0.0072943861250251985,0.009974544118946937,0.002680157993921739,-1.399999976158142,2,A,28,ATV,30,1,1,29,-1.752963662147522,-1.7631497383117676,-1.749300241470337,-1.7632976770401
0.1,False,False,False,False,d6hH302o4v8,0.12902003651079963,0.12353438274114042,-0.0054856537696592045,-0.6000000238418579,2,A,29,ATV,31,1,1,30,-0.16238829493522644,-0.03385157883167267,-0.15767759084701538,-0.035036735236644745
0.1,False,False,False,False,d6hH302o4v8,-2.6429390792011738,-2.6118422548534603,0.031096824347713437,-3.0,2,A,30,AV,32,1,1,31,-0.512302577495575,-1.116997241973877,-0.5212873816490173,-1.1205921173095703
0.1,False,False,False,False,d6hH302o4v8,-1.0692752287303087,-1.0901759026723745,-0.02090067394206585,-3.0,1,A,32,ATV,33,2,1,31,-0.9062990546226501,-1.1794757843017578,-0.8888322710990906,-1.1651012897491455
0.1,False,False,False,False,d6hH302o4v8,-0.011637325191486525,-0.013089888291531793,-0.0014525631000452677,-1.600000023841858,2,A,32,ATV,34,1,1,33,-1.4885797500610352,-1.572122573852539,-1.4807608127593994,-1.5664128065109253
0.1,False,False,False,False,d6hH302o4v8,0.2578937423463117,0.2601794597955944,0.0022857174492827426,-2.200000047683716,2,A,33,ATV,35,1,1,34,-1.870382308959961,-1.5945732593536377,-1.8671163320541382,-1.590909719467163
0.1,False,False,False,False,d6hH302o4v8,0.03772027772288311,0.039800620764467,0.0020803430415838875,-2.200000047683716,2,A,34,ATV,36,1,1,35,-1.9056284427642822,-1.8473317623138428,-1.9069558382034302,-1.8454926013946533
0.1,False,False,False,False,d6hH302o4v8,0.03671211772558536,0.038487193343428316,0.0017750756178429583,-3.0,2,A,35,ATV,37,1,1,36,-1.9551820755004883,-1.9377586841583252,-1.9549446105957031,-1.936690092086792
0.1,False,False,False,False,d6hH302o4v8,-0.08762473288817318,-0.08873340345604674,-0.0011086705678735598,-3.0,2,A,36,ATV,38,1,1,37,-1.9562556743621826,-1.9991116523742676,-1.9564664363861084,-1.9998855590820312
0.1,False,False,False,False,d6hH302o4v8,0.09416084358212284,0.07337547859895732,-0.020785364983165522,-1.0,2,A,37,AV,39,1,1,38,-0.4431838095188141,-0.3642287254333496,-0.44927796721458435,-0.3862653374671936
0.1,False,False,False,False,d6hH302o4v8,0.053214377386666456,0.04198828092857809,-0.011226096458088364,-2.4000000953674316,1,A,39,ATV,40,2,1,38,-1.809547781944275,-1.7660850286483765,-1.8421341180801392,-1.8056914806365967
0.1,False,False,False,False,d6hH302o4v8,-0.005422163596790597,-0.006819492694901896,-0.0013973290981112996,-1.399999976158142,2,A,39,T,41,1,1,40,-1.9545042514801025,-1.9495933055877686,-1.969395399093628,-1.963375210762024
0.1,False,False,False,False,d6hH302o4v8,-0.001628580838954008,0.000499963356261901,0.002128544195215909,-2.5,3,A,39,ATV,42,2,1,40,-1.4072295427322388,-1.4079749584197998,-1.4230753183364868,-1.4228432178497314
0.1,False,False,False,False,dq3Nf_lMPnE,-0.42465460383391473,-0.41457243909007957,0.010082164743835165,-1.2000000476837158,2,A,0,ATV,2,1,1,1,-1.8943774700164795,-1.439802885055542,-1.895087480545044,-1.4618666172027588
0.1,False,False,False,False,dq3Nf_lMPnE,-0.001086199705315316,-0.00046293422897747405,0.000623265476337842,-0.4000000059604645,2,A,1,ATV,3,1,1,2,-0.35352787375450134,-0.36723631620407104,-0.36184293031692505,-0.3684876561164856
0.1,False,False,False,False,dq3Nf_lMPnE,0.704670938630656,0.720982125655155,0.016311187024498963,1.2000000476837158,2,A,2,ATV,4,1,1,3,-1.6617552042007446,-1.7823336124420166,-1.66176176071167,-1.7850732803344727
0.1,False,False,False,False,dq3Nf_lMPnE,-0.9095853607345248,-0.8762702261527977,0.03331513458172708,0.800000011920929,2,A,3,ATV,5,1,1,4,-1.6330095529556274,-1.4382917881011963,-1.631596326828003,-1.4441903829574585
0.1,False,False,False,False,dq3Nf_lMPnE,0.00017684553921526458,0.0002953743387479335,0.00011852879953266893,-2.0,2,A,4,ATV,6,1,1,5,-1.9923222064971924,-2.0153555870056152,-1.9987390041351318,-2.017232656478882
0.1,False,False,False,False,dq3Nf_lMPnE,-0.0013142327165504564,0.0034511281650871917,0.004765360881637648,0.6000000238418579,2,A,5,ATV,7,1,1,6,-0.013323633000254631,-0.012251293286681175,-0.015002960339188576,-0.017802370712161064
0.1,False,False,False,False,dq3Nf_lMPnE,0.21064523452021788,0.21250530154413028,0.0018600670239123929,-0.800000011920929,2,A,6,A,8,1,1,7,-0.8094860911369324,-1.2590590715408325,-0.8086393475532532,-1.2610639333724976
0.1,False,False,False,False,dq3Nf_lMPnE,0.05344839168772708,0.05559425080909719,0.0021458591213701084,1.0,3,A,6,ATV,9,2,1,7,0.9555786848068237,0.7645819783210754,0.9558968544006348,0.7601264119148254
0.1,False,False,False,False,dq3Nf_lMPnE,0.118441575284006,0.13284167926554247,0.01440010398153646,-0.6000000238418579,3,A,7,ATV,10,1,2,9,-0.7507678866386414,-0.9757293462753296,-0.7573505640029907,-0.9969897866249084
0.1,False,False,False,False,dq3Nf_lMPnE,-0.18711895219128394,-0.186480343538733,0.0006386086525509427,-1.600000023841858,2,A,9,ATV,11,1,1,10,-2.046391725540161,-1.7102116346359253,-2.0494425296783447,-1.7245721817016602
0.1,False,False,False,False,dq3Nf_lMPnE,0.022230887461375914,0.022418744012384195,0.0001878565510082808,-1.2000000476837158,2,A,10,ATV,12,1,1,11,-1.1977503299713135,-1.0508828163146973,-1.2023290395736694,-1.0502530336380005
0.1,False,True,False,True,dq3Nf_lMPnE,0.19943762797833298,0.1956198399105804,-0.00381778806775257,-1.7999999523162842,2,A,11,ATV,13,1,1,12,-0.029331756755709648,0.026117099449038506,-0.03151998668909073,0.022948546335101128
0.1,False,False,False,False,dq3Nf_lMPnE,0.374819218854495,0.3760839874638968,0.001264768609401834,1.0,2,A,12,ATV,14,1,1,13,0.737187922000885,0.3337497413158417,0.7362378239631653,0.33242642879486084
0.1,False,False,False,False,k5Y_838nuGo,-0.03151518828858002,-0.03425493760101972,-0.0027397493124396988,0.800000011920929,2,A,0,ATV,2,1,1,1,1.13292396068573,1.0816437005996704,1.1365140676498413,1.0810458660125732
0.1,False,False,False,False,k5Y_838nuGo,-0.00028934556263493505,0.0001378038156758521,0.00042714937831078714,1.0,2,A,1,ATV,3,1,1,2,0.9515429139137268,0.9546266198158264,0.9519599080085754,0.9505464434623718
0.1,False,False,False,False,k5Y_838nuGo,-0.008524182237295008,-0.010338687103626398,-0.00181450486633139,-1.3333333730697632,2,A,2,ATV,4,1,1,3,-1.1759861707687378,-1.2059208154678345,-1.169302225112915,-1.2046184539794922
0.1,False,False,False,False,k5Y_838nuGo,-0.06938457407068199,-0.06901212819271052,0.00037244587797147233,2.0,2,A,3,ATV,5,1,1,4,1.2063592672348022,1.2513471841812134,1.2087286710739136,1.2536098957061768
0.1,False,False,False,False,k5Y_838nuGo,-0.6694196558278804,-0.6562154710415484,0.013204184786332007,-2.4000000953674316,2,A,4,ATV,6,1,1,5,-1.1350305080413818,-1.4352574348449707,-1.1450300216674805,-1.4414937496185303
0.1,False,False,False,False,k5Y_838nuGo,-0.14628444762358583,-0.1478945750201177,-0.0016101273965318796,-1.399999976158142,2,A,5,AT,7,1,1,6,-1.7998067140579224,-1.5164515972137451,-1.8049782514572144,-1.5269362926483154
0.1,False,False,False,False,k5Y_838nuGo,-0.012666890489981597,-0.01589071119248331,-0.003223820702501712,1.7999999523162842,2,A,6,TV,8,1,1,7,1.2464094161987305,1.2579708099365234,1.2576957941055298,1.272550344467163
0.1,False,False,False,False,k5Y_838nuGo,0.35796323318655254,0.35604772384749594,-0.001915509339056598,2.0,2,A,7,AT,9,1,1,8,0.9877544045448303,0.8241580128669739,0.989666223526001,0.8266193866729736
0.1,False,False,False,False,k5Y_838nuGo,0.0784913237978877,0.10013857545768112,0.02164725165979342,0.5,2,V,8,AV,10,1,1,9,0.5136509537696838,0.21950459480285645,0.48869389295578003,0.1833512932062149
0.1,False,False,False,False,k5Y_838nuGo,-0.04957035193426407,-0.04733813431871248,0.0022322176155515905,0.20000000298023224,1,A,10,ATV,11,2,1,9,0.8551071882247925,0.8161128759384155,0.8692570924758911,0.8329035639762878
0.1,False,False,False,False,k5Y_838nuGo,0.05943755830230657,0.05766757035242165,-0.0017699879498849214,0.6000000238418579,2,A,10,ATV,12,1,1,11,1.0878552198410034,1.1453808546066284,1.0929611921310425,1.148341417312622
0.1,False,False,False,False,k5Y_838nuGo,-2.4192104072702563,-2.397919002876332,0.021291404393924296,-1.7999999523162842,2,A,11,AV,13,1,1,12,1.0176746845245361,0.5494850873947144,1.0185911655426025,0.5551087260246277
0.1,False,False,False,False,k5Y_838nuGo,-0.4891507605524055,-0.4799964074900629,0.00915435306234258,-0.800000011920929,1,A,13,AT,14,2,1,12,1.1424371004104614,1.0121564865112305,1.1307066679000854,1.002118706703186
0.1,False,False,False,False,k5Y_838nuGo,-0.22104751788183297,-0.22455279245069093,-0.0035052745688579634,0.25,2,A,13,ATV,15,1,1,14,-0.42742785811424255,-0.23770993947982788,-0.4412010908126831,-0.25319594144821167
0.1,False,False,False,False,k5Y_838nuGo,-0.17175250579157364,-0.1755302428798764,-0.0037777370883027572,0.800000011920929,2,A,14,ATV,16,1,1,15,0.3683554530143738,0.6793164610862732,0.36411094665527344,0.67971271276474
0.1,False,False,False,False,k5Y_838nuGo,0.0109700267074615,0.01715930726845727,0.006189280560995769,0.4000000059604645,2,A,15,ATV,17,1,1,16,1.2961238622665405,1.3022239208221436,1.2894792556762695,1.2990732192993164
0.1,False,False,False,False,k5Y_838nuGo,-1.4417851216343804,-1.44567143420554,-0.003886312571159456,-0.6000000238418579,2,A,16,AV,18,1,1,17,0.7537389993667603,0.025159332901239395,0.7595954537391663,0.03468763828277588
0.1,False,False,False,False,k5Y_838nuGo,0.6075803115281788,0.5753954321034485,-0.03218487942473036,0.4000000059604645,1,A,18,TV,19,2,1,17,-0.4702991545200348,-0.7683325409889221,-0.4388829469680786,-0.7309818863868713
0.1,False,False,False,False,k5Y_838nuGo,-0.6948495246187394,-0.7077241343811591,-0.01287460976241972,-0.20000000298023224,2,A,18,AT,20,1,1,19,-1.814727783203125,-1.582930326461792,-1.802291989326477,-1.563677191734314
0.1,False,False,False,False,k5Y_838nuGo,0.022824082543976942,0.018043867325943097,-0.004780215218033845,0.4000000059604645,2,V,19,ATV,21,1,1,20,1.1002981662750244,1.1164088249206543,1.1326677799224854,1.1448798179626465
0.1,False,False,False,False,k5Y_838nuGo,-0.2285244971733782,-0.22839385434110504,0.00013064283227315343,-0.20000000298023224,2,A,20,AT,22,1,1,21,0.7129083275794983,0.5777384638786316,0.7146670818328857,0.5798859000205994
0.1,False,False,False,False,k5Y_838nuGo,0.018115897576080897,0.01907663879365984,0.000960741217578942,0.6000000238418579,2,A,21,ATV,23,1,1,22,0.5614580512046814,0.4599950909614563,0.5652434229850769,0.45757579803466797
0.1,False,False,False,False,k5Y_838nuGo,-0.011169245982534548,-0.013248610767284674,-0.002079364784750126,-0.20000000298023224,2,A,22,ATV,24,1,1,23,-0.6614310145378113,-0.649165153503418,-0.6906993985176086,-0.6770086884498596
0.1,False,False,False,False,k5Y_838nuGo,-0.24395501449619417,-0.23725797779825086,0.006697036697943304,2.0,2,A,23,ATV,25,1,1,24,1.1121190786361694,1.2621805667877197,1.116680383682251,1.2631176710128784
0.1,False,False,False,False,k5Y_838nuGo,0.2529708372673305,0.2474499285994547,-0.005520908667875801,-0.800000011920929,2,A,24,ATV,26,1,1,25,-0.8827176690101624,-1.3097186088562012,-0.8817055821418762,-1.3041088581085205
0.1,False,False,False,False,k5Y_838nuGo,-0.08649900872012495,-0.07885040932166021,0.007648599398464739,2.0,2,A,25,ATV,27,1,1,26,1.407246470451355,1.4853566884994507,1.4120256900787354,1.4834117889404297
0.1,False,False,False,False,k5Y_838nuGo,0.25103937985441505,0.24521266754676674,-0.005826712307648307,-0.75,2,A,26,ATV,28,1,1,27,-0.7341176867485046,-1.251289963722229,-0.7401952743530273,-1.2452865839004517
0.1,False,False,False,False,k5Y_838nuGo,-0.04275394831694257,-0.041378484411893623,0.0013754639050489459,1.600000023841858,2,A,27,ATV,29,1,1,28,1.33255136013031,1.4303685426712036,1.3311588764190674,1.4242243766784668
0.1,False,False,False,False,k5Y_838nuGo,-0.18678259815570541,-0.17469037911554963,0.012092219040155783,-1.0,2,A,28,ATV,30,1,1,29,-0.5529319643974304,-0.8856005668640137,-0.5676633715629578,-0.8894351720809937
0.1,False,False,False,False,iiK8YX8oH1E,-0.33065447652707025,-0.3229649013796996,0.007689575147370675,-1.25,2,A,0,ATV,2,1,1,1,-0.37564918398857117,-0.591338574886322,-0.3811262547969818,-0.5927506685256958
0.1,False,False,False,False,iiK8YX8oH1E,0.6272913889412628,0.6176670292346707,-0.009624359706592145,-2.0,2,A,1,TV,3,1,1,2,-1.253912091255188,-0.9119105935096741,-1.2457995414733887,-0.9107409119606018
0.1,False,False,False,False,iiK8YX8oH1E,-0.16399819857467435,-0.18921259650512212,-0.025214397930447774,-0.4000000059604645,2,A,2,T,4,1,1,3,-1.0419659614562988,-0.8981185555458069,-1.1397628784179688,-0.9983615279197693
0.1,False,False,False,False,iiK8YX8oH1E,0.0750161389836812,0.07739154815873661,0.0023754091750554096,0.20000000298023224,3,A,2,ATV,5,2,1,3,1.2959057092666626,1.3296129703521729,1.2622787952423096,1.2981019020080566
0.1,False,False,False,False,iiK8YX8oH1E,-0.9735569972582576,-0.9569872557648118,0.01656974149344581,-1.600000023841858,3,V,3,ATV,6,1,2,5,-0.4079550802707672,-0.9311097860336304,-0.42015743255615234,-0.9404234290122986
0.1,False,False,False,False,iiK8YX8oH1E,0.2266773347752462,0.1928402154983182,-0.03383711927692801,-1.0,2,A,5,ATV,7,1,1,6,0.8738046288490295,0.9333445429801941,0.8851520419120789,0.9356235265731812
0.1,False,False,False,False,iiK8YX8oH1E,0.014394632192704648,0.014694615775795228,0.0002999835830905795,0.4000000059604645,2,A,6,ATV,8,1,1,7,0.34583744406700134,0.2683633267879486,0.3308679163455963,0.26045122742652893
0.1,False,False,False,False,iiK8YX8oH1E,-0.47080053517824183,-0.4580442037023573,0.012756331475884508,0.0,2,A,7,TV,9,1,1,8,-1.3562980890274048,-1.1699333190917969,-1.3491932153701782,-1.1671667098999023
0.1,False,False,False,False,iiK8YX8oH1E,-0.00989780960416553,-0.010658709081297957,-0.0007608994771324262,1.0,2,A,8,ATV,10,1,1,9,0.8111075162887573,0.8394305109977722,0.8061421513557434,0.8359202742576599
0.1,False,False,False,False,iiK8YX8oH1E,0.010875789418307136,0.010218006089928622,-0.0006577833283785139,1.7999999523162842,2,V,9,ATV,11,1,1,10,1.5725435018539429,1.5497756004333496,1.5755650997161865,1.55385160446167
0.1,False,False,False,False,iiK8YX8oH1E,-1.0739133711910736,-1.1048711123265997,-0.030957741135526184,-2.0,2,A,10,ATV,12,1,1,11,0.2599959075450897,0.008399395272135735,0.2644815146923065,0.005743108689785004
0.1,False,False,False,False,iiK8YX8oH1E,0.10977205783861521,0.10596153393811392,-0.0038105239005012947,-1.2000000476837158,2,A,11,AT,13,1,1,12,-1.1154438257217407,-0.8580617308616638,-1.1070756912231445,-0.8614790439605713
0.1,True,False,True,False,iiK8YX8oH1E,-0.3929563706316921,-0.39234147695934923,0.0006148936723428533,0.6000000238418579,2,A,12,AV,14,1,1,13,-0.027385076507925987,0.5743935108184814,-0.026373332366347313,0.5985493659973145
0.1,False,False,False,False,iiK8YX8oH1E,-0.018540332519495495,-0.01872458852028558,-0.00018425600079008397,0.0,1,A,14,ATV,15,2,1,13,-0.14765296876430511,0.05710574984550476,-0.14746981859207153,0.05497962236404419
0.1,False,False,False,False,iiK8YX8oH1E,1.0068791752360085e-05,-6.315589672567512e-05,-7.32246884780352e-05,1.600000023841858,2,A,14,AT,16,1,1,15,1.4606399536132812,1.4606038331985474,1.4609068632125854,1.4611340761184692
0.1,False,False,False,False,iiK8YX8oH1E,-0.6100822999868389,-0.6057089799726967,0.004373320014142257,-1.0,2,A,15,AT,17,1,1,16,0.3751821517944336,0.13183198869228363,0.3739371597766876,0.13225188851356506
0.1,False,False,False,False,tStelxIAHjw,-0.0904135756007387,-0.08120325742221635,0.009210318178522359,0.5,2,A,0,ATV,2,1,1,1,0.19870688021183014,0.48092204332351685,0.2149496078491211,0.49289587140083313
0.1,False,False,False,False,tStelxIAHjw,-1.102048947850264,-1.1029987271490427,-0.0009497792987787079,-2.799999952316284,2,V,1,ATV,3,1,1,2,-1.0500502586364746,-1.3999017477035522,-1.0543255805969238,-1.4055895805358887
0.1,False,False,False,False,tStelxIAHjw,0.6875812489253548,0.6588179875325295,-0.028763261392825257,-2.200000047683716,2,A,2,ATV,4,1,1,3,-1.3213080167770386,-0.9918274879455566,-1.3283803462982178,-1.0089757442474365
0.1,False,False,False,False,tStelxIAHjw,-0.03182897328997569,-0.0323580691114671,-0.0005290958214914099,1.600000023841858,2,A,3,ATV,5,1,1,4,1.2210053205490112,1.2656229734420776,1.2211395502090454,1.266567587852478
0.1,False,False,False,False,tStelxIAHjw,0.05111080874426932,0.053176868819662104,0.002066060075392784,1.399999976158142,2,A,4,ATV,6,1,1,5,1.2965583801269531,1.1513818502426147,1.2938729524612427,1.14614999294281
0.1,False,False,False,False,tStelxIAHjw,-0.18936253893254218,-0.23096205122859104,-0.04159951229604886,-2.0,2,A,5,TV,7,1,1,6,-0.9186609983444214,-1.010085105895996,-0.92070072889328,-1.0336021184921265
0.1,False,False,False,False,tStelxIAHjw,0.48752576764518185,0.4875899949288547,6.422728367283526e-05,-1.399999976158142,2,A,6,ATV,8,1,1,7,-0.7823600769042969,-0.4677956998348236,-0.7785433530807495,-0.4652281701564789
0.1,False,False,False,False,tStelxIAHjw,-0.23173736196049077,-0.2530390311990871,-0.021301669238596332,-0.4000000059604645,2,V,7,TV,9,1,1,8,-1.3563809394836426,-1.2263940572738647,-1.3901077508926392,-1.2528038024902344
0.1,False,False,False,False,tStelxIAHjw,0.28971600805323305,0.28595901470056617,-0.003756993352666882,-2.799999952316284,2,A,8,ATV,10,1,1,9,-1.3608037233352661,-1.2634447813034058,-1.3750007152557373,-1.2779678106307983
0.1,False,False,False,False,tStelxIAHjw,-0.04715690086009161,-0.04629017759998533,0.0008667232601062835,-1.0,2,V,9,ATV,11,1,1,10,-0.747406542301178,-0.8709784746170044,-0.7503070831298828,-0.873286247253418
0.1,False,False,False,False,tStelxIAHjw,0.043383447672269426,0.042498275954798714,-0.0008851717174707119,-1.600000023841858,2,A,10,ATV,12,1,1,11,-1.3930120468139648,-1.3063548803329468,-1.3854138851165771,-1.3024340867996216
0.1,False,False,False,False,tStelxIAHjw,0.3521230400579931,0.3640772656612512,0.011954225603258095,-1.7999999523162842,2,A,11,ATV,13,1,1,12,-0.8116083145141602,-0.6471595168113708,-0.8055242896080017,-0.6367892622947693
0.1,False,False,False,False,tStelxIAHjw,0.06107709335429923,0.05773312221556193,-0.0033439711387373006,0.4000000059604645,2,A,12,AT,14,1,1,13,-0.2327948361635208,-0.2793426215648651,-0.2326154112815857,-0.2767092287540436
0.1,False,False,False,False,tStelxIAHjw,0.04823478233814171,0.04564083944273989,-0.002593942895401824,0.800000011920929,2,A,13,ATV,15,1,1,14,1.4009183645248413,1.4397950172424316,1.3991750478744507,1.4361222982406616
0.1,False,False,False,False,nbWiPyCm4g0,-0.2383130092534742,-0.28142382387125053,-0.04311081461777633,-1.7999999523162842,2,A,0,TV,2,1,1,1,-1.0455262660980225,-1.2247456312179565,-1.0446852445602417,-1.2623416185379028
0.1,False,False,False,False,nbWiPyCm4g0,1.0897814321324404,1.0863339918882957,-0.0034474402441446728,-2.200000047683716,2,A,1,TV,3,1,1,2,-1.6519261598587036,-1.0209468603134155,-1.6612156629562378,-1.0267044305801392
0.1,False,False,False,False,nbWiPyCm4g0,0.04705550297434513,0.046853861736295244,-0.00020164123804988776,-1.399999976158142,2,V,2,ATV,4,1,1,3,-1.4269083738327026,-1.1814146041870117,-1.4347962141036987,-1.1807634830474854
0.1,False,False,False,False,nbWiPyCm4g0,-0.16918226138060888,-0.17346348932715827,-0.004281227946549393,0.0,2,V,3,AV,5,1,1,4,-0.9071217775344849,-0.8085095286369324,-0.9077239036560059,-0.8065353035926819
0.1,False,False,False,False,nbWiPyCm4g0,-0.04364034996858379,-0.04243073096573369,0.0012096190028501042,-1.2000000476837158,1,A,5,ATV,6,2,1,4,-1.84320068359375,-1.8083311319351196,-1.8395497798919678,-1.8054693937301636
0.1,False,False,False,False,nbWiPyCm4g0,0.026504218140473768,0.02661759071465042,0.00011337257417665114,-2.200000047683716,2,A,5,AT,7,1,1,6,-1.5134127140045166,-1.494375228881836,-1.5130302906036377,-1.4939228296279907
0.1,False,False,False,False,nbWiPyCm4g0,0.020822644732561457,0.020662120595943634,-0.0001605241366178234,-1.399999976158142,2,A,6,ATV,8,1,1,7,-1.4822336435317993,-1.5660873651504517,-1.481184959411621,-1.5650851726531982
0.1,False,False,False,False,nbWiPyCm4g0,-0.0028411353142701046,-0.0016419208789812956,0.001199214435288809,1.2000000476837158,2,A,7,ATV,9,1,1,8,1.0928395986557007,1.1070364713668823,1.107223391532898,1.1165399551391602
0.1,False,False,False,False,etzxEpPuc6I,0.0009151626633894239,0.0022558408801387486,0.0013406782167493247,-1.600000023841858,2,A,0,TV,2,1,1,1,-1.5805476903915405,-1.5640339851379395,-1.5735013484954834,-1.5456123352050781
0.1,False,False,False,False,etzxEpPuc6I,-0.4698093927580089,-0.4568121437143482,0.01299724904366073,0.800000011920929,2,A,1,AV,3,1,1,2,-0.9326019287109375,-0.791257381439209,-0.943506121635437,-0.8071718811988831
0.1,False,False,False,False,etzxEpPuc6I,-0.11761992621432871,-0.11778604381427016,-0.00016611759994145103,0.0,1,A,3,AV,4,2,1,2,-0.4610256850719452,-0.30809861421585083,-0.4623640477657318,-0.3098297417163849
0.1,False,False,False,False,etzxEpPuc6I,0.0031103900356868053,0.0032238428714057576,0.00011345283571895237,0.4000000059604645,2,A,3,ATV,5,3,1,2,0.409702867269516,0.4566086232662201,0.41063183546066284,0.45776572823524475
0.1,False,False,False,False,etzxEpPuc6I,0.007435656749521513,0.005161160267107334,-0.002274496482414179,-1.2000000476837158,2,A,4,AT,6,1,1,5,-1.3238486051559448,-1.350911021232605,-1.3099231719970703,-1.33131742477417
0.1,False,False,False,False,etzxEpPuc6I,-0.005516098683983728,-0.003968317824540435,0.001547780859443293,-1.0,2,A,5,ATV,7,1,1,6,-1.082555890083313,-0.9639531373977661,-1.0772441625595093,-0.9552971720695496
0.1,False,False,False,False,etzxEpPuc6I,0.4018140637108445,0.4146408878836638,0.012826824172819329,-2.799999952316284,2,A,6,ATV,8,1,1,7,-1.7009165287017822,-1.531221628189087,-1.6971139907836914,-1.5228945016860962
0.1,False,False,False,False,etzxEpPuc6I,-0.01985817050287153,-0.023532330899911358,-0.0036741603970398273,-1.399999976158142,2,A,7,ATV,9,1,1,8,-1.6945347785949707,-1.6586359739303589,-1.6899986267089844,-1.6461033821105957
0.1,False,False,False,False,etzxEpPuc6I,0.0010696129498910523,0.0010409964589825904,-2.8616490908461856e-05,-1.600000023841858,2,A,8,TV,10,1,1,9,-1.6293699741363525,-1.6439568996429443,-1.6308577060699463,-1.6446452140808105
0.1,False,False,False,False,etzxEpPuc6I,-0.08146619182255677,-0.0865165216988828,-0.005050329876326032,0.6666666865348816,2,A,9,ATV,11,1,1,10,-1.321643590927124,-1.3010506629943848,-1.317767858505249,-1.29584801197052
0.1,False,False,False,False,etzxEpPuc6I,-0.25519076792306805,-0.25521707417402695,-2.630625095889627e-05,-2.200000047683716,2,V,10,ATV,12,1,1,11,-1.57743501663208,-1.836136817932129,-1.5776538848876953,-1.836547613143921
0.1,False,False,False,False,etzxEpPuc6I,0.015519750772341467,0.010913124859214918,-0.00460662591312655,-1.2000000476837158,2,A,11,ATV,13,1,1,12,-1.2595511674880981,-1.0619200468063354,-1.2600674629211426,-1.0794960260391235
0.1,False,False,False,False,etzxEpPuc6I,-0.02620147655795163,-0.02623189482553465,-3.041826758301905e-05,0.20000000298023224,2,A,12,ATV,14,1,1,13,0.022435607388615608,0.1270093321800232,0.024640673771500587,0.13277649879455566
0.1,False,False,False,False,etzxEpPuc6I,-0.16063572181650443,-0.1553363511290513,0.00529937068745312,-2.4000000953674316,2,A,13,ATV,15,1,1,14,-1.6946682929992676,-1.819606065750122,-1.687739372253418,-1.8067219257354736
0.1,False,False,False,False,etzxEpPuc6I,0.025327401762576862,0.027418483967994733,0.0020910822054178713,-0.4000000059604645,2,A,14,ATV,16,1,1,15,-0.2189844250679016,-0.15897294878959656,-0.22454804182052612,-0.15874935686588287
0.1,False,False,False,False,etzxEpPuc6I,0.001443215799099562,0.003394082399026388,0.001950866599926826,1.399999976158142,2,A,15,TV,17,1,1,16,1.2339231967926025,1.2296335697174072,1.2364318370819092,1.226366400718689
0.1,False,False,False,False,etzxEpPuc6I,0.1098573605875579,0.10492817121551923,-0.004929189372038678,-0.5,2,A,16,AT,18,1,1,17,-0.5616539716720581,-0.8371328711509705,-0.5540982484817505,-0.8284125328063965
0.1,False,False,False,False,v0zCBqDeKcE,0.010262368339652994,0.005624266601245154,-0.0046381017384078405,0.6000000238418579,2,A,0,ATV,2,1,1,1,0.7719836831092834,0.7996014952659607,0.7763746380805969,0.7916566729545593
0.1,False,False,False,False,v0zCBqDeKcE,-0.18082197415432688,-0.18875627057940747,-0.00793429642508059,0.0,2,A,1,AV,3,1,1,2,0.8352528214454651,0.7189056277275085,0.8329907059669495,0.7107160091400146
0.1,False,False,False,False,v0zCBqDeKcE,0.037808891894201224,0.039342339749183,0.0015334478549817732,2.0,1,A,3,ATV,4,2,1,2,1.435683012008667,1.4031226634979248,1.4359755516052246,1.4021154642105103
0.1,False,False,False,False,v0zCBqDeKcE,-0.030289709748355875,-0.03012397854327631,0.00016573120507956673,0.800000011920929,2,A,3,AV,5,1,1,4,0.9740398526191711,0.8003954887390137,0.9735785722732544,0.797646701335907
0.1,False,False,False,False,v0zCBqDeKcE,0.21328112240745178,0.22557023711880508,0.0122891147113533,1.399999976158142,1,A,5,ATV,6,2,1,4,0.22206437587738037,0.13476742804050446,0.21233704686164856,0.1208934634923935
0.1,False,False,False,False,v0zCBqDeKcE,-0.2994037743617781,-0.30220698308323435,-0.0028032087214562296,1.7999999523162842,2,A,5,ATV,7,1,1,6,0.8242654800415039,0.992129921913147,0.8213489055633545,0.9903389811515808
0.1,False,False,False,False,v0zCBqDeKcE,0.5062483481442444,0.43412897080806356,-0.07211937733618079,1.7999999523162842,2,A,6,AV,8,1,1,7,0.4890637993812561,0.3084229528903961,0.4905810058116913,0.33415311574935913
0.1,False,False,False,False,v0zCBqDeKcE,0.011473205108856632,0.013849327908999953,0.002376122800143321,2.200000047683716,1,A,8,ATV,9,2,1,7,1.4581023454666138,1.4504098892211914,1.4577016830444336,1.4484308958053589
0.1,False,False,False,False,v0zCBqDeKcE,0.21250997531453564,0.21331694760920072,0.000806972294665087,1.600000023841858,2,A,8,ATV,10,1,1,9,0.8428410291671753,0.7135465741157532,0.8415013551712036,0.7119475603103638
0.1,False,False,False,False,v0zCBqDeKcE,-0.157106400730882,-0.13826362643587942,0.018842774295002584,-0.4000000059604645,2,A,9,ATV,11,1,1,10,-1.2418667078018188,-1.142720103263855,-1.2390087842941284,-1.1521117687225342
0.1,False,False,False,False,v0zCBqDeKcE,-0.6119220806536134,-0.6133720766180248,-0.0014499959644114213,1.7999999523162842,2,A,10,ATV,12,1,1,11,0.43805593252182007,0.6851145625114441,0.4375106394290924,0.6850985884666443
0.1,False,False,False,False,v0zCBqDeKcE,0.09532945699005424,0.09157061167741531,-0.0037588453126389254,1.5,2,A,11,ATV,13,1,1,12,0.8183650374412537,0.7516981363296509,0.8102080821990967,0.7467513680458069
0.1,False,False,False,False,v0zCBqDeKcE,0.18563193153433133,0.1943433184033978,0.008711386869066473,2.4000000953674316,2,A,12,AT,14,1,1,13,1.2014870643615723,1.1263967752456665,1.2064818143844604,1.1276679039001465
0.1,False,False,False,False,v0zCBqDeKcE,0.0029565319603255813,-2.3627486079647042e-05,-0.0029801594464052283,0.0,2,A,13,AT,15,1,1,14,0.09727369248867035,-0.11143923550844193,0.1096181571483612,-0.10951033234596252
0.1,False,False,False,False,f_pcplsH_V0,-0.006193919601858333,0.045344662992747864,0.0515385825946062,0.800000011920929,2,A,0,ATV,2,1,1,1,-0.3024873733520508,-0.29967471957206726,-0.2932996153831482,-0.31384411454200745
0.1,True,False,True,False,f_pcplsH_V0,-0.18698284397853876,-0.18507509500273106,0.0019077489758076993,0.5,2,A,1,ATV,3,1,1,2,-0.1294756382703781,0.04255411773920059,-0.13515393435955048,0.032725535333156586
0.1,False,False,False,False,f_pcplsH_V0,-0.6713262196046799,-0.6797291084585027,-0.008402888853822787,1.2000000476837158,2,A,2,ATV,4,1,1,3,-1.1998556852340698,-1.0556553602218628,-1.20102858543396,-1.0550408363342285
0.1,False,False,False,False,f_pcplsH_V0,-0.09964033551841567,-0.10233350557192367,-0.0026931700535079983,1.600000023841858,2,A,3,ATV,5,1,1,4,0.6928120851516724,0.7495003938674927,0.6926445364952087,0.7509061098098755
0.1,False,False,False,False,f_pcplsH_V0,0.9700777839964303,0.9682327623312403,-0.001845021665189961,0.0,2,A,4,ATV,6,1,1,5,-1.1671476364135742,-1.5271906852722168,-1.1647711992263794,-1.5247703790664673
0.1,False,False,False,False,f_pcplsH_V0,0.11740864840723475,0.11467073622384305,-0.0027379121833916997,0.800000011920929,2,A,5,ATV,7,1,1,6,1.2084131240844727,1.333113431930542,1.2035176753997803,1.326780080795288
0.1,False,False,False,False,f_pcplsH_V0,-1.206006042833483,-1.1807740361519627,0.025232006681520147,-2.4000000953674316,2,A,6,ATV,8,1,1,7,-0.9290416836738586,-1.4213721752166748,-0.9329774975776672,-1.414413332939148
0.1,False,False,False,False,f_pcplsH_V0,-0.051880873611608536,-0.05084452563359676,0.0010363479780117757,1.2000000476837158,2,A,7,ATV,9,1,1,8,0.9616726636886597,1.129863977432251,0.9620409607887268,1.1239737272262573
0.1,False,False,False,False,f_pcplsH_V0,0.7043717744231159,0.6629853380782436,-0.04138643634487238,-0.4000000059604645,2,A,8,TV,10,1,1,9,-1.5080015659332275,-1.7899781465530396,-1.5233862400054932,-1.7874372005462646
0.1,False,False,False,False,f_pcplsH_V0,-0.39037297926938663,-0.37559241303202384,0.014780566237362791,-0.800000011920929,2,A,9,ATV,11,1,1,10,-1.5120404958724976,-1.1415094137191772,-1.4859447479248047,-1.1081035137176514
0.1,False,False,False,False,f_pcplsH_V0,-0.40439068751496166,-0.3998787411443345,0.004511946370627129,1.600000023841858,2,V,10,ATV,12,1,1,11,0.6167938113212585,0.8501308560371399,0.626626193523407,0.8600149750709534
0.1,False,False,False,False,f_pcplsH_V0,0.44392587235655867,0.4365510849127219,-0.007374787443836794,-1.0,2,A,11,ATV,13,1,1,12,-1.3035635948181152,-1.7321726083755493,-1.306375503540039,-1.7282973527908325
0.1,False,False,False,False,f_pcplsH_V0,-0.4935765772970626,-0.4556896282105498,0.0378869490865128,-1.0,2,A,12,ATV,14,1,1,13,-2.063876152038574,-1.7989091873168945,-2.0666606426239014,-1.8258785009384155
0.1,False,False,False,False,tIrG4oNLFzE,-0.00820282900804159,0.0023437265882648717,0.010546555596306462,2.5999999046325684,2,A,0,ATV,2,1,1,1,1.515161395072937,1.5189486742019653,1.517431378364563,1.5163494348526
0.1,False,False,False,False,tIrG4oNLFzE,0.4457865564752801,0.471921828903195,0.026135272427914913,1.399999976158142,2,A,1,ATV,3,1,1,2,-0.8376626372337341,-0.9351489543914795,-0.8455828428268433,-0.948310911655426
0.1,False,False,False,False,tIrG4oNLFzE,-0.9281582096105723,-0.9475985979402077,-0.01944038832963546,0.4000000059604645,2,A,2,ATV,4,1,1,3,-0.8063274621963501,-0.3259943127632141,-0.8234328627586365,-0.3410731256008148
0.1,True,False,True,False,tIrG4oNLFzE,-1.3280321136271744,-1.3857206562546807,-0.05768854262750622,1.25,2,A,3,AV,5,1,1,4,-0.3851616084575653,0.08994768559932709,-0.3765319287776947,0.1275538057088852
0.1,False,False,False,False,tIrG4oNLFzE,0.03911553904544007,0.038170797125076206,-0.0009447419203638674,-1.399999976158142,1,A,5,AT,6,2,1,4,-1.3026319742202759,-1.17955482006073,-1.2955747842788696,-1.178470253944397
0.1,False,False,False,False,tIrG4oNLFzE,-0.017013124183733908,-0.020454739979371084,-0.0034416157956371762,-1.2000000476837158,2,A,5,ATV,7,1,1,6,-1.6003427505493164,-1.5784986019134521,-1.597047209739685,-1.5703940391540527
0.1,False,False,False,False,tIrG4oNLFzE,-0.17727838820512432,-0.1760030230128251,0.0012753651922992049,-1.0,2,A,6,ATV,8,1,1,7,-1.711517572402954,-1.5735667943954468,-1.7073625326156616,-1.5695250034332275
0.1,False,False,False,False,tIrG4oNLFzE,0.0016458098566403123,0.002415491845113138,0.0007696819884728257,-1.7999999523162842,2,A,7,ATV,9,1,1,8,-1.6601730585098267,-1.6544067859649658,-1.6613675355911255,-1.6529134511947632
0.1,False,False,False,False,tIrG4oNLFzE,0.0708281037607641,0.06585868353400315,-0.0049694202267609455,-1.600000023841858,2,A,8,ATV,10,1,1,9,-0.7201830148696899,-0.6808122992515564,-0.7179747223854065,-0.6813992857933044
0.1,False,False,False,False,tIrG4oNLFzE,-0.06381120072468605,-0.062079706788608746,0.0017314939360772996,-2.5999999046325684,2,A,9,ATV,11,1,1,10,-1.9901820421218872,-2.0449624061584473,-1.991166591644287,-2.0444836616516113
0.1,False,False,False,False,tIrG4oNLFzE,0.011522821644334158,0.011842852659569303,0.0003200310152351449,-2.0,2,A,10,ATV,12,1,1,11,-1.919744610786438,-1.8659710884094238,-1.91533362865448,-1.8621187210083008
0.1,False,False,False,False,tIrG4oNLFzE,0.08189211900639748,0.07897318375306384,-0.0029189352533336432,-2.4000000953674316,2,A,11,ATV,13,1,1,12,-1.6811723709106445,-1.6263041496276855,-1.6872838735580444,-1.6338815689086914
0.1,False,False,False,False,tIrG4oNLFzE,0.06662969688727927,0.06510556928687539,-0.0015241276004038795,-2.0,2,A,12,AV,14,1,1,13,-0.5011892318725586,-0.47912412881851196,-0.49957138299942017,-0.47803035378456116
0.1,False,False,False,False,tIrG4oNLFzE,0.007906112483624383,0.00874229008002203,0.000836177596397647,-1.600000023841858,1,A,14,ATV,15,2,1,13,-1.324415683746338,-1.3104264736175537,-1.3365118503570557,-1.3204140663146973
0.1,False,False,False,False,tIrG4oNLFzE,0.0010644052988766362,0.0021947892144356107,0.0011303839155589746,-0.4000000059604645,2,A,14,ATV,16,1,1,15,-0.24491828680038452,-0.24152368307113647,-0.24904313683509827,-0.24194063246250153
0.1,False,False,False,False,tIrG4oNLFzE,-0.08562647991743688,-0.08838564709282082,-0.0027591671753839364,-2.200000047683716,2,A,15,ATV,17,1,1,16,-1.3278306722640991,-1.378383994102478,-1.3186888694763184,-1.370347261428833
0.1,False,True,False,True,cM3Yna7AavY,0.8409241057153756,0.8256560551822272,-0.015268050533148392,1.0,2,A,0,ATV,2,1,1,1,0.21147620677947998,-0.20941881835460663,0.2216404229402542,-0.19645296037197113
0.1,False,False,False,False,cM3Yna7AavY,-0.017902259715995683,-0.016643483681204607,0.001258776034791076,0.6000000238418579,2,A,1,V,3,1,1,2,0.463228702545166,0.6283572912216187,0.47038039565086365,0.5874395966529846
0.1,False,False,False,False,cM3Yna7AavY,-0.11490678119592701,-0.10358394437218976,0.011322836823737248,2.799999952316284,3,A,1,ATV,4,2,1,2,1.4686353206634521,1.5125120878219604,1.4730857610702515,1.5127092599868774
0.1,False,False,False,False,cM3Yna7AavY,0.4707618611464568,0.4631028181649981,-0.007659042981458697,2.799999952316284,3,A,2,TV,5,1,2,4,1.2457466125488281,1.1010398864746094,1.2509067058563232,1.1080210208892822
0.1,False,False,False,False,cM3Yna7AavY,0.4017789942360537,0.40209723283618004,0.00031823860012636374,3.0,2,A,4,AV,6,1,1,5,0.994461715221405,0.8966781497001648,0.977752149105072,0.8806643486022949
0.1,False,False,False,False,cM3Yna7AavY,0.01675424772984968,0.01632124295132087,-0.0004330047785288116,-0.6000000238418579,1,A,6,ATV,7,2,1,5,-0.6430160999298096,-0.7363988161087036,-0.6359438896179199,-0.7327147722244263
0.1,False,False,False,False,cM3Yna7AavY,-1.0769314115757214,-1.0816734273638422,-0.004742015788120835,-0.20000000298023224,2,A,6,ATV,8,1,1,7,-1.617016077041626,-1.1648850440979004,-1.6149547100067139,-1.1593869924545288
0.1,False,False,False,False,cM3Yna7AavY,-0.06320110031265358,-0.06827034899630746,-0.005069248683653882,1.600000023841858,2,A,7,ATV,9,1,1,8,1.2864679098129272,1.4126466512680054,1.2753770351409912,1.4073611497879028
0.1,False,False,False,False,cM3Yna7AavY,0.14526105604888073,0.14932647068881977,0.004065414639939036,2.0,2,A,8,ATV,10,1,1,9,1.3279576301574707,1.2274056673049927,1.3251148462295532,1.222313404083252
0.1,False,False,False,False,cM3Yna7AavY,0.012804133250952532,0.015458981353177137,0.002654848102224605,-1.0,2,A,9,ATV,11,1,1,10,-1.0010533332824707,-1.113160252571106,-1.0027470588684082,-1.1243644952774048
0.1,False,True,False,True,cM3Yna7AavY,2.3320598499099177,2.2875519821451995,-0.044507867764718156,-1.600000023841858,2,A,10,AV,12,1,1,11,-0.46393057703971863,0.3033427298069,-0.4619966149330139,0.2927767038345337
0.1,False,False,False,False,cM3Yna7AavY,0.9416646542471376,0.8971433581217241,-0.044521296125413556,-2.5999999046325684,1,A,12,ATV,13,2,1,11,-0.4942845106124878,-0.28144389390945435,-0.50994473695755,-0.3053378462791443
0.1,False,False,False,False,cM3Yna7AavY,0.44159015591587547,0.437890894299656,-0.0036992616162194736,-2.4000000953674316,2,A,12,ATV,14,1,1,13,-1.490610957145691,-1.2736880779266357,-1.4990737438201904,-1.2821632623672485
0.1,False,False,False,False,cM3Yna7AavY,0.5199855373981705,0.5520026847699455,0.03201714737177497,-2.799999952316284,2,A,13,ATV,15,1,1,14,-1.3793671131134033,-1.2068322896957397,-1.3870419263839722,-1.2036124467849731
0.1,False,False,False,False,lXPQBPVc5Cw,0.192268620574211,0.19543018647141253,0.0031615658972015126,-2.4000000953674316,2,A,0,ATV,2,1,1,1,-1.528668999671936,-1.424558401107788,-1.5302351713180542,-1.4243355989456177
0.1,False,False,False,False,lXPQBPVc5Cw,-0.1131436407590769,-0.10957469799954822,0.0035689427595286816,-1.2000000476837158,2,A,1,ATV,3,1,1,2,-1.5840743780136108,-1.385390043258667,-1.5738792419433594,-1.3738130331039429
0.1,False,False,False,False,lXPQBPVc5Cw,-0.03230912683704901,-0.03463939503093627,-0.002330268193887264,-1.0,2,A,2,ATV,4,1,1,3,-1.2824205160140991,-1.2178353071212769,-1.2904294729232788,-1.2229571342468262
0.1,False,False,False,False,lXPQBPVc5Cw,0.009237580751459973,0.009460436643507819,0.00022285589204784628,-1.399999976158142,2,A,3,ATV,5,1,1,4,-2.2058188915252686,-2.2115304470062256,-2.206807851791382,-2.2126495838165283
0.1,False,False,False,False,lXPQBPVc5Cw,0.2627283133318379,0.22409551245482362,-0.03863280087701426,-2.799999952316284,2,A,4,AV,6,1,1,5,-1.0716279745101929,-0.9972248673439026,-1.075340747833252,-1.011552333831787
0.1,False,False,False,False,lXPQBPVc5Cw,-0.030424098496553142,-0.007510206669380182,0.02291389182717296,2.5999999046325684,1,A,6,TV,7,2,1,5,0.9273410439491272,0.9364604353904724,0.9160971641540527,0.9183286428451538
0.1,False,False,False,False,lXPQBPVc5Cw,-1.0012067437227046,-0.9700684079647459,0.031138335757958657,-2.5999999046325684,2,A,6,TV,8,1,1,7,-1.3090825080871582,-1.7843645811080933,-1.328769564628601,-1.7962846755981445
0.1,False,False,False,False,lXPQBPVc5Cw,0.25536244730430724,0.2313931806948517,-0.02396926660945553,-2.200000047683716,2,V,7,TV,9,1,1,8,-1.9775310754776,-1.6478633880615234,-1.9641649723052979,-1.6642656326293945
0.1,False,False,False,False,lXPQBPVc5Cw,0.012374322576604868,0.010596159744679312,-0.001778162831925556,-1.7999999523162842,2,V,8,ATV,10,1,1,9,-1.8099088668823242,-1.6883195638656616,-1.8186956644058228,-1.695378303527832
0.1,False,False,False,False,lXPQBPVc5Cw,-0.011605459061527768,-0.015923795853993283,-0.004318336792465516,-2.0,2,V,9,ATV,11,1,1,10,-1.8921610116958618,-1.9951226711273193,-1.8730213642120361,-1.9858657121658325
0.1,False,False,False,False,lXPQBPVc5Cw,-0.1917166511592825,-0.13742794603422226,0.05428870512506023,2.799999952316284,2,A,10,ATV,12,1,1,11,0.8513081669807434,0.9011363387107849,0.8420836329460144,0.8774994015693665
0.1,False,False,False,False,lXPQBPVc5Cw,-0.062067160297658575,-0.05016484332008986,0.011902316977568717,-2.200000047683716,2,A,11,ATV,13,1,1,12,-1.9091415405273438,-2.350105047225952,-1.9291388988494873,-2.352318525314331
0.1,False,True,False,True,lXPQBPVc5Cw,6.939115005382758,6.357473753730645,-0.5816412516521137,-2.799999952316284,2,A,12,AV,14,1,1,13,-0.9593673348426819,0.4135718047618866,-0.9873886108398438,0.3053234815597534
0.1,False,False,False,False,lXPQBPVc5Cw,-1.4522975901187178,-1.4041400112224205,0.04815757889629735,0.20000000298023224,1,A,14,ATV,15,2,1,13,-1.6381350755691528,-1.187963604927063,-1.644319772720337,-1.2132853269577026
0.1,False,False,False,False,lXPQBPVc5Cw,0.6762072451591479,0.6836661837082971,0.007458938549149252,-1.7999999523162842,2,A,14,ATV,16,1,1,15,1.0857008695602417,1.2005794048309326,1.0843522548675537,1.2005256414413452
0.1,False,False,False,False,lXPQBPVc5Cw,-0.008380816999590479,-0.00967967536780634,-0.0012988583682158605,-1.399999976158142,2,A,15,ATV,17,1,1,16,-1.1685420274734497,-1.6125839948654175,-1.1684197187423706,-1.6096419095993042
0.1,False,False,False,False,lXPQBPVc5Cw,0.28575967285006243,0.2647659356109102,-0.02099373723915221,-1.7999999523162842,2,A,16,TV,18,1,1,17,-1.6466418504714966,-1.2438719272613525,-1.645827293395996,-1.2628452777862549
0.1,False,False,False,False,lXPQBPVc5Cw,0.07743978011411912,0.07153032191187947,-0.005909458202239648,-1.7999999523162842,2,A,17,ATV,19,1,1,18,-1.5708520412445068,-1.4395161867141724,-1.5817826986312866,-1.454820156097412
0.1,False,False,False,False,lXPQBPVc5Cw,-0.27245389346560955,-0.3011214888393674,-0.028667595373757848,1.7999999523162842,2,V,18,AV,20,1,1,19,-0.7283862233161926,-0.6739205718040466,-0.7260831594467163,-0.6657604575157166
0.1,False,False,False,False,lXPQBPVc5Cw,-0.1902219113395489,-0.17296516072782708,0.017256750611721827,2.5999999046325684,1,A,20,TV,21,2,1,19,1.0437235832214355,1.106087565422058,1.01179039478302,1.0672101974487305
0.1,False,False,False,False,lXPQBPVc5Cw,-0.7929983146866135,-0.7645145918454546,0.028483722841158965,-2.4000000953674316,2,A,20,ATV,22,1,1,21,-1.2404571771621704,-1.657341718673706,-1.2651326656341553,-1.6765296459197998
0.1,False,False,False,False,lXPQBPVc5Cw,-0.1761641313896689,-0.16522015094892595,0.010943980440742962,-1.399999976158142,2,V,21,ATV,23,1,1,22,-1.9128003120422363,-1.6946184635162354,-1.9044592380523682,-1.6987624168395996
0.1,False,False,False,False,lXPQBPVc5Cw,-0.10565412875770619,-0.11224332329256015,-0.006589194534853959,-2.4000000953674316,2,A,22,ATV,24,1,1,23,-1.2177742719650269,-1.2633366584777832,-1.2217332124710083,-1.2703676223754883
0.1,False,False,False,False,lXPQBPVc5Cw,0.3843241384729623,0.3571291325129664,-0.02719500595999591,-2.799999952316284,2,A,23,ATV,25,1,1,24,-1.7066571712493896,-1.543129801750183,-1.6995885372161865,-1.547788143157959
0.1,False,False,False,False,lXPQBPVc5Cw,0.0416604558644309,0.049644844891133744,0.007984389026702843,-2.799999952316284,2,A,24,AT,26,1,1,25,-1.7341229915618896,-1.7147561311721802,-1.7394533157348633,-1.7163007259368896
0.1,False,False,False,False,lXPQBPVc5Cw,-0.1816139196743798,-0.18425713062728377,-0.002643210952903985,0.800000011920929,2,A,25,AT,27,1,1,26,-0.5151181221008301,-0.4441550374031067,-0.5167593359947205,-0.44482851028442383
0.1,False,False,False,False,lXPQBPVc5Cw,0.20884648108857107,0.2016624075793061,-0.0071840735092649766,-1.2000000476837158,2,A,26,ATV,28,1,1,27,-1.7567638158798218,-1.9203002452850342,-1.769681692123413,-1.925396203994751
0.1,False,False,False,False,lXPQBPVc5Cw,0.062401851621416426,0.058019369407475097,-0.00438248221394133,-2.0,2,A,27,ATV,29,1,1,28,-1.6446564197540283,-1.5656373500823975,-1.638843059539795,-1.565887451171875
0.1,False,False,False,False,cXypl4FnoZo,0.0591451844866242,0.06095693802308233,0.0018117535364581272,1.7999999523162842,2,A,0,ATV,2,1,1,1,1.4281723499298096,1.3557016849517822,1.429459810256958,1.3547394275665283
0.1,False,False,False,False,cXypl4FnoZo,-0.07446216205604728,-0.07574487428437138,-0.001282712228324101,-0.800000011920929,2,A,1,ATV,3,1,1,2,-0.5019398331642151,-0.6800929307937622,-0.5082440376281738,-0.7031667828559875
0.1,False,False,False,False,cXypl4FnoZo,-1.9755403782359529,-1.9600906179826358,0.015449760253317013,1.7999999523162842,2,A,2,A,4,1,1,3,0.12469390779733658,0.8883476257324219,0.11679034680128098,0.8655996322631836
0.1,False,False,False,False,cXypl4FnoZo,0.3913119741736928,0.379931308689482,-0.011380665484210795,-0.6000000238418579,3,A,2,ATV,5,2,1,3,0.6923704147338867,0.8358040452003479,0.6915490627288818,0.8310940861701965
0.1,False,False,False,False,cXypl4FnoZo,0.050763341787885,0.05420610667514314,0.003442764887258143,-1.0,3,A,3,ATV,6,1,2,5,-0.5341089963912964,-0.48248887062072754,-0.5380576252937317,-0.4827023446559906
0.1,True,False,True,False,cXypl4FnoZo,-0.5294842706677456,-0.5307011786734652,-0.001216908005719608,1.399999976158142,2,A,5,ATV,7,1,1,6,-0.0703558549284935,0.12232161313295364,-0.06351288408041,0.13068176805973053
0.1,False,False,False,False,cXypl4FnoZo,0.0398072001034393,0.03447538877432521,-0.005331811329114089,1.2000000476837158,2,A,6,ATV,8,1,1,7,0.6181325316429138,0.5848764777183533,0.6188210844993591,0.5898817181587219
0.1,False,False,False,False,cXypl4FnoZo,0.008106634312511574,0.0105898228310366,0.0024831885185250258,2.0,2,A,7,ATV,9,1,1,8,1.4722622632980347,1.4646368026733398,1.4703364372253418,1.4604322910308838
0.1,False,False,False,False,cXypl4FnoZo,0.21098587824872084,0.2161300144733076,0.0051441362245867595,1.399999976158142,2,A,8,TV,10,1,1,9,0.9926007390022278,0.7860292792320251,0.9900145530700684,0.7801467180252075
0.1,False,False,False,False,cXypl4FnoZo,0.024566087437008832,0.024921526338872013,0.00035543890186318094,2.0,2,A,9,ATV,11,1,1,10,1.4280445575714111,1.406957745552063,1.4270334243774414,1.4056833982467651
0.1,False,False,False,False,cXypl4FnoZo,0.007417320611921241,0.007966995548088107,0.0005496749361668662,-1.0,2,V,10,AT,12,1,1,11,-1.268688678741455,-1.2821540832519531,-1.2705402374267578,-1.2848842144012451
0.1,False,True,False,True,cXypl4FnoZo,0.4313925058882051,0.4233741566799347,-0.008018349208270381,-0.6000000238418579,2,A,11,ATV,13,1,1,12,-0.1757570505142212,0.18190445005893707,-0.1749558448791504,0.17719796299934387
0.1,False,False,False,False,cXypl4FnoZo,-0.03563169518594478,-0.040163905783085596,-0.004532210597140818,0.0,2,A,12,ATV,14,1,1,13,-0.8849915862083435,-0.8646261692047119,-0.8829991817474365,-0.8599556088447571
0.1,False,False,False,False,cXypl4FnoZo,-0.10945966087065528,-0.1073654116824514,0.0020942491882038894,-0.6000000238418579,2,A,13,ATV,15,1,1,14,-1.1289982795715332,-1.0127705335617065,-1.1210836172103882,-1.0051699876785278
0.1,False,False,False,False,cXypl4FnoZo,-0.025152101978417107,-0.026746065992977464,-0.0015939640145603562,-0.6000000238418579,2,A,14,ATV,16,1,1,15,-0.8543187379837036,-0.7988112568855286,-0.8607728481292725,-0.8031167387962341
0.1,False,False,False,False,cXypl4FnoZo,-0.16242342286510336,-0.16620948655129553,-0.003786063686192165,-0.25,2,A,15,AT,17,1,1,16,-1.6129083633422852,-1.551958441734314,-1.6144548654556274,-1.552124261856079
0.1,False,False,False,False,cXypl4FnoZo,-0.052947128465241966,-0.0534379874436387,-0.0004908589783967354,0.800000011920929,2,A,16,AT,18,1,1,17,0.025710996240377426,0.060691989958286285,0.02347925864160061,0.05868598073720932
0.1,False,False,False,False,cXypl4FnoZo,0.07558639910585896,0.07417695395184865,-0.0014094451540103137,-1.0,2,A,17,AT,19,1,1,18,-1.282723069190979,-1.3943586349487305,-1.2729320526123047,-1.3855760097503662
0.1,False,False,False,False,cXypl4FnoZo,-0.00023138500258834682,-0.0008239188188747804,-0.0005925338162864335,-0.6000000238418579,2,A,18,ATV,20,1,1,19,-0.32185131311416626,-0.3222675621509552,-0.3335854709148407,-0.3351362943649292
0.1,False,False,False,False,cXypl4FnoZo,-0.0013545159307728483,-0.0021392545939367125,-0.0007847386631638642,0.20000000298023224,2,A,19,ATV,21,1,1,20,0.3363502621650696,0.33128929138183594,0.34130287170410156,0.33351871371269226
0.1,False,False,False,False,cXypl4FnoZo,-0.012696561445594057,-0.013259696222952755,-0.0005631347773586981,0.4000000059604645,2,A,20,ATV,22,1,1,21,0.694244921207428,0.6718152165412903,0.6913340091705322,0.667611300945282
0.1,False,False,False,False,cXypl4FnoZo,0.03793763291396425,0.039357455842251865,0.0014198229282876146,0.20000000298023224,2,A,21,ATV,23,1,1,22,0.19958604872226715,0.005223710089921951,0.1961110383272171,0.001574752852320671
0.1,False,False,False,True,cXypl4FnoZo,1.3218181592381695,1.2470092146609404,-0.07480894457722909,-1.2000000476837158,2,A,22,AV,24,1,1,23,0.010174617171287537,0.46923357248306274,-0.011862242594361305,0.4305460751056671
0.1,False,False,False,False,cXypl4FnoZo,-0.1692328204803788,-0.15198837537947285,0.017244445100905947,0.6000000238418579,1,A,24,AV,25,2,1,23,0.18860647082328796,0.6034402251243591,0.20987527072429657,0.6144550442695618
0.1,False,False,False,False,cXypl4FnoZo,-0.17405600294255685,-0.16845633684211947,0.005599666100437384,0.800000011920929,2,A,24,ATV,26,3,1,23,0.1378604918718338,0.2858281135559082,0.14690443873405457,0.29198673367500305
0.1,False,False,False,False,cXypl4FnoZo,-0.1051662116559271,-0.10216663406222892,0.0029995775936981772,-2.200000047683716,2,A,25,TV,27,1,1,26,-0.8089390397071838,-0.8472678065299988,-0.8162429928779602,-0.8536654114723206
0.1,False,False,False,False,cXypl4FnoZo,0.1988681252532558,0.1919853858937337,-0.006882739359522105,-1.399999976158142,2,A,26,ATV,28,1,1,27,-0.9975156188011169,-0.7992822527885437,-1.0067476034164429,-0.8112446665763855
0.1,False,False,False,False,c7UH_rxdZv4,-0.00116736548326557,-0.00017204232202061576,0.0009953231612449542,-0.800000011920929,2,A,0,ATV,2,1,1,1,-0.8415129780769348,-0.7764211893081665,-0.8343027830123901,-0.7683039903640747
0.1,False,False,False,False,c7UH_rxdZv4,1.8461762540588387,1.8713460967454365,0.025169842686597832,1.600000023841858,2,A,1,AV,3,1,1,2,-0.4501173794269562,-0.8595035076141357,-0.4571065604686737,-0.8704318404197693
0.1,False,False,False,False,c7UH_rxdZv4,-0.27724246145702125,-0.26029179412245185,0.016950667334569403,-2.200000047683716,1,A,3,AT,4,2,1,2,-1.0789577960968018,-1.2103065252304077,-1.0787034034729004,-1.2014939785003662
0.1,False,False,False,False,c7UH_rxdZv4,-0.039608647574596034,-0.0339699619030398,0.005638685671556232,-2.5999999046325684,2,A,3,ATV,5,1,1,4,-1.6425520181655884,-1.663464903831482,-1.64305579662323,-1.6609727144241333
0.1,False,False,False,False,c7UH_rxdZv4,0.5342826689636695,0.5321904885580153,-0.002092180405654176,-3.0,2,A,4,ATV,6,1,1,5,-1.8784767389297485,-1.661307692527771,-1.8778765201568604,-1.6615861654281616
0.1,False,False,False,False,c7UH_rxdZv4,0.09122941832993092,0.09921771482811437,0.007988296498183445,-2.799999952316284,2,A,5,ATV,7,1,1,6,-1.9005622863769531,-1.8512020111083984,-1.898999810218811,-1.8455268144607544
0.1,False,False,False,False,c7UH_rxdZv4,5.7504298069943616e-06,0.0002048116766284469,0.00019906124682145254,-0.4000000059604645,2,A,6,TV,8,1,1,7,-0.16354480385780334,-0.16353264451026917,-0.158950537443161,-0.15852607786655426
0.1,False,False,False,False,c7UH_rxdZv4,0.5542103460846306,0.5617294915886397,0.007519145504009117,0.800000011920929,2,A,7,ATV,9,1,1,8,-1.0051321983337402,-1.1526168584823608,-0.9912316203117371,-1.141710638999939
0.1,False,False,False,False,c7UH_rxdZv4,0.04918265173664338,0.05201963472158866,0.00283698298494528,1.0,2,V,8,AV,10,1,1,9,-1.0511122941970825,-1.0630667209625244,-1.0636178255081177,-1.076183557510376
0.1,False,False,False,False,c7UH_rxdZv4,-0.006303014152592823,-0.006219197369148333,8.381678344449028e-05,-2.799999952316284,1,A,10,ATV,11,2,1,9,-1.943758487701416,-1.9474470615386963,-1.9251618385314941,-1.9287235736846924
0.1,False,False,False,False,c7UH_rxdZv4,0.14691926834599656,0.1527781943052986,0.0058589259593020415,-2.5999999046325684,2,A,10,ATV,12,1,1,11,-1.9068222045898438,-1.807904839515686,-1.901476263999939,-1.7995541095733643
0.1,False,False,False,False,c7UH_rxdZv4,0.007725307459693909,0.009260522524929371,0.0015352150652354624,1.2000000476837158,2,A,11,ATV,13,1,1,12,1.0193243026733398,0.9990795850753784,1.016171932220459,0.9925071597099304
0.1,False,False,False,False,c7UH_rxdZv4,-0.6272411825637931,-0.6269668021785577,0.00027438038523541763,-2.4000000953674316,2,A,12,ATV,14,1,1,13,-1.4928526878356934,-1.9576481580734253,-1.4924354553222656,-1.9564837217330933
0.1,False,False,False,False,c7UH_rxdZv4,0.23966017834816,0.2147116177013686,-0.024948560646791407,-2.0,2,A,13,ATV,15,1,1,14,-1.5227464437484741,-1.3163106441497803,-1.516705870628357,-1.3304592370986938
0.1,False,False,False,False,c7UH_rxdZv4,0.15356245934351875,0.14427611835472476,-0.009286340988793995,-1.399999976158142,2,A,14,ATV,16,1,1,15,0.9127720594406128,0.9457359313964844,0.9017725586891174,0.9329022765159607
0.1,False,False,False,False,c7UH_rxdZv4,-0.39422402471420526,-0.38346824064142027,0.01075578407278499,-2.25,2,A,15,ATV,17,1,1,16,-1.5206820964813232,-1.8789466619491577,-1.5311591625213623,-1.8849467039108276
0.1,False,False,False,False,c7UH_rxdZv4,0.09887879126472399,0.08353166645640897,-0.015347124808315016,-1.7999999523162842,2,A,16,ATV,18,1,1,17,-1.8586645126342773,-1.4801244735717773,-1.8618855476379395,-1.5044301748275757
0.1,False,False,False,False,c7UH_rxdZv4,0.008970014697865736,0.012200509611361099,0.003230494913495363,-1.7999999523162842,2,A,17,ATV,19,1,1,18,-1.5631710290908813,-1.5449353456497192,-1.5600918531417847,-1.5358855724334717
0.1,False,True,False,True,c7UH_rxdZv4,0.3129513414631697,0.3044554043786184,-0.00849593708455132,-0.800000011920929,2,A,18,ATV,20,1,1,19,-0.048800647258758545,0.13661721348762512,-0.04701460152864456,0.1335107982158661
0.1,False,False,False,False,c7UH_rxdZv4,-0.41597276090288915,-0.39869995096150035,0.0172728099413888,-2.4000000953674316,2,A,19,ATV,21,1,1,20,-1.4542429447174072,-1.7082748413085938,-1.4642239809036255,-1.709364891052246
0.1,False,False,False,False,c7UH_rxdZv4,-0.30405867173080026,-0.2756418791658888,0.028416792564911475,-0.6000000238418579,2,A,20,ATV,22,1,1,21,-1.7745065689086914,-1.6370183229446411,-1.7719606161117554,-1.6477832794189453
0.1,False,False,False,False,c7UH_rxdZv4,0.016028017395100846,0.018619305629457017,0.0025912882343561705,-1.7999999523162842,2,A,21,ATV,23,1,1,22,-1.2679637670516968,-1.253108263015747,-1.2646026611328125,-1.2474879026412964
0.1,False,False,False,False,c7UH_rxdZv4,0.020802224667360036,0.01580593287814125,-0.0049962917892187875,0.0,2,A,22,T,24,1,1,23,0.5283632874488831,0.5476951599121094,0.5131663084030151,0.5283423066139221
0.1,False,False,False,False,c7UH_rxdZv4,0.03643416880176531,0.029508924004517212,-0.006925244797248098,-2.5999999046325684,3,A,22,ATV,25,2,1,23,-0.715767502784729,-0.7061240077018738,-0.7224122285842896,-0.7145704030990601
0.1,False,False,False,False,c7UH_rxdZv4,-0.05627483113327969,-0.05470415329818934,0.0015706778350903505,-1.7999999523162842,3,A,23,T,26,1,2,25,-1.1329379081726074,-1.1765443086624146,-1.1397933959960938,-1.1826114654541016
0.1,False,False,False,False,c7UH_rxdZv4,0.024666531609227604,0.02450971519820655,-0.0001568164110210546,-0.800000011920929,4,A,23,ATV,27,2,2,25,-1.3205642700195312,-1.343740463256836,-1.324406385421753,-1.3472766876220703
0.1,False,False,False,False,c7UH_rxdZv4,0.013716564258601238,0.011571771194127223,-0.0021447930644740154,0.6000000238418579,3,A,25,ATV,28,1,2,27,0.8172643780708313,0.8468205332756042,0.8157115578651428,0.841046154499054
0.1,False,False,False,False,c7UH_rxdZv4,0.3061293873097535,0.3044969801936759,-0.0016324071160775944,1.2000000476837158,2,A,27,ATV,29,1,1,28,0.5639878511428833,0.357004851102829,0.5636351704597473,0.3577072024345398
0.1,False,False,False,False,c7UH_rxdZv4,0.005378962485451666,-0.018028393967987277,-0.023407356453438943,-1.399999976158142,2,A,28,ATV,30,1,1,29,-0.42067116498947144,-0.4179287552833557,-0.428827166557312,-0.4381537139415741
0.1,False,False,False,False,c7UH_rxdZv4,-0.035368076268208704,-0.10205741289982484,-0.06668933663161614,-2.200000047683716,2,A,29,AV,31,1,1,30,0.30005115270614624,0.29296764731407166,0.29629451036453247,0.27576833963394165
0.1,False,False,False,False,c7UH_rxdZv4,-0.06303867292149334,-0.06436808529173277,-0.0013294123702394245,-1.7999999523162842,1,A,31,ATV,32,2,1,30,-0.9384057521820068,-0.9757997989654541,-0.9387945532798767,-0.9770135283470154
0.2,False,True,False,True,f9O3YtZ2VfI,1.8615333525522288,1.8246010186992123,-0.03693233385301653,0.6000000238418579,2,A,0,AV,2,1,1,1,0.6645408868789673,-0.7659058570861816,0.6773818135261536,-0.752992570400238
0.2,False,False,False,False,f9O3YtZ2VfI,-0.3937358649213394,-0.42251485827740964,-0.02877899335607026,-2.4000000953674316,1,A,2,T,3,2,1,1,-1.649746298789978,-1.9887278079986572,-1.5961817502975464,-1.9271268844604492
0.2,False,False,False,False,f9O3YtZ2VfI,-0.13299276875072508,-0.13794499678681404,-0.004952228036088968,-1.7999999523162842,2,A,2,ATV,4,3,1,1,-1.238271713256836,-1.3727461099624634,-1.213330864906311,-1.3458682298660278
0.2,False,False,False,False,f9O3YtZ2VfI,1.6455591986403135,1.6922992411692173,0.046740042528903736,-2.5999999046325684,3,A,2,V,5,1,2,4,-0.7742398381233215,-0.36864179372787476,-0.7600167989730835,-0.3465942442417145
0.2,False,False,False,False,f9O3YtZ2VfI,0.05714982981400851,0.06192808926113358,0.004778259447125066,-1.2000000476837158,4,A,2,ATV,6,2,2,4,-1.1755996942520142,-0.9596977233886719,-1.1655035018920898,-0.9487668871879578
0.2,False,False,False,False,f9O3YtZ2VfI,0.0005523855575439995,0.015390708030775357,0.014838322473231358,-1.7999999523162842,3,A,4,AT,7,1,2,6,-0.957817792892456,-0.9574899077415466,-0.9671698212623596,-0.9579805135726929
0.2,False,False,False,False,f9O3YtZ2VfI,-0.11485934296543121,-0.1079447049787774,0.0069146379866538155,-2.200000047683716,2,A,6,TV,8,1,1,7,-1.3813117742538452,-1.45475435256958,-1.3899861574172974,-1.4596097469329834
0.2,False,False,False,False,f9O3YtZ2VfI,0.29432290814992257,0.27691443943160365,-0.017408468718318915,-2.0,2,A,7,ATV,9,1,1,8,-0.8781531453132629,-0.7538606524467468,-0.9098648428916931,-0.7895004749298096
0.2,False,False,False,False,f9O3YtZ2VfI,0.237081830806897,0.25026783985945095,0.01318600905255396,-0.800000011920929,2,V,8,V,10,1,1,9,-0.33125612139701843,-0.12412822991609573,-0.33532455563545227,-0.11721811443567276
0.2,False,False,False,False,f9O3YtZ2VfI,0.682966352513187,0.7272768317592129,0.044310479246025825,-1.7999999523162842,3,V,8,AV,11,2,1,9,-0.3505170941352844,-0.13147757947444916,-0.3495548367500305,-0.1174222081899643
0.2,False,False,False,False,f9O3YtZ2VfI,0.3604581435173877,0.3883310520375858,0.02787290852019808,-1.600000023841858,4,V,8,AV,12,3,1,9,-0.7492468953132629,-0.5587320327758789,-0.7455093264579773,-0.5424153208732605
0.2,False,False,False,False,f9O3YtZ2VfI,0.0014830899787199314,0.001832371697574331,0.0003492817188543995,1.2000000476837158,5,V,8,ATV,13,4,1,9,1.187408208847046,1.240517258644104,1.1891281604766846,1.244165301322937
0.2,False,False,False,False,f9O3YtZ2VfI,0.11394315847222458,0.0921918975680569,-0.02175126090416768,-1.2000000476837158,2,A,12,TV,14,1,1,13,-1.0850576162338257,-1.5565879344940186,-1.0544965267181396,-1.5366945266723633
0.2,False,False,False,False,f9O3YtZ2VfI,0.42793159965575,0.4063363060360814,-0.02159529361966861,-1.0,2,A,13,AT,15,1,1,14,0.7736676335334778,0.8904572129249573,0.7911011576652527,0.9011521935462952
0.2,False,False,False,False,f9O3YtZ2VfI,-0.6110165989244543,-0.6252242822353686,-0.014207683310914376,-2.0,2,V,14,ATV,16,1,1,15,-0.9387099146842957,-1.2821420431137085,-0.9213466048240662,-1.2663319110870361
0.2,False,False,False,False,f9O3YtZ2VfI,0.008568458163313863,0.009078733424505714,0.0005102752611918504,-1.0,2,A,15,ATV,17,1,1,16,-1.0904914140701294,-0.8705505728721619,-1.083921194076538,-0.8730295300483704
0.2,False,False,False,False,f9O3YtZ2VfI,0.004488256771000287,0.007756956363489664,0.003268699592489377,-0.6000000238418579,2,A,16,ATV,18,1,1,17,-0.09708648175001144,-0.0926438495516777,-0.09596799314022064,-0.0883309468626976
0.2,False,False,False,False,f9O3YtZ2VfI,0.3237859253507409,0.32490228107122476,0.0011163557204838526,-0.4000000059604645,2,A,17,ATV,19,1,1,18,-0.5532577633857727,-0.989299476146698,-0.55631023645401,-0.9910458326339722
0.2,False,False,False,False,f9O3YtZ2VfI,-0.03165617743121629,-0.027437715343310742,0.00421846208790555,2.0,2,A,18,ATV,20,1,1,19,1.4686877727508545,1.499363899230957,1.4706741571426392,1.4972593784332275
0.2,False,False,False,False,f9O3YtZ2VfI,-0.0021781172534787174,-0.00210295128101734,7.516597246137735e-05,1.399999976158142,2,A,19,ATV,21,1,1,20,1.4742006063461304,1.4576854705810547,1.4725172519683838,1.456176519393921
0.2,False,False,False,False,f9O3YtZ2VfI,0.007151353847007158,0.0072893074140694125,0.00013795356706225448,1.600000023841858,2,A,20,ATV,22,1,1,21,1.4845125675201416,1.4568612575531006,1.4841278791427612,1.4560706615447998
0.2,False,False,False,False,f9O3YtZ2VfI,0.022373172769700744,0.006929205174433406,-0.015443967595267338,-2.5999999046325684,2,A,21,ATV,23,1,1,22,-0.5923940539360046,-0.586829662322998,-0.59712815284729,-0.5953990817070007
0.2,False,False,False,False,f9O3YtZ2VfI,0.6256586326104276,0.6306516381816891,0.004993005571261477,-1.399999976158142,2,A,22,ATV,24,1,1,23,-1.1658514738082886,-0.5750853419303894,-1.1595896482467651,-0.5702718496322632
0.2,False,False,False,False,f9O3YtZ2VfI,-0.0008019032087531741,-0.0009723157164813756,-0.0001704125077282015,1.399999976158142,2,A,23,ATV,25,1,1,24,1.3591945171356201,1.3706200122833252,1.3566415309906006,1.3698729276657104
0.2,False,False,False,False,f9O3YtZ2VfI,0.003068692712417942,0.00367831346288483,0.0006096207504668882,1.600000023841858,2,A,24,ATV,26,1,1,25,1.595207929611206,1.5443973541259766,1.5922579765319824,1.5388587713241577
0.2,False,False,False,False,f9O3YtZ2VfI,0.0023547810155122306,0.0027924135264356664,0.0004376325109234358,1.2000000476837158,2,A,25,AT,27,1,1,26,1.129038691520691,1.1140332221984863,1.1348251104354858,1.1160942316055298
0.2,False,False,False,False,f9O3YtZ2VfI,-0.04886606633234525,-0.04350179296367074,0.00536427336867451,-2.0,2,A,26,ATV,28,1,1,27,0.3277498185634613,0.31722962856292725,0.3216870427131653,0.3122994899749756
0.2,False,False,False,False,f9O3YtZ2VfI,-0.05829603612318124,-0.05551041711532889,0.002785619007852347,-1.0,2,A,27,AT,29,1,1,28,-1.349632740020752,-1.2528774738311768,-1.3437435626983643,-1.250298261642456
0.2,False,False,False,False,wMbj6ajWbic,0.6237602706637944,0.5999071805945277,-0.023853090069266614,1.0,2,A,1,ATV,3,1,1,2,-1.5448247194290161,-1.664562463760376,-1.5482795238494873,-1.6633880138397217
0.2,False,False,False,False,wMbj6ajWbic,0.03521038926544762,0.030109731088412417,-0.0051006581770352,0.20000000298023224,2,A,2,AT,4,1,1,3,1.109911561012268,1.1290583610534668,1.1147077083587646,1.1310209035873413
0.2,False,False,False,False,wMbj6ajWbic,5.1798521551278744,5.198901049320638,0.01904889419276312,1.7999999523162842,2,A,3,V,5,1,1,4,-0.21434590220451355,-1.2393159866333008,-0.19142846763134003,-1.2273236513137817
0.2,False,False,False,False,wMbj6ajWbic,0.33058075698409084,0.3283482830356661,-0.0022324739484247402,-1.2000000476837158,3,A,3,TV,6,2,1,4,-1.562776803970337,-1.8798439502716064,-1.5433869361877441,-1.8680291175842285
0.2,False,False,False,False,wMbj6ajWbic,-0.049196483414078784,-0.04332781542224495,0.005868667991833831,-0.20000000298023224,3,A,4,AT,7,1,2,6,-0.426042377948761,-0.15642625093460083,-0.4152941405773163,-0.14501136541366577
0.2,False,False,False,False,wMbj6ajWbic,-0.05050070397722095,-0.044376962775459106,0.006123741201761845,-2.0,2,V,6,ATV,8,1,1,7,-1.769910216331482,-1.9505975246429443,-1.7861090898513794,-1.9629546403884888
0.2,False,False,False,False,wMbj6ajWbic,0.3281373543917425,0.3211685146794707,-0.0069688397122718015,-1.7999999523162842,2,A,7,AT,9,1,1,8,-0.7783046960830688,-0.6286765336990356,-0.7730246782302856,-0.6270350217819214
0.2,False,False,False,False,wMbj6ajWbic,0.4804390089192187,0.4612458899339822,-0.019193118985236512,0.4000000059604645,2,A,8,AV,10,1,1,9,-0.11161800473928452,-0.461505651473999,-0.11301927268505096,-0.4511372745037079
0.2,False,False,False,False,wMbj6ajWbic,0.04922106093310674,0.05147322453194647,0.0022521635988397293,1.600000023841858,1,A,10,ATV,11,2,1,9,1.2967987060546875,1.2242978811264038,1.2880512475967407,1.2142730951309204
0.2,False,False,False,False,wMbj6ajWbic,0.07222040493189752,0.07368300929425686,0.0014626043623593432,2.0,2,A,10,ATV,12,1,1,11,1.490272045135498,1.4237682819366455,1.4886808395385742,1.421095609664917
0.2,False,False,False,False,wMbj6ajWbic,-0.0003597260910872535,0.0009704848740135219,0.0013302109651007754,-0.800000011920929,2,A,11,ATV,13,1,1,12,-0.7214027047157288,-0.876274585723877,-0.7165992259979248,-0.8890290856361389
0.2,False,False,False,False,wMbj6ajWbic,-2.797950674968149,-2.762788719280689,0.03516195568746028,2.0,2,A,12,ATV,14,1,1,13,-1.0498147010803223,-0.550180196762085,-1.051449179649353,-0.5590141415596008
0.2,False,False,False,False,wMbj6ajWbic,-0.14399056223919615,-0.15253163976115758,-0.008541077521961427,-0.4000000059604645,2,A,13,AV,15,1,1,14,-0.8456951379776001,-0.6337810754776001,-0.8471487760543823,-0.6177392601966858
0.2,False,False,False,False,wMbj6ajWbic,-0.18119582548311897,-0.16741368958298608,0.013782135900132886,2.0,1,A,15,ATV,16,2,1,14,0.9343002438545227,1.0230045318603516,0.9482549428939819,1.0311068296432495
0.2,True,False,True,False,wMbj6ajWbic,-0.3851763087871046,-0.38693116502871194,-0.0017548562416073166,-1.0,2,A,15,AT,17,1,1,16,0.14562377333641052,-0.03704749792814255,0.15099458396434784,-0.03156963735818863
0.2,False,False,False,False,wMbj6ajWbic,0.03745076887158305,0.03589951489713883,-0.0015512539744442222,-0.6000000238418579,2,A,16,AT,18,1,1,17,-0.5109434127807617,-0.3869698643684387,-0.49689602851867676,-0.38429200649261475
0.2,False,False,False,False,wMbj6ajWbic,-0.09555956853868253,-0.08879790710691537,0.006761661431767152,-0.4000000059604645,2,A,17,TV,19,1,1,18,0.6653485298156738,0.6195135712623596,0.6549403667449951,0.6119788885116577
0.2,False,False,False,False,wMbj6ajWbic,0.0029686853426937887,0.003390937621745138,0.00042225227905134943,1.600000023841858,2,A,18,ATV,20,1,1,19,1.3369140625,1.3313312530517578,1.3362295627593994,1.3298782110214233
0.2,False,False,False,False,wMbj6ajWbic,0.03519901115680568,0.03563610803337269,0.00043709687656701135,1.399999976158142,2,V,19,TV,21,1,1,20,1.2625432014465332,1.1674201488494873,1.259150743484497,1.1644694805145264
0.2,False,False,False,False,wMbj6ajWbic,0.018691734351705236,0.019023221315890737,0.00033148696418550117,1.7999999523162842,2,A,20,ATV,22,1,1,21,1.4835448265075684,1.4552745819091797,1.4824891090393066,1.4538260698318481
0.2,False,False,False,False,wMbj6ajWbic,-0.000346923988743697,-0.0004760473031097945,-0.00012912331436609747,1.399999976158142,2,V,21,ATV,23,1,1,22,1.4187679290771484,1.402304768562317,1.422450065612793,1.4052876234054565
0.2,False,False,False,False,wMbj6ajWbic,0.024394814909101115,0.027343329241560355,0.00294851433245924,2.0,2,A,22,ATV,24,1,1,23,1.3688709735870361,1.3498318195343018,1.3692901134490967,1.3479737043380737
0.2,False,False,False,False,wMbj6ajWbic,-0.008526791051323812,-0.00747823289607652,0.0010485581552472922,1.7999999523162842,2,A,23,ATV,25,1,1,24,1.46409273147583,1.4770342111587524,1.4655805826187134,1.4769549369812012
0.2,False,False,False,False,wMbj6ajWbic,-0.031134938059611983,-0.028878236402487545,0.002256701657124438,0.0,2,A,24,AV,26,1,1,25,0.9890598654747009,0.9731929302215576,0.9869776964187622,0.9722380042076111
0.2,False,False,False,False,wMbj6ajWbic,0.004271474677807419,0.0056366512634866694,0.0013651765856792508,2.4000000953674316,1,A,26,ATV,27,2,1,25,1.6077656745910645,1.605074405670166,1.6125935316085815,1.6090223789215088
0.2,False,False,False,False,wMbj6ajWbic,0.03176155170012862,0.03252145106617377,0.000759899366045147,1.7999999523162842,2,A,26,V,28,1,1,27,0.932284414768219,0.9141716361045837,0.9436696171760559,0.9248867630958557
0.2,False,False,False,False,wMbj6ajWbic,-0.007099332868904185,-0.007375764451467148,-0.00027643158256296374,0.800000011920929,3,A,26,ATV,29,2,1,27,1.5324684381484985,1.5276061296463013,1.5351680517196655,1.5301344394683838
0.2,False,False,False,False,vvZ4IcEtiZc,-0.024470567369760943,-0.019034856698851854,0.0054357106709090885,1.2000000476837158,2,A,2,ATV,4,1,1,3,1.6621023416519165,1.634819507598877,1.6777498722076416,1.6573948860168457
0.2,False,False,False,False,vvZ4IcEtiZc,-0.04329438220513282,-0.045039715668792724,-0.0017453334636599038,1.0,2,V,3,ATV,5,1,1,4,1.4541184902191162,1.4036449193954468,1.4579479694366455,1.4058036804199219
0.2,False,False,False,False,vvZ4IcEtiZc,-0.016939139820070448,0.0012136048116495601,0.018152744631720008,1.399999976158142,2,A,4,AT,6,1,1,5,0.07136478275060654,0.07775478810071945,0.07667409628629684,0.07621563225984573
0.2,False,False,False,False,vvZ4IcEtiZc,0.592155200434104,0.5821769171190532,-0.009978283315050795,-1.5,2,A,5,ATV,7,1,1,6,-0.5119509100914001,-0.24764373898506165,-0.5092836022377014,-0.24952173233032227
0.2,False,False,False,False,vvZ4IcEtiZc,0.0013255430411049929,-0.00023749088818192376,-0.0015630339292869166,2.200000047683716,2,A,6,TV,8,1,1,7,1.3901889324188232,1.3893709182739258,1.3959641456604004,1.3961118459701538
0.2,False,False,False,False,vvZ4IcEtiZc,-3.1424516170647507,-3.0990940290448625,0.043357588019888205,-2.0,2,A,7,AV,9,1,1,8,0.9890905022621155,0.40670114755630493,0.9917362928390503,0.41896507143974304
0.2,False,True,False,True,vvZ4IcEtiZc,0.41010349868021345,0.4246843866153589,0.014580887935145448,1.600000023841858,1,A,9,AT,10,2,1,8,0.12524090707302094,-0.007799077779054642,0.13077795505523682,-0.007264072075486183
0.2,False,False,False,False,vvZ4IcEtiZc,0.26856290801955396,0.2701395062547576,0.001576598235203619,0.20000000298023224,2,A,9,AV,11,1,1,10,0.7298409342765808,0.9411439299583435,0.7334169745445251,0.9447638392448425
0.2,False,False,False,False,d3_k5Xpfmik,-0.031488961051877595,-0.029986526231766675,0.0015024348201109206,2.0,2,A,0,ATV,2,1,1,1,1.5379878282546997,1.5734249353408813,1.5493345260620117,1.5839316844940186
0.2,False,False,False,False,d3_k5Xpfmik,-0.25572777702500105,-0.25773485970584886,-0.002007082680847816,-1.0,2,V,1,ATV,3,1,1,2,-0.1841871738433838,-0.3598259687423706,-0.17803215980529785,-0.3535510301589966
0.2,False,False,False,False,d3_k5Xpfmik,-0.005309490942863704,-0.0031931071668367395,0.0021163837760269644,2.200000047683716,2,A,2,ATV,4,1,1,3,1.6121222972869873,1.6166555881500244,1.6136665344238281,1.6163958311080933
0.2,False,False,False,False,d3_k5Xpfmik,0.005243333702580344,0.006123642112299876,0.0008803084097195324,1.600000023841858,2,A,3,ATV,5,1,1,4,1.5283722877502441,1.4981478452682495,1.5236693620681763,1.490683913230896
0.2,False,False,False,False,d3_k5Xpfmik,0.1393168330307475,0.15080969137933664,0.011492858348589152,0.4000000059604645,2,A,4,T,6,1,1,5,-0.5565657615661621,-0.6268081068992615,-0.5595610737800598,-0.635165274143219
0.2,False,False,False,False,d3_k5Xpfmik,0.00890781212717684,0.009710982876143248,0.0008031707489664086,2.200000047683716,3,A,4,ATV,7,2,1,5,1.5274745225906372,1.5208841562271118,1.5278429985046387,1.5206576585769653
0.2,False,False,False,False,d3_k5Xpfmik,0.331518020462255,0.33364384745449627,0.0021258269922412865,1.399999976158142,3,A,5,ATV,8,1,2,7,0.7966545224189758,0.5660073161125183,0.7990959882736206,0.5664956569671631
0.2,False,False,False,False,d3_k5Xpfmik,0.015293588701879912,0.013708121665317208,-0.0015854670365627044,0.4000000059604645,2,A,7,AT,9,1,1,8,0.5927314758300781,0.6289956569671631,0.593856692314148,0.6264697313308716
0.2,False,False,False,False,d3_k5Xpfmik,-0.5794091713587726,-0.5978561182130981,-0.018446946854325574,2.4000000953674316,2,A,8,AV,10,1,1,9,0.7868525981903076,0.9777358174324036,0.7908869981765747,0.9888343214988708
0.2,False,False,False,False,d3_k5Xpfmik,-0.0390891804068616,-0.038135491293360246,0.0009536891135013548,2.0,1,A,10,ATV,11,2,1,9,1.4477618932724,1.4843666553497314,1.4465155601501465,1.4821105003356934
0.2,False,False,False,False,d3_k5Xpfmik,0.020639358104233452,0.020798827558621724,0.00015946945438827242,2.200000047683716,2,A,10,ATV,12,1,1,11,1.6030945777893066,1.5860493183135986,1.6029183864593506,1.5857481956481934
0.2,False,True,False,True,d3_k5Xpfmik,0.4245303719391069,0.4377116346508272,0.013181262711720265,2.0,2,A,11,TV,13,1,1,12,0.05598391592502594,-0.050299711525440216,0.05532243847846985,-0.05413788557052612
0.2,False,False,False,False,d3_k5Xpfmik,-3.056249071232223,-3.107784030101641,-0.051534958869417835,2.5999999046325684,2,A,12,V,14,1,1,13,0.19300471246242523,0.9454979300498962,0.17712928354740143,0.9379174709320068
0.2,False,False,False,False,d3_k5Xpfmik,-0.048109431880746456,-0.04945229562325437,-0.001342863742507916,2.0,3,A,12,ATV,15,2,1,13,1.5999568700790405,1.6654479503631592,1.5961003303527832,1.662831425666809
0.2,False,False,False,False,d3_k5Xpfmik,0.8124591206490779,0.8037961989258231,-0.00866292172325478,1.600000023841858,3,V,13,ATV,16,1,2,15,0.3392048478126526,0.050140805542469025,0.3400791585445404,0.053650520741939545
0.2,True,False,True,False,d3_k5Xpfmik,-0.806672812455442,-0.793005453507295,0.013667358948146968,0.800000011920929,2,A,15,V,17,1,1,16,-0.09823928028345108,0.8126891255378723,-0.09050936996936798,0.798772931098938
0.2,False,False,False,False,d3_k5Xpfmik,0.23834232074512052,0.23002897295247315,-0.008313347792647363,0.20000000298023224,3,A,15,ATV,18,2,1,16,0.8844007849693298,1.040682315826416,0.8865187764167786,1.0374586582183838
0.2,False,False,False,False,vyB00TXsimI,0.002666638315318437,0.002846782860487451,0.00018014454516901424,1.7999999523162842,2,A,1,ATV,3,1,1,2,1.639728307723999,1.6316145658493042,1.6460508108139038,1.6370670795440674
0.2,False,False,False,False,vyB00TXsimI,0.015323603925367024,0.016543625011763652,0.0012200210863966277,1.7999999523162842,2,A,2,ATV,4,1,1,3,1.5514551401138306,1.5223344564437866,1.5507643222808838,1.5195324420928955
0.2,False,False,False,False,vyB00TXsimI,0.04669050055154855,0.051905343164662554,0.005214842613114001,2.0,2,A,3,ATV,5,1,1,4,1.0628458261489868,1.0382575988769531,1.0621556043624878,1.0348795652389526
0.2,False,False,False,False,vyB00TXsimI,-0.2515957956602506,-0.24204762119755685,0.009548174462693737,2.4000000953674316,2,A,4,TV,6,1,1,5,1.2159423828125,1.3274345397949219,1.2228260040283203,1.330565094947815
0.2,False,False,False,False,vyB00TXsimI,0.11031566474292731,0.11154584450672189,0.001230179763794581,2.5999999046325684,2,A,5,ATV,7,1,1,6,1.5266954898834229,1.4764795303344727,1.5292335748672485,1.4783554077148438
0.2,False,False,False,False,vyB00TXsimI,0.006431376121539323,0.0035745768212684936,-0.002856799300270829,-0.25,2,V,6,ATV,8,1,1,7,-0.23592785000801086,-0.3314211368560791,-0.21301639080047607,-0.32030194997787476
0.2,False,False,False,False,vyB00TXsimI,-0.057669236217936515,-0.05254189127120412,0.005127344946732393,1.3333333730697632,2,A,7,T,9,1,1,8,0.8427467942237854,0.9055414199829102,0.8462793231010437,0.9035895466804504
0.2,False,False,False,False,vyB00TXsimI,0.04505523317539506,0.04130200243611881,-0.0037532307392762476,-0.20000000298023224,3,A,7,ATV,10,2,1,8,0.7924033999443054,0.8148496150970459,0.7937449216842651,0.8143130540847778
0.2,False,False,False,False,vyB00TXsimI,0.054291963185399084,0.05625731758973096,0.001965354404331876,0.20000000298023224,3,A,8,A,11,1,2,10,0.48574668169021606,0.5687046647071838,0.4851248860359192,0.5708820819854736
0.2,False,False,False,False,vyB00TXsimI,-0.08232887796055,-0.07728362813375611,0.005045249826793885,2.4000000953674316,4,A,8,ATV,12,2,2,10,0.16823558509349823,0.18675723671913147,0.1686134934425354,0.18599861860275269
0.2,False,False,False,False,vyB00TXsimI,-0.1440433800768659,-0.14450180105039578,-0.00045842097352988276,2.0,3,A,10,TV,13,1,2,12,1.144646406173706,1.233458161354065,1.139388084411621,1.2278918027877808
0.2,False,True,False,True,vyB00TXsimI,3.1562659918529867,3.224404357032686,0.06813836517969918,2.5999999046325684,2,A,12,A,14,1,1,13,0.5823281407356262,-0.08835746347904205,0.5816879272460938,-0.10147887468338013
0.2,False,False,False,False,vyB00TXsimI,0.03279020191480786,0.03565476572440218,0.0028645638095943227,0.4000000059604645,3,A,12,ATV,15,2,1,13,0.4024687111377716,0.21890252828598022,0.39911502599716187,0.21117323637008667
0.2,False,False,False,False,vyB00TXsimI,-0.015567577860338133,-0.014361613959366082,0.0012059639009720513,1.399999976158142,3,V,13,ATV,16,1,2,15,1.2709087133407593,1.3668793439865112,1.2762532234191895,1.36915123462677
0.2,False,False,False,False,vyB00TXsimI,0.12237044862047242,0.11539994317722346,-0.006970505443248953,2.4000000953674316,2,A,15,TV,17,1,1,16,1.299256443977356,1.245007872581482,1.299822449684143,1.248570203781128
0.2,False,False,False,False,vyB00TXsimI,0.24079929498278219,0.2512589748701828,0.010459679887400597,1.2000000476837158,2,A,16,AV,18,1,1,17,0.9900189638137817,0.6662479043006897,0.9792864918708801,0.6523017287254333
0.2,False,False,False,False,vyB00TXsimI,0.8173614829119096,0.8251263950181027,0.0077649121061931226,2.200000047683716,1,A,18,A,19,2,1,17,1.0294344425201416,0.7209512591362,1.0306168794631958,0.7192625999450684
0.2,False,False,False,False,vyB00TXsimI,0.23617489682553128,0.2340208116235054,-0.0021540852020258683,1.2000000476837158,2,A,18,AV,20,3,1,17,0.9716964364051819,0.6630666851997375,0.9747298359870911,0.6663639545440674
0.2,False,False,False,False,vyB00TXsimI,0.37930531481872265,0.3834803286020936,0.004175013783370929,0.6000000238418579,3,A,18,AT,21,4,1,17,-0.6536338329315186,-0.7967473268508911,-0.6544411182403564,-0.7989649176597595
0.2,False,False,False,False,fvVhgmXxadc,0.8335872815687253,0.782203131839708,-0.05138414972901728,-2.200000047683716,2,A,0,ATV,2,1,1,1,-1.570528507232666,-1.091026782989502,-1.5748960971832275,-1.1169681549072266
0.2,False,False,False,False,fvVhgmXxadc,0.4648429831111578,0.5356596973690166,0.07081671425785885,-2.799999952316284,2,A,1,AV,3,1,1,2,-1.0185092687606812,-0.8925010561943054,-1.0155030488967896,-0.8712467551231384
0.2,False,False,False,False,fvVhgmXxadc,-0.09975817173169332,-0.09547453764218972,0.004283634089503607,0.0,1,A,3,ATV,4,2,1,2,-1.3493669033050537,-1.311881422996521,-1.338316798210144,-1.3021587133407593
0.2,False,False,False,False,fvVhgmXxadc,-0.38092633393476993,-0.38150788484525555,-0.0005815509104856176,-0.20000000298023224,2,A,3,ATV,5,1,1,4,-1.6899961233139038,-1.556157112121582,-1.68719482421875,-1.5528638362884521
0.2,False,False,False,False,fvVhgmXxadc,0.004776821446046853,0.007325992380597057,0.0025491709345502045,-1.0,2,A,4,A,6,1,1,5,-0.8245524168014526,-0.8114299178123474,-0.824695885181427,-0.8049166202545166
0.2,False,False,False,False,fvVhgmXxadc,-0.0007663110993547662,-0.011491353205428823,-0.010725042106074056,-0.5,3,A,4,ATV,7,2,1,5,-1.4559369087219238,-1.4555360078811646,-1.457016110420227,-1.4509934186935425
0.2,False,False,False,False,fvVhgmXxadc,0.12072725568633302,0.1220650578559912,0.0013378021696581754,-0.4000000059604645,3,A,5,AV,8,1,2,7,-0.8590100407600403,-0.9756886959075928,-0.8598260283470154,-0.9774989485740662
0.2,False,False,False,False,fvVhgmXxadc,0.12168171448340104,0.11850205694382154,-0.0031796575395794946,0.0,1,A,8,ATV,9,2,1,7,-0.9328716397285461,-0.9959574341773987,-0.9485198855400085,-1.0090550184249878
0.2,False,False,False,False,fvVhgmXxadc,0.0013725204691859005,0.0009869163184446084,-0.0003856041507412922,-0.20000000298023224,2,A,8,ATV,10,1,1,9,-0.1768009066581726,-0.1562882363796234,-0.18302913010120392,-0.16429388523101807
0.2,False,False,False,False,fvVhgmXxadc,-0.016868383384132102,-0.016447790640643944,0.00042059274348815734,0.0,2,A,9,AT,11,1,1,10,-0.5448533296585083,-0.529147207736969,-0.5446653962135315,-0.5293511152267456
0.2,False,False,False,False,fvVhgmXxadc,0.07307637270815981,0.07430663418952044,0.0012302614813606283,0.20000000298023224,2,A,10,ATV,12,1,1,11,-0.981174886226654,-1.0117138624191284,-0.9801871180534363,-1.0112589597702026
0.2,False,False,False,False,fvVhgmXxadc,-0.043128416165927774,-0.04483181056252761,-0.0017033943965998333,0.0,2,A,11,AT,13,1,1,12,-1.1099133491516113,-1.0903115272521973,-1.1165367364883423,-1.0962766408920288
0.2,False,False,False,False,ob23OKe5a9Q,0.021950369039061002,0.025650512333427855,0.0037001432943668533,-1.2000000476837158,2,A,0,AT,2,1,1,1,-1.35179603099823,-1.412114143371582,-1.3336946964263916,-1.4086259603500366
0.2,False,False,False,False,ob23OKe5a9Q,0.6302081719381931,0.609976158905372,-0.020232013032821072,-1.5,2,A,1,ATV,3,1,1,2,-1.1437809467315674,-0.6298849582672119,-1.150036334991455,-0.6441666483879089
0.2,False,False,False,False,ob23OKe5a9Q,0.000838790769876141,0.001441674142370175,0.0006028833724940341,-1.7999999523162842,2,A,2,ATV,4,1,1,3,-1.8449490070343018,-1.7465283870697021,-1.8449863195419312,-1.7411319017410278
0.2,False,False,False,False,ob23OKe5a9Q,-0.6528466924179526,-0.6672451150940191,-0.014398422676066502,0.0,2,A,3,ATV,5,1,1,4,-1.8354467153549194,-1.6480345726013184,-1.8266100883483887,-1.6337867975234985
0.2,False,False,False,False,ob23OKe5a9Q,-0.06310766095585052,-0.07625819422930746,-0.013150533273456944,0.6000000238418579,2,A,4,A,6,1,1,5,-1.0126910209655762,-0.9930049180984497,-1.0093042850494385,-0.985434353351593
0.2,False,False,False,False,ob23OKe5a9Q,0.01376877709276414,0.015057663792575227,0.001288886699811087,0.6000000238418579,3,A,4,TV,7,2,1,5,1.1635892391204834,1.1756749153137207,1.167608618736267,1.1807212829589844
0.2,False,False,False,False,ob23OKe5a9Q,0.24646030183923529,0.25475748639478013,0.008297184555544845,-1.399999976158142,3,A,5,ATV,8,1,2,7,-1.2971210479736328,-1.906995415687561,-1.3091416358947754,-1.912847638130188
0.2,False,False,False,False,ob23OKe5a9Q,0.0293187978544438,0.02806694947015842,-0.0012518483842853811,1.25,2,V,7,ATV,9,1,1,8,1.6300839185714722,1.6668723821640015,1.631047248840332,1.6662498712539673
0.2,False,False,False,False,ob23OKe5a9Q,-0.049629707070948825,-0.05026258573082032,-0.0006328786598714942,0.800000011920929,2,A,8,ATV,10,1,1,9,1.4648164510726929,1.4263794422149658,1.4660826921463013,1.4272189140319824
0.2,False,False,False,False,ob23OKe5a9Q,1.0172696890478896,1.1628578968222856,0.14558820777439596,2.799999952316284,2,A,9,AV,11,1,1,10,0.7413148283958435,0.5075222253799438,0.7272364497184753,0.46350547671318054
0.2,False,False,False,False,ob23OKe5a9Q,0.6115332193298109,0.6098291647667757,-0.001704054563035129,1.25,1,A,11,ATV,12,2,1,10,-0.8813813328742981,-1.0203126668930054,-0.8968659043312073,-1.0344829559326172
0.2,False,False,False,False,ob23OKe5a9Q,0.10317406416456265,0.10328267421414239,0.00010861004957973819,0.800000011920929,2,A,11,ATV,13,1,1,12,1.2416715621948242,1.3461207151412964,1.2395354509353638,1.344494342803955
0.2,False,False,False,False,zhpQhgha_KU,-0.08946684321911391,-0.09295795359537351,-0.0034911103762595985,-1.600000023841858,2,A,0,ATV,2,1,1,1,-1.2949965000152588,-1.6596683263778687,-1.2894835472106934,-1.6588432788848877
0.2,False,True,False,True,zhpQhgha_KU,2.6732615281128496,2.511853301315544,-0.1614082267973056,-1.600000023841858,2,A,1,AV,3,1,1,2,-0.9478005766868591,0.16029132902622223,-0.9532532095909119,0.1117636114358902
0.2,False,True,False,True,zhpQhgha_KU,4.476013395409279,4.475808511603474,-0.00020488380580463428,-2.200000047683716,1,A,3,V,4,2,1,2,-0.41128653287887573,0.570470929145813,-0.4120323359966278,0.5699524879455566
0.2,False,False,False,False,zhpQhgha_KU,-0.0016585574796437186,-0.001395267692387847,0.0002632897872558715,1.0,2,A,3,T,5,3,1,2,0.9473353624343872,1.0333917140960693,0.9511934518814087,1.0314135551452637
0.2,False,False,False,False,zhpQhgha_KU,-0.06569333922454135,-0.06646589040764184,-0.0007725511831004894,1.0,3,A,3,AV,6,4,1,2,0.7381715178489685,0.9465134143829346,0.7361369729042053,0.9438056349754333
0.2,False,False,False,False,zhpQhgha_KU,0.9050937453785934,0.9051816380355149,8.789265692144e-05,-1.0,4,A,3,AV,7,5,1,2,0.29007190465927124,0.6029283404350281,0.2840389013290405,0.5981043577194214
0.2,False,False,False,False,zhpQhgha_KU,-0.004716721798331491,-0.005844889070072412,-0.0011281672717409208,-1.0,5,A,3,ATV,8,6,1,2,-1.0995469093322754,-0.9279384613037109,-1.102540373802185,-0.9316652417182922
0.2,False,False,False,False,zhpQhgha_KU,-0.041347125615467384,-0.03839568821853323,0.0029514373969341534,0.6000000238418579,2,A,7,ATV,9,1,1,8,0.3918159306049347,0.5553514957427979,0.3999614417552948,0.559753954410553
0.2,False,False,False,False,zhpQhgha_KU,-0.04516015038302612,-0.031891842097763856,0.013268308285262265,-2.4000000953674316,2,A,8,ATV,10,1,1,9,-1.701682448387146,-1.7348028421401978,-1.6998176574707031,-1.7229745388031006
0.2,False,False,False,False,zhpQhgha_KU,-0.062271921945367126,-0.0623422759525738,-7.03540072066744e-05,-1.399999976158142,2,A,9,ATV,11,1,1,10,-1.7132205963134766,-1.5893019437789917,-1.7116832733154297,-1.5865588188171387
0.2,False,False,False,False,zhpQhgha_KU,-0.008922006175239972,-0.007317923140121252,0.0016040830351187196,-1.0,2,A,10,ATV,12,1,1,11,-1.276851773262024,-1.260240077972412,-1.2682018280029297,-1.2541934251785278
0.2,False,False,False,False,zhpQhgha_KU,-0.010668434813325689,-0.01135870727728161,-0.000690272463955921,-1.5,2,A,11,AT,13,1,1,12,-1.6879541873931885,-1.6570297479629517,-1.6890188455581665,-1.6561070680618286
0.2,False,False,False,False,zhpQhgha_KU,0.07835440383367143,0.08244882335316106,0.004094419519489634,-2.0,2,A,12,TV,14,1,1,13,-1.6922008991241455,-1.5839534997940063,-1.6911345720291138,-1.578281283378601
0.2,False,False,False,False,zhpQhgha_KU,-0.007831062788980603,-0.006754839760219511,0.0010762230287610919,1.7999999523162842,2,A,13,TV,15,1,1,14,1.2259618043899536,1.2328238487243652,1.2131389379501343,1.21892249584198
0.2,False,False,False,False,zhpQhgha_KU,0.06605134560146553,0.06251560031887493,-0.0035357452825905966,1.75,2,V,14,AT,16,1,1,15,1.3088788986206055,1.239471673965454,1.317331314086914,1.2502822875976562
0.2,False,False,False,False,zhpQhgha_KU,0.2644102527442591,0.3377164930799055,0.07330624033564637,0.6000000238418579,2,V,15,V,17,1,1,16,0.6000403165817261,0.08579164743423462,0.5702893137931824,0.018107233569025993
0.2,False,False,False,False,zhpQhgha_KU,-1.146478854508762,-1.1578272470976474,-0.011348392588885314,-0.800000011920929,3,V,15,AV,18,2,1,16,0.5815929174423218,0.073109470307827,0.5549214482307434,0.023398382589221
0.2,False,False,False,False,zhpQhgha_KU,-0.0795371689420108,-0.07294520762478385,0.0065919613172269464,-1.399999976158142,4,V,15,AT,19,3,1,16,-1.0759248733520508,-1.240351915359497,-1.0969070196151733,-1.2624495029449463
0.2,True,False,True,False,zhpQhgha_KU,-0.3662130745927037,-0.3545798106237126,0.011633263968991114,0.6000000238418579,2,A,18,AV,20,1,1,19,-0.0226046834141016,0.746367871761322,-0.013263406231999397,0.7466704845428467
0.2,True,False,True,False,zhpQhgha_KU,-0.2795173315322017,-0.2555343384260738,0.023982993106127892,0.6000000238418579,1,A,20,ATV,21,2,1,19,-0.12253911048173904,0.10751096904277802,-0.09322267025709152,0.12563374638557434
0.2,False,False,False,False,zhpQhgha_KU,-0.09074233152068345,-0.08446427678476809,0.0062780547359153616,-0.5,2,A,20,ATV,22,1,1,21,1.000307559967041,0.969755232334137,1.0063589811325073,0.9780572056770325
0.2,False,False,False,False,zhpQhgha_KU,0.4393748161231201,0.4442747732741168,0.00489995715099667,0.0,2,A,21,AT,23,1,1,22,-1.0356268882751465,-1.2295925617218018,-1.0362122058868408,-1.2320756912231445
0.2,False,False,False,False,zhpQhgha_KU,-0.5126769853798452,-0.4980974980180948,0.01457948736175041,1.0,2,A,22,V,24,1,1,23,0.26141873002052307,0.81882244348526,0.2673363983631134,0.803280770778656
0.2,False,False,False,False,zhpQhgha_KU,-0.16477745927415,-0.1560441006554416,0.008733358618708387,0.0,3,A,22,ATV,25,2,1,23,-0.46182143688201904,-0.22023074328899384,-0.455373078584671,-0.22654037177562714
0.2,False,False,False,False,zhpQhgha_KU,-0.002151970171393458,-0.004160107133177604,-0.002008136961784146,0.800000011920929,3,A,23,ATV,26,1,2,25,0.732562243938446,0.8489477634429932,0.7228013277053833,0.8424208760261536
0.2,False,False,False,False,zhpQhgha_KU,0.00236186400366023,0.002718857140123987,0.00035699313646375685,1.399999976158142,2,A,25,T,27,1,1,26,1.2590594291687012,1.250915765762329,1.2456327676773071,1.2370641231536865
0.2,False,False,False,False,zhpQhgha_KU,0.0015971992678061042,0.001584676077129643,-1.2523190676461127e-05,-1.2000000476837158,3,A,25,AT,28,2,1,26,-1.2659082412719727,-1.2770785093307495,-1.2770769596099854,-1.2867498397827148
0.2,False,False,False,False,zhpQhgha_KU,0.7365087445081464,0.7336971893421413,-0.002811555166005064,-2.0,3,A,26,TV,29,1,2,28,-1.3226501941680908,-0.9066969752311707,-1.3137238025665283,-0.9024243950843811
0.2,False,False,False,False,zhpQhgha_KU,-0.025745457156062912,-0.009945805131888363,0.01579965202417455,-1.0,2,A,28,ATV,30,1,1,29,-1.1604737043380737,-1.0025204420089722,-1.1123627424240112,-0.9482353329658508
0.2,False,False,False,False,zhpQhgha_KU,-0.0476466173623038,-0.05319483080247078,-0.0055482134401669825,0.800000011920929,2,V,29,ATV,31,1,1,30,0.3898521065711975,0.45276135206222534,0.37628865242004395,0.44456157088279724
0.2,True,False,True,False,zhpQhgha_KU,-0.5948417624222424,-0.602283433785133,-0.007441671362890645,-0.4000000059604645,2,A,30,AV,32,1,1,31,0.40569227933883667,-0.1669800579547882,0.41279757022857666,-0.15842917561531067
0.2,False,False,False,False,zhpQhgha_KU,-0.008748273172543009,-0.010246109310557472,-0.0014978361380144634,1.2000000476837158,1,A,32,ATV,33,2,1,31,1.5012574195861816,1.4863699674606323,1.4958114624023438,1.4779537916183472
0.2,False,True,False,True,zhpQhgha_KU,0.6137690769173725,0.6222615755530265,0.008492498635654044,0.6000000238418579,2,A,32,AV,34,1,1,33,0.6177746057510376,-0.18363574147224426,0.614689826965332,-0.1889723241329193
0.2,False,False,False,False,phBUpBr1hSo,-0.012210191699054462,-0.0028367224886238773,0.009373469210430585,2.799999952316284,2,A,0,ATV,2,1,1,1,1.6995646953582764,1.7051266431808472,1.7036646604537964,1.7049591541290283
0.2,False,False,False,False,phBUpBr1hSo,0.0031375531127917355,0.0015905103637301465,-0.001547042749061589,-0.800000011920929,2,A,1,ATV,3,1,1,2,-0.2413293868303299,-0.23852835595607758,-0.25059837102890015,-0.2491527795791626
0.2,False,False,False,False,phBUpBr1hSo,0.5280717782915509,0.5320729087546425,0.0040011304630915845,-1.399999976158142,2,A,2,ATV,4,1,1,3,-1.1394153833389282,-0.6280050873756409,-1.1283336877822876,-0.6216199398040771
0.2,False,False,False,False,phBUpBr1hSo,-0.1299643116235103,-0.13463305271332615,-0.004668741089815853,1.600000023841858,2,A,3,AT,5,1,1,4,0.7430074214935303,0.8225220441818237,0.7409818768501282,0.8232895731925964
0.2,False,False,False,False,phBUpBr1hSo,0.3221613520513529,0.31649535391854045,-0.005665998132812433,-1.0,2,A,4,AT,6,1,1,5,-1.2297375202178955,-1.6123239994049072,-1.229658603668213,-1.6076499223709106
0.2,False,False,False,False,phBUpBr1hSo,0.9791940149555103,0.9485190306777582,-0.03067498427775206,-2.200000047683716,2,A,5,TV,7,1,1,6,-0.87427818775177,-0.5456928014755249,-0.8784811496734619,-0.5583754777908325
0.2,False,False,False,False,phBUpBr1hSo,0.1585815772222645,0.15871263661167845,0.00013105938941393447,-2.0,2,A,6,ATV,8,1,1,7,-0.5629549622535706,-0.508799135684967,-0.5495069622993469,-0.4957916736602783
0.2,False,False,False,False,phBUpBr1hSo,0.38842252924019594,0.3634717043163356,-0.02495082492386036,-1.399999976158142,2,V,7,A,9,1,1,8,-0.6981184482574463,-0.4613519012928009,-0.7418544888496399,-0.5074602365493774
0.2,False,False,False,False,phBUpBr1hSo,-0.11501876561491997,-0.1243475760813908,-0.009328810466470827,2.0,3,V,7,TV,10,2,1,8,1.038182020187378,1.0999583005905151,1.027657151222229,1.0938526391983032
0.2,False,True,False,True,phBUpBr1hSo,3.6609268736599496,3.6007141108988163,-0.0602127627611333,1.7999999523162842,3,A,8,A,11,1,2,10,0.18109464645385742,-0.7063482403755188,0.18966278433799744,-0.6887547373771667
0.2,False,False,False,False,phBUpBr1hSo,-0.09256914144086181,-0.09037680745964849,0.0021923339812133236,0.800000011920929,4,A,8,ATV,12,2,2,10,1.4753469228744507,1.4029297828674316,1.4759693145751953,1.405440092086792
0.2,True,False,True,False,phBUpBr1hSo,-0.5353136901338336,-0.553029753437879,-0.017716063304045404,-1.2000000476837158,3,V,10,ATV,13,1,2,12,0.0014880076050758362,-0.24697336554527283,0.014085309579968452,-0.2403264045715332
0.2,False,False,False,False,phBUpBr1hSo,1.1123101885470987,1.0640491298707815,-0.04826105867631725,-2.200000047683716,2,A,12,TV,14,1,1,13,-1.0776903629302979,-0.6599061489105225,-1.0722919702529907,-0.6716759204864502
0.2,False,True,False,True,phBUpBr1hSo,1.6322872239841635,1.6532285465280685,0.020941322543905017,-1.600000023841858,2,A,13,V,15,1,1,14,-0.259997695684433,0.2514570951461792,-0.250927597284317,0.2636590003967285
0.2,False,False,False,False,phBUpBr1hSo,-0.3219607757710037,-0.3234248777382618,-0.0014641019672581024,2.0,3,A,13,ATV,16,2,1,14,0.7003888487815857,0.8308001160621643,0.6985737085342407,0.8294080495834351
0.2,False,False,False,False,phBUpBr1hSo,-0.030754507857750468,-0.029788187544198763,0.0009663203135517051,0.800000011920929,3,V,14,ATV,17,1,2,16,1.1623272895812988,1.1170592308044434,1.1618785858154297,1.118069052696228
0.2,False,False,False,False,phBUpBr1hSo,0.026479933124164745,0.026794257915227604,0.0003143247910628588,2.0,2,A,16,ATV,18,1,1,17,1.3862643241882324,1.3650579452514648,1.3870083093643188,1.3655292987823486
0.2,False,False,False,False,phBUpBr1hSo,-0.1267081878176448,-0.12799698928280634,-0.0012888014651615265,-1.25,2,A,17,AT,19,1,1,18,-0.5469089150428772,-0.6436759233474731,-0.5467947721481323,-0.6446070671081543
0.2,False,False,False,False,phBUpBr1hSo,-0.1264983747879711,-0.12274805215732432,0.003750322630646785,0.800000011920929,2,A,18,ATV,20,1,1,19,0.3276295065879822,0.4891374707221985,0.32956376671791077,0.48605382442474365
0.2,False,False,False,False,yDtzw_Y-7RU,-0.6824701902205244,-0.6616339005311346,0.020836289689389775,-1.0,2,A,1,AV,3,1,1,2,-0.00026895105838775635,-0.43697959184646606,-0.014580318704247475,-0.443746417760849
0.2,False,False,False,False,yDtzw_Y-7RU,0.5891572076509028,0.5820912822903743,-0.007065925360528524,0.5,1,A,3,ATV,4,2,1,2,-0.6821666955947876,-0.9094946980476379,-0.6685386300086975,-0.8955550193786621
0.2,False,False,False,False,yDtzw_Y-7RU,0.16592761517131294,0.16718614328383907,0.001258528112526136,-1.2000000476837158,2,A,3,ATV,5,1,1,4,-0.6768203377723694,-0.5369430184364319,-0.6722860932350159,-0.5324162244796753
0.2,False,False,False,False,yDtzw_Y-7RU,-0.22956176735947054,-0.23589852209127393,-0.006336754731803396,-0.20000000298023224,2,A,4,AV,6,1,1,5,-0.9329981803894043,-0.7547292709350586,-0.938938319683075,-0.7568943500518799
0.2,False,False,False,False,yDtzw_Y-7RU,0.017567919265829346,0.024430167538909586,0.00686224827308024,-1.5,1,A,6,TV,7,2,1,5,-1.4228674173355103,-1.3466463088989258,-1.3905946016311646,-1.3092129230499268
0.2,False,False,False,False,yDtzw_Y-7RU,-0.015318461405797734,-0.01425328004397386,0.0010651813618238748,-1.0,2,A,6,ATV,8,1,1,7,-1.2052257061004639,-1.1637043952941895,-1.1809866428375244,-1.136025309562683
0.2,False,False,False,False,yDtzw_Y-7RU,-0.11573840975275118,-0.12142420044756363,-0.005685790694812454,-0.6000000238418579,2,V,7,TV,9,1,1,8,-1.2978379726409912,-1.2092941999435425,-1.3144396543502808,-1.2236984968185425
0.2,False,False,False,False,yDtzw_Y-7RU,0.03545008151354523,0.0377254665222182,0.00227538500867297,-1.399999976158142,2,A,8,ATV,10,1,1,9,-1.401524543762207,-1.5882880687713623,-1.4079080820083618,-1.5943913459777832
0.2,False,False,False,False,yDtzw_Y-7RU,-0.21324989174416942,-0.21448864972754222,-0.0012387579833728068,-0.6666666865348816,2,V,9,TV,11,1,1,10,-1.496720314025879,-1.3564051389694214,-1.5036087036132812,-1.3637917041778564
0.2,False,False,False,False,yDtzw_Y-7RU,-0.000296118391077016,-0.00014259806572169964,0.00015352032535531634,-1.7999999523162842,2,A,10,T,12,1,1,11,-1.7407448291778564,-1.7432985305786133,-1.7133677005767822,-1.714194655418396
0.2,False,False,False,False,yDtzw_Y-7RU,0.005461638203158259,0.005723645449393189,0.0002620072462349299,2.200000047683716,3,A,10,ATV,13,2,1,11,1.3540854454040527,1.3508633375167847,1.3627208471298218,1.3593097925186157
0.2,False,True,False,True,yDtzw_Y-7RU,0.7582743151835167,0.7782820458738229,0.020007730690306147,0.6000000238418579,3,V,11,A,14,1,2,13,0.5400148630142212,-0.2728530764579773,0.5226331949234009,-0.2855888605117798
0.2,False,False,False,False,yDtzw_Y-7RU,-0.11941953145243644,-0.12072450526693501,-0.0013049738144985668,0.6000000238418579,4,V,11,ATV,15,2,2,13,1.298069715499878,1.206532597541809,1.2978276014328003,1.2051767110824585
0.2,False,False,False,False,yDtzw_Y-7RU,-0.0681374745716834,-0.07354236318095175,-0.005404888609268355,0.20000000298023224,3,A,13,ATV,16,1,2,15,0.678766131401062,0.6013471484184265,0.6756614446640015,0.5907831192016602
0.2,False,False,False,False,yDtzw_Y-7RU,0.0375937470374339,0.02799114953756998,-0.009602597499863919,-2.0,2,A,15,AT,17,1,1,16,-1.5036027431488037,-1.467079758644104,-1.495261788368225,-1.468255877494812
0.2,False,False,False,False,yDtzw_Y-7RU,1.8326939763523749,1.80103029053849,-0.03166368581388479,-1.600000023841858,2,A,16,V,18,1,1,17,-1.1255426406860352,-0.16549530625343323,-1.1314318180084229,-0.17852668464183807
0.2,False,False,False,False,yDtzw_Y-7RU,-0.10476204235427033,-0.10833762776737288,-0.0035755854131025444,-0.6000000238418579,3,A,16,ATV,19,2,1,17,-0.9239466786384583,-0.5866062641143799,-0.9291996359825134,-0.594104528427124
0.2,False,False,False,False,yDtzw_Y-7RU,-0.0005851115843142907,-0.0003579337793517823,0.0002271778049625084,0.20000000298023224,3,A,17,ATV,20,1,2,19,1.0337814092636108,1.0334304571151733,1.0300045013427734,1.029788851737976
0.2,False,False,False,False,yDtzw_Y-7RU,0.1105671157095145,0.10816250851348741,-0.0024046071960270865,2.0,2,A,19,ATV,21,1,1,20,1.5295662879943848,1.4239140748977661,1.5326931476593018,1.4285647869110107
0.2,False,False,False,False,yDtzw_Y-7RU,0.07466155948100095,0.08312904123384612,0.008467481752845174,2.200000047683716,2,A,20,ATV,22,1,1,21,1.3771650791168213,1.3329827785491943,1.3758519887924194,1.326874017715454
0.2,False,False,False,False,yDtzw_Y-7RU,-0.005085211322864325,-0.0057994516818631325,-0.0007142403589988078,-0.800000011920929,2,A,21,AT,23,1,1,22,-0.7063610553741455,-0.739311933517456,-0.7056289315223694,-0.7442644834518433
0.2,False,False,False,False,nzpVDcQ0ywM,0.02902563539919356,0.022775692756027865,-0.006249942643165696,0.800000011920929,2,V,0,ATV,2,1,1,1,1.1044584512710571,1.1488847732543945,1.131240725517273,1.164000153541565
0.2,False,False,False,False,nzpVDcQ0ywM,-0.11208436285859591,-0.10231948090192589,0.009764881956670024,-1.600000023841858,2,A,1,ATV,3,1,1,2,-1.2590999603271484,-1.535746693611145,-1.2770990133285522,-1.5558912754058838
0.2,False,True,False,True,nzpVDcQ0ywM,0.32538207574859257,0.2246225988042383,-0.10075947694435428,-0.4000000059604645,2,A,2,AV,4,1,1,3,-0.993427574634552,0.4231271743774414,-1.0061477422714233,0.36943984031677246
0.2,False,False,False,False,nzpVDcQ0ywM,-0.38027172206308535,-0.3696835601895856,0.010588161873499757,-1.399999976158142,1,A,4,ATV,5,2,1,3,-2.0357658863067627,-1.5546821355819702,-2.025564193725586,-1.5471292734146118
0.2,False,False,False,False,nzpVDcQ0ywM,-0.12004269024323833,-0.12210018381460941,-0.002057493571371083,-1.0,2,A,4,V,6,1,1,5,-1.6320840120315552,-1.5286657810211182,-1.6293011903762817,-1.5233734846115112
0.2,False,False,False,False,nzpVDcQ0ywM,-0.9323817969075776,-0.9456486668645994,-0.013266869957021754,2.0,3,A,4,AV,7,2,1,5,-1.3783066272735596,-1.2373714447021484,-1.3759936094284058,-1.232906460762024
0.2,False,False,False,False,nzpVDcQ0ywM,0.029044013586329243,0.0295921888198194,0.0005481752334901557,-2.200000047683716,4,A,4,TV,8,3,1,5,-1.930023193359375,-1.8807328939437866,-1.92877995967865,-1.878826379776001
0.2,False,False,False,False,nzpVDcQ0ywM,-0.06396389311163375,-0.06266913351907988,0.0012947595925538735,-1.0,2,A,7,ATV,9,1,1,8,-1.7700159549713135,-1.7272968292236328,-1.770913004875183,-1.7291349172592163
0.2,False,False,False,False,nzpVDcQ0ywM,-0.022353038349152143,-0.02341895443971964,-0.001065916090567498,0.0,2,V,8,AT,10,1,1,9,-1.2408283948898315,-1.231788158416748,-1.2419782876968384,-1.2325141429901123
0.2,False,False,False,False,nzpVDcQ0ywM,0.0871416169716639,0.08638048896261807,-0.0007611280090458195,-1.399999976158142,2,A,9,ATV,11,1,1,10,-1.678999423980713,-1.8061801195144653,-1.6861157417297363,-1.8101739883422852
0.2,False,False,False,False,nzpVDcQ0ywM,0.06501379611337654,0.061784294500544235,-0.0032295016128323084,-1.0,2,A,10,AT,12,1,1,11,-0.6971869468688965,-0.6041344404220581,-0.6998858451843262,-0.610317051410675
0.2,False,False,False,False,nzpVDcQ0ywM,0.15362005402963064,0.14722568271712255,-0.006394371312508085,0.20000000298023224,2,A,11,T,13,1,1,12,-0.9494143724441528,-1.0144025087356567,-0.9596913456916809,-1.021519422531128
0.2,False,False,False,False,nzpVDcQ0ywM,-0.032856817172159936,-0.03422168959472671,-0.0013648724225667763,-0.6000000238418579,3,A,11,ATV,14,2,1,12,0.6921831369400024,0.6794062852859497,0.6879925727844238,0.6746384501457214
0.2,False,True,False,True,nzpVDcQ0ywM,1.9815124506698014,2.007413743018396,0.025901292348594396,1.399999976158142,3,A,12,AV,15,1,2,14,0.8601519465446472,-0.10763006657361984,0.8624891638755798,-0.11536519974470139
0.2,False,False,False,False,nzpVDcQ0ywM,0.184358342830663,0.18257194417435585,-0.0017863986563071421,1.600000023841858,1,A,15,AT,16,2,1,14,1.0264137983322144,0.8835089206695557,1.0142407417297363,0.8749580383300781
0.2,False,False,False,False,nzpVDcQ0ywM,-0.004027294561311123,-0.0038410128168067104,0.00018628174450441293,1.2000000476837158,2,A,15,ATV,17,1,1,16,1.273786187171936,1.2376444339752197,1.2713557481765747,1.2353641986846924
0.2,False,False,False,False,nzpVDcQ0ywM,-0.13813101592024424,-0.1633360268109465,-0.025205010890702262,-2.0,2,A,16,ATV,18,1,1,17,0.4528411328792572,0.4245202839374542,0.46075639128685,0.4273413419723511
0.2,False,False,False,False,nzpVDcQ0ywM,0.3546595928020473,0.33787791053496896,-0.016781682267078324,0.20000000298023224,2,A,17,A,19,1,1,18,0.2851332128047943,0.8015872836112976,0.27393895387649536,0.7859563827514648
0.2,False,False,False,False,nzpVDcQ0ywM,0.12850967173072547,0.12321238167601223,-0.005297290054713244,-1.399999976158142,3,A,17,ATV,20,2,1,18,-1.2933683395385742,-1.0259946584701538,-1.2983324527740479,-1.0345568656921387
0.2,False,False,False,False,nzpVDcQ0ywM,-0.04309606619067097,-0.045205068546636085,-0.002109002355965117,2.0,3,A,18,ATV,21,1,2,20,1.442868947982788,1.4829903841018677,1.4422502517700195,1.4843647480010986
0.2,False,False,False,False,nzpVDcQ0ywM,0.04638613710478978,0.04719190107032034,0.0008057639655305593,2.0,2,A,20,ATV,22,1,1,21,1.6743509769439697,1.6095727682113647,1.6734422445297241,1.607785940170288
0.2,False,False,False,False,nzpVDcQ0ywM,0.009769710378577656,0.01078498317804133,0.0010152727994636734,1.600000023841858,2,A,21,ATV,23,1,1,22,1.4516626596450806,1.4217482805252075,1.45212721824646,1.4193031787872314
0.2,False,False,False,False,jUzDDGyPkXU,-0.5082423725498302,-0.47844657987791095,0.02979579267191923,-1.600000023841858,1,A,2,ATV,3,2,1,1,1.2434178590774536,1.1525956392288208,1.252709984779358,1.167581558227539
0.2,False,False,False,False,jUzDDGyPkXU,0.034338709979405024,0.032726007944607005,-0.0016127020347980192,-1.2000000476837158,2,A,2,ATV,4,1,1,3,-0.8356721997261047,-0.7912538051605225,-0.8210771083831787,-0.7801088690757751
0.2,False,False,False,False,jUzDDGyPkXU,0.09722551803622537,0.09736287631118046,0.00013735827495509056,-1.600000023841858,2,A,3,ATV,5,1,1,4,-1.454237699508667,-1.2558021545410156,-1.4572839736938477,-1.2568808794021606
0.2,False,False,False,False,jUzDDGyPkXU,-0.8289268730340069,-0.8293042870997738,-0.00037741406576685677,-0.6000000238418579,2,A,4,ATV,6,1,1,5,-1.836050033569336,-1.4359980821609497,-1.8406659364700317,-1.4425839185714722
0.2,False,False,False,False,jUzDDGyPkXU,-0.03532928576355232,-0.03894810456860398,-0.00361881880505166,1.7999999523162842,2,A,5,ATV,7,1,1,6,1.3112602233886719,1.3488489389419556,1.3127602338790894,1.3545176982879639
0.2,False,False,False,False,jUzDDGyPkXU,0.32861192176460463,0.3348180073059126,0.006206085541307971,2.799999952316284,2,A,6,ATV,8,1,1,7,1.5962275266647339,1.4667032957077026,1.5959603786468506,1.4641371965408325
0.2,False,False,False,False,jUzDDGyPkXU,0.08626821945370011,0.09284631558784895,0.006578096134148836,2.4000000953674316,2,A,7,ATV,9,1,1,8,1.4654244184494019,1.420357346534729,1.4662423133850098,1.417783260345459
0.2,False,False,False,False,jUzDDGyPkXU,-0.033032563341066634,-0.029898942526529027,0.0031336208145376077,2.4000000953674316,2,A,8,ATV,10,1,1,9,1.3028254508972168,1.317983627319336,1.301193118095398,1.3148835897445679
0.2,False,False,False,False,jUzDDGyPkXU,0.054525924821518856,0.056714091135230404,0.002188166313711548,0.5,2,A,9,AV,11,1,1,10,0.8898497819900513,0.9544323682785034,0.8896421790122986,0.9566564559936523
0.2,False,False,False,False,jUzDDGyPkXU,-0.005766805698261379,-0.006720187185820237,-0.0009533814875588575,-0.6000000238418579,1,A,11,ATV,12,2,1,10,-0.6934199929237366,-0.6544103622436523,-0.7114441394805908,-0.6754957437515259
0.2,False,False,False,False,jUzDDGyPkXU,-0.029963071703775768,-0.03174124002618939,-0.0017781683224136202,0.800000011920929,2,A,11,AT,13,1,1,12,0.6250603795051575,0.7746859192848206,0.6194557547569275,0.7707598209381104
0.2,False,False,False,False,jUzDDGyPkXU,0.8519262621117853,0.8253656221150862,-0.02656063999669911,1.3333333730697632,2,A,12,ATV,14,1,1,13,-0.4279317259788513,-0.6551285982131958,-0.4332389831542969,-0.6531568765640259
0.2,False,False,False,False,jUzDDGyPkXU,-0.041704406023200136,-0.038921942436161316,0.0027824635870388192,1.2000000476837158,2,A,13,TV,15,1,1,14,0.8738153576850891,0.9456537365913391,0.8781396746635437,0.9456928372383118
0.2,False,False,False,False,jUzDDGyPkXU,-0.30823004720781455,-0.30206893711270766,0.006161110095106892,-2.799999952316284,2,A,14,TV,16,1,1,15,-1.6994025707244873,-1.8496923446655273,-1.7192261219024658,-1.869407057762146
0.2,False,False,False,False,jUzDDGyPkXU,0.708788617373898,0.6977987452405614,-0.010989872133336576,-2.4000000953674316,2,V,15,ATV,17,1,1,16,-1.634461760520935,-1.262090802192688,-1.6293097734451294,-1.263442873954773
0.2,False,False,False,False,jUzDDGyPkXU,-0.4188789745646204,-0.4319845265680442,-0.013105552003423782,2.200000047683716,2,V,16,ATV,18,1,1,17,-1.7666590213775635,-1.7135028839111328,-1.7713500261306763,-1.7165848016738892
0.2,False,False,False,False,jUzDDGyPkXU,0.0626099179294215,0.06402336755961358,0.0014134496301920763,-2.200000047683716,2,A,17,AT,19,1,1,18,-1.871341586112976,-1.7869306802749634,-1.8697413206100464,-1.78395414352417
0.2,False,False,False,False,jUzDDGyPkXU,-0.21191921809668202,-0.20656545153082106,0.005353766565860951,-1.0,2,A,18,ATV,20,1,1,19,0.7987831234931946,0.738879382610321,0.7961886525154114,0.7377365231513977
0.2,False,False,False,False,jUzDDGyPkXU,-0.9015442804292206,-0.8865378167656246,0.015006463663596037,-2.4000000953674316,2,A,19,ATV,21,1,1,20,-1.2532020807266235,-1.756881594657898,-1.2612978219985962,-1.7596056461334229
0.2,False,False,False,False,jUzDDGyPkXU,0.020608952238717393,0.02011357372691691,-0.0004953785118004816,1.2000000476837158,2,A,20,ATV,22,1,1,21,1.2539947032928467,1.3533766269683838,1.2598706483840942,1.353941798210144
0.2,False,False,False,False,jUzDDGyPkXU,0.6266160833570211,0.6133249612944951,-0.013291122062526028,-1.0,2,A,21,TV,23,1,1,22,-1.3704966306686401,-1.8740044832229614,-1.3633089065551758,-1.8633182048797607
0.2,False,True,False,True,jUzDDGyPkXU,4.622474604777437,4.580362197051244,-0.042112407726193624,-2.0,2,A,22,V,24,1,1,23,-0.6915522217750549,0.5168452858924866,-0.6858541369438171,0.5114421248435974
0.2,False,False,False,False,jUzDDGyPkXU,0.8793511106939356,0.8775425021757748,-0.0018086085181607814,-2.0,3,A,22,ATV,25,2,1,23,-1.2922947406768799,-0.825181782245636,-1.2784733772277832,-0.8175689578056335
0.2,False,False,False,False,jUzDDGyPkXU,0.06783684172016535,0.06818491763169732,0.00034807591153196427,-2.0,3,V,23,ATV,26,1,2,25,-1.919244408607483,-1.7273128032684326,-1.9161912202835083,-1.7257577180862427
0.2,False,False,False,False,rnaNMUZpvvg,-0.0718855396926017,-0.07657387406558769,-0.004688334372985992,-0.800000011920929,1,A,1,ATV,2,2,1,0,-1.0737696886062622,-0.8553560972213745,-1.08806574344635,-0.8800499439239502
0.2,False,False,False,False,rnaNMUZpvvg,-0.0872166425674692,-0.08385532229091552,0.00336132027655367,-2.4000000953674316,2,A,1,TV,3,1,1,2,-1.960689902305603,-2.0747666358947754,-1.9732338190078735,-2.086513042449951
0.2,False,False,False,False,rnaNMUZpvvg,1.1529495858901733,1.049177839979663,-0.1037717459105103,-2.799999952316284,2,A,2,AV,4,1,1,3,-1.2497512102127075,-0.9142054915428162,-1.2625435590744019,-0.952582836151123
0.2,False,False,False,False,rnaNMUZpvvg,1.5072592383297554,1.6250395361723768,0.11778029784262145,-2.5999999046325684,1,A,4,AV,5,2,1,3,-0.7495979070663452,-0.37935882806777954,-0.7220016121864319,-0.3302164077758789
0.2,False,False,False,False,rnaNMUZpvvg,-0.3756111775249593,-0.3917188858870162,-0.016107708362056883,-0.4000000059604645,2,A,4,ATV,6,3,1,3,-1.8347208499908447,-1.697232723236084,-1.822752833366394,-1.677695870399475
0.2,False,False,False,False,rnaNMUZpvvg,0.013599391037473652,0.012528782588674403,-0.0010706084487992484,-1.600000023841858,2,A,5,ATV,7,1,1,6,-2.0651676654815674,-2.0795626640319824,-2.0757343769073486,-2.0887248516082764
0.2,False,False,False,False,rnaNMUZpvvg,-0.023530228345293835,-0.019560281319172645,0.00396994702612119,-1.399999976158142,2,A,6,ATV,8,1,1,7,-2.014368772506714,-1.994910717010498,-2.0121169090270996,-1.9959251880645752
0.2,False,False,False,False,rnaNMUZpvvg,0.045856310570584924,0.043718975324225084,-0.0021373352463598394,-2.5999999046325684,2,A,7,AT,9,1,1,8,-1.7305450439453125,-1.7045625448226929,-1.7299044132232666,-1.7051339149475098
0.2,False,False,False,False,rnaNMUZpvvg,-0.0425117984906791,-0.042781629412615985,-0.0002698309219368866,-2.5999999046325684,2,A,8,ATV,10,1,1,9,-1.9001891613006592,-1.931252360343933,-1.9019798040390015,-1.9333287477493286
0.2,False,False,False,False,rnaNMUZpvvg,-0.019523752477880407,-0.016366253002217945,0.003157499475662462,-1.0,2,A,9,ATV,11,1,1,10,-1.9377779960632324,-1.9273099899291992,-1.9394667148590088,-1.930715560913086
0.2,False,False,False,False,rnaNMUZpvvg,-0.032544881257763336,-0.03963903247423772,-0.007094151216474387,-2.0,2,A,10,AV,12,1,1,11,-0.637865424156189,-0.6498645544052124,-0.6459255218505859,-0.6606424450874329
0.2,False,False,False,False,rnaNMUZpvvg,-0.0029887407017241685,-0.004539919472719589,-0.0015511787709954206,-2.5999999046325684,1,A,12,ATV,13,2,1,11,-1.868756651878357,-1.8708031177520752,-1.8875434398651123,-1.890736699104309
0.2,False,False,False,False,rnaNMUZpvvg,0.09125944555256993,0.09163585953650966,0.00037641398393972736,-1.600000023841858,2,A,12,A,14,1,1,13,-1.029448390007019,-0.9544083476066589,-1.031464695930481,-0.955897331237793
0.2,False,False,False,False,rnaNMUZpvvg,-0.006433463024563935,-0.006678088626941303,-0.0002446256023773685,-1.7999999523162842,3,A,12,ATV,15,2,1,13,-1.8883112668991089,-1.8369516134262085,-1.8905175924301147,-1.8389275074005127
0.2,False,False,False,False,rnaNMUZpvvg,-0.021772601474950193,-0.022370933454979536,-0.000598331980029343,-1.600000023841858,3,A,13,AV,16,1,2,15,-1.352996826171875,-1.4019142389297485,-1.3530442714691162,-1.4034899473190308
0.2,False,False,False,False,rnaNMUZpvvg,-0.01165918933111243,-0.011251844191221494,0.00040734513989093557,-2.200000047683716,1,A,16,TV,17,2,1,15,-1.9545315504074097,-1.9795559644699097,-1.9582390785217285,-1.9827524423599243
0.2,False,False,False,False,rnaNMUZpvvg,0.03214605487598021,0.0294048525489643,-0.0027412023270159125,-1.399999976158142,2,A,16,AV,18,1,1,17,-1.1395939588546753,-1.0838396549224854,-1.1466538906097412,-1.0940766334533691
0.2,False,False,False,False,rnaNMUZpvvg,0.039469764581070876,0.04444906520981817,0.004979300628747296,0.800000011920929,1,A,18,ATV,19,2,1,17,1.022004246711731,1.0979188680648804,1.0531225204467773,1.1294238567352295
0.2,False,False,False,False,rnaNMUZpvvg,-0.6812861157122967,-0.7024948151878903,-0.021208699475593562,-2.5999999046325684,2,A,18,ATV,20,1,1,19,-1.4726146459579468,-1.8320732116699219,-1.4589695930480957,-1.8257548809051514
0.2,False,False,False,False,rnaNMUZpvvg,0.06069005018211726,0.05577553839844995,-0.004914511783667308,-2.200000047683716,2,A,19,AT,21,1,1,20,-1.973370909690857,-1.865260124206543,-1.9706737995147705,-1.8708100318908691
0.2,False,False,False,False,yvsjCA6Y5Fc,-0.19533921366969587,-0.19802869603854667,-0.002689482368850804,-0.20000000298023224,1,A,2,ATV,3,3,2,0,-0.7198205590248108,-0.47363150119781494,-0.7084792852401733,-0.4460131824016571
0.2,False,False,False,False,yvsjCA6Y5Fc,-0.21451115750937078,-0.21810747000305497,-0.003596312493684195,0.4000000059604645,2,A,2,ATV,4,1,1,3,-0.7130939364433289,-0.6121595501899719,-0.7091046571731567,-0.6059849262237549
0.2,False,False,False,False,yvsjCA6Y5Fc,0.7737187669020358,0.74909786883957,-0.024620898062465812,0.0,2,A,3,ATV,5,1,1,4,-1.7040244340896606,-1.9176595211029053,-1.7055790424346924,-1.912615418434143
0.2,False,False,False,False,yvsjCA6Y5Fc,0.627954039273984,0.5138368060365792,-0.11411723323740475,-1.7999999523162842,2,A,4,AV,6,1,1,5,-0.34240078926086426,-0.14091907441616058,-0.3477476239204407,-0.18047112226486206
0.2,False,False,False,False,yvsjCA6Y5Fc,-0.22308309420186134,-0.2007289308707101,0.022354163331151256,0.4000000059604645,1,A,6,TV,7,2,1,5,-1.565572738647461,-1.5079814195632935,-1.5825282335281372,-1.5312403440475464
0.2,False,False,False,False,yvsjCA6Y5Fc,0.01266738869840367,0.009679771621051714,-0.002987617077351956,-1.399999976158142,2,A,6,ATV,8,1,1,7,-1.4308511018753052,-1.2832987308502197,-1.440411925315857,-1.2936378717422485
0.2,False,False,False,False,yvsjCA6Y5Fc,0.11890695599454659,0.1199603044717037,0.0010533484771571011,-2.0,2,V,7,ATV,9,1,1,8,-1.5801365375518799,-1.4566839933395386,-1.5765268802642822,-1.4529261589050293
0.2,False,False,False,False,yvsjCA6Y5Fc,-0.10869488075176381,-0.11652484289740972,-0.007829962145645908,2.0,2,A,8,AT,10,1,1,9,0.2665799558162689,0.2982214689254761,0.2643342912197113,0.2982330918312073
0.2,False,False,False,False,yvsjCA6Y5Fc,0.2768975463691987,0.27724947898987296,0.0003519326206742335,-0.6000000238418579,2,A,9,TV,11,1,1,10,-1.3798502683639526,-1.540778398513794,-1.3770402669906616,-1.5386378765106201
0.2,False,False,False,False,yvsjCA6Y5Fc,0.4760806813427081,0.431655617082356,-0.04442506426035209,-2.0,2,A,10,V,12,1,1,11,-1.0522258281707764,-0.8276704549789429,-1.0759690999984741,-0.8662060499191284
0.2,False,False,False,False,yvsjCA6Y5Fc,0.12175924217278578,0.10597582503814351,-0.015783417134642264,-1.0,3,A,10,AV,13,2,1,11,-0.879844069480896,-0.6309516429901123,-0.8985207676887512,-0.6590104699134827
0.2,False,False,False,False,yvsjCA6Y5Fc,0.09943091950752603,0.09563033591548731,-0.00380058359203872,-2.0,4,A,10,ATV,14,3,1,11,-1.5918351411819458,-1.4842195510864258,-1.5995032787322998,-1.49400794506073
0.2,False,False,False,False,yvsjCA6Y5Fc,0.02798381159071539,0.02584542393412903,-0.00213838765658636,-1.7999999523162842,2,A,13,AV,15,1,1,14,-1.2551764249801636,-1.2300732135772705,-1.2571123838424683,-1.2338088750839233
0.2,False,False,False,False,yvsjCA6Y5Fc,-0.0031328757522715023,-0.0012029478477018074,0.0019299279045696949,-0.6000000238418579,1,A,15,V,16,2,1,14,-0.7818318605422974,-0.7730027437210083,-0.7455856204032898,-0.7413938641548157
0.2,False,False,False,False,yvsjCA6Y5Fc,0.003369938817456841,0.00344334867810403,7.340986064718891e-05,-2.200000047683716,2,A,15,ATV,17,3,1,14,-1.9990520477294922,-1.9908349514007568,-1.9794847965240479,-1.9718108177185059
0.2,False,False,False,False,yvsjCA6Y5Fc,0.0010420227862226739,0.001717384277412748,0.000675361491190074,-1.600000023841858,3,A,15,TV,18,1,2,17,-1.6020557880401611,-1.5676542520523071,-1.5921027660369873,-1.5578129291534424
0.2,False,False,False,False,yvsjCA6Y5Fc,-0.06280714617430849,-0.05860876672383242,0.004198379450476075,0.800000011920929,2,A,17,TV,19,1,1,18,0.42423298954963684,0.5200112462043762,0.4417274594306946,0.535896897315979
0.2,False,False,False,False,yvsjCA6Y5Fc,-0.1310662933003215,-0.13588655682337958,-0.004820263523058088,-1.7999999523162842,2,V,18,ATV,20,1,1,19,-1.4274004697799683,-1.8881139755249023,-1.4215095043182373,-1.8858397006988525
0.2,False,False,False,False,yvsjCA6Y5Fc,1.316670315745796,1.2576860413441588,-0.058984274401637116,-1.600000023841858,2,V,19,A,21,1,1,20,-0.6205099821090698,-0.09133470058441162,-0.615088939666748,-0.10743984580039978
0.2,False,False,False,False,yvsjCA6Y5Fc,1.084676002550276,1.0035582004164623,-0.0811178021338137,-1.2000000476837158,3,V,19,AV,22,2,1,20,-0.776249885559082,-0.07561568170785904,-0.7822242975234985,-0.1145993024110794
0.2,False,False,False,False,pLTX3ipuDJI,0.4418689002226195,0.44399547430299435,0.0021265740803748656,-1.2000000476837158,2,A,0,ATV,2,1,1,1,-0.8265002965927124,-0.4375231862068176,-0.8300032019615173,-0.43783658742904663
0.2,False,False,False,False,pLTX3ipuDJI,0.2409310634112245,0.2594121719055842,0.018481108494359688,-2.200000047683716,2,A,1,T,3,1,1,2,-0.7544255256652832,-0.6733642816543579,-0.7407796382904053,-0.6544463038444519
0.2,False,False,False,False,pLTX3ipuDJI,0.2035634738863905,0.224311605654397,0.020748131768006495,-2.0,3,A,1,AV,4,2,1,2,-0.5177196860313416,-0.4505748152732849,-0.50816410779953,-0.43478885293006897
0.2,False,False,False,False,pLTX3ipuDJI,0.01945740037832877,0.021963541603369663,0.002506141225040892,-1.399999976158142,4,A,1,ATV,5,3,1,2,-1.1483081579208374,-1.1122393608093262,-1.1432232856750488,-1.1035243272781372
0.2,False,False,False,False,pLTX3ipuDJI,-0.2913527881414666,-0.2966988720068464,-0.005346083865379825,0.800000011920929,2,A,4,AV,6,1,1,5,-0.5904513001441956,-0.4814062714576721,-0.5872752666473389,-0.47586590051651
0.2,False,False,False,False,pLTX3ipuDJI,0.06796261264106818,0.0746198252937802,0.006657212652712019,-2.0,1,A,6,ATV,7,2,1,5,-1.3488259315490723,-1.2985798120498657,-1.3408552408218384,-1.2864934206008911
0.2,False,False,False,False,pLTX3ipuDJI,-0.040823466292181365,-0.04037409315500895,0.0004493731371724152,0.0,2,A,6,ATV,8,1,1,7,-0.7917750477790833,-0.7655614018440247,-0.7879918217658997,-0.7619429230690002
0.2,False,False,False,False,pLTX3ipuDJI,-0.025279388960584015,-0.02517698313930339,0.0001024058212806267,-1.600000023841858,2,A,7,ATV,9,1,1,8,-1.3761183023452759,-1.4423813819885254,-1.373557686805725,-1.4384477138519287
0.2,False,False,False,False,pLTX3ipuDJI,0.0017718839883542614,0.0019177041871323297,0.0001458201987780683,0.6000000238418579,2,A,8,ATV,10,1,1,9,0.5471850633621216,0.5324625968933105,0.5500885844230652,0.5336008071899414
0.2,False,False,False,False,pLTX3ipuDJI,-0.9663096013380548,-0.9777034325898004,-0.011393831251745645,-2.0,2,A,9,ATV,11,1,1,10,-0.21158811450004578,-0.5059760808944702,-0.20580942928791046,-0.5028639435768127
0.2,False,False,False,False,pLTX3ipuDJI,0.279648450279808,0.26955825434721703,-0.010090195932590973,-1.399999976158142,2,A,10,AT,12,1,1,11,-0.42236530780792236,-0.2885063886642456,-0.41792604327201843,-0.28913208842277527
0.2,False,False,False,False,pLTX3ipuDJI,0.5793246726938701,0.643879288426549,0.06455461573267884,-2.0,2,A,11,AV,13,1,1,12,-0.18818490207195282,-0.03480315953493118,-0.18553437292575836,-0.01602298393845558
0.2,False,False,False,False,pLTX3ipuDJI,0.047839587026263786,0.04884903617056935,0.001009449144305563,-1.399999976158142,1,A,13,TV,14,2,1,12,-1.0597645044326782,-0.9955253005027771,-1.060555100440979,-0.9949421286582947
0.2,False,False,False,False,pLTX3ipuDJI,0.04349059861986859,0.042352391254851796,-0.0011382073650167968,-1.600000023841858,2,A,13,TV,15,1,1,14,-1.393817663192749,-1.3067394495010376,-1.3984616994857788,-1.3119547367095947
0.2,False,False,False,False,cW1FSBF59ik,0.14005471375173784,0.13686423523215296,-0.0031904785195848717,-1.0,2,A,0,AT,2,1,1,1,-1.0271590948104858,-1.3752230405807495,-1.0220321416854858,-1.3706071376800537
0.2,False,False,False,False,cW1FSBF59ik,-0.13135690748699247,-0.11316839979497217,0.018188507692020295,1.600000023841858,2,A,1,TV,3,1,1,2,0.9956100583076477,1.1163365840911865,1.0146427154541016,1.120964765548706
0.2,False,False,False,False,cW1FSBF59ik,0.04254189204903014,0.045471436314358016,0.002929544265327877,2.0,2,A,2,ATV,4,1,1,3,1.4288256168365479,1.3927257061004639,1.4290375709533691,1.390516996383667
0.2,False,False,False,False,cW1FSBF59ik,-0.05413543697115131,-0.0541421203797654,-6.683408614094333e-06,1.2000000476837158,2,V,3,ATV,5,1,1,4,1.5876132249832153,1.5100138187408447,1.5919502973556519,1.5154091119766235
0.2,False,False,False,False,cW1FSBF59ik,-0.03030359064066701,-0.050046906674296565,-0.019743316033629554,0.5,2,A,4,A,6,1,1,5,0.9282033443450928,0.891221821308136,0.9176239967346191,0.8526512384414673
0.2,False,False,False,False,cW1FSBF59ik,0.0032742104386898063,0.009408537158705599,0.0061343267200157925,1.7999999523162842,3,A,4,TV,7,2,1,5,1.3175193071365356,1.3141380548477173,1.3117202520370483,1.3021790981292725
0.2,False,False,False,False,cW1FSBF59ik,-0.228941301474606,-0.21688733264803606,0.01205396882656995,-2.4000000953674316,3,A,5,ATV,8,1,2,7,-0.35029059648513794,-0.4069201350212097,-0.36209455132484436,-0.41602134704589844
0.2,False,False,False,False,cW1FSBF59ik,0.6455148252393172,0.6471819019755003,0.0016670767361830485,-1.0,2,V,7,TV,9,1,1,8,1.2711597681045532,1.4090831279754639,1.272064208984375,1.4102816581726074
0.2,True,False,True,False,cW1FSBF59ik,-2.1691765856626786,-2.1948341196763863,-0.02565753401370774,-1.0,2,A,8,AV,10,1,1,9,0.5859751105308533,-0.4116629660129547,0.6050333976745605,-0.3825066089630127
0.2,False,True,False,True,cW1FSBF59ik,1.3999025929583109,1.3641305446515863,-0.035772048306724535,2.200000047683716,1,A,10,ATV,11,2,1,9,0.06159421056509018,-0.24390709400177002,0.12259107083082199,-0.1832243651151657
0.2,False,False,False,False,cW1FSBF59ik,-0.3090998361077588,-0.2903312729942229,0.01876856311353592,2.0,2,A,10,ATV,12,1,1,11,0.7497752904891968,0.8801955580711365,0.7692144513130188,0.8934279084205627
0.2,False,False,False,False,cW1FSBF59ik,-1.6706577530199347,-1.6557709617998708,0.014886791220063866,-1.2000000476837158,2,A,11,AV,13,1,1,12,0.5664964318275452,0.004097979515790939,0.5690856575965881,0.014040013775229454
0.2,False,False,False,False,cW1FSBF59ik,-0.6411002549882738,-0.6353859234258152,0.005714331562458597,-2.5999999046325684,1,A,13,ATV,14,2,1,12,-1.1572049856185913,-1.3997678756713867,-1.1598988771438599,-1.4006229639053345
0.2,False,False,False,False,cW1FSBF59ik,-0.5031501119390214,-0.5097609228046629,-0.006610810865641525,3.0,2,A,13,AT,15,1,1,14,0.9594497680664062,1.0867056846618652,0.9583162665367126,1.0872241258621216
0.2,False,False,False,False,cW1FSBF59ik,0.20043112966550325,0.20414544997044004,0.0037143203049367912,2.4000000953674316,2,A,14,AT,16,1,1,15,1.3012816905975342,1.213571310043335,1.2967019081115723,1.2077701091766357
0.2,False,False,False,False,cW1FSBF59ik,0.10945052604529337,0.1091012868948269,-0.0003492391504664738,2.5999999046325684,2,A,15,ATV,17,1,1,16,1.672356367111206,1.6151278018951416,1.6747486591339111,1.617558479309082
0.2,False,False,False,False,cW1FSBF59ik,-0.05684695748401225,-0.059766807819237044,-0.002919850335224794,0.20000000298023224,2,A,16,ATV,18,1,1,17,0.7985175848007202,0.748977541923523,0.7882413268089294,0.7350336909294128
0.2,False,False,False,False,cW1FSBF59ik,-0.03170846929970139,-0.02836578991399108,0.003342679385710312,2.5,2,A,17,ATV,19,1,1,18,1.3230311870574951,1.3365795612335205,1.3205084800720215,1.3325949907302856
0.2,False,False,False,False,cW1FSBF59ik,0.15919311277968973,0.15844924477772793,-0.0007438680019618005,1.600000023841858,2,A,18,AV,20,1,1,19,1.0409159660339355,0.9131462574005127,1.0391448736190796,0.912244439125061
0.2,False,False,False,False,cW1FSBF59ik,-0.10254027607831162,-0.11253546560573469,-0.009995189527423065,-1.0,1,A,20,ATV,21,2,1,19,0.9702234268188477,0.94402676820755,0.9599509835243225,0.9310288429260254
0.2,False,False,False,False,cW1FSBF59ik,-0.017152489340787724,-0.01775080373045057,-0.0005983143896628462,1.399999976158142,2,A,20,ATV,22,1,1,21,1.2340688705444336,1.298114538192749,1.2306650876998901,1.2954844236373901
0.2,False,False,False,False,cW1FSBF59ik,-0.03170965170680162,-0.03078119127842971,0.0009284604283719133,0.0,2,A,21,AT,23,1,1,22,0.491536021232605,0.45814627408981323,0.48936358094215393,0.45683205127716064
0.2,False,False,False,False,tmZoasNr4rU,-0.27637253416423846,-0.2663969915378459,0.009975542626392553,-0.800000011920929,3,A,0,ATV,3,1,2,2,-1.5548317432403564,-1.3416626453399658,-1.5474765300750732,-1.340670108795166
0.2,False,False,False,False,tmZoasNr4rU,-0.1625919828112501,-0.1661177994172931,-0.0035258166060430085,-0.800000011920929,2,A,2,ATV,4,1,1,3,-1.6272090673446655,-1.5222761631011963,-1.6316936016082764,-1.5249803066253662
0.2,False,False,False,False,tmZoasNr4rU,0.051439574106879604,0.04912329628551504,-0.002316277821364565,-1.7999999523162842,2,A,3,TV,5,1,1,4,-1.3893846273422241,-1.3309109210968018,-1.3845800161361694,-1.3291528224945068
0.2,False,False,False,False,tmZoasNr4rU,-0.037853012469213354,-0.03741783823397782,0.0004351742352355359,-1.0,2,A,4,ATV,6,1,1,5,-1.7755131721496582,-1.750711441040039,-1.7730128765106201,-1.7484190464019775
0.2,False,False,False,False,tmZoasNr4rU,0.02240464850405033,0.019131583537031815,-0.003273064967018513,-2.0,2,V,5,V,7,1,1,6,-1.2201755046844482,-1.2059402465820312,-1.2185755968093872,-1.2064285278320312
0.2,False,False,False,False,tmZoasNr4rU,-0.019465673146896734,-0.018260258715940836,0.0012054144309558978,-0.6000000238418579,3,V,5,AT,8,2,1,6,-2.059208393096924,-2.052523136138916,-2.05096173286438,-2.0446555614471436
0.2,False,False,False,False,tmZoasNr4rU,-0.01263046255956013,-0.01449742236391316,-0.00186695980435303,-1.7999999523162842,3,A,6,TV,9,1,2,8,-0.9712641835212708,-0.9789198637008667,-0.9715468883514404,-0.9803432822227478
0.2,False,False,False,False,tmZoasNr4rU,-0.17241433871714662,-0.20284427338299893,-0.03042993466585231,-0.6000000238418579,2,A,8,V,10,1,1,9,-0.133863627910614,-0.8118225932121277,-0.1075722724199295,-0.7991000413894653
0.2,False,False,False,False,tmZoasNr4rU,-0.0923055927708134,-0.10847255216505403,-0.01616695939424062,-2.200000047683716,3,A,8,T,11,2,1,9,-1.8708668947219849,-2.073417901992798,-1.8410876989364624,-2.0573623180389404
0.2,False,False,False,False,tmZoasNr4rU,0.10311453779124236,0.10362294071674683,0.0005084029255044697,-0.800000011920929,4,A,8,A,12,3,1,9,-1.2241454124450684,-1.3319904804229736,-1.2196873426437378,-1.3289238214492798
0.2,False,False,False,False,tmZoasNr4rU,-0.020635149987754176,-0.02138849148650479,-0.0007533414987506148,-2.0,5,A,8,TV,13,4,1,9,-1.8141288757324219,-1.8820469379425049,-1.8103044033050537,-1.8791863918304443
0.2,False,False,False,False,tmZoasNr4rU,-0.17269147992237777,-0.1686177217850826,0.004073758137295158,0.25,5,V,9,T,14,1,4,13,-1.42344069480896,-1.3710219860076904,-1.4233214855194092,-1.3721550703048706
0.2,False,False,False,False,tmZoasNr4rU,-0.02850431599466674,-0.02770522668720332,0.0007990893074634187,-1.399999976158142,6,V,9,ATV,15,2,4,13,-1.98526132106781,-1.9603806734085083,-1.9852746725082397,-1.9611071348190308
0.2,False,False,False,False,tmZoasNr4rU,-0.037776070540260775,-0.037645054565018654,0.00013101597524212139,-1.399999976158142,3,V,13,TV,16,1,2,15,-1.8398795127868652,-1.7946110963821411,-1.8380796909332275,-1.7927706241607666
0.2,False,False,False,False,tmZoasNr4rU,-0.05112837059719766,-0.0478392772256484,0.0032890933715492565,0.0,2,A,15,ATV,17,1,1,16,-1.980135440826416,-1.9671827554702759,-1.9847095012664795,-1.9726207256317139
0.2,False,False,False,False,tmZoasNr4rU,-0.100679753464048,-0.09663531900537237,0.004044434458675639,0.20000000298023224,2,V,16,TV,18,1,1,17,-1.0277105569839478,-0.9859989285469055,-1.013149619102478,-0.9726451635360718
0.2,False,False,False,False,tmZoasNr4rU,0.13762006735987597,0.14018363935110756,0.0025635719912315835,-1.0,2,A,17,ATV,19,1,1,18,-1.9135382175445557,-1.985987901687622,-1.909434199333191,-1.9834908246994019
0.2,False,False,False,False,d6hH302o4v8,-0.3268492884495444,-0.3207964280663371,0.0060528603832072925,0.20000000298023224,2,A,0,AT,2,1,1,1,-1.3947594165802002,-1.2887606620788574,-1.3670294284820557,-1.2610902786254883
0.2,False,False,False,False,d6hH302o4v8,-0.00784308470065298,-0.008927791784572037,-0.0010847070839190565,-1.600000023841858,2,A,1,TV,3,1,1,2,-1.7234898805618286,-1.686061978340149,-1.7360777854919434,-1.697925329208374
0.2,False,False,False,False,d6hH302o4v8,-0.24432767739076144,-0.24746072897556814,-0.003133051584806701,-1.3333333730697632,2,A,2,ATV,4,1,1,3,-0.4794332683086395,-0.6370448470115662,-0.47912973165512085,-0.6389248967170715
0.2,False,False,False,False,d6hH302o4v8,-0.18767962806639105,-0.18665413646643003,0.0010254915999610148,-2.0,2,V,3,TV,5,1,1,4,-1.5156023502349854,-1.7832940816879272,-1.5178941488265991,-1.7860562801361084
0.2,False,False,False,False,d6hH302o4v8,0.43284447885025656,0.398483671758072,-0.034360807092184587,-2.799999952316284,2,A,4,ATV,6,1,1,5,-1.7972941398620605,-1.6007237434387207,-1.8125845193862915,-1.6280473470687866
0.2,False,False,False,False,d6hH302o4v8,0.1325811251253981,0.13671860523118085,0.004137480105782743,-2.200000047683716,2,V,5,ATV,7,1,1,6,-1.793397068977356,-1.6541913747787476,-1.7878525257110596,-1.6462996006011963
0.2,False,False,False,False,d6hH302o4v8,0.1268806275430734,0.13081468126969753,0.003934053726624143,-2.4000000953674316,2,A,6,ATV,8,1,1,7,-1.0047136545181274,-0.9599636793136597,-0.9994108080863953,-0.9534645676612854
0.2,False,False,False,False,d6hH302o4v8,0.00022513887699915358,0.0006252944932469973,0.0004001556162478437,-1.2000000476837158,2,A,7,ATV,9,1,1,8,-1.1610757112503052,-1.2417162656784058,-1.163645625114441,-1.244124174118042
0.2,False,False,False,False,d6hH302o4v8,0.017014514310957907,0.020992840737179108,0.0039783264262212015,-1.0,2,A,8,TV,10,1,1,9,-1.6263052225112915,-1.6397442817687988,-1.6346848011016846,-1.6510127782821655
0.2,False,False,False,False,d6hH302o4v8,-0.12739115513646837,-0.1306023073703777,-0.0032111522339093312,1.399999976158142,2,A,9,AT,11,1,1,10,0.8654360175132751,1.0020458698272705,0.8492045402526855,0.9843398928642273
0.2,False,False,False,False,d6hH302o4v8,-0.5169770150180852,-0.3933150436632644,0.12366197135482082,-2.0,2,V,10,ATV,12,1,1,11,-1.2711384296417236,-1.8805756568908691,-1.3687148094177246,-1.9278477430343628
0.2,False,False,False,False,d6hH302o4v8,0.10245677280909149,0.10401021987682668,0.001553447067735192,-1.7999999523162842,2,A,11,TV,13,1,1,12,-1.7914737462997437,-1.4797977209091187,-1.770473837852478,-1.4761450290679932
0.2,False,False,False,False,d6hH302o4v8,-0.0033616936170943745,-0.0013404636087415156,0.002021230008352859,-1.75,2,A,12,TV,14,1,1,13,-1.816926121711731,-1.7165722846984863,-1.8081071376800537,-1.7048782110214233
0.2,False,False,False,False,d6hH302o4v8,0.0041612768038845616,0.004025378894553455,-0.00013589790933110635,-2.0,2,V,13,ATV,15,1,1,14,-1.9284882545471191,-1.9036921262741089,-1.9273390769958496,-1.903537631034851
0.2,False,False,False,False,d6hH302o4v8,0.03235263321384707,0.03076036762786316,-0.0015922655859839097,-2.0,2,V,14,ATV,16,1,1,15,-1.4490443468093872,-1.4204270839691162,-1.4389092922210693,-1.4121367931365967
0.2,False,False,False,False,d6hH302o4v8,-0.0015301633407176496,-0.00018094964850945416,0.0013492136922081954,-2.0,2,A,15,ATV,17,1,1,16,-1.9569185972213745,-2.0180511474609375,-1.9704517126083374,-2.02630877494812
0.2,False,False,False,False,d6hH302o4v8,0.14072700370707025,0.12844446695316947,-0.012282536753900786,-2.799999952316284,2,A,16,ATV,18,1,1,17,-1.4600825309753418,-1.408559799194336,-1.4746423959732056,-1.427040696144104
0.2,False,False,False,False,d6hH302o4v8,-0.09575500498549694,-0.08749562716319836,0.008259377822298575,1.0,2,A,17,AT,19,1,1,18,0.0991598442196846,0.15397518873214722,0.11128793656826019,0.16195853054523468
0.2,False,False,False,False,d6hH302o4v8,-2.937480881016505,-2.906669978730063,0.030810902286441788,-2.4000000953674316,2,A,18,AV,20,1,1,19,-0.039984457194805145,-0.777596652507782,-0.045838721096515656,-0.7766067981719971
0.2,False,False,False,False,d6hH302o4v8,0.5046492931523971,0.46612308054471896,-0.03852621260767819,-1.0,1,A,20,ATV,21,2,1,19,-1.8246169090270996,-2.0884127616882324,-1.861121416091919,-2.0989327430725098
0.2,False,False,False,False,d6hH302o4v8,0.00903413138439646,0.007612294174577983,-0.0014218372098184773,-2.5999999046325684,2,A,20,ATV,22,1,1,21,-2.0727765560150146,-2.064277410507202,-2.083416223526001,-2.0761001110076904
0.2,False,False,False,False,d6hH302o4v8,0.10226933687376061,0.09396217489461378,-0.008307161979146827,-2.799999952316284,2,A,21,TV,23,1,1,22,-1.9972140789031982,-1.9358619451522827,-1.9908678531646729,-1.9347503185272217
0.2,False,False,False,False,d6hH302o4v8,0.052513798844856296,0.0528765070503141,0.0003627082054578068,-1.600000023841858,2,A,22,V,24,1,1,23,-1.5047845840454102,-1.3518472909927368,-1.5014506578445435,-1.3498231172561646
0.2,False,False,False,False,d6hH302o4v8,0.22038810534122888,0.220355468683195,-3.263665803387994e-05,-2.5999999046325684,3,A,22,ATV,25,2,1,23,-1.578967809677124,-1.476214051246643,-1.5745279788970947,-1.4721931219100952
0.2,False,False,False,False,d6hH302o4v8,0.2310904368963662,0.2516460138785277,0.020555576982161483,-2.5999999046325684,3,V,23,ATV,26,1,2,25,-1.1593999862670898,-1.0813101530075073,-1.1641474962234497,-1.079040288925171
0.2,False,False,False,False,d6hH302o4v8,-0.592898345356585,-0.5956086367628366,-0.0027102914062515637,-1.0,2,A,25,AV,27,1,1,26,-0.17370274662971497,-0.7002187371253967,-0.16674953699111938,-0.6858381032943726
0.2,False,False,False,False,d6hH302o4v8,-0.19025972468450902,-0.16410587700129042,0.0261538476832186,-1.7999999523162842,1,A,27,TV,28,2,1,26,-1.2664309740066528,-1.4926953315734863,-1.3044524192810059,-1.5145853757858276
0.2,False,False,False,False,d6hH302o4v8,0.22283435051377865,0.19540300887325657,-0.027431341640522078,-2.799999952316284,2,A,27,TV,29,1,1,28,-1.7806484699249268,-1.6766514778137207,-1.8057687282562256,-1.7119288444519043
0.2,False,False,False,False,d6hH302o4v8,-0.02307957491582613,-0.022031804706628577,0.0010477702091975516,-1.399999976158142,2,V,28,ATV,30,1,1,29,-1.7059078216552734,-1.6655184030532837,-1.6991422176361084,-1.6597195863723755
0.2,False,False,False,False,d6hH302o4v8,0.09662377698804281,0.09853451614802611,0.001910739159983299,-0.6000000238418579,2,V,29,AT,31,1,1,30,-0.12175685912370682,-0.029613925144076347,-0.11240029335021973,-0.02009657211601734
0.2,False,False,False,False,d6hH302o4v8,-0.7523418086961442,-0.7473717306439056,0.004970078052238591,-3.0,2,A,30,ATV,32,1,1,31,-1.6116981506347656,-1.9160072803497314,-1.6131765842437744,-1.9156073331832886
0.2,False,False,False,False,d6hH302o4v8,0.0969941279061004,0.08308068508533495,-0.013913442820765454,-3.0,2,A,31,TV,33,1,1,32,-1.259824275970459,-1.2321748733520508,-1.2840770483016968,-1.2600367069244385
0.2,False,False,False,False,d6hH302o4v8,0.04276641749868304,0.04214717283787195,-0.0006192446608110913,-1.600000023841858,2,A,32,TV,34,1,1,33,-1.7093687057495117,-1.833940029144287,-1.699446439743042,-1.828115701675415
0.2,False,False,False,False,d6hH302o4v8,0.17691139340452366,0.16651432855663018,-0.010397064847893489,-2.200000047683716,2,V,33,TV,35,1,1,34,-1.994614601135254,-1.7319246530532837,-2.009331703186035,-1.749590516090393
0.2,False,False,False,False,d6hH302o4v8,0.03907664609228334,0.03999613339061625,0.0009194872983329105,-2.200000047683716,2,V,34,ATV,36,1,1,35,-1.898329734802246,-1.8393317461013794,-1.8913567066192627,-1.8322272300720215
0.2,False,False,False,False,d6hH302o4v8,0.1251852344648796,0.13047401032902428,0.005288775864144668,-3.0,2,V,35,AV,37,1,1,36,-1.3123478889465332,-1.275658130645752,-1.3132960796356201,-1.2750524282455444
0.2,False,False,False,False,d6hH302o4v8,0.008893778487617965,0.009978789070999028,0.001085010583381063,-3.0,1,A,37,AT,38,2,1,36,-2.1912360191345215,-2.185756206512451,-2.1870930194854736,-2.180978298187256
0.2,False,False,False,False,d6hH302o4v8,-0.005338407511459309,-0.005090854611776052,0.00024755289968325656,-1.0,2,A,37,ATV,39,1,1,38,-0.6908583045005798,-0.6996166110038757,-0.6851160526275635,-0.6933062672615051
0.2,False,False,False,False,d6hH302o4v8,-0.16204784446478016,-0.16039882777567982,0.0016490166891003355,-2.4000000953674316,2,A,38,ATV,40,1,1,39,-1.703350305557251,-1.8314290046691895,-1.7059531211853027,-1.8331646919250488
0.2,False,False,False,False,d6hH302o4v8,0.09094278084556606,0.08186701632793358,-0.009075764517632479,-1.399999976158142,2,A,39,AV,41,1,1,40,-1.049929141998291,-0.9379476308822632,-1.061658263206482,-0.9568948745727539
0.2,False,False,False,False,d6hH302o4v8,0.1428732028576718,0.15524444955980243,0.012371246702130634,-2.5,1,A,41,ATV,42,2,1,40,-1.4093824625015259,-1.345738410949707,-1.3495814800262451,-1.2839789390563965
0.2,False,False,False,False,dq3Nf_lMPnE,-0.1613845249854211,-0.20844064256261507,-0.04705611757719397,-0.4000000059604645,3,A,0,A,3,1,2,2,-0.9044237732887268,-0.09494458138942719,-0.9087367653846741,-0.17556193470954895
0.2,False,False,False,False,dq3Nf_lMPnE,-0.7945635918232483,-0.7518339627850281,0.042729629038220196,1.2000000476837158,4,A,0,T,4,2,2,2,-1.89944326877594,-1.7684987783432007,-1.8956637382507324,-1.7717503309249878
0.2,False,False,False,False,dq3Nf_lMPnE,-0.25301187662992675,-0.23701974701884865,0.0159921296110781,0.800000011920929,5,A,0,ATV,5,3,2,2,-1.6383405923843384,-1.5858945846557617,-1.6362957954406738,-1.5871567726135254
0.2,False,False,False,False,dq3Nf_lMPnE,0.000284122002597087,0.0002748243714449927,-9.297631152094255e-06,-2.0,4,A,2,ATV,6,1,3,5,-1.9978399276733398,-2.016993761062622,-1.9989993572235107,-2.0166079998016357
0.2,False,False,False,False,dq3Nf_lMPnE,-0.011589524804956564,-0.013626929634291296,-0.0020374048293347324,0.6000000238418579,2,A,5,ATV,7,1,1,6,-0.014836492016911507,-0.005338242277503014,-0.02358313836157322,-0.012559385970234871
0.2,False,False,False,False,dq3Nf_lMPnE,0.3243776809023018,0.32704360941846744,0.00266592851616565,-0.800000011920929,2,A,6,ATV,8,1,1,7,-1.3579654693603516,-1.597309947013855,-1.349337100982666,-1.5929784774780273
0.2,False,False,False,False,dq3Nf_lMPnE,-2.3020592062464464,-2.129212814513121,0.1728463917333256,1.0,2,A,7,AV,9,1,1,8,-1.0418107509613037,-0.3663571774959564,-1.054551601409912,-0.44636422395706177
0.2,False,False,False,False,dq3Nf_lMPnE,-0.24832006581176458,-0.2430175174373339,0.005302548374430671,-0.6000000238418579,1,A,9,ATV,10,2,1,8,-1.2287023067474365,-0.9833360314369202,-1.2314825057983398,-0.9946550726890564
0.2,False,False,False,False,dq3Nf_lMPnE,0.033156139014366204,0.03495858045756961,0.0018024414432034064,-1.600000023841858,2,A,9,A,11,1,1,10,-1.2502983808517456,-1.2057318687438965,-1.2496014833450317,-1.2028379440307617
0.2,False,False,False,False,dq3Nf_lMPnE,-0.005296789679803737,-0.005360054818382309,-6.326513857857208e-05,-1.2000000476837158,3,A,9,TV,12,2,1,10,-1.2758444547653198,-1.2213444709777832,-1.2758413553237915,-1.2197952270507812
0.2,False,False,False,False,dq3Nf_lMPnE,0.14125074984017516,0.13699818794181606,-0.004252561898359097,-1.7999999523162842,3,A,10,AT,13,1,2,12,0.14580780267715454,0.18177162110805511,0.1440592110157013,0.17898064851760864
0.2,False,False,False,False,dq3Nf_lMPnE,0.380965534691879,0.38641055461109364,0.005445019919214644,1.0,2,V,12,AT,14,1,1,13,0.711216151714325,0.3185591399669647,0.7097455859184265,0.3139546811580658
0.2,True,False,True,False,k5Y_838nuGo,-0.9335344127498901,-0.9130462495970635,0.020488163152826644,0.800000011920929,1,A,1,AV,2,2,1,0,-0.2794627845287323,0.3186420202255249,-0.2549832761287689,0.3528496026992798
0.2,False,False,False,False,k5Y_838nuGo,-0.009543595050214293,-0.008152810024398605,0.0013907850258156884,1.0,2,A,1,ATV,3,3,1,0,0.8945817947387695,0.9603843092918396,0.9046489596366882,0.9693567156791687
0.2,False,False,False,False,k5Y_838nuGo,0.021647175335104407,0.01914630511883786,-0.0025008702162665486,-1.3333333730697632,2,A,2,TV,4,1,1,3,-1.3410693407058716,-1.4806663990020752,-1.331162452697754,-1.471720576286316
0.2,False,False,False,False,k5Y_838nuGo,-0.09184442650068547,-0.08689633553758824,0.004948090963097229,2.0,2,A,3,ATV,5,1,1,4,1.1781728267669678,1.2360919713974,1.1880828142166138,1.2434861660003662
0.2,False,False,False,False,k5Y_838nuGo,-0.17189760143024557,-0.23232555564936774,-0.06042795421912217,-2.4000000953674316,2,V,4,AT,6,1,1,5,-1.7948660850524902,-1.9592171907424927,-1.7059993743896484,-1.9006891250610352
0.2,False,True,False,True,k5Y_838nuGo,2.5578559159577834,2.4222788967277715,-0.13557701923001186,-1.399999976158142,2,A,5,V,7,1,1,6,-0.2833504378795624,0.5505799651145935,-0.3100873827934265,0.5000495910644531
0.2,False,False,False,False,k5Y_838nuGo,-0.025394355725211426,-0.026912322800868083,-0.0015179670756566566,1.7999999523162842,3,A,5,ATV,8,2,1,6,1.4869321584701538,1.5305243730545044,1.4800420999526978,1.525298833847046
0.2,False,False,False,False,k5Y_838nuGo,0.19077376336896634,0.19050957629279708,-0.0002641870761692644,2.0,3,A,6,ATV,9,1,2,8,1.3072924613952637,1.181087613105774,1.3082154989242554,1.1820297241210938
0.2,False,False,False,False,k5Y_838nuGo,-0.017887243194081748,-0.02476244203781164,-0.0068751988437298905,0.5,2,A,8,TV,10,1,1,9,1.1314929723739624,1.1171678304672241,1.1342724561691284,1.1144421100616455
0.2,False,False,False,False,k5Y_838nuGo,-0.050833379068405904,-0.05071315908797125,0.00012021998043465487,0.20000000298023224,2,A,9,ATV,11,1,1,10,0.9042401909828186,0.8671737909317017,0.9124379754066467,0.8759102821350098
0.2,False,False,False,False,k5Y_838nuGo,-0.12294523115487621,-0.07847746791276577,0.044467763242110436,0.6000000238418579,2,V,10,A,12,1,1,11,0.2479303479194641,0.6317462921142578,0.31265801191329956,0.6639372110366821
0.2,False,False,False,False,k5Y_838nuGo,1.4821385679544825,1.4278536317090094,-0.05428493624547315,-1.7999999523162842,3,V,10,V,13,2,1,11,0.5659012794494629,0.8607569336891174,0.5679351687431335,0.8523519039154053
0.2,False,False,False,False,k5Y_838nuGo,0.23965241887736966,0.23314441129889474,-0.006508007578474917,-0.800000011920929,4,V,10,ATV,14,3,1,11,1.3657339811325073,1.4203729629516602,1.3674428462982178,1.4205749034881592
0.2,False,False,False,False,k5Y_838nuGo,-0.009873024660439711,-0.00509393865121055,0.004779086009229161,0.25,4,A,11,AV,15,1,3,14,0.7026284337043762,0.6915874481201172,0.705897331237793,0.7002759575843811
0.2,False,False,False,False,k5Y_838nuGo,0.002354560031051278,0.0029464210324299245,0.0005918610013786463,0.800000011920929,1,A,15,AV,16,2,1,14,0.7008915543556213,0.6896503567695618,0.6887836456298828,0.6762441992759705
0.2,False,False,False,False,k5Y_838nuGo,0.0024858658609261397,0.0017889659263943258,-0.0006968999345318139,0.4000000059604645,2,A,15,ATV,17,3,1,14,1.372797966003418,1.3740748167037964,1.3707363605499268,1.371657371520996
0.2,False,False,False,False,k5Y_838nuGo,0.014279524224857454,0.008037616953060933,-0.006241907271796521,-0.6000000238418579,2,A,16,TV,18,1,1,17,-0.5627449154853821,-0.7251697778701782,-0.5453718900680542,-0.7049850225448608
0.2,True,False,True,False,k5Y_838nuGo,-0.3672584395739129,-0.390119402571035,-0.022860962997122092,0.4000000059604645,2,A,17,ATV,19,1,1,18,-0.25922319293022156,0.14054521918296814,-0.2853817939758301,0.11781423538923264
0.2,False,False,False,False,k5Y_838nuGo,-0.00377359383082404,0.004423767905840183,0.008197361736664223,-0.20000000298023224,2,V,18,AV,20,1,1,19,-0.3762572407722473,-0.03479401022195816,-0.3688723146915436,-0.018501723185181618
0.2,False,False,False,False,k5Y_838nuGo,0.09179175686163887,0.0846455838040967,-0.007146173057542171,0.4000000059604645,1,A,20,TV,21,2,1,19,0.906703531742096,0.9903729557991028,0.9627234935760498,1.0334850549697876
0.2,True,False,True,False,k5Y_838nuGo,-0.6514965542403619,-0.6867908052985368,-0.03529425105817485,-0.20000000298023224,2,A,20,AV,22,1,1,21,0.6095355153083801,-0.13794195652008057,0.6344618201255798,-0.1023489460349083
0.2,False,False,False,False,k5Y_838nuGo,0.1706299781687926,0.212845464749644,0.04221548658085139,0.6000000238418579,1,A,22,TV,23,2,1,21,0.28874361515045166,0.08278582245111465,0.23797814548015594,0.013565624132752419
0.2,False,False,False,False,k5Y_838nuGo,0.06488913080145942,0.07010080032932642,0.005211669527867002,-0.20000000298023224,2,A,22,T,24,1,1,23,-0.9020994901657104,-0.9468820691108704,-0.9663802981376648,-1.0108264684677124
0.2,False,False,False,False,k5Y_838nuGo,0.021385173187127293,0.023667170057606768,0.0022819968704794746,2.0,3,A,22,ATV,25,2,1,23,1.113582968711853,1.101601243019104,1.0901918411254883,1.0772768259048462
0.2,False,False,False,False,k5Y_838nuGo,0.2528922712267594,0.2392074401289257,-0.013684831097833694,-0.800000011920929,3,V,23,TV,26,1,2,25,-0.929218590259552,-1.3192203044891357,-0.9000661969184875,-1.299220085144043
0.2,False,False,False,False,k5Y_838nuGo,-0.19454973631582106,-0.1393253044204812,0.055224431895339876,2.0,2,A,25,TV,27,1,1,26,1.1886088848114014,1.3189671039581299,1.2659279108047485,1.3679109811782837
0.2,False,False,False,False,k5Y_838nuGo,0.2529808227610033,0.26810556269413155,0.01512473993312824,-0.75,2,V,26,ATV,28,1,1,27,-0.7250614166259766,-1.2535898685455322,-0.7481037378311157,-1.2677925825119019
0.2,False,False,False,False,k5Y_838nuGo,-0.21890182371793188,-0.1998707972335616,0.019031026484370273,1.600000023841858,2,V,27,AT,29,1,1,28,0.8448988795280457,1.007314682006836,0.8621506094932556,1.0130153894424438
0.2,False,False,False,False,k5Y_838nuGo,-0.17128476078667987,-0.165758996508373,0.005525764278306866,-1.0,2,A,28,ATV,30,1,1,29,-0.5861342549324036,-1.0003068447113037,-0.5928645730018616,-0.9994906783103943
0.2,False,False,False,False,iiK8YX8oH1E,-0.34987255585527066,-0.33500896874464203,0.014863587110628629,-1.25,2,A,0,ATV,2,1,1,1,-0.35497891902923584,-0.5782930850982666,-0.3571091890335083,-0.5701139569282532
0.2,False,False,False,False,iiK8YX8oH1E,0.4625879893296627,0.4563153370090163,-0.0062726523206464435,-2.0,2,A,1,AT,3,1,1,2,-1.2940605878829956,-1.0197253227233887,-1.2840745449066162,-1.015690803527832
0.2,False,False,False,False,iiK8YX8oH1E,-0.03226605168551888,-0.027233209216504406,0.005032842469014476,-0.4000000059604645,2,A,2,AV,4,1,1,3,-0.5836151242256165,-0.3619413673877716,-0.5802573561668396,-0.3274775743484497
0.2,False,False,False,False,iiK8YX8oH1E,0.16192017655052382,0.154011234463173,-0.007908942087350823,0.20000000298023224,1,A,4,ATV,5,2,1,3,1.2845308780670166,1.3567745685577393,1.293885350227356,1.3621516227722168
0.2,False,False,False,False,iiK8YX8oH1E,-0.9564276325161245,-0.9626082420881632,-0.006180609572038698,-1.600000023841858,2,A,4,ATV,6,1,1,5,-0.4138479232788086,-0.9287853240966797,-0.40890440344810486,-0.924647867679596
0.2,False,False,False,False,iiK8YX8oH1E,0.251985081073574,0.2258369078612077,-0.026148173212366288,-1.0,2,A,5,AT,7,1,1,6,0.5622551441192627,0.6409223675727844,0.5722125172615051,0.6424643397331238
0.2,False,False,False,False,iiK8YX8oH1E,0.012445683413573327,0.0127247663801624,0.0002790829665890726,0.4000000059604645,2,A,6,ATV,8,1,1,7,0.3525129556655884,0.2787535488605499,0.33990705013275146,0.2721879184246063
0.2,False,False,False,False,iiK8YX8oH1E,-0.29307684077292606,-0.28881245997788696,0.004264380795039102,0.0,2,A,7,ATV,9,1,1,8,-0.8281218409538269,-0.626664936542511,-0.8231480121612549,-0.6235063672065735
0.2,False,False,False,False,iiK8YX8oH1E,-0.007605168567454967,-0.009086959588103127,-0.00148179102064816,1.0,2,A,8,ATV,10,1,1,9,0.8209037184715271,0.8435701131820679,0.8198667764663696,0.8471568822860718
0.2,False,False,False,False,iiK8YX8oH1E,0.009416832309810275,0.010838892685967494,0.0014220603761572193,1.7999999523162842,2,A,9,ATV,11,1,1,10,1.5747499465942383,1.5547360181808472,1.5722403526306152,1.5495736598968506
0.2,False,False,False,False,iiK8YX8oH1E,-1.0765112945220903,-1.1073582178144887,-0.030846923292398465,-2.0,2,A,10,ATV,12,1,1,11,0.2627672553062439,0.010871541686356068,0.2689480185508728,0.010165886953473091
0.2,False,False,False,False,iiK8YX8oH1E,2.3685499468023625,2.2643236608856405,-0.104226285916722,-1.2000000476837158,2,A,11,V,13,1,1,12,0.1296580284833908,0.8338486552238464,0.14077341556549072,0.8154396414756775
0.2,False,False,False,False,iiK8YX8oH1E,0.03995548006420435,0.03752313448063305,-0.002432345583571305,0.6000000238418579,3,A,11,ATV,14,2,1,12,0.727311909198761,0.8369890451431274,0.7312790751457214,0.8340028524398804
0.2,False,False,False,False,iiK8YX8oH1E,0.003984158913326787,0.002469137077438479,-0.0015150218358883083,0.0,3,A,12,ATV,15,1,2,14,0.0018986854702234268,0.06314874440431595,-0.018434202298521996,0.0529995933175087
0.2,False,False,False,False,iiK8YX8oH1E,-0.0012381704166273266,-0.0013421914146505287,-0.00010402099802320208,1.600000023841858,2,A,14,TV,16,1,1,15,1.4160435199737549,1.4194402694702148,1.4191533327102661,1.422903060913086
0.2,False,False,False,False,iiK8YX8oH1E,-0.5925975287457241,-0.5948069632073612,-0.0022094344616370165,-1.0,2,A,15,ATV,17,1,1,16,0.7883195877075195,0.6141528487205505,0.7835120558738708,0.6081381440162659
0.2,False,False,False,False,tStelxIAHjw,0.01398480574317773,0.0052575098771434625,-0.008727295866034268,0.5,1,A,1,AV,2,2,1,0,0.5618100166320801,0.3665635585784912,0.5795156955718994,0.39238840341567993
0.2,False,False,False,False,tStelxIAHjw,-1.3019930517651943,-1.289337651928676,0.0126553998365182,-2.799999952316284,2,A,1,AV,3,3,1,0,0.4783531427383423,0.27337050437927246,0.4828307628631592,0.2802013158798218
0.2,False,False,False,False,tStelxIAHjw,-0.23319557370672328,-0.23322536334671895,-2.978963999566986e-05,-2.200000047683716,3,A,1,ATV,4,4,1,0,-0.9895031452178955,-1.0899968147277832,-0.9857475757598877,-1.0859158039093018
0.2,True,False,True,False,tStelxIAHjw,-2.4079930925303694,-2.400666553318609,0.007326539211760519,1.600000023841858,2,A,3,AV,5,1,1,4,-0.29985377192497253,0.5038926601409912,-0.29533812403678894,0.5083773136138916
0.2,False,False,False,False,tStelxIAHjw,-0.02506473657439301,-0.024580082576733275,0.00048465399765973416,1.399999976158142,1,A,5,ATV,6,2,1,4,1.1920241117477417,1.2651325464248657,1.1912237405776978,1.2621325254440308
0.2,False,False,False,False,tStelxIAHjw,-0.6984158181636566,-0.6994932349395278,-0.0010774167758711428,-2.0,2,A,5,ATV,7,1,1,6,-0.7241467833518982,-1.0359535217285156,-0.7259113192558289,-1.0388503074645996
0.2,False,False,False,False,tStelxIAHjw,0.07542235784285367,0.07171423729657533,-0.0037081205462783373,-1.399999976158142,2,A,6,AT,8,1,1,7,-1.2659263610839844,-1.0943889617919922,-1.261042594909668,-1.0982991456985474
0.2,False,False,False,False,tStelxIAHjw,-0.15253840419916997,-0.17180192233804803,-0.019263518138878055,-0.4000000059604645,2,A,7,ATV,9,1,1,8,-1.4070885181427002,-1.3282719850540161,-1.415014386177063,-1.3265269994735718
0.2,False,False,False,False,tStelxIAHjw,0.1428285306948851,0.14698323351012732,0.004154702815242217,-2.799999952316284,2,A,8,AT,10,1,1,9,-1.6653847694396973,-1.6040985584259033,-1.6666589975357056,-1.6035698652267456
0.2,False,False,False,False,tStelxIAHjw,0.03158192073998123,0.030292147610779807,-0.0012897731292014214,-1.0,2,A,9,AT,11,1,1,10,-1.076703429222107,-1.1935596466064453,-1.0745633840560913,-1.1893458366394043
0.2,False,False,False,False,tStelxIAHjw,0.04162916391010185,0.0395807577102687,-0.0020484061998331526,-1.600000023841858,2,A,10,ATV,12,1,1,11,-1.3971205949783325,-1.312268853187561,-1.397240161895752,-1.3159360885620117
0.2,False,False,False,False,tStelxIAHjw,0.3466003190056597,0.35343156647802587,0.0068312474723661865,-1.7999999523162842,2,A,11,ATV,13,1,1,12,-0.8122168183326721,-0.6500800251960754,-0.8070374727249146,-0.6426728367805481
0.2,False,True,False,True,tStelxIAHjw,0.056268706280385244,0.05266479523671397,-0.0036039110436712762,0.4000000059604645,2,A,12,TV,14,1,1,13,0.06460653245449066,-0.010801026597619057,0.06699072569608688,-0.004425482824444771
0.2,False,False,False,False,tStelxIAHjw,0.4370157825939185,0.4443677942860558,0.0073520116921372836,0.800000011920929,2,A,13,AV,15,1,1,14,-0.004205586388707161,-0.24103909730911255,-0.022897468879818916,-0.25902220606803894
0.2,False,False,False,False,nbWiPyCm4g0,-0.38063660859293336,-0.44977550846177294,-0.06913889986883959,-1.7999999523162842,2,A,0,ATV,2,1,1,1,-0.7063150405883789,-0.896943986415863,-0.7096447348594666,-0.9402912855148315
0.2,False,False,False,False,nbWiPyCm4g0,1.5329030873945868,1.4870724954873005,-0.04583059190728633,-2.200000047683716,2,A,1,ATV,3,1,1,2,-1.3765978813171387,-0.7130924463272095,-1.384047508239746,-0.7327403426170349
0.2,False,False,False,False,nbWiPyCm4g0,0.06676944081891634,0.06657073266319458,-0.0001987081557217607,-1.399999976158142,2,A,2,ATV,4,1,1,3,-1.392487645149231,-1.1414929628372192,-1.4030847549438477,-1.1419684886932373
0.2,False,False,False,False,nbWiPyCm4g0,-0.08794154930988896,-0.09833659254898919,-0.010395043239100232,0.0,2,A,3,ATV,5,1,1,4,-1.4742379188537598,-1.4441038370132446,-1.4794764518737793,-1.4458609819412231
0.2,False,False,False,False,nbWiPyCm4g0,-0.018091019061557745,-0.016998033306890648,0.0010929857546670974,-1.2000000476837158,2,A,4,ATV,6,1,1,5,-1.8570643663406372,-1.8431504964828491,-1.8634192943572998,-1.8504822254180908
0.2,False,False,False,False,nbWiPyCm4g0,0.025559592314650104,0.020412646250079547,-0.005146946064570557,-2.200000047683716,2,A,5,ATV,7,1,1,6,-1.3373533487319946,-1.3226637840270996,-1.3354814052581787,-1.323755145072937
0.2,False,False,False,False,nbWiPyCm4g0,0.022759568531043328,0.0229498517983302,0.00019028326728687261,-1.399999976158142,2,A,6,ATV,8,1,1,7,-1.4953176975250244,-1.5784517526626587,-1.4891055822372437,-1.5757545232772827
0.2,False,False,False,False,nbWiPyCm4g0,-0.02301710265875201,-0.017225575408676974,0.005791527250075035,1.2000000476837158,2,A,7,AT,9,1,1,8,0.6317144632339478,0.6523401141166687,0.6406102776527405,0.6562249660491943
0.2,False,False,False,False,etzxEpPuc6I,0.26396476152795856,0.28620864514408595,0.02224388361612739,-1.600000023841858,2,A,0,ATV,2,1,1,1,-1.3043138980865479,-1.0072141885757446,-1.2935537099838257,-0.983462929725647
0.2,False,False,False,False,etzxEpPuc6I,-0.09098093191960288,-0.09587576052539792,-0.004894828605795043,0.800000011920929,2,A,1,AT,3,1,1,2,0.15281111001968384,0.22739845514297485,0.15210454165935516,0.23088422417640686
0.2,False,False,False,False,etzxEpPuc6I,-0.00019667918118637662,-0.00023643787936200242,-3.97586981756258e-05,0.0,2,A,2,ATV,4,1,1,3,0.027242297306656837,0.023355161771178246,0.03349979966878891,0.029762370511889458
0.2,False,False,False,False,etzxEpPuc6I,-0.004643119511569482,-0.005063516983074834,-0.00042039747150535156,0.4000000059604645,2,A,3,TV,5,1,1,4,0.21482528746128082,0.22781825065612793,0.21423158049583435,0.22840049862861633
0.2,False,False,False,False,etzxEpPuc6I,-0.0024962555803540454,-0.0014135945182260912,0.0010826610621279542,-1.2000000476837158,2,A,4,TV,6,1,1,5,-1.271986961364746,-1.2518253326416016,-1.2420731782913208,-1.21888267993927
0.2,False,True,False,True,etzxEpPuc6I,0.5892993093825662,0.5949545057520489,0.00565519636948264,-1.0,2,V,5,AV,7,1,1,6,-0.260530948638916,0.06588638573884964,-0.2693905532360077,0.062423959374427795
0.2,False,False,False,False,etzxEpPuc6I,0.3989440298358886,0.40826338436181686,0.009319354525928247,-2.799999952316284,1,A,7,ATV,8,2,1,6,-1.4959467649459839,-1.351035237312317,-1.4972443580627441,-1.3489880561828613
0.2,False,False,False,False,etzxEpPuc6I,-0.04434877763337397,-0.04523512310119315,-0.0008863454678191829,-1.399999976158142,2,A,7,ATV,9,1,1,8,-1.6310869455337524,-1.4951441287994385,-1.6314516067504883,-1.4912947416305542
0.2,False,False,False,False,etzxEpPuc6I,0.017963381647223997,0.023732058045879967,0.00576867639865597,-1.600000023841858,2,A,8,AV,10,1,1,9,-0.697777509689331,-0.6878767609596252,-0.6978666186332703,-0.6848078370094299
0.2,False,False,False,False,etzxEpPuc6I,-0.02930105473956246,-0.03804445623609354,-0.008743401496531078,0.6666666865348816,1,A,10,AV,11,2,1,9,-1.3950294256210327,-1.387911081314087,-1.3951196670532227,-1.3858728408813477
0.2,False,False,False,False,etzxEpPuc6I,0.0008565811757534902,0.0019280330797073475,0.0010714519039538573,-2.200000047683716,2,A,10,ATV,12,3,1,9,-1.8145684003829956,-1.813458800315857,-1.8147648572921753,-1.8122705221176147
0.2,False,False,False,False,etzxEpPuc6I,-0.006130278953605739,-0.004792969786493018,0.0013373091671127213,-1.2000000476837158,2,A,11,ATV,13,1,1,12,-1.3424581289291382,-1.3190127611160278,-1.3382853269577026,-1.3197073936462402
0.2,False,False,False,False,etzxEpPuc6I,-0.051367496307436866,-0.04956818032168897,0.0017993159857478958,0.20000000298023224,2,A,12,AT,14,1,1,13,-0.5027264952659607,-0.46517443656921387,-0.49754077196121216,-0.4610559344291687
0.2,False,False,False,False,etzxEpPuc6I,-0.18608121820165024,-0.18463886621383097,0.0014423519878192792,-2.4000000953674316,2,A,13,ATV,15,1,1,14,-1.7719244956970215,-1.9434940814971924,-1.7672638893127441,-1.9355474710464478
0.2,False,False,False,False,etzxEpPuc6I,0.016701138433325546,0.016698050719557544,-3.0877137680018762e-06,-0.4000000059604645,2,A,14,AT,16,1,1,15,-0.2207830548286438,-0.1790478527545929,-0.2352270483970642,-0.1906004399061203
0.2,False,False,False,False,etzxEpPuc6I,-0.005409724321111753,-0.003851972925076552,0.0015577513960352007,1.399999976158142,2,A,15,AT,17,1,1,16,1.0292344093322754,1.0366029739379883,1.0400371551513672,1.0454280376434326
0.2,True,False,True,False,etzxEpPuc6I,-0.3430670720305549,-0.3450976543044426,-0.0020305822738876933,-0.5,2,A,16,ATV,18,1,1,17,0.11013654619455338,-0.32912129163742065,0.11182278394699097,-0.3290337324142456
0.2,False,False,False,False,v0zCBqDeKcE,0.001628493154459676,0.0007477335301757648,-0.0008807596242839111,0.6000000238418579,2,A,0,TV,2,1,1,1,0.6187417507171631,0.644494354724884,0.6290040612220764,0.6398618817329407
0.2,False,False,False,False,v0zCBqDeKcE,-0.01670149792387554,-0.016417259768130854,0.00028423815574468714,0.0,2,A,1,ATV,3,1,1,2,0.13974809646606445,0.05317924916744232,0.13733531534671783,0.04943408817052841
0.2,False,False,False,False,v0zCBqDeKcE,-0.06688277878977544,-0.06361883223571851,0.003263946554056929,2.0,2,V,2,ATV,4,1,1,3,1.377012848854065,1.4332282543182373,1.3848313093185425,1.4389173984527588
0.2,False,False,False,False,v0zCBqDeKcE,-0.08840648918419447,-0.08925370263969512,-0.0008472134555006505,0.800000011920929,2,A,3,ATV,5,1,1,4,1.3797881603240967,1.2977427244186401,1.3788655996322632,1.2958141565322876
0.2,False,False,False,False,v0zCBqDeKcE,0.07212540370682685,0.1026428011883096,0.030517397481482744,1.399999976158142,2,A,4,ATV,6,1,1,5,0.1902790367603302,0.16082680225372314,0.19462893903255463,0.15277820825576782
0.2,False,False,False,False,v0zCBqDeKcE,-0.2846596909154897,-0.28521007419636035,-0.0005503832808706477,1.7999999523162842,2,A,5,ATV,7,1,1,6,0.813247561454773,0.9699273109436035,0.8113009333610535,0.967944860458374
0.2,False,False,False,False,v0zCBqDeKcE,0.011412489457143238,0.009653594128181453,-0.0017588953289617848,1.7999999523162842,2,A,6,ATV,8,1,1,7,1.4393059015274048,1.4238182306289673,1.4363377094268799,1.423298716545105
0.2,False,False,False,False,v0zCBqDeKcE,0.10351372335763642,0.10478011525528075,0.0012663918976443256,2.200000047683716,2,A,7,ATV,9,1,1,8,1.5283466577529907,1.4552638530731201,1.5294053554534912,1.4553676843643188
0.2,False,False,False,False,v0zCBqDeKcE,0.07823789683919813,0.08673234193485868,0.008494445095660552,1.600000023841858,2,A,8,ATV,10,1,1,9,0.8814862370491028,0.8289617896080017,0.8790345788002014,0.8212038278579712
0.2,False,False,False,False,v0zCBqDeKcE,-0.22305807999499905,-0.2145696657379048,0.008488414257094234,-0.4000000059604645,2,A,9,ATV,11,1,1,10,-1.204880714416504,-1.0517475605010986,-1.201966404914856,-1.0546605587005615
0.2,True,False,True,False,v0zCBqDeKcE,-4.5939892019739,-4.605201163759023,-0.01121196178512296,1.7999999523162842,2,A,10,V,12,1,1,11,-0.7481250166893005,0.42197540402412415,-0.7503082156181335,0.4220048189163208
0.2,False,False,False,False,v0zCBqDeKcE,-0.21827749555158604,-0.22043601438503302,-0.0021585188334469763,1.5,3,A,10,AT,13,2,1,11,0.7927063703536987,0.9689757227897644,0.7891121506690979,0.9662158489227295
0.2,False,True,False,True,v0zCBqDeKcE,3.3263163963714675,3.1970750397376833,-0.12924135663378422,2.4000000953674316,3,A,11,AV,14,1,2,13,0.36927488446235657,-0.3294982612133026,0.37105029821395874,-0.30438750982284546
0.2,False,False,False,False,v0zCBqDeKcE,1.0880915027946543,1.1843180371545747,0.09622653435992046,0.0,1,A,14,V,15,2,1,13,-0.29315078258514404,-1.0835261344909668,-0.37497058510780334,-1.1510521173477173
0.2,False,False,False,False,f_pcplsH_V0,0.5718424751462692,0.5586949098354772,-0.013147565310791975,0.800000011920929,2,A,0,AT,2,1,1,1,-0.5764540433883667,-0.7704993486404419,-0.5483471155166626,-0.7416662573814392
0.2,False,False,False,False,f_pcplsH_V0,-0.12601296685184926,-0.11877016330716289,0.0072428035446863714,0.5,2,A,1,TV,3,1,1,2,-0.14026981592178345,-0.0328531414270401,-0.13952234387397766,-0.03871946781873703
0.2,False,False,False,False,f_pcplsH_V0,-0.4309196724760227,-0.4321290747112698,-0.0012094022352471256,1.2000000476837158,2,A,2,ATV,4,1,1,3,-1.1805710792541504,-1.0882742404937744,-1.1693326234817505,-1.0763145685195923
0.2,False,False,False,False,f_pcplsH_V0,-1.5708342721241841,-1.511966121424944,0.05886815069924012,1.600000023841858,2,V,3,AV,5,1,1,4,-1.0390657186508179,-0.7224628329277039,-1.0136561393737793,-0.7063460946083069
0.2,False,False,False,False,f_pcplsH_V0,-0.22038506889111886,-0.20848981418680523,0.01189525470431363,0.0,1,A,5,ATV,6,2,1,4,-1.5331149101257324,-1.4594712257385254,-1.5472826957702637,-1.4783754348754883
0.2,False,False,False,False,f_pcplsH_V0,0.05920608146101358,0.05692525360049672,-0.0022808278605168653,0.800000011920929,2,A,5,ATV,7,1,1,6,1.1059578657150269,1.1909172534942627,1.1011321544647217,1.1841950416564941
0.2,False,False,False,False,f_pcplsH_V0,-0.40544731282847124,-0.40303601502915853,0.002411297799312706,-2.4000000953674316,2,A,6,AT,8,1,1,7,-1.5267577171325684,-1.802417516708374,-1.527590036392212,-1.8016161918640137
0.2,False,False,False,False,f_pcplsH_V0,-0.13966774047469244,-0.13228767449782808,0.007380065976864358,1.2000000476837158,2,A,7,TV,9,1,1,8,0.7644666433334351,0.9763449430465698,0.7682926654815674,0.9674412608146667
0.2,False,False,False,False,f_pcplsH_V0,0.76549300447045,0.7767430249479901,0.01125002047754009,-0.4000000059604645,2,A,8,ATV,10,1,1,9,-1.5327281951904297,-1.831281304359436,-1.5627310276031494,-1.859001874923706
0.2,False,True,False,True,f_pcplsH_V0,0.7863892992792497,0.7751140826502009,-0.011275216629048845,-0.800000011920929,2,V,9,AV,11,1,1,10,-0.9591971039772034,0.10096225887537003,-0.9611868858337402,0.0950392559170723
0.2,True,False,True,False,f_pcplsH_V0,-3.874728941258062,-3.8267801282209155,0.047948813037146376,1.600000023841858,1,A,11,AV,12,2,1,10,-0.837424635887146,0.1625334918498993,-0.8206803798675537,0.1741972714662552
0.2,False,False,False,False,f_pcplsH_V0,-0.27495839035867675,-0.27029107241149575,0.0046673179471810045,-1.0,2,A,11,TV,13,3,1,10,-1.6327705383300781,-1.354175329208374,-1.6249051094055176,-1.346720814704895
0.2,False,False,False,False,f_pcplsH_V0,-0.1707165442954306,-0.16042171903706048,0.01029482525837011,-1.0,2,A,12,ATV,14,1,1,13,-2.1178996562957764,-2.038741111755371,-2.123105764389038,-2.0492591857910156
0.2,False,False,False,False,tIrG4oNLFzE,-0.00820257216825837,0.0023437265882648717,0.010546298756523242,2.5999999046325684,2,A,0,ATV,2,1,1,1,1.5151612758636475,1.5189484357833862,1.517431378364563,1.5163494348526
0.2,False,False,False,False,tIrG4oNLFzE,0.44578765833981393,0.4719220843513767,0.026134426011562795,1.399999976158142,2,A,1,ATV,3,1,1,2,-0.8376625776290894,-0.9351491332054138,-0.8455827236175537,-0.9483108520507812
0.2,True,False,True,False,tIrG4oNLFzE,-0.37072325476089674,-0.4079513000337007,-0.03722804527280399,0.4000000059604645,2,A,2,AV,4,1,1,3,-0.33549100160598755,0.8125818371772766,-0.35589608550071716,0.8042618036270142
0.2,False,False,False,False,tIrG4oNLFzE,-0.1296169132535674,-0.12204302901903574,0.007573884234531647,1.25,1,A,4,ATV,5,2,1,3,0.7852092981338501,0.9560382962226868,0.7944765090942383,0.9576669335365295
0.2,False,False,False,False,tIrG4oNLFzE,-0.548762239834133,-0.5552606652854593,-0.006498425451326284,-1.399999976158142,2,A,4,AV,6,1,1,5,-0.16696029901504517,-0.41428977251052856,-0.16290247440338135,-0.41250336170196533
0.2,False,False,False,False,tIrG4oNLFzE,0.03449795448261739,0.031584615286192275,-0.002913339196425113,-1.2000000476837158,1,A,6,ATV,7,2,1,5,-1.4073177576065063,-1.4783498048782349,-1.3981555700302124,-1.4661771059036255
0.2,False,False,False,False,tIrG4oNLFzE,-0.31486396561071217,-0.31196373275327005,0.00290023285744212,-1.0,2,A,6,ATV,8,1,1,7,-1.6616541147232056,-1.350602626800537,-1.6592613458633423,-1.3502310514450073
0.2,False,False,False,False,tIrG4oNLFzE,0.20352207924958066,0.2313575150943734,0.027835435844792755,-1.7999999523162842,2,A,7,A,9,1,1,8,-0.8650380969047546,-0.761888325214386,-0.86388099193573,-0.7475379705429077
0.2,False,False,False,False,tIrG4oNLFzE,0.08027700102363156,0.0913580082982115,0.011081007274579946,-1.600000023841858,3,A,7,TV,10,2,1,8,-0.8413909077644348,-0.7902069687843323,-0.8411778807640076,-0.7831958532333374
0.2,False,False,False,False,tIrG4oNLFzE,-0.02782084039881738,-0.028891394949823734,-0.001070554551006353,-2.5999999046325684,3,A,8,ATV,11,1,2,10,-1.9607300758361816,-1.9828734397888184,-1.9580327272415161,-1.9809437990188599
0.2,False,False,False,False,tIrG4oNLFzE,0.22277689222052288,0.22529830110316595,0.0025214088826430725,-2.0,2,V,10,AV,12,1,1,11,-1.1738429069519043,-1.0485209226608276,-1.1814616918563843,-1.053795337677002
0.2,False,False,False,False,tIrG4oNLFzE,0.07629631573591666,0.0807734553818591,0.0044771396459424295,-2.4000000953674316,1,A,12,TV,13,2,1,11,-1.8022061586380005,-1.741476058959961,-1.7858471870422363,-1.7232747077941895
0.2,False,False,False,False,tIrG4oNLFzE,0.3829010749619215,0.39830926676192036,0.01540819179999886,-2.0,2,A,12,AV,14,1,1,13,-0.44947558641433716,-0.3305608630180359,-0.4385633170604706,-0.31584033370018005
0.2,False,False,False,False,tIrG4oNLFzE,0.01739435494094721,0.013927211011264262,-0.0034671439296829476,-1.600000023841858,1,A,14,TV,15,2,1,13,-1.4883856773376465,-1.4272223711013794,-1.5132763385772705,-1.4535479545593262
0.2,False,False,False,False,tIrG4oNLFzE,0.009605667605313783,0.007693658266432202,-0.0019120093388815818,-0.4000000059604645,2,A,14,AT,16,1,1,15,-0.2842292785644531,-0.24831438064575195,-0.3022570013999939,-0.26867082715034485
0.2,False,False,False,False,tIrG4oNLFzE,-0.05781156051216385,-0.0489723657079395,0.008839194804224348,-2.200000047683716,2,V,15,T,17,1,1,16,-1.6792129278182983,-1.7380393743515015,-1.7820488214492798,-1.845442771911621
0.2,False,True,False,True,cM3Yna7AavY,0.8409241668461647,0.8256560801025348,-0.015268086743629894,1.0,2,A,0,ATV,2,1,1,1,0.2114761769771576,-0.2094188630580902,0.22164039313793182,-0.19645299017429352
0.2,False,False,False,False,cM3Yna7AavY,-0.11408841187526253,-0.08420660252724316,0.029881809348019372,0.6000000238418579,2,A,1,ATV,3,1,1,2,-0.15218809247016907,-0.07208520174026489,-0.14835375547409058,-0.08980195969343185
0.2,False,False,False,False,cM3Yna7AavY,-0.20843468870641857,-0.20842689574392637,7.792962492203515e-06,2.799999952316284,2,A,2,ATV,4,1,1,3,1.3898669481277466,1.4658184051513672,1.3932474851608276,1.4693889617919922
0.2,False,True,False,True,cM3Yna7AavY,7.734406433104823,7.473945049983399,-0.26046138312142375,2.799999952316284,2,A,3,AV,5,1,1,4,0.5347734689712524,-0.7868729829788208,0.5407968759536743,-0.7465397119522095
0.2,False,False,False,False,cM3Yna7AavY,0.5931355230100479,0.5483484057483565,-0.04478711726169138,3.0,1,A,5,AT,6,2,1,4,1.2572270631790161,1.0946409702301025,1.2583516836166382,1.107465386390686
0.2,False,False,False,False,cM3Yna7AavY,0.14744300092479534,0.1547081188485464,0.007265117923751063,-0.6000000238418579,2,A,5,AT,7,1,1,6,-1.0163809061050415,-1.166406273841858,-1.0161203145980835,-1.1725943088531494
0.2,False,False,False,False,cM3Yna7AavY,-1.1053040070774927,-1.0970691812794975,0.008234825797995171,-0.20000000298023224,2,A,6,ATV,8,1,1,7,-1.5908191204071045,-1.110534906387329,-1.593511939048767,-1.119133472442627
0.2,False,False,False,False,cM3Yna7AavY,-0.054614844819298014,-0.05606049578811678,-0.001445650968818768,1.600000023841858,2,A,7,ATV,9,1,1,8,1.3000484704971313,1.4119678735733032,1.2972768545150757,1.4113712310791016
0.2,False,True,False,True,cM3Yna7AavY,4.661449581730036,4.676423613655931,0.014974031925895304,2.0,2,A,8,AV,10,1,1,9,0.5194072127342224,-0.6179389953613281,0.5119072198867798,-0.625041663646698
0.2,False,False,False,False,cM3Yna7AavY,-0.04927537827603956,-0.054748199819005805,-0.005472821542966244,-1.0,1,A,10,AT,11,2,1,9,-0.7743249535560608,-1.0406675338745117,-0.7656541466712952,-1.013029932975769
0.2,False,False,False,False,cM3Yna7AavY,0.05001273975813092,0.05496030142114705,0.004947561663016131,-1.600000023841858,2,A,10,TV,12,1,1,11,-1.5808557271957397,-1.3755468130111694,-1.573244333267212,-1.364042043685913
0.2,False,True,False,True,cM3Yna7AavY,2.4597542763682156,2.4802540749425184,0.02049979857430273,-2.5999999046325684,2,A,11,AV,13,1,1,12,-0.3200863003730774,0.16726595163345337,-0.30591362714767456,0.1826401948928833
0.2,False,False,False,False,cM3Yna7AavY,0.146306865431427,0.13440969451630735,-0.01189717091511966,-2.4000000953674316,1,A,13,AT,14,2,1,12,-1.9148597717285156,-1.7822072505950928,-1.9469797611236572,-1.817216157913208
0.2,False,False,False,False,cM3Yna7AavY,0.3337035203727652,0.3356341181604279,0.0019305977876626912,-2.799999952316284,2,A,13,ATV,15,1,1,14,-1.4413254261016846,-1.3236192464828491,-1.453264832496643,-1.3339407444000244
0.2,True,False,True,False,lXPQBPVc5Cw,-3.1274571967071694,-2.9936383804046107,0.13381881630255865,-2.4000000953674316,1,A,1,V,2,2,1,0,0.48019659519195557,-0.12665987014770508,0.5446997880935669,-0.01722460798919201
0.2,True,False,True,False,lXPQBPVc5Cw,-1.641780818861763,-1.6221856681972056,0.019595150664557526,-1.2000000476837158,2,A,1,AV,3,3,1,0,0.5192505717277527,-0.05368339270353317,0.5423122644424438,-0.01110706478357315
0.2,False,False,False,False,lXPQBPVc5Cw,-0.05206725701538417,-0.05963228416649713,-0.007565027151112957,-1.0,3,A,1,ATV,4,4,1,0,-0.7714356780052185,-0.9867942333221436,-0.7538908123970032,-0.9693822264671326
0.2,False,False,False,False,lXPQBPVc5Cw,-0.3128738601336778,-0.30973285565278275,0.003141004480895049,-1.399999976158142,2,A,3,ATV,5,1,1,4,-2.1091678142547607,-1.8359416723251343,-2.1125123500823975,-1.8449056148529053
0.2,False,False,False,False,lXPQBPVc5Cw,0.16680118795831334,0.16452381147018968,-0.0022773764881236502,-2.799999952316284,2,A,4,TV,6,1,1,5,-2.013104200363159,-1.913430094718933,-2.0159859657287598,-1.9172759056091309
0.2,False,False,False,False,lXPQBPVc5Cw,-0.13121737802542555,-0.11920347954283272,0.012013898482592822,2.5999999046325684,2,A,5,ATV,7,1,1,6,1.0814528465270996,1.1252905130386353,1.08527410030365,1.1251471042633057
0.2,True,False,True,False,lXPQBPVc5Cw,-6.948987060918341,-6.958901669744439,-0.009914608826097293,-2.5999999046325684,2,V,6,AV,8,1,1,7,0.5343754887580872,-0.9043224453926086,0.537550151348114,-0.9013773202896118
0.2,False,False,False,False,lXPQBPVc5Cw,-0.11990908072620243,-0.09481922899595929,0.02508985173024314,-2.200000047683716,1,A,8,T,9,2,1,7,-1.8350588083267212,-2.084791421890259,-1.8749303817749023,-2.0958316326141357
0.2,False,False,False,False,lXPQBPVc5Cw,-0.32153312118914457,-0.29547627608717164,0.026056845101972925,-1.7999999523162842,2,A,8,A,10,3,1,7,-0.8114248514175415,-0.9902175068855286,-0.822688102722168,-0.9878040552139282
0.2,False,False,False,False,lXPQBPVc5Cw,0.024756745104070887,0.02340529726961904,-0.0013514478344518466,-2.0,3,A,8,TV,11,4,1,7,-2.108987331390381,-2.1914026737213135,-2.116205930709839,-2.19211745262146
0.2,False,False,False,False,lXPQBPVc5Cw,-0.6373066127772944,-0.6473812708396736,-0.010074658062379171,2.799999952316284,4,A,8,AV,12,1,3,11,-1.50567626953125,-1.4310213327407837,-1.506165862083435,-1.4303289651870728
0.2,False,False,False,False,lXPQBPVc5Cw,-0.00561961964871216,-0.005840016623380961,-0.0002203969746688017,-2.200000047683716,1,A,12,ATV,13,2,1,11,-2.3527615070343018,-2.3331031799316406,-2.3521876335144043,-2.3316094875335693
0.2,False,False,False,False,lXPQBPVc5Cw,0.03662987218831404,0.035671570408851494,-0.0009583017794625448,-2.799999952316284,2,A,12,ATV,14,1,1,13,-2.1765427589416504,-2.147827625274658,-2.1762444972991943,-2.1482772827148438
0.2,False,False,False,False,lXPQBPVc5Cw,-0.024820439031302488,-0.022044950175917677,0.002775488855384811,0.20000000298023224,2,A,13,ATV,15,1,1,14,-1.7761657238006592,-1.7698757648468018,-1.773705244064331,-1.7681126594543457
0.2,False,False,False,False,lXPQBPVc5Cw,0.3127310957654714,0.2951390124262616,-0.017592083339209807,-1.7999999523162842,2,A,14,ATV,16,1,1,15,1.0194127559661865,1.0743380784988403,1.0107700824737549,1.0627901554107666
0.2,False,False,False,False,lXPQBPVc5Cw,0.04260668969038761,0.04011722963809916,-0.0024894600522884502,-1.399999976158142,2,A,15,ATV,17,1,1,16,-1.216200590133667,-1.6763854026794434,-1.2125468254089355,-1.674328088760376
0.2,False,False,False,False,lXPQBPVc5Cw,0.3494945205145541,0.3213304268372781,-0.028164093677276014,-1.7999999523162842,2,A,16,ATV,18,1,1,17,-1.5978354215621948,-1.1752079725265503,-1.5969898700714111,-1.1978840827941895
0.2,False,False,False,False,lXPQBPVc5Cw,0.05073607826538762,0.053581021404184526,0.002844943138796907,-1.7999999523162842,2,A,17,AT,19,1,1,18,-1.5605629682540894,-1.4712657928466797,-1.565901517868042,-1.470784068107605
0.2,False,False,False,False,lXPQBPVc5Cw,-0.3312161789772574,-0.3576078059540464,-0.026391626976788984,1.7999999523162842,2,A,18,A,20,1,1,19,-0.7317264676094055,-0.6654457449913025,-0.7316372990608215,-0.6599958539009094
0.2,False,False,False,False,lXPQBPVc5Cw,-0.18176799771026708,-0.1845722088140178,-0.002804211103750731,2.5999999046325684,3,A,18,T,21,2,1,19,1.2784309387207031,1.3490896224975586,1.2766001224517822,1.3482751846313477
0.2,False,False,False,False,lXPQBPVc5Cw,0.08534486047426526,0.08977616501118746,0.004431304536922198,-2.4000000953674316,4,A,18,ATV,22,3,1,19,-1.1482683420181274,-1.1146296262741089,-1.148744821548462,-1.113370418548584
0.2,False,False,False,False,lXPQBPVc5Cw,0.2844683734579867,0.28913267242251095,0.004664298964524249,-1.399999976158142,4,A,19,AV,23,1,3,22,-1.5285816192626953,-0.8513638377189636,-1.5280115604400635,-0.8472616672515869
0.2,False,False,False,False,lXPQBPVc5Cw,0.4788766499365664,0.5277605635650389,0.04888391362847244,-2.4000000953674316,1,A,23,ATV,24,2,1,22,-1.2623785734176636,-1.0684373378753662,-1.2196074724197388,-1.0139671564102173
0.2,False,False,False,False,lXPQBPVc5Cw,0.12411377286429115,0.12669780103760786,0.0025840281733167103,-2.799999952316284,2,A,23,AT,25,1,1,24,-2.008312225341797,-1.933464765548706,-1.9956693649291992,-1.92042875289917
0.2,False,False,False,False,lXPQBPVc5Cw,-0.021599853377907152,0.0003164131092603384,0.02191626648716749,-2.799999952316284,2,A,24,ATV,26,1,1,25,-1.3662441968917847,-1.3737967014312744,-1.3730309009552002,-1.372920036315918
0.2,False,False,False,False,lXPQBPVc5Cw,-0.2201016260518429,-0.2137790975062197,0.006322528545623207,0.800000011920929,2,A,25,ATV,27,1,1,26,-0.3902074098587036,-0.29384279251098633,-0.3875409662723541,-0.29383474588394165
0.2,False,False,False,False,lXPQBPVc5Cw,0.18884066713280845,0.1805384753125594,-0.00830219182024905,-1.2000000476837158,2,A,26,ATV,28,1,1,27,-1.7750029563903809,-1.9207420349121094,-1.782835841178894,-1.921273946762085
0.2,False,False,False,False,lXPQBPVc5Cw,0.06367203530312793,0.05861509859759906,-0.005056936705528869,-2.0,2,A,27,ATV,29,1,1,28,-1.652679204940796,-1.570693850517273,-1.645771861076355,-1.5709397792816162
0.2,False,False,False,False,cXypl4FnoZo,0.029259419793248753,0.023613822839152476,-0.005645596954096277,-0.800000011920929,2,V,1,TV,3,1,1,2,-0.7863584756851196,-0.9715969562530518,-0.7599604725837708,-0.9587985873222351
0.2,False,False,False,False,cXypl4FnoZo,-1.1947569583771065,-1.2438044728383852,-0.04904751446127875,1.7999999523162842,2,A,2,AV,4,1,1,3,0.4834214150905609,1.0660911798477173,0.4540943205356598,1.0465694665908813
0.2,False,False,False,False,cXypl4FnoZo,0.38336519444250783,0.4078558282681968,0.024490633825688946,-0.6000000238418579,1,A,4,TV,5,2,1,3,0.3534984588623047,0.5368924736976624,0.32094401121139526,0.5207112431526184
0.2,False,False,False,False,cXypl4FnoZo,0.0036123083735155603,0.0002752031658452836,-0.0033371052076702767,-1.0,2,A,4,T,6,1,1,5,-0.9402030110359192,-0.9152179956436157,-1.0034828186035156,-0.9830490946769714
0.2,False,False,False,False,cXypl4FnoZo,-0.012357364826942607,-0.003286838227707367,0.00907052659923524,1.399999976158142,3,A,4,AV,7,2,1,5,-0.22763782739639282,-0.22383728623390198,-0.23866914212703705,-0.23766593635082245
0.2,False,False,False,False,cXypl4FnoZo,-0.03420559693622671,-0.0331572127963895,0.0010483841398372107,1.2000000476837158,4,A,4,TV,8,3,1,5,0.1477668434381485,0.16414816677570343,0.13804957270622253,0.15377750992774963
0.2,False,False,False,False,cXypl4FnoZo,1.0563236614305938,1.1024748544848704,0.04615119305427662,2.0,2,A,7,AV,9,1,1,8,-0.04528632014989853,-0.2889997363090515,-0.04089553654193878,-0.2951534688472748
0.2,False,False,False,False,cXypl4FnoZo,0.011060943988056238,0.011884708982577763,0.0008237649945215253,1.399999976158142,1,A,9,ATV,10,2,1,8,1.1935467720031738,1.1683021783828735,1.1938868761062622,1.1668319702148438
0.2,False,False,False,False,cXypl4FnoZo,0.14532573465294263,0.1463658339511511,0.0010400992982084745,2.0,2,A,9,ATV,11,1,1,10,1.387067437171936,1.2781883478164673,1.387433648109436,1.2777788639068604
0.2,False,False,False,False,cXypl4FnoZo,0.04993423709557021,0.05604866034315137,0.006114423247581158,-1.0,2,A,10,AT,12,1,1,11,-1.312652826309204,-1.384299397468567,-1.3119449615478516,-1.3916099071502686
0.2,False,True,False,True,cXypl4FnoZo,0.3757704673820237,0.3663949048473458,-0.009375562534677861,-0.6000000238418579,2,A,11,ATV,13,1,1,12,-0.19947929680347443,0.13224810361862183,-0.19478146731853485,0.1284208595752716
0.2,False,False,False,False,cXypl4FnoZo,-0.010372239659375282,-0.015168627378159272,-0.00479638771878399,0.0,2,A,12,ATV,14,1,1,13,-0.8972771167755127,-0.8914785385131836,-0.8940775990486145,-0.8855541348457336
0.2,False,False,False,False,cXypl4FnoZo,-0.10539149249871116,-0.10321906632107414,0.0021724261776370213,-0.6000000238418579,2,A,13,ATV,15,1,1,14,-1.1356967687606812,-1.0261214971542358,-1.1270911693572998,-1.017858862876892
0.2,False,False,False,False,cXypl4FnoZo,0.07134829462282966,0.0713342022735084,-1.409234932125969e-05,-0.6000000238418579,2,A,14,V,16,1,1,15,-0.4189107120037079,-0.2772901952266693,-0.4276233911514282,-0.2821196913719177
0.2,False,False,False,False,cXypl4FnoZo,-0.11428789844286769,-0.12040078271706989,-0.006112884274202202,-0.25,3,A,14,AT,17,2,1,15,-1.5613049268722534,-1.5169777870178223,-1.565079689025879,-1.518476963043213
0.2,True,False,True,False,cXypl4FnoZo,-0.1388331778319818,-0.1399365868067315,-0.0011034089747496978,0.800000011920929,3,A,15,TV,18,1,2,17,-0.041240692138671875,0.045776739716529846,-0.04258483648300171,0.04500819742679596
0.2,False,False,False,False,cXypl4FnoZo,-0.013739795638894492,-0.016405462368766166,-0.002665666729871674,-1.0,2,A,17,ATV,19,1,1,18,-0.8759456872940063,-0.9593837857246399,-0.8605665564537048,-0.9448980689048767
0.2,False,False,False,False,cXypl4FnoZo,-0.003030374681767256,-0.004475372833667279,-0.0014449981519000232,-0.6000000238418579,2,V,18,TV,20,1,1,19,-0.7186516523361206,-0.7051087021827698,-0.7357616424560547,-0.718134880065918
0.2,False,False,False,False,cXypl4FnoZo,9.150198961194178e-06,-0.00022836123293146215,-0.00023751143189265633,0.20000000298023224,2,A,19,ATV,21,1,1,20,0.3224014639854431,0.3224388360977173,0.3219931125640869,0.32105353474617004
0.2,False,False,False,False,cXypl4FnoZo,-0.012040617869296,-0.012575458419149754,-0.0005348405498537545,0.4000000059604645,2,V,20,ATV,22,1,1,21,0.6877710223197937,0.6660292148590088,0.6947168111801147,0.672548234462738
0.2,False,False,False,False,cXypl4FnoZo,0.17199302898115398,0.175740448537546,0.0037474195563920176,0.20000000298023224,2,A,21,T,23,1,1,22,-0.3789914846420288,-0.5121967196464539,-0.39531251788139343,-0.5281053781509399
0.2,True,False,True,False,cXypl4FnoZo,-0.5492358292545794,-0.5472416579970321,0.001994171257547306,-1.2000000476837158,3,A,21,AV,24,2,1,22,0.013565506786108017,-0.2390080988407135,0.005346151068806648,-0.2483605146408081
0.2,False,False,False,False,cXypl4FnoZo,0.08268248493089914,0.08307881738480827,0.00039633245390913174,0.6000000238418579,4,A,21,T,25,3,1,22,-0.35131460428237915,-0.3938218951225281,-0.35686567425727844,-0.3993351459503174
0.2,False,False,False,False,cXypl4FnoZo,0.029075101951944182,0.029295887096757012,0.00022078514481282951,0.800000011920929,5,A,21,ATV,26,4,1,22,0.1980598121881485,0.17437463998794556,0.19597874581813812,0.17219623923301697
0.2,False,False,False,False,cXypl4FnoZo,0.2190826296027275,0.23045981474411192,0.011377185141384416,-2.200000047683716,3,A,24,AV,27,1,2,26,0.06290601193904877,0.110806405544281,0.07203453779220581,0.12219739705324173
0.2,False,False,False,False,cXypl4FnoZo,0.14214548906041458,0.14050203564312014,-0.0016434534172944382,-1.399999976158142,1,A,27,AV,28,2,1,26,0.11620818078517914,0.16238047182559967,0.13537174463272095,0.18046462535858154
0.2,False,False,False,False,c7UH_rxdZv4,0.0018510483089357876,0.004400007283038576,0.0025489589741027885,-0.800000011920929,2,A,0,AV,2,1,1,1,-0.8606676459312439,-0.725625216960907,-0.8540610074996948,-0.7144278287887573
0.2,False,False,False,False,c7UH_rxdZv4,-0.018688180425144196,-0.015037586314178952,0.003650594110965244,1.600000023841858,1,A,2,ATV,3,2,1,1,1.275161623954773,1.3053276538848877,1.2861101627349854,1.3110549449920654
0.2,False,False,False,False,c7UH_rxdZv4,-1.2276960837049273,-1.2325070403323224,-0.004810956627395058,-2.200000047683716,2,A,2,ATV,4,1,1,3,-0.5795809030532837,-1.0176032781600952,-0.5755119323730469,-1.0140596628189087
0.2,False,True,False,True,c7UH_rxdZv4,2.0347194341423824,1.7386201874731517,-0.2960992466692307,-2.5999999046325684,2,A,3,AV,5,1,1,4,-0.2922545075416565,0.1130073294043541,-0.3171127736568451,0.03632212430238724
0.2,False,False,False,False,c7UH_rxdZv4,0.16361502806717,0.15929112777757837,-0.00432390028959162,-3.0,1,A,5,T,6,2,1,4,-1.7975748777389526,-1.7313624620437622,-1.7747684717178345,-1.7114025354385376
0.2,False,False,False,False,c7UH_rxdZv4,0.01582962951771094,0.01202214788015965,-0.003807481637551291,-2.799999952316284,2,A,5,AT,7,3,1,4,-1.9419995546340942,-1.932823896408081,-1.936783790588379,-1.929848074913025
0.2,False,False,False,False,c7UH_rxdZv4,0.09295048137383771,0.09364432104279877,0.0006938396689610549,-0.4000000059604645,3,A,5,ATV,8,1,2,7,0.00530628114938736,0.10717222094535828,0.008987348526716232,0.11079836636781693
0.2,False,False,False,False,c7UH_rxdZv4,0.46148331084507177,0.4607410423368812,-0.0007422685081905911,0.800000011920929,2,A,7,ATV,9,1,1,8,-0.9825045466423035,-1.1075654029846191,-0.971744954586029,-1.097319483757019
0.2,False,False,False,False,c7UH_rxdZv4,-0.029741216455549724,-0.029436784751325717,0.00030443170422400634,1.0,2,A,8,ATV,10,1,1,9,0.16192859411239624,0.17986436188220978,0.16215777397155762,0.17991292476654053
0.2,False,False,False,False,c7UH_rxdZv4,-2.994450485093865,-2.990574349711715,0.0038761353821499256,-2.799999952316284,2,A,9,AV,11,1,1,10,-0.2721555531024933,-0.957298994064331,-0.2793709337711334,-0.966152548789978
0.2,False,False,False,False,c7UH_rxdZv4,-0.1683195354274858,-0.16421982318233574,0.0040997122451500445,-2.5999999046325684,1,A,11,AT,12,2,1,10,-1.8315776586532593,-1.950266718864441,-1.824878454208374,-1.939247727394104
0.2,False,False,False,False,c7UH_rxdZv4,-0.011549178942971139,-0.010740819515376643,0.0008083594275944961,1.2000000476837158,2,A,11,ATV,13,1,1,12,1.063899040222168,1.116487741470337,1.0689711570739746,1.1198267936706543
0.2,False,False,False,False,c7UH_rxdZv4,-0.5330960216011249,-0.523291502397214,0.0098045192039109,-2.4000000953674316,2,A,12,TV,14,1,1,13,-1.4580090045928955,-1.8048100471496582,-1.4631552696228027,-1.8046962022781372
0.2,False,False,False,False,c7UH_rxdZv4,0.3063533164237242,0.319072821775535,0.012719505351810767,-2.0,2,A,13,ATV,15,1,1,14,-1.5369216203689575,-1.2783387899398804,-1.5189244747161865,-1.2580387592315674
0.2,False,False,False,False,c7UH_rxdZv4,0.19591117097911948,0.1489819714115015,-0.046929199567617985,-1.399999976158142,2,V,14,ATV,16,1,1,15,0.8930028676986694,0.9353315234184265,0.9329907298088074,0.9647045731544495
0.2,True,False,True,False,c7UH_rxdZv4,-4.319465712489446,-4.261171155253987,0.05829455723545962,-2.25,2,A,15,V,17,1,1,16,0.2603069543838501,-0.8421025276184082,0.24361002445220947,-0.851100504398346
0.2,False,False,False,False,c7UH_rxdZv4,-0.10767263965227869,-0.0983212887398821,0.009351350912396583,-1.7999999523162842,3,A,15,ATV,18,2,1,16,-1.4706705808639526,-1.8280212879180908,-1.4845037460327148,-1.8348792791366577
0.2,False,False,False,False,c7UH_rxdZv4,0.2452685928583378,0.22354327848847788,-0.021725314369859916,-1.7999999523162842,3,A,16,ATV,19,1,2,18,-1.443673849105835,-1.1898877620697021,-1.4463002681732178,-1.2095367908477783
0.2,False,True,False,True,c7UH_rxdZv4,0.476953043615403,0.4780756627168611,0.0011226191014580555,-0.800000011920929,2,A,18,ATV,20,1,1,19,-0.013121431693434715,0.24696271121501923,-0.010296730324625969,0.24962227046489716
0.2,False,False,False,False,c7UH_rxdZv4,-0.400921605354597,-0.379545662925139,0.02137594242945795,-2.4000000953674316,2,A,19,TV,21,1,1,20,-1.3604878187179565,-1.5755826234817505,-1.3706351518630981,-1.5753507614135742
0.2,False,False,False,False,c7UH_rxdZv4,-0.33975903717532674,-0.3357944273361113,0.003964609839215427,-0.6000000238418579,2,A,20,ATV,22,1,1,21,-1.766652226448059,-1.6106029748916626,-1.755266785621643,-1.5994232892990112
0.2,False,False,False,False,c7UH_rxdZv4,0.025294089206681747,0.02848152034243867,0.003187431135756924,-1.7999999523162842,2,V,21,ATV,23,1,1,22,-1.2699326276779175,-1.2465873956680298,-1.2890470027923584,-1.261897325515747
0.2,False,False,False,False,c7UH_rxdZv4,-0.07100626160966783,-0.07436110611327251,-0.0033548445036046814,0.0,2,A,22,AV,24,1,1,23,-1.1383857727050781,-1.1067591905593872,-1.13949453830719,-1.106384515762329
0.2,False,False,False,False,c7UH_rxdZv4,0.14931243976265662,0.15247297647704272,0.0031605367143860974,-2.5999999046325684,1,A,24,V,25,2,1,23,-0.770523190498352,-0.7301610112190247,-0.7375335097312927,-0.6970406174659729
0.2,False,False,False,False,c7UH_rxdZv4,0.006145829733256392,0.0070542277416763,0.0009083980084199084,-1.7999999523162842,2,A,24,AT,26,3,1,23,-1.516367793083191,-1.5057330131530762,-1.5047883987426758,-1.4930731058120728
0.2,False,False,False,False,c7UH_rxdZv4,0.013298732724194906,0.012043054493233285,-0.001255678230961621,-0.800000011920929,3,A,24,T,27,1,2,26,-1.7119179964065552,-1.719180703163147,-1.7035260200500488,-1.710166096687317
0.2,False,False,False,False,c7UH_rxdZv4,-0.001768978705513291,-0.0016515930387690503,0.00011738566674424078,0.6000000238418579,4,A,24,ATV,28,2,2,26,0.7570332884788513,0.7512959837913513,0.762199878692627,0.7570261359214783
0.2,False,False,False,False,c7UH_rxdZv4,0.36098220716871143,0.36289850113639943,0.0019162939676879986,1.2000000476837158,3,A,26,TV,29,1,2,28,0.4634275436401367,0.24946269392967224,0.46455106139183044,0.24932464957237244
0.2,False,False,False,False,c7UH_rxdZv4,0.00741216773324993,0.0053449268922811655,-0.002067240840968765,-1.399999976158142,2,A,28,ATV,30,1,1,29,-0.42987748980522156,-0.42606475949287415,-0.45339179039001465,-0.45057278871536255
0.2,False,False,False,False,c7UH_rxdZv4,-0.13458098772043314,-0.1570407404246872,-0.022459752704254043,-2.200000047683716,2,V,29,AV,31,1,1,30,0.27775952219963074,0.2504512369632721,0.2827165126800537,0.25088566541671753
0.2,False,False,False,False,c7UH_rxdZv4,-0.07766145728590956,-0.07827911160944723,-0.0006176543235376641,-1.7999999523162842,1,A,31,ATV,32,2,1,30,-0.9504402875900269,-0.997447669506073,-0.9460752606391907,-0.9932110905647278
0.3,False,False,False,False,f9O3YtZ2VfI,0.09494482059892562,0.09384530465881014,-0.0010995159401154808,0.6000000238418579,1,A,1,ATV,2,2,1,0,1.003871202468872,1.1079928874969482,0.9989756941795349,1.103017807006836
0.3,True,False,True,False,f9O3YtZ2VfI,-4.755273588302058,-4.749699031317303,0.0055745569847545084,-2.4000000953674316,2,A,1,AV,3,1,1,2,0.4013824164867401,-0.6414579749107361,0.3969631493091583,-0.646915853023529
0.3,False,False,False,False,f9O3YtZ2VfI,-0.5395296634047355,-0.5349533976349079,0.004576265769827614,-1.7999999523162842,1,A,3,ATV,4,2,1,2,-0.8858977556228638,-1.255892276763916,-0.8834083080291748,-1.2475627660751343
0.3,False,True,False,True,f9O3YtZ2VfI,5.104178529631676,5.1083662950549105,0.004187765423234069,-2.5999999046325684,2,A,3,V,5,1,1,4,-0.5883389711380005,0.4250551760196686,-0.5858436226844788,0.4274068772792816
0.3,False,False,False,False,f9O3YtZ2VfI,-0.021100637762117458,-0.02050089816691525,0.0005997395952022089,-1.2000000476837158,3,A,3,TV,6,2,1,4,-1.4128782749176025,-1.0443835258483887,-1.4120863676071167,-1.043540120124817
0.3,False,False,False,False,f9O3YtZ2VfI,0.06255666214133271,0.058700652927257124,-0.003856009214075584,-1.7999999523162842,3,A,4,AT,7,1,2,6,-0.9247161149978638,-0.8896821737289429,-0.9540244936943054,-0.9200140833854675
0.3,False,False,False,False,f9O3YtZ2VfI,-0.24354112223676339,-0.2657790236715414,-0.022237901434777996,-2.200000047683716,2,V,6,A,8,1,1,7,-0.8975141644477844,-0.9946252703666687,-0.8351265788078308,-0.9362356066703796
0.3,False,False,False,False,f9O3YtZ2VfI,-0.12337330337373942,-0.12479607215517774,-0.0014227687814383216,-2.0,3,V,6,ATV,9,2,1,7,-0.8746247887611389,-0.9308432936668396,-0.8480676412582397,-0.9035730361938477
0.3,False,False,False,False,f9O3YtZ2VfI,-0.10443586554395168,-0.10876621243284035,-0.00433034688888867,-0.800000011920929,3,A,7,ATV,10,1,2,9,-1.153773546218872,-0.9439439177513123,-1.1608846187591553,-0.9465315341949463
0.3,False,False,False,False,f9O3YtZ2VfI,0.0539497622427092,0.06654563579765238,0.012595873554943182,-1.7999999523162842,2,A,9,TV,11,1,1,10,-1.1480752229690552,-1.107933759689331,-1.1591393947601318,-1.1091686487197876
0.3,False,False,False,False,f9O3YtZ2VfI,-0.19189321929509617,-0.1899824912954955,0.001910727999600681,-1.600000023841858,2,A,10,ATV,12,1,1,11,-1.026214838027954,-1.229411005973816,-1.0266757011413574,-1.227550983428955
0.3,False,False,False,False,f9O3YtZ2VfI,-0.5602196138651969,-0.5447074176546556,0.01551219621054134,1.2000000476837158,2,V,11,AV,13,1,1,12,-0.3753972053527832,-0.1862383484840393,-0.365930438041687,-0.18109765648841858
0.3,False,False,False,False,f9O3YtZ2VfI,0.16566589727588976,0.16363039277388225,-0.0020355045020075124,-1.2000000476837158,1,A,13,AV,14,2,1,12,-0.7773065567016602,-0.6131988167762756,-0.7808324694633484,-0.61747807264328
0.3,False,False,False,False,f9O3YtZ2VfI,0.2389934829493363,0.23492700531923205,-0.004066477630104259,-1.0,2,A,13,ATV,15,3,1,12,0.9952308535575867,1.0542491674423218,0.9954425692558289,1.0534648895263672
0.3,False,False,False,False,f9O3YtZ2VfI,-0.3306219683406795,-0.34289746544311583,-0.012275497102436361,-2.0,2,A,14,AT,16,1,1,15,-1.2435425519943237,-1.5084657669067383,-1.2258089780807495,-1.4935671091079712
0.3,False,True,False,True,f9O3YtZ2VfI,1.0786397863836508,0.9783607998217727,-0.10027898656187806,-1.0,2,A,15,V,17,1,1,16,-0.3431919813156128,0.22883544862270355,-0.33978021144866943,0.18922284245491028
0.3,False,False,False,False,f9O3YtZ2VfI,0.08821199933262136,0.08423079642271003,-0.00398120290991133,-0.6000000238418579,3,A,15,AT,18,2,1,16,-0.3134280741214752,-0.18728283047676086,-0.299093097448349,-0.18193809688091278
0.3,False,False,False,False,f9O3YtZ2VfI,0.37692783329889323,0.3708151731587961,-0.006112660140097148,-0.4000000059604645,3,A,16,T,19,1,2,18,-0.7195061445236206,-1.0921069383621216,-0.7162277102470398,-1.0861597061157227
0.3,False,False,False,False,f9O3YtZ2VfI,0.10047506250892013,0.10080404450877722,0.000328981999857092,2.0,4,A,16,AT,20,2,2,18,1.2610208988189697,1.1959072351455688,1.2609081268310547,1.19559907913208
0.3,False,False,False,False,f9O3YtZ2VfI,0.6704502076472032,0.7595837113753419,0.08913350372813866,1.399999976158142,3,A,18,AV,21,1,2,20,0.7494096159934998,0.35419023036956787,0.7422820329666138,0.3081315755844116
0.3,False,False,False,False,f9O3YtZ2VfI,1.1680061625308165,1.1846941675464753,0.016688005015658813,1.600000023841858,1,A,21,A,22,2,1,20,0.5888630747795105,0.11999864131212234,0.5664787292480469,0.09904684871435165
0.3,False,False,False,False,f9O3YtZ2VfI,-0.5891080065047269,-0.571659251901746,0.017448754602980898,-2.5999999046325684,2,A,21,ATV,23,3,1,20,-0.748177170753479,-0.914728581905365,-0.7660564184188843,-0.9291649460792542
0.3,False,False,False,False,f9O3YtZ2VfI,-0.002512540124826046,-0.009519424643031016,-0.00700688451820497,-1.399999976158142,3,A,21,AT,24,1,2,23,-1.579209804534912,-1.227942943572998,-1.58842134475708,-1.238806962966919
0.3,False,False,False,False,f9O3YtZ2VfI,-1.4760075802443735,-1.5960571386241718,-0.12004955837979825,1.399999976158142,2,A,23,AV,25,1,1,24,-0.7737168669700623,-0.4025086462497711,-0.766057014465332,-0.35947316884994507
0.3,False,False,False,False,f9O3YtZ2VfI,0.0005699789683148992,0.000703918356862232,0.00013393938854733278,1.600000023841858,1,A,25,ATV,26,2,1,24,1.5424087047576904,1.537656307220459,1.560300350189209,1.552250862121582
0.3,False,True,False,True,f9O3YtZ2VfI,2.6870896940859517,2.6111779003223603,-0.07591179376359136,1.2000000476837158,2,A,25,AV,27,1,1,26,0.5373947024345398,-0.5680880546569824,0.5534520745277405,-0.5404602885246277
0.3,False,False,False,False,f9O3YtZ2VfI,-0.7030921190333341,-0.6434895182870832,0.0596026007462509,-2.0,1,A,27,AT,28,2,1,26,0.16956105828285217,0.0009755287319421768,0.1784592866897583,0.025387702509760857
0.3,False,False,False,False,f9O3YtZ2VfI,-0.008306425659654337,-0.007727207704547823,0.0005792179551065146,-1.0,2,A,27,TV,29,1,1,28,-1.278385877609253,-1.2630442380905151,-1.268144965171814,-1.2533268928527832
0.3,False,False,False,False,wMbj6ajWbic,0.0742307023721267,0.06753762665116625,-0.006693075720960451,0.20000000298023224,3,A,1,AT,4,1,2,3,1.1651997566223145,1.2029163837432861,1.1733136177062988,1.2074110507965088
0.3,False,True,False,True,wMbj6ajWbic,4.8415781030528855,4.810221172836412,-0.031356930216473344,1.7999999523162842,2,A,3,AV,5,1,1,4,0.2129824161529541,-0.9129694104194641,0.21896831691265106,-0.9036794304847717
0.3,False,False,False,False,wMbj6ajWbic,0.08570779335980205,0.0903348810304152,0.00462708767061315,-1.2000000476837158,1,A,5,ATV,6,2,1,4,-1.146704077720642,-1.4975706338882446,-1.1629509925842285,-1.5028325319290161
0.3,False,True,False,True,wMbj6ajWbic,0.024507851083186705,0.019116405215159185,-0.00539144586802752,-0.20000000298023224,2,A,5,ATV,7,1,1,6,-0.3576994240283966,0.02220926433801651,-0.36287209391593933,0.01364391390234232
0.3,False,False,False,False,wMbj6ajWbic,-0.055567750529348814,-0.048496288970682144,0.00707146155866667,-2.0,2,A,6,ATV,8,1,1,7,-1.7551015615463257,-1.9336110353469849,-1.7704730033874512,-1.935297966003418
0.3,False,False,False,False,wMbj6ajWbic,0.4177298074161797,0.4022589217553758,-0.015470885660803901,-1.7999999523162842,2,A,7,ATV,9,1,1,8,-0.9746749997138977,-0.7517198920249939,-0.9595586061477661,-0.7470989227294922
0.3,False,False,False,False,wMbj6ajWbic,0.5204599136017052,0.5028813353277073,-0.01757857827399789,0.4000000059604645,2,A,8,ATV,10,1,1,9,-1.245169758796692,-1.396397352218628,-1.252355694770813,-1.3980991840362549
0.3,False,False,False,False,wMbj6ajWbic,-0.14936387081991143,-0.15845528539314557,-0.009091414573234147,1.600000023841858,2,A,9,TV,11,1,1,10,0.8415688872337341,0.9474251866340637,0.8076868057250977,0.914941668510437
0.3,False,False,False,False,wMbj6ajWbic,0.10012901020046172,0.11102835896515728,0.01089934876469556,2.0,2,A,10,ATV,12,1,1,11,1.4873136281967163,1.3975248336791992,1.4790666103363037,1.3816150426864624
0.3,False,False,False,False,wMbj6ajWbic,-1.131239192728799,-1.1829115752534314,-0.051672382524632354,-0.800000011920929,2,V,11,A,13,1,1,12,0.8558026552200317,0.4690324068069458,0.8479536771774292,0.4380790591239929
0.3,False,False,False,False,wMbj6ajWbic,0.986692783717511,1.0203817504187214,0.033688966701210354,2.0,3,V,11,ATV,14,2,1,12,-0.4732600748538971,-0.6652782559394836,-0.47583383321762085,-0.6739736199378967
0.3,False,False,False,False,wMbj6ajWbic,-0.6478110746867216,-0.6204655919997393,0.027345482686982336,-0.4000000059604645,3,A,12,TV,15,1,2,14,-1.4493658542633057,-1.073318362236023,-1.4533926248550415,-1.0994071960449219
0.3,False,False,False,False,wMbj6ajWbic,-0.38097575272288964,-0.37388185468273605,0.00709389804015359,2.0,2,A,14,AT,16,1,1,15,0.6631736159324646,0.8141968846321106,0.665091872215271,0.8133670091629028
0.3,True,False,True,False,wMbj6ajWbic,-0.6017415024875816,-0.6042758676660913,-0.00253436517850969,-1.0,2,V,15,TV,17,1,1,16,0.12878087162971497,-0.17999710142612457,0.127694234251976,-0.1830431967973709
0.3,False,False,False,False,wMbj6ajWbic,-0.030678821447164495,-0.030211040259256805,0.00046778118790768985,-0.6000000238418579,2,A,16,TV,18,1,1,17,-0.7869426012039185,-0.6653353571891785,-0.7849109172821045,-0.6630951762199402
0.3,False,False,False,False,wMbj6ajWbic,-0.056130264931692875,-0.04835815079390149,0.007772114137791386,-0.4000000059604645,2,V,17,AV,19,1,1,18,-0.08310266584157944,-0.18953941762447357,-0.10745252668857574,-0.20705991983413696
0.3,False,False,False,False,wMbj6ajWbic,0.048700896470297295,0.046272349466025986,-0.0024285470042713087,1.600000023841858,1,A,19,TV,20,2,1,18,0.9855985641479492,0.947167694568634,1.0041126012802124,0.9664748311042786
0.3,False,False,False,False,wMbj6ajWbic,0.04898350159510301,0.044158301613279605,-0.004825199981823403,1.399999976158142,2,A,19,TV,21,1,1,20,1.2293450832366943,1.1205244064331055,1.2424129247665405,1.1373367309570312
0.3,False,False,False,False,wMbj6ajWbic,0.5995637871243931,0.6374479091668492,0.03788412204245617,1.7999999523162842,2,V,20,A,22,1,1,21,0.7377211451530457,0.48546579480171204,0.7647466063499451,0.49263718724250793
0.3,False,False,False,False,wMbj6ajWbic,0.0007903357561787061,0.0006947236170162796,-9.56121391624265e-05,1.399999976158142,3,V,20,ATV,23,2,1,21,1.4038933515548706,1.3716187477111816,1.4075140953063965,1.3725922107696533
0.3,False,False,False,False,wMbj6ajWbic,0.27444235314499466,0.2873712247404292,0.012928871595434543,2.0,3,V,21,AV,24,1,2,23,1.0260024070739746,0.8940553069114685,1.0266004800796509,0.8887494206428528
0.3,False,False,False,False,wMbj6ajWbic,0.04131301436096635,0.04236789022030507,0.001054875859338722,1.7999999523162842,1,A,24,AT,25,2,1,23,1.2246612310409546,1.1898133754730225,1.2125003337860107,1.1774859428405762
0.3,False,False,False,False,wMbj6ajWbic,-0.0008443167317953026,-0.0009503728159063751,-0.00010605608411107248,0.0,2,A,24,ATV,26,1,1,25,0.06386451423168182,0.056871429085731506,0.052565306425094604,0.04257626831531525
0.3,False,False,False,False,wMbj6ajWbic,-0.2678110895469672,-0.2682527265205721,-0.0004416369736048864,2.4000000953674316,2,A,25,TV,27,1,1,26,1.2302618026733398,1.350964069366455,1.2273674011230469,1.3479474782943726
0.3,False,False,False,False,wMbj6ajWbic,1.462579782143874,1.4154731765528266,-0.0471066055910474,1.7999999523162842,2,A,26,V,28,1,1,27,0.6904101967811584,0.15872934460639954,0.709139883518219,0.18585966527462006
0.3,False,False,False,False,wMbj6ajWbic,-0.06970835856350277,-0.06925634570418993,0.00045201285931284474,0.800000011920929,3,A,26,ATV,29,2,1,27,1.4964139461517334,1.444425344467163,1.4974768161773682,1.4459238052368164
0.3,False,False,False,False,vvZ4IcEtiZc,0.06736815709730593,0.08232519300634067,0.014957035909034744,1.399999976158142,2,V,0,AV,2,1,1,1,1.1858536005020142,1.0635080337524414,1.1919186115264893,1.0455665588378906
0.3,False,False,False,False,vvZ4IcEtiZc,0.02150456243835208,0.020901830046739178,-0.0006027323916129035,2.200000047683716,1,A,2,ATV,3,2,1,1,1.6098308563232422,1.591884732246399,1.6211657524108887,1.6033837795257568
0.3,False,False,False,False,vvZ4IcEtiZc,-0.022552724178314776,-0.02196232937494713,0.0005903948033676443,1.2000000476837158,2,A,2,A,4,1,1,3,0.9507407546043396,1.0010591745376587,0.9544216990470886,1.0041776895523071
0.3,False,False,False,False,vvZ4IcEtiZc,0.01806629718849706,0.01766524306685824,-0.0004010541216388219,1.0,3,A,2,ATV,5,2,1,3,1.4465707540512085,1.466360092163086,1.448704481124878,1.467975378036499
0.3,False,False,False,False,vvZ4IcEtiZc,-0.031637299023827836,-0.03158936427780645,4.7934746021383035e-05,1.399999976158142,3,A,3,AV,6,1,2,5,1.0827758312225342,1.1373331546783447,1.0825831890106201,1.1370093822479248
0.3,False,False,False,False,vvZ4IcEtiZc,0.01759075475436589,0.01610932588664582,-0.0014814288677200693,-1.5,1,A,6,AT,7,2,1,5,-0.7140335440635681,-0.7029215693473816,-0.7186484336853027,-0.708406925201416
0.3,False,False,False,False,vvZ4IcEtiZc,-2.2043669551088527,-2.253864438345593,-0.04949748323674008,2.200000047683716,2,A,6,A,8,1,1,7,0.11983563005924225,0.7430453300476074,0.10394911468029022,0.7372748255729675
0.3,False,False,False,False,vvZ4IcEtiZc,2.493602607928196,2.4938293410064745,0.0002267330782785848,-2.0,3,A,6,AV,9,2,1,7,0.6939729452133179,1.1226739883422852,0.6950643062591553,1.1236518621444702
0.3,False,False,False,False,vvZ4IcEtiZc,-0.39951656871892305,-0.4023585141351318,-0.0028419454162087465,1.600000023841858,4,A,6,AT,10,3,1,7,0.05102076381444931,0.18585003912448883,0.04821784794330597,0.18378344178199768
0.3,False,False,False,False,vvZ4IcEtiZc,0.05847465109972738,0.06313695523615159,0.004662304136424211,0.20000000298023224,2,A,9,AV,11,1,1,10,0.5944409370422363,0.6626643538475037,0.595633327960968,0.6686818599700928
0.3,False,False,False,False,d3_k5Xpfmik,-0.3031291683221049,-0.3098358699349326,-0.006706701612827715,-1.0,2,A,1,ATV,3,1,1,2,-0.1799299120903015,-0.3922288417816162,-0.17444556951522827,-0.3903244733810425
0.3,False,False,False,False,d3_k5Xpfmik,-1.3683609850281186,-1.3755949815352686,-0.0072339965071499535,2.200000047683716,2,A,2,AV,4,1,1,3,0.5178954005241394,0.9912341237068176,0.5017328262329102,0.9717832207679749
0.3,False,False,False,False,d3_k5Xpfmik,-0.026998354639928834,-0.0255466370049362,0.001451717634992633,1.600000023841858,1,A,4,AT,5,2,1,3,1.2778762578964233,1.3229343891143799,1.278221845626831,1.3207249641418457
0.3,False,False,False,False,d3_k5Xpfmik,0.5180593158924438,0.5217284290855986,0.0036691131931547716,0.4000000059604645,2,A,4,AT,6,1,1,5,-0.5926588773727417,-0.8261447548866272,-0.5936369895935059,-0.8284310698509216
0.3,False,False,False,False,d3_k5Xpfmik,-0.1271009849627518,-0.12388337807190908,0.003217606890842717,2.200000047683716,2,A,5,ATV,7,1,1,6,1.5122820138931274,1.611905574798584,1.5165536403656006,1.6141539812088013
0.3,False,False,False,False,d3_k5Xpfmik,1.5424839041085017,1.4401326742430394,-0.1023512298654623,1.399999976158142,2,A,6,AV,8,1,1,7,1.0431045293807983,0.10777001827955246,1.0519121885299683,0.1504809558391571
0.3,False,False,False,False,d3_k5Xpfmik,-0.1783250380728063,-0.1760898395499737,0.0022351985228326043,0.4000000059604645,1,A,8,ATV,9,2,1,7,0.9717430472373962,0.7854413986206055,0.9668454527854919,0.7810825705528259
0.3,False,False,False,False,d3_k5Xpfmik,-0.9580981984850041,-0.9722938958215259,-0.014195697336521818,2.4000000953674316,2,A,8,V,10,1,1,9,0.6668468117713928,0.9697126746177673,0.662735641002655,0.9696875810623169
0.3,False,False,False,False,d3_k5Xpfmik,-0.07182293052437672,-0.07315604353682659,-0.0013331130124498713,2.0,3,A,8,AT,11,2,1,9,1.1945327520370483,1.2404247522354126,1.1927210092544556,1.239379644393921
0.3,False,False,False,False,d3_k5Xpfmik,0.01753536117500687,0.016701708027540008,-0.0008336531474668618,2.200000047683716,3,A,9,ATV,12,1,2,11,1.608127474784851,1.5934948921203613,1.6050326824188232,1.5911586284637451
0.3,False,True,False,True,d3_k5Xpfmik,0.4085599886973732,0.41997670723996094,0.011416718542587745,2.0,2,A,11,TV,13,1,1,12,0.062051355838775635,-0.04063836485147476,0.05995088070631027,-0.04542594403028488
0.3,False,False,False,False,d3_k5Xpfmik,-0.17697797782220448,-0.18056828223473076,-0.0035903044125262795,2.5999999046325684,2,A,12,ATV,14,1,1,13,1.449692964553833,1.5293794870376587,1.444844126701355,1.5258413553237915
0.3,False,False,False,False,d3_k5Xpfmik,1.0245338757388218,0.9946850932622056,-0.029848782476616265,2.0,2,V,13,AV,15,1,1,14,0.833894670009613,0.4558706283569336,0.8374757766723633,0.46828603744506836
0.3,False,False,False,False,d3_k5Xpfmik,0.7445440132835301,0.7402939533647563,-0.0042500599187738075,1.600000023841858,1,A,15,AV,16,2,1,14,0.8144938945770264,0.4331393241882324,0.814778208732605,0.4351535737514496
0.3,False,False,False,False,d3_k5Xpfmik,0.7313676231463262,0.7265353809563635,-0.004832242189962699,0.800000011920929,2,A,15,TV,17,3,1,14,-1.0928672552108765,-1.277092695236206,-1.094001293182373,-1.276963233947754
0.3,False,False,False,False,d3_k5Xpfmik,0.16609752664075295,0.16772357494616585,0.0016260483054129082,0.20000000298023224,2,A,16,TV,18,1,1,17,0.46630483865737915,0.686842679977417,0.4724310040473938,0.691876232624054
0.3,False,False,False,False,vyB00TXsimI,0.8341728005953968,0.8350061891036802,0.0008333885082834058,2.200000047683716,1,A,1,AV,2,2,1,0,0.8242260217666626,0.548659086227417,0.8314999341964722,0.5544610023498535
0.3,False,False,False,False,vyB00TXsimI,0.01641945212519147,0.015587361033411185,-0.0008320910917802848,1.7999999523162842,2,A,1,AT,3,3,1,0,1.3700584173202515,1.3513696193695068,1.3793129920959473,1.3611778020858765
0.3,False,False,False,False,vyB00TXsimI,0.5581515535865833,0.5689505099808514,0.010798956394268089,1.7999999523162842,2,A,2,AV,4,1,1,3,0.9885497093200684,0.697002649307251,0.988763153553009,0.6922745108604431
0.3,False,False,False,False,vyB00TXsimI,0.8947922392123111,0.8781210018595971,-0.01667123735271403,2.0,1,A,4,A,5,2,1,3,0.9068603515625,0.5544044375419617,0.9005667567253113,0.555398166179657
0.3,False,False,False,False,vyB00TXsimI,0.08511698135329482,0.08162433808536207,-0.003492643267932749,2.4000000953674316,2,A,4,ATV,6,3,1,3,1.4286150932312012,1.3857487440109253,1.4294260740280151,1.3882499933242798
0.3,False,False,False,False,vyB00TXsimI,0.042580015830935736,0.04487432894268295,0.002294313111747215,2.5999999046325684,3,A,4,AT,7,1,2,6,1.34761643409729,1.330730676651001,1.3474217653274536,1.3296352624893188
0.3,False,False,False,False,vyB00TXsimI,0.01905144973906303,0.023896392356963503,0.004844942617900472,-0.25,2,A,6,AT,8,1,1,7,-0.5296395421028137,-0.5618488788604736,-0.5251407623291016,-0.5655928254127502
0.3,False,False,False,False,vyB00TXsimI,-0.08198402377055913,-0.08220028285134973,-0.00021625908079059286,1.3333333730697632,2,A,7,T,9,1,1,8,0.8853511214256287,0.9887987971305847,0.8803688883781433,0.9826532602310181
0.3,False,False,False,False,vyB00TXsimI,0.06913728217476489,0.06802890486981106,-0.0011083773049538337,-0.20000000298023224,3,A,7,ATV,10,2,1,8,0.8077912926673889,0.8415279984474182,0.8068012595176697,0.8400373458862305
0.3,False,False,False,False,vyB00TXsimI,0.01448445160068701,0.015922151024824416,0.0014376994241374064,0.20000000298023224,3,A,8,ATV,11,1,2,10,0.8274993300437927,0.8389365077018738,0.8315795063972473,0.8440611958503723
0.3,False,False,False,False,vyB00TXsimI,-0.017491649792526154,-0.020114328771835943,-0.0026226789793097893,2.4000000953674316,2,A,10,AV,12,1,1,11,0.47151222825050354,0.4760526418685913,0.4634512662887573,0.46865159273147583
0.3,False,False,False,False,vyB00TXsimI,-0.015799252465328095,-0.006514621405528942,0.009284631059799153,2.0,1,A,12,T,13,2,1,11,1.3321382999420166,1.3440731763839722,1.314133644104004,1.318899393081665
0.3,False,False,False,False,vyB00TXsimI,0.0006081895048595243,0.007153737079178768,0.006545547574319244,2.5999999046325684,2,A,12,AT,14,3,1,11,1.0879892110824585,1.0877881050109863,1.0835541486740112,1.0811972618103027
0.3,False,False,False,False,vyB00TXsimI,0.005516931246795309,0.0035521142435612774,-0.0019648170032340317,0.4000000059604645,3,A,12,AV,15,1,2,14,0.7646135687828064,0.7721021175384521,0.7628887891769409,0.7677504420280457
0.3,False,False,False,False,vyB00TXsimI,-0.00020954072498113874,-0.00017429138733859872,3.524933764254001e-05,1.399999976158142,1,A,15,ATV,16,2,1,14,1.3830126523971558,1.3911101818084717,1.3841371536254883,1.3912057876586914
0.3,False,False,False,False,vyB00TXsimI,-0.017042997061707865,-0.016649350074828817,0.0003936469868790482,2.4000000953674316,2,A,15,ATV,17,1,1,16,1.596179723739624,1.6068518161773682,1.5967903137207031,1.607222318649292
0.3,False,False,False,False,vyB00TXsimI,0.04415575538765282,0.04280845391521382,-0.0013473014724389998,1.2000000476837158,2,A,16,V,18,1,1,17,1.1691285371780396,0.987611711025238,1.1703803539276123,0.9909886121749878
0.3,False,False,False,False,vyB00TXsimI,0.37544105288543506,0.37053026995841165,-0.004910782927023405,2.200000047683716,3,A,16,AV,19,2,1,17,1.1558001041412354,0.989300012588501,1.1566331386566162,0.9920493960380554
0.3,False,False,False,False,vyB00TXsimI,-0.016910008835111512,-0.016772787746290874,0.00013722108882063822,1.2000000476837158,4,A,16,T,20,3,1,17,1.4549318552017212,1.4192720651626587,1.4556363821029663,1.4204022884368896
0.3,False,False,False,False,vyB00TXsimI,0.036720332285259616,0.04089093763127494,0.004170605346015321,0.6000000238418579,5,A,16,AT,21,4,1,17,-0.7091046571731567,-0.7230553030967712,-0.7102258205413818,-0.725738525390625
0.3,False,False,False,False,fvVhgmXxadc,0.0682711846076387,0.0728483872101151,0.0045772026024764045,-2.799999952316284,3,A,0,AT,3,1,2,2,-1.8523924350738525,-1.817029356956482,-1.8402210474014282,-1.8029924631118774
0.3,False,False,False,False,fvVhgmXxadc,-0.24027186123248612,-0.25634827478394584,-0.016076413551459723,0.0,2,V,2,ATV,4,1,1,3,-1.4069397449493408,-1.3187901973724365,-1.389485478401184,-1.2939558029174805
0.3,False,False,False,False,fvVhgmXxadc,-0.19037646031704014,-0.19996135308429075,-0.009584892767250608,-0.20000000298023224,2,A,3,T,5,1,1,4,-2.076131820678711,-2.0246901512145996,-2.0697436332702637,-2.0154833793640137
0.3,False,False,False,False,fvVhgmXxadc,-0.02161176784348129,-0.02149306843558918,0.00011869940789210887,-1.0,3,A,3,ATV,6,2,1,4,-1.327187418937683,-1.2923009395599365,-1.3188074827194214,-1.2830991744995117
0.3,False,False,False,False,fvVhgmXxadc,-0.03369496090891744,-0.04051296080592692,-0.006817999897009486,-0.5,3,A,4,AT,7,1,2,6,-1.8271653652191162,-1.8144097328186035,-1.8304113149642944,-1.815097451210022
0.3,False,False,False,False,fvVhgmXxadc,0.15502054744324312,0.1561157700683964,0.0010952226251532693,-0.4000000059604645,2,A,6,AV,8,1,1,7,-0.9033129811286926,-1.0390183925628662,-0.9056182503700256,-1.0416896343231201
0.3,False,False,False,False,fvVhgmXxadc,0.24270371241883026,0.2372087685426294,-0.005494943876200864,0.0,1,A,8,AV,9,2,1,7,-0.821824848651886,-0.9581752419471741,-0.8325365781784058,-0.9645340442657471
0.3,False,False,False,False,fvVhgmXxadc,0.018433558945528006,0.018572472489594816,0.0001389135440668099,-0.20000000298023224,2,A,8,T,10,3,1,7,-0.35612955689430237,-0.40690577030181885,-0.3650762438774109,-0.4140622317790985
0.3,False,False,False,False,fvVhgmXxadc,0.01713931800178159,0.015278819599373605,-0.001860498402407984,0.0,3,A,8,AT,11,4,1,7,-0.5796953439712524,-0.594294548034668,-0.5805313587188721,-0.5935448408126831
0.3,False,False,False,False,fvVhgmXxadc,0.07105212230310487,0.06905652068850188,-0.001995601614602993,0.20000000298023224,3,A,9,AT,12,1,2,11,-1.2465243339538574,-1.2708789110183716,-1.2421998977661133,-1.2659457921981812
0.3,False,False,False,False,fvVhgmXxadc,-0.0638297862967363,-0.0632328646329654,0.0005969216637708996,0.0,2,A,11,ATV,13,1,1,12,-0.9290595650672913,-0.8940480351448059,-0.9373278021812439,-0.902967631816864
0.3,False,False,False,False,ob23OKe5a9Q,-0.0972078298713086,-0.11368782119727427,-0.01647999132596567,-1.2000000476837158,2,A,0,ATV,2,1,1,1,-0.888198971748352,-1.1965242624282837,-0.8609895706176758,-1.1647824048995972
0.3,False,True,False,True,ob23OKe5a9Q,2.5604829674911684,2.4777211718859213,-0.0827617956052471,-1.5,2,A,1,A,3,1,1,2,-0.7591071724891663,0.26335054636001587,-0.7817306518554688,0.2302115559577942
0.3,False,False,False,False,ob23OKe5a9Q,0.1854983877859695,0.17360343165000813,-0.011894956135961365,-1.7999999523162842,3,A,1,ATV,4,2,1,2,-1.7931009531021118,-1.3692494630813599,-1.80246102809906,-1.3833352327346802
0.3,False,False,False,False,ob23OKe5a9Q,-0.7141146374283913,-0.7462276486827157,-0.03211301125432442,0.0,3,A,2,AV,5,1,2,4,-1.1268327236175537,-0.7454108595848083,-1.1233327388763428,-0.7180868983268738
0.3,False,False,False,False,ob23OKe5a9Q,0.06802028498293211,0.06343657550353043,-0.004583709479401676,0.6000000238418579,1,A,5,AT,6,2,1,4,0.9299569725990295,1.0205851793289185,0.933640718460083,1.0180343389511108
0.3,False,False,False,False,ob23OKe5a9Q,-0.12378462455480133,-0.1235952405253471,0.0001893840294542315,0.6000000238418579,2,A,5,ATV,7,1,1,6,1.4592669010162354,1.383935570716858,1.4593772888183594,1.384177327156067
0.3,True,False,True,False,ob23OKe5a9Q,-3.163867053268246,-3.2508045132615955,-0.08693745999334945,-1.399999976158142,2,A,6,V,8,1,1,7,0.7911327481269836,-0.1204705461859703,0.7916760444641113,-0.1539505124092102
0.3,False,False,False,False,ob23OKe5a9Q,-0.050852818037881775,-0.0513453195162441,-0.0004925014783623283,1.25,3,A,6,ATV,9,2,1,7,1.6766427755355835,1.612175703048706,1.678107738494873,1.6132229566574097
0.3,False,False,False,False,ob23OKe5a9Q,0.005623726704300225,0.0011591873261806995,-0.004464539378119525,0.800000011920929,3,A,7,TV,10,1,2,9,1.3932111263275146,1.3979324102401733,1.3993175029754639,1.4002838134765625
0.3,False,False,False,False,ob23OKe5a9Q,-0.0037605527086981283,-0.005088220005973199,-0.0013276672972750703,2.799999952316284,2,A,9,T,11,1,1,10,1.583588719367981,1.5851354598999023,1.5538475513458252,1.5558907985687256
0.3,False,False,False,False,ob23OKe5a9Q,0.004557555959252113,0.0024405935475897422,-0.002116962411662371,1.25,3,A,9,ATV,12,2,1,10,-0.5997157692909241,-0.6009473204612732,-0.6376501321792603,-0.6382964849472046
0.3,False,False,False,False,ob23OKe5a9Q,0.1261205370370817,0.12513912413783146,-0.0009814128992502447,0.800000011920929,3,V,10,ATV,13,1,2,12,1.2839545011520386,1.400277018547058,1.286285161972046,1.4013421535491943
0.3,False,False,False,False,zhpQhgha_KU,-0.020621351293172552,-0.027234926681344973,-0.006613575388172421,-1.600000023841858,2,A,0,AT,2,1,1,1,-1.423819899559021,-1.7020690441131592,-1.410661220550537,-1.6928130388259888
0.3,False,True,False,True,zhpQhgha_KU,2.824379166756185,2.664391867822611,-0.159987298933574,-1.600000023841858,2,A,1,AV,3,1,1,2,-0.9360572099685669,0.206986203789711,-0.9435376524925232,0.15935631096363068
0.3,False,False,False,False,zhpQhgha_KU,0.5665762295964925,0.5507957910376149,-0.015780438558877563,-2.200000047683716,1,A,3,ATV,4,2,1,2,-1.67277193069458,-1.2810083627700806,-1.672818660736084,-1.2896616458892822
0.3,False,False,False,False,zhpQhgha_KU,-0.01683897178759608,-0.01643203110032232,0.0004069406872737602,1.0,2,A,3,TV,5,1,1,4,0.8414592146873474,0.9089164733886719,0.8428242802619934,0.9090484976768494
0.3,False,True,False,True,zhpQhgha_KU,1.5116384704707295,1.490492898852505,-0.0211455716182245,1.0,2,A,4,AV,6,1,1,5,0.6508374214172363,-0.278105229139328,0.6571425795555115,-0.2680867910385132
0.3,False,False,False,False,zhpQhgha_KU,0.4939519570542501,0.5602753589036951,0.06632340184944496,-1.0,1,A,6,T,7,2,1,5,-1.5799869298934937,-1.9112281799316406,-1.6613730192184448,-1.9988441467285156
0.3,False,False,False,False,zhpQhgha_KU,0.1097129929280527,0.11843336317538444,0.008720370247331743,-1.0,2,A,6,ATV,8,3,1,5,-1.4425065517425537,-1.5527431964874268,-1.4733078479766846,-1.5851954221725464
0.3,False,False,False,False,zhpQhgha_KU,-0.03337844356227748,-0.034565138753023916,-0.001186695190746434,0.6000000238418579,3,A,6,ATV,9,1,2,8,0.31327012181282043,0.37901225686073303,0.3038628101348877,0.3694959878921509
0.3,False,False,False,False,zhpQhgha_KU,-0.6546338501316136,-0.6496304379415285,0.005003412190085044,-2.4000000953674316,2,A,8,AV,10,1,1,9,-0.7807708978652954,-0.9974063038825989,-0.770657479763031,-0.9839750528335571
0.3,False,False,False,False,zhpQhgha_KU,0.06264736333584153,0.056817901991692565,-0.005829461344148967,-1.399999976158142,1,A,10,TV,11,2,1,9,-1.7491668462753296,-1.8296101093292236,-1.7059823274612427,-1.787869930267334
0.3,False,False,False,False,zhpQhgha_KU,-0.06445031964902626,-0.06737423391747654,-0.0029239142684502895,-1.0,2,A,10,T,12,1,1,11,-1.6383585929870605,-1.5857058763504028,-1.5836058855056763,-1.5227060317993164
0.3,False,False,False,False,zhpQhgha_KU,0.08466662771918987,0.09489244941486152,0.010225821695671655,-1.5,3,A,10,V,13,2,1,11,-0.4901292026042938,-0.4490453600883484,-0.4548611044883728,-0.4104093611240387
0.3,False,False,False,False,zhpQhgha_KU,0.011854437448633348,0.014065150145924576,0.0022107126972912283,-2.0,4,A,10,ATV,14,3,1,11,-1.702122688293457,-1.6828480958938599,-1.6783822774887085,-1.657212734222412
0.3,False,False,False,False,zhpQhgha_KU,-0.011018945902719679,-0.010698771337743551,0.00032017456497612784,1.7999999523162842,4,V,11,ATV,15,1,3,14,1.523128628730774,1.5437992811203003,1.5236471891403198,1.5437343120574951
0.3,False,False,False,False,zhpQhgha_KU,0.01505473277374847,0.015256016724819688,0.00020128395107121833,1.75,2,A,14,ATV,16,1,1,15,1.619627833366394,1.5709702968597412,1.6193419694900513,1.5702013969421387
0.3,False,False,False,False,zhpQhgha_KU,0.2607667900233146,0.2731002073441253,0.012333417320810725,0.6000000238418579,2,A,15,AT,17,1,1,16,-0.3939380645751953,-0.5174433588981628,-0.3934531807899475,-0.5225192308425903
0.3,False,False,False,False,zhpQhgha_KU,0.27509053037647835,0.26923001037188854,-0.005860520004589809,-0.800000011920929,2,A,16,ATV,18,1,1,17,-0.6206753253936768,-0.24570056796073914,-0.6245324015617371,-0.2522602081298828
0.3,False,False,False,False,zhpQhgha_KU,0.7372455441014181,0.7930222078425322,0.05577666374111412,-1.399999976158142,2,A,17,V,19,1,1,18,-0.47637641429901123,-0.1389186829328537,-0.47547203302383423,-0.1163434311747551
0.3,False,False,True,False,zhpQhgha_KU,-0.634446010795428,-0.6569663866611944,-0.022520375865766495,0.6000000238418579,3,A,17,AV,20,2,1,18,-0.40780559182167053,-0.017435112968087196,-0.40260615944862366,0.00987057015299797
0.3,False,False,False,False,zhpQhgha_KU,-0.22991266248320397,-0.2374528775906224,-0.007540215107418424,0.6000000238418579,4,A,17,ATV,21,3,1,18,-0.2807479500770569,-0.1387856900691986,-0.27925804257392883,-0.13187555968761444
0.3,False,False,False,False,zhpQhgha_KU,-0.03359494745056679,-0.03953356997925539,-0.005938622528688597,-0.5,2,A,20,A,22,1,1,21,-0.2809159755706787,-0.6200119256973267,-0.27229028940200806,-0.61098712682724
0.3,False,False,False,False,zhpQhgha_KU,-0.06880837993946898,-0.0734723677950137,-0.004663987855544727,0.0,3,A,20,AV,23,2,1,21,0.28290364146232605,-0.10595324635505676,0.2882443070411682,-0.09804291278123856
0.3,False,False,False,False,zhpQhgha_KU,0.17688301871898648,0.17464038417797667,-0.0022426345410098136,1.0,4,A,20,TV,24,3,1,21,0.3836560845375061,0.2538345754146576,0.3859107494354248,0.25720393657684326
0.3,False,False,False,False,zhpQhgha_KU,-0.2696893805649969,-0.2722748043443195,-0.002585423779322582,0.0,2,A,23,AV,25,1,1,24,0.6705504655838013,0.42420342564582825,0.6670769453048706,0.41559216380119324
0.3,False,False,False,False,zhpQhgha_KU,-0.002356938726112645,-0.001491312006621115,0.0008656267194915301,0.800000011920929,1,A,25,ATV,26,2,1,24,0.8497507572174072,0.8108718991279602,0.8388243317604065,0.7959980368614197
0.3,False,False,False,False,zhpQhgha_KU,-0.008356650030009405,-0.008905764899282076,-0.0005491148692726711,1.399999976158142,2,A,25,TV,27,1,1,26,1.10605788230896,1.1206340789794922,1.097747564315796,1.1128575801849365
0.3,False,False,False,False,zhpQhgha_KU,0.09724647646453377,0.09295178342193822,-0.004294693042595554,-1.2000000476837158,2,A,26,AT,28,1,1,27,-1.371721863746643,-1.55599844455719,-1.3605966567993164,-1.5445911884307861
0.3,False,False,False,False,zhpQhgha_KU,0.9803584563070196,1.0278917572117798,0.04753330090476027,-2.0,2,V,27,ATV,29,1,1,28,-1.2454347610473633,-0.7551196217536926,-1.1949409246444702,-0.7053912281990051
0.3,False,False,False,False,zhpQhgha_KU,-0.03764410742844859,-0.030164498455160782,0.00747960897328781,-1.0,2,A,28,ATV,30,1,1,29,-1.1947873830795288,-1.0172631740570068,-1.173702597618103,-0.9971550107002258
0.3,False,False,False,False,zhpQhgha_KU,-0.45684341275019236,-0.49359236236613313,-0.036748949615940774,0.800000011920929,2,A,29,A,31,1,1,30,-1.0558228492736816,-0.9283619523048401,-1.0460588932037354,-0.9071441292762756
0.3,False,False,False,False,zhpQhgha_KU,0.07387988886750502,0.08287446929297221,0.008994580425467191,-0.4000000059604645,3,A,29,AV,32,2,1,30,-0.20332853496074677,-0.06450103968381882,-0.19576551020145416,-0.04703230410814285
0.3,False,False,False,False,zhpQhgha_KU,-0.44009440883607454,-0.4718675615481054,-0.03177315271203085,1.2000000476837158,4,A,29,AV,33,3,1,30,-0.541740357875824,-0.4104549288749695,-0.5349472761154175,-0.3931649327278137
0.3,False,False,False,False,zhpQhgha_KU,-0.3162357377442042,-0.3405507284608724,-0.024314990716668206,0.6000000238418579,5,A,29,AV,34,4,1,30,-0.8021233081817627,-0.6844119429588318,-0.7961381077766418,-0.6683260202407837
0.3,False,False,False,False,phBUpBr1hSo,-0.05179485520478977,-0.04998721687776708,0.001807638327022687,1.600000023841858,4,A,1,ATV,5,1,3,4,1.2605936527252197,1.3482028245925903,1.2661893367767334,1.3521243333816528
0.3,False,False,False,False,phBUpBr1hSo,0.09249386884039268,0.0863198731697139,-0.006173995670678778,-1.0,2,A,4,AT,6,1,1,5,-1.131612777709961,-1.3313846588134766,-1.1222972869873047,-1.318239688873291
0.3,False,False,False,False,phBUpBr1hSo,0.910335750474065,0.8979443854348972,-0.012391365039167823,-2.200000047683716,2,A,5,AT,7,1,1,6,-1.0096904039382935,-0.6744926571846008,-0.995290219783783,-0.6672671437263489
0.3,False,False,False,False,phBUpBr1hSo,0.16288564140367612,0.1868114556902576,0.02392581428658147,-2.0,2,A,6,ATV,8,1,1,7,-0.5894729495048523,-0.5328693985939026,-0.5766320824623108,-0.5124558210372925
0.3,False,False,False,False,phBUpBr1hSo,0.07236332948237134,0.07310761194158033,0.0007442824592089892,-1.399999976158142,2,A,7,ATV,9,1,1,8,-1.1938387155532837,-1.0610814094543457,-1.1953245401382446,-1.0608839988708496
0.3,False,False,False,False,phBUpBr1hSo,-0.06096425707197639,-0.06647201289695559,-0.005507755824979199,2.0,2,A,8,TV,10,1,1,9,0.9919108748435974,1.0226160287857056,0.9952331185340881,1.0288746356964111
0.3,False,False,False,False,phBUpBr1hSo,1.0813723661896608,1.0599168003763522,-0.021455565813308652,1.7999999523162842,2,A,9,T,11,1,1,10,-0.43274345993995667,-0.6630297899246216,-0.41469207406044006,-0.6422894597053528
0.3,False,False,False,False,phBUpBr1hSo,-0.05825537054477081,-0.05699191841554807,0.0012634521292227419,0.800000011920929,3,A,9,ATV,12,2,1,10,1.4021201133728027,1.3516278266906738,1.4041579961776733,1.3549909591674805
0.3,True,False,True,False,phBUpBr1hSo,-3.0040716999846238,-3.027922601493316,-0.02385090150869207,-1.2000000476837158,3,V,10,AV,13,1,2,12,0.7725962996482849,-0.25815895199775696,0.7740636467933655,-0.26779574155807495
0.3,False,False,False,False,phBUpBr1hSo,-1.4844386733764887,-1.4634698860045035,0.020968787371985265,-2.200000047683716,1,A,13,ATV,14,2,1,12,-0.3814540207386017,-0.8499367237091064,-0.37231701612472534,-0.8299798369407654
0.3,False,False,False,False,phBUpBr1hSo,1.1637118898527294,1.1624225741725933,-0.0012893156801361272,-1.600000023841858,2,A,13,ATV,15,1,1,14,0.08221983164548874,0.3983932137489319,0.08548618108034134,0.40082138776779175
0.3,False,False,False,False,phBUpBr1hSo,0.1481196610980362,0.1219909431707542,-0.026128717927281997,2.0,2,A,14,TV,16,1,1,15,0.5670722126960754,0.5162878632545471,0.5597580075263977,0.5180121660232544
0.3,False,False,False,False,phBUpBr1hSo,0.00034484294983272434,0.00031673907415097347,-2.810387568175088e-05,0.800000011920929,2,A,15,AT,17,1,1,16,0.6947384476661682,0.6931129693984985,0.6976233124732971,0.6960878968238831
0.3,False,False,False,False,phBUpBr1hSo,0.012172645103646573,0.011334378739888962,-0.0008382663637576115,2.0,2,V,16,ATV,18,1,1,17,1.3883646726608276,1.3784934282302856,1.3912659883499146,1.3820263147354126
0.3,False,False,False,False,phBUpBr1hSo,-0.07535330118852457,-0.07672723511958068,-0.001373933931056115,-1.25,2,A,17,T,19,1,1,18,-0.7352554798126221,-0.814559280872345,-0.7393134236335754,-0.8209620714187622
0.3,False,False,False,True,phBUpBr1hSo,0.20651937278350996,0.214722310236793,0.008202937453283043,0.800000011920929,3,A,17,AV,20,2,1,18,0.15079686045646667,0.007545530796051025,0.14647403359413147,-0.0011357534676790237
0.3,False,False,False,False,yDtzw_Y-7RU,0.7388334986558931,0.7567707843636917,0.017937285707798623,0.5,2,A,2,TV,4,1,1,3,-0.9262301921844482,-1.1652225255966187,-0.9285929799079895,-1.1726173162460327
0.3,False,False,False,False,yDtzw_Y-7RU,0.05055502062662143,0.06077498911241719,0.01021996848579576,-1.2000000476837158,2,A,3,AT,5,1,1,4,-1.2136503458023071,-0.9747416377067566,-1.1954166889190674,-0.9534316062927246
0.3,False,False,False,False,yDtzw_Y-7RU,-0.2665505947572111,-0.26798484861669714,-0.0014342538594860343,-0.20000000298023224,2,V,4,ATV,6,1,1,5,-1.0746123790740967,-0.9059718251228333,-1.0793752670288086,-0.9108558297157288
0.3,False,False,False,False,yDtzw_Y-7RU,-0.005869299549672746,-0.003666561753732367,0.0022027377959403793,-1.5,2,A,5,TV,7,1,1,6,-1.3749693632125854,-1.4011902809143066,-1.3905272483825684,-1.4087984561920166
0.3,False,False,False,False,yDtzw_Y-7RU,-0.02645983271806074,-0.02413785969821447,0.0023219730198462685,-1.0,2,A,6,ATV,8,1,1,7,-1.1890050172805786,-1.0962448120117188,-1.178253412246704,-1.0873866081237793
0.3,False,False,False,False,yDtzw_Y-7RU,-0.04883284189436665,-0.051527518482600954,-0.0026946765882343016,-0.6000000238418579,2,V,7,V,9,1,1,8,-0.8281543254852295,-0.6567586660385132,-0.8322118520736694,-0.6489368677139282
0.3,False,False,False,False,yDtzw_Y-7RU,-0.063376225505408,-0.06569890679281798,-0.002322681287409978,-1.399999976158142,3,V,7,T,10,2,1,8,-1.9807512760162354,-1.9233505725860596,-2.006556510925293,-1.9497380256652832
0.3,False,False,False,False,yDtzw_Y-7RU,-0.03488148721800144,-0.03721423589774986,-0.00233274867974842,-0.6666666865348816,4,V,7,ATV,11,3,1,8,-1.2444514036178589,-1.2134332656860352,-1.253098487854004,-1.2204608917236328
0.3,False,False,False,False,yDtzw_Y-7RU,-0.01677287739755684,-0.015441587288478331,0.001331290109078509,-1.7999999523162842,4,A,8,ATV,12,1,3,11,-1.5993276834487915,-1.6467143297195435,-1.6038861274719238,-1.6482796669006348
0.3,False,False,False,False,yDtzw_Y-7RU,-0.04400708358858196,-0.038520737033394425,0.005486346555187538,2.200000047683716,2,A,11,TV,13,1,1,12,0.9811068177223206,0.9992945790290833,0.9781304001808167,0.9939964413642883
0.3,False,False,False,False,yDtzw_Y-7RU,-0.14100586069254462,-0.14370984066981407,-0.002703979977269455,0.6000000238418579,2,A,12,ATV,14,1,1,13,1.3927829265594482,1.2982112169265747,1.3922775983810425,1.29569673538208
0.3,False,False,False,False,yDtzw_Y-7RU,-0.13367407237534223,-0.13523905336398911,-0.0015649809886468802,0.6000000238418579,2,V,13,ATV,15,1,1,14,1.373284935951233,1.2813923358917236,1.3730604648590088,1.2799878120422363
0.3,False,False,False,False,yDtzw_Y-7RU,0.07409312949330449,0.03536124752980996,-0.03873188196349453,0.20000000298023224,2,A,14,AV,16,1,1,15,0.8737351894378662,0.926644504070282,0.8541120886802673,0.8806055188179016
0.3,False,False,False,False,yDtzw_Y-7RU,0.0634271622377014,0.05573124737266255,-0.007695914865038844,-2.0,1,A,16,TV,17,2,1,15,-1.36879563331604,-1.3204073905944824,-1.3932406902313232,-1.3489331007003784
0.3,False,False,False,False,yDtzw_Y-7RU,0.32572938776877436,0.3134843265197418,-0.012245061249032574,-1.600000023841858,2,A,16,ATV,18,1,1,17,-1.547755479812622,-1.0268867015838623,-1.5574710369110107,-1.0384904146194458
0.3,False,False,False,False,yDtzw_Y-7RU,-0.2217930547923288,-0.2243144902613068,-0.002521435468977984,-0.6000000238418579,2,V,17,AV,19,1,1,18,-1.259244680404663,-1.0613138675689697,-1.2570834159851074,-1.0554603338241577
0.3,False,False,False,False,yDtzw_Y-7RU,0.04765528559353527,0.04457318727859594,-0.00308209831493933,0.20000000298023224,1,A,19,AT,20,2,1,18,0.5344772934913635,0.5994125008583069,0.5481692552566528,0.6071793437004089
0.3,False,True,False,True,yDtzw_Y-7RU,4.006656188867876,3.973279701829867,-0.03337648703800866,2.0,2,A,19,V,21,1,1,20,0.5798271298408508,-0.45429158210754395,0.5950556993484497,-0.4386775493621826
0.3,False,True,False,True,yDtzw_Y-7RU,3.9262138931358486,3.8907293862265817,-0.035484506909266855,2.200000047683716,3,A,19,AV,22,2,1,20,0.6793504357337952,-0.29771673679351807,0.6846689581871033,-0.2873595356941223
0.3,False,False,False,False,yDtzw_Y-7RU,0.11171404959663178,0.10976027019154344,-0.0019537794050883406,-0.800000011920929,4,A,19,AT,23,3,1,20,-0.8691192269325256,-1.1413085460662842,-0.8679596185684204,-1.1381993293762207
0.3,True,False,True,False,nzpVDcQ0ywM,-2.402754706727933,-2.448273900732463,-0.045519194004530306,-1.600000023841858,3,A,0,V,3,1,2,2,0.25133466720581055,-0.5877325534820557,0.2533188462257385,-0.6067644357681274
0.3,False,False,False,False,nzpVDcQ0ywM,0.6141951965134851,0.6261479180030776,0.011952721489592477,-0.4000000059604645,4,A,0,ATV,4,2,2,2,-1.2531416416168213,-1.5584670305252075,-1.2579319477081299,-1.5671311616897583
0.3,False,True,False,True,nzpVDcQ0ywM,2.0783138115818174,1.899602109233728,-0.1787117023480893,-1.399999976158142,3,A,2,AV,5,1,2,4,-0.9262838363647461,0.11747186630964279,-0.9464414715766907,0.050971224904060364
0.3,False,False,False,False,nzpVDcQ0ywM,-0.2388022217269281,-0.21582128738282336,0.022980934344104753,-1.0,1,A,5,ATV,6,2,1,4,-1.5706592798233032,-1.2947028875350952,-1.5303943157196045,-1.2559235095977783
0.3,False,False,False,False,nzpVDcQ0ywM,-0.09134729180446755,-0.08564567743542284,0.005701614369044705,2.0,2,A,5,ATV,7,1,1,6,1.192976951599121,1.2517093420028687,1.2044122219085693,1.260193109512329
0.3,False,False,False,False,nzpVDcQ0ywM,-0.6842958209725225,-0.6423132916462322,0.04198252932629032,-2.200000047683716,2,A,6,ATV,8,1,1,7,-1.248542308807373,-1.729919195175171,-1.2773396968841553,-1.7428470849990845
0.3,False,False,False,False,nzpVDcQ0ywM,-0.33868901187042866,-0.3249120681383033,0.013776943732125346,-1.0,2,A,7,ATV,9,1,1,8,-1.6010668277740479,-1.1503074169158936,-1.5952165126800537,-1.1713786125183105
0.3,False,False,False,False,nzpVDcQ0ywM,-0.1778410650819069,-0.18650801090693392,-0.008666945825027028,0.0,2,A,8,AT,10,1,1,9,-1.203466534614563,-1.1271604299545288,-1.211268663406372,-1.1316641569137573
0.3,False,False,False,False,nzpVDcQ0ywM,0.05848686122619995,0.0570957568628927,-0.0013911043633072495,-1.399999976158142,2,A,9,ATV,11,1,1,10,-1.6526356935501099,-1.7497308254241943,-1.6612861156463623,-1.7540708780288696
0.3,False,False,False,False,nzpVDcQ0ywM,0.0776558947528656,0.07499887969362362,-0.002657015059241985,-1.0,2,A,10,AT,12,1,1,11,-0.6984795331954956,-0.5894266366958618,-0.6985406279563904,-0.5927204489707947
0.3,False,False,False,False,nzpVDcQ0ywM,0.37509487316330414,0.3606447369823229,-0.014450136180981232,0.20000000298023224,2,A,11,A,13,1,1,12,-0.6978558897972107,-0.8868486881256104,-0.7048822045326233,-0.8860278725624084
0.3,False,False,False,False,nzpVDcQ0ywM,-0.0617402998119303,-0.060375018977470774,0.0013652808344595257,-0.6000000238418579,3,A,11,AT,14,2,1,12,0.48580071330070496,0.4569876492023468,0.47946542501449585,0.4511282444000244
0.3,False,False,False,False,nzpVDcQ0ywM,2.1522208831112657,2.1846446797435526,0.032423796632286894,1.399999976158142,3,A,12,TV,15,1,2,14,-0.8838923573493958,-1.3144769668579102,-0.8823056817054749,-1.3191108703613281
0.3,False,False,False,False,nzpVDcQ0ywM,-0.19412035960517926,-0.19297923806677275,0.0011411215384065088,1.600000023841858,2,A,14,AT,16,1,1,15,0.8934683799743652,1.0476716756820679,0.890995442867279,1.0434856414794922
0.3,False,False,False,False,nzpVDcQ0ywM,0.005311653791750359,0.012652455087348358,0.007340801295597998,1.2000000476837158,2,V,15,ATV,17,1,1,16,1.2363793849945068,1.1185438632965088,1.226348876953125,1.0844720602035522
0.3,False,False,False,False,nzpVDcQ0ywM,-1.4144133217889312,-1.5096913823501446,-0.09527806056121335,-2.0,2,A,16,AV,18,1,1,17,0.6260712742805481,0.3413323163986206,0.6220623850822449,0.31635916233062744
0.3,False,False,False,False,nzpVDcQ0ywM,-0.07896452965486134,-0.07940197684753514,-0.00043744719267380106,0.20000000298023224,1,A,18,ATV,19,2,1,17,0.8114930987358093,0.7431015372276306,0.8114081025123596,0.7426028847694397
0.3,False,False,False,False,nzpVDcQ0ywM,-0.13561159903906628,-0.13638771762375157,-0.0007761185846852925,-1.399999976158142,2,A,18,ATV,20,1,1,19,-0.955303430557251,-1.1507141590118408,-0.9576268792152405,-1.1564712524414062
0.3,False,False,False,False,nzpVDcQ0ywM,-2.397074055990098,-2.444354780025867,-0.04728072403576933,2.0,2,A,19,AV,21,1,1,20,0.15705128014087677,1.0003070831298828,0.13489048182964325,0.9830050468444824
0.3,False,False,False,False,nzpVDcQ0ywM,-0.12218405971096047,-0.10648308110921789,0.015700978601742577,2.0,1,A,21,T,22,2,1,20,1.340258002281189,1.4404685497283936,1.3521430492401123,1.4403254985809326
0.3,False,False,False,False,nzpVDcQ0ywM,-0.3715910474785744,-0.36319249293831035,0.008398554540264058,1.600000023841858,2,A,21,AV,23,3,1,20,0.7355373501777649,0.9870525002479553,0.7431778907775879,0.9909420013427734
0.3,False,False,False,False,jUzDDGyPkXU,-0.0521474616504527,-0.05919121181330311,-0.007043750162850415,-1.2000000476837158,2,A,2,ATV,4,1,1,3,-0.968761146068573,-1.1636136770248413,-0.9504720568656921,-1.1445653438568115
0.3,False,False,False,False,jUzDDGyPkXU,0.028632521491985585,0.026557996533028927,-0.0020745249589566583,-1.600000023841858,2,A,3,ATV,5,1,1,4,-1.5073192119598389,-1.4070693254470825,-1.5084489583969116,-1.4130786657333374
0.3,False,False,False,False,jUzDDGyPkXU,-0.7545043121768771,-0.7487987569459165,0.005705555230960613,-0.6000000238418579,2,A,4,ATV,6,1,1,5,-1.845729947090149,-1.4929382801055908,-1.849522352218628,-1.501391887664795
0.3,False,False,False,False,jUzDDGyPkXU,-0.042353457304542985,-0.04991807728139008,-0.007564619976847098,1.7999999523162842,2,A,5,TV,7,1,1,6,1.1095983982086182,1.1409848928451538,1.1167147159576416,1.1542750597000122
0.3,False,True,False,True,jUzDDGyPkXU,7.435392288521598,7.474644849034927,0.03925256051332937,2.799999952316284,2,A,6,V,8,1,1,7,0.655704140663147,-0.6689187288284302,0.6487452387809753,-0.6788707971572876
0.3,False,False,False,False,jUzDDGyPkXU,0.5441411500717663,0.5614086343877069,0.017267484315940607,2.4000000953674316,3,A,6,TV,9,2,1,7,1.1723823547363281,0.9678037166595459,1.169668436050415,0.959470808506012
0.3,False,False,False,False,jUzDDGyPkXU,0.03951371048607655,0.05141168664073348,0.01189797615465693,2.4000000953674316,3,V,7,ATV,10,1,2,9,1.2796502113342285,1.2621523141860962,1.2790818214416504,1.2563788890838623
0.3,False,False,False,False,jUzDDGyPkXU,0.006489202275432149,0.006526573368645927,3.7371093213778295e-05,0.5,2,V,9,ATV,11,1,1,10,1.2119348049163818,1.2164777517318726,1.2099357843399048,1.214517593383789
0.3,False,False,False,False,jUzDDGyPkXU,0.029462679060198838,0.03593503179358137,0.006472352733382536,-0.6000000238418579,2,A,10,TV,12,1,1,11,-0.7330208420753479,-0.8171571493148804,-0.7343838810920715,-0.8323662281036377
0.3,False,False,False,False,jUzDDGyPkXU,0.04229171999495307,0.04127648691744312,-0.0010152330775099472,0.800000011920929,2,A,11,ATV,13,1,1,12,0.8659999966621399,1.015980839729309,0.8615296483039856,1.0122790336608887
0.3,False,True,False,True,jUzDDGyPkXU,1.6007240884462126,1.58215735270673,-0.01856673573948253,1.3333333730697632,2,V,12,AV,14,1,1,13,0.31040582060813904,-0.2936592102050781,0.30901238322257996,-0.28882285952568054
0.3,False,False,False,False,jUzDDGyPkXU,0.0241881162345301,0.025300331907462947,0.001112215672932848,1.2000000476837158,1,A,14,ATV,15,2,1,13,1.0716801881790161,0.998371422290802,1.0685217380523682,0.9936341643333435
0.3,True,False,True,False,jUzDDGyPkXU,-0.8753864188447942,-0.9162233482432764,-0.04083692939848227,-2.799999952316284,2,A,14,A,16,1,1,15,0.04003366082906723,-0.11850699037313461,0.028797699138522148,-0.13806967437267303
0.3,False,False,False,False,jUzDDGyPkXU,-0.08157915356787271,-0.08616107597026712,-0.004581922402394412,-2.4000000953674316,3,A,14,ATV,17,2,1,15,-1.205641269683838,-1.2402958869934082,-1.2112438678741455,-1.248053789138794
0.3,True,False,True,False,jUzDDGyPkXU,-3.86009916309085,-3.849696856403855,0.010402306686994933,2.200000047683716,3,A,15,A,18,1,2,17,-0.4315319061279297,0.4493255317211151,-0.4387243390083313,0.4355824291706085
0.3,False,False,False,False,jUzDDGyPkXU,0.6700762048668452,0.6580794257729394,-0.01199677909390573,-2.200000047683716,4,A,15,ATV,19,2,2,17,-1.451109766960144,-1.0905349254608154,-1.4541974067687988,-1.0980467796325684
0.3,False,False,False,False,jUzDDGyPkXU,0.11029110750587279,0.12098881071880996,0.01069770321293717,-1.0,3,A,17,ATV,20,1,2,19,0.8408939838409424,0.8706099987030029,0.8403710722923279,0.8729534149169922
0.3,False,False,False,False,jUzDDGyPkXU,-0.5010439442434489,-0.4906874673724104,0.010356476871038467,-2.4000000953674316,2,A,19,AT,21,1,1,20,-1.4466087818145752,-1.761320948600769,-1.4526312351226807,-1.762175440788269
0.3,False,False,False,False,jUzDDGyPkXU,-0.035640851519872285,-0.03196729700475487,0.0036735545151174165,1.2000000476837158,2,A,20,TV,22,1,1,21,1.0101683139801025,1.180119514465332,1.0201501846313477,1.1805404424667358
0.3,False,False,False,False,jUzDDGyPkXU,0.6658208214633987,0.6674105665796191,0.0015897451162203424,-1.0,2,A,21,ATV,23,1,1,22,-1.3363021612167358,-1.8825644254684448,-1.3245195150375366,-1.87904691696167
0.3,False,False,False,False,jUzDDGyPkXU,0.2909890292890367,0.29348362517885107,0.002494595889814377,-2.0,2,V,22,ATV,24,1,1,23,-1.8696461915969849,-1.4450395107269287,-1.8424267768859863,-1.435807704925537
0.3,False,False,False,False,jUzDDGyPkXU,0.22105398243184027,0.21567377297488122,-0.005380209456959051,-2.0,2,A,23,ATV,25,1,1,24,-1.4934296607971191,-1.3088650703430176,-1.4931495189666748,-1.3125618696212769
0.3,False,False,False,False,jUzDDGyPkXU,0.002119283067358424,0.0025853994134052982,0.00046611634604687424,-2.0,2,A,24,ATV,26,1,1,25,-1.99020254611969,-1.9529333114624023,-1.9862383604049683,-1.9473237991333008
0.3,True,False,True,False,rnaNMUZpvvg,-2.0976773993195366,-2.1581513372456413,-0.06047393792610478,-0.800000011920929,2,V,0,AV,2,1,1,1,0.6494910717010498,-0.7421467304229736,0.6706234216690063,-0.7323099374771118
0.3,True,False,True,False,rnaNMUZpvvg,-5.7584674748271505,-5.835642677357087,-0.07717520252993637,-2.4000000953674316,1,A,2,V,3,2,1,1,0.3431139886379242,-1.0710127353668213,0.35138657689094543,-1.0830012559890747
0.3,True,False,True,False,rnaNMUZpvvg,-6.956076773745934,-6.967554166465451,-0.011477392719516644,-2.799999952316284,2,A,2,AV,4,3,1,1,0.29685571789741516,-1.1769046783447266,0.2948853373527527,-1.1842150688171387
0.3,False,False,False,False,rnaNMUZpvvg,-0.32426240662367434,-0.31767883458758206,0.006583572036092278,-2.5999999046325684,3,A,2,AT,5,4,1,1,-1.6637868881225586,-1.8568764925003052,-1.6698287725448608,-1.8600407838821411
0.3,False,True,False,True,rnaNMUZpvvg,0.2502329240625434,0.2699841991219074,0.019751275059364026,-0.4000000059604645,2,A,4,AV,6,1,1,5,-0.9390560388565063,0.33540078997612,-0.9298285245895386,0.342093288898468
0.3,False,True,False,True,rnaNMUZpvvg,3.2794337969144083,3.279747314731577,0.000313517817168929,-1.600000023841858,1,A,6,AV,7,2,1,5,-0.9082422852516174,0.338546484708786,-0.8842878937721252,0.3473035395145416
0.3,False,False,False,False,rnaNMUZpvvg,1.4322382312092652,1.4070184941551889,-0.02521973705407632,-1.399999976158142,2,A,6,A,8,3,1,5,-0.9849153757095337,-0.13329817354679108,-0.9794939160346985,-0.14149139821529388
0.3,False,False,False,False,rnaNMUZpvvg,1.0418321923484513,1.0269803082234148,-0.014851884125036463,-2.5999999046325684,3,A,6,ATV,9,4,1,5,-1.3691555261611938,-1.0009970664978027,-1.3641480207443237,-1.0017789602279663
0.3,False,False,False,False,rnaNMUZpvvg,0.02217665668740665,0.022868572337984006,0.0006919156505773572,-2.5999999046325684,3,A,7,AT,10,1,2,9,-2.0261285305023193,-2.0071213245391846,-2.0244898796081543,-2.004953384399414
0.3,False,False,False,False,rnaNMUZpvvg,-0.09572975962441888,-0.0943898475134688,0.0013399121109500811,-1.0,2,A,9,TV,11,1,1,10,-2.0747838020324707,-2.0292863845825195,-2.077054738998413,-2.032306671142578
0.3,False,False,False,False,rnaNMUZpvvg,0.021190271228078927,0.01660192309464037,-0.004588348133438558,-2.0,2,A,10,ATV,12,1,1,11,-1.410637617111206,-1.3929264545440674,-1.4254601001739502,-1.411189317703247
0.3,False,False,False,False,rnaNMUZpvvg,-0.04877623553615251,-0.05161000575320429,-0.0028337702170517787,-2.5999999046325684,2,V,11,TV,13,1,1,12,-1.8606921434402466,-1.8944506645202637,-1.851419448852539,-1.8867238759994507
0.3,False,False,False,False,rnaNMUZpvvg,0.19848897391382891,0.17624344112965673,-0.022245532784172184,-1.600000023841858,2,A,12,AV,14,1,1,13,-1.13071608543396,-0.9529170393943787,-1.145182728767395,-0.981047511100769
0.3,False,False,False,False,rnaNMUZpvvg,-0.010011469552466679,-0.008802918975263196,0.0012085505772034821,-1.7999999523162842,1,A,14,ATV,15,2,1,13,-1.903688907623291,-1.8272016048431396,-1.8943963050842285,-1.8103803396224976
0.3,False,False,False,False,rnaNMUZpvvg,-0.011614013481732854,-0.01261424038534642,-0.0010002269036135658,-1.600000023841858,2,A,14,ATV,16,1,1,15,-1.4082192182540894,-1.4413625001907349,-1.4023091793060303,-1.4373118877410889
0.3,False,False,False,False,rnaNMUZpvvg,-0.013369553092672959,-0.013032612378083286,0.000336940714589673,-2.200000047683716,2,A,15,AT,17,1,1,16,-2.0025157928466797,-2.039904832839966,-2.0037612915039062,-2.0403847694396973
0.3,False,False,False,False,rnaNMUZpvvg,-0.09506989617837291,-0.08649357708394234,0.008576319094430573,-1.399999976158142,2,A,16,ATV,18,1,1,17,-1.8624458312988281,-1.7446538209915161,-1.8596566915512085,-1.7532572746276855
0.3,False,False,False,False,rnaNMUZpvvg,-0.22123719664694974,-0.2013549130910377,0.01988228355591204,0.800000011920929,2,A,17,AV,19,1,1,18,-0.927929699420929,-0.8626797199249268,-0.9232253432273865,-0.8637760281562805
0.3,False,False,False,False,rnaNMUZpvvg,0.17618671798419427,0.162048145285425,-0.01413857269876928,-2.5999999046325684,1,A,19,V,20,2,1,18,-1.109877586364746,-1.0518877506256104,-1.1071215867996216,-1.053800106048584
0.3,False,False,False,False,rnaNMUZpvvg,0.013016018717152633,0.012256414265706894,-0.000759604451445739,-2.200000047683716,2,A,19,TV,21,3,1,18,-1.9819859266281128,-1.9539387226104736,-1.9868777990341187,-1.959838628768921
0.3,False,False,False,False,yvsjCA6Y5Fc,-0.1549804819307834,-0.15686408508435257,-0.0018836031535691689,-0.20000000298023224,2,A,1,ATV,3,1,1,2,-0.8035097718238831,-0.6574314832687378,-0.8115185499191284,-0.6659300923347473
0.3,False,False,False,False,yvsjCA6Y5Fc,-0.08040128690305437,-0.079551699876383,0.0008495870266713723,0.4000000059604645,2,A,2,AT,4,1,1,3,-0.7977567911148071,-0.7637096047401428,-0.7937594056129456,-0.7599611282348633
0.3,False,False,False,False,yvsjCA6Y5Fc,0.9512216654629384,0.9382661878980798,-0.012955477564858597,0.0,2,A,3,ATV,5,1,1,4,-1.6979877948760986,-1.9581583738327026,-1.6958048343658447,-1.9529516696929932
0.3,False,False,False,False,yvsjCA6Y5Fc,0.03425518819358331,0.023780556663723473,-0.010474631529859835,-1.7999999523162842,2,A,4,ATV,6,1,1,5,-1.2526131868362427,-1.2221699953079224,-1.2443068027496338,-1.22330641746521
0.3,False,False,False,False,yvsjCA6Y5Fc,-0.14502276989821983,-0.10405818863576854,0.04096458126245128,0.4000000059604645,2,A,5,AV,7,1,1,6,-0.5418859720230103,-0.46146759390830994,-0.5525286197662354,-0.49624359607696533
0.3,False,False,False,False,yvsjCA6Y5Fc,-0.01642122700013715,-0.02091748771213986,-0.004496260712002709,-1.399999976158142,1,A,7,T,8,2,1,6,-1.7363007068634033,-1.7109291553497314,-1.7527326345443726,-1.7217185497283936
0.3,False,False,False,False,yvsjCA6Y5Fc,0.022808785219538663,0.022735929509352104,-7.285571018655901e-05,-2.0,2,A,7,A,9,3,1,6,-1.1490414142608643,-1.135743498802185,-1.1472313404083252,-1.1340032815933228
0.3,False,False,False,False,yvsjCA6Y5Fc,-0.0882277175376629,-0.08490022915522744,0.0033274883824354617,2.0,3,A,7,A,10,4,1,6,-0.5436465740203857,-0.5262442827224731,-0.537645161151886,-0.5208615064620972
0.3,False,False,False,False,yvsjCA6Y5Fc,-0.00609289052999884,-0.005604253849469387,0.0004886366805294529,-0.6000000238418579,4,A,7,AT,11,5,1,6,-1.2580612897872925,-1.2534154653549194,-1.250921607017517,-1.2466024160385132
0.3,False,False,False,False,yvsjCA6Y5Fc,0.20305150930249738,0.20319452713900787,0.00014301783651049504,-2.0,5,A,7,V,12,1,4,11,-1.0952434539794922,-0.9892399311065674,-1.0954082012176514,-0.9893166422843933
0.3,False,False,False,False,yvsjCA6Y5Fc,0.026911838447318814,0.026493045002656146,-0.00041879344466266843,-1.0,6,A,7,AV,13,2,4,11,-0.944976270198822,-0.8269698023796082,-0.9463521242141724,-0.8286198973655701
0.3,False,False,False,False,yvsjCA6Y5Fc,-0.008385481132052064,-0.008953504695625725,-0.0005680235635736608,-2.0,1,A,13,T,14,3,2,11,-2.155102252960205,-2.1251847743988037,-2.158909320831299,-2.1276662349700928
0.3,False,False,False,False,yvsjCA6Y5Fc,-0.0022248456071451983,-0.0019206977522117086,0.0003041478549334897,-1.7999999523162842,2,A,13,AT,15,4,2,11,-2.018063545227051,-2.0129010677337646,-2.0132977962493896,-2.008746862411499
0.3,False,False,False,False,yvsjCA6Y5Fc,-0.023068440344662378,-0.022994163504904463,7.42768397579141e-05,-0.6000000238418579,3,A,13,TV,16,1,2,15,-0.8728463053703308,-0.8266642093658447,-0.8720803260803223,-0.8259060382843018
0.3,False,False,False,False,yvsjCA6Y5Fc,-0.5546143967990957,-0.5657585580472073,-0.011144161248111573,-2.200000047683716,2,A,15,AV,17,1,1,16,-1.0362805128097534,-1.3057804107666016,-1.0283668041229248,-1.301687240600586
0.3,False,False,False,False,yvsjCA6Y5Fc,-0.010577853363528789,-0.0186746359593144,-0.008096782595785612,-1.600000023841858,1,A,17,TV,18,2,1,16,-1.494993805885315,-1.6211767196655273,-1.4632927179336548,-1.603775143623352
0.3,False,False,False,False,yvsjCA6Y5Fc,0.07277182024614959,0.07730582068674607,0.004534000440596486,0.800000011920929,2,A,17,ATV,19,1,1,18,0.9974673390388489,1.1343129873275757,1.0201139450073242,1.154620885848999
0.3,False,False,False,False,yvsjCA6Y5Fc,-0.18456506021720998,-0.18919268153695157,-0.004627621319741593,-1.7999999523162842,2,V,18,ATV,20,1,1,19,-1.3698360919952393,-1.821814775466919,-1.3646239042282104,-1.818963646888733
0.3,False,False,False,False,yvsjCA6Y5Fc,-0.04905882080538504,-0.05603957050084318,-0.006980749695458144,-1.600000023841858,2,A,19,TV,21,1,1,20,-1.8224682807922363,-1.5791840553283691,-1.837156057357788,-1.614262342453003
0.3,False,False,False,False,yvsjCA6Y5Fc,0.0034757029992533717,0.0033499688162805796,-0.00012573418297279204,-1.2000000476837158,2,A,20,AT,22,1,1,21,-1.1072512865066528,-1.0900999307632446,-1.103266716003418,-1.087273359298706
0.3,False,False,False,False,pLTX3ipuDJI,0.4106159427800975,0.4286241349828126,0.0180081922027151,-1.2000000476837158,1,A,1,ATV,2,2,1,0,-0.7867752313613892,-0.43752336502075195,-0.7518941164016724,-0.40663817524909973
0.3,False,False,False,False,pLTX3ipuDJI,0.2644301216820715,0.27153724044710614,0.00710711876503467,-2.200000047683716,2,A,1,AT,3,1,1,2,-0.9181621074676514,-0.8188633322715759,-0.9051493406295776,-0.8042294383049011
0.3,False,False,False,False,pLTX3ipuDJI,0.052233574163551566,0.057830885738937354,0.005597311575385788,-2.0,2,A,2,T,4,1,1,3,-1.5475648641586304,-1.4931162595748901,-1.5415860414505005,-1.4823377132415771
0.3,False,False,False,False,pLTX3ipuDJI,-0.011742676279524744,-0.012405360327989001,-0.0006626840484642571,-1.399999976158142,3,A,2,T,5,2,1,3,-1.6489454507827759,-1.6241230964660645,-1.64351224899292,-1.6165475845336914
0.3,False,False,False,False,pLTX3ipuDJI,-0.03893924497216972,-0.04169268262127446,-0.0027534376491047396,0.800000011920929,4,A,2,AV,6,3,1,3,-0.5778822898864746,-0.5636789798736572,-0.5753985047340393,-0.5601574778556824
0.3,False,False,False,False,pLTX3ipuDJI,0.010896010600660588,0.011892659963223196,0.0009966493625626072,-2.0,5,A,2,ATV,7,4,1,3,-1.3356655836105347,-1.327514886856079,-1.3342210054397583,-1.3253487348556519
0.3,False,False,False,False,pLTX3ipuDJI,-0.06803168344820065,-0.06811717420411867,-8.549075591801625e-05,0.0,2,A,6,ATV,8,1,1,7,-0.7858656048774719,-0.7413184642791748,-0.7861573696136475,-0.7415701150894165
0.3,False,False,False,False,pLTX3ipuDJI,-0.20294893496556998,-0.20138054268506966,0.0015683922805003192,-1.600000023841858,2,A,7,V,9,1,1,8,-0.44573667645454407,-0.537279486656189,-0.4459480345249176,-0.5367712378501892
0.3,False,False,False,False,pLTX3ipuDJI,0.0197428294250242,0.019464930629689958,-0.00027789879533424156,0.6000000238418579,3,A,7,AT,10,2,1,8,0.13977718353271484,0.11880578845739365,0.13980737328529358,0.11912352591753006
0.3,False,False,False,False,pLTX3ipuDJI,-0.8465458340335204,-0.8531218011695607,-0.0065759671360403615,-2.0,3,A,8,TV,11,1,2,10,-0.45546621084213257,-0.7594199776649475,-0.4519573450088501,-0.7576979994773865
0.3,False,True,False,True,pLTX3ipuDJI,0.5513749509822927,0.5534115698474797,0.002036618865187023,-1.399999976158142,2,A,10,ATV,12,1,1,11,-0.006382552906870842,0.17909611761569977,-0.0017515961080789566,0.1838276982307434
0.3,False,False,False,False,pLTX3ipuDJI,0.41718065780940794,0.41516704861362985,-0.0020136091957780877,-2.0,2,V,11,A,13,1,1,12,-0.47707217931747437,-0.3457660973072052,-0.47642403841018677,-0.3457778990268707
0.3,False,False,False,False,pLTX3ipuDJI,0.36934897254763666,0.36445014380009044,-0.004898828747546213,-1.399999976158142,3,V,11,AV,14,2,1,12,-0.2007005512714386,-0.05550450086593628,-0.20290525257587433,-0.05929645895957947
0.3,False,False,False,False,pLTX3ipuDJI,0.011269854378497257,0.01119099978318161,-7.88545953156472e-05,-1.600000023841858,4,V,11,AT,15,3,1,12,-1.521038293838501,-1.4676942825317383,-1.5213656425476074,-1.4681881666183472
0.3,False,False,False,False,cW1FSBF59ik,-0.08037031341895684,-0.09273415959623676,-0.012363846177279925,-1.0,2,A,0,ATV,2,1,1,1,-0.6919052004814148,-1.1206320524215698,-0.6762992739677429,-1.1097633838653564
0.3,False,False,False,False,cW1FSBF59ik,-0.21929751753612337,-0.20659076718797564,0.012706750348147722,1.600000023841858,2,A,1,AT,3,1,1,2,0.8217536807060242,0.978413462638855,0.8297078013420105,0.9781002402305603
0.3,False,False,False,False,cW1FSBF59ik,0.028708102386488576,0.029848356360162143,0.0011402539736735662,2.0,2,A,2,ATV,4,1,1,3,1.4339754581451416,1.4091600179672241,1.4322218894958496,1.4065184593200684
0.3,False,False,False,False,cW1FSBF59ik,0.005360637664963974,0.0018195475184228371,-0.003541090146541137,1.2000000476837158,2,A,3,T,5,1,1,4,1.2492722272872925,1.111748218536377,1.262416958808899,1.1243996620178223
0.3,False,False,False,False,cW1FSBF59ik,-0.11268013735437066,-0.11487281287972095,-0.002192675525350296,0.5,3,A,3,A,6,2,1,4,0.8978314399719238,0.7135174870491028,0.8932974338531494,0.6995245814323425
0.3,False,False,False,False,cW1FSBF59ik,0.029869989728695145,0.030633316860942728,0.0007633271322475821,1.7999999523162842,4,A,3,T,7,3,1,4,1.2905585765838623,1.262040376663208,1.2949256896972656,1.265459656715393
0.3,False,False,False,False,cW1FSBF59ik,-0.07372341309202923,-0.07930661789093563,-0.005583204798906394,-2.4000000953674316,5,A,3,TV,8,4,1,4,-0.9776903986930847,-1.0038477182388306,-0.9741427898406982,-1.0022295713424683
0.3,False,False,False,False,cW1FSBF59ik,0.5873132963097731,0.5968175668176059,0.009504270507832757,-1.0,5,A,4,ATV,9,1,4,8,1.4048234224319458,1.5239827632904053,1.399231195449829,1.5205411911010742
0.3,True,False,True,False,cW1FSBF59ik,-2.231721220490229,-2.2206914260253576,0.0110297944648714,-1.0,2,V,8,AV,10,1,1,9,0.6231213808059692,-0.36533331871032715,0.6162174344062805,-0.3743264675140381
0.3,False,True,False,True,cW1FSBF59ik,3.4886445568806597,3.4358574597717393,-0.05278709710892038,2.200000047683716,1,A,10,AV,11,2,1,9,0.6936985850334167,-0.1994975358247757,0.6952295303344727,-0.18750739097595215
0.3,False,True,False,True,cW1FSBF59ik,5.780678164832206,5.751897885592653,-0.02878027923955262,2.0,2,A,10,AV,12,3,1,9,0.2220105230808258,-0.9903051257133484,0.2211780995130539,-0.9859848022460938
0.3,False,False,False,False,cW1FSBF59ik,0.2196481848932308,0.21782648995997533,-0.0018216949332554577,-1.2000000476837158,3,A,10,TV,13,4,1,9,-1.38471519947052,-1.7037538290023804,-1.3834718465805054,-1.7014862298965454
0.3,False,True,False,True,cW1FSBF59ik,6.532805398462069,6.514831203127929,-0.017974195334140575,-2.5999999046325684,2,A,12,AV,14,1,1,13,-0.48690375685691833,0.7163204550743103,-0.49326130747795105,0.7095587849617004
0.3,True,False,True,False,cW1FSBF59ik,-8.126043511598677,-8.188880707110467,-0.0628371955117899,3.0,1,A,14,A,15,2,1,13,-0.8723797798156738,0.3790685534477234,-0.8969818949699402,0.35470470786094666
0.3,False,False,False,False,cW1FSBF59ik,-0.11081487270149637,-0.11235449962299526,-0.0015396269214988934,2.4000000953674316,2,A,14,ATV,16,3,1,13,1.5461032390594482,1.613663673400879,1.5447602272033691,1.6131832599639893
0.3,False,False,False,False,cW1FSBF59ik,3.7893658736232174,3.761164132622117,-0.028201741001100622,2.5999999046325684,3,A,14,AV,17,1,2,16,1.0324113368988037,0.10066003352403641,1.0333473682403564,0.10689655691385269
0.3,False,False,False,False,cW1FSBF59ik,-0.19927625030036467,-0.195349201885616,0.003927048414748668,0.20000000298023224,1,A,17,ATV,18,2,1,16,0.713351845741272,0.4534834623336792,0.7043073773384094,0.4428512454032898
0.3,False,False,False,False,cW1FSBF59ik,0.0317866607147721,0.03147453810964862,-0.0003121226051234771,2.5,2,A,17,T,19,1,1,18,1.293975830078125,1.2808687686920166,1.2879211902618408,1.2750062942504883
0.3,False,False,False,False,cW1FSBF59ik,0.002074485837781026,0.0020520733937274827,-2.2412444053543368e-05,1.600000023841858,3,A,17,AT,20,2,1,18,1.3384041786193848,1.3344687223434448,1.3358606100082397,1.3320043087005615
0.3,False,False,False,False,cW1FSBF59ik,-0.5267565287437712,-0.5293979891212075,-0.002641460377436289,-1.0,3,A,18,AV,21,1,2,20,1.069421410560608,0.9379753470420837,1.0696719884872437,0.9375613927841187
0.3,False,False,False,False,cW1FSBF59ik,0.006075173307010573,0.0054169926197999985,-0.0006581806872105744,1.399999976158142,1,A,21,ATV,22,2,1,20,1.325724482536316,1.292333722114563,1.3318848609924316,1.2997170686721802
0.3,False,False,False,False,cW1FSBF59ik,0.04163691212912468,0.038967299407488554,-0.0026696127216361276,0.0,2,A,21,AT,23,1,1,22,0.5657896995544434,0.6014606356620789,0.5676026940345764,0.6009493470191956
0.3,False,True,False,True,tmZoasNr4rU,2.347379732372328,2.2141499384758845,-0.13322979389644374,-2.0,2,A,0,AV,2,1,1,1,-0.43521976470947266,0.18995819985866547,-0.44196081161499023,0.15444564819335938
0.3,False,False,False,False,tmZoasNr4rU,-0.2978268665977737,-0.2985634702080233,-0.000736603610249631,-0.800000011920929,1,A,2,ATV,3,2,1,1,-1.6102792024612427,-1.3989369869232178,-1.6342638731002808,-1.4304226636886597
0.3,False,False,False,False,tmZoasNr4rU,-0.09979570651401559,-0.0986052991975157,0.0011904073164998863,-0.800000011920929,2,A,2,AT,4,1,1,3,-1.8386845588684082,-1.7894796133041382,-1.8419972658157349,-1.793555736541748
0.3,False,False,False,False,tmZoasNr4rU,0.03727174852662074,0.034251996494518266,-0.003019752032102474,-1.7999999523162842,2,A,3,AV,5,1,1,4,-1.5104358196258545,-1.4519782066345215,-1.510923147201538,-1.4567545652389526
0.3,False,False,False,False,tmZoasNr4rU,-0.037688667345719296,-0.037978126240091115,-0.00028945889437181904,-1.0,1,A,5,AT,6,2,1,4,-1.8739008903503418,-1.852064609527588,-1.8589118719100952,-1.836511492729187
0.3,False,False,False,False,tmZoasNr4rU,0.05056705320248511,0.0528468928034016,0.002279839600916489,-2.0,2,A,5,V,7,1,1,6,-1.2165124416351318,-1.1848804950714111,-1.2119249105453491,-1.1790802478790283
0.3,False,False,False,False,tmZoasNr4rU,-0.04259853715676343,-0.04444015657611544,-0.0018416194193520141,-0.6000000238418579,3,A,5,TV,8,2,1,6,-1.9323073625564575,-1.9162235260009766,-1.9270317554473877,-1.9101805686950684
0.3,False,False,False,False,tmZoasNr4rU,0.01421050207702379,0.011543438768057968,-0.0026670633089658224,-1.7999999523162842,3,A,6,ATV,9,1,2,8,-0.9649348258972168,-0.9564691185951233,-0.9732859134674072,-0.9663336277008057
0.3,True,False,False,False,tmZoasNr4rU,-0.48258172537680716,-0.49108350401605083,-0.008501778639243673,-0.6000000238418579,2,V,8,ATV,10,1,1,9,0.3177380859851837,-0.0002821628004312515,0.3300340473651886,0.01145714521408081
0.3,False,False,False,False,tmZoasNr4rU,0.01433082629175697,-0.15713397575871113,-0.1714648020504681,-2.200000047683716,2,A,9,AV,11,1,1,10,-0.2739810645580292,-0.27026432752609253,-0.28376346826553345,-0.32521241903305054
0.3,False,False,False,False,tmZoasNr4rU,0.021473382554002995,0.0214614591052964,-1.1923448706596673e-05,-0.800000011920929,1,A,11,TV,12,2,1,10,-0.6147068738937378,-0.5637651085853577,-0.6090462803840637,-0.559324324131012
0.3,False,False,False,False,tmZoasNr4rU,-0.03163933980385991,-0.03134562403171515,0.00029371577214476474,-2.0,2,A,11,ATV,13,1,1,12,-1.608748197555542,-1.651519536972046,-1.607688069343567,-1.6499099731445312
0.3,False,False,False,False,tmZoasNr4rU,-0.9657187592247851,-0.9447364478680775,0.020982311356707584,0.25,2,V,12,V,14,1,1,13,-0.9468438625335693,-0.43316650390625,-0.9358189105987549,-0.4292864203453064
0.3,False,False,False,False,tmZoasNr4rU,0.6525614807685542,0.638877937405951,-0.013683543362603245,-1.399999976158142,3,V,12,AV,15,2,1,13,-1.1105918884277344,-0.54190993309021,-1.1076983213424683,-0.5489311218261719
0.3,False,False,False,False,tmZoasNr4rU,-0.11241429823677151,-0.10979105948308643,0.0026232387536850865,-1.399999976158142,4,V,12,ATV,16,3,1,13,-1.8059605360031128,-1.6288878917694092,-1.8046413660049438,-1.6322575807571411
0.3,False,False,False,False,tmZoasNr4rU,-0.10713457754809497,-0.10578130904724503,0.0013532685008499357,0.0,2,A,15,AT,17,1,1,16,-2.1935713291168213,-2.169013738632202,-2.1931588649749756,-2.1689085960388184
0.3,False,False,False,False,tmZoasNr4rU,-0.09857056957530119,-0.09511000953974857,0.003460560035552618,0.20000000298023224,2,A,16,ATV,18,1,1,17,-1.0910320281982422,-1.0522751808166504,-1.0900921821594238,-1.0526882410049438
0.3,False,False,False,False,tmZoasNr4rU,0.1160408217016311,0.1156638847232756,-0.0003769369783555021,-1.0,2,A,17,ATV,19,1,1,18,-1.9293829202651978,-1.9898451566696167,-1.9303971529006958,-1.9906072616577148
0.3,False,False,False,False,d6hH302o4v8,0.12073002419685341,0.1383101763493606,0.01758015215250719,-1.600000023841858,2,A,1,AV,3,1,1,2,-0.5095877647399902,-0.4555661380290985,-0.5063310265541077,-0.4448281526565552
0.3,False,False,False,False,d6hH302o4v8,0.028106051578546953,0.024012574598941683,-0.004093476979605271,-1.3333333730697632,1,A,3,AT,4,2,1,2,-0.9162182807922363,-0.883787989616394,-0.9360499382019043,-0.9068984985351562
0.3,False,False,False,False,d6hH302o4v8,-0.5583542809790742,-0.5396221965664836,0.018732084412590666,-2.0,2,A,3,ATV,5,1,1,4,-1.1151854991912842,-1.5261409282684326,-1.1305171251296997,-1.5348352193832397
0.3,False,False,False,False,d6hH302o4v8,1.5661569199409486,1.4317592966168036,-0.13439762332414507,-2.799999952316284,2,A,4,V,6,1,1,5,-0.6451007723808289,-0.30806347727775574,-0.647662878036499,-0.3374171257019043
0.3,False,False,False,False,d6hH302o4v8,0.5911112928735918,0.5363903934802039,-0.05472089939338787,-2.200000047683716,3,A,4,A,7,2,1,5,-0.8587812781333923,-0.6540443301200867,-0.8636188507080078,-0.6760889291763306
0.3,False,False,False,False,d6hH302o4v8,0.2745863062816767,0.24959691722290245,-0.024989389058774236,-2.4000000953674316,4,A,4,TV,8,3,1,5,-1.2221956253051758,-1.110888123512268,-1.2236615419387817,-1.1219667196273804
0.3,False,False,False,False,d6hH302o4v8,-0.0056604709514402884,-0.004540330656638503,0.0011201402948017858,-1.2000000476837158,4,A,5,T,9,1,3,8,-1.7195706367492676,-1.7140945196151733,-1.7267355918884277,-1.7224079370498657
0.3,False,False,False,False,d6hH302o4v8,-0.0045838301752070265,-0.0036696094662147516,0.0009142207089922749,-1.0,5,A,5,TV,10,2,3,8,-1.6249061822891235,-1.621227741241455,-1.6315819025039673,-1.6286700963974
0.3,False,False,False,False,d6hH302o4v8,-0.13331969065314198,-0.12747230751283212,0.005847383140309859,1.399999976158142,3,V,8,AT,11,1,2,10,0.8619112372398376,1.0047534704208374,0.8758636713027954,1.016272783279419
0.3,False,False,False,False,d6hH302o4v8,-0.5115362532428804,-0.39174558028115314,0.1197906729617273,-2.0,2,V,10,ATV,12,1,1,11,-1.274236798286438,-1.8767280578613281,-1.3695740699768066,-1.924559473991394
0.3,False,False,False,False,d6hH302o4v8,0.23930034515933585,0.22623541524303903,-0.013064929916296819,-1.7999999523162842,2,A,11,ATV,13,1,1,12,-1.626682162284851,-1.2810207605361938,-1.614595890045166,-1.289500117301941
0.3,False,False,False,False,d6hH302o4v8,0.023423060597409062,0.026278213022123964,0.002855152424714902,-1.75,2,A,12,ATV,14,1,1,13,-1.7044074535369873,-1.590307354927063,-1.7032572031021118,-1.5812898874282837
0.3,False,False,False,False,d6hH302o4v8,-0.00896773915593485,-0.00992297303577061,-0.0009552338798357596,-2.0,2,A,13,T,15,1,1,14,-2.245279550552368,-2.226261615753174,-2.2510786056518555,-2.2304723262786865
0.3,False,False,False,False,d6hH302o4v8,0.010454938493069221,0.011222551592581453,0.0007676130995122321,-2.0,3,A,13,ATV,16,2,1,14,-1.4186387062072754,-1.4097154140472412,-1.4240468740463257,-1.4143853187561035
0.3,False,False,False,False,d6hH302o4v8,-0.3809427539820227,-0.37902016843979425,0.001922585542228461,-2.0,3,A,14,V,17,1,2,16,-0.7943739891052246,-0.9643401503562927,-0.7973968982696533,-0.9669297933578491
0.3,False,False,False,False,d6hH302o4v8,-0.3046901794016321,-0.30458731410594453,0.00010286529568759306,-2.799999952316284,4,A,14,ATV,18,2,2,16,-1.339300274848938,-1.447611927986145,-1.3415122032165527,-1.4499632120132446
0.3,False,False,False,False,d6hH302o4v8,-0.11699197153336893,-0.1177408304839922,-0.0007488589506232657,1.0,3,A,16,AT,19,1,2,18,0.14460128545761108,0.21596238017082214,0.13073424994945526,0.20132477581501007
0.3,False,False,False,False,d6hH302o4v8,-2.530420915214121,-2.4723619752880417,0.058058939926079134,-2.4000000953674316,2,A,18,A,20,1,1,19,-0.1433582752943039,-0.7993716597557068,-0.15973936021327972,-0.8042538166046143
0.3,False,False,False,False,d6hH302o4v8,0.46489546041857466,0.44934626641014574,-0.015549194008428913,-1.0,3,A,18,AT,21,2,1,19,-1.8695695400238037,-2.1050097942352295,-1.8852112293243408,-2.1103806495666504
0.3,False,False,False,False,d6hH302o4v8,0.07612789015144017,0.04989938921062276,-0.026228500940817412,-2.5999999046325684,3,A,19,ATV,22,1,2,21,-1.9936118125915527,-1.933790922164917,-1.9948573112487793,-1.954944133758545
0.3,False,False,False,False,d6hH302o4v8,1.0019851485176083,0.9690397986130677,-0.03294534990454068,-2.799999952316284,2,A,21,AV,23,1,1,22,-0.48748111724853516,-0.2801331877708435,-0.4782307744026184,-0.27816492319107056
0.3,False,False,False,False,d6hH302o4v8,0.028207582241819296,0.020825775528621193,-0.0073818067131981024,-1.600000023841858,1,A,23,AT,24,2,1,22,-1.2748597860336304,-1.234044075012207,-1.304485559463501,-1.2711313962936401
0.3,False,False,False,False,d6hH302o4v8,0.19760213963945716,0.204308008568316,0.006705868928858827,-2.5999999046325684,2,A,23,V,25,1,1,24,-0.30318665504455566,-0.26056551933288574,-0.33474594354629517,-0.29009005427360535
0.3,False,False,False,False,d6hH302o4v8,0.04874041127534667,0.05149979816890493,0.0027593868935582577,-2.5999999046325684,3,A,23,TV,26,2,1,24,-1.1675660610198975,-1.1506527662277222,-1.1981613636016846,-1.179911494255066
0.3,False,False,False,False,d6hH302o4v8,0.10896764993098884,0.11599877648767176,0.007031126556682921,-1.0,3,A,24,AT,27,1,2,26,-1.4333571195602417,-1.544762372970581,-1.4741238355636597,-1.5837740898132324
0.3,False,False,False,False,d6hH302o4v8,0.49319805479970924,0.46201128804014857,-0.03118676675956067,-1.7999999523162842,2,V,26,ATV,28,1,1,27,-1.3121623992919922,-0.9449072480201721,-1.3309030532836914,-0.974128782749176
0.3,False,False,False,False,d6hH302o4v8,-0.043330857459920935,-0.03886823820835161,0.004462619251569322,-2.799999952316284,2,A,27,ATV,29,1,1,28,-1.7926123142242432,-1.8143534660339355,-1.7892296314239502,-1.808643102645874
0.3,False,False,False,False,d6hH302o4v8,0.0065948248102358775,0.009856037189592826,0.003261212379356948,-1.399999976158142,2,A,28,ATV,30,1,1,29,-1.7475593090057373,-1.756920576095581,-1.7417008876800537,-1.7558307647705078
0.3,False,False,False,False,d6hH302o4v8,0.0002534315580895452,-0.000774817805346828,-0.0010282493634363732,-0.6000000238418579,2,A,29,A,31,1,1,30,-0.662560760974884,-0.5354455709457397,-0.6635279655456543,-0.5428950190544128
0.3,False,False,False,False,d6hH302o4v8,0.608410942935226,0.5716142641108952,-0.0367966788243308,-3.0,3,A,29,AV,32,2,1,30,-1.0895657539367676,-0.936466634273529,-1.091774821281433,-0.9474558234214783
0.3,False,False,False,False,d6hH302o4v8,0.3796178886612438,0.3576182795576557,-0.021999609103588114,-3.0,4,A,29,ATV,33,3,1,30,-1.1596951484680176,-1.0592939853668213,-1.1611132621765137,-1.0663188695907593
0.3,False,False,False,False,d6hH302o4v8,0.06711155783011691,0.06547616909688259,-0.001635388733234322,-1.600000023841858,2,A,32,ATV,34,1,1,33,-1.6332483291625977,-1.8611838817596436,-1.623375415802002,-1.8569486141204834
0.3,False,False,False,False,d6hH302o4v8,0.9586860160761894,0.9024943809420165,-0.05619163513417291,-2.200000047683716,2,A,33,V,35,1,1,34,-1.0040959119796753,-0.6544021964073181,-1.000972867012024,-0.6702417135238647
0.3,False,False,False,False,d6hH302o4v8,0.1424535653932253,0.13813551207931596,-0.004318053313909331,-2.200000047683716,3,A,33,ATV,36,2,1,34,-1.8678176403045654,-1.697209119796753,-1.8636322021484375,-1.6987228393554688
0.3,False,False,False,False,d6hH302o4v8,0.16880169807525647,0.16731069073129845,-0.0014910073439580174,-3.0,3,A,34,A,37,1,2,36,-1.2465832233428955,-1.1990913152694702,-1.2476264238357544,-1.2005212306976318
0.3,False,False,False,False,d6hH302o4v8,0.3145425787013352,0.3128018017329026,-0.0017407769684325558,-3.0,4,A,34,AV,38,2,2,36,-1.140367031097412,-1.0576361417770386,-1.1416250467300415,-1.0592889785766602
0.3,False,False,False,False,d6hH302o4v8,0.08175071548516843,0.08145433233290689,-0.0002963831522615479,-1.0,1,A,38,A,39,3,2,36,-0.5387007594108582,-0.4572775065898895,-0.5336313843727112,-0.45323312282562256
0.3,False,False,False,False,d6hH302o4v8,0.33621967661647645,0.3329619896005873,-0.0032576870158891325,-2.4000000953674316,2,A,38,AV,40,4,2,36,-0.8587120175361633,-0.7532491683959961,-0.8584826588630676,-0.7540237903594971
0.3,False,False,False,False,d6hH302o4v8,-0.021514742921496577,-0.021292883799262086,0.00022185912223449122,-1.399999976158142,3,A,38,TV,41,5,2,36,-1.7295962572097778,-1.6951591968536377,-1.7294446229934692,-1.6953656673431396
0.3,False,False,False,False,d6hH302o4v8,-0.02618130047740408,-0.029845461336890367,-0.0036641608594862873,-2.5,2,A,40,AT,42,1,1,41,-1.456929087638855,-1.4695556163787842,-1.4579968452453613,-1.4724178314208984
0.3,False,False,False,False,dq3Nf_lMPnE,-0.00017051214887953137,-0.0005101850833986177,-0.0003396729345190863,-0.4000000059604645,3,A,0,ATV,3,1,2,2,-0.36222681403160095,-0.3645556569099426,-0.3281269371509552,-0.3317683935165405
0.3,False,False,False,False,dq3Nf_lMPnE,0.6619302152192432,0.6807911297993883,0.01886091458014505,1.2000000476837158,2,V,2,ATV,4,1,1,3,-1.674051284790039,-1.786988615989685,-1.6640725135803223,-1.7805540561676025
0.3,False,False,False,False,dq3Nf_lMPnE,-1.869387459448319,-1.8113767893529946,0.05801067009532446,0.800000011920929,2,A,3,AV,5,1,1,4,-1.2294602394104004,-0.6997737884521484,-1.232466459274292,-0.7230046391487122
0.3,False,False,False,False,dq3Nf_lMPnE,0.053156620810327126,0.04953820367636297,-0.003618417133964158,-2.0,1,A,5,TV,6,2,1,4,-1.957839846611023,-1.7656197547912598,-1.9610661268234253,-1.7740485668182373
0.3,False,False,False,False,dq3Nf_lMPnE,0.004616002932156638,0.005358457496738689,0.0007424545645820513,0.6000000238418579,2,A,5,ATV,7,1,1,6,-0.013481026515364647,-0.01723170094192028,-0.008548540994524956,-0.01293538324534893
0.3,False,False,False,False,dq3Nf_lMPnE,0.35242122150503974,0.35041168422023716,-0.002009537284802576,-0.800000011920929,2,V,6,AV,8,1,1,7,-0.6763613224029541,-1.4063891172409058,-0.6775770783424377,-1.4044824838638306
0.3,False,False,False,False,dq3Nf_lMPnE,0.13736216460102924,0.12672174485281573,-0.010640419748213503,1.0,1,A,8,AT,9,2,1,7,0.6819373965263367,0.5116087794303894,0.6891392469406128,0.5273942947387695
0.3,False,False,False,False,dq3Nf_lMPnE,-0.19710477764242484,-0.21061953390912352,-0.01351475626669868,-0.6000000238418579,2,A,8,V,10,1,1,9,-0.07424886524677277,-0.8816194534301758,-0.06437427550554276,-0.8761800527572632
0.3,False,False,False,False,dq3Nf_lMPnE,-1.3008408120456814,-1.3059785179870298,-0.005137705941348436,-1.600000023841858,3,A,8,A,11,2,1,9,-0.25877195596694946,-0.8942720890045166,-0.25785622000694275,-0.8961737155914307
0.3,False,False,False,False,dq3Nf_lMPnE,-0.18016700575456568,-0.18158097083816926,-0.0014139650836035855,-1.2000000476837158,4,A,8,ATV,12,3,1,9,-0.6887999773025513,-0.9151167273521423,-0.6873807907104492,-0.9150482416152954
0.3,False,True,False,True,dq3Nf_lMPnE,1.1870535690782646,1.1633700525604738,-0.02368351651779088,-1.7999999523162842,4,A,9,TV,13,1,3,12,-0.09048870950937271,0.22718584537506104,-0.09367554634809494,0.21864143013954163
0.3,False,False,False,False,dq3Nf_lMPnE,0.19034529706290826,0.206615489280229,0.016270192217320734,1.0,2,A,12,ATV,14,1,1,13,0.7751160860061646,0.5091659426689148,0.7642092108726501,0.48793283104896545
0.3,False,False,False,False,k5Y_838nuGo,0.03657588824270874,0.03522807646609749,-0.0013478117766112518,0.800000011920929,1,A,1,ATV,2,2,1,0,1.0995056629180908,1.1553583145141602,1.109354853630066,1.1618404388427734
0.3,False,False,False,False,k5Y_838nuGo,0.02519263645673675,0.025112431674454427,-8.020478228232264e-05,1.0,2,A,1,TV,3,1,1,2,0.7515864372253418,0.7052086591720581,0.7590710520744324,0.7116266489028931
0.3,False,False,False,False,k5Y_838nuGo,-0.012259601806263731,-0.014207088125431255,-0.001947486319167524,-1.3333333730697632,2,A,2,ATV,4,1,1,3,-1.1953942775726318,-1.2510679960250854,-1.1784169673919678,-1.2343788146972656
0.3,False,False,False,False,k5Y_838nuGo,-0.12305049035433058,-0.13611046714791897,-0.01305997679358839,2.0,2,V,3,AT,5,1,1,4,0.9858924150466919,1.0484939813613892,0.9741069674491882,1.0427403450012207
0.3,False,False,False,False,k5Y_838nuGo,-0.6305122461583323,-0.6256380313196246,0.004874214838707758,-2.4000000953674316,2,A,4,TV,6,1,1,5,-1.1790285110473633,-1.4724984169006348,-1.1846587657928467,-1.4772777557373047
0.3,False,False,False,False,k5Y_838nuGo,0.17967153801993518,0.14749003529261984,-0.03218150272731535,-1.399999976158142,2,A,5,ATV,7,1,1,6,-1.3718594312667847,-0.9751901030540466,-1.4047633409500122,-1.0159261226654053
0.3,False,False,False,False,k5Y_838nuGo,-0.007757107372754035,-0.014048344548314162,-0.006291237175560127,1.7999999523162842,2,V,6,TV,8,1,1,7,1.2476561069488525,1.254723310470581,1.2373372316360474,1.2499626874923706
0.3,False,False,False,False,k5Y_838nuGo,0.31077906380088294,0.2952849778998683,-0.015494085901014643,2.0,2,A,7,TV,9,1,1,8,1.16817045211792,0.9986411929130554,1.1774882078170776,1.014195442199707
0.3,False,False,False,False,k5Y_838nuGo,-0.01813752734381069,-0.02561345322988018,-0.00747592588606949,0.5,2,V,8,ATV,10,1,1,9,1.2305978536605835,1.2180777788162231,1.2319049835205078,1.2141928672790527
0.3,False,False,False,False,k5Y_838nuGo,-0.0684432555428316,-0.06954425326546954,-0.001100997722637942,0.20000000298023224,2,V,9,TV,11,1,1,10,0.7594758868217468,0.6945402026176453,0.7618230581283569,0.6960855722427368
0.3,False,False,False,False,k5Y_838nuGo,0.08268459551754859,0.08126023822296702,-0.0014243572945815686,0.6000000238418579,2,A,10,ATV,12,1,1,11,1.1043317317962646,1.1805472373962402,1.122507929801941,1.1952098608016968
0.3,False,False,False,False,k5Y_838nuGo,-2.250492634136151,-2.210133034443018,0.040359599693132964,-1.7999999523162842,2,V,11,V,13,1,1,12,0.9991891980171204,0.5632535815238953,1.0007890462875366,0.5736651420593262
0.3,False,False,False,False,k5Y_838nuGo,-0.4141782729829231,-0.4097964341782756,0.0043818388046474865,-0.800000011920929,3,V,11,ATV,14,2,1,12,1.4605236053466797,1.3669768571853638,1.460282564163208,1.3677363395690918
0.3,False,False,False,False,k5Y_838nuGo,-0.2885219931961558,-0.27130256189855473,0.017219431297601062,0.25,3,A,12,AT,15,1,2,14,-0.8999003767967224,-0.7667344212532043,-0.8976463675498962,-0.7726385593414307
0.3,True,False,True,False,k5Y_838nuGo,-0.7013874293081193,-0.7324779575012172,-0.031090528193097988,0.800000011920929,2,A,14,AT,16,1,1,15,-0.34322085976600647,0.021818457171320915,-0.36720210313796997,0.006348438560962677
0.3,False,False,False,False,k5Y_838nuGo,-0.003460861985132624,0.004364434222537739,0.007825296207670362,0.4000000059604645,2,A,15,ATV,17,1,1,16,1.2677230834960938,1.2657265663146973,1.265326976776123,1.2678451538085938
0.3,False,False,False,False,k5Y_838nuGo,-1.3993644167492847,-1.4180800704477425,-0.018715653698457846,-0.6000000238418579,2,A,16,AV,18,1,1,17,0.7489097714424133,0.0482231006026268,0.7510667443275452,0.038201622664928436
0.3,False,True,False,True,k5Y_838nuGo,0.3069509648359172,0.28228595351087105,-0.02466501132504617,0.4000000059604645,1,A,18,ATV,19,2,1,17,0.03252033889293671,-0.2648249864578247,0.052177250385284424,-0.23503276705741882
0.3,False,False,False,False,k5Y_838nuGo,-0.6862396436196472,-0.6835290214498355,0.0027106221698116606,-0.20000000298023224,2,A,18,AT,20,1,1,19,-1.7972309589385986,-1.5656160116195679,-1.7933259010314941,-1.562041997909546
0.3,False,False,False,False,k5Y_838nuGo,0.026035733536950545,0.026403835425590216,0.0003681018886396714,0.4000000059604645,2,A,19,T,21,1,1,20,0.9629620909690857,0.9856296181678772,0.9384475350379944,0.9624318480491638
0.3,False,False,False,False,k5Y_838nuGo,-0.004449698344373587,-0.0036096529028526447,0.0008400454415209424,-0.20000000298023224,3,A,19,ATV,22,2,1,20,1.0649945735931396,1.063234567642212,1.0594450235366821,1.0580111742019653
0.3,False,False,False,False,k5Y_838nuGo,0.026057541538218487,0.025029616161753587,-0.0010279253764649,0.6000000238418579,3,A,20,ATV,23,1,2,22,0.5405672192573547,0.4279831647872925,0.5467172861099243,0.4330609142780304
0.3,False,False,False,False,k5Y_838nuGo,-0.004916015217151681,0.008841591019709938,0.01375760623686162,-0.20000000298023224,2,A,22,A,24,1,1,23,-0.3710969090461731,-0.35607093572616577,-0.39268019795417786,-0.41439974308013916
0.3,False,False,False,False,k5Y_838nuGo,-0.14767864059602687,-0.07629975474470996,0.07137888585131691,2.0,3,A,22,V,25,2,1,23,0.4579353332519531,0.5065861940383911,0.43914201855659485,0.4637780487537384
0.3,False,False,False,False,k5Y_838nuGo,0.11382422916082646,0.053206348706150486,-0.060617880454675976,-0.800000011920929,4,A,22,AV,26,3,1,23,0.39323890209198,0.4400174617767334,0.3755050003528595,0.3979225158691406
0.3,False,False,False,False,k5Y_838nuGo,-0.12952792602658292,-0.07160672204753737,0.057921203979045544,2.0,5,A,22,AV,27,4,1,23,0.5363978743553162,0.5813375115394592,0.5220431685447693,0.5464699268341064
0.3,False,False,False,False,k5Y_838nuGo,-0.005372397733808043,-0.0015731896419275415,0.0037992080918805016,-0.75,6,A,22,ATV,28,5,1,23,-0.9368395805358887,-0.9218622446060181,-0.9446659088134766,-0.9405823349952698
0.3,True,False,True,False,k5Y_838nuGo,-1.9194765071257982,-1.9199729051256718,-0.0004963979998735546,1.600000023841858,2,A,27,V,29,1,1,28,-0.038497842848300934,0.7252436280250549,-0.035744667053222656,0.730696976184845
0.3,False,False,False,False,k5Y_838nuGo,1.823718294962523,1.8291280942630976,0.005409799300574614,-1.0,3,A,27,AV,30,2,1,28,0.17097504436969757,0.7874285578727722,0.17407220602035522,0.7909700274467468
0.3,False,True,False,True,iiK8YX8oH1E,4.061173190725459,4.068104791681748,0.006931600956288975,-2.0,2,A,1,AV,3,1,1,2,-0.3420487642288208,0.6095929741859436,-0.33761101961135864,0.6137409806251526
0.3,False,True,False,True,iiK8YX8oH1E,1.0794294538190037,1.125305273163234,0.04587581934423035,-0.4000000059604645,1,A,3,AV,4,2,1,2,-0.23959867656230927,0.6512649655342102,-0.18523450195789337,0.6823259592056274
0.3,False,False,False,False,iiK8YX8oH1E,0.1756415682611383,0.16345033268241238,-0.012191235578725923,0.20000000298023224,2,A,3,TV,5,3,1,2,1.2002754211425781,1.2845240831375122,1.2207002639770508,1.2978521585464478
0.3,False,False,False,False,iiK8YX8oH1E,-0.09446909645926382,-0.09752906533196892,-0.003059968872705099,-1.600000023841858,2,A,4,T,6,1,1,5,-1.2920682430267334,-1.6187852621078491,-1.287367820739746,-1.614485502243042
0.3,False,False,False,False,iiK8YX8oH1E,-0.4142936600620457,-0.41747662219585724,-0.003182962133811529,-1.0,3,A,4,V,7,2,1,5,-0.1635395884513855,-0.46579745411872864,-0.15994009375572205,-0.4631350040435791
0.3,False,False,False,False,iiK8YX8oH1E,0.17623843179371335,0.17635318342998474,0.00011475163627139295,0.4000000059604645,4,A,4,TV,8,3,1,5,-0.37460994720458984,-0.4810556173324585,-0.3735458552837372,-0.4801854193210602
0.3,False,False,False,False,iiK8YX8oH1E,0.0022542756959353927,-0.009204423480060342,-0.011458699175995735,0.0,4,V,5,AV,9,1,3,8,-0.1268027126789093,0.13540016114711761,-0.13449329137802124,0.09425508975982666
0.3,True,False,True,False,iiK8YX8oH1E,-0.5362780775402172,-0.5430879014087449,-0.006809823868527687,1.0,1,A,9,AV,10,2,1,8,-0.20585080981254578,0.04198220372200012,-0.22786374390125275,0.017879094928503036
0.3,False,False,False,False,iiK8YX8oH1E,-0.8152174887388202,-0.815404103465236,-0.00018661472641579024,1.7999999523162842,2,A,9,A,11,3,1,8,-0.2198060005903244,-0.006764724850654602,-0.2216239869594574,-0.00874526146799326
0.3,False,False,False,False,iiK8YX8oH1E,1.1919837278507108,1.1844160891084838,-0.00756763874222699,-2.0,3,A,9,AV,12,4,1,8,0.22293302416801453,0.47657322883605957,0.2181481570005417,0.47074833512306213
0.3,False,False,False,False,iiK8YX8oH1E,-0.0003620846603666905,-0.0003697746147253156,-7.689954358625073e-06,-1.2000000476837158,4,A,9,AT,13,5,1,8,-1.2378525733947754,-1.1672780513763428,-1.2378425598144531,-1.1674073934555054
0.3,False,False,False,False,iiK8YX8oH1E,-0.14134669604394617,-0.14913006918481297,-0.0077833731408668005,0.6000000238418579,2,A,12,TV,14,1,1,13,-0.1964191049337387,-0.10209450870752335,-0.22392606735229492,-0.12782147526741028
0.3,False,False,False,False,iiK8YX8oH1E,0.03684188008525585,0.03480219708837917,-0.0020396829968766794,0.0,2,A,13,ATV,15,1,1,14,-0.10402778536081314,-0.2183200865983963,-0.09865246713161469,-0.21103200316429138
0.3,False,False,False,False,iiK8YX8oH1E,-0.26330836793862034,-0.27833397188887066,-0.015025603950250321,1.600000023841858,2,V,14,A,16,1,1,15,0.3201996088027954,0.42757487297058105,0.30323782563209534,0.41540801525115967
0.3,False,False,False,False,iiK8YX8oH1E,0.031005141131355884,0.035725501139495464,0.004720360008139579,-1.0,3,V,14,ATV,17,2,1,15,0.5883254408836365,0.5980559587478638,0.5844719409942627,0.5957057476043701
0.3,True,False,True,False,tStelxIAHjw,-0.2646571698584603,-0.22882802674771274,0.03582914311074753,0.5,2,V,0,AT,2,1,1,1,-0.21117159724235535,0.008972637355327606,-0.12874935567378998,0.0919586718082428
0.3,True,False,True,False,tStelxIAHjw,-4.208475176582944,-4.267182005753796,-0.058706829170851904,-2.799999952316284,2,A,1,A,3,1,1,2,0.11396289616823196,-0.7305303812026978,0.13515442609786987,-0.7148262858390808
0.3,True,False,True,False,tStelxIAHjw,-3.2074540313646196,-3.233630610825575,-0.026176579460955196,-2.200000047683716,3,A,1,V,4,2,1,2,0.2852928936481476,-0.4768555462360382,0.30038100481033325,-0.46268177032470703
0.3,False,True,False,True,tStelxIAHjw,2.2166747616913263,2.2050532684977497,-0.011621493193576526,1.600000023841858,4,A,1,AV,5,3,1,2,0.38085126876831055,-0.3243176341056824,0.3812142610549927,-0.3210653066635132
0.3,False,False,False,False,tStelxIAHjw,0.04538550425438359,0.046344487707472126,0.0009589834530885355,1.399999976158142,5,A,1,ATV,6,4,1,2,1.2708120346069336,1.1508513689041138,1.2702957391738892,1.1486681699752808
0.3,False,False,False,False,tStelxIAHjw,-0.4170261116240823,-0.42144168411829597,-0.004415572494213649,-2.0,2,A,5,ATV,7,1,1,6,-0.6168314218521118,-0.7768363952636719,-0.6228365302085876,-0.7854475975036621
0.3,False,False,False,False,tStelxIAHjw,2.209331818096558,2.180688889468957,-0.028642928627601094,-1.399999976158142,2,A,6,AV,8,1,1,7,0.2593076825141907,0.8276969790458679,0.24688291549682617,0.8119928240776062
0.3,False,False,False,False,tStelxIAHjw,-0.4341019779187789,-0.4362075020455194,-0.0021055241267404767,-0.4000000059604645,1,A,8,ATV,9,2,1,7,-1.2580986022949219,-0.9497556090354919,-1.2670680284500122,-0.9617823958396912
0.3,False,False,False,False,tStelxIAHjw,1.6818565556224945,1.697288526771862,0.015431971149367563,-2.799999952316284,2,A,8,V,10,1,1,9,-0.41327470541000366,-0.08369474858045578,-0.41609442234039307,-0.08333028107881546
0.3,False,False,False,False,tStelxIAHjw,0.04808253073474589,0.04805109341279845,-3.14373219474362e-05,-1.0,3,A,8,ATV,11,2,1,9,-0.8484728932380676,-0.7334610819816589,-0.8512063026428223,-0.7350648045539856
0.3,False,False,False,False,tStelxIAHjw,-0.0040456989247985575,-0.0025255733504536693,0.0015201255743448883,-1.600000023841858,3,A,9,T,12,1,2,11,-1.6858175992965698,-1.6576104164123535,-1.6592893600463867,-1.6314587593078613
0.3,False,False,False,False,tStelxIAHjw,0.08529912364985126,0.08623587830666679,0.0009367546568155305,-1.7999999523162842,4,A,9,AV,13,2,2,11,-0.4009886384010315,-0.370828241109848,-0.39351290464401245,-0.3631834387779236
0.3,False,False,False,False,tStelxIAHjw,-0.046625333656037604,-0.04582286394061175,0.0008024697154258575,0.4000000059604645,1,A,13,V,14,3,2,11,-0.4456615149974823,-0.41762953996658325,-0.4811151623725891,-0.4547169506549835
0.3,False,False,False,False,tStelxIAHjw,0.018305761126242714,0.016386923453040936,-0.0019188376732017787,0.800000011920929,2,A,13,ATV,15,4,2,11,1.3997561931610107,1.414827823638916,1.391117811203003,1.4048199653625488
0.3,False,False,False,False,nbWiPyCm4g0,-0.9005952671355821,-0.8975868463031667,0.0030084208324154815,0.0,2,A,3,ATV,5,1,1,4,-1.2806328535079956,-0.8598983883857727,-1.2832362651824951,-0.8655105233192444
0.3,False,False,False,False,nbWiPyCm4g0,-0.0822717271225315,-0.08643600408646535,-0.004164276963933844,-1.2000000476837158,2,A,4,AT,6,1,1,5,-2.0510799884796143,-2.0012898445129395,-2.0569634437561035,-2.004953622817993
0.3,False,False,False,False,nbWiPyCm4g0,0.20085065290267323,0.1959688903249912,-0.004881762577682025,-2.200000047683716,2,A,5,AV,7,1,1,6,-1.2362453937530518,-1.1371389627456665,-1.2376155853271484,-1.1406829357147217
0.3,False,False,False,False,nbWiPyCm4g0,-0.0167397199802366,-0.015995517549058036,0.0007442024311785644,-1.399999976158142,1,A,7,AT,8,2,1,6,-1.7600091695785522,-1.7359566688537598,-1.7453573942184448,-1.7213661670684814
0.3,False,False,False,False,nbWiPyCm4g0,0.003913862078732677,0.0030244606951868036,-0.0008894013835458736,1.2000000476837158,2,A,7,ATV,9,1,1,8,1.0907526016235352,1.0741077661514282,1.1029621362686157,1.0884616374969482
0.3,False,False,False,False,etzxEpPuc6I,0.002603408692721132,0.0036242899794842742,0.0010208812867631423,-1.600000023841858,2,A,0,ATV,2,1,1,1,-1.5024646520614624,-1.4899247884750366,-1.4931554794311523,-1.4773621559143066
0.3,True,False,True,False,etzxEpPuc6I,-0.11073692481170139,-0.09799273048329782,0.012744194328403569,0.800000011920929,2,V,1,ATV,3,1,1,2,-0.06518365442752838,0.0013725319877266884,-0.03411547839641571,0.026853246614336967
0.3,False,False,False,False,etzxEpPuc6I,0.0229039758899674,0.023156711941755503,0.000252736051788105,0.0,2,A,2,TV,4,1,1,3,-0.21463146805763245,-0.2626226246356964,-0.2114933729171753,-0.26054972410202026
0.3,False,False,False,False,etzxEpPuc6I,-0.0035477737517970453,-0.003264869265187542,0.0002829044866095032,0.4000000059604645,2,A,3,TV,5,1,1,4,0.2303122580051422,0.24110960960388184,0.21814949810504913,0.22735951840877533
0.3,False,False,False,False,etzxEpPuc6I,0.003007276038019313,0.0010583105490695743,-0.0019489654889497388,-1.2000000476837158,2,V,4,ATV,6,1,1,5,-1.1574405431747437,-1.1305840015411377,-1.2073386907577515,-1.1666508913040161
0.3,False,False,False,False,etzxEpPuc6I,0.007359192093705502,0.0026377526594529854,-0.004721439434252517,-1.0,2,V,5,ATV,7,1,1,6,-1.0506789684295654,-0.9003629088401794,-1.068460464477539,-0.9144161939620972
0.3,False,False,False,False,etzxEpPuc6I,0.5086521691174539,0.5206041717400467,0.011952002622592772,-2.799999952316284,2,A,6,AT,8,1,1,7,-1.4882172346115112,-1.3068736791610718,-1.4860388040542603,-1.3009675741195679
0.3,False,False,False,False,etzxEpPuc6I,-0.010555197324720211,-0.012984380308736831,-0.00242918298401662,-1.399999976158142,2,A,7,AT,9,1,1,8,-1.5081380605697632,-1.4337438344955444,-1.5178133249282837,-1.4299266338348389
0.3,False,False,False,False,etzxEpPuc6I,-0.012460537308228936,-0.01044528475311779,0.0020152525551111466,-1.600000023841858,2,A,8,ATV,10,1,1,9,-1.3763705492019653,-1.4062228202819824,-1.3764530420303345,-1.4011836051940918
0.3,False,False,False,False,etzxEpPuc6I,-0.05588856177809021,-0.06369454102423333,-0.007805979246143124,0.6666666865348816,2,A,9,ATV,11,1,1,10,-1.3007687330245972,-1.2865136861801147,-1.2990862131118774,-1.2828178405761719
0.3,False,False,False,False,etzxEpPuc6I,-0.2666763733991502,-0.26627883552730225,0.00039753787184793055,-2.200000047683716,2,A,10,ATV,12,1,1,11,-1.5675454139709473,-1.8348665237426758,-1.567579746246338,-1.8343819379806519
0.3,False,False,False,False,etzxEpPuc6I,-0.014775237463595658,-0.016477841431381535,-0.0017026039677858762,-1.2000000476837158,2,A,11,TV,13,1,1,12,-1.3306812047958374,-1.1520174741744995,-1.3313781023025513,-1.1720294952392578
0.3,False,False,False,False,etzxEpPuc6I,-0.15219564931862273,-0.1481775157512608,0.0040181335673619145,0.20000000298023224,2,A,12,V,14,1,1,13,-0.3889370560646057,-0.24119293689727783,-0.37569257616996765,-0.22807058691978455
0.3,False,False,False,False,etzxEpPuc6I,0.7283402135844312,0.7175064998618126,-0.010833713722618654,-2.4000000953674316,3,A,12,A,15,2,1,13,-0.7052459120750427,-0.5024933218955994,-0.701696515083313,-0.5021746158599854
0.3,False,False,False,False,etzxEpPuc6I,0.06009449940968192,0.059605242901619004,-0.0004892565080629185,-0.4000000059604645,4,A,12,ATV,16,3,1,13,-0.14497017860412598,-0.04625615477561951,-0.14293499290943146,-0.045475445687770844
0.3,False,False,False,False,etzxEpPuc6I,-0.0011007447061075482,-0.0008857282373782027,0.00021501646872934543,1.399999976158142,4,V,13,ATV,17,1,3,16,1.4594886302947998,1.4493776559829712,1.4577361345291138,1.449474573135376
0.3,True,False,True,False,etzxEpPuc6I,-0.3282079187817144,-0.3292571023034292,-0.0010491835217147916,-0.5,2,A,16,ATV,18,1,1,17,0.15687179565429688,-0.17863939702510834,0.15381933748722076,-0.1865951120853424
0.3,False,False,False,False,v0zCBqDeKcE,-0.000825254117842178,0.0032118212784837397,0.004037075396325918,0.6000000238418579,2,A,0,AV,2,1,1,1,0.5701738595962524,0.5919784307479858,0.5514528155326843,0.5253766179084778
0.3,False,False,False,False,v0zCBqDeKcE,0.0038702375263230393,0.004406480204729668,0.0005362426784066288,0.0,1,A,2,ATV,3,2,1,1,0.03620309382677078,0.07197847962379456,0.05317922681570053,0.08505592495203018
0.3,False,False,False,False,v0zCBqDeKcE,-0.05445085337073863,-0.05258838588429171,0.001862467486446917,2.0,2,A,2,ATV,4,1,1,3,1.3591307401657104,1.4031226634979248,1.3632265329360962,1.40595281124115
0.3,False,False,False,False,v0zCBqDeKcE,-0.0510367191476746,-0.0497917972944073,0.0012449218532673,0.800000011920929,2,A,3,AT,5,1,1,4,1.0688347816467285,0.9457237720489502,1.0638349056243896,0.940773069858551
0.3,False,False,False,False,v0zCBqDeKcE,0.10612263177309234,0.1397782194035102,0.03365558763041787,1.399999976158142,2,A,4,ATV,6,1,1,5,0.18413682281970978,0.14125224947929382,0.19002845883369446,0.13358405232429504
0.3,False,False,False,False,v0zCBqDeKcE,-0.18963803601211637,-0.18961763569221546,2.0400319900915065e-05,1.7999999523162842,2,A,5,T,7,1,1,6,0.9653962254524231,1.0880130529403687,0.9609134197235107,1.0827492475509644
0.3,False,False,False,False,v0zCBqDeKcE,-0.6088170940358744,-0.6076747257331299,0.0011423683027445009,1.7999999523162842,3,A,5,AV,8,2,1,6,0.46106213331222534,0.7119110822677612,0.45640718936920166,0.7056660056114197
0.3,False,False,False,False,v0zCBqDeKcE,-0.07981642693583524,-0.07894830710186795,0.0008681198339672846,2.200000047683716,4,A,5,TV,9,3,1,6,1.304079294204712,1.3497897386550903,1.303422212600708,1.3485873937606812
0.3,False,False,False,False,v0zCBqDeKcE,0.19816493148960035,0.19811346658570983,-5.1464903890519054e-05,1.600000023841858,2,A,8,AT,10,1,1,9,0.8343709111213684,0.7143630385398865,0.8346407413482666,0.714625358581543
0.3,False,False,False,False,v0zCBqDeKcE,-0.1364708870735214,-0.1412013661348155,-0.004730479061294091,-0.4000000059604645,2,V,9,AT,11,1,1,10,-1.2831799983978271,-1.2022069692611694,-1.3086817264556885,-1.2273458242416382
0.3,False,False,False,False,v0zCBqDeKcE,-0.6155936560342106,-0.5994573114583623,0.016136344575848227,1.7999999523162842,2,A,10,ATV,12,1,1,11,0.4380022883415222,0.6866967678070068,0.44579315185546875,0.6889559626579285
0.3,False,False,False,False,v0zCBqDeKcE,0.0966212637298014,0.0962076081795118,-0.00041365555028960443,1.5,2,A,11,ATV,13,1,1,12,0.8139121532440186,0.7467817068099976,0.8081235885620117,0.7417780160903931
0.3,False,False,False,False,v0zCBqDeKcE,0.21293031673121732,0.21040799813006572,-0.0025223186011515963,2.4000000953674316,2,A,12,T,14,1,1,13,1.223721981048584,1.1364493370056152,1.2438042163848877,1.156136393547058
0.3,False,False,False,False,v0zCBqDeKcE,0.01754303081395392,0.017347258547817823,-0.0001957722661360961,0.0,3,A,12,T,15,2,1,13,-0.28360146284103394,-0.31300610303878784,-0.26323196291923523,-0.29434388875961304
0.3,False,False,False,False,f_pcplsH_V0,-0.28146562091653493,-0.2993674887894713,-0.01790186787293635,1.2000000476837158,2,V,2,AT,4,1,1,3,-1.6530051231384277,-1.6032432317733765,-1.5989989042282104,-1.545000433921814
0.3,False,False,False,False,f_pcplsH_V0,-1.531290076855111,-1.467578899527819,0.06371117732729203,1.600000023841858,2,A,3,V,5,1,1,4,-1.2154319286346436,-0.928906261920929,-1.212864637374878,-0.938627302646637
0.3,False,False,False,False,f_pcplsH_V0,-0.14749466924490662,-0.14472139348583823,0.002773275759068383,0.0,3,A,3,AT,6,2,1,4,-1.8761405944824219,-1.836411952972412,-1.8717190027236938,-1.8326512575149536
0.3,False,False,False,False,f_pcplsH_V0,-0.686978210741632,-0.6737752524971654,0.0132029582444666,0.800000011920929,3,A,4,AV,7,1,2,6,-1.0388553142547607,-0.8414660096168518,-1.0383120775222778,-0.844875693321228
0.3,False,False,False,False,f_pcplsH_V0,0.10687057130859046,0.1002350553881115,-0.0066355159204789516,-2.4000000953674316,1,A,7,TV,8,2,1,6,-1.769572138786316,-1.689852237701416,-1.7747496366500854,-1.6991626024246216
0.3,False,False,False,False,f_pcplsH_V0,-0.5749990797011435,-0.5811465384670669,-0.006147458765923375,1.2000000476837158,2,A,7,V,9,1,1,8,-0.8429040312767029,-0.6969601511955261,-0.8429503440856934,-0.6953890323638916
0.3,False,False,False,False,f_pcplsH_V0,-0.1929206541981685,-0.19626690383898193,-0.0033462496408134257,-0.4000000059604645,3,A,7,A,10,2,1,8,-1.390883445739746,-1.2882169485092163,-1.3896849155426025,-1.2849911451339722
0.3,False,False,False,False,f_pcplsH_V0,-0.0967852711680166,-0.09767899791938817,-0.0008937267513715597,-0.800000011920929,4,A,7,ATV,11,3,1,8,-1.566612958908081,-1.5006498098373413,-1.5663268566131592,-1.4996984004974365
0.3,False,False,False,False,f_pcplsH_V0,-0.295868337230786,-0.30468465184566185,-0.008816314614875864,1.600000023841858,4,V,8,ATV,12,1,3,11,0.5896083116531372,0.7485171556472778,0.5863448977470398,0.7498164772987366
0.3,False,False,False,False,f_pcplsH_V0,-0.16825265230778896,-0.16955453371527174,-0.0013018814074827745,-1.0,2,A,11,A,13,1,1,12,-0.46779876947402954,-1.339095115661621,-0.46746185421943665,-1.3377015590667725
0.3,False,False,False,False,f_pcplsH_V0,0.6743071058272676,0.671095695543201,-0.0032114102840665737,-1.0,3,A,11,TV,14,2,1,12,-1.7137413024902344,-2.0879952907562256,-1.7147630453109741,-2.0871899127960205
0.3,False,False,False,False,tIrG4oNLFzE,-0.00820282900804159,0.0023437265882648717,0.010546555596306462,2.5999999046325684,2,A,0,ATV,2,1,1,1,1.515161395072937,1.5189486742019653,1.517431378364563,1.5163494348526
0.3,False,False,False,False,tIrG4oNLFzE,0.15392006138410963,0.16956221304917563,0.015642151665065995,1.399999976158142,2,A,1,V,3,1,1,2,0.6524904370307922,0.5557899475097656,0.6541894674301147,0.5480636358261108
0.3,False,False,False,False,tIrG4oNLFzE,0.15266734656042757,0.16256090106635668,0.009893554505929103,0.4000000059604645,3,A,1,TV,4,2,1,2,-0.6283299326896667,-0.7000589966773987,-0.63338702917099,-0.7092563509941101
0.3,False,False,False,False,tIrG4oNLFzE,-1.056036624866743,-1.1141465304049385,-0.058109905538195505,1.25,3,A,2,AV,5,1,2,4,0.19816312193870544,1.0256694555282593,0.16899040341377258,1.0166864395141602
0.3,False,False,False,False,tIrG4oNLFzE,0.24189419804595502,0.2485899882651843,0.006695790219229281,-1.399999976158142,1,A,5,AT,6,2,1,4,-1.1696854829788208,-0.856917142868042,-1.176748275756836,-0.8537113070487976
0.3,False,False,False,False,tIrG4oNLFzE,-0.08321950694316627,-0.08550011369663935,-0.00228060675347308,-1.2000000476837158,2,A,5,ATV,7,1,1,6,-1.5430092811584473,-1.3855689764022827,-1.5463935136795044,-1.38571035861969
0.3,False,False,False,False,tIrG4oNLFzE,-0.22768623694571488,-0.22921872787348718,-0.001532490927772301,-1.0,2,A,6,ATV,8,1,1,7,-1.6949797868728638,-1.5052827596664429,-1.6885502338409424,-1.4948562383651733
0.3,False,False,False,False,tIrG4oNLFzE,-0.002283372641855408,-0.002777855497001269,-0.0004944828551458613,-1.7999999523162842,2,A,7,T,9,1,1,8,-1.8775538206100464,-1.861083745956421,-1.880091905593872,-1.8603063821792603
0.3,False,False,False,False,tIrG4oNLFzE,0.008941063016909112,0.011427241420815193,0.002486178403906081,-1.600000023841858,3,A,7,TV,10,2,1,8,-0.8892035484313965,-0.8829416632652283,-0.89156574010849,-0.883545994758606
0.3,False,False,False,False,tIrG4oNLFzE,-0.17366345330422917,-0.17740250675171865,-0.003739053447489482,-2.5999999046325684,3,A,8,V,11,1,2,10,-1.4632840156555176,-1.54242742061615,-1.4579983949661255,-1.5385080575942993
0.3,False,False,False,False,tIrG4oNLFzE,-0.15209685509589477,-0.15391693867512757,-0.0018200835792328007,-2.0,4,A,8,A,12,2,2,10,-0.9889147877693176,-1.0671567916870117,-0.9867925047874451,-1.0658305883407593
0.3,False,False,False,False,tIrG4oNLFzE,-0.024265673057684012,-0.024853251318248226,-0.0005875782605642144,-2.4000000953674316,5,A,8,T,13,3,2,10,-1.9424686431884766,-1.9698032140731812,-1.9379962682724,-1.9657256603240967
0.3,False,False,False,False,tIrG4oNLFzE,-0.03343345830154831,-0.03431534231445976,-0.0008818840129114491,-2.0,6,A,8,ATV,14,4,2,10,0.43286603689193726,0.42598509788513184,0.43497663736343384,0.42792007327079773
0.3,False,False,False,False,tIrG4oNLFzE,-0.31110032362232687,-0.3028344689885216,0.008265854633805247,-1.600000023841858,5,V,10,ATV,15,1,4,14,-0.9627695083618164,-1.2918403148651123,-0.9709750413894653,-1.2953068017959595
0.3,False,False,False,False,tIrG4oNLFzE,0.06643353236834876,0.06405092914184962,-0.002382603226499136,-0.4000000059604645,2,A,14,AT,16,1,1,15,-0.23169715702533722,-0.09216988831758499,-0.22966551780700684,-0.09493482112884521
0.3,False,False,False,True,tIrG4oNLFzE,0.2641066441573363,0.33407420686834044,0.06996756271100413,-2.200000047683716,2,A,15,V,17,1,1,16,-0.08278614282608032,-0.02130746655166149,-0.0706866979598999,0.006365640088915825
0.3,False,False,False,False,cM3Yna7AavY,0.2551308808789099,0.24964533660543964,-0.005485544273470255,1.0,2,A,0,AT,2,1,1,1,0.30358341336250305,0.13969369232654572,0.3232477903366089,0.15878725051879883
0.3,False,False,False,False,cM3Yna7AavY,-0.3328161205880349,-0.28956290157842,0.043253219009614874,0.6000000238418579,2,A,1,AT,3,1,1,2,-0.6168003678321838,-0.47134822607040405,-0.5876573324203491,-0.45875731110572815
0.3,False,False,False,False,cM3Yna7AavY,-0.3607482439660572,-0.3521889076739626,0.0085593362920946,2.799999952316284,2,A,2,TV,4,1,1,3,1.2161833047866821,1.3344874382019043,1.2310822010040283,1.3476521968841553
0.3,False,True,False,True,cM3Yna7AavY,6.173840129362414,6.194392986573206,0.020552857210791586,2.799999952316284,2,A,3,A,5,1,1,4,0.5793097615242004,-0.5324623584747314,0.5924758315086365,-0.5267936587333679
0.3,False,False,False,False,cM3Yna7AavY,0.4197324062587171,0.4239785600985897,0.004246153839872591,3.0,3,A,3,ATV,6,2,1,4,1.5061029195785522,1.3716692924499512,1.506935477256775,1.3711291551589966
0.3,False,False,False,False,cM3Yna7AavY,0.04542547767698579,0.04970379936648328,0.0042783216894974885,-0.6000000238418579,3,V,4,TV,7,1,2,6,-0.7476828098297119,-0.8592984676361084,-0.7517645955085754,-0.8696966767311096
0.3,False,False,False,False,cM3Yna7AavY,-1.0171442843989629,-1.0060001171456674,0.011144167253295478,-0.20000000298023224,2,A,6,ATV,8,1,1,7,-1.6646391153335571,-1.2620844841003418,-1.652169942855835,-1.2501416206359863
0.3,False,False,False,False,cM3Yna7AavY,-0.07100625785824377,-0.05298519958017778,0.018021058278065993,1.600000023841858,2,V,7,ATV,9,1,1,8,1.261170744895935,1.39071786403656,1.2998377084732056,1.407354712486267
0.3,False,False,False,False,cM3Yna7AavY,0.30322474655912046,0.30569060243311696,0.002465855873996503,2.0,2,A,8,AT,10,1,1,9,0.9555478692054749,0.8192777633666992,0.9510864615440369,0.8142891526222229
0.3,False,False,False,False,cM3Yna7AavY,-0.026270432697813817,-0.027681326716177068,-0.0014108940183632512,-1.0,2,A,9,AT,11,1,1,10,-0.8326054811477661,-0.9581611156463623,-0.8296538591384888,-0.9634420871734619
0.3,False,True,False,True,cM3Yna7AavY,2.4334322515871394,2.3819760305836253,-0.0514562210035141,-1.600000023841858,2,A,10,AV,12,1,1,11,-0.37184518575668335,0.3853957951068878,-0.37732836604118347,0.36898499727249146
0.3,False,False,False,False,cM3Yna7AavY,3.4560505313330534,3.4918638623145135,0.03581333098146011,-2.5999999046325684,1,A,12,AV,13,2,1,11,0.3291880190372467,0.8693217039108276,0.3030962347984314,0.852510929107666
0.3,False,True,False,True,cM3Yna7AavY,3.5048476045763612,3.4688729644383693,-0.0359746401379919,-2.4000000953674316,2,A,12,A,14,3,1,11,-0.248861163854599,0.4517092704772949,-0.26515260338783264,0.43309834599494934
0.3,False,False,False,False,cM3Yna7AavY,0.8027303652579576,0.7830147920221435,-0.019715573235814077,-2.799999952316284,3,A,12,TV,15,4,1,11,-1.2647223472595215,-1.0224151611328125,-1.2736258506774902,-1.0356777906417847
0.3,False,False,False,False,lXPQBPVc5Cw,-0.1655949521407365,-0.1613601267109317,0.0042348254298048005,-1.2000000476837158,2,A,1,TV,3,1,1,2,-1.6580384969711304,-1.4102481603622437,-1.6477192640304565,-1.3977179527282715
0.3,False,False,False,False,lXPQBPVc5Cw,-0.04202841153475845,-0.04304293706525186,-0.0010145255304934153,-1.0,2,A,2,ATV,4,1,1,3,-1.2763006687164307,-1.1852394342422485,-1.2929514646530151,-1.2068275213241577
0.3,False,False,False,False,lXPQBPVc5Cw,0.0036381081908984925,0.00547395277931173,0.001835844588413238,-1.399999976158142,2,V,3,ATV,5,1,1,4,-2.2070162296295166,-2.2092671394348145,-2.2015225887298584,-2.204930067062378
0.3,False,False,False,False,lXPQBPVc5Cw,0.045111171442542286,0.0393166963902587,-0.0057944750522835875,-2.799999952316284,2,A,4,ATV,6,1,1,5,-1.9536031484603882,-1.927361011505127,-1.9539742469787598,-1.9310487508773804
0.3,False,False,False,False,lXPQBPVc5Cw,0.021733164212918155,0.03346851848658261,0.011735354273664456,2.5999999046325684,2,A,5,AT,7,1,1,6,0.8109251856803894,0.8048616051673889,0.8151665329933167,0.8058152198791504
0.3,False,False,False,False,lXPQBPVc5Cw,-1.4665865941928047,-1.4525434900621548,0.014043104130649908,-2.5999999046325684,2,A,6,ATV,8,1,1,7,-1.0865715742111206,-1.6923222541809082,-1.091770887374878,-1.6932412385940552
0.3,False,False,False,False,lXPQBPVc5Cw,2.9854356328105176,2.513637964366435,-0.4717976684440828,-2.200000047683716,2,A,7,A,9,1,1,8,-0.8722342848777771,-0.020918233320116997,-0.9017676115036011,-0.1508428007364273
0.3,False,False,False,False,lXPQBPVc5Cw,0.11497644167131682,0.0910411979744481,-0.023935243696868724,-1.7999999523162842,3,A,7,TV,10,2,1,8,-1.7472525835037231,-1.4568400382995605,-1.7582662105560303,-1.4953970909118652
0.3,False,False,False,False,lXPQBPVc5Cw,-0.021084846479070052,-0.019495571349580132,0.0015892751294899199,-2.0,3,A,8,ATV,11,1,2,10,-1.8116559982299805,-1.8800474405288696,-1.816986322402954,-1.8816850185394287
0.3,False,False,False,False,lXPQBPVc5Cw,-0.294550048384,-0.233697967443959,0.06085208094004102,2.799999952316284,2,V,10,ATV,12,1,1,11,0.897726833820343,0.9767904281616211,0.9297853112220764,0.993344247341156
0.3,False,False,False,False,lXPQBPVc5Cw,-0.08017505422670013,-0.06285042352693893,0.0173246306997612,-2.200000047683716,2,A,11,ATV,13,1,1,12,-1.8842474222183228,-2.339730739593506,-1.9110766649246216,-2.343618631362915
0.3,False,True,False,True,lXPQBPVc5Cw,7.067157537858694,6.525687572759459,-0.5414699650992354,-2.799999952316284,2,A,12,AV,14,1,1,13,-0.9429705142974854,0.4427945017814636,-0.9727828502655029,0.3407658636569977
0.3,False,False,False,False,lXPQBPVc5Cw,-1.4078779510433468,-1.3567066035871993,0.05117134745614749,0.20000000298023224,1,A,14,TV,15,2,1,13,-1.6812708377838135,-1.2598979473114014,-1.691096305847168,-1.289811611175537
0.3,False,False,False,False,lXPQBPVc5Cw,0.6131133007372114,0.6152376046353716,0.002124303898160207,-1.7999999523162842,2,A,14,AT,16,1,1,15,0.7345314621925354,0.852727472782135,0.7285577058792114,0.8474217057228088
0.3,True,False,True,False,lXPQBPVc5Cw,-2.9802962106308657,-3.038523331966818,-0.058227121335952425,-1.399999976158142,2,V,15,V,17,1,1,16,0.49359217286109924,-0.6219286322593689,0.5036082863807678,-0.635015606880188
0.3,False,False,False,False,lXPQBPVc5Cw,-0.38303031346519845,-0.37438179184334786,0.008648521621850591,-1.7999999523162842,3,V,15,ATV,18,2,1,16,-1.152407169342041,-1.6093534231185913,-1.163887858390808,-1.626055121421814
0.3,False,False,False,False,lXPQBPVc5Cw,0.306140156670196,0.28974010628552094,-0.01640005038467507,-1.7999999523162842,3,A,16,TV,19,1,2,18,-1.5395344495773315,-1.1884589195251465,-1.5403181314468384,-1.2023589611053467
0.3,False,False,False,False,lXPQBPVc5Cw,-0.21175661011477587,-0.20659745799622442,0.005159152118551447,1.7999999523162842,2,A,18,TV,20,1,1,19,0.8978878259658813,1.0240813493728638,0.9021077156066895,1.0256531238555908
0.3,False,False,False,False,lXPQBPVc5Cw,0.3647418910883431,0.3427086054531969,-0.02203328563514617,2.5999999046325684,2,V,19,ATV,21,1,1,20,1.5345330238342285,1.3752707242965698,1.5359370708465576,1.3855295181274414
0.3,True,False,True,False,lXPQBPVc5Cw,-2.8413294061132035,-3.109307272982707,-0.2679778668695034,-2.4000000953674316,2,V,20,AV,22,1,1,21,0.4458296597003937,-0.1070941686630249,0.43866509199142456,-0.17542985081672668
0.3,False,False,False,False,lXPQBPVc5Cw,-1.2656788406276123,-1.2223296733833175,0.04334916724429472,-1.399999976158142,1,A,22,A,23,2,1,21,-0.15298280119895935,-0.8620659708976746,-0.16976703703403473,-0.8604229092597961
0.3,True,False,True,False,lXPQBPVc5Cw,-3.14649694745448,-3.0529817206800907,0.0935152267743895,-2.4000000953674316,2,A,22,A,24,3,1,21,0.43983638286590576,-0.18230438232421875,0.42343461513519287,-0.18216289579868317
0.3,False,False,False,False,lXPQBPVc5Cw,-0.6466985327164139,-0.6273876580924593,0.019310874623954533,-2.799999952316284,3,A,22,ATV,25,4,1,21,-1.1828364133834839,-1.3969606161117554,-1.1900029182434082,-1.3983213901519775
0.3,False,False,False,False,lXPQBPVc5Cw,1.7484564862043044,1.7216398519889005,-0.026816634215403923,-2.799999952316284,4,A,22,ATV,26,1,3,25,-1.1378974914550781,-0.6760787963867188,-1.1409056186676025,-0.6847614645957947
0.3,False,False,False,False,lXPQBPVc5Cw,-0.39592764115225076,-0.40702356223832226,-0.011095921086071492,0.800000011920929,2,A,25,AT,27,1,1,26,-0.4565540552139282,-0.2876582443714142,-0.4628012180328369,-0.2897905111312866
0.3,False,False,False,False,lXPQBPVc5Cw,0.1695966916947782,0.15690415371182098,-0.01269253798295722,-1.2000000476837158,2,A,26,ATV,28,1,1,27,-1.7273728847503662,-1.8691179752349854,-1.7405004501342773,-1.8701081275939941
0.3,False,False,False,False,lXPQBPVc5Cw,0.038041951584091294,0.03638299640165599,-0.0016589551824353066,-2.0,2,A,27,AT,29,1,1,28,-1.7134406566619873,-1.6533615589141846,-1.7108790874481201,-1.6536275148391724
0.3,False,False,False,False,cXypl4FnoZo,-0.05303146893652411,-0.05164238885394923,0.0013890800825748784,1.7999999523162842,1,A,1,ATV,2,2,1,0,1.3557018041610718,1.420040249824524,1.356518268585205,1.419167160987854
0.3,True,False,True,False,cXypl4FnoZo,-1.8807694357752842,-1.8826836032576182,-0.0019141674823339727,-0.800000011920929,2,A,1,AV,3,1,1,2,0.6287583708763123,-0.3992743194103241,0.627113938331604,-0.40760910511016846
0.3,False,False,False,False,cXypl4FnoZo,0.03749280927532084,0.03679734864287809,-0.0006954606324427459,1.7999999523162842,1,A,3,ATV,4,2,1,2,1.579322338104248,1.5064162015914917,1.581290602684021,1.5090856552124023
0.3,False,False,False,False,cXypl4FnoZo,-0.131795634430798,-0.13653126197723964,-0.004735627546441634,-0.6000000238418579,2,A,3,ATV,5,1,1,4,0.8475295305252075,0.8012658953666687,0.8476716876029968,0.7997221350669861
0.3,False,False,False,False,cXypl4FnoZo,0.2881245144960387,0.28457443548976613,-0.0035500790062725773,-1.0,2,A,4,ATV,6,1,1,5,-0.39765000343322754,-0.1931852549314499,-0.4058333933353424,-0.2014961540699005
0.3,True,False,True,False,cXypl4FnoZo,-1.7863984645290367,-1.801527441316936,-0.015128976787899262,1.399999976158142,2,A,5,A,7,1,1,6,-0.2077505886554718,0.5064321756362915,-0.2046758234500885,0.520535945892334
0.3,True,False,False,False,cXypl4FnoZo,-1.1995412803966636,-1.1946491454441104,0.004892134952553251,1.2000000476837158,3,A,5,AV,8,2,1,6,-0.008234082721173763,0.6898153424263,0.0002633398398756981,0.7053092122077942
0.3,False,False,False,False,cXypl4FnoZo,-0.05796729521300392,-0.05907401576223492,-0.0011067205492309995,2.0,4,A,5,ATV,9,3,1,6,1.46897292137146,1.526689887046814,1.470959186553955,1.5300955772399902
0.3,False,False,False,False,cXypl4FnoZo,0.042468769255947336,0.04304457644029469,0.0005758071843473545,1.399999976158142,2,A,8,ATV,10,1,1,9,1.342221975326538,1.18597412109375,1.341986894607544,1.1845699548721313
0.3,False,False,False,False,cXypl4FnoZo,0.026791350974420425,0.033789517348850495,0.00699816637443007,2.0,2,A,9,ATV,11,1,1,10,1.431412935256958,1.4083222150802612,1.429760456085205,1.400865077972412
0.3,False,False,False,False,cXypl4FnoZo,0.008306660767232188,0.009690388832481744,0.0013837280652495565,-1.0,2,A,10,AT,12,1,1,11,-1.2638349533081055,-1.2791335582733154,-1.2680436372756958,-1.285548210144043
0.3,False,True,False,True,cXypl4FnoZo,0.4311363202134899,0.42497785122108667,-0.006158468992403243,-0.6000000238418579,2,A,11,ATV,13,1,1,12,-0.17614784836769104,0.18152859807014465,-0.1743699610233307,0.1785491406917572
0.3,False,False,False,False,cXypl4FnoZo,-0.011575122349313238,-0.01544845962673036,-0.0038733372774171215,0.0,2,A,12,A,14,1,1,13,-0.260947585105896,-0.23773624002933502,-0.24591392278671265,-0.2121914178133011
0.3,False,False,False,False,cXypl4FnoZo,0.020133656842380887,0.02964777259266782,0.009514115750286933,-0.6000000238418579,3,A,12,A,15,2,1,13,-0.2209499031305313,-0.19526226818561554,-0.20543718338012695,-0.1695030927658081
0.3,False,False,False,False,cXypl4FnoZo,-0.004983167654931009,-0.005247235202460843,-0.00026406754752983375,-0.6000000238418579,4,A,12,ATV,16,3,1,13,-0.7199460864067078,-0.6969736814498901,-0.7143954634666443,-0.6885386109352112
0.3,False,False,False,False,cXypl4FnoZo,-0.3611218279523314,-0.3600408030251856,0.0010810249271457906,-0.25,4,A,13,ATV,17,1,3,16,-1.322829008102417,-1.1387295722961426,-1.3225736618041992,-1.1390295028686523
0.3,False,False,False,False,cXypl4FnoZo,-0.42952750760073233,-0.44880036309969285,-0.019272855498960517,0.800000011920929,2,A,16,A,18,1,1,17,-0.476749449968338,-0.29570144414901733,-0.4770224690437317,-0.28719180822372437
0.3,False,False,False,False,cXypl4FnoZo,-0.04384336723416027,-0.045872891114413505,-0.0020295238802532367,-1.0,3,A,16,AT,19,2,1,17,-1.342703104019165,-1.2712969779968262,-1.343767762184143,-1.2688928842544556
0.3,False,False,False,False,cXypl4FnoZo,-0.02228266631449305,-0.022062986987251065,0.0002196793272419839,-0.6000000238418579,3,A,17,ATV,20,1,2,19,-0.3413008749485016,-0.3887121081352234,-0.34088659286499023,-0.387687087059021
0.3,False,False,False,False,cXypl4FnoZo,0.019300776039768763,0.02168020213840527,0.0023794260986365057,0.20000000298023224,2,A,19,TV,21,1,1,20,-0.1798834204673767,-0.2044900357723236,-0.1704416573047638,-0.19863168895244598
0.3,False,False,False,False,cXypl4FnoZo,-0.013705291144091802,-0.014407333916608422,-0.0007020427725166201,0.4000000059604645,2,A,20,ATV,22,1,1,21,0.6827508807182312,0.6573767066001892,0.6769456267356873,0.6495827436447144
0.3,False,True,False,True,cXypl4FnoZo,0.04146927820613384,0.043719013285664306,0.0022497350795304683,0.20000000298023224,2,V,21,ATV,23,1,1,22,0.19357743859291077,-0.003741322085261345,0.18783414363861084,-0.009444551542401314
0.3,False,False,False,False,cXypl4FnoZo,0.0519597085199166,0.0492171363879379,-0.0027425721319787044,-1.2000000476837158,2,A,22,AT,24,1,1,23,-1.0684789419174194,-0.9368318319320679,-1.0728133916854858,-0.944278359413147
0.3,False,False,False,False,cXypl4FnoZo,-0.055990509976947545,-0.058650416282580276,-0.002659906305632731,0.6000000238418579,2,A,23,ATV,25,1,1,24,0.18915189802646637,0.2641344666481018,0.18564264476299286,0.26378339529037476
0.3,False,False,False,False,cXypl4FnoZo,0.1592294076752202,0.15893652334125563,-0.0002928843339645715,0.800000011920929,2,A,24,ATV,26,1,1,25,0.16924378275871277,0.053620196878910065,0.17454850673675537,0.05829514563083649
0.3,False,False,False,False,cXypl4FnoZo,-0.0658238977440817,-0.08110970337313006,-0.015285805629048355,-2.200000047683716,2,A,25,ATV,27,1,1,26,-0.5619334578514099,-0.5821501612663269,-0.5651125311851501,-0.5901095271110535
0.3,False,False,False,False,cXypl4FnoZo,0.19117014461476245,0.19017685258321038,-0.0009932920315520732,-1.399999976158142,2,A,26,ATV,28,1,1,27,-1.010718822479248,-0.8145856261253357,-1.0147266387939453,-0.818095862865448
0.3,False,False,False,False,c7UH_rxdZv4,0.02378337512948292,0.023898390402052883,0.00011501527256996269,1.600000023841858,3,A,0,ATV,3,1,2,2,1.3710715770721436,1.3239717483520508,1.3821614980697632,1.332882046699524
0.3,False,False,False,False,c7UH_rxdZv4,-0.9431892134266207,-0.9620067563816868,-0.018817542955066102,-2.200000047683716,2,A,2,ATV,4,1,1,3,-0.47620314359664917,-0.775820791721344,-0.4751264452934265,-0.7811335325241089
0.3,False,False,False,False,c7UH_rxdZv4,0.4534816019079244,0.4253257466977658,-0.02815585521015862,-2.5999999046325684,2,A,3,ATV,5,1,1,4,-1.5236097574234009,-1.3303159475326538,-1.5219814777374268,-1.3400596380233765
0.3,False,False,False,False,c7UH_rxdZv4,0.8294750917497282,0.8363116639815757,0.006836572231847526,-3.0,2,A,4,ATV,6,1,1,5,-1.8535761833190918,-1.535840630531311,-1.8548457622528076,-1.5345001220703125
0.3,False,False,False,False,c7UH_rxdZv4,0.132161652772524,0.14278947458910807,0.01062782181658406,-2.799999952316284,2,A,5,T,7,1,1,6,-1.818485140800476,-1.7533228397369385,-1.8158819675445557,-1.74582839012146
0.3,False,False,False,False,c7UH_rxdZv4,0.008462088245639876,0.008409147118973337,-5.294112666653916e-05,-0.4000000059604645,3,A,5,AT,8,2,1,6,-0.2147625982761383,-0.19317886233329773,-0.21666903793811798,-0.19501368701457977
0.3,False,False,False,False,c7UH_rxdZv4,0.6214244947628522,0.6143079940251006,-0.007116500737751608,0.800000011920929,3,A,6,ATV,9,1,2,8,-0.9695449471473694,-1.1371922492980957,-0.967028796672821,-1.133054256439209
0.3,False,False,False,False,c7UH_rxdZv4,-0.01207012196365953,-0.008632631924604728,0.0034374900390548024,1.0,2,A,8,AT,10,1,1,9,0.026338733732700348,0.03255690634250641,0.026632292196154594,0.031076854094862938
0.3,False,False,False,False,c7UH_rxdZv4,-3.050951713263726,-3.054862907913944,-0.003911194650218164,-2.799999952316284,2,A,9,AV,11,1,1,10,-0.28855130076408386,-0.9954438805580139,-0.2953662574291229,-1.0060303211212158
0.3,False,False,False,False,c7UH_rxdZv4,-0.3757305761374852,-0.3790391790232661,-0.0033086028857809424,-2.5999999046325684,1,A,11,ATV,12,2,1,10,-1.6044970750808716,-1.8155922889709473,-1.5921045541763306,-1.801993727684021
0.3,False,False,False,False,c7UH_rxdZv4,-2.1795897768861745,-2.16049405146689,0.019095725419284282,1.2000000476837158,2,A,11,AV,13,1,1,12,-0.7313002347946167,-0.045122839510440826,-0.7310681343078613,-0.052409738302230835
0.3,False,False,False,False,c7UH_rxdZv4,0.2946502554423063,0.2966223748964154,0.0019721194541091336,-2.4000000953674316,1,A,13,ATV,14,2,1,12,-1.8458951711654663,-1.6243181228637695,-1.8371376991271973,-1.6167782545089722
0.3,False,False,False,False,c7UH_rxdZv4,0.007886738699482976,0.010123696529547033,0.002236957830064057,-2.0,2,A,13,ATV,15,1,1,14,-1.623673915863037,-1.6133372783660889,-1.6205039024353027,-1.6073920726776123
0.3,False,False,False,False,c7UH_rxdZv4,-0.045797526766264696,-0.05465333875570266,-0.008855811989437967,-1.399999976158142,2,A,14,AT,16,1,1,15,0.5775454044342041,0.5659319162368774,0.5749350190162659,0.5610494613647461
0.3,False,False,False,False,c7UH_rxdZv4,-0.4690839967076812,-0.46509187270019936,0.003992124007481834,-2.25,2,A,15,ATV,17,1,1,16,-1.483177661895752,-1.9051340818405151,-1.487658977508545,-1.9093066453933716
0.3,False,False,False,False,c7UH_rxdZv4,2.7456011566710505,2.4633184937926202,-0.2822826628784303,-1.7999999523162842,2,A,16,AV,18,1,1,17,-1.1635457277297974,-0.02498582936823368,-1.1871737241744995,-0.11510396748781204
0.3,False,False,False,False,c7UH_rxdZv4,1.9120075939946113,1.8539346075753338,-0.058072986419277495,-1.7999999523162842,1,A,18,A,19,2,1,17,-1.0208382606506348,-0.2128324955701828,-1.0116360187530518,-0.2266429364681244
0.3,False,False,False,False,c7UH_rxdZv4,0.3629018391897558,0.33274764069412566,-0.03015419849563017,-0.800000011920929,2,A,18,T,20,3,1,17,0.2391577661037445,0.4011455774307251,0.2565729320049286,0.4037832021713257
0.3,False,False,False,False,c7UH_rxdZv4,1.3406173032920314,1.250998920533462,-0.08961838275856948,-2.4000000953674316,3,A,18,A,21,4,1,17,-0.814919650554657,-0.437069296836853,-0.8056349754333496,-0.45243775844573975
0.3,False,False,False,False,c7UH_rxdZv4,-0.24896297491646635,-0.23509256000863843,0.013870414907827922,-0.6000000238418579,4,A,18,ATV,22,5,1,17,-1.6393171548843384,-1.5117111206054688,-1.6359164714813232,-1.5154399871826172
0.3,False,False,False,False,c7UH_rxdZv4,1.358992423399365,1.3369569727640718,-0.02203545063529333,-1.7999999523162842,5,A,18,AV,23,1,4,22,-0.6635352373123169,-0.17195066809654236,-0.6653636693954468,-0.18001338839530945
0.3,False,False,False,False,c7UH_rxdZv4,-0.6998258568089888,-0.6995577441347116,0.00026811267427717667,0.0,1,A,23,AV,24,2,1,22,-0.9441682696342468,-0.43775320053100586,-0.9495192170143127,-0.44947636127471924
0.3,False,False,False,False,c7UH_rxdZv4,2.115676782146493,2.0990555411245992,-0.016621241021893773,-2.5999999046325684,2,A,23,AV,25,3,1,22,-0.5379521250724792,-0.0765661671757698,-0.538497269153595,-0.0803077295422554
0.3,False,False,False,False,c7UH_rxdZv4,0.15280625531353564,0.15087021940644263,-0.0019360359070930144,-1.7999999523162842,3,A,23,ATV,26,4,1,22,-1.2755496501922607,-1.145894169807434,-1.276078224182129,-1.1478004455566406
0.3,False,False,False,False,c7UH_rxdZv4,-0.041098489266175875,-0.04166140230111637,-0.0005629130349404932,-0.800000011920929,2,A,25,AT,27,1,1,26,-1.6216119527816772,-1.5962083339691162,-1.6282124519348145,-1.6026670932769775
0.3,False,False,False,False,c7UH_rxdZv4,0.004389750852951124,0.004658259681917798,0.0002685088289666737,0.6000000238418579,2,A,26,ATV,28,1,1,27,0.8052685260772705,0.8156963586807251,0.8038280606269836,0.814951479434967
0.3,False,False,False,False,c7UH_rxdZv4,0.3325176212170229,0.3375612043392948,0.005043583122271933,1.2000000476837158,2,A,27,ATV,29,1,1,28,0.5571177005767822,0.3363940417766571,0.5532750487327576,0.33062416315078735
0.3,True,False,True,False,c7UH_rxdZv4,-0.2183525416412646,-0.35874064270871786,-0.14038810106745325,-1.399999976158142,2,A,28,AV,30,1,1,29,0.0736965611577034,-0.0023487526923418045,0.04486408829689026,-0.08512677997350693
0.3,False,False,False,False,c7UH_rxdZv4,0.039796154455905786,0.027297049033921716,-0.01249910542198407,-2.200000047683716,1,A,30,ATV,31,2,1,29,0.09258641302585602,0.10124935954809189,0.10824808478355408,0.11415346711874008
0.3,False,False,False,False,c7UH_rxdZv4,0.1843690698486995,0.19244023099417973,0.008071161145480232,-1.7999999523162842,2,A,30,TV,32,1,1,31,-1.1502082347869873,-1.0211557149887085,-1.1403735876083374,-1.0078212022781372
0.4,False,True,False,True,f9O3YtZ2VfI,4.313992764944426,4.256319278315618,-0.05767348662880778,-1.7999999523162842,2,V,2,V,4,1,1,3,-0.07784754782915115,0.8981108069419861,-0.08290144801139832,0.8841659426689148
0.4,False,True,False,True,f9O3YtZ2VfI,5.042210001073186,4.97671939975353,-0.0654906013196559,-2.5999999046325684,3,V,2,A,5,2,1,3,-0.25809547305107117,0.6444917917251587,-0.2595485746860504,0.6333314776420593
0.4,False,True,False,True,f9O3YtZ2VfI,2.4747966268376125,2.4378885487982327,-0.03690807803937979,-1.2000000476837158,4,V,2,A,6,3,1,3,-0.03244735300540924,0.7590752243995667,-0.033099763095378876,0.7492420673370361
0.4,False,False,False,False,f9O3YtZ2VfI,3.240982329256269,3.199004602552691,-0.041977726703578355,-1.7999999523162842,5,V,2,A,7,4,1,3,0.26502013206481934,0.9395785331726074,0.2650991678237915,0.9319661855697632
0.4,False,False,False,False,f9O3YtZ2VfI,0.8856785567209506,0.8714726581145449,-0.014205898606405754,-2.200000047683716,6,V,2,ATV,8,5,1,3,-1.322186827659607,-0.9130522608757019,-1.3227094411849976,-0.9189413189888
0.4,False,True,False,True,f9O3YtZ2VfI,1.6258015294648658,1.6860892201082698,0.060287690643404,-2.0,6,V,3,AV,9,1,5,8,-0.04652911424636841,0.33277732133865356,-0.04440847784280777,0.34742996096611023
0.4,False,True,False,True,f9O3YtZ2VfI,0.6241492705025555,0.580638047344096,-0.04351122315845957,-0.800000011920929,1,A,9,V,10,2,1,8,-0.07874835282564163,0.2697444558143616,-0.12709979712963104,0.21657893061637878
0.4,False,True,False,True,f9O3YtZ2VfI,1.3775974956829806,1.3675771302157136,-0.010020365467267034,-1.7999999523162842,2,A,9,AV,11,3,1,8,-0.06974194943904877,0.2907870411872864,-0.09206023812294006,0.26993608474731445
0.4,False,False,False,False,f9O3YtZ2VfI,0.07903064987044672,0.07828726654427953,-0.0007433833261671907,-1.600000023841858,3,A,9,AT,12,4,1,8,-1.2245430946350098,-1.1309599876403809,-1.2322022914886475,-1.1378718614578247
0.4,False,False,False,False,f9O3YtZ2VfI,-0.019544063918999655,-0.018722500802308417,0.0008215631166912374,1.2000000476837158,2,A,11,AT,13,1,1,12,0.9188515543937683,0.956072986125946,0.9233098030090332,0.9595109820365906
0.4,False,False,False,False,f9O3YtZ2VfI,0.0660068577881816,0.05042209202237302,-0.015584765765808584,-1.2000000476837158,2,A,12,AT,14,1,1,13,-1.0172207355499268,-1.5153017044067383,-1.001466989517212,-1.499729037284851
0.4,False,False,False,False,f9O3YtZ2VfI,0.42943013564035937,0.4162820080489382,-0.013148127591421144,-1.0,2,A,13,ATV,15,1,1,14,1.0544075965881348,1.15639066696167,1.0516400337219238,1.1506996154785156
0.4,True,False,True,False,f9O3YtZ2VfI,-3.299498787710064,-3.287728782582981,0.011770005127083039,-2.0,2,A,14,V,16,1,1,15,0.38488394021987915,-0.4546286463737488,0.39968809485435486,-0.4281303584575653
0.4,False,False,False,False,f9O3YtZ2VfI,0.076326793016392,0.06773793947405693,-0.008588853542335073,-1.0,3,A,14,TV,17,2,1,15,-1.0012770891189575,-1.2762759923934937,-0.9869475364685059,-1.2605922222137451
0.4,False,True,False,True,f9O3YtZ2VfI,0.13797503777568926,0.1374338436856472,-0.000541194090042052,-0.6000000238418579,3,A,15,ATV,18,1,2,17,-0.025834081694483757,0.08384320884943008,-0.009634066373109818,0.09711245447397232
0.4,False,False,False,False,f9O3YtZ2VfI,0.24175055647856425,0.24047483378346612,-0.0012757226950981249,-0.4000000059604645,2,V,17,ATV,19,1,1,18,-0.5197353363037109,-0.9060505032539368,-0.5168461799621582,-0.9041109681129456
0.4,False,False,False,False,f9O3YtZ2VfI,-1.1952323943711791,-1.1220260837150962,0.07320631065608296,2.0,2,A,18,A,20,1,1,19,0.22930040955543518,0.6071092486381531,0.21875807642936707,0.5679396986961365
0.4,False,False,False,False,f9O3YtZ2VfI,-0.013551700348898521,-0.012098762102752403,0.0014529382461461182,1.399999976158142,3,A,18,AT,21,2,1,19,1.222572684288025,1.2661017179489136,1.2238718271255493,1.2624413967132568
0.4,False,False,False,False,f9O3YtZ2VfI,0.8017854086287457,0.7723783459991012,-0.029407062629644543,1.600000023841858,3,A,19,V,22,1,2,21,0.9651802182197571,0.5023745894432068,0.9676026701927185,0.5172697901725769
0.4,False,False,False,False,f9O3YtZ2VfI,-3.0760662593215677,-3.000709905499555,0.07535635382201278,-2.5999999046325684,4,A,19,AV,23,2,2,21,0.89169842004776,0.41925346851348877,0.8958019018173218,0.43643227219581604
0.4,False,False,False,False,f9O3YtZ2VfI,-0.06117073159020947,-0.05698091262935634,0.004189818960853131,-1.399999976158142,1,A,23,AT,24,3,2,21,-1.1447885036468506,-1.3370542526245117,-1.1531023979187012,-1.3369325399398804
0.4,True,False,True,False,f9O3YtZ2VfI,-2.3470249594416694,-2.3433517403437065,0.003673219097962921,1.399999976158142,2,A,23,AV,25,1,1,24,-0.25456586480140686,0.7750494480133057,-0.25390011072158813,0.7738739848136902
0.4,False,False,False,False,f9O3YtZ2VfI,-1.3558189060852266,-1.2143728322662248,0.14144607381900176,1.600000023841858,1,A,25,AV,26,2,1,24,0.3056945502758026,1.034838318824768,0.3659682869911194,1.0446069240570068
0.4,False,False,False,False,f9O3YtZ2VfI,-0.015750414766515064,-0.014127207388810348,0.0016232073777047162,1.2000000476837158,2,A,25,AT,27,3,1,24,1.0633732080459595,1.1459956169128418,1.0706183910369873,1.148888349533081
0.4,False,False,False,False,f9O3YtZ2VfI,-0.4735330732265659,-0.4708365148741125,0.0026965583524534154,-2.0,2,A,26,T,28,1,1,27,0.433194100856781,0.33385956287384033,0.4188019335269928,0.3194323182106018
0.4,False,False,False,False,f9O3YtZ2VfI,0.06458211032899897,0.06867426684497957,0.004092156515980605,-1.0,3,A,26,T,29,2,1,27,-1.2791138887405396,-1.377474069595337,-1.3060685396194458,-1.4029295444488525
0.4,False,False,False,False,wMbj6ajWbic,0.2078610929011404,0.2014726708177681,-0.006388422083372314,0.0,1,A,1,V,2,2,1,0,-0.2541883587837219,-0.5219892859458923,-0.19711218774318695,-0.4902304410934448
0.4,False,False,False,False,wMbj6ajWbic,0.4712478550220709,0.5064933275912153,0.035245472569144454,1.0,2,A,1,TV,3,3,1,0,-1.2972760200500488,-1.397649884223938,-1.307531714439392,-1.4147869348526
0.4,False,False,False,False,wMbj6ajWbic,0.19229838065745142,0.19174376077313582,-0.0005546198843155992,0.20000000298023224,3,A,1,TV,4,1,2,3,1.126599669456482,1.2251269817352295,1.1590608358383179,1.2542966604232788
0.4,False,False,False,False,wMbj6ajWbic,0.49544262362002023,0.5309819478237774,0.03553932420375716,1.7999999523162842,2,V,3,AT,5,1,1,4,0.3819239139556885,0.21684415638446808,0.3327583074569702,0.16177530586719513
0.4,False,False,False,False,wMbj6ajWbic,-0.006653129883900988,-0.0026376211864089782,0.0040155086974920096,-1.2000000476837158,2,V,4,AT,6,1,1,5,-1.288525938987732,-1.2344050407409668,-1.2514358758926392,-1.1971675157546997
0.4,False,False,False,False,wMbj6ajWbic,-0.011011738091036782,-0.008614288376752544,0.002397449714284239,-0.20000000298023224,2,A,5,TV,7,1,1,6,-0.3852635324001312,-0.0473211333155632,-0.38165438175201416,-0.04384615272283554
0.4,False,False,False,False,wMbj6ajWbic,-0.05247520066222933,-0.046227423633069975,0.0062477770291593515,-2.0,2,A,6,AT,8,1,1,7,-1.7131456136703491,-1.8273435831069946,-1.7358479499816895,-1.846543550491333
0.4,False,False,False,False,wMbj6ajWbic,0.25568936407675835,0.2719390543114315,0.016249690234673153,-1.7999999523162842,2,V,7,T,9,1,1,8,-1.2221647500991821,-1.0321569442749023,-1.2074036598205566,-1.0106271505355835
0.4,True,False,True,False,wMbj6ajWbic,-0.23466975683961078,-0.23529563009944532,-0.0006258732598345418,0.4000000059604645,3,V,7,AV,10,2,1,8,-0.1568986475467682,0.12528860569000244,-0.1571662276983261,0.12588582932949066
0.4,False,False,False,False,wMbj6ajWbic,-0.058839065495153164,-0.05864378532765002,0.00019528016750314237,1.600000023841858,4,V,7,AT,11,3,1,8,0.857543408870697,0.8982858657836914,0.8595468401908875,0.9002664089202881
0.4,False,False,False,False,wMbj6ajWbic,0.08065357281827801,0.08137613342434236,0.0007225606060643486,2.0,2,A,10,ATV,12,1,1,11,1.493566870689392,1.4193726778030396,1.4930405616760254,1.4182921648025513
0.4,False,False,False,False,wMbj6ajWbic,0.10337324591162655,0.11939131852722085,0.016018072615594292,-0.800000011920929,2,A,11,TV,13,1,1,12,-1.0675055980682373,-1.2182493209838867,-1.070291519165039,-1.23868989944458
0.4,False,False,False,False,wMbj6ajWbic,-2.901953810312534,-2.884886721233997,0.01706708907853738,2.0,2,A,12,ATV,14,1,1,13,-1.072588562965393,-0.5571168661117554,-1.0719385147094727,-0.5596717596054077
0.4,False,False,False,False,wMbj6ajWbic,-0.14835182506426747,-0.14265593918484853,0.005695885879418938,-0.4000000059604645,2,V,13,V,15,1,1,14,-0.8865091800689697,-0.6972193717956543,-0.8773650527000427,-0.6919271349906921
0.4,False,False,False,False,wMbj6ajWbic,-0.1778469136044869,-0.17041853890509628,0.007428374699390616,2.0,3,V,13,ATV,16,2,1,14,0.9347231984138489,1.0217527151107788,0.9407676458358765,1.024523377418518
0.4,True,False,True,False,wMbj6ajWbic,-1.5906270356712184,-1.622779014493812,-0.03215197882259346,-1.0,3,A,14,V,17,1,2,16,0.3540273904800415,-0.5072900056838989,0.3729056119918823,-0.4880519509315491
0.4,False,False,False,False,wMbj6ajWbic,-0.0965506435914385,-0.09741730902417012,-0.000866665432731617,-0.6000000238418579,4,A,14,AT,18,2,2,16,-0.23821282386779785,-0.4146912693977356,-0.2354220300912857,-0.41158610582351685
0.4,False,True,False,True,wMbj6ajWbic,0.147529198415415,0.12117039171068728,-0.026358806704727733,-0.4000000059604645,3,A,16,A,19,1,2,18,-0.18008588254451752,0.04259622097015381,-0.17070992290973663,0.01682649739086628
0.4,False,False,False,False,wMbj6ajWbic,-0.5236643764703501,-0.44929503961773865,0.07436933685261149,1.600000023841858,4,A,16,A,20,2,2,18,0.1797613501548767,0.37794703245162964,0.18519489467144012,0.3540551960468292
0.4,False,False,False,False,wMbj6ajWbic,-0.006724584676533141,-0.005331547205514653,0.0013930374710184878,1.399999976158142,5,A,16,AT,21,3,2,18,1.1837068796157837,1.1998547315597534,1.1880099773406982,1.200981855392456
0.4,False,False,False,False,wMbj6ajWbic,1.4475321101412626,1.4201539340174634,-0.027378176123799225,1.7999999523162842,4,A,18,AV,22,1,3,21,0.7651353478431702,0.21302898228168488,0.7662883400917053,0.22243422269821167
0.4,False,False,False,False,wMbj6ajWbic,1.0744398671728987,1.0489154974885884,-0.025524369684310377,1.399999976158142,1,A,22,V,23,2,1,21,0.7467290163040161,0.17476415634155273,0.7505420446395874,0.18727119266986847
0.4,False,True,False,True,wMbj6ajWbic,2.172467891168748,2.1335280991577124,-0.03893979201103548,2.0,2,A,22,V,24,3,1,21,0.5594634413719177,-0.060973912477493286,0.5645150542259216,-0.04796121269464493
0.4,False,False,False,False,wMbj6ajWbic,1.3384935512080007,1.3264370832934524,-0.012056467914548286,1.7999999523162842,3,A,22,AV,25,4,1,21,0.7694448828697205,0.25063320994377136,0.7662999033927917,0.2524299621582031
0.4,False,False,False,False,wMbj6ajWbic,0.13766539008117107,0.13592018808364514,-0.0017452019975259248,0.0,4,A,22,T,26,5,1,21,-0.5002622604370117,-0.6228384375572205,-0.4978587031364441,-0.619502604007721
0.4,False,False,False,True,wMbj6ajWbic,0.9574606002631363,0.9475201279544443,-0.009940472308691994,2.4000000953674316,5,A,22,A,27,6,1,21,0.20937079191207886,0.0007674377411603928,0.20620828866958618,-5.044974386692047e-05
0.4,False,False,False,False,wMbj6ajWbic,0.7564461340572421,0.7494371369338473,-0.007008997123394867,1.7999999523162842,6,A,22,AV,28,7,1,21,0.43804240226745605,0.18402516841888428,0.4322004020214081,0.18126194179058075
0.4,False,False,False,False,wMbj6ajWbic,-0.02818553215462316,-0.027848672443099076,0.00033685971152408456,0.800000011920929,7,A,22,ATV,29,8,1,21,1.4505224227905273,1.42848539352417,1.4497809410095215,1.4279861450195312
0.4,False,True,False,True,vvZ4IcEtiZc,1.4606154365092516,1.5410096683956644,0.08039423188641281,1.2000000476837158,2,V,2,AV,4,1,1,3,0.8510255813598633,-0.057934217154979706,0.8590763211250305,-0.08733776956796646
0.4,False,False,False,False,vvZ4IcEtiZc,-0.03426906492387616,-0.033545621698692685,0.0007234432251834733,1.0,1,A,4,TV,5,2,1,3,1.243154764175415,1.1576552391052246,1.2402520179748535,1.1554844379425049
0.4,False,True,False,True,vvZ4IcEtiZc,0.2240405985017182,0.23568323927320334,0.011642640771485135,1.399999976158142,2,A,4,AT,6,1,1,5,0.039533838629722595,-0.04045436531305313,0.03225558251142502,-0.051346972584724426
0.4,False,False,False,False,vvZ4IcEtiZc,0.4217215553267373,0.4284038754198498,0.006682320093112537,-1.5,2,V,5,ATV,7,1,1,6,-0.5366293787956238,-0.33818912506103516,-0.4924370050430298,-0.29850631952285767
0.4,True,False,True,False,vvZ4IcEtiZc,-1.7020598066455932,-1.7084147424057967,-0.006354935760203517,2.200000047683716,2,A,6,A,8,1,1,7,-0.20413833856582642,0.1806383728981018,-0.193145290017128,0.19532305002212524
0.4,False,False,False,False,vvZ4IcEtiZc,0.1828340171517624,0.1869924563059584,0.004158439154196003,-2.0,3,A,6,AT,9,2,1,7,-1.185167908668518,-1.0797905921936035,-1.179932713508606,-1.072906255722046
0.4,False,False,True,False,vvZ4IcEtiZc,-2.308172032842533,-2.3499675446598083,-0.041795511817275255,1.600000023841858,3,A,7,A,10,1,2,9,-0.6127364039421082,-0.008735649287700653,-0.6060754060745239,0.013557066209614277
0.4,True,False,True,False,vvZ4IcEtiZc,-0.1673482050918551,-0.1539397193699823,0.01340848572187281,0.20000000298023224,4,A,7,AV,11,2,2,9,-0.22567331790924072,0.31768420338630676,-0.21656061708927155,0.3399393856525421
0.4,False,False,False,False,d3_k5Xpfmik,-0.12054767319932935,-0.11995786121514129,0.00058981198418806,-1.0,3,V,0,AT,3,1,2,2,-0.5234503149986267,-0.673577070236206,-0.5489197373390198,-0.7110094428062439
0.4,False,False,False,False,d3_k5Xpfmik,-0.03876368551452458,-0.03584523480584778,0.002918450708676801,2.200000047683716,2,V,2,TV,4,1,1,3,1.4017443656921387,1.4264055490493774,1.4141777753829956,1.437326192855835
0.4,False,False,False,False,d3_k5Xpfmik,0.9789945071053161,0.9541651708291434,-0.024829336276172675,1.600000023841858,2,A,3,V,5,1,1,4,0.825243353843689,0.34332090616226196,0.8495895862579346,0.36822041869163513
0.4,False,False,False,False,d3_k5Xpfmik,0.2700791559206124,0.2929513107000403,0.022872154779427945,0.4000000059604645,3,A,3,T,6,2,1,4,-0.6031247973442078,-0.7297515273094177,-0.6484830379486084,-0.7799440622329712
0.4,False,False,False,False,d3_k5Xpfmik,1.0605389056881585,1.0753274961713855,0.014788590483227004,2.200000047683716,4,A,3,V,7,3,1,4,-0.06192348897457123,-0.2853242754936218,-0.05045788735151291,-0.2778797745704651
0.4,False,True,False,True,d3_k5Xpfmik,0.6796838783157075,0.6856293508684119,0.0059454725527043895,1.399999976158142,5,A,3,AV,8,4,1,4,0.09169892221689224,-0.14639438688755035,0.08076174557209015,-0.15756827592849731
0.4,False,False,False,False,d3_k5Xpfmik,-0.028025245263577858,-0.028167246188921524,-0.00014200092534366604,0.4000000059604645,6,A,3,ATV,9,5,1,4,0.7859804630279541,0.747786819934845,0.784580409526825,0.7460272312164307
0.4,False,False,False,False,d3_k5Xpfmik,0.7210315602048913,0.6844201109175758,-0.03661144928731552,2.4000000953674316,2,A,8,A,10,1,1,9,0.4921555817127228,0.3117227554321289,0.5040109753608704,0.33137860894203186
0.4,False,False,False,False,d3_k5Xpfmik,0.012452307782837124,0.011642876983160022,-0.0008094307996771022,2.0,3,A,8,ATV,11,2,1,9,1.418969988822937,1.4083513021469116,1.4213398694992065,1.4113656282424927
0.4,False,False,False,False,d3_k5Xpfmik,0.8932826061263519,0.9285777325533218,0.03529512642696986,2.200000047683716,3,A,9,A,12,1,2,11,0.9682357311248779,0.6474131941795349,0.9666528105735779,0.6348409056663513
0.4,False,False,False,False,d3_k5Xpfmik,0.8390795197071554,0.875760890573023,0.036681370865867535,2.0,4,A,9,AV,13,2,2,11,0.9214692711830139,0.5849706530570984,0.918259859085083,0.5696424841880798
0.4,False,False,False,False,d3_k5Xpfmik,0.08042855791366321,0.07790331432914854,-0.0025252435845146692,2.5999999046325684,1,A,13,ATV,14,3,2,11,1.4860241413116455,1.4504910707473755,1.487086534500122,1.452620506286621
0.4,False,False,False,False,d3_k5Xpfmik,0.013049741296768502,0.013231631432759627,0.00018189013599112513,2.0,2,A,13,T,15,1,1,14,1.5571317672729492,1.5426357984542847,1.5577483177185059,1.5430337190628052
0.4,False,False,False,False,d3_k5Xpfmik,0.05228983817274013,0.052256731491979735,-3.310668076039747e-05,1.600000023841858,3,A,13,V,16,2,1,14,1.1107257604599,1.0599267482757568,1.1127400398254395,1.061781644821167
0.4,False,False,False,False,d3_k5Xpfmik,0.03782656638016135,0.03841484773352022,0.000588281353358866,0.800000011920929,4,A,13,AT,17,3,1,14,-0.5494226813316345,-0.5633664727210999,-0.5485813021659851,-0.5627495646476746
0.4,False,False,False,False,d3_k5Xpfmik,0.2661884682738602,0.26367703753774663,-0.0025114307361135957,0.20000000298023224,4,A,14,TV,18,1,3,17,0.5788365006446838,0.8400824666023254,0.582716166973114,0.8404285311698914
0.4,False,False,False,False,vyB00TXsimI,1.4156395822277261,1.4195634267721475,0.0039238445444214065,2.0,4,A,1,AV,5,1,3,4,0.909310519695282,0.38592344522476196,0.9141547083854675,0.3879753649234772
0.4,False,False,False,False,vyB00TXsimI,0.09808965101170486,0.0943583980320426,-0.0037312529796622584,2.4000000953674316,1,A,5,ATV,6,2,1,4,1.4291220903396606,1.3798561096191406,1.4316564798355103,1.3841025829315186
0.4,False,False,False,False,vyB00TXsimI,0.058326306843810016,0.060076211868207,0.0017499050243969805,2.5999999046325684,2,A,5,AT,7,1,1,6,1.3549082279205322,1.3317019939422607,1.356044054031372,1.3321267366409302
0.4,False,False,False,False,vyB00TXsimI,0.006977346683409991,0.007386064342617793,0.00040871765920780234,-0.25,2,A,6,T,8,1,1,7,-0.30695444345474243,-0.35109972953796387,-0.291482537984848,-0.3454298973083496
0.4,False,False,False,False,vyB00TXsimI,0.01311555723046709,0.0143609541383114,0.0012453969078443095,1.3333333730697632,3,A,6,T,9,2,1,7,0.9536401033401489,0.936744749546051,0.9619144797325134,0.9430604577064514
0.4,False,False,False,False,vyB00TXsimI,-0.022117962899086407,-0.025888164497521515,-0.003770201598435108,-0.20000000298023224,4,A,6,V,10,3,1,7,0.8076453804969788,0.7966098785400391,0.8126624226570129,0.7997984886169434
0.4,False,False,False,False,vyB00TXsimI,-0.013697636678795533,-0.016897276867123168,-0.003199640188327635,0.20000000298023224,5,A,6,A,11,4,1,7,0.6065147519111633,0.5893027186393738,0.6072658896446228,0.585964024066925
0.4,False,False,False,False,vyB00TXsimI,0.04281744792229958,0.056094339658148584,0.013276891735849006,2.4000000953674316,6,A,6,AV,12,5,1,7,0.6036201119422913,0.591741681098938,0.5965496301651001,0.5810641646385193
0.4,False,False,False,False,vyB00TXsimI,0.002898260133648023,0.003780336017896957,0.000882075884248934,2.0,7,A,6,AT,13,6,1,7,1.2928271293640137,1.2907809019088745,1.2926275730133057,1.289960503578186
0.4,False,False,False,False,vyB00TXsimI,0.6131277107540818,0.6452767684165934,0.03214905766251164,2.5999999046325684,2,A,12,V,14,1,1,13,0.8799564242362976,0.7101117372512817,0.8742966651916504,0.6964956521987915
0.4,False,False,False,False,vyB00TXsimI,-0.00645310800782628,-0.005900447070970927,0.0005526609368553537,0.4000000059604645,3,A,12,ATV,15,2,1,13,0.48255306482315063,0.41902366280555725,0.4775044918060303,0.41031980514526367
0.4,False,False,False,False,vyB00TXsimI,-0.01218289208702572,-0.012866384864366864,-0.0006834927773411437,1.399999976158142,3,A,13,ATV,16,1,2,15,1.289621114730835,1.4007751941680908,1.2865549325942993,1.3981579542160034
0.4,False,False,False,False,vyB00TXsimI,0.776678286123456,0.7012452423734601,-0.07543304374999593,2.4000000953674316,2,A,15,AV,17,1,1,16,0.882385790348053,0.6450552344322205,0.8879774212837219,0.6715736985206604
0.4,False,False,False,False,vyB00TXsimI,0.6007994720937804,0.6066837640616312,0.0058842919678507855,1.2000000476837158,1,A,17,A,18,2,1,16,0.4252762198448181,0.10410019755363464,0.40971311926841736,0.09038876742124557
0.4,False,False,False,False,vyB00TXsimI,0.6933296344889435,0.686532051695675,-0.006797582793268475,2.200000047683716,2,A,17,AV,19,3,1,16,0.8121427893638611,0.5815200805664062,0.8126885294914246,0.584089994430542
0.4,False,False,False,False,vyB00TXsimI,0.3435729997805943,0.33932417340747634,-0.004248826373117964,1.2000000476837158,3,A,17,V,20,4,1,16,0.6982918977737427,0.4284535050392151,0.7006926536560059,0.43277645111083984
0.4,False,False,False,False,vyB00TXsimI,0.23057182321591085,0.2282866183350194,-0.002285204880891456,0.6000000238418579,4,A,17,AT,21,5,1,16,-0.7926692366600037,-0.8731257319450378,-0.7948240041732788,-0.8743882179260254
0.4,False,False,False,False,fvVhgmXxadc,0.09678989006259542,0.07231695852078701,-0.024472931541808407,-2.799999952316284,3,A,0,TV,3,1,2,2,-1.6580463647842407,-1.6164257526397705,-1.6614453792572021,-1.6301181316375732
0.4,False,False,False,False,fvVhgmXxadc,-0.24033416852405765,-0.23515055285036723,0.0051836156736904115,0.0,2,A,2,AV,4,1,1,3,-0.7629646062850952,-0.5846202373504639,-0.7446606159210205,-0.5651273131370544
0.4,False,False,False,False,fvVhgmXxadc,-0.20832072676263658,-0.20896751552485804,-0.0006467887622214619,-0.20000000298023224,1,A,4,ATV,5,2,1,3,-1.6288131475448608,-1.5539520978927612,-1.6483404636383057,-1.5743080377578735
0.4,False,False,False,False,fvVhgmXxadc,0.00813373503154935,0.007546580634766542,-0.0005871543967828075,-1.0,2,A,4,V,6,1,1,5,-0.9750788807868958,-0.9064329266548157,-0.981248676776886,-0.9111282229423523
0.4,False,False,False,False,fvVhgmXxadc,-0.0628326995262718,-0.06482320456199275,-0.0019905050357209575,-0.5,3,A,4,AV,7,2,1,5,-0.9452338814735413,-0.8679680824279785,-0.9483336806297302,-0.8690255880355835
0.4,False,False,False,False,fvVhgmXxadc,-0.02873538622845473,-0.030108329131181222,-0.0013729429027264928,-0.4000000059604645,4,A,4,ATV,8,3,1,5,-0.8732216954231262,-0.8418182730674744,-0.875832736492157,-0.8430671095848083
0.4,False,False,False,False,fvVhgmXxadc,0.05420294013827842,0.05119421754502085,-0.0030087225932575734,0.0,2,A,7,ATV,9,1,1,8,-0.9493841528892517,-0.9775137901306152,-0.9340654611587524,-0.9610788226127625
0.4,False,False,False,False,fvVhgmXxadc,-0.0010853902245830938,-0.0008075013892270277,0.000277888835356066,-0.20000000298023224,2,A,8,TV,10,1,1,9,-0.3536204695701599,-0.35004618763923645,-0.3672589361667633,-0.36482733488082886
0.4,False,False,False,False,fvVhgmXxadc,-0.021191208296915676,-0.02013683921483178,0.0010543690820838947,0.0,2,A,9,AT,11,1,1,10,-0.5451167225837708,-0.5253199338912964,-0.5450287461280823,-0.5262314081192017
0.4,False,False,False,False,fvVhgmXxadc,0.07273866382477934,0.07420181847806262,0.0014631546532832829,0.20000000298023224,2,V,10,TV,12,1,1,11,-1.0258796215057373,-1.05519700050354,-1.0350528955459595,-1.0647361278533936
0.4,False,False,False,False,fvVhgmXxadc,-0.07011373594071202,-0.06777607343396141,0.002337662506750604,0.0,2,A,11,ATV,13,1,1,12,-0.9182468056678772,-0.8792402744293213,-0.9331499338150024,-0.8960986137390137
0.4,False,False,False,False,ob23OKe5a9Q,-0.02211321926572296,0.015495283591917541,0.0376085028576405,-1.2000000476837158,1,A,1,ATV,2,2,1,0,-0.9978675246238708,-1.3369100093841553,-1.0543804168701172,-1.391573429107666
0.4,False,True,False,True,ob23OKe5a9Q,3.719615661430913,3.7393408249424738,0.01972516351156095,-1.5,2,A,1,V,3,1,1,2,-0.1379135400056839,0.8611215949058533,-0.1677154302597046,0.8482595682144165
0.4,False,False,False,False,ob23OKe5a9Q,0.2924129766052488,0.26407731109406996,-0.02833566551117883,-1.7999999523162842,3,A,1,TV,4,2,1,2,-1.6797244548797607,-1.2460331916809082,-1.7097538709640503,-1.27825129032135
0.4,False,False,False,False,ob23OKe5a9Q,-0.6002867842648243,-0.5922844069175914,0.008002377347232859,0.0,3,A,2,A,5,1,2,4,-0.8383581042289734,-0.32024604082107544,-0.8299998044967651,-0.3108299672603607
0.4,False,False,False,False,ob23OKe5a9Q,0.07600860957859368,0.07582462419264857,-0.00018398538594510683,0.6000000238418579,4,A,2,AT,6,2,2,4,1.0242033004760742,1.105921983718872,1.0231777429580688,1.1048802137374878
0.4,False,False,False,False,ob23OKe5a9Q,-0.10548338057219553,-0.10827076290202342,-0.002787382329827892,0.6000000238418579,3,V,4,TV,7,1,2,6,1.3317291736602783,1.2557013034820557,1.3316473960876465,1.2534807920455933
0.4,False,False,False,False,ob23OKe5a9Q,-0.04192235787171228,-0.048818380185139176,-0.006896022313426897,-1.399999976158142,2,A,6,TV,8,1,1,7,-1.1384357213974,-1.5627682209014893,-1.1295427083969116,-1.5559767484664917
0.4,False,False,False,False,ob23OKe5a9Q,0.03646950913714875,0.03403393836934754,-0.0024355707678012095,1.25,2,V,7,ATV,9,1,1,8,1.6371867656707764,1.6817210912704468,1.6382852792739868,1.6798830032348633
0.4,False,False,False,False,ob23OKe5a9Q,-0.050921503423410286,-0.050247149131280366,0.0006743542921299195,0.800000011920929,2,V,8,TV,10,1,1,9,1.355582356452942,1.3076910972595215,1.3545483350753784,1.3072245121002197
0.4,False,False,False,False,ob23OKe5a9Q,0.017214750084278307,0.018667686221306212,0.0014529361370279048,2.799999952316284,2,A,9,ATV,11,1,1,10,1.5568164587020874,1.5499119758605957,1.554086446762085,1.5466172695159912
0.4,False,False,False,False,ob23OKe5a9Q,0.7122934583657781,0.7353278542858988,0.023034395920120687,1.25,2,V,10,ATV,12,1,1,11,-0.6894867420196533,-0.8651601076126099,-0.6818889379501343,-0.8636515140533447
0.4,False,False,False,False,ob23OKe5a9Q,0.12836910042864247,0.12448728037406909,-0.0038818200545733816,0.800000011920929,2,A,11,ATV,13,1,1,12,1.2724530696868896,1.3929426670074463,1.273763656616211,1.3907108306884766
0.4,False,False,False,False,zhpQhgha_KU,0.189368749326718,0.18391748864389967,-0.005451260682818315,-1.600000023841858,2,A,0,AT,2,1,1,1,-1.658189058303833,-2.0390384197235107,-1.6303304433822632,-2.0299272537231445
0.4,False,False,False,False,zhpQhgha_KU,0.20624485174602114,0.18668615569816893,-0.01955869604785221,-1.600000023841858,2,A,1,ATV,3,1,1,2,-1.5700820684432983,-1.1448737382888794,-1.575839877128601,-1.1672531366348267
0.4,False,False,False,False,zhpQhgha_KU,-0.20243369040445103,-0.17182753740883072,0.030606152995620306,-2.200000047683716,2,A,2,AV,4,1,1,3,-0.5361955761909485,-0.5981849431991577,-0.5270973443984985,-0.5792669057846069
0.4,False,False,False,False,zhpQhgha_KU,0.15525805132920323,0.16007874076974105,0.0048206894405378176,1.0,1,A,4,V,5,2,1,3,-0.10668439418077469,-0.1747375875711441,-0.08255641907453537,-0.1541261374950409
0.4,False,False,False,False,zhpQhgha_KU,0.1528226626004765,0.15844111636191704,0.005618453761440545,1.0,2,A,4,V,6,3,1,3,-0.09582210332155228,-0.16346411406993866,-0.07403527200222015,-0.1454225778579712
0.4,False,False,False,False,zhpQhgha_KU,0.05513320438375047,0.05067666789743441,-0.004456536486316054,-1.0,3,A,4,T,7,4,1,3,-1.8566111326217651,-1.888209342956543,-1.8558622598648071,-1.8849728107452393
0.4,False,False,False,False,zhpQhgha_KU,-0.012981465776608303,-0.01520416586186002,-0.0022227000852517165,-1.0,4,A,4,V,8,5,1,3,-0.5795828700065613,-0.5953160524368286,-0.5688072443008423,-0.5868135690689087
0.4,False,False,False,False,zhpQhgha_KU,0.018627679212926018,0.020822069637919494,0.0021943904249934754,0.6000000238418579,5,A,4,TV,9,6,1,3,-0.03465213626623154,-0.04916177690029144,-0.02480168081820011,-0.04124816507101059
0.4,False,False,False,False,zhpQhgha_KU,-0.682228337069116,-0.6891035498586291,-0.0068752127895130855,-2.4000000953674316,6,A,4,AV,10,1,5,9,-0.7731301784515381,-0.998401939868927,-0.76596599817276,-0.9925329089164734
0.4,False,False,False,False,zhpQhgha_KU,0.04984963567723355,0.0493871625484843,-0.0004624731287492523,-1.399999976158142,1,A,10,ATV,11,2,1,9,-1.6311873197555542,-1.7213988304138184,-1.609266996383667,-1.7052537202835083
0.4,False,False,False,False,zhpQhgha_KU,-0.06767358019845915,-0.06344051639767656,0.004233063800782588,-1.0,2,A,10,T,12,1,1,11,-1.595682144165039,-1.5358765125274658,-1.5778913497924805,-1.5201133489608765
0.4,False,False,False,False,zhpQhgha_KU,-0.012988041332391731,-0.012246438000900639,0.0007416033314910919,-1.5,3,A,10,AT,13,2,1,11,-1.8126474618911743,-1.791136384010315,-1.8041425943374634,-1.7832953929901123
0.4,False,False,False,False,zhpQhgha_KU,0.057554088311349005,0.057995687919842,0.00044159960849299296,-2.0,3,A,11,ATV,14,1,2,13,-1.7869685888290405,-1.679162859916687,-1.7893191576004028,-1.680027961730957
0.4,False,False,False,False,zhpQhgha_KU,-0.050124606102992963,-0.06905478937833465,-0.018930183275341683,1.7999999523162842,2,A,13,V,15,1,1,14,-0.4031594395637512,-0.39175429940223694,-0.4070163071155548,-0.39131608605384827
0.4,False,False,False,False,zhpQhgha_KU,0.0010518020447563003,0.0009686830659489942,-8.311897880730612e-05,1.75,3,A,13,ATV,16,2,1,14,1.5610716342926025,1.5583082437515259,1.5590949058532715,1.5565744638442993
0.4,False,False,False,False,zhpQhgha_KU,1.063085151748112,1.0498845412520268,-0.013200610496085119,0.6000000238418579,3,A,14,T,17,1,2,16,-0.7868341207504272,-1.128118634223938,-0.7627291679382324,-1.1049678325653076
0.4,False,False,False,False,zhpQhgha_KU,-0.016479400415377654,-0.01932710883502864,-0.002847708419650985,-0.800000011920929,4,A,14,ATV,18,2,2,16,-0.670464813709259,-0.8173195719718933,-0.660710334777832,-0.8086316585540771
0.4,False,False,False,False,zhpQhgha_KU,0.06818535505294676,0.06146006431663409,-0.006725290736312672,-1.399999976158142,3,A,16,ATV,19,1,2,18,-1.137908935546875,-1.0300309658050537,-1.1458057165145874,-1.0449298620224
0.4,False,False,False,False,zhpQhgha_KU,-0.3165337409919289,-0.32452097232406985,-0.007987231332140965,0.6000000238418579,2,A,18,A,20,1,1,19,-0.779225766658783,-0.659257709980011,-0.7768929600715637,-0.6535203456878662
0.4,False,False,False,False,zhpQhgha_KU,-0.07321767870053009,-0.07893543393412372,-0.0057177552335936355,0.6000000238418579,3,A,18,TV,21,2,1,19,-0.7850973010063171,-0.7584096789360046,-0.7844499945640564,-0.7556424140930176
0.4,False,False,False,False,zhpQhgha_KU,-0.3060917098636935,-0.3066833353408924,-0.0005916254771989315,-0.5,3,A,19,ATV,22,1,2,21,0.957918107509613,0.8488637804985046,0.9518275856971741,0.8420581221580505
0.4,False,False,False,False,zhpQhgha_KU,-0.45030016693950964,-0.5189528617983392,-0.06865269485882958,0.0,2,V,21,A,23,1,1,22,0.6726866960525513,-0.04698110371828079,0.7206868529319763,0.020896846428513527
0.4,False,False,False,False,zhpQhgha_KU,0.13976878213428634,0.13139860512336554,-0.008370177010920798,1.0,3,V,21,ATV,24,2,1,22,0.6772876977920532,0.5061255097389221,0.6899886727333069,0.5230244994163513
0.4,False,False,False,False,zhpQhgha_KU,0.10409978163596634,0.06162054867117561,-0.042479232964790725,0.0,3,A,22,AV,25,1,2,24,0.8495270609855652,0.9087331891059875,0.8355475664138794,0.8716422915458679
0.4,False,False,False,False,zhpQhgha_KU,0.004276439869954629,-0.00226813612462351,-0.006544575994578139,0.800000011920929,1,A,25,V,26,2,1,24,0.8019395470619202,0.8654232621192932,0.7500117421150208,0.8151885271072388
0.4,False,False,False,False,zhpQhgha_KU,-0.11509602490752968,-0.1262578538586574,-0.011161828951127717,1.399999976158142,2,A,25,V,27,3,1,24,0.5304445624351501,0.5993561148643494,0.4733419418334961,0.5441744923591614
0.4,False,False,False,False,zhpQhgha_KU,0.0038751813676753954,-0.0007310395119048962,-0.004606220879580292,-1.2000000476837158,3,A,25,ATV,28,4,1,24,-1.1674189567565918,-1.1297383308410645,-1.2284051179885864,-1.1912932395935059
0.4,False,False,False,False,zhpQhgha_KU,0.788332136806023,0.7739686474725005,-0.014363489333522494,-2.0,4,A,25,ATV,29,1,3,28,-1.241753101348877,-0.8324082493782043,-1.2626192569732666,-0.8520892858505249
0.4,False,False,False,False,zhpQhgha_KU,0.33969367303979414,0.3774659674376686,0.03777229439787444,-1.0,2,A,28,AV,30,1,1,29,-0.5966432690620422,-0.2912050187587738,-0.5831746459007263,-0.2575652599334717
0.4,False,False,False,False,zhpQhgha_KU,-0.07396984973297549,-0.06689351312603331,0.00707633660694218,0.800000011920929,1,A,30,T,31,2,1,29,0.15649089217185974,0.21678981184959412,0.18524345755577087,0.2422974854707718
0.4,False,False,False,False,zhpQhgha_KU,0.048826222253914864,0.04647785603965815,-0.002348366214256714,-0.4000000059604645,2,A,30,ATV,32,3,1,29,0.5237658023834229,0.5498260259628296,0.5345738530158997,0.5591173768043518
0.4,False,False,False,False,zhpQhgha_KU,-0.010118786161612547,-0.01027793289766521,-0.00015914673605266216,1.2000000476837158,3,A,30,ATV,33,1,2,32,1.5248627662658691,1.5088964700698853,1.5269863605499268,1.5108731985092163
0.4,False,False,False,False,zhpQhgha_KU,0.19944409495859805,0.20984818329343669,0.010404088334838635,0.6000000238418579,2,A,32,A,34,1,1,33,0.705606997013092,0.14109161496162415,0.7038392424583435,0.13028652966022491
0.4,False,False,False,False,phBUpBr1hSo,0.029476050385312647,0.03701917982823488,0.007543129442922236,2.799999952316284,2,A,0,T,2,1,1,1,1.635162115097046,1.6225776672363281,1.636050820350647,1.6202555894851685
0.4,False,False,False,False,phBUpBr1hSo,-0.029626140500447207,-0.03418840722989036,-0.004562266729443154,-0.800000011920929,3,A,0,ATV,3,2,1,1,-0.21888819336891174,-0.24496415257453918,-0.2176700085401535,-0.24780455231666565
0.4,False,False,False,False,phBUpBr1hSo,0.19961888187654964,0.1863322680839623,-0.013286613792587332,-1.399999976158142,3,A,1,TV,4,1,2,3,-1.4323292970657349,-0.9520445466041565,-1.44664466381073,-0.9658249020576477
0.4,False,False,False,False,phBUpBr1hSo,-0.11316180159880673,-0.09796905106774645,0.015192750531060284,1.600000023841858,2,A,3,T,5,1,1,4,0.8393155932426453,0.9177398085594177,0.892601490020752,0.9656155705451965
0.4,False,False,False,False,phBUpBr1hSo,0.7165849469720342,0.665602765670144,-0.05098218130189025,-1.0,3,A,3,V,6,2,1,4,0.7118645906448364,0.9097291231155396,0.7849009037017822,0.962517261505127
0.4,False,False,False,False,phBUpBr1hSo,1.0853891429398743,1.0434256275918337,-0.04196351534804066,-2.200000047683716,4,A,3,AV,7,3,1,4,0.5247021317481995,0.7170860171318054,0.5642366409301758,0.7469356656074524
0.4,False,False,False,False,phBUpBr1hSo,0.3108011608908967,0.31299981845164515,0.0021986575607484404,-2.0,5,A,3,ATV,8,4,1,4,-0.17121581733226776,-0.0881284698843956,-0.1543666422367096,-0.07143516838550568
0.4,False,False,False,False,phBUpBr1hSo,0.22432984562465563,0.22588840122533682,0.0015585556006811885,-1.399999976158142,2,A,7,TV,9,1,1,8,-1.2216490507125854,-0.8938983082771301,-1.2223212718963623,-0.8925966620445251
0.4,True,False,True,False,phBUpBr1hSo,-1.0914408979005272,-1.1093772514303697,-0.017936353529842464,2.0,2,A,8,V,10,1,1,9,-0.19939225912094116,0.06457100063562393,-0.18862086534500122,0.08148910850286484
0.4,True,False,True,False,phBUpBr1hSo,-0.9605341819171835,-0.9753696766925728,-0.014835494775389257,1.7999999523162842,3,A,8,V,11,2,1,9,-0.16982099413871765,0.09129858016967773,-0.1593545526266098,0.10775280743837357
0.4,True,False,True,False,phBUpBr1hSo,-0.41725234479662354,-0.4189795903684397,-0.0017272455718161384,0.800000011920929,4,A,8,V,12,3,1,9,-0.12131904810667038,0.14305521547794342,-0.1109004020690918,0.1590944230556488
0.4,False,False,False,False,phBUpBr1hSo,0.4512448251975316,0.46379159736487097,0.012546772167339348,-1.2000000476837158,5,A,8,A,13,4,1,9,-0.6535977721214294,-0.3340899646282196,-0.6471285223960876,-0.32281219959259033
0.4,False,True,False,True,phBUpBr1hSo,1.1656174821328422,1.2184708973591043,0.05285341522626208,-2.200000047683716,6,A,8,AV,14,5,1,9,-0.27189090847969055,0.009801376610994339,-0.2514725923538208,0.03947090357542038
0.4,False,False,False,False,phBUpBr1hSo,0.3121811929149274,0.31392052633286927,0.0017393334179418574,-1.600000023841858,7,A,8,ATV,15,6,1,9,0.05434560775756836,0.14615021646022797,0.06362031400203705,0.15543529391288757
0.4,False,False,False,False,phBUpBr1hSo,0.18598891443713317,0.1852763686582115,-0.0007125457789216583,2.0,2,A,14,AT,16,1,1,15,0.3314931392669678,0.2766590416431427,0.33354783058166504,0.27885526418685913
0.4,False,False,False,False,phBUpBr1hSo,0.13302349648427025,0.14065142935246744,0.007627932868197185,0.800000011920929,2,A,15,V,17,1,1,16,0.5075658559799194,0.332516074180603,0.5107709765434265,0.32639166712760925
0.4,False,False,False,False,phBUpBr1hSo,-0.0014462040458766978,0.00023952179030573006,0.0016857258361824279,2.0,3,A,15,AT,18,2,1,16,1.103479027748108,1.1042859554290771,1.105474591255188,1.1053407192230225
0.4,False,False,False,False,phBUpBr1hSo,-0.4906845641746207,-0.49248441211901195,-0.001799847944391253,-1.25,3,A,16,ATV,19,1,2,18,0.38953864574432373,0.23236379027366638,0.39411765336990356,0.23682159185409546
0.4,True,False,True,False,phBUpBr1hSo,-0.17960709775018768,-0.1764050952037568,0.003202002546430882,0.800000011920929,2,A,18,T,20,1,1,19,-0.07980812340974808,0.028990766033530235,-0.08260893076658249,0.023731082677841187
0.4,False,False,False,False,yDtzw_Y-7RU,-0.43423878242584735,-0.42501432694780306,0.009224455478044291,-1.0,2,A,1,AT,3,1,1,2,1.0004147291183472,0.888761579990387,0.9946513772010803,0.8851047158241272
0.4,False,False,False,False,yDtzw_Y-7RU,1.0939024823808836,1.1357986175944035,0.04189613521351987,0.5,2,A,2,T,4,1,1,3,-1.092048168182373,-1.40486741065979,-1.0717260837554932,-1.3989790678024292
0.4,False,False,True,False,yDtzw_Y-7RU,-0.8881242737383526,-0.9080695130683014,-0.01994523932994885,-1.2000000476837158,3,A,2,AV,5,2,1,3,0.3340369760990143,0.010431824252009392,0.3304648995399475,-0.0023968406021595
0.4,False,False,False,False,yDtzw_Y-7RU,0.17773409714796173,0.18498216171956017,0.007248064571598434,-0.20000000298023224,4,A,2,TV,6,3,1,3,-1.051052451133728,-1.1497496366500854,-1.0516571998596191,-1.154097557067871
0.4,False,False,False,False,yDtzw_Y-7RU,0.23584104579942267,0.19995859294818175,-0.03588245285124092,-1.5,2,A,5,A,7,1,1,6,-0.4109122157096863,-0.30754318833351135,-0.4226047992706299,-0.33349281549453735
0.4,False,False,False,False,yDtzw_Y-7RU,0.03574881828747323,0.027017376044430108,-0.00873144224304312,-1.0,3,A,5,V,8,2,1,6,-0.8612163066864014,-0.7654584646224976,-0.8674657344818115,-0.7888538241386414
0.4,False,False,False,False,yDtzw_Y-7RU,-0.03827755067163707,-0.03288076043760668,0.005396790234030391,-0.6000000238418579,4,A,5,TV,9,3,1,6,-1.0861256122589111,-1.0450174808502197,-1.0964810848236084,-1.0621825456619263
0.4,False,False,False,False,yDtzw_Y-7RU,-0.010316062180208974,-0.012237688882166253,-0.0019216267019572797,-1.399999976158142,4,V,6,ATV,10,1,3,9,-1.291406512260437,-1.3615750074386597,-1.2814642190933228,-1.3574202060699463
0.4,False,True,False,True,yDtzw_Y-7RU,0.46700548104846007,0.47297249783045736,0.005967016781997292,-0.6666666865348816,2,V,9,V,11,1,1,10,-0.4590223729610443,0.047561317682266235,-0.4638044536113739,0.05035882443189621
0.4,False,False,False,False,yDtzw_Y-7RU,1.3463739904108545,1.3719059854649345,0.025531995054079992,-1.7999999523162842,3,V,9,AV,12,2,1,10,-0.766938328742981,-0.2464265525341034,-0.7674717903137207,-0.23858380317687988
0.4,False,False,False,False,yDtzw_Y-7RU,-0.14164490648425954,-0.1479927486378756,-0.006347842153616057,2.200000047683716,4,V,9,T,13,3,1,10,1.1515300273895264,1.2214069366455078,1.1486297845840454,1.2215386629104614
0.4,False,False,False,False,yDtzw_Y-7RU,0.027223533266777622,0.028260958721674,0.001037425454896379,0.6000000238418579,5,V,9,AV,14,4,1,10,0.5895835757255554,0.765324056148529,0.5914038419723511,0.7683296203613281
0.4,False,False,False,False,yDtzw_Y-7RU,0.023342377858796226,0.024320344602486443,0.0009779667436902173,0.6000000238418579,6,V,9,AT,15,5,1,10,1.029741644859314,1.056092381477356,1.0296701192855835,1.057096004486084
0.4,False,False,False,False,yDtzw_Y-7RU,-0.022582294004811487,-0.02263880526337836,-5.651125856687145e-05,0.20000000298023224,2,A,14,AT,16,1,1,15,0.3670770525932312,0.2730236053466797,0.3651895523071289,0.2681819796562195
0.4,False,False,False,False,yDtzw_Y-7RU,0.10748150179824734,0.08348068557772592,-0.024000816220521415,-2.0,2,A,15,ATV,17,1,1,16,-1.2216744422912598,-1.1554455757141113,-1.2145172357559204,-1.1630628108978271
0.4,False,True,False,True,yDtzw_Y-7RU,2.5588741235489154,2.556776472281097,-0.0020976512678183568,-1.600000023841858,2,A,16,AV,18,1,1,17,-0.7469660639762878,0.21288195252418518,-0.7499265074729919,0.21091175079345703
0.4,False,False,False,False,yDtzw_Y-7RU,-0.22992177471212472,-0.22740847946840503,0.002513295243719682,-0.6000000238418579,1,A,18,TV,19,2,1,17,-1.1300225257873535,-0.8258364200592041,-1.1321455240249634,-0.836157500743866
0.4,False,False,False,False,yDtzw_Y-7RU,0.0010621742118015476,0.0008988289312537034,-0.00016334528054784414,0.20000000298023224,2,A,18,AT,20,1,1,19,0.5835166573524475,0.5848989486694336,0.5919069647789001,0.5930520296096802
0.4,False,False,False,False,yDtzw_Y-7RU,0.4220132534495633,0.500268000146324,0.07825474669676069,2.0,2,V,19,AT,21,1,1,20,1.2222896814346313,0.9866656064987183,1.1739764213562012,0.912533700466156
0.4,False,False,False,False,yDtzw_Y-7RU,0.7235061483115715,0.8164648675200823,0.09295871920851084,2.200000047683716,2,A,20,AV,22,1,1,21,0.9981616139411926,0.727613627910614,0.990268349647522,0.690061092376709
0.4,False,False,False,False,yDtzw_Y-7RU,0.08489014125268568,0.09077602644498484,0.005885885192299156,-0.800000011920929,1,A,22,T,23,2,1,21,-1.112392783164978,-1.2271760702133179,-1.1502107381820679,-1.2619779109954834
0.4,False,False,False,False,nzpVDcQ0ywM,0.03300176369329222,0.03725757398918006,0.004255810295887841,-1.600000023841858,3,A,0,T,3,1,2,2,-1.708370327949524,-1.8115322589874268,-1.717100977897644,-1.82576584815979
0.4,False,False,False,False,nzpVDcQ0ywM,0.1024825207799509,0.10660117340695052,0.004118652626999619,-0.4000000059604645,4,A,0,ATV,4,2,2,2,-1.759995937347412,-1.7971655130386353,-1.7632207870483398,-1.8017746210098267
0.4,False,False,False,False,nzpVDcQ0ywM,-0.02245912218597823,-0.017612879150533445,0.004846243035444786,-1.399999976158142,3,A,2,T,5,1,2,4,-2.029080629348755,-2.0109691619873047,-2.0191986560821533,-2.0048091411590576
0.4,False,False,False,False,nzpVDcQ0ywM,-0.005099408362170266,-0.005045818767612786,5.358959455747936e-05,-1.0,4,A,2,AT,6,2,2,4,-1.5792932510375977,-1.574874997138977,-1.5745824575424194,-1.5701746940612793
0.4,False,False,False,False,nzpVDcQ0ywM,0.21640807518559768,0.18375337496854627,-0.03265470021705141,2.0,3,A,4,V,7,1,2,6,-1.3875596523284912,-1.4193520545959473,-1.385369062423706,-1.412400484085083
0.4,False,False,False,False,nzpVDcQ0ywM,-0.06155416264596525,-0.05233252200953942,0.009221640636425832,-2.200000047683716,4,A,4,A,8,2,2,6,-0.9933355450630188,-1.0191168785095215,-0.9937857985496521,-1.0156773328781128
0.4,False,False,False,False,nzpVDcQ0ywM,0.00011097358330047769,-0.0003717239047240639,-0.0004826974880245416,-1.0,5,A,4,AV,9,3,2,6,-0.9849717020988464,-1.018352746963501,-0.9795050024986267,-1.0069513320922852
0.4,False,False,False,False,nzpVDcQ0ywM,0.04582948699919953,0.03808208096015164,-0.007747406039047888,0.0,6,A,4,A,10,4,2,6,-0.8837378025054932,-0.909297525882721,-0.8814279437065125,-0.9027720093727112
0.4,False,False,False,False,nzpVDcQ0ywM,0.011988908341479032,0.010079147367036967,-0.0019097609744420652,-1.399999976158142,7,A,4,ATV,11,5,2,6,-1.7295889854431152,-1.7473007440567017,-1.7279512882232666,-1.742974042892456
0.4,False,False,False,False,nzpVDcQ0ywM,0.03758719373058739,0.038113707679713116,0.0005265139491257287,-1.0,3,A,9,AV,12,1,2,11,-0.9926680326461792,-0.8059872388839722,-0.9925938248634338,-0.8046322464942932
0.4,False,False,False,False,nzpVDcQ0ywM,-0.2670470916557921,-0.26186299286371906,0.005184098792073044,0.20000000298023224,1,A,12,V,13,2,1,11,-0.6016184687614441,-0.4128173291683197,-0.5733162760734558,-0.3797888159751892
0.4,False,False,False,False,nzpVDcQ0ywM,0.016333267421810405,0.023445645033306484,0.007112377611496079,-0.6000000238418579,2,A,12,AV,14,3,1,11,-0.6642788052558899,-0.45694398880004883,-0.6497374773025513,-0.4390048086643219
0.4,False,False,False,False,nzpVDcQ0ywM,-0.6839788356765117,-0.6838963917545025,8.244392200928985e-05,1.399999976158142,3,A,12,V,15,4,1,11,-0.2985842823982239,-0.08364743739366531,-0.28355643153190613,-0.06644667685031891
0.4,False,False,False,False,nzpVDcQ0ywM,-0.04056271286216884,-0.039153216987443784,0.001409495874725053,1.600000023841858,4,A,12,AT,16,5,1,11,0.9129353165626526,0.943117082118988,0.9172802567481995,0.9465835690498352
0.4,False,False,False,False,nzpVDcQ0ywM,0.0072660619630227075,0.008977263336262808,0.001711201373240101,1.2000000476837158,3,A,14,T,17,1,2,16,1.2136281728744507,1.1136763095855713,1.2073249816894531,1.1049689054489136
0.4,False,False,False,False,nzpVDcQ0ywM,-0.4197445031334661,-0.42131332555026546,-0.0015688224167993425,-2.0,4,A,14,AT,18,2,2,16,0.2925792634487152,0.19913055002689362,0.2945426404476166,0.2008208930492401
0.4,False,False,False,False,nzpVDcQ0ywM,0.12691745031209045,0.12165543939044277,-0.005262010921647686,0.20000000298023224,3,A,16,AT,19,1,2,18,0.6942609548568726,0.8092711567878723,0.6968396306037903,0.8070461750030518
0.4,False,False,False,False,nzpVDcQ0ywM,-0.2379335774674196,-0.2371659497111871,0.000767627756232514,-1.399999976158142,2,A,18,ATV,20,1,1,19,-0.8818780779838562,-1.2253096103668213,-0.8790697455406189,-1.2150611877441406
0.4,False,False,False,False,nzpVDcQ0ywM,-0.05449519643588019,-0.05498939630206223,-0.0004941998661820435,2.0,2,A,19,ATV,21,1,1,20,1.4876112937927246,1.5438783168792725,1.4817277193069458,1.5378130674362183
0.4,False,False,False,False,nzpVDcQ0ywM,0.0880574129305387,0.08868700785065187,0.0006295949201131634,2.0,2,A,20,AT,22,1,1,21,1.4333833456039429,1.3603814840316772,1.4309136867523193,1.357702374458313
0.4,False,False,False,False,nzpVDcQ0ywM,0.03174280850821276,0.034381145973384264,0.002638337465171503,1.600000023841858,2,A,21,AT,23,1,1,22,1.2472167015075684,1.2047799825668335,1.2504525184631348,1.204317569732666
0.4,False,False,False,False,jUzDDGyPkXU,-0.0016228780509521812,-0.0006979782124005851,0.0009248998385515961,-1.2000000476837158,2,A,2,ATV,4,1,1,3,-0.8745667934417725,-0.8770698308944702,-0.8322059512138367,-0.8331560492515564
0.4,False,False,False,False,jUzDDGyPkXU,0.07404905987696964,0.074237552753047,0.00018849287607736187,-1.600000023841858,2,V,3,TV,5,1,1,4,-1.45497727394104,-1.291648507118225,-1.4521865844726562,-1.2900220155715942
0.4,False,False,False,False,jUzDDGyPkXU,-0.805492421864983,-0.796411724189042,0.009080697675940996,-0.6000000238418579,2,A,4,TV,6,1,1,5,-1.8328869342803955,-1.445291519165039,-1.8461781740188599,-1.4697978496551514
0.4,False,False,False,False,jUzDDGyPkXU,-0.06411173185362884,-0.07804231970415287,-0.013930587850524034,1.7999999523162842,2,V,5,AT,7,1,1,6,1.0161471366882324,1.0581687688827515,0.9821332693099976,1.0313234329223633
0.4,False,True,False,True,jUzDDGyPkXU,7.1938952886126195,7.1028969014896575,-0.09099838712296204,2.799999952316284,2,V,6,V,8,1,1,7,0.6039031147956848,-0.6665165424346924,0.5998019576072693,-0.6559757590293884
0.4,False,False,False,False,jUzDDGyPkXU,0.283626197538851,0.2746392970756659,-0.008986900463185066,2.4000000953674316,3,V,6,ATV,9,2,1,7,1.4156063795089722,1.280778408050537,1.415207028388977,1.2844479084014893
0.4,False,False,False,False,jUzDDGyPkXU,0.0716940585364938,0.08245803813359487,0.01076397959710107,2.4000000953674316,3,A,7,TV,10,1,2,9,1.1272032260894775,1.0993441343307495,1.1305001974105835,1.098428726196289
0.4,False,False,False,False,jUzDDGyPkXU,0.009537171189279547,0.009086274194274324,-0.0004508969950052233,0.5,2,A,9,ATV,11,1,1,10,1.2155063152313232,1.2221401929855347,1.212315559387207,1.2186652421951294
0.4,False,False,False,False,jUzDDGyPkXU,-0.2704174277434106,-0.277615484391589,-0.007198056648178408,-0.6000000238418579,2,V,10,A,12,1,1,11,0.6769735217094421,0.5662949681282043,0.6989167332649231,0.5872527956962585
0.4,False,False,False,False,jUzDDGyPkXU,0.017634697237607355,0.01908255391140301,0.0014478566737956555,0.800000011920929,3,V,10,AV,13,2,1,11,0.758507490158081,0.6608729958534241,0.7603124380111694,0.656272292137146
0.4,False,False,False,False,jUzDDGyPkXU,0.16422196978617354,0.17341944590189495,0.009197476115721415,1.3333333730697632,4,V,10,T,14,3,1,11,-0.42624181509017944,-0.4723041355609894,-0.4100196659564972,-0.45906704664230347
0.4,False,False,False,False,jUzDDGyPkXU,0.004507603229910728,0.004643634426315657,0.00013603119640492878,1.2000000476837158,5,V,10,ATV,15,4,1,11,1.02695894241333,1.0143907070159912,1.029711365699768,1.0165828466415405
0.4,False,False,False,False,jUzDDGyPkXU,-0.23138848734801343,-0.23405245137854536,-0.002663964030531929,-2.799999952316284,3,A,13,ATV,16,1,2,15,-1.7098838090896606,-1.8217542171478271,-1.711275339126587,-1.8246698379516602
0.4,False,True,False,True,jUzDDGyPkXU,5.0037125760478744,4.999009296420809,-0.004703279627065626,-2.4000000953674316,2,A,15,AV,17,1,1,16,-0.8116288185119629,0.3434714078903198,-0.811022162437439,0.3429654836654663
0.4,False,False,False,False,jUzDDGyPkXU,-2.021121499178946,-1.8656994780441778,0.15542202113476833,2.200000047683716,1,A,17,T,18,2,1,16,-2.106508255004883,-1.865082025527954,-2.115032434463501,-1.893141269683838
0.4,False,False,False,False,jUzDDGyPkXU,0.9603586887266511,0.9474474182681973,-0.01291127045845375,-2.200000047683716,2,A,17,AV,19,3,1,16,-0.7116384506225586,-0.41798463463783264,-0.7081016302108765,-0.41864991188049316
0.4,False,False,False,False,jUzDDGyPkXU,0.25751449226385503,0.2496134439933151,-0.007901048270539945,-1.0,3,A,17,ATV,20,4,1,16,0.7590773105621338,0.8308106064796448,0.7610074281692505,0.830508291721344
0.4,True,False,True,False,jUzDDGyPkXU,-4.979419446036562,-4.904944854009785,0.07447459202677731,-2.4000000953674316,2,A,19,V,21,1,1,20,0.3422245383262634,-0.8061442375183105,0.3222934901714325,-0.8169847726821899
0.4,False,False,False,False,jUzDDGyPkXU,-0.020967606622321,-0.020498976110516764,0.00046863051180423554,1.2000000476837158,3,A,19,ATV,22,2,1,20,1.3510271310806274,1.2429136037826538,1.3478718996047974,1.2369744777679443
0.4,True,False,True,False,jUzDDGyPkXU,-1.6458971925645436,-1.7260162827198853,-0.08011909015534169,-1.0,3,A,20,V,23,1,2,22,0.43273234367370605,-0.36217182874679565,0.4381255507469177,-0.41503092646598816
0.4,False,False,False,False,jUzDDGyPkXU,-0.40230887917324765,-0.4295601755377021,-0.027251296364454447,-2.0,4,A,20,TV,24,2,2,22,-1.2306386232376099,-1.5645599365234375,-1.217905879020691,-1.5732553005218506
0.4,False,False,False,False,jUzDDGyPkXU,1.3116608721846212,1.3196890390001847,0.008028166815563509,-2.0,3,A,22,ATV,25,1,2,24,-1.3175290822982788,-0.6667980551719666,-1.3041058778762817,-0.6568850874900818
0.4,False,False,False,False,jUzDDGyPkXU,1.011643710773769,1.0562341085209725,0.044590397747203525,-2.0,2,V,24,V,26,1,1,25,-0.8041741847991943,-0.4374242126941681,-0.8126338124275208,-0.42962661385536194
0.4,False,False,False,False,rnaNMUZpvvg,-0.06265203620597504,-0.0613068935820138,0.0013451426239612374,-2.4000000953674316,3,V,0,TV,3,1,2,2,-2.0185234546661377,-2.112124443054199,-2.021852493286133,-2.114187717437744
0.4,False,False,False,False,rnaNMUZpvvg,0.19971078198176428,0.19819130145179997,-0.0015194805299643122,-2.799999952316284,2,V,2,ATV,4,1,1,3,-2.0416321754455566,-1.9197542667388916,-2.041670083999634,-1.9206504821777344
0.4,False,False,False,False,rnaNMUZpvvg,0.0028100632113705615,0.003020534887809845,0.00021047167643928333,-2.5999999046325684,2,V,3,T,5,1,1,4,-2.3068487644195557,-2.3020944595336914,-2.3158211708068848,-2.3105554580688477
0.4,False,False,False,False,rnaNMUZpvvg,0.01292347901384261,0.011758708019250719,-0.0011647709945918905,-0.4000000059604645,3,V,3,V,6,2,1,4,-1.2933416366577148,-1.3005458116531372,-1.2925752401351929,-1.299138069152832
0.4,False,False,False,False,rnaNMUZpvvg,0.0010200979792216458,0.0007033261247215705,-0.0003167718545000753,-1.600000023841858,4,V,3,ATV,7,3,1,4,-2.120147943496704,-2.1211276054382324,-2.120673418045044,-2.1213483810424805
0.4,False,False,False,False,rnaNMUZpvvg,0.007925656199176956,0.010185117866285509,0.0022594616671085532,-1.399999976158142,4,A,4,TV,8,1,3,7,-2.156179189682007,-2.1614017486572266,-2.1556167602539062,-2.1623265743255615
0.4,False,False,False,False,rnaNMUZpvvg,0.17162430695259445,0.16669318957951873,-0.004931117373075722,-2.5999999046325684,2,A,7,V,9,1,1,8,-1.1579126119613647,-1.0995866060256958,-1.1543302536010742,-1.0977835655212402
0.4,False,False,False,False,rnaNMUZpvvg,0.16783825166966793,0.1609286489484738,-0.006909602721194119,-2.5999999046325684,3,A,7,A,10,2,1,8,-0.9263573884963989,-0.8769451975822449,-0.9232068061828613,-0.8758874535560608
0.4,False,False,False,False,rnaNMUZpvvg,-0.011272286565599643,-0.010940516496816599,0.0003317700687830438,-1.0,4,A,7,AV,11,3,1,8,-1.1164542436599731,-1.0478466749191284,-1.1165574789047241,-1.0514308214187622
0.4,False,False,False,False,rnaNMUZpvvg,0.007102733555726104,0.0067504204538408885,-0.0003523131018852155,-2.0,5,A,7,TV,12,4,1,8,-1.8999266624450684,-1.8691664934158325,-1.9001835584640503,-1.8707183599472046
0.4,False,False,False,False,rnaNMUZpvvg,-0.011794559216184552,-0.011961444241251229,-0.00016688502506667646,-2.5999999046325684,2,A,11,T,13,1,1,12,-2.2236032485961914,-2.2396113872528076,-2.225431442260742,-2.2417540550231934
0.4,False,False,False,False,rnaNMUZpvvg,0.0088983050236493,0.009154197755023574,0.00025589273137427426,-1.600000023841858,3,A,11,TV,14,2,1,12,-1.956620454788208,-1.9688854217529297,-1.9581947326660156,-1.9707528352737427
0.4,False,False,False,False,rnaNMUZpvvg,-0.0008613493441771425,-0.000827065761015433,3.428358316170943e-05,-1.7999999523162842,3,V,12,ATV,15,1,2,14,-1.9226022958755493,-1.9190376996994019,-1.9215312004089355,-1.9180794954299927
0.4,False,False,False,False,rnaNMUZpvvg,-0.05719522003870381,-0.0593887861438418,-0.0021935661051379896,-1.600000023841858,2,V,14,A,16,1,1,15,-0.8029091358184814,-0.8396325707435608,-0.7924571633338928,-0.8301060795783997
0.4,False,False,False,False,rnaNMUZpvvg,-0.0930913577838055,-0.09400151737092699,-0.000910159587121484,-2.200000047683716,3,V,14,AV,17,2,1,15,-1.1616500616073608,-1.2074884176254272,-1.1577873229980469,-1.2039047479629517
0.4,False,False,False,False,rnaNMUZpvvg,-0.028243506163903476,-0.028398693707501366,-0.00015518754359789,-1.399999976158142,4,V,14,AV,18,3,1,15,-1.0830883979797363,-1.1313190460205078,-1.0813251733779907,-1.129528284072876
0.4,False,False,False,False,rnaNMUZpvvg,0.18875487135846925,0.1879241869881838,-0.0008306843702854394,0.800000011920929,5,V,14,AV,19,4,1,15,-0.9456784129142761,-0.9989296793937683,-0.9446521401405334,-0.9977027773857117
0.4,False,False,False,False,rnaNMUZpvvg,-0.10890073141816003,-0.10908956312277951,-0.0001888317046194743,-2.5999999046325684,6,V,14,A,20,5,1,15,-0.9776889085769653,-1.0116069316864014,-0.9768880605697632,-1.0108484029769897
0.4,False,False,False,False,rnaNMUZpvvg,-0.081914118405507,-0.08211422090293752,-0.000200102497430521,-2.200000047683716,7,V,14,V,21,6,1,15,-1.2024065256118774,-1.244343876838684,-1.2020506858825684,-1.2440770864486694
0.4,False,False,False,False,yvsjCA6Y5Fc,0.0056114430171305685,0.00750145635909405,0.0018900133419634813,-2.0,2,A,0,AT,2,1,1,1,-2.0142195224761963,-1.923752784729004,-2.0086467266082764,-1.9129585027694702
0.4,False,False,False,False,yvsjCA6Y5Fc,-0.11741166463760777,-0.11922104438539982,-0.0018093797477920504,-0.20000000298023224,2,A,1,A,3,1,1,2,-0.680927038192749,-0.5374598503112793,-0.6857529282569885,-0.5416648387908936
0.4,False,False,False,False,yvsjCA6Y5Fc,-0.19908529902183858,-0.20264644599389925,-0.003561146972060669,0.4000000059604645,3,A,1,ATV,4,2,1,2,-0.79083651304245,-0.704086184501648,-0.7943811416625977,-0.7063000798225403
0.4,False,False,False,False,yvsjCA6Y5Fc,0.88088499835834,0.8811865152810441,0.0003015169227040815,0.0,3,A,2,ATV,5,1,2,4,-1.787421464920044,-2.0188512802124023,-1.785976767539978,-2.0176470279693604
0.4,False,False,False,False,yvsjCA6Y5Fc,0.3188824073631884,0.19968713591431442,-0.11919527144887399,-1.7999999523162842,2,A,4,V,6,1,1,5,-0.27423444390296936,-0.17308790981769562,-0.2608207166194916,-0.19726483523845673
0.4,False,False,False,False,yvsjCA6Y5Fc,-0.11715203136029828,-0.058396469398907414,0.05875556196139087,0.4000000059604645,3,A,4,TV,7,2,1,5,-1.6085747480392456,-1.5791969299316406,-1.592366099357605,-1.5776567459106445
0.4,False,False,False,False,yvsjCA6Y5Fc,0.5751363595585233,0.5568861078521226,-0.01825025170640071,-1.399999976158142,3,A,5,V,8,1,2,7,-0.4803583323955536,-0.2079944759607315,-0.47738540172576904,-0.21336449682712555
0.4,False,False,False,False,yvsjCA6Y5Fc,0.157332317751937,0.1582172771634731,0.0008849594115361015,-2.0,4,A,5,ATV,9,2,2,7,-1.4747974872589111,-1.3418434858322144,-1.4639025926589966,-1.332453966140747
0.4,False,False,False,False,yvsjCA6Y5Fc,-0.8810142782414374,-0.868933533169411,0.012080745072026389,2.0,3,V,7,V,10,1,2,9,-1.1715894937515259,-1.0295157432556152,-1.1720460653305054,-1.0319865942001343
0.4,False,False,False,False,yvsjCA6Y5Fc,-0.13854848574332834,-0.13699346278004043,0.001555022963287911,-0.6000000238418579,4,V,7,ATV,11,2,2,9,-1.3596552610397339,-1.262214183807373,-1.3602502346038818,-1.2640684843063354
0.4,False,False,False,False,yvsjCA6Y5Fc,0.08134839923614834,0.08878119051338729,0.007432791277238948,-2.0,3,A,9,AV,12,1,2,11,-1.276394248008728,-1.222212314605713,-1.2756881713867188,-1.216795802116394
0.4,False,False,False,False,yvsjCA6Y5Fc,-0.01661866393841649,-0.015803312776924372,0.0008153511614921172,-1.0,1,A,12,V,13,2,1,11,-1.2098203897476196,-1.1655473709106445,-1.193626880645752,-1.1472686529159546
0.4,False,False,False,False,yvsjCA6Y5Fc,0.02826283501889293,0.03144078195144573,0.0031779469325528,-2.0,2,A,12,ATV,14,3,1,11,-1.6536881923675537,-1.615039348602295,-1.6398504972457886,-1.598567008972168
0.4,False,False,False,False,yvsjCA6Y5Fc,0.0018902722140410333,0.0020366399282352177,0.00014636771419418437,-1.7999999523162842,3,A,12,ATV,15,1,2,14,-2.0016865730285645,-2.006319522857666,-1.9971957206726074,-2.002293825149536
0.4,False,False,False,False,yvsjCA6Y5Fc,-0.018267477284098277,-0.017679703931960944,0.000587773352137333,-0.6000000238418579,2,A,14,T,16,1,1,15,-1.0151134729385376,-0.9924942255020142,-1.0322058200836182,-1.0112446546554565
0.4,False,False,False,False,yvsjCA6Y5Fc,0.08696002179550533,0.08276751860648801,-0.004192503189017316,-2.200000047683716,3,A,14,V,17,2,1,15,-1.0374267101287842,-1.0006098747253418,-1.0518689155578613,-1.0163731575012207
0.4,False,False,False,False,yvsjCA6Y5Fc,0.05256636953902216,0.049893101332955325,-0.0026732682060668367,-1.600000023841858,4,A,14,AV,18,3,1,15,-1.0481443405151367,-1.0024123191833496,-1.0551992654800415,-1.0111868381500244
0.4,False,False,False,False,yvsjCA6Y5Fc,-0.0059242202971780955,-0.005110282379927611,0.0008139379172504846,0.800000011920929,5,A,14,TV,19,4,1,15,0.5929453372955322,0.6077829003334045,0.5827011466026306,0.5947964191436768
0.4,False,False,False,False,yvsjCA6Y5Fc,-0.22329376974283832,-0.24899300430138283,-0.025699234558544504,-1.7999999523162842,2,A,18,ATV,20,1,1,19,-1.3239758014678955,-1.742508888244629,-1.2945431470870972,-1.7194172143936157
0.4,False,False,False,False,yvsjCA6Y5Fc,1.8196554955943576,1.7253723133564611,-0.09428318223789645,-1.600000023841858,2,V,19,V,21,1,1,20,-1.0686137676239014,-0.1501631885766983,-1.0777947902679443,-0.18646876513957977
0.4,False,False,False,False,yvsjCA6Y5Fc,1.0883129020807987,1.0355926638705562,-0.05272023821024252,-1.2000000476837158,3,V,19,A,22,2,1,20,-0.6793712973594666,-0.03408101201057434,-0.6875016093254089,-0.060593485832214355
0.4,False,False,False,False,pLTX3ipuDJI,0.397505599467185,0.4161043234656354,0.018598723998450417,-2.200000047683716,2,A,1,ATV,3,1,1,2,-0.5271221995353699,-0.41225680708885193,-0.5206924676895142,-0.4010619521141052
0.4,False,False,False,False,pLTX3ipuDJI,0.043515850562585,0.04623092495705805,0.0027150743944730493,-2.0,2,A,2,T,4,1,1,3,-1.5752474069595337,-1.5267869234085083,-1.572764277458191,-1.5217100381851196
0.4,False,False,False,False,pLTX3ipuDJI,0.06221138483995858,0.06628691426752109,0.004075529427562508,-1.399999976158142,3,A,2,AV,5,2,1,3,-0.3438386917114258,-0.3147866129875183,-0.33957186341285706,-0.30876457691192627
0.4,False,False,False,False,pLTX3ipuDJI,-0.029299670648015086,-0.029947355579705848,-0.0006476849316907618,0.800000011920929,4,A,2,TV,6,3,1,3,0.13191765546798706,0.15421803295612335,0.13583344221115112,0.1587747186422348
0.4,False,False,False,False,pLTX3ipuDJI,-0.9897162805708604,-1.004851713858205,-0.015135433287344568,-2.0,2,A,5,A,7,1,1,6,-0.2957906126976013,-0.6163044571876526,-0.2918948531150818,-0.6169701814651489
0.4,False,False,False,False,pLTX3ipuDJI,0.3084313423055489,0.30696240973678357,-0.0014689325687653465,0.0,3,A,5,A,8,2,1,6,-0.3312965929508209,-0.646675169467926,-0.31886494159698486,-0.6392474174499512
0.4,False,False,False,False,pLTX3ipuDJI,-0.03201052621261624,-0.032483374808805365,-0.0004728485961891238,-1.600000023841858,4,A,5,T,9,3,1,6,-1.3697117567062378,-1.4550098180770874,-1.3677979707717896,-1.4535950422286987
0.4,False,False,False,False,pLTX3ipuDJI,0.22332078118496668,0.22377593050147127,0.00045514931650458834,0.6000000238418579,5,A,5,A,10,4,1,6,-0.5851081609725952,-0.6758534908294678,-0.5766366124153137,-0.6681678295135498
0.4,False,False,False,False,pLTX3ipuDJI,-0.3122985137181855,-0.3153829502782335,-0.003084436560047976,-2.0,6,A,5,V,11,5,1,6,-0.2543562054634094,-0.3462243974208832,-0.25087738037109375,-0.34348347783088684
0.4,False,False,False,False,pLTX3ipuDJI,-0.20597487195460928,-0.20852016709068,-0.0025452951360707132,-1.399999976158142,7,A,5,A,12,6,1,6,-0.35829320549964905,-0.46235498785972595,-0.35313400626182556,-0.4579765200614929
0.4,False,False,False,False,pLTX3ipuDJI,-0.04873309458083952,-0.04949769961605455,-0.0007646050352150269,-2.0,8,A,5,TV,13,7,1,6,-1.3974653482437134,-1.4393620491027832,-1.3954800367355347,-1.43790864944458
0.4,False,False,False,False,pLTX3ipuDJI,0.16224731742204312,0.1595189190147046,-0.002728398407338517,-1.399999976158142,8,V,6,ATV,14,1,7,13,-0.9735918045043945,-0.8134241104125977,-0.9706244468688965,-0.8135852217674255
0.4,False,False,False,False,pLTX3ipuDJI,0.021095052963328698,0.030100653103115604,0.009005600139786907,-1.600000023841858,2,V,13,AV,15,1,1,14,-0.6429813504219055,-0.6320228576660156,-0.6453503966331482,-0.6297131776809692
0.4,False,True,False,True,cW1FSBF59ik,3.9641219716191145,3.9350964215937814,-0.029025550025333136,2.0,4,A,0,AV,4,1,3,3,0.2236105054616928,-0.6682731509208679,0.22335000336170197,-0.6630023717880249
0.4,False,True,False,True,cW1FSBF59ik,1.9114085255897004,1.9935185783349318,0.08211005274523142,1.2000000476837158,1,A,4,V,5,2,1,3,0.51841139793396,-0.34141865372657776,0.5713919401168823,-0.345531165599823
0.4,False,False,False,False,cW1FSBF59ik,-0.06236152370348691,-0.06897019215101352,-0.006608668447526611,0.5,2,A,4,TV,6,3,1,3,0.7867538332939148,0.6409476399421692,0.7965998649597168,0.6378451585769653
0.4,False,False,False,False,cW1FSBF59ik,0.9504566829305645,0.8540909704345552,-0.09636571249600934,1.7999999523162842,3,A,4,V,7,1,2,6,0.9668580889701843,0.5175873637199402,0.9867982268333435,0.5689889788627625
0.4,False,False,False,False,cW1FSBF59ik,-0.4416637997476158,-0.4446008913018886,-0.002937091554272797,-2.4000000953674316,4,A,4,AT,8,2,2,6,-1.2635507583618164,-1.4781252145767212,-1.2517881393432617,-1.4652328491210938
0.4,False,True,False,True,cW1FSBF59ik,2.0802976283982524,2.169041217096037,0.08874358869778476,-1.0,3,V,6,A,9,1,2,8,-0.9509164690971375,0.4431586265563965,-0.8888310194015503,0.47695624828338623
0.4,False,False,False,False,cW1FSBF59ik,-0.6559783718525836,-0.6216323109277226,0.03434606092486092,-1.0,4,V,6,AT,10,2,2,8,-1.9542789459228516,-1.5046483278274536,-1.9000041484832764,-1.434022068977356
0.4,False,False,False,False,cW1FSBF59ik,-1.4027659485445696,-1.449514872023716,-0.0467489234791465,2.200000047683716,3,A,8,V,11,1,2,10,-0.6063582897186279,-0.3441857099533081,-0.6104963421821594,-0.33956193923950195
0.4,False,False,False,False,cW1FSBF59ik,-0.3257555268301786,-0.3320159524636743,-0.006260425633495714,2.0,4,A,8,ATV,12,2,2,10,0.5325618982315063,0.6481053829193115,0.5292701721191406,0.6468443274497986
0.4,False,False,False,False,cW1FSBF59ik,0.32493634249014747,0.3287010904007275,0.003764747910580013,-1.2000000476837158,3,A,10,TV,13,1,2,12,-1.544498085975647,-1.866044521331787,-1.5296326875686646,-1.8613311052322388
0.4,False,False,False,False,cW1FSBF59ik,0.8556441056261832,0.8766182851404665,0.020974179514283264,-2.5999999046325684,2,A,12,ATV,14,1,1,13,-1.6887859106063843,-1.3015565872192383,-1.6713716983795166,-1.2813003063201904
0.4,False,False,False,False,cW1FSBF59ik,-0.3168190111313436,-0.37045032857207616,-0.05363131744073257,3.0,2,V,13,TV,15,1,1,14,0.8889592289924622,0.9653810858726501,0.866828978061676,0.9555029273033142
0.4,False,False,False,False,cW1FSBF59ik,0.1952275589884067,0.20747803474137072,0.012250475752964007,2.4000000953674316,2,A,14,ATV,16,1,1,15,1.5724785327911377,1.4619065523147583,1.565731167793274,1.449483036994934
0.4,False,False,False,False,cW1FSBF59ik,2.0127913418399324,2.223640949773711,0.2108496079337785,2.5999999046325684,2,V,15,V,17,1,1,16,1.1044338941574097,0.5385661721229553,1.0952799320220947,0.4815516173839569
0.4,False,False,False,True,cW1FSBF59ik,0.03320673581189071,0.03684662510699638,0.0036398892951056694,0.20000000298023224,3,V,15,TV,18,2,1,16,0.26241856813430786,0.007379097864031792,0.2644820809364319,-0.0024958327412605286
0.4,False,False,False,False,cW1FSBF59ik,-0.008447235281735743,-0.0072326900941988015,0.0012145451875369417,2.5,3,A,16,T,19,1,2,18,1.2737127542495728,1.2771618366241455,1.2298657894134521,1.2327162027359009
0.4,False,False,False,False,cW1FSBF59ik,4.547222310691268e-05,0.0005215974872498919,0.0004761252641429792,1.600000023841858,4,A,16,AT,20,2,2,18,1.3355154991149902,1.3354295492172241,1.3402419090270996,1.3392398357391357
0.4,False,False,False,False,cW1FSBF59ik,-0.5188967601698096,-0.5158960332173557,0.0030007269524539026,-1.0,3,V,18,AV,21,1,2,20,1.0734896659851074,0.9443411827087402,1.079953908920288,0.9520021080970764
0.4,False,False,False,False,cW1FSBF59ik,0.006134488993311038,0.005473960058722582,-0.0006605289345884557,1.399999976158142,1,A,21,ATV,22,2,1,20,1.3271169662475586,1.293012022972107,1.33329439163208,1.3003827333450317
0.4,False,False,False,False,cW1FSBF59ik,0.04533270195621597,0.04283173272243701,-0.00250096923377896,0.0,2,A,21,AT,23,1,1,22,0.560684323310852,0.5997496247291565,0.5627881288528442,0.5996350646018982
0.4,False,False,False,False,tmZoasNr4rU,-0.05260393055746704,-0.05150789798204869,0.0010960325754183486,-0.800000011920929,2,A,1,T,3,1,1,2,-1.6002037525177002,-1.5666303634643555,-1.590889811515808,-1.5576270818710327
0.4,False,False,False,False,tmZoasNr4rU,-0.0224962987346089,-0.022552614940309468,-5.631620570056839e-05,-0.800000011920929,3,A,1,AT,4,2,1,2,-1.7603843212127686,-1.748599886894226,-1.7564479112625122,-1.744584560394287
0.4,False,False,False,False,tmZoasNr4rU,0.03624008131737355,0.03591352743433163,-0.00032655388304192456,-1.7999999523162842,3,A,2,TV,5,1,2,4,-1.389517068862915,-1.3475220203399658,-1.3923739194869995,-1.3504751920700073
0.4,False,False,False,False,tmZoasNr4rU,-0.030620963593719353,-0.0315176723794508,-0.0008967087857314482,-1.0,2,A,4,ATV,6,1,1,5,-1.7749488353729248,-1.7549335956573486,-1.7674118280410767,-1.7465944290161133
0.4,False,False,False,False,tmZoasNr4rU,0.0032481930588659225,0.0022351460304292914,-0.001013047028436631,-2.0,2,V,5,TV,7,1,1,6,-1.6420143842697144,-1.6375060081481934,-1.6322051286697388,-1.6291790008544922
0.4,False,False,False,False,tmZoasNr4rU,0.18035708997713584,0.18185452025534232,0.0014974302782064797,-0.6000000238418579,2,A,6,AV,8,1,1,7,-1.398250937461853,-1.5041911602020264,-1.4002091884613037,-1.506746530532837
0.4,False,False,False,False,tmZoasNr4rU,-0.17851414342387173,-0.20355987979918666,-0.02504573637531493,-1.7999999523162842,1,A,8,V,9,2,1,7,-0.9684705138206482,-1.0838106870651245,-0.9399462938308716,-1.0677893161773682
0.4,False,False,False,False,tmZoasNr4rU,0.10936955142723548,0.11151384189045288,0.002144290463217402,-0.6000000238418579,2,A,8,AV,10,3,1,7,-0.935275673866272,-1.070934534072876,-0.9219339489936829,-1.0638483762741089
0.4,False,False,False,False,tmZoasNr4rU,-0.0539154513423199,-0.058196622505718665,-0.004281171163398767,-2.200000047683716,3,A,8,TV,11,4,1,7,-1.7914977073669434,-1.863906741142273,-1.7823008298873901,-1.8590073585510254
0.4,False,False,False,False,tmZoasNr4rU,-0.12125673008864624,-0.1220306782523437,-0.0007739481636974688,-0.800000011920929,2,A,10,A,12,1,1,11,-1.262620210647583,-1.1045664548873901,-1.259239912033081,-1.0981117486953735
0.4,False,False,False,False,tmZoasNr4rU,0.026506429602434878,0.02727819046441482,0.0007717608619799421,-2.0,3,A,10,TV,13,2,1,11,-1.847886323928833,-1.7771884202957153,-1.8463149070739746,-1.7743957042694092
0.4,False,False,False,False,tmZoasNr4rU,-0.09889424807958846,-0.1055546088292516,-0.006660360749663141,0.25,3,V,11,TV,14,1,2,13,-1.4349229335784912,-1.4053159952163696,-1.443636417388916,-1.4121822118759155
0.4,False,False,False,False,tmZoasNr4rU,-0.0146345848394418,-0.015944721072173706,-0.0013101362327319066,-1.399999976158142,2,V,13,V,15,1,1,14,-1.2209396362304688,-1.2679847478866577,-1.2185263633728027,-1.2696621417999268
0.4,False,False,False,False,tmZoasNr4rU,0.02233707890354708,0.024801333119057745,0.002464254215510664,-1.399999976158142,3,V,13,ATV,16,2,1,14,-1.8601995706558228,-1.8838602304458618,-1.8584469556808472,-1.8847421407699585
0.4,False,False,False,False,tmZoasNr4rU,-0.09317710811724567,-0.08951620955929229,0.0036608985579533737,0.0,3,V,14,ATV,17,1,2,16,-1.9720553159713745,-1.9482877254486084,-1.9707905054092407,-1.947947382926941
0.4,False,False,False,False,tmZoasNr4rU,-0.13315855785108077,-0.12540556193206953,0.007752995919011241,0.20000000298023224,2,A,16,ATV,18,1,1,17,-1.0334376096725464,-0.9782231450080872,-1.0352723598480225,-0.9834239482879639
0.4,False,False,False,False,tmZoasNr4rU,0.08353454586199405,0.0816739586570776,-0.0018605872049164418,-1.0,2,A,17,V,19,1,1,18,-1.187590479850769,-1.3445645570755005,-1.1851747035980225,-1.3405343294143677
0.4,False,False,False,False,d6hH302o4v8,-0.4105479105305352,-0.36849453746886596,0.04205337306166923,0.20000000298023224,2,V,0,TV,2,1,1,1,-1.5274579524993896,-1.4042328596115112,-1.496557354927063,-1.3842387199401855
0.4,False,False,False,False,d6hH302o4v8,0.13393165612413327,0.14111589423555415,0.007184238111420882,-1.600000023841858,2,V,1,A,3,1,1,2,-0.6576852202415466,-0.5891148447990417,-0.6376961469650269,-0.566973090171814
0.4,False,False,False,False,d6hH302o4v8,0.14801542931434142,0.1475788781593792,-0.00043655115496221697,-1.3333333730697632,3,V,1,AV,4,2,1,2,-0.6325962543487549,-0.533928632736206,-0.6247755885124207,-0.5273352265357971
0.4,False,False,False,False,d6hH302o4v8,0.17175357388705947,0.17068484445345788,-0.0010687294336015896,-2.0,4,V,1,A,5,3,1,2,-0.6649473309516907,-0.6021018624305725,-0.6583440899848938,-0.5961747169494629
0.4,False,False,False,False,d6hH302o4v8,0.22650721654582995,0.21854744393106174,-0.007959772614768212,-2.799999952316284,5,V,1,AV,6,4,1,2,-1.0579335689544678,-0.9940922856330872,-1.057299256324768,-0.995684802532196
0.4,False,False,False,False,d6hH302o4v8,0.15870958783318656,0.15244339995129152,-0.006266187881895036,-2.200000047683716,6,V,1,V,7,5,1,2,-0.9726563096046448,-0.9096193909645081,-0.9741405844688416,-0.9134640693664551
0.4,False,False,False,False,d6hH302o4v8,0.14204651505309585,0.1369501705394498,-0.005096344513646045,-2.4000000953674316,7,V,1,A,8,6,1,2,-0.8365903496742249,-0.7918034195899963,-0.8370832800865173,-0.793868362903595
0.4,False,False,False,False,d6hH302o4v8,0.10586279011564059,0.10148141536229005,-0.004381374753350542,-1.2000000476837158,8,V,1,AV,9,7,1,2,-0.6185168027877808,-0.5336776375770569,-0.6204142570495605,-0.5386369824409485
0.4,False,False,False,False,d6hH302o4v8,-0.04531294314485024,-0.04389624586383434,0.0014166972810158995,-1.0,9,V,1,TV,10,8,1,2,-1.7050191164016724,-1.6721153259277344,-1.7067649364471436,-1.6749966144561768
0.4,False,False,False,False,d6hH302o4v8,-0.04656904411844209,-0.05497232125809148,-0.00840327713964939,1.399999976158142,2,A,9,TV,11,1,1,10,1.1082656383514404,1.2036842107772827,1.0708211660385132,1.168945074081421
0.4,False,False,False,False,d6hH302o4v8,-0.4994722834147751,-0.44572808739950176,0.05374419601527336,-2.0,2,V,10,ATV,12,1,1,11,-1.2770448923110962,-1.847711443901062,-1.3178157806396484,-1.85983145236969
0.4,False,True,False,True,d6hH302o4v8,3.037282193560543,2.7564271474230795,-0.2808550461374635,-1.7999999523162842,2,V,11,AV,13,1,1,12,-0.49513453245162964,0.3771440386772156,-0.5039926171302795,0.3061961829662323
0.4,False,False,False,False,d6hH302o4v8,0.01571403618108036,0.017032281054625287,0.001318244873544927,-1.75,1,A,13,AT,14,2,1,12,-1.8008952140808105,-1.6147063970565796,-1.791904091835022,-1.6129298210144043
0.4,False,False,False,False,d6hH302o4v8,-0.020993454578274395,-0.020842465824273404,0.00015098875400099132,-2.0,2,A,13,T,15,1,1,14,-2.1717066764831543,-2.092139720916748,-2.1673405170440674,-2.0846190452575684
0.4,False,False,False,False,d6hH302o4v8,0.04397478974372859,0.04538513168292013,0.0014103419391915395,-2.0,3,A,13,ATV,16,2,1,14,-1.3904341459274292,-1.3553719520568848,-1.387683391571045,-1.3516815900802612
0.4,False,False,False,False,d6hH302o4v8,-0.2490611818732873,-0.24932980689023054,-0.0002686250169432469,-2.0,3,A,14,AV,17,1,2,16,-1.0409901142120361,-1.181074619293213,-1.0391560792922974,-1.179091215133667
0.4,False,False,False,False,d6hH302o4v8,-0.03703342238196683,-0.05348219655405728,-0.016448774172090452,-2.799999952316284,1,A,17,T,18,2,1,16,-2.1781749725341797,-2.208702325820923,-2.1179563999176025,-2.158360481262207
0.4,False,False,False,False,d6hH302o4v8,0.06579101176152702,0.06526202855317464,-0.0005289832083523738,1.0,2,A,17,ATV,19,3,1,16,0.26060184836387634,0.21737580001354218,0.3309991955757141,0.28388261795043945
0.4,False,False,False,False,d6hH302o4v8,-0.18233213572064244,-0.2090194121676774,-0.026687276447034947,-2.4000000953674316,3,A,17,TV,20,1,2,19,-1.8722172975540161,-2.0898025035858154,-1.84235417842865,-2.080704689025879
0.4,False,False,False,False,d6hH302o4v8,-0.35857983960818274,-0.36728277977009327,-0.008702940161910533,-1.0,2,A,19,ATV,21,1,1,20,-2.062653064727783,-1.8778676986694336,-2.046670913696289,-1.8533681631088257
0.4,False,False,False,False,d6hH302o4v8,-0.005894789550211499,-0.003888549345390402,0.002006240204821097,-2.5999999046325684,2,V,20,T,22,1,1,21,-2.273768901824951,-2.2829322814941406,-2.2884068489074707,-2.294710397720337
0.4,False,False,False,False,d6hH302o4v8,-0.24495493189412443,-0.23358603352940577,0.01136889836471866,-2.799999952316284,3,V,20,AV,23,2,1,21,-0.5540326833724976,-0.6092434525489807,-0.5521721243858337,-0.604745090007782
0.4,False,False,False,False,d6hH302o4v8,-0.009871861167539464,-0.009178467837500648,0.0006933933300388162,-1.600000023841858,4,V,20,AT,24,3,1,21,-1.3024487495422363,-1.3195273876190186,-1.3093904256820679,-1.3256362676620483
0.4,False,False,False,False,d6hH302o4v8,-0.006790465929455536,-0.0032161665828454034,0.0035742993466101325,-2.5999999046325684,2,A,23,ATV,25,1,1,24,-1.3272358179092407,-1.3299062252044678,-1.349279761314392,-1.3505661487579346
0.4,False,False,False,False,d6hH302o4v8,0.5331738671123709,0.522142119394875,-0.011031747717495932,-2.5999999046325684,2,A,24,ATV,26,1,1,25,-1.0632307529449463,-0.898578941822052,-1.0852910280227661,-0.9217612147331238
0.4,False,False,False,False,d6hH302o4v8,0.2359865225492257,0.24753448061032657,0.011547958061100871,-1.0,2,A,25,T,27,1,1,26,-1.8681343793869019,-1.9948084354400635,-1.8394259214401245,-1.9757921695709229
0.4,False,False,False,False,d6hH302o4v8,-0.1471953198250624,-0.15415424112546816,-0.006958921300405763,-1.7999999523162842,3,A,25,V,28,2,1,26,-0.9127967953681946,-1.000041127204895,-0.8966105580329895,-0.9863918423652649
0.4,False,False,False,False,d6hH302o4v8,-0.02288584431516938,-0.024542456469134777,-0.0016566121539653977,-2.799999952316284,4,A,25,AT,29,3,1,26,-2.0670418739318848,-2.0828237533569336,-2.063291549682617,-2.080141067504883
0.4,False,False,False,False,d6hH302o4v8,0.021722828021552232,0.025304710939607844,0.003581882918055612,-1.399999976158142,4,A,26,TV,30,1,3,29,-1.9294226169586182,-1.9495553970336914,-1.9249322414398193,-1.9485057592391968
0.4,False,False,False,False,d6hH302o4v8,-0.0029960727989362113,-0.0014083197581271634,0.0015877530408090479,-0.6000000238418579,2,A,29,A,31,1,1,30,-0.673305094242096,-0.5512397885322571,-0.6671249270439148,-0.5443454384803772
0.4,False,False,False,False,d6hH302o4v8,0.07567851315889129,0.07876638702077798,0.003087873861886692,-3.0,3,A,29,T,32,2,1,30,-2.197390556335449,-2.1515541076660156,-2.1924352645874023,-2.145057201385498
0.4,False,False,False,False,d6hH302o4v8,0.20215459559508986,0.20318295726258384,0.0010283616674939822,-3.0,4,A,29,ATV,33,3,1,30,-0.9832566380500793,-0.9337453246116638,-0.9761164784431458,-0.9265276789665222
0.4,False,False,False,False,d6hH302o4v8,0.10614756376533308,0.10639886577625646,0.0002513020109233821,-1.600000023841858,4,V,30,TV,34,1,3,33,-1.774454951286316,-1.9695701599121094,-1.753969430923462,-1.9607013463974
0.4,False,False,False,False,d6hH302o4v8,1.3902437501528233,1.3590485094189262,-0.031195240733897123,-2.200000047683716,2,A,33,AV,35,1,1,34,-0.9540150165557861,-0.48456352949142456,-0.9566447138786316,-0.49559956789016724
0.4,False,False,False,False,d6hH302o4v8,1.264581995691188,1.3166716819331477,0.052089686241959754,-2.200000047683716,1,A,35,AV,36,2,1,34,-1.0093872547149658,-0.562275767326355,-1.0027527809143066,-0.5416657328605652
0.4,False,False,False,False,d6hH302o4v8,1.3410246136330706,1.3870333846586647,0.046008771025594086,-3.0,2,A,35,V,37,3,1,34,-1.2736010551452637,-0.9211835265159607,-1.2695491313934326,-0.906798243522644
0.4,False,False,False,False,d6hH302o4v8,0.10482207641138075,0.11013553907258711,0.0053134626612063585,-3.0,3,A,35,AT,38,4,1,34,-2.1720616817474365,-2.1110095977783203,-2.171238660812378,-2.107262134552002
0.4,False,False,False,False,d6hH302o4v8,0.004582306368206446,0.004815589632102046,0.0002332832638956006,-1.0,3,A,36,V,39,1,2,38,-0.9918981194496155,-0.9318241477012634,-0.9896648526191711,-0.9298401474952698
0.4,False,False,False,False,d6hH302o4v8,0.036354756235823515,0.036263480607829024,-9.127562799449151e-05,-2.4000000953674316,4,A,36,ATV,40,2,2,38,-1.8435750007629395,-1.8118133544921875,-1.8421308994293213,-1.8105244636535645
0.4,False,False,False,False,d6hH302o4v8,-0.00042110851472898503,-0.0002487887400093314,0.00017231977471965365,-1.399999976158142,3,A,38,TV,41,1,2,40,-1.7358489036560059,-1.7352213859558105,-1.7378849983215332,-1.7375166416168213
0.4,False,False,False,False,d6hH302o4v8,-0.02053722335489283,-0.026207843127167507,-0.0056706197722746765,-2.5,2,A,40,AT,42,1,1,41,-1.4647645950317383,-1.474731683731079,-1.4750763177871704,-1.4879423379898071
0.4,False,False,False,False,dq3Nf_lMPnE,-0.30690901425259653,-0.29793041388363406,0.008978600368962475,-1.2000000476837158,2,A,0,T,2,1,1,1,-1.9271605014801025,-1.6710131168365479,-1.9260177612304688,-1.6787184476852417
0.4,False,False,False,False,dq3Nf_lMPnE,-0.30186632031244187,-0.2905132279984386,0.011353092314003277,-0.4000000059604645,3,A,0,A,3,2,1,1,-1.104111909866333,-0.840349018573761,-1.1056036949157715,-0.8553716540336609
0.4,False,False,False,False,dq3Nf_lMPnE,-1.704937631848022,-1.5899330094720447,0.1150046223759773,1.2000000476837158,4,A,0,V,4,3,1,1,-1.2876553535461426,-0.9174256920814514,-1.2925877571105957,-0.9501304030418396
0.4,False,False,False,False,dq3Nf_lMPnE,-0.20396733612150797,-0.1959921459793179,0.007975190142190058,0.800000011920929,5,A,0,T,5,4,1,1,-1.6012427806854248,-1.5583891868591309,-1.5995593070983887,-1.5583665370941162
0.4,False,False,False,False,dq3Nf_lMPnE,0.19681345570893427,0.18450828645707418,-0.012305169251860093,-2.0,6,A,0,V,6,5,1,1,-1.1195613145828247,-1.0141066312789917,-1.1195752620697021,-1.020379662513733
0.4,False,False,False,False,dq3Nf_lMPnE,-0.04646473297568182,-0.043293948497958645,0.0031707844777231764,0.6000000238418579,7,A,0,ATV,7,6,1,1,0.07205251604318619,0.11806243658065796,0.0751696527004242,0.11817747354507446
0.4,False,False,False,False,dq3Nf_lMPnE,0.28724475760972723,0.2798761388189064,-0.007368618790820847,-0.800000011920929,7,A,1,ATV,8,1,6,7,-1.3161252737045288,-1.5440632104873657,-1.3195133209228516,-1.541464924812317
0.4,False,False,False,False,dq3Nf_lMPnE,-0.06558221424398525,-0.06492435230631699,0.0006578619376682582,1.0,2,A,7,ATV,9,1,1,8,0.7401297092437744,0.9558371901512146,0.7398488521575928,0.9475188851356506
0.4,False,False,False,False,dq3Nf_lMPnE,0.3072620518441731,0.3035981502904548,-0.0036639015537183184,-0.6000000238418579,2,A,8,ATV,10,1,1,9,-0.8716199994087219,-1.2172839641571045,-0.877116322517395,-1.2167589664459229
0.4,False,False,False,False,dq3Nf_lMPnE,-0.11616356335389355,-0.11095084769340247,0.005212715660491085,-1.600000023841858,2,A,9,T,11,1,1,10,-2.2019312381744385,-2.0961427688598633,-2.200422763824463,-2.0995564460754395
0.4,False,False,False,False,dq3Nf_lMPnE,-0.04203817536988197,-0.039949074214177926,0.002089101155704043,-1.2000000476837158,3,A,9,V,12,2,1,10,-1.4457759857177734,-1.3355273008346558,-1.4445732831954956,-1.3409503698349
0.4,False,False,False,False,dq3Nf_lMPnE,0.1124910368333758,0.10511103173273284,-0.007380005100642961,-1.7999999523162842,4,A,9,A,13,3,1,10,-1.2049263715744019,-1.1169160604476929,-1.2056325674057007,-1.1229596138000488
0.4,False,False,False,False,dq3Nf_lMPnE,-0.5890034683465046,-0.5460261113737488,0.04297735697275584,1.0,5,A,9,V,14,4,1,10,-1.4029017686843872,-1.2770448923110962,-1.4051543474197388,-1.2888296842575073
0.4,False,False,False,False,k5Y_838nuGo,-0.021788342781576375,-0.023927942256339207,-0.002139599474762832,0.800000011920929,2,A,0,TV,2,1,1,1,1.0070502758026123,0.9451946020126343,1.0251655578613281,0.9636202454566956
0.4,False,False,False,False,k5Y_838nuGo,0.007494733307211732,0.006901667429218605,-0.0005930658779931264,1.0,2,A,1,T,3,1,1,2,0.6824709177017212,0.6708807945251465,0.6791598200798035,0.6685786843299866
0.4,False,False,False,False,k5Y_838nuGo,0.0018522268624110438,0.001384631401435854,-0.0004675954609751898,-1.3333333730697632,3,A,1,AT,4,2,1,2,-1.371486783027649,-1.3908478021621704,-1.3599618673324585,-1.379090428352356
0.4,False,False,False,False,k5Y_838nuGo,-0.08889058385943827,-0.07919373319531076,0.00969685066412751,2.0,3,V,2,AT,5,1,2,4,1.1284117698669434,1.1809911727905273,1.17195463180542,1.2212411165237427
0.4,True,False,True,False,k5Y_838nuGo,-3.785713988799671,-3.7570943751256465,0.028619613674024436,-2.4000000953674316,2,A,4,AV,6,1,1,5,0.5330840349197388,-0.20517241954803467,0.5354057550430298,-0.19556975364685059
0.4,True,False,True,False,k5Y_838nuGo,-1.8816670132036721,-1.8560675435828982,0.025599469620773974,-1.399999976158142,1,A,6,A,7,2,1,5,0.22643473744392395,-0.526144802570343,0.23765379190444946,-0.49124130606651306
0.4,False,False,False,False,k5Y_838nuGo,0.04693236762744846,0.041164241270053026,-0.005768126357395431,1.7999999523162842,2,A,6,TV,8,3,1,5,1.3433551788330078,1.2945725917816162,1.352535367012024,1.30868661403656
0.4,False,False,False,False,k5Y_838nuGo,1.2560747894705422,1.245697057500526,-0.010377731970016235,2.0,3,A,6,AV,9,1,2,8,0.8344342112541199,0.38302183151245117,0.8353057503700256,0.3868633806705475
0.4,False,True,False,True,k5Y_838nuGo,0.619808327100718,0.6120248666387473,-0.007783460461970648,0.5,1,A,9,A,10,2,1,8,0.37226635217666626,-0.2975739538669586,0.3805706799030304,-0.2913837432861328
0.4,False,True,False,True,k5Y_838nuGo,0.0010191552421384142,0.0019184792307225251,0.0008993239885841109,0.20000000298023224,2,A,9,A,11,3,1,8,0.49496588110923767,-0.09668842703104019,0.49473312497138977,-0.09796994924545288
0.4,False,False,False,False,k5Y_838nuGo,0.2969591884224132,0.30092350363528736,0.003964315212874159,0.6000000238418579,3,A,9,A,12,4,1,8,0.599096953868866,0.055059656500816345,0.5960612893104553,0.05142093449831009
0.4,False,False,False,False,k5Y_838nuGo,-0.31586041985005764,-0.3153052915602075,0.0005551282898501597,-1.7999999523162842,4,A,9,AT,13,5,1,8,-0.6931766867637634,-0.8464815616607666,-0.6937774419784546,-0.8468877077102661
0.4,False,False,False,False,k5Y_838nuGo,0.33946205418877184,0.3362799448457565,-0.003182109343015327,-0.800000011920929,5,A,9,T,14,1,4,13,1.1655664443969727,1.25010085105896,1.166968822479248,1.2506697177886963
0.4,False,False,False,False,k5Y_838nuGo,-0.2401631908618782,-0.2383540815503693,0.0018091093115089052,0.25,6,A,9,T,15,2,4,13,-1.2349269390106201,-1.1517292261123657,-1.233755350112915,-1.1511337757110596
0.4,False,False,False,False,k5Y_838nuGo,-0.04306461055668609,-0.04261403073257952,0.00045057982410656727,0.800000011920929,7,A,9,TV,16,3,4,13,0.13279405236244202,0.16588710248470306,0.13386043906211853,0.16665342450141907
0.4,False,False,False,False,k5Y_838nuGo,-0.026571873855516515,-0.02857515175738712,-0.0020032779018706037,0.4000000059604645,4,A,13,TV,17,1,3,16,0.8630562424659729,0.8334157466888428,0.8383190035820007,0.8044111728668213
0.4,True,False,True,False,k5Y_838nuGo,-1.4301070776868499,-1.4154486170817149,0.014658460605134982,-0.6000000238418579,2,V,16,AV,18,1,1,17,0.7061267495155334,-0.07477619498968124,0.7036300897598267,-0.06708084046840668
0.4,False,True,False,True,k5Y_838nuGo,0.13511770710795196,0.137670889766901,0.002553182658949049,0.4000000059604645,1,A,18,A,19,2,1,17,0.6682245135307312,-0.05504075437784195,0.6710033416748047,-0.05947110056877136
0.4,False,False,False,False,k5Y_838nuGo,-1.0278920306995218,-1.0451596316950074,-0.01726760099548552,-0.20000000298023224,2,A,18,V,20,3,1,17,0.8761758208274841,0.16091878712177277,0.8826581835746765,0.15635532140731812
0.4,False,False,False,False,k5Y_838nuGo,-0.1806668775425564,-0.18442133415641138,-0.003754456613854984,0.4000000059604645,3,A,18,ATV,21,4,1,17,1.2725845575332642,1.1620609760284424,1.273885726928711,1.161087989807129
0.4,False,False,False,False,k5Y_838nuGo,-0.2151239301578265,-0.2204464427450663,-0.005322512587239814,-0.20000000298023224,4,A,18,AV,22,1,3,21,0.899592936038971,0.7969858050346375,0.8990947604179382,0.7937619686126709
0.4,False,False,False,False,k5Y_838nuGo,0.015222608023552908,0.02286079738968283,0.007638189366129922,0.6000000238418579,1,A,22,TV,23,2,1,21,0.40452873706817627,0.36884719133377075,0.33583933115005493,0.29562908411026
0.4,False,False,False,False,k5Y_838nuGo,-0.03879536206217438,-0.02954406917877961,0.009251292883394768,-0.20000000298023224,2,A,22,AT,24,1,1,23,-1.0872808694839478,-1.0651427507400513,-1.120023488998413,-1.1038247346878052
0.4,False,False,False,False,k5Y_838nuGo,-0.6870022764108512,-0.540154606667187,0.14684766974366426,2.0,2,V,23,AT,25,1,1,24,0.5498756766319275,0.8101015686988831,0.6964669823646545,0.9234110713005066
0.4,False,False,False,False,k5Y_838nuGo,0.36604783853617917,0.35412220527206273,-0.011925633264116442,-0.800000011920929,2,A,24,ATV,26,1,1,25,-0.9243506789207458,-1.417665719985962,-0.9048296213150024,-1.4042445421218872
0.4,False,False,False,False,k5Y_838nuGo,-0.2230564256216212,-0.20153660312502097,0.021519822496600227,2.0,2,A,25,T,27,1,1,26,1.160227656364441,1.3056217432022095,1.176675796508789,1.3098361492156982
0.4,False,False,False,False,k5Y_838nuGo,0.5958461942022417,0.5753206245565252,-0.0205255696457165,-0.75,3,A,25,A,28,2,1,26,0.7623772621154785,0.9479785561561584,0.7428942322731018,0.9245309233665466
0.4,False,False,False,False,k5Y_838nuGo,-0.0068674916388289375,-0.006546459776927804,0.0003210318619011332,1.600000023841858,4,A,25,ATV,29,3,1,26,1.4392188787460327,1.4622209072113037,1.4380874633789062,1.4597530364990234
0.4,False,False,False,False,k5Y_838nuGo,-0.005003583622571028,-0.005773858802911036,-0.0007702751803400076,-1.0,4,A,26,TV,30,1,3,29,-0.9281640648841858,-1.0125226974487305,-0.9238874316215515,-0.9956108927726746
0.4,False,False,False,False,iiK8YX8oH1E,-0.0901011953804165,0.014799693926306645,0.10490088930672314,-1.25,2,V,0,AT,2,1,1,1,-0.9371530413627625,-1.1618409156799316,-1.161224126815796,-1.4006016254425049
0.4,False,False,False,False,iiK8YX8oH1E,0.5254350932147389,0.5185552476038282,-0.0068798456109107065,-2.0,2,A,1,AT,3,1,1,2,-1.4249948263168335,-1.0747616291046143,-1.4333196878433228,-1.0836584568023682
0.4,False,False,False,False,iiK8YX8oH1E,-0.030170538430908778,-0.03217407728413324,-0.0020035388532244625,-0.4000000059604645,2,A,2,AV,4,1,1,3,-0.5796546339988708,-0.3541170358657837,-0.5888274312019348,-0.3409939110279083
0.4,False,False,False,False,iiK8YX8oH1E,0.09326216853505542,0.08282094043744692,-0.010441228097608501,0.20000000298023224,1,A,4,T,5,2,1,3,1.3330990076065063,1.3735312223434448,1.3426828384399414,1.378365397453308
0.4,False,False,False,False,iiK8YX8oH1E,0.0540262615793381,0.055090063374095166,0.0010638017947570688,-1.600000023841858,2,A,4,TV,6,3,1,3,-1.2428832054138184,-1.173902988433838,-1.2388195991516113,-1.1692548990249634
0.4,False,False,False,False,iiK8YX8oH1E,0.20951929345881481,0.20513681050273647,-0.0043824829560783485,-1.0,3,A,4,AT,7,1,2,6,0.5923032760620117,0.6567887663841248,0.5991277694702148,0.662030816078186
0.4,False,False,False,False,iiK8YX8oH1E,-0.004411298223397919,0.00104340069796649,0.005454698921364409,0.4000000059604645,2,V,6,A,8,1,1,7,0.5806699991226196,0.23198111355304718,0.5792475342750549,0.2178652286529541
0.4,False,False,False,False,iiK8YX8oH1E,0.24145685156757324,0.2474259433836501,0.005969091816076855,0.0,3,V,6,ATV,9,2,1,7,-0.6312330365180969,-0.7999449968338013,-0.639642596244812,-0.810289204120636
0.4,False,False,False,False,iiK8YX8oH1E,-0.013119022191688146,-0.013007388434989053,0.00011163375669909215,1.0,3,A,7,ATV,10,1,2,9,0.8611486554145813,0.9215100407600403,0.8597528338432312,0.9183796644210815
0.4,False,True,False,True,iiK8YX8oH1E,1.887956392883539,1.850599729309919,-0.03735666357362,1.7999999523162842,2,A,9,A,11,1,1,10,0.3119955062866211,-0.22536757588386536,0.3129177391529083,-0.21544373035430908
0.4,False,False,False,False,iiK8YX8oH1E,-0.4105776345714851,-0.4012763126793466,0.009301321892138503,-2.0,3,A,9,TV,12,2,1,10,-0.9035758376121521,-1.110298752784729,-0.9045345187187195,-1.1062616109848022
0.4,False,False,False,False,iiK8YX8oH1E,1.0417764737745605,0.9851982826639878,-0.05657819111057272,-1.2000000476837158,3,A,10,AV,13,1,2,12,0.09583613276481628,0.449535608291626,0.07944340258836746,0.4193127155303955
0.4,True,False,True,False,iiK8YX8oH1E,-0.10058290149647692,-0.11221483161486961,-0.011631930118392697,0.6000000238418579,1,A,13,TV,14,2,1,12,-0.05096609890460968,0.03151608258485794,-0.08488044142723083,0.00263378769159317
0.4,False,False,False,False,iiK8YX8oH1E,0.000536053725710417,0.005889303144414271,0.005353249418703854,0.0,2,A,13,AT,15,1,1,14,-0.6581777930259705,-0.6585848927497864,-0.6745228171348572,-0.6788743138313293
0.4,False,False,False,False,iiK8YX8oH1E,0.003351023915527662,0.0034954507589901596,0.00014442684346249735,1.600000023841858,2,V,14,AT,16,1,1,15,1.4550780057907104,1.4439442157745361,1.4453457593917847,1.4344301223754883
0.4,False,False,False,False,iiK8YX8oH1E,-0.6123976849893891,-0.6095393964353206,0.0028582885540684444,-1.0,2,A,15,AT,17,1,1,16,0.35325348377227783,0.10403682291507721,0.348068505525589,0.09897647798061371
0.4,False,False,True,False,tStelxIAHjw,-0.48800146207657796,-0.396240451161902,0.09176101091467598,0.5,2,V,0,T,2,1,1,1,-0.43243294954299927,-0.1175999864935875,-0.2295030653476715,0.13130734860897064
0.4,False,False,False,False,tStelxIAHjw,2.4414240023547826,2.2216192030825734,-0.2198047992722092,-2.799999952316284,3,V,0,A,3,2,1,1,0.04473496228456497,0.4456033408641815,0.3692742884159088,0.7022733688354492
0.4,False,False,False,False,tStelxIAHjw,0.3269573762912614,0.36534638970927347,0.03838901341801204,-2.200000047683716,4,V,0,TV,4,3,1,1,-1.3058406114578247,-1.1386431455612183,-1.260284423828125,-1.0826765298843384
0.4,False,False,False,False,tStelxIAHjw,-0.04269758320015171,-0.03896925566408527,0.0037283275360664447,1.600000023841858,4,A,1,ATV,5,1,3,4,1.2576911449432373,1.3270938396453857,1.269067406654358,1.3343929052352905
0.4,False,False,False,False,tStelxIAHjw,0.14951466573892347,0.14090063976368583,-0.008614025975237638,1.399999976158142,2,V,4,AT,6,1,1,5,0.9718148708343506,0.8230622410774231,1.0003395080566406,0.851703405380249
0.4,False,False,False,False,tStelxIAHjw,-0.9499446456537965,-1.1922995225862705,-0.24235487693247393,-2.0,2,A,5,A,7,1,1,6,0.627336323261261,0.4398671090602875,0.6369835734367371,0.40028807520866394
0.4,False,False,False,False,tStelxIAHjw,-0.4843178126722165,-0.6049206857159284,-0.12060287304371187,-1.399999976158142,3,A,5,AV,8,2,1,6,0.8790826797485352,0.7702304124832153,0.8666786551475525,0.7290635108947754
0.4,False,False,False,False,tStelxIAHjw,-0.27111311952150885,-0.33011799797173325,-0.059004878450224396,-0.4000000059604645,4,A,5,AV,9,3,1,6,0.6438978910446167,0.5047705173492432,0.6252884864807129,0.4491751790046692
0.4,False,False,False,False,tStelxIAHjw,-0.28390979107240355,-0.35704017373684493,-0.07313038266444138,-2.799999952316284,5,A,5,ATV,10,4,1,6,-0.8360400795936584,-0.909701406955719,-0.8497475385665894,-0.9435397982597351
0.4,False,False,False,False,tStelxIAHjw,1.034302886113494,0.9977903316219061,-0.036512554491587856,-1.0,2,A,9,V,11,1,1,10,0.42388278245925903,0.7497842907905579,0.4578463137149811,0.7672312259674072
0.4,False,False,False,False,tStelxIAHjw,0.1543199175791159,0.16048426632551127,0.006164348746395376,-1.600000023841858,3,A,9,TV,12,2,1,10,-1.1679201126098633,-1.016036868095398,-1.1408498287200928,-0.9906535148620605
0.4,False,True,False,True,tStelxIAHjw,2.709102342176073,2.6920839473110254,-0.017018394865047526,-1.7999999523162842,3,A,10,A,13,1,2,12,-0.3665176331996918,0.38265299797058105,-0.36201485991477966,0.38171613216400146
0.4,True,False,True,False,tStelxIAHjw,-0.36064929454145056,-0.34491764422786897,0.01573165031358159,0.4000000059604645,4,A,10,V,14,2,2,12,-0.2248164862394333,0.5724713206291199,-0.2132175862789154,0.5764034390449524
0.4,True,False,True,False,tStelxIAHjw,-0.8897342760455054,-0.8619489187803531,0.0277853572651523,0.800000011920929,5,A,10,AV,15,3,2,12,-0.1683197021484375,0.5811192393302917,-0.1525924801826477,0.5867313146591187
0.4,False,True,False,True,nbWiPyCm4g0,5.329485294306215,5.235423348181866,-0.0940619461243486,-2.200000047683716,2,A,1,V,3,1,1,2,-0.09891331940889359,0.9215461611747742,-0.07942359149456024,0.9196582436561584
0.4,False,False,False,False,nbWiPyCm4g0,0.17691124861183383,0.1669993458361212,-0.009911902775712633,-1.399999976158142,3,A,1,TV,4,2,1,2,-1.5338878631591797,-0.9585962891578674,-1.535508632659912,-0.9694631695747375
0.4,False,False,False,False,nbWiPyCm4g0,-0.275219584740924,-0.25861602665342787,0.01660355808749614,0.0,3,A,2,AT,5,1,2,4,-1.6479886770248413,-1.5622570514678955,-1.6598761081695557,-1.5800546407699585
0.4,False,False,False,False,nbWiPyCm4g0,0.0019732294750696155,0.026054140534370163,0.024080911059300547,-1.2000000476837158,2,V,4,A,6,1,1,5,-1.218849778175354,-1.151745080947876,-1.126558542251587,-1.0226647853851318
0.4,False,False,False,False,nbWiPyCm4g0,0.20477637050295527,0.254573480565341,0.04979711006238574,-2.200000047683716,3,V,4,AV,7,2,1,5,-1.1984531879425049,-1.100967526435852,-1.1690293550491333,-1.0521873235702515
0.4,False,False,False,False,nbWiPyCm4g0,-0.02039163058725535,-0.024797657939870987,-0.004406027352615638,-1.399999976158142,4,V,4,T,8,3,1,5,-2.0631210803985596,-2.047563076019287,-2.0488264560699463,-2.0294268131256104
0.4,False,False,False,False,nbWiPyCm4g0,-0.02075268780698636,-0.019792151925397405,0.0009605358815889531,1.2000000476837158,5,V,4,AT,9,4,1,5,0.6620110273361206,0.6816570162773132,0.7389883995056152,0.7609788775444031
0.4,False,False,False,False,etzxEpPuc6I,-0.19874877918440337,-0.18984109571649754,0.008907683467905825,0.800000011920929,1,A,2,ATV,3,2,1,1,0.1388038694858551,0.31170547008514404,0.1707468181848526,0.34599727392196655
0.4,False,False,False,False,etzxEpPuc6I,-0.009276378634746896,-0.007673238339936661,0.0016031402948102347,0.0,2,A,2,TV,4,1,1,3,-0.12604543566703796,-0.0813085064291954,-0.1081194281578064,-0.06337643414735794
0.4,False,False,False,False,etzxEpPuc6I,-0.06784685634364629,-0.06734190214464264,0.0005049541990036488,0.4000000059604645,2,A,3,V,5,1,1,4,0.04811753332614899,0.16341087222099304,0.046764954924583435,0.16034796833992004
0.4,False,False,False,False,etzxEpPuc6I,0.3015583622030007,0.29812098107646,-0.003437381126540684,-1.2000000476837158,3,A,3,V,6,2,1,4,0.09885021299123764,0.21016673743724823,0.09746913611888885,0.20767436921596527
0.4,False,False,False,False,etzxEpPuc6I,-0.0028728382027907173,-0.004517975280165842,-0.001645137077375125,-1.0,4,A,3,TV,7,3,1,4,-1.0550103187561035,-1.0123813152313232,-1.0746314525604248,-1.0324326753616333
0.4,False,False,False,False,etzxEpPuc6I,0.8076751245880587,0.8293083814198354,0.021633256831776748,-2.799999952316284,4,V,4,AT,8,1,3,7,-1.4081515073776245,-1.1432207822799683,-1.424299716949463,-1.1501940488815308
0.4,False,False,False,False,etzxEpPuc6I,0.21019386164942588,0.18446310837248348,-0.02573075327694241,-1.399999976158142,2,V,7,V,9,1,1,8,-0.68476802110672,-0.5504409074783325,-0.6968092918395996,-0.576021671295166
0.4,False,False,False,False,etzxEpPuc6I,0.5033728037975012,0.42995106179000686,-0.0734217420074943,-1.600000023841858,3,V,7,A,10,2,1,8,-0.6432257294654846,-0.4088703691959381,-0.6885276436805725,-0.47717636823654175
0.4,False,False,False,False,etzxEpPuc6I,-0.36732573944249225,-0.3402165477815515,0.027109191660940724,0.6666666865348816,4,V,7,ATV,11,3,1,8,-1.2761609554290771,-1.1792080402374268,-1.2881803512573242,-1.1991335153579712
0.4,False,False,False,False,etzxEpPuc6I,-0.2775982744094563,-0.27797095076421385,-0.0003726763547575729,-2.200000047683716,4,A,8,TV,12,1,3,11,-1.5566538572311401,-1.8308171033859253,-1.5512505769729614,-1.821972370147705
0.4,False,False,False,False,etzxEpPuc6I,0.027735762440514122,0.03395444287298233,0.006218680432468204,-1.2000000476837158,2,A,11,ATV,13,1,1,12,-1.240361213684082,-1.028638482093811,-1.226345419883728,-1.0138589143753052
0.4,False,False,False,False,etzxEpPuc6I,-0.024211039421198344,-0.02457764360588111,-0.00036660418468276515,0.20000000298023224,2,V,12,ATV,14,1,1,13,0.03228781372308731,0.13741934299468994,0.030776934698224068,0.1362912654876709
0.4,False,False,False,False,etzxEpPuc6I,-1.0197067457191622,-0.9633453124553926,0.056361433263769634,-2.4000000953674316,2,A,13,A,15,1,1,14,-0.4347662329673767,-0.7140471339225769,-0.42254844307899475,-0.6833260655403137
0.4,False,False,False,False,etzxEpPuc6I,0.1856017742424001,0.17046804898507162,-0.015133725257328479,-0.4000000059604645,3,A,13,AV,16,2,1,14,-0.7140282988548279,-0.9331187009811401,-0.7005956172943115,-0.9107110500335693
0.4,False,False,False,False,etzxEpPuc6I,0.929411101270631,0.8715983413421498,-0.05781275992848123,1.399999976158142,4,A,13,A,17,3,1,14,-0.6038400530815125,-0.8236874938011169,-0.590528666973114,-0.7985910773277283
0.4,False,False,False,False,etzxEpPuc6I,0.046216529316118304,0.03539770537699383,-0.010818823939124478,-0.5,5,A,13,A,18,4,1,14,-0.4911845624446869,-0.7151609659194946,-0.4778178334236145,-0.6894459128379822
0.4,False,False,False,False,v0zCBqDeKcE,0.0024494524795670714,0.005281610387385172,0.0028321579078181003,0.6000000238418579,2,A,0,V,2,1,1,1,0.5425029397010803,0.5241358876228333,0.5666465163230896,0.5200371146202087
0.4,False,False,False,False,v0zCBqDeKcE,-0.007554410025798042,-0.00029936732787394504,0.007255042697924097,0.0,3,A,0,AT,3,2,1,1,-0.35070452094078064,-0.3397635221481323,-0.33809909224510193,-0.33765608072280884
0.4,False,False,False,False,v0zCBqDeKcE,-1.2837968015444012,-1.274219022229556,0.00957777931484527,2.0,3,A,1,AV,4,1,2,3,0.18899036943912506,0.5872158408164978,0.17799414694309235,0.5697950124740601
0.4,False,False,False,False,v0zCBqDeKcE,-0.23947190561580456,-0.22544549079887233,0.014026414816932231,0.800000011920929,1,A,4,AV,5,2,1,3,0.2908695936203003,0.6594942212104797,0.3059616684913635,0.6635141372680664
0.4,False,False,False,False,v0zCBqDeKcE,-0.3018155317192468,-0.28977503530852156,0.012040496410725243,1.399999976158142,2,A,4,AT,6,3,1,3,-0.22049768269062042,-0.12453179806470871,-0.21573860943317413,-0.12342909723520279
0.4,False,False,False,False,v0zCBqDeKcE,-0.1311672779063322,-0.1336228348902786,-0.002455556983946394,1.7999999523162842,2,A,5,T,7,1,1,6,0.9264265894889832,1.005038857460022,0.9221256375312805,1.0018517971038818
0.4,False,False,False,False,v0zCBqDeKcE,-0.33725485983484305,-0.3387130788564505,-0.0014582190216074764,1.7999999523162842,3,A,5,AV,8,2,1,6,0.3317783772945404,0.45151200890541077,0.33120962977409363,0.45143333077430725
0.4,False,False,False,False,v0zCBqDeKcE,-0.04111795991549627,-0.04142685168487503,-0.00030889176937876073,2.200000047683716,4,A,5,T,9,3,1,6,1.3215724229812622,1.34529709815979,1.3208303451538086,1.3447149991989136
0.4,False,False,False,False,v0zCBqDeKcE,-0.019362128902258746,-0.019457144285663475,-9.501538340472848e-05,1.600000023841858,5,A,5,TV,10,4,1,6,0.71981281042099,0.7308812737464905,0.7192717790603638,0.7303879857063293
0.4,False,False,False,False,v0zCBqDeKcE,0.25917166940993486,0.2666156462005631,0.007443976790628248,-0.4000000059604645,3,A,8,A,11,1,2,10,0.3767133057117462,0.528684675693512,0.372356116771698,0.5290584564208984
0.4,False,False,False,False,v0zCBqDeKcE,-0.10754457270519424,-0.10894248497841375,-0.0013979122732195037,1.7999999523162842,4,A,8,ATV,12,2,2,10,0.6691592335700989,0.717754065990448,0.6685165166854858,0.7177281379699707
0.4,False,False,False,False,v0zCBqDeKcE,-0.031599167837061515,-0.025164125313256847,0.006435042523804668,1.5,3,V,10,T,13,1,2,12,0.9445421099662781,0.9737545251846313,0.9834164977073669,1.0083757638931274
0.4,False,False,False,False,v0zCBqDeKcE,-0.007773559274127706,-0.006232387374225823,0.001541171899901883,2.4000000953674316,4,V,10,AT,14,2,2,12,1.2619614601135254,1.265381932258606,1.2787643671035767,1.2815470695495605
0.4,False,False,False,False,v0zCBqDeKcE,-0.37147956138690574,-0.37576836554313786,-0.004288804156232118,0.0,3,A,12,AV,15,1,2,14,0.8129130005836487,0.5379107594490051,0.8123660683631897,0.5330762267112732
0.4,False,False,False,False,f_pcplsH_V0,0.0029856035744728615,0.0026441290124807892,-0.00034147456199207227,0.800000011920929,1,A,6,ATV,7,6,5,1,1.3612560033798218,1.3639094829559326,1.374192476272583,1.3764903545379639
0.4,False,False,False,False,f_pcplsH_V0,-0.4320327080631614,-0.45009031655945364,-0.018057608496292232,-2.4000000953674316,2,A,6,AT,8,1,1,7,-1.2826225757598877,-1.4963963031768799,-1.272620439529419,-1.4939677715301514
0.4,True,False,True,False,f_pcplsH_V0,-2.428801969768873,-2.4776947230674864,-0.0488927532986132,1.2000000476837158,2,A,7,AV,9,1,1,8,-0.4078601002693176,0.8045101165771484,-0.43180638551712036,0.7697704434394836
0.4,False,True,False,True,f_pcplsH_V0,0.20409231480652323,0.2038149214218521,-0.00027739338467114294,-0.4000000059604645,1,A,9,A,10,2,1,8,-1.0661373138427734,0.404879629611969,-1.0448200702667236,0.38715171813964844
0.4,False,False,False,False,f_pcplsH_V0,-0.30612199812480867,-0.28838634571419064,0.01773565241061803,-0.800000011920929,2,A,9,TV,11,3,1,8,-1.3629378080368042,-0.9038121700286865,-1.3457703590393066,-0.8973597884178162
0.4,False,False,False,False,f_pcplsH_V0,-0.44892571997353414,-0.44171736008397033,0.007208359889563809,1.600000023841858,3,A,9,ATV,12,1,2,11,0.6557356715202332,0.9346358776092529,0.6663196682929993,0.9442244172096252
0.4,False,False,False,False,f_pcplsH_V0,0.2120245404147454,0.21264460675780583,0.0006200663430604436,-1.0,2,V,11,T,13,1,1,12,-1.4270449876785278,-1.6280063390731812,-1.432316780090332,-1.6320936679840088
0.4,False,False,False,False,f_pcplsH_V0,0.1479692611025598,0.14681918200579958,-0.001150079096760237,-1.0,3,V,11,ATV,14,2,1,12,-2.0524208545684814,-2.1205172538757324,-2.054039239883423,-2.1215248107910156
0.4,False,False,False,False,tIrG4oNLFzE,0.17509185167606844,0.2164628976065508,0.04137104593048235,1.399999976158142,2,V,1,AV,3,1,1,2,0.8484112620353699,0.7076547145843506,0.8531608581542969,0.6820195317268372
0.4,False,False,False,False,tIrG4oNLFzE,0.22079521561825288,0.21847996461318075,-0.0023152510050721276,0.4000000059604645,1,A,3,TV,4,2,1,2,-0.6682838797569275,-0.7670585513114929,-0.6285631656646729,-0.7297885417938232
0.4,False,False,False,False,tIrG4oNLFzE,-1.128395975303832,-1.113124855051341,0.015271120252490888,1.25,2,A,3,AV,5,1,1,4,0.15781225264072418,0.9960746169090271,0.16752047836780548,1.007849097251892
0.4,False,False,False,False,tIrG4oNLFzE,0.3440205944672101,0.36559620957348216,0.02157561510627204,-1.399999976158142,1,A,5,ATV,6,2,1,4,-1.2564640045166016,-0.7961596250534058,-1.2587954998016357,-0.7790853977203369
0.4,False,False,False,False,tIrG4oNLFzE,-0.07448410587149112,-0.07747043817198573,-0.0029863323004946096,-1.2000000476837158,2,A,5,ATV,7,1,1,6,-1.5739384889602661,-1.4556283950805664,-1.5757875442504883,-1.452479362487793
0.4,False,False,False,False,tIrG4oNLFzE,-0.16953071220051186,-0.17089045200221165,-0.0013597398016997886,-1.0,2,A,6,AT,8,1,1,7,-1.6822710037231445,-1.5440248250961304,-1.682879090309143,-1.5435378551483154
0.4,False,False,False,False,tIrG4oNLFzE,0.0004841635184078541,0.0005086279184070008,2.4464399999146735e-05,-1.7999999523162842,2,A,7,TV,9,1,1,8,-1.8009032011032104,-1.777977705001831,-1.8054331541061401,-1.7768019437789917
0.4,False,False,False,False,tIrG4oNLFzE,0.038830652997106085,0.03964014160301588,0.0008094886059097917,-1.600000023841858,2,A,8,AT,10,1,1,9,-1.1783312559127808,-1.134559154510498,-1.1727317571640015,-1.1286208629608154
0.4,False,False,False,False,tIrG4oNLFzE,-0.34170476510543324,-0.3402129049734981,0.001491860131935141,-2.5999999046325684,2,V,9,AV,11,1,1,10,-1.1038752794265747,-1.2227983474731445,-1.1049587726593018,-1.223433494567871
0.4,False,False,False,False,tIrG4oNLFzE,-0.1786794609224529,-0.1731916411534371,0.0054878197690158,-2.0,1,A,11,A,12,2,1,10,-1.0125579833984375,-1.107608675956726,-1.0130078792572021,-1.1050353050231934
0.4,False,False,False,False,tIrG4oNLFzE,-0.06721877298241452,-0.06322447569624501,0.0039942972861695125,-2.4000000953674316,2,A,11,TV,13,3,1,10,-1.7654818296432495,-1.8208674192428589,-1.7710154056549072,-1.8234610557556152
0.4,False,False,False,False,tIrG4oNLFzE,0.6127562001128553,0.5857927475212383,-0.02696345259161692,-2.0,3,A,11,AV,14,1,2,13,-0.4267902076244354,-0.24280187487602234,-0.43268224596977234,-0.25578737258911133
0.4,False,False,False,False,tIrG4oNLFzE,0.03418126671671473,0.0284806980521779,-0.005700568664536831,-1.600000023841858,1,A,14,TV,15,2,1,13,-1.4678527116775513,-1.372746467590332,-1.4963414669036865,-1.4019449949264526
0.4,False,False,False,False,tIrG4oNLFzE,0.010801638861850371,0.008628674753111909,-0.002172964108738462,-0.4000000059604645,2,A,14,AT,16,1,1,15,-0.28334882855415344,-0.24376577138900757,-0.3026793599128723,-0.26546382904052734
0.4,False,False,False,False,tIrG4oNLFzE,-0.06149169901902951,-0.061777936328795136,-0.00028623730976562456,-2.200000047683716,2,V,15,ATV,17,1,1,16,-1.2762373685836792,-1.3101428747177124,-1.3071264028549194,-1.342418909072876
0.4,False,False,False,False,cM3Yna7AavY,0.05687933109221888,0.06439748273815837,0.007518151645939497,3.0,4,A,2,T,6,1,3,5,1.5628571510314941,1.543202519416809,1.584790587425232,1.5622186660766602
0.4,False,False,False,False,cM3Yna7AavY,0.007195604453400506,0.006328326538550755,-0.0008672779148497511,-0.6000000238418579,5,A,2,TV,7,2,3,5,-0.6796513795852661,-0.7163612842559814,-0.651353120803833,-0.6946861743927002
0.4,False,True,False,True,cM3Yna7AavY,0.8026368021382844,0.7718448265830453,-0.03079197555523905,-0.20000000298023224,3,A,5,AV,8,1,2,7,-0.26470309495925903,0.698233425617218,-0.2960415482521057,0.6837809681892395
0.4,False,False,False,False,cM3Yna7AavY,-0.2516272723451465,-0.2531623735068109,-0.0015351011616644428,1.600000023841858,1,A,8,AT,9,2,1,7,0.8951071500778198,1.10477614402771,0.9052220582962036,1.1208820343017578
0.4,False,True,False,True,cM3Yna7AavY,4.839603563263415,4.924071813356777,0.08446825009336223,2.0,2,A,8,A,10,1,1,9,0.06323675066232681,-0.9309819936752319,0.06848464161157608,-0.9419081211090088
0.4,False,False,False,False,cM3Yna7AavY,0.10065250511962631,0.10156406600822265,0.0009115608885963411,-1.0,3,A,8,AT,11,2,1,9,-1.1266264915466309,-1.3415944576263428,-1.1211204528808594,-1.3409314155578613
0.4,False,False,False,False,cM3Yna7AavY,-0.032341742650032757,-0.03603948205069685,-0.0036977394006640907,-1.600000023841858,3,A,9,AT,12,1,2,11,-1.7808724641799927,-1.5806843042373657,-1.789842128753662,-1.599263310432434
0.4,False,False,False,False,cM3Yna7AavY,0.8485939657289343,0.8795247941501261,0.03093082842119177,-2.5999999046325684,2,A,11,ATV,13,1,1,12,-0.7151750922203064,-0.5021060705184937,-0.7121821045875549,-0.4920670688152313
0.4,False,False,False,False,cM3Yna7AavY,0.1149942382505742,0.1184579031357913,0.0034636648852170993,-2.4000000953674316,2,A,12,ATV,14,1,1,13,-1.582445740699768,-1.5149072408676147,-1.5925464630126953,-1.522253394126892
0.4,False,False,False,False,cM3Yna7AavY,0.2850646089730162,0.2983931817939265,0.013328572820910267,-2.799999952316284,2,A,13,AT,15,1,1,14,-1.561188817024231,-1.4510308504104614,-1.566126823425293,-1.4506163597106934
0.4,False,False,False,False,lXPQBPVc5Cw,0.45440651659977505,0.4409199592887916,-0.013486557310983471,-2.4000000953674316,2,A,0,TV,2,1,1,1,-1.643406867980957,-1.3866690397262573,-1.6558231115341187,-1.4026439189910889
0.4,False,False,False,False,lXPQBPVc5Cw,-0.1749953781660878,-0.16824236933558723,0.006753008830500562,-1.2000000476837158,2,A,1,T,3,1,1,2,-1.7531189918518066,-1.5618635416030884,-1.7190775871276855,-1.518118143081665
0.4,False,False,False,False,lXPQBPVc5Cw,-0.07856601902631155,-0.0787870144068279,-0.00022099538051634227,-1.0,3,A,1,V,4,2,1,2,-1.437528371810913,-1.335953950881958,-1.4205739498138428,-1.313201904296875
0.4,False,False,False,False,lXPQBPVc5Cw,-0.06079844192129258,-0.06388359079755901,-0.0030851488762664303,-1.399999976158142,4,A,1,ATV,5,3,1,2,-2.205320358276367,-2.1666436195373535,-2.200953483581543,-2.1600282192230225
0.4,False,False,False,False,lXPQBPVc5Cw,0.207318898599258,0.18952058676828543,-0.01779831183097258,-2.799999952316284,4,V,2,V,6,1,3,5,-1.051767349243164,-0.9934462904930115,-1.0529577732086182,-0.9995341897010803
0.4,False,False,False,False,lXPQBPVc5Cw,-0.15953246141577893,-0.14148450753673103,0.018047953879047895,2.5999999046325684,5,V,2,TV,7,2,3,5,0.9205352663993835,0.9687215685844421,0.9170935153961182,0.9596678018569946
0.4,False,False,False,False,lXPQBPVc5Cw,-1.2150272839935496,-1.2193296308538493,-0.004302346860299622,-2.5999999046325684,3,A,5,ATV,8,1,2,7,-1.1595946550369263,-1.6727782487869263,-1.1573888063430786,-1.671669602394104
0.4,False,False,False,False,lXPQBPVc5Cw,2.7679719499523907,2.2680379427923123,-0.4999340071600784,-2.200000047683716,2,V,7,V,9,1,1,8,-1.2976762056350708,-0.30734047293663025,-1.3097748756408691,-0.45056048035621643
0.4,False,False,False,False,lXPQBPVc5Cw,2.4337414080892974,1.9541206261408952,-0.4796207819484022,-1.7999999523162842,3,V,7,AV,10,2,1,8,-1.0958184003829956,-0.08838870376348495,-1.1186233758926392,-0.24488109350204468
0.4,False,False,False,False,lXPQBPVc5Cw,0.12421004321261364,0.09754603906604586,-0.026664004146567777,-2.0,4,V,7,ATV,11,3,1,8,-1.900888204574585,-1.6338945627212524,-1.9072242975234985,-1.6741881370544434
0.4,False,False,False,False,lXPQBPVc5Cw,-0.023420396652909403,-0.015291486415662803,0.0081289102372466,2.799999952316284,2,A,10,T,12,1,1,11,1.0737121105194092,1.0805089473724365,1.0615463256835938,1.0659499168395996
0.4,False,False,False,False,lXPQBPVc5Cw,0.03579136954904527,0.03404423050886862,-0.0017471390401766485,-2.200000047683716,3,A,10,ATV,13,2,1,11,-1.7920055389404297,-1.7502769231796265,-1.796506404876709,-1.7563207149505615
0.4,False,False,False,False,lXPQBPVc5Cw,0.4753322342630355,0.4499144465651739,-0.025417787697861627,-2.799999952316284,3,A,11,TV,14,1,2,13,-2.2025856971740723,-1.8877302408218384,-2.2077152729034424,-1.9051728248596191
0.4,False,False,False,False,lXPQBPVc5Cw,-0.42750495861292315,-0.4398747010458006,-0.012369742432877473,0.20000000298023224,2,A,13,V,15,1,1,14,-1.0395764112472534,-0.8531119227409363,-0.9832907915115356,-0.7799502015113831
0.4,False,False,False,False,lXPQBPVc5Cw,0.4194462935822436,0.4885578679717817,0.06911157438953808,-1.7999999523162842,3,A,13,V,16,2,1,14,-0.8904678821563721,-0.6834450364112854,-0.8235400915145874,-0.5991536974906921
0.4,False,False,False,False,lXPQBPVc5Cw,-0.05745053980626835,-0.05748863131445603,-3.809150818767648e-05,-1.399999976158142,4,A,13,AT,17,3,1,14,-1.9511170387268066,-1.8962655067443848,-1.9314762353897095,-1.8743188381195068
0.4,False,False,False,False,lXPQBPVc5Cw,0.5131599952783574,0.5427844091899425,0.0296244139115851,-1.7999999523162842,4,V,14,V,18,1,3,17,-0.4947980046272278,-0.31113725900650024,-0.4898909330368042,-0.29694637656211853
0.4,False,False,False,False,lXPQBPVc5Cw,0.1578388280023546,0.1698992104213204,0.012060382418965787,-1.7999999523162842,5,V,14,V,19,2,3,17,-1.2076257467269897,-1.0867356061935425,-1.2034130096435547,-1.0748687982559204
0.4,False,False,False,False,lXPQBPVc5Cw,-0.5894697215555453,-0.6234110036373579,-0.033941282081812574,1.7999999523162842,6,V,14,A,20,3,3,17,-0.810461163520813,-0.695002555847168,-0.8062620759010315,-0.683785617351532
0.4,False,False,False,False,lXPQBPVc5Cw,-0.7874217818536202,-0.8334784128603729,-0.046056631006752724,2.5999999046325684,7,V,14,A,21,4,3,17,-0.7999470233917236,-0.6821057200431824,-0.7957805395126343,-0.6707563400268555
0.4,False,False,False,False,lXPQBPVc5Cw,0.10638381924111684,0.11232748311317664,0.005943663872059801,-2.4000000953674316,8,V,14,ATV,22,5,3,17,-1.6571714878082275,-1.588718295097351,-1.6549690961837769,-1.5830553770065308
0.4,False,False,False,False,lXPQBPVc5Cw,-0.009124456113340784,-0.010761185566025233,-0.001636729452684449,-1.399999976158142,6,A,17,ATV,23,1,5,22,-2.0071346759796143,-1.9995732307434082,-2.00722074508667,-1.9982941150665283
0.4,False,False,False,False,lXPQBPVc5Cw,-0.10835616598656372,-0.1098764967774315,-0.0015203307908677743,-2.4000000953674316,2,A,22,TV,24,1,1,23,-1.58846914768219,-1.6582276821136475,-1.5918701887130737,-1.6629807949066162
0.4,False,False,False,False,lXPQBPVc5Cw,0.2764028720842333,0.29398937517180457,0.01758650308757126,-2.799999952316284,2,A,23,ATV,25,1,1,24,-1.731195330619812,-1.6088886260986328,-1.709571123123169,-1.582205057144165
0.4,False,False,False,False,lXPQBPVc5Cw,0.03965627873117228,0.029851691293515614,-0.009804587437656664,-2.799999952316284,2,V,24,T,26,1,1,25,-2.099059820175171,-2.0713207721710205,-2.2033796310424805,-2.178865909576416
0.4,False,False,False,False,lXPQBPVc5Cw,-0.01598401834695906,-0.02282544710374168,-0.006841428756782619,0.800000011920929,3,V,24,AT,27,2,1,25,-0.5570169687271118,-0.5511147379875183,-0.6804649233818054,-0.672735869884491
0.4,False,False,False,False,lXPQBPVc5Cw,-0.20944458284002465,-0.19656519639937997,0.01287938644064468,-1.2000000476837158,3,A,25,A,28,1,2,27,-0.7153107523918152,-1.040378212928772,-0.7292378544807434,-1.041722297668457
0.4,False,False,False,False,lXPQBPVc5Cw,-0.5022761376390008,-0.4997050248375672,0.002571112801433628,-2.0,4,A,25,AV,29,2,2,27,-1.0115950107574463,-1.3110382556915283,-1.008554458618164,-1.3048315048217773
0.4,True,False,True,False,cXypl4FnoZo,-1.3370182857537678,-1.3436905340006922,-0.006672248246924362,-0.6000000238418579,4,A,1,A,5,1,3,4,0.6097589731216431,-0.2443336844444275,0.6123261451721191,-0.24497297406196594
0.4,True,False,True,False,cXypl4FnoZo,-1.8788601269803458,-1.887345294081161,-0.00848516710081526,-1.0,5,A,1,A,6,2,3,4,0.5387604832649231,-0.30076920986175537,0.5418639779090881,-0.30000054836273193
0.4,False,False,False,False,cXypl4FnoZo,0.5878452219697294,0.588326318343845,0.0004810963741155305,1.399999976158142,6,A,1,AT,7,3,3,4,-0.19545111060142517,-0.3701156675815582,-0.19216671586036682,-0.36729204654693604
0.4,False,False,False,False,cXypl4FnoZo,-0.10125631273679403,-0.09916133017297923,0.0020949825638147956,1.2000000476837158,4,A,4,ATV,8,1,3,7,0.7234839200973511,0.8453011512756348,0.7230919003486633,0.841838002204895
0.4,False,False,False,False,cXypl4FnoZo,-0.036690216543334486,-0.0391759037808157,-0.0024856872374812156,2.0,2,A,7,TV,9,1,1,8,1.2504054307937622,1.275291919708252,1.2491554021835327,1.2757129669189453
0.4,False,False,False,False,cXypl4FnoZo,0.9429606525612622,0.9606914930716357,0.017730840510373547,1.399999976158142,2,A,8,AV,10,1,1,9,0.982340931892395,0.3429286777973175,0.9821445941925049,0.33449792861938477
0.4,False,False,False,False,cXypl4FnoZo,2.213825027108144,2.266933642154327,0.053108615046182805,2.0,1,A,10,AV,11,2,1,9,0.792603611946106,0.0838499367237091,0.7944797873497009,0.07121472805738449
0.4,False,False,False,False,cXypl4FnoZo,0.1816903410310715,0.1895772952135104,0.007886954182438899,-1.0,2,A,10,TV,12,3,1,9,-1.157981038093567,-1.4545859098434448,-1.160266637802124,-1.4639641046524048
0.4,False,False,False,False,cXypl4FnoZo,0.09881491817850474,0.11185561247339137,0.013040694294886634,-0.6000000238418579,2,A,11,AT,13,1,1,12,-0.5267837047576904,-0.2772376537322998,-0.505846381187439,-0.25255143642425537
0.4,False,False,False,False,cXypl4FnoZo,0.030456552368605116,0.042220517631960774,0.011763965263355658,0.0,2,V,12,AT,14,1,1,13,-0.9010056257247925,-0.9177514314651489,-1.0170116424560547,-1.0375611782073975
0.4,False,False,False,False,cXypl4FnoZo,-0.14739431631056732,-0.15118743231425924,-0.003793116003691921,-0.6000000238418579,2,A,13,AT,15,1,1,14,-1.4657448530197144,-1.375963807106018,-1.4604361057281494,-1.3675694465637207
0.4,False,False,False,False,cXypl4FnoZo,0.026510615157153694,0.031191450299896673,0.004680835142742978,-0.6000000238418579,2,A,14,A,16,1,1,15,-0.5515252351760864,-0.4301164746284485,-0.5464350581169128,-0.4154447317123413
0.4,False,False,False,False,cXypl4FnoZo,-0.09987164190512487,-0.11017687874435467,-0.010305236839229792,-0.25,3,A,14,TV,17,2,1,15,-1.3743582963943481,-1.3290319442749023,-1.3736343383789062,-1.3234883546829224
0.4,False,False,False,False,cXypl4FnoZo,-0.10635264403607225,-0.10639082779346842,-3.818375739617075e-05,0.800000011920929,3,A,15,AT,18,1,2,17,0.08495382219552994,0.16365230083465576,0.08183770626783371,0.1601826399564743
0.4,False,False,False,False,cXypl4FnoZo,-0.34876013871289424,-0.3441844254014912,0.004575713311403051,-1.0,2,V,17,AV,19,1,1,18,-0.23947308957576752,-0.520791232585907,-0.2487463653087616,-0.5307478308677673
0.4,False,False,False,False,cXypl4FnoZo,-0.038945293998267516,-0.04156359641965057,-0.0026183024213830564,-0.6000000238418579,1,A,19,ATV,20,2,1,18,-0.3063521385192871,-0.3825516700744629,-0.27908334136009216,-0.3521615266799927
0.4,False,False,False,False,cXypl4FnoZo,-0.0027573234394029367,-0.0024126825330341717,0.000344640906368765,0.20000000298023224,2,A,19,AT,21,1,1,20,-0.16030056774616241,-0.15645360946655273,-0.15212644636631012,-0.14868374168872833
0.4,False,False,False,False,cXypl4FnoZo,-0.015874805040553497,-0.016683278270143376,-0.0008084732295898789,0.4000000059604645,2,A,20,ATV,22,1,1,21,0.677854061126709,0.6476450562477112,0.6769143342971802,0.6449454426765442
0.4,False,False,False,False,cXypl4FnoZo,0.1539530882093043,0.15488409556727945,0.0009310073579751332,0.20000000298023224,2,A,21,AT,23,1,1,22,-0.28806835412979126,-0.4262298345565796,-0.2938289940357208,-0.4314674735069275
0.4,False,False,False,False,cXypl4FnoZo,0.27727784803056554,0.2604085698585301,-0.01686927817203543,-1.2000000476837158,2,A,22,ATV,24,1,1,23,-0.6666914224624634,-0.4505362808704376,-0.6685278415679932,-0.4632020592689514
0.4,False,False,False,False,cXypl4FnoZo,-0.05913850338733706,-0.05828804317189129,0.0008504602154457697,0.6000000238418579,2,A,23,ATV,25,1,1,24,0.19108903408050537,0.27126047015190125,0.19726382195949554,0.27765175700187683
0.4,False,False,False,False,cXypl4FnoZo,0.41539476088655836,0.39956524678634353,-0.015829514100214825,0.800000011920929,2,A,24,V,26,1,1,25,0.3317412734031677,0.0033438708633184433,0.34242796897888184,0.019655587151646614
0.4,False,False,False,False,cXypl4FnoZo,-0.40993931873972755,-0.4077784164802587,0.0021609022594688554,-2.200000047683716,3,A,24,ATV,27,2,1,25,-0.5997974872589111,-0.7334704995155334,-0.5941455960273743,-0.7265720367431641
0.4,False,False,False,False,cXypl4FnoZo,0.16998658640278919,0.16378877607325038,-0.006197810329538811,-1.399999976158142,3,A,25,ATV,28,1,2,27,-1.0205940008163452,-0.8397005200386047,-1.0228455066680908,-0.8467963337898254
0.4,False,False,False,False,c7UH_rxdZv4,0.024715082061845806,0.02620929729528143,0.0014942152334356251,-2.5999999046325684,5,A,0,T,5,1,4,4,-2.024245023727417,-2.0031676292419434,-2.0148162841796875,-1.9928350448608398
0.4,False,False,False,False,c7UH_rxdZv4,0.007708200507238416,0.008088027969961331,0.0003798274627229148,-3.0,6,A,0,T,6,2,4,4,-2.1297781467437744,-2.1253604888916016,-2.126634120941162,-2.122015953063965
0.4,False,False,False,False,c7UH_rxdZv4,0.0023965644003851594,0.0025456956188492086,0.0001491312184640492,-2.799999952316284,7,A,0,TV,7,3,4,4,-1.7866792678833008,-1.7854974269866943,-1.783437728881836,-1.7821863889694214
0.4,False,False,False,False,c7UH_rxdZv4,0.02468932094585799,0.0243852877452575,-0.00030403320060048977,-0.4000000059604645,4,A,4,ATV,8,1,3,7,-0.051221370697021484,-0.017461305484175682,-0.05007633566856384,-0.016813546419143677
0.4,False,False,False,False,c7UH_rxdZv4,0.5258420937433925,0.527954907400872,0.0021128136574795064,0.800000011920929,2,V,7,ATV,9,1,1,8,-1.0041816234588623,-1.1444571018218994,-0.9965514540672302,-1.1379246711730957
0.4,True,False,False,False,c7UH_rxdZv4,-0.018252982279770236,-0.015469649708239386,0.00278333257153085,1.0,2,A,8,AT,10,1,1,9,-0.0021682707592844963,0.006980231497436762,0.003997480496764183,0.011793863028287888
0.4,False,False,False,False,c7UH_rxdZv4,-0.4775916875432813,-0.4789380677353421,-0.001346380192060792,-2.799999952316284,2,A,9,TV,11,1,1,10,-1.6515014171600342,-1.882690191268921,-1.6516410112380981,-1.8835992813110352
0.4,False,False,False,False,c7UH_rxdZv4,0.45418408501997476,0.4758634207439627,0.021679335723987947,-2.5999999046325684,2,A,10,ATV,12,1,1,11,-1.8497142791748047,-1.5914798974990845,-1.8327088356018066,-1.5682058334350586
0.4,False,False,False,False,c7UH_rxdZv4,-0.013501208621431005,-0.011882239286325813,0.0016189693351051915,1.2000000476837158,2,V,11,TV,13,1,1,12,0.8801804780960083,0.9020346999168396,0.8920417428016663,0.911979079246521
0.4,False,False,False,False,c7UH_rxdZv4,-0.6221777667597053,-0.6225637666379527,-0.00038599987824738946,-2.4000000953674316,2,A,12,TV,14,1,1,13,-1.44772207736969,-1.8664687871932983,-1.4468711614608765,-1.8653123378753662
0.4,False,False,False,False,c7UH_rxdZv4,1.3832608597770069,1.2595777839824942,-0.12368307579451265,-2.0,2,V,13,A,15,1,1,14,-0.959807813167572,-0.4298851490020752,-0.9756424427032471,-0.4804980456829071
0.4,False,False,False,False,c7UH_rxdZv4,0.5121747042324536,0.5041754787386736,-0.00799922549377996,-1.399999976158142,3,V,13,AT,16,2,1,14,0.7110792398452759,0.8290873169898987,0.6929439306259155,0.8101108074188232
0.4,False,False,False,False,c7UH_rxdZv4,-0.5179212653540191,-0.5987522952873832,-0.0808310299333641,-2.25,3,V,14,TV,17,1,2,16,-1.357920527458191,-1.7228524684906006,-1.24928879737854,-1.6154366731643677
0.4,False,True,False,True,c7UH_rxdZv4,3.136667650221824,3.1158389275402634,-0.020828722681560663,-1.7999999523162842,2,A,16,V,18,1,1,17,-0.8492125868797302,0.2101404070854187,-0.8478309512138367,0.20560836791992188
0.4,False,True,False,True,c7UH_rxdZv4,3.4496743174917697,3.335408609135044,-0.11426570835672578,-1.7999999523162842,3,A,16,AV,19,2,1,17,-0.6798284649848938,0.3689764142036438,-0.7140725255012512,0.32476991415023804
0.4,False,False,False,True,c7UH_rxdZv4,0.47705091544437095,0.46841898225571044,-0.008631933188660512,-0.800000011920929,4,A,16,TV,20,3,1,17,0.008331194519996643,0.26322633028030396,-0.0021190736442804337,0.2512054741382599
0.4,False,False,False,False,c7UH_rxdZv4,-0.3539108794757482,-0.3560090471582953,-0.002098167682547114,-2.4000000953674316,2,A,19,TV,21,1,1,20,-1.2644284963607788,-1.432729721069336,-1.2733207941055298,-1.4442819356918335
0.4,False,False,False,False,c7UH_rxdZv4,-0.4184444216582506,-0.4090755271652853,0.009368894492965296,-0.6000000238418579,2,V,20,ATV,22,1,1,21,-1.7267558574676514,-1.5225694179534912,-1.7245047092437744,-1.5248974561691284
0.4,False,False,False,False,c7UH_rxdZv4,0.3182667982503453,0.33153553580494943,0.013268737554604115,-1.7999999523162842,2,V,21,AV,23,1,1,22,-0.8022417426109314,-0.6537939310073853,-0.8157874345779419,-0.6597325205802917
0.4,False,False,False,False,c7UH_rxdZv4,-0.0082606891651551,-0.016375084489137492,-0.008114395323982393,0.0,1,A,23,T,24,2,1,22,0.5433290600776672,0.535673201084137,0.5461056232452393,0.5309013724327087
0.4,False,False,False,False,c7UH_rxdZv4,0.022385150573370538,0.015137223618197027,-0.0072479269551735115,-2.5999999046325684,2,A,23,AT,25,3,1,22,-1.0523712635040283,-1.0451560020446777,-1.0522758960723877,-1.0473934412002563
0.4,False,False,False,False,c7UH_rxdZv4,-0.0711069765707748,-0.0703221304306112,0.0007848461401636087,-1.7999999523162842,3,A,23,T,26,1,2,25,-1.1163215637207031,-1.170469045639038,-1.1151044368743896,-1.1685256958007812
0.4,False,False,False,False,c7UH_rxdZv4,0.02345474916535295,0.023120467809150114,-0.00033428135620283683,-0.800000011920929,4,A,23,T,27,2,2,25,-1.623491644859314,-1.6376116275787354,-1.6227099895477295,-1.636643409729004
0.4,False,False,False,False,c7UH_rxdZv4,0.002690631832024337,0.002564934308779243,-0.0001256975232450941,0.6000000238418579,5,A,23,AT,28,3,2,25,0.5222511291503906,0.5065360069274902,0.5245301723480225,0.5091120004653931
0.4,False,False,False,False,c7UH_rxdZv4,2.9601371395470277,3.0089077474529544,0.04877060790592669,1.2000000476837158,4,A,25,V,29,1,3,28,-0.05035512149333954,-0.9268580079078674,-0.05160420387983322,-0.9390233159065247
0.4,False,False,False,False,c7UH_rxdZv4,-0.30418756085836307,-0.3070980919030717,-0.0029105310447086197,-1.399999976158142,5,A,25,T,30,2,3,28,-0.4231067895889282,-0.593691885471344,-0.4266626834869385,-0.5998203754425049
0.4,False,False,False,False,c7UH_rxdZv4,-0.3560969206741724,-0.3620760220938548,-0.005979101419682387,-2.200000047683716,6,A,25,ATV,31,3,3,28,0.12493253499269485,0.04704570025205612,0.12468987703323364,0.04546365141868591
0.4,False,True,False,True,c7UH_rxdZv4,1.3553122792636305,1.2689427467169847,-0.08636953254664581,-1.7999999523162842,4,A,28,AV,32,1,3,31,-0.25328731536865234,0.1358802765607834,-0.26994752883911133,0.10000088065862656
0.5,False,True,False,True,f9O3YtZ2VfI,1.4827480674838824,1.4983008250057326,0.015552757521850147,-1.7999999523162842,1,A,3,AV,4,4,3,0,-0.2792758047580719,0.14816585183143616,-0.2653144299983978,0.16304881870746613
0.5,False,False,False,False,f9O3YtZ2VfI,0.27053908783832625,0.262107414239491,-0.008431673598835232,-2.5999999046325684,2,A,3,T,5,5,3,0,-0.8216349482536316,-0.7471315860748291,-0.8151015639305115,-0.7431290149688721
0.5,False,False,False,False,f9O3YtZ2VfI,0.1685853036478422,0.1710219791886587,0.002436675540816502,-1.2000000476837158,3,A,3,V,6,6,3,0,-0.4296800494194031,-0.3270864188671112,-0.42296162247657776,-0.31976673007011414
0.5,False,False,False,False,f9O3YtZ2VfI,0.1510431804582928,0.1502183884690469,-0.0008247919892458988,-1.7999999523162842,4,A,3,ATV,7,7,3,0,-0.19083695113658905,-0.14456987380981445,-0.186299666762352,-0.140407532453537
0.5,False,False,False,False,f9O3YtZ2VfI,0.01973881676750011,0.023857207759927945,0.004118390992427834,-2.200000047683716,4,A,4,ATV,8,1,3,7,-0.70615154504776,-0.6995593905448914,-0.7116901278495789,-0.7036967277526855
0.5,False,False,False,False,f9O3YtZ2VfI,0.08992304877796187,0.09544914854359732,0.0055260997656354505,-2.0,2,A,7,AT,9,1,1,8,-0.9511082172393799,-0.9090843200683594,-0.9573359489440918,-0.9125270247459412
0.5,False,False,False,False,f9O3YtZ2VfI,0.08009308864350562,0.09952680973876227,0.01943372109525665,-0.800000011920929,2,A,8,AV,10,1,1,9,-0.35549628734588623,-0.2730496823787689,-0.3447510004043579,-0.24612414836883545
0.5,False,False,False,False,f9O3YtZ2VfI,0.33873047039598436,0.34432328982492155,0.00559281942893719,-1.7999999523162842,1,A,10,A,11,2,1,9,0.032456617802381516,0.12266162782907486,0.05573998764157295,0.1463027000427246
0.5,False,False,False,False,f9O3YtZ2VfI,0.15428475779788187,0.15597665008002526,0.0016918922821433924,-1.600000023841858,2,A,10,AV,12,3,1,9,-0.5799293518066406,-0.5069177150726318,-0.572458803653717,-0.4991741478443146
0.5,False,False,False,False,f9O3YtZ2VfI,-0.0016622834828439181,-0.0014293630414528025,0.00023292044139111567,1.2000000476837158,3,A,10,T,13,4,1,9,1.1431083679199219,1.160321593284607,1.1483687162399292,1.164837121963501
0.5,False,False,False,False,f9O3YtZ2VfI,0.010816214747055852,0.010918371057769605,0.00010215631071375242,-1.2000000476837158,4,A,10,TV,14,5,1,9,-0.5682206153869629,-0.5597177147865295,-0.5660998821258545,-0.55754554271698
0.5,False,False,False,False,f9O3YtZ2VfI,0.29231941143609674,0.2795132581756121,-0.01280615326048462,-1.0,3,A,12,AT,15,1,2,14,1.0391675233840942,1.1096264123916626,1.0551071166992188,1.122022271156311
0.5,False,False,True,False,f9O3YtZ2VfI,-1.3153285801435413,-1.3276824608013689,-0.01235388065782761,-2.0,2,V,14,V,16,1,1,15,-0.010004229843616486,-0.3737298548221588,0.0012738057412207127,-0.3637193441390991
0.5,True,False,True,False,f9O3YtZ2VfI,-0.7617472201949846,-0.7719216564191562,-0.010174436224171579,-1.0,3,V,14,A,17,2,1,15,0.16409006714820862,-0.22970235347747803,0.182138130068779,-0.20909614861011505
0.5,False,False,False,False,f9O3YtZ2VfI,-0.28967553196661555,-0.2890614897854755,0.0006140421811400287,-0.6000000238418579,4,V,14,ATV,18,3,1,15,0.4310908019542694,0.2794729769229889,0.4363873302936554,0.28602325916290283
0.5,False,False,False,False,f9O3YtZ2VfI,0.03710019119405672,0.036496112360175914,-0.0006040788338808056,-0.4000000059604645,4,A,15,T,19,1,3,18,-0.7531611919403076,-0.8022723197937012,-0.747514545917511,-0.7965633273124695
0.5,False,False,False,False,f9O3YtZ2VfI,0.002326377588204309,-0.0006597805821684233,-0.0029861581703727325,2.0,5,A,15,AT,20,2,3,18,1.1563923358917236,1.1550146341323853,1.1612213850021362,1.1616147756576538
0.5,False,True,False,False,f9O3YtZ2VfI,1.0375232974942632,1.0202145008873018,-0.017308796606961385,1.399999976158142,3,A,18,A,21,1,2,20,0.4323475658893585,-0.0049464586190879345,0.4761364758014679,0.03115437924861908
0.5,False,True,False,True,f9O3YtZ2VfI,1.4453956973696407,1.456183563108084,0.010787865738443259,1.600000023841858,4,A,18,A,22,2,2,20,0.1598513424396515,-0.27601274847984314,0.20624876022338867,-0.24356341361999512
0.5,False,False,False,False,f9O3YtZ2VfI,-0.6874522158993628,-0.7326367474720845,-0.04518453157272173,-2.5999999046325684,5,A,18,ATV,23,3,2,20,-0.15493431687355042,-0.2998056709766388,-0.13348662853240967,-0.28676602244377136
0.5,False,True,False,True,f9O3YtZ2VfI,1.47767076450807,1.4570729482259068,-0.020597816282163173,-1.399999976158142,4,A,20,V,24,1,3,23,-0.1506255865097046,0.34316012263298035,-0.15544560551643372,0.3337787091732025
0.5,True,False,True,False,f9O3YtZ2VfI,-1.6339752937273522,-1.6261784745718488,0.007796819155503343,1.399999976158142,5,A,20,AV,25,2,3,23,-0.38594651222229004,0.15275117754936218,-0.3900415599346161,0.14378732442855835
0.5,False,False,False,False,f9O3YtZ2VfI,-0.013239068798043263,-0.009902857579803026,0.003336211218240237,1.600000023841858,1,A,25,ATV,26,3,2,23,1.4847276210784912,1.593024492263794,1.5004699230194092,1.5981606245040894
0.5,False,False,False,False,f9O3YtZ2VfI,-0.04756350478146487,-0.04759344805336241,-2.994327189753676e-05,1.2000000476837158,2,A,25,TV,27,1,1,26,1.486135482788086,1.3852295875549316,1.493597388267517,1.3964840173721313
0.5,False,False,False,False,f9O3YtZ2VfI,-0.15551129961476207,-0.15378163772703957,0.0017296618877225,-2.0,2,A,26,T,28,1,1,27,0.7431069016456604,0.7146130800247192,0.730071485042572,0.7017602920532227
0.5,False,False,False,False,f9O3YtZ2VfI,-0.012503926615266892,-0.010758609700957322,0.0017453169143095693,-1.0,3,A,26,TV,29,2,1,27,-0.670650064945221,-0.6902138590812683,-0.6968385577201843,-0.7151346802711487
0.5,False,False,False,False,wMbj6ajWbic,-0.18116566527781686,-0.1692383822737611,0.011927283004055766,1.0,1,A,2,T,3,2,1,1,-1.1623916625976562,-1.120087742805481,-1.1418461799621582,-1.1019673347473145
0.5,False,False,False,False,wMbj6ajWbic,-0.16864353506403518,-0.16463784614872168,0.004005688915313499,0.20000000298023224,2,A,2,AV,4,3,1,1,-0.7069347500801086,-0.6086328625679016,-0.7017979025840759,-0.6053580641746521
0.5,False,False,False,False,wMbj6ajWbic,-0.15983498276604902,-0.15320867447054098,0.006626308295508032,1.7999999523162842,3,A,2,TV,5,4,1,1,0.33782243728637695,0.39354053139686584,0.3452349007129669,0.39888158440589905
0.5,False,False,False,False,wMbj6ajWbic,-0.3284001701888988,-0.33466698727038136,-0.0062668170814825785,-1.2000000476837158,2,A,4,AV,6,1,1,5,-0.24330878257751465,-0.43393346667289734,-0.23299312591552734,-0.42512238025665283
0.5,False,False,False,False,wMbj6ajWbic,0.07411950418917357,0.07749231500918441,0.003372810820010841,-0.20000000298023224,1,A,6,A,7,2,1,5,-0.31041520833969116,-0.49378737807273865,-0.30930981040000916,-0.4990667998790741
0.5,False,False,False,False,wMbj6ajWbic,-0.5282764177501607,-0.5327704709963443,-0.004494053246183682,-2.0,2,A,6,AV,8,3,1,5,-0.40996548533439636,-0.5858100056648254,-0.4092739522457123,-0.5866214632987976
0.5,False,False,False,False,wMbj6ajWbic,-0.7313654283328797,-0.7388492437589091,-0.007483815426029494,-1.7999999523162842,3,A,6,A,9,4,1,5,0.2771434485912323,0.09292352199554443,0.2824549674987793,0.09677869826555252
0.5,False,False,False,False,wMbj6ajWbic,0.11625539942083662,0.11706758928457361,0.0008121898637369895,0.4000000059604645,4,A,6,TV,10,5,1,5,-0.8395377993583679,-0.8855774402618408,-0.8392138481140137,-0.8855810165405273
0.5,False,False,False,False,wMbj6ajWbic,-1.0690994887926002,-1.07294596509431,-0.003846476301709867,1.600000023841858,3,A,8,AV,11,1,2,10,-0.3426186740398407,-0.04458743706345558,-0.3420425355434418,-0.042736515402793884
0.5,False,False,False,False,wMbj6ajWbic,-0.22015865795748368,-0.22673176652044447,-0.006573108562960783,2.0,1,A,11,TV,12,2,1,10,0.9477083683013916,1.0581088066101074,0.9534170627593994,1.068010687828064
0.5,False,False,False,False,wMbj6ajWbic,-0.06731100309684379,-0.06777117624007634,-0.0004601731432325451,-0.800000011920929,2,A,11,T,13,1,1,12,-0.4223683476448059,-0.5256012678146362,-0.4238974153995514,-0.5285557508468628
0.5,False,False,False,False,wMbj6ajWbic,0.6340417062310344,0.6436007919890194,0.00955908575798503,2.0,3,A,11,V,14,2,1,12,-0.8869720697402954,-0.994770348072052,-0.8891068696975708,-0.9984228014945984
0.5,False,False,False,False,wMbj6ajWbic,-0.014850282487669786,-0.014834312601603783,1.5969886066002914e-05,-0.4000000059604645,4,A,11,T,15,3,1,12,-0.09762831777334213,-0.12327206134796143,-0.10020288079977036,-0.1260583996772766
0.5,False,False,False,False,wMbj6ajWbic,-0.01895080355677692,-0.019150764409474164,-0.00019996085269724517,2.0,5,A,11,T,16,4,1,12,1.086957335472107,1.0973948240280151,1.088807225227356,1.099377155303955
0.5,False,False,False,False,wMbj6ajWbic,-0.056533295942374995,-0.05747972815247382,-0.0009464322100988243,-1.0,6,A,11,V,17,5,1,12,-0.015461213886737823,-0.044603053480386734,-0.012226028367877007,-0.04176323860883713
0.5,False,False,False,False,wMbj6ajWbic,-0.010833526762661805,-0.010921084391424252,-8.755762876244688e-05,-0.6000000238418579,7,A,11,TV,18,6,1,12,0.23946182429790497,0.23298417031764984,0.23871198296546936,0.23217588663101196
0.5,False,False,False,False,wMbj6ajWbic,0.04466810773229285,0.03625717754064084,-0.00841093019165201,-0.4000000059604645,7,V,12,V,19,1,6,18,-0.1272066980600357,-0.05491407960653305,-0.12542885541915894,-0.06586456298828125
0.5,False,False,False,False,wMbj6ajWbic,-0.20287138195170296,-0.1714506611821065,0.031420720769596455,1.600000023841858,8,V,12,A,20,2,6,18,0.159361332654953,0.23158179223537445,0.15862378478050232,0.21937885880470276
0.5,False,False,False,False,wMbj6ajWbic,-0.0025886060962108104,-0.0022511262808819765,0.00033747981532883387,1.399999976158142,9,V,12,AT,21,3,6,18,1.321361780166626,1.3400386571884155,1.3227893114089966,1.3390872478485107
0.5,False,False,False,False,wMbj6ajWbic,0.09968024552176757,0.09819346779863736,-0.001486777723130217,1.7999999523162842,4,V,18,AT,22,1,3,21,1.4266544580459595,1.311055064201355,1.428297758102417,1.3138353824615479
0.5,False,False,False,False,wMbj6ajWbic,-0.0016135026193211388,-0.0014708655510986546,0.00014263706822248423,1.399999976158142,2,A,21,AT,23,1,1,22,1.4401741027832031,1.4006766080856323,1.4387502670288086,1.394457459449768
0.5,False,False,False,False,wMbj6ajWbic,0.1780806789341085,0.1918117670020223,0.013731088067913788,2.0,2,A,22,A,24,1,1,23,0.7048941850662231,0.6378767490386963,0.7032967805862427,0.6313323974609375
0.5,False,False,False,False,wMbj6ajWbic,0.1562447113404808,0.16893745745812794,0.012692746117647147,1.7999999523162842,3,A,22,A,25,2,1,23,0.6685518026351929,0.601492702960968,0.6664248108863831,0.5942097306251526
0.5,False,False,False,False,wMbj6ajWbic,-0.025992107022685396,-0.027089229099419576,-0.0010971220767341805,0.0,4,A,22,T,26,3,1,23,0.3134288489818573,0.268785297870636,0.31186288595199585,0.2648947536945343
0.5,False,False,False,False,wMbj6ajWbic,0.029042346682217612,0.03036926028367759,0.001326913601459978,2.4000000953674316,5,A,22,T,27,4,1,23,1.5838491916656494,1.566246747970581,1.5830858945846558,1.5647048950195312
0.5,False,False,False,False,wMbj6ajWbic,0.0644556755991843,0.06830146227673595,0.0038457866775516436,1.7999999523162842,6,A,22,AV,28,5,1,23,0.40738794207572937,0.38443508744239807,0.40596869587898254,0.381682425737381
0.5,False,False,False,False,wMbj6ajWbic,-0.006599580619024437,-0.006790354074666993,-0.00019077345564255666,0.800000011920929,7,A,22,TV,29,6,1,23,1.2816591262817383,1.2747588157653809,1.281251311302185,1.274143934249878
0.5,False,False,False,False,vvZ4IcEtiZc,0.4497607365497247,0.5392134119890954,0.08945267543937074,1.2000000476837158,2,V,2,A,4,1,1,3,0.44886595010757446,0.19304266571998596,0.4020419716835022,0.11558753252029419
0.5,False,False,False,False,vvZ4IcEtiZc,0.4375607436149187,0.4065741724310703,-0.0309865711838484,1.0,3,V,2,V,5,2,1,3,0.4824768900871277,0.16012446582317352,0.4666987359523773,0.1687452793121338
0.5,False,False,False,False,vvZ4IcEtiZc,0.7324533768308479,0.6682903503082569,-0.06416302652259098,1.399999976158142,4,V,2,AV,6,3,1,3,0.4631059169769287,0.13105401396751404,0.4628988206386566,0.1564369797706604
0.5,False,False,False,False,vvZ4IcEtiZc,-1.1348037346458568,-1.03710006787174,0.0977036667741169,-1.5,5,V,2,V,7,4,1,3,0.5911474227905273,0.2994704246520996,0.5981061458587646,0.33437982201576233
0.5,False,False,False,False,vvZ4IcEtiZc,0.03776301083497913,0.03278645698036087,-0.00497655385461826,2.200000047683716,6,V,2,T,8,5,1,3,1.6098310947418213,1.5786608457565308,1.6141294240951538,1.5867865085601807
0.5,False,False,False,False,vvZ4IcEtiZc,-0.3909002385093707,-0.3510583669288003,0.0398418715805704,-2.0,7,V,2,V,9,6,1,3,0.9413495063781738,0.8741323351860046,0.9435245394706726,0.8832756280899048
0.5,False,False,False,False,vvZ4IcEtiZc,0.033057885513301244,0.029315031285364057,-0.003742854227937187,1.600000023841858,8,V,2,TV,10,7,1,3,0.8330227136611938,0.811766505241394,0.8328557014465332,0.813981294631958
0.5,False,False,False,False,vvZ4IcEtiZc,0.06928626104949842,0.06982186572618865,0.0005356046766902267,0.20000000298023224,5,A,6,A,11,1,4,10,0.42143717408180237,0.5439777374267578,0.4253978431224823,0.5473126173019409
0.5,False,False,False,False,d3_k5Xpfmik,0.0016290544522234995,0.0009157402957526983,-0.0007133141564708012,1.600000023841858,3,V,2,AT,5,1,2,4,1.4388139247894287,1.4338374137878418,1.4399064779281616,1.4370715618133545
0.5,False,False,False,False,d3_k5Xpfmik,-0.009241296027788337,-0.01260049300935151,-0.003359196981563173,0.4000000059604645,2,V,4,A,6,1,1,5,0.49853092432022095,0.4216112494468689,0.5262674689292908,0.45781850814819336
0.5,False,False,False,False,d3_k5Xpfmik,0.017318571550504203,0.013687594127986813,-0.0036309774225173896,2.200000047683716,3,V,4,T,7,2,1,5,1.776210069656372,1.7562472820281982,1.7909783124923706,1.774575114250183
0.5,False,False,False,False,d3_k5Xpfmik,0.02173933153528651,0.018256637781536966,-0.003482693753749544,1.399999976158142,4,V,4,A,8,3,1,5,0.7923762798309326,0.7747433185577393,0.8087728023529053,0.7935296893119812
0.5,False,False,False,False,d3_k5Xpfmik,-0.010610546498703854,-0.009397362087739225,0.0012131844109646295,0.4000000059604645,5,V,4,ATV,9,4,1,5,1.1131561994552612,1.105677843093872,1.120466947555542,1.1139154434204102
0.5,False,False,False,False,d3_k5Xpfmik,-1.1774414847867547,-1.1634702871992495,0.013971197587505202,2.4000000953674316,5,A,5,V,10,1,4,9,0.3260881304740906,0.6326095461845398,0.3289106488227844,0.6319669485092163
0.5,False,False,False,False,d3_k5Xpfmik,-0.4543569809976056,-0.4508499136013029,0.0035070673963026877,2.0,6,A,5,A,11,2,4,9,0.6138471961021423,0.7887763977050781,0.6117799878120422,0.7849671244621277
0.5,False,False,False,False,d3_k5Xpfmik,-0.10110254947153408,-0.1015196615372389,-0.00041711206570482773,2.200000047683716,7,A,5,AT,12,3,4,9,1.4296003580093384,1.4982784986495972,1.4308651685714722,1.4999651908874512
0.5,False,False,False,False,d3_k5Xpfmik,0.12215061211145084,0.11890046661989118,-0.003250145491559664,2.0,4,A,9,T,13,1,3,12,0.7368608117103577,0.6894004344940186,0.7217956185340881,0.6761016249656677
0.5,False,False,False,False,d3_k5Xpfmik,0.05935970048085437,0.05653623957778109,-0.0028234609030732827,2.5999999046325684,5,A,9,AT,14,2,3,12,1.3048267364501953,1.2821102142333984,1.293692946434021,1.272229552268982
0.5,False,False,False,False,d3_k5Xpfmik,0.05690633513660259,0.06130145132097198,0.004395116184369385,2.0,3,A,12,TV,15,1,2,14,1.560591220855713,1.5000135898590088,1.557129144668579,1.492618441581726
0.5,False,False,False,False,d3_k5Xpfmik,0.4175849221829968,0.4042334302685371,-0.013351491914459723,1.600000023841858,2,A,14,TV,16,1,1,15,0.22147497534751892,0.07752958685159683,0.23513220250606537,0.09431160986423492
0.5,False,False,False,False,d3_k5Xpfmik,-0.382248023871945,-0.36258357735975366,0.019664446512191347,0.800000011920929,2,V,15,AT,17,1,1,16,-0.4460318982601166,-0.281825989484787,-0.42106181383132935,-0.262265682220459
0.5,True,False,True,False,d3_k5Xpfmik,-0.17856674309510367,-0.20035063645860135,-0.021783893363497675,0.20000000298023224,2,V,16,V,18,1,1,17,-0.22911997139453888,0.12531928718090057,-0.27222493290901184,0.04951494187116623
0.5,False,False,False,False,vyB00TXsimI,-0.36985362653572196,-0.454262276211864,-0.08440864967614203,2.4000000953674316,6,V,0,V,6,1,5,5,-0.3016161620616913,-0.23227587342262268,-0.30054646730422974,-0.21508871018886566
0.5,False,False,False,False,vyB00TXsimI,-0.2085449524406613,-0.264053620042759,-0.05550866760209772,2.5999999046325684,7,V,0,A,7,2,5,5,0.1758286952972412,0.21923089027404785,0.17182758450508118,0.22682330012321472
0.5,False,False,False,False,vyB00TXsimI,-0.01527154868657643,-0.016994505968860985,-0.001722957282284554,-0.25,8,V,0,V,8,3,5,5,-0.417744517326355,-0.3634313642978668,-0.40865620970726013,-0.34042835235595703
0.5,False,False,False,False,vyB00TXsimI,-0.09967823330033143,-0.13391861468292632,-0.03424038138259489,1.3333333730697632,9,V,0,A,9,4,5,5,-0.09848841279745102,-0.06324651837348938,-0.09224441647529602,-0.04447409510612488
0.5,False,False,False,False,vyB00TXsimI,0.015934565642384158,0.018116454851739405,0.0021818892093552478,-0.20000000298023224,10,V,0,T,10,5,5,5,0.2812919616699219,0.2975706160068512,0.27897337079048157,0.2975258231163025
0.5,False,False,False,False,vyB00TXsimI,0.005845361989807785,0.0063126391127710235,0.00046727712296323887,0.20000000298023224,11,V,0,TV,11,6,5,5,0.45901361107826233,0.47006186842918396,0.4581356346607208,0.47008636593818665
0.5,False,True,False,True,vyB00TXsimI,1.0046845441907584,1.0036264238214647,-0.001058120369293647,2.4000000953674316,7,A,5,A,12,1,6,11,0.006104074884206057,-0.19526919722557068,0.008259417489171028,-0.1930772066116333
0.5,False,False,False,False,vyB00TXsimI,0.04865523310060382,0.04840991502999259,-0.00024531807061123345,2.0,8,A,5,T,13,2,6,11,1.4830083847045898,1.4379185438156128,1.4859696626663208,1.440860390663147
0.5,False,False,False,False,vyB00TXsimI,0.4028216373344051,0.40025699904204703,-0.00256463829235809,2.5999999046325684,9,A,5,AV,14,3,6,11,0.1734848916530609,0.09185382723808289,0.17545589804649353,0.09427233785390854
0.5,False,False,False,False,vyB00TXsimI,-0.0029359425054273913,-0.004064261405623881,-0.00112831890019649,0.4000000059604645,1,A,14,ATV,15,4,3,11,0.46528318524360657,0.43641361594200134,0.4900626540184021,0.46361619234085083
0.5,True,False,True,False,vyB00TXsimI,-1.1087055024286046,-1.0997675019365312,0.008938000492073384,1.399999976158142,2,A,14,V,16,1,1,15,-0.34353944659233093,0.010315041989088058,-0.3242071568965912,0.03137923404574394
0.5,False,False,False,False,vyB00TXsimI,-0.12451254508050624,-0.11908392271145374,0.005428622369052505,2.4000000953674316,3,A,14,T,17,2,1,15,1.5380363464355469,1.613572120666504,1.5471265316009521,1.6200581789016724
0.5,False,False,False,False,vyB00TXsimI,0.010328357658409004,0.009831202763720626,-0.0004971548946883786,1.2000000476837158,4,A,14,T,18,3,1,15,1.6454737186431885,1.656919240951538,1.6501551866531372,1.6609456539154053
0.5,False,False,False,False,vyB00TXsimI,0.014888819318631619,0.016072851654030273,0.0011840323353986548,2.200000047683716,5,A,14,A,19,4,1,15,0.7236998081207275,0.7186657786369324,0.7266663908958435,0.7212218642234802
0.5,False,False,False,False,vyB00TXsimI,-0.0008281159879857114,-0.0009122683163553802,-8.41523283696688e-05,1.2000000476837158,6,A,14,ATV,20,5,1,15,1.4172050952911377,1.415290355682373,1.4184911251068115,1.4163933992385864
0.5,False,False,False,False,vyB00TXsimI,-0.03406690008726354,-0.03458792871622762,-0.000521028628964082,0.6000000238418579,6,A,15,AV,21,1,5,20,0.3675176501274109,0.4586453139781952,0.36949601769447327,0.4638230502605438
0.5,False,False,False,False,fvVhgmXxadc,0.6763844219300914,0.746168716931308,0.06978429500121663,-2.200000047683716,2,A,0,ATV,2,1,1,1,-0.7526610493659973,-0.5353155136108398,-0.7181833982467651,-0.4847888946533203
0.5,False,False,False,False,fvVhgmXxadc,0.2766333441935416,0.3068502243124378,0.030216880118896228,-2.799999952316284,2,V,1,V,3,1,1,2,-0.8507484197616577,-0.7810361385345459,-0.8504392504692078,-0.7732692956924438
0.5,False,False,False,False,fvVhgmXxadc,-0.020213711165535386,-0.022569189461023598,-0.0023554782954882114,0.0,3,V,1,T,4,2,1,2,-0.715927004814148,-0.701667845249176,-0.7212101221084595,-0.7053898572921753
0.5,False,False,False,False,fvVhgmXxadc,-0.02175224584605573,-0.024248895803609116,-0.0024966499575533874,-0.20000000298023224,4,V,1,V,5,3,1,2,-0.6860285401344299,-0.6631106734275818,-0.6863605380058289,-0.6607577204704285
0.5,False,False,False,False,fvVhgmXxadc,0.02164351131057174,0.024401158755907204,0.002757647445335465,-1.0,5,V,1,A,6,4,1,2,-0.5375474691390991,-0.514710545539856,-0.5365579128265381,-0.5109399557113647
0.5,False,False,False,False,fvVhgmXxadc,-0.008909054586283105,-0.009635632335630362,-0.0007265777493472569,-0.5,6,V,1,TV,7,5,1,2,-1.1003780364990234,-1.0929120779037476,-1.1028664112091064,-1.0948212146759033
0.5,False,False,False,False,fvVhgmXxadc,0.0015547005133953462,0.0026055327134697492,0.001050832200074403,-0.4000000059604645,6,A,2,T,8,1,5,7,-0.39581677317619324,-0.36034902930259705,-0.38317734003067017,-0.3462549149990082
0.5,False,False,False,False,fvVhgmXxadc,-0.0018997208964250945,-0.0016239860957682484,0.0002757348006568461,0.0,7,A,2,T,9,2,5,7,-0.08190906792879105,-0.06934965401887894,-0.06744121015071869,-0.05407708138227463
0.5,False,False,False,False,fvVhgmXxadc,0.005136523160790496,0.005598944273899065,0.0004624211131085687,-0.20000000298023224,8,A,2,ATV,10,3,5,7,0.1652359813451767,0.17220135033130646,0.17565418779850006,0.18303395807743073
0.5,False,False,False,False,fvVhgmXxadc,0.02964743309524831,0.02505732193581256,-0.00459011115943575,0.0,4,V,7,A,11,1,3,10,-0.42797061800956726,-0.4613093137741089,-0.46288156509399414,-0.48920002579689026
0.5,False,False,False,False,fvVhgmXxadc,0.032421678918961305,0.02335893264879374,-0.009062746270167565,0.20000000298023224,5,V,7,V,12,2,3,10,-0.69003826379776,-0.7080692648887634,-0.6976563334465027,-0.7105744481086731
0.5,False,False,False,False,fvVhgmXxadc,0.0018939700068303367,0.0004099620615098942,-0.0014840079453204424,0.0,6,V,7,T,13,3,3,10,-0.4484967589378357,-0.45060327649116516,-0.45975324511528015,-0.46019887924194336
0.5,False,False,False,False,ob23OKe5a9Q,-0.2563199044240074,-0.253176023754321,0.0031438806696864052,-1.5,1,A,2,T,3,3,2,0,-0.20997585356235504,-0.3134746551513672,-0.20739278197288513,-0.3093458116054535
0.5,False,False,False,False,ob23OKe5a9Q,-0.35585904018041115,-0.3783824707994494,-0.022523430619038276,-1.7999999523162842,2,A,2,V,4,4,2,0,-0.09959779679775238,-0.20767195522785187,-0.07876239717006683,-0.1924315243959427
0.5,False,False,False,False,ob23OKe5a9Q,0.018176200494025352,0.021031833030576763,0.0028556325365514112,0.0,3,A,2,AT,5,5,2,0,-0.6064626574516296,-0.6212673783302307,-0.6025630831718445,-0.6197693943977356
0.5,False,False,False,False,ob23OKe5a9Q,0.13287286847298674,0.13621104964607866,0.0033381811730919253,0.6000000238418579,4,A,2,AT,6,1,3,5,1.0085879564285278,1.1475554704666138,1.0185211896896362,1.1580063104629517
0.5,False,False,False,False,ob23OKe5a9Q,-0.20217181166147213,-0.17266905235715058,0.029502759304321557,0.6000000238418579,2,A,5,T,7,1,1,6,1.684204339981079,1.5865734815597534,1.7011933326721191,1.6197831630706787
0.5,False,False,False,False,ob23OKe5a9Q,-0.04948993663083456,-0.044878896013059943,0.00461104061777462,-1.399999976158142,3,A,5,AT,8,2,1,6,-0.9281561374664307,-0.9838910102844238,-0.9193862676620483,-0.9685945510864258
0.5,False,False,False,False,ob23OKe5a9Q,0.0876400219294311,0.08751769221481709,-0.0001223297146140112,1.25,3,A,6,AT,9,1,2,8,1.4261295795440674,1.5944730043411255,1.425631046295166,1.5940406322479248
0.5,False,True,False,True,ob23OKe5a9Q,0.6508599320193158,0.6002430672057031,-0.050616864813612716,0.800000011920929,2,A,8,V,10,1,1,9,0.38952261209487915,-0.10518042743206024,0.42730608582496643,-0.059734731912612915
0.5,False,True,False,True,ob23OKe5a9Q,2.4502180276933814,2.3924062395805867,-0.05781178811279464,2.799999952316284,3,A,8,V,11,2,1,9,0.22789742052555084,-0.2109682410955429,0.25979360938072205,-0.17406368255615234
0.5,False,False,False,True,ob23OKe5a9Q,1.1683146549083583,1.1364627254947295,-0.0318519294136288,1.25,4,A,8,V,12,3,1,9,-0.006458948832005262,-0.407408744096756,0.02233622409403324,-0.3759216070175171
0.5,False,False,False,False,ob23OKe5a9Q,-0.12489343589288637,-0.12032407136405254,0.00456936452883383,0.800000011920929,5,A,8,TV,13,4,1,9,1.4009678363800049,1.2860749959945679,1.4072558879852295,1.2984331846237183
0.5,False,False,False,False,zhpQhgha_KU,0.0987098455747848,0.09599725367735346,-0.002712591897431338,-1.600000023841858,1,A,2,TV,3,3,2,0,-0.7403450608253479,-0.6847314834594727,-0.6997459530830383,-0.6479209065437317
0.5,False,False,False,True,zhpQhgha_KU,1.2050032487430968,1.4430330179918576,0.23802976924876074,-2.200000047683716,2,A,2,V,4,1,1,3,-0.3857279121875763,-0.07948439568281174,-0.3238946497440338,0.027735233306884766
0.5,True,False,True,False,zhpQhgha_KU,-0.7328884195428514,-0.7419051320995109,-0.009016712556659479,1.0,3,A,2,A,5,2,1,3,-0.30492356419563293,0.015146158635616302,-0.2630493938922882,0.07620963454246521
0.5,False,False,False,False,zhpQhgha_KU,0.004965237852999849,0.009282590536713542,0.004317352683713693,1.0,4,A,2,T,6,3,1,3,0.9930363893508911,1.070807695388794,1.0218063592910767,1.0987831354141235
0.5,False,False,False,False,zhpQhgha_KU,0.12886375782658543,0.14312238865276328,0.014258630826177843,-1.0,5,A,2,V,7,4,1,3,-0.44971832633018494,-0.342981219291687,-0.4215247333049774,-0.3088010251522064
0.5,False,False,False,False,zhpQhgha_KU,0.028344925301933444,0.030388707223107936,0.0020437819211744923,-1.0,6,A,2,TV,8,5,1,3,-0.5404650568962097,-0.5105949640274048,-0.5263016819953918,-0.4952438175678253
0.5,True,False,True,False,zhpQhgha_KU,-0.4764905454880788,-0.4797080460916685,-0.003217500603589718,0.6000000238418579,6,V,3,A,9,1,5,8,-0.24817198514938354,0.10714587569236755,-0.24766841530799866,0.11129383742809296
0.5,False,False,False,False,zhpQhgha_KU,1.4213317919097523,1.4372270144573998,0.015895222547647414,-2.4000000953674316,7,V,3,A,10,2,5,8,-0.5344489216804504,-0.1860414296388626,-0.5342221260070801,-0.18226376175880432
0.5,False,False,False,False,zhpQhgha_KU,0.11281331026711072,0.11312077139669086,0.0003074611295801333,-1.399999976158142,8,V,3,T,11,3,5,8,-0.7415037751197815,-0.6607905626296997,-0.7436076998710632,-0.662455677986145
0.5,False,False,False,False,zhpQhgha_KU,0.10378903808781015,0.10482350886621195,0.001034470778401797,-1.0,9,V,3,V,12,4,5,8,-0.42783287167549133,-0.3433690071105957,-0.4284231662750244,-0.34309545159339905
0.5,False,False,False,False,zhpQhgha_KU,0.1502755371665616,0.15169679605925257,0.0014212588926909575,-1.5,10,V,3,V,13,5,5,8,-0.5711378455162048,-0.49349096417427063,-0.5717082619667053,-0.49331119656562805
0.5,False,False,False,False,zhpQhgha_KU,0.053394579927722674,0.05345382487250916,5.924494478648512e-05,-2.0,11,V,3,TV,14,6,5,8,-0.9714398980140686,-0.9458034038543701,-0.9728204011917114,-0.9471221566200256
0.5,False,False,False,False,zhpQhgha_KU,-0.03111974997391087,-0.036314879279913725,-0.005195129306002855,1.7999999523162842,7,V,8,T,15,1,6,14,1.3711738586425781,1.4091392755508423,1.360145092010498,1.4035691022872925
0.5,False,False,False,False,zhpQhgha_KU,-0.20036396583318616,-0.2243572403748102,-0.023993274541624032,1.75,8,V,8,AV,16,2,6,14,0.3282468914985657,0.4005490243434906,0.326377809047699,0.40748634934425354
0.5,False,False,False,False,zhpQhgha_KU,-0.0750875976349647,-0.07620025986023277,-0.0011126622252680685,0.6000000238418579,1,A,16,AV,17,3,2,14,0.03265286982059479,0.10321516543626785,0.029255978763103485,0.10045172274112701
0.5,False,False,False,False,zhpQhgha_KU,0.06884872300227496,0.06963382452545286,0.0007851015231779002,-0.800000011920929,2,A,16,AV,18,4,2,14,-0.31834444403648376,-0.2515104413032532,-0.31623533368110657,-0.24894458055496216
0.5,False,False,False,False,zhpQhgha_KU,0.03200069051628773,0.0321924357574801,0.0001917452411923648,-1.399999976158142,3,A,16,ATV,19,5,2,14,-0.628349781036377,-0.6078858971595764,-0.6276116967201233,-0.6070459485054016
0.5,True,False,True,False,zhpQhgha_KU,-0.4618950674501523,-0.4515362167728829,0.010358850677269382,0.6000000238418579,2,A,18,V,20,1,1,19,-0.28990626335144043,0.025510570034384727,-0.27215588092803955,0.04401467740535736
0.5,False,False,False,False,zhpQhgha_KU,-0.5788826730677066,-0.571439143071621,0.007443529996085552,0.6000000238418579,3,A,18,V,21,2,1,19,-0.5752385854721069,-0.29571372270584106,-0.5587620735168457,-0.2782314121723175
0.5,False,False,False,False,zhpQhgha_KU,0.3119332813255937,0.30860242108261104,-0.0033308602429826806,-0.5,4,A,18,TV,22,3,1,19,0.7236794829368591,0.8451114296913147,0.7358110547065735,0.8549285531044006
0.5,False,False,False,False,zhpQhgha_KU,0.20315195373475703,0.2049303986083686,0.0017784448736115621,0.0,4,A,19,T,23,1,3,22,-0.9190275073051453,-1.0236032009124756,-0.9719194173812866,-1.072174310684204
0.5,False,False,False,False,zhpQhgha_KU,0.03977613727118978,0.0420732689207739,0.0022971316495841165,1.0,5,A,19,TV,24,2,3,22,0.6497588753700256,0.5969553589820862,0.6235904097557068,0.5713306069374084
0.5,False,False,False,False,zhpQhgha_KU,0.033019565600440615,0.03458545827616888,0.0015658926757282643,0.0,3,V,22,AT,25,1,2,24,-0.36330005526542664,-0.40620991587638855,-0.32689419388771057,-0.3760921061038971
0.5,False,False,False,False,zhpQhgha_KU,-0.03354574674905919,-0.03233029819956812,0.0012154485494910716,0.800000011920929,2,V,24,T,26,1,1,25,0.5871444940567017,0.6915485262870789,0.5941526293754578,0.6997860074043274
0.5,False,False,False,False,zhpQhgha_KU,-0.019830316900879552,-0.01924216408212942,0.0005881528187501317,1.399999976158142,3,V,24,ATV,27,2,1,25,1.1772515773773193,1.227412223815918,1.183403730392456,1.2336516380310059
0.5,False,False,False,False,zhpQhgha_KU,-0.6595666140830212,-0.6597877499092921,-0.00022113582627092399,-1.2000000476837158,3,A,25,V,28,1,2,27,-0.012074865400791168,-0.3330515921115875,-0.01682736724615097,-0.33970367908477783
0.5,False,False,False,False,zhpQhgha_KU,-0.0664422592586078,-0.06385798829562361,0.002584270962984192,-2.0,4,A,25,AT,29,2,2,27,-1.1367099285125732,-1.176090121269226,-1.1414220333099365,-1.1794525384902954
0.5,False,False,False,False,zhpQhgha_KU,0.3197507912214992,0.33240185379926346,0.012651062577764272,-1.0,3,A,27,AT,30,1,2,29,-0.2561856806278229,-0.06564967334270477,-0.21878772974014282,-0.029075458645820618
0.5,False,False,False,False,zhpQhgha_KU,-0.06648395790193251,-0.08610275295070535,-0.01961879504877284,0.800000011920929,2,A,29,V,31,1,1,30,-0.16741421818733215,-0.13241960108280182,-0.1494540125131607,-0.10297296196222305
0.5,False,False,False,False,zhpQhgha_KU,0.014143489239777651,0.024844491680444572,0.01070100244066692,-0.4000000059604645,3,A,29,A,32,2,1,30,-0.10205619037151337,-0.07919787615537643,-0.08714206516742706,-0.04967932030558586
0.5,False,False,False,False,zhpQhgha_KU,-0.08904497034367309,-0.11394693801610423,-0.024901967672431136,1.2000000476837158,4,A,29,V,33,3,1,30,-0.1704503893852234,-0.1375684291124344,-0.15983471274375916,-0.11727123707532883
0.5,False,False,False,False,zhpQhgha_KU,0.011622791713037373,0.014662341571920479,0.003039549858883106,0.6000000238418579,5,A,29,T,34,4,1,30,1.2281321287155151,1.2373168468475342,1.2330057621002197,1.244483232498169
0.5,False,False,False,False,phBUpBr1hSo,0.41214513161892796,0.4088616813433532,-0.0032834502755747508,1.7999999523162842,7,A,4,TV,11,1,6,10,0.7986956238746643,0.6105650067329407,0.7978845238685608,0.6112623810768127
0.5,False,False,False,False,phBUpBr1hSo,-0.09394158116031992,-0.09283305410447085,0.0011085270558490734,0.800000011920929,2,A,10,A,12,1,1,11,0.299856036901474,0.4047755002975464,0.3027471899986267,0.40702760219573975
0.5,False,False,False,False,phBUpBr1hSo,0.32722725357420046,0.32711364279559607,-0.0001136107786043894,-1.2000000476837158,3,A,10,A,13,2,1,11,0.28926876187324524,0.39535221457481384,0.28840672969818115,0.3945119082927704
0.5,False,True,False,True,phBUpBr1hSo,0.31872375596395397,0.31826428532159046,-0.0004594706423635131,-2.200000047683716,4,A,10,ATV,14,3,1,11,-0.03739161416888237,0.03508361801505089,-0.036402277648448944,0.035938143730163574
0.5,False,True,False,True,phBUpBr1hSo,1.088566234118177,1.0857688243870283,-0.0027974097311487256,-1.600000023841858,4,V,11,V,15,1,3,14,-0.005673521663993597,0.3053721785545349,-0.008907655254006386,0.30193156003952026
0.5,True,False,True,False,phBUpBr1hSo,-1.3802138749620627,-1.3782463805554244,0.001967494406638348,2.0,5,V,11,AV,16,2,3,14,-0.24887040257453918,0.08239623159170151,-0.25100576877593994,0.07938015460968018
0.5,False,False,False,False,phBUpBr1hSo,0.0438121533277922,0.045157453019445626,0.0013452996916534232,0.800000011920929,1,A,16,ATV,17,3,2,14,0.9460901021957397,1.0552537441253662,0.9650416970252991,1.0690654516220093
0.5,False,False,False,False,phBUpBr1hSo,0.1349939683778274,0.1335768256150658,-0.001417142762761614,2.0,2,A,16,ATV,18,1,1,17,1.2864969968795776,1.1974537372589111,1.2925974130630493,1.2037618160247803
0.5,False,False,False,False,phBUpBr1hSo,-0.26279015015319374,-0.26564465363756895,-0.002854503484375215,-1.25,2,A,17,T,19,1,1,18,0.8681911826133728,0.8052235245704651,0.8697850108146667,0.8061721324920654
0.5,False,False,False,False,phBUpBr1hSo,-0.003167722906645132,-0.005669867433383047,-0.002502144526737915,0.800000011920929,3,A,17,AT,20,2,1,18,0.2971178889274597,0.30027738213539124,0.30294719338417053,0.3086837828159332
0.5,False,False,False,False,yDtzw_Y-7RU,-0.05006338729176818,-0.050598410142267625,-0.0005350228504994448,0.6000000238418579,4,A,11,TV,15,1,3,14,0.8486346006393433,0.7084240317344666,0.8504098653793335,0.7100303769111633
0.5,False,False,False,False,yDtzw_Y-7RU,0.0067386111053675535,0.008040584293047104,0.0013019731876795504,0.20000000298023224,2,A,14,T,16,1,1,15,0.5026534795761108,0.5135884881019592,0.4910244345664978,0.5045255422592163
0.5,False,False,False,False,yDtzw_Y-7RU,0.010656679182659445,0.013834823652530304,0.0031781444698708583,-2.0,3,A,14,ATV,17,2,1,15,-0.6722000241279602,-0.6681931614875793,-0.6764784455299377,-0.6712622046470642
0.5,False,False,False,False,yDtzw_Y-7RU,0.6918117748575021,0.7011571891741974,0.009345414316695333,-1.600000023841858,3,V,15,A,18,1,2,17,-0.6117105484008789,-0.3082849383354187,-0.6060200929641724,-0.3003257215023041
0.5,False,False,False,False,yDtzw_Y-7RU,0.04938442971049728,0.05378107840807278,0.0043966486975755,-0.6000000238418579,4,V,15,A,19,2,2,17,-0.6644688248634338,-0.36861148476600647,-0.6588681936264038,-0.36073753237724304
0.5,False,False,False,False,yDtzw_Y-7RU,-0.5009822563134847,-0.49986271786596426,0.0011195384475204406,0.20000000298023224,5,V,15,AV,20,3,2,17,-0.6947964429855347,-0.34742891788482666,-0.6935132741928101,-0.34635451436042786
0.5,False,False,False,False,yDtzw_Y-7RU,-0.17477275346315935,-0.1736328922630861,0.0011398612000732555,2.0,6,V,15,T,21,4,2,17,1.189023733139038,1.30508291721344,1.1915184259414673,1.3071727752685547
0.5,False,False,False,False,yDtzw_Y-7RU,-0.04054445520569061,-0.03988682375306496,0.000657631452625651,2.200000047683716,7,V,15,T,22,5,2,17,1.2354412078857422,1.2566924095153809,1.237795352935791,1.258750319480896
0.5,False,False,False,False,yDtzw_Y-7RU,0.02090651975275737,0.02030226591198936,-0.0006042538407680098,-0.800000011920929,8,V,15,A,23,6,2,17,0.3053155541419983,0.31473270058631897,0.3099854290485382,0.31909334659576416
0.5,False,False,False,False,nzpVDcQ0ywM,0.32671747170268106,0.3521259812501447,0.025408509547463654,-1.0,1,A,5,AV,6,5,4,1,-0.2977312207221985,-0.0945173054933548,-0.2591034471988678,-0.050761524587869644
0.5,False,False,False,False,nzpVDcQ0ywM,-0.882676696926743,-0.8870315424035047,-0.004354845476761682,2.0,2,A,5,AV,7,6,4,1,-0.5168389081954956,-0.3349092900753021,-0.5021153688430786,-0.31809183955192566
0.5,False,False,False,False,nzpVDcQ0ywM,0.07311445719840393,0.07337265650018665,0.00025819930178272443,-2.200000047683716,3,A,5,T,8,7,4,1,-0.6310290098190308,-0.6078993678092957,-0.6213527917861938,-0.5982822775840759
0.5,False,False,False,False,nzpVDcQ0ywM,0.04262352883121068,0.042270283596713476,-0.00035324523449720147,-1.0,4,A,5,A,9,8,4,1,-0.3420572876930237,-0.31042611598968506,-0.3367992341518402,-0.30566179752349854
0.5,False,False,False,False,nzpVDcQ0ywM,0.0052721468946186345,0.00532418543254809,5.203853792945523e-05,0.0,5,A,5,TV,10,9,4,1,0.13883818686008453,0.15667861700057983,0.14255709946155548,0.16014590859413147
0.5,False,False,False,False,nzpVDcQ0ywM,-0.06920547360795481,-0.07176031270927297,-0.0025548391013181515,-1.399999976158142,4,A,7,ATV,11,1,3,10,-0.7122157216072083,-0.7645145654678345,-0.7019127011299133,-0.7553562521934509
0.5,False,False,False,False,nzpVDcQ0ywM,0.1623809403609836,0.1637723869335188,0.0013914465725352043,-1.0,2,V,10,TV,12,1,1,11,-0.17308610677719116,-0.08012635260820389,-0.18161538243293762,-0.08702367544174194
0.5,False,False,False,False,nzpVDcQ0ywM,0.08862772522457618,0.08931302329139967,0.000685298066823492,0.20000000298023224,2,A,11,V,13,1,1,12,-0.44363725185394287,-0.5091520547866821,-0.4477987587451935,-0.5134117007255554
0.5,False,False,False,False,nzpVDcQ0ywM,-0.07611754687313876,-0.07422063205730889,0.0018969148158298754,-0.6000000238418579,3,A,11,A,14,2,1,12,-0.11976008117198944,-0.20691879093647003,-0.12869593501091003,-0.21541334688663483
0.5,False,False,False,False,nzpVDcQ0ywM,0.056088025729451374,0.05550119401216236,-0.0005868317172890158,1.399999976158142,4,A,11,T,15,3,1,12,-0.6612809300422668,-0.6748414635658264,-0.6732216477394104,-0.6865639686584473
0.5,False,False,False,False,nzpVDcQ0ywM,0.005492984585202976,0.0056966487762792895,0.00020366419107631373,1.600000023841858,5,A,11,TV,16,4,1,12,1.0429506301879883,1.0380418300628662,1.0394554138183594,1.0343968868255615
0.5,False,True,False,True,nzpVDcQ0ywM,1.1849663331763338,1.1874848258717248,0.0025184926953909503,1.2000000476837158,5,V,12,A,17,1,4,16,0.28338509798049927,-0.22307735681533813,0.2864120602607727,-0.2220153659582138
0.5,False,False,False,False,nzpVDcQ0ywM,-1.6749843314735777,-1.6787249212426438,-0.003740589769066105,-2.0,6,V,12,AV,18,2,4,16,-0.06044340133666992,-0.5553908944129944,-0.06035758554935455,-0.556570827960968
0.5,False,False,False,False,nzpVDcQ0ywM,-0.023565403059429002,-0.030942006985569037,-0.007376603926140035,0.20000000298023224,1,A,18,TV,19,3,2,16,0.35614392161369324,0.1714426875114441,0.37635278701782227,0.1874183714389801
0.5,False,False,False,False,nzpVDcQ0ywM,-0.3225495051572913,-0.31965289956675824,0.0028966055905330634,-1.399999976158142,2,A,18,V,20,1,1,19,-0.05222448706626892,-0.1777278035879135,-0.02196190133690834,-0.14328360557556152
0.5,False,False,False,False,nzpVDcQ0ywM,0.01424156283719924,0.012799599216080537,-0.0014419636211187026,2.0,3,A,18,T,21,2,1,19,1.5245587825775146,1.5098103284835815,1.534116506576538,1.5205763578414917
0.5,False,False,False,False,nzpVDcQ0ywM,0.002716152368350322,0.0027764457167904766,6.029334844015466e-05,2.0,4,A,18,T,22,3,1,19,1.63057279586792,1.6269147396087646,1.6373517513275146,1.6335437297821045
0.5,False,False,False,False,nzpVDcQ0ywM,0.017136807775049334,0.01581347221603835,-0.0013233355590109852,1.600000023841858,5,A,18,V,23,4,1,19,0.5348786115646362,0.526864230632782,0.5498957633972168,0.5423930883407593
0.5,False,False,False,False,jUzDDGyPkXU,0.14611076828225578,0.1436727719961226,-0.0024379962861331705,-1.600000023841858,2,A,1,AT,3,1,1,2,1.1950867176055908,1.2211027145385742,1.2221815586090088,1.247521996498108
0.5,False,False,False,False,jUzDDGyPkXU,0.12253043042851441,0.12539655050693455,0.0028661200784201313,-1.2000000476837158,2,A,2,AT,4,1,1,3,-0.22746852040290833,-0.16639083623886108,-0.21291762590408325,-0.15132075548171997
0.5,False,False,False,False,jUzDDGyPkXU,0.16826922602523098,0.17151840239067795,0.0032491763654469707,-1.600000023841858,2,A,3,T,5,1,1,4,-0.7402985095977783,-0.6474477052688599,-0.7404818534851074,-0.6459088921546936
0.5,False,False,False,False,jUzDDGyPkXU,-0.025926015039782868,-0.026267462297226984,-0.0003414472574441163,-0.6000000238418579,3,A,3,V,6,2,1,4,-0.8496112823486328,-0.7907348275184631,-0.8483145833015442,-0.7881293892860413
0.5,False,False,False,False,jUzDDGyPkXU,-0.04501738692859192,-0.04644894102072783,-0.0014315540921359116,1.7999999523162842,4,A,3,ATV,7,3,1,4,1.1416610479354858,1.176788330078125,1.1464481353759766,1.1830064058303833
0.5,False,True,False,True,jUzDDGyPkXU,3.57720883742925,3.5705863085501788,-0.006622528879071332,2.799999952316284,4,A,4,A,8,1,3,7,0.1647142767906189,-0.4437539577484131,0.16707322001457214,-0.4408162236213684
0.5,False,False,False,False,jUzDDGyPkXU,0.35152697340657824,0.35184243295312,0.0003154595465417742,2.4000000953674316,5,A,4,T,9,2,3,7,1.3453915119171143,1.1901545524597168,1.3457696437835693,1.1903537511825562
0.5,False,False,False,False,jUzDDGyPkXU,0.1766729903183979,0.1775454631766138,0.0008724728582159003,2.4000000953674316,6,A,4,TV,10,3,3,7,0.9146723747253418,0.8563448786735535,0.9150023460388184,0.8563797473907471
0.5,False,False,False,False,jUzDDGyPkXU,0.02101342897553593,0.021635499219613052,0.000622070244077122,0.5,4,A,7,AT,11,1,3,10,1.0137232542037964,1.0337836742401123,1.0520236492156982,1.0712841749191284
0.5,True,False,True,False,jUzDDGyPkXU,-0.19471311564046956,-0.19511797814962678,-0.0004048625091572222,-0.6000000238418579,2,V,10,V,12,1,1,11,0.055149853229522705,-0.11573950946331024,0.07847726345062256,-0.08501123636960983
0.5,False,False,False,False,jUzDDGyPkXU,-0.023255673468099758,-0.022004420031464633,0.0012512534366351247,0.800000011920929,3,V,10,ATV,13,2,1,11,1.0892677307128906,1.0458050966262817,1.0956621170043945,1.0557570457458496
0.5,False,False,False,False,jUzDDGyPkXU,0.002633634926557882,0.003949277121122918,0.0013156421945650365,1.3333333730697632,3,A,11,T,14,1,2,13,-0.2841082215309143,-0.28492215275764465,-0.28415441513061523,-0.2853747606277466
0.5,False,False,False,False,jUzDDGyPkXU,-0.004301372916732049,3.148092746485531e-05,0.0043328538441969044,1.2000000476837158,4,A,11,AV,15,2,2,13,-0.5710077881813049,-0.5697929859161377,-0.5723522901535034,-0.572361171245575
0.5,False,False,False,False,jUzDDGyPkXU,-0.002690503670564226,-0.005526727329481673,-0.002836223658917447,-2.799999952316284,1,A,15,T,16,3,2,13,-1.2927048206329346,-1.2935975790023804,-1.2853889465332031,-1.2872145175933838
0.5,False,False,False,False,jUzDDGyPkXU,-0.003959052012859843,-0.00584353133335469,-0.0018844793204948473,-2.4000000953674316,2,A,15,T,17,4,2,13,-1.1503944396972656,-1.1519795656204224,-1.1423885822296143,-1.1447139978408813
0.5,False,False,False,False,jUzDDGyPkXU,0.0032510617150904864,0.006867621135839386,0.0036165594207488994,2.200000047683716,3,A,15,ATV,18,5,2,13,-1.1960099935531616,-1.196488618850708,-1.1910974979400635,-1.1921099424362183
0.5,False,False,False,False,jUzDDGyPkXU,0.04349695611540483,0.046699860754188194,0.003202904638783366,-2.200000047683716,4,A,15,T,19,1,3,18,-1.2289155721664429,-1.206771969795227,-1.226189374923706,-1.2024996280670166
0.5,False,False,False,False,jUzDDGyPkXU,0.015471454139603935,0.017824235058526483,0.002352780918922548,-1.0,5,A,15,AT,20,2,3,18,0.5244269371032715,0.5294930338859558,0.523516833782196,0.5293553471565247
0.5,False,False,False,False,jUzDDGyPkXU,-0.35099823908376493,-0.32883932240599734,0.022158916677767593,-2.4000000953674316,3,A,18,AT,21,1,2,20,-1.104496717453003,-1.2479016780853271,-1.1295384168624878,-1.266318678855896
0.5,False,False,False,False,jUzDDGyPkXU,-1.297791815836259,-1.2529315384113637,0.04486027742489518,1.2000000476837158,2,A,20,A,22,1,1,21,-0.5974785089492798,-0.19037304818630219,-0.6106144785881042,-0.22316312789916992
0.5,False,False,False,False,jUzDDGyPkXU,0.0841255241356329,0.07275955430687375,-0.011365969828759148,-1.0,3,A,20,AV,23,2,1,21,-1.0198006629943848,-0.7092809081077576,-1.0258079767227173,-0.7290284037590027
0.5,False,False,False,False,jUzDDGyPkXU,0.5981005859797897,0.5610763896297044,-0.03702419635008525,-2.0,4,A,20,A,24,3,1,21,-0.9091275334358215,-0.6628001928329468,-0.9150088429450989,-0.6815606951713562
0.5,False,False,False,False,jUzDDGyPkXU,0.427230815890578,0.4145022025394951,-0.012728613351082885,-2.0,5,A,20,ATV,25,4,1,21,-0.4055998921394348,-0.27682197093963623,-0.40793678164482117,-0.2826859652996063
0.5,False,False,False,False,jUzDDGyPkXU,0.14919665589127362,0.14210348309939036,-0.007093172791883262,-2.0,3,A,23,V,26,1,2,25,-0.8120847344398499,-0.750864565372467,-0.8074368834495544,-0.7492761015892029
0.5,False,False,False,False,rnaNMUZpvvg,0.25807174313881376,0.24839491524517143,-0.009676827893642326,-2.799999952316284,2,A,2,TV,4,1,1,3,-1.4783676862716675,-1.3840961456298828,-1.4781140089035034,-1.3872801065444946
0.5,False,False,False,False,rnaNMUZpvvg,0.00968539017094372,0.008783437088141,-0.00090195308280272,-2.5999999046325684,2,A,3,T,5,1,1,4,-1.4001367092132568,-1.3961074352264404,-1.3897967338562012,-1.3861732482910156
0.5,False,False,False,False,rnaNMUZpvvg,-0.003200053701569061,-0.0030651838789239605,0.0001348698226451006,-0.4000000059604645,3,A,3,AT,6,2,1,4,-0.9638829827308655,-0.9610382914543152,-0.958155632019043,-0.9554030299186707
0.5,False,False,False,False,rnaNMUZpvvg,0.008674628536468276,0.008211150874629425,-0.0004634776618388514,-1.600000023841858,3,V,4,AT,7,1,2,6,-1.7281489372253418,-1.7584196329116821,-1.7036179304122925,-1.7376511096954346
0.5,False,False,False,False,rnaNMUZpvvg,0.05378731576752216,0.04730605713281477,-0.0064812586347073875,-1.399999976158142,2,A,6,A,8,1,1,7,-0.8944787979125977,-0.8438174724578857,-0.897546648979187,-0.8524916172027588
0.5,False,False,False,False,rnaNMUZpvvg,0.06098858787987638,0.053905376856633325,-0.007083211023243052,-2.5999999046325684,3,A,6,T,9,2,1,7,-0.9444031119346619,-0.9260855317115784,-0.9460687637329102,-0.9298521280288696
0.5,False,False,False,False,rnaNMUZpvvg,0.03638837684906093,0.034047254745630084,-0.0023411221034308483,-2.5999999046325684,4,A,6,V,10,3,1,7,-1.1910674571990967,-1.1782126426696777,-1.1905232667922974,-1.1784965991973877
0.5,False,False,False,False,rnaNMUZpvvg,-0.0024947063601530317,-0.0023535524987323697,0.000141153861420662,-1.0,5,A,6,AV,11,4,1,7,-1.0749891996383667,-1.0559345483779907,-1.0754280090332031,-1.0577566623687744
0.5,False,False,False,False,rnaNMUZpvvg,0.005094815587881385,0.004383529493438232,-0.0007112860944431532,-2.0,6,A,6,TV,12,5,1,7,-1.3636512756347656,-1.3596606254577637,-1.3635188341140747,-1.3600845336914062
0.5,False,False,False,False,rnaNMUZpvvg,0.0018155206931425028,0.002321600446123284,0.0005060797529807814,-2.5999999046325684,2,A,11,AT,13,1,1,12,-1.6572325229644775,-1.656270146369934,-1.6513524055480957,-1.6501295566558838
0.5,False,False,False,False,rnaNMUZpvvg,0.009793327148273079,0.009585471132922407,-0.00020785601535067144,-1.600000023841858,2,V,12,T,14,1,1,13,-1.270539402961731,-1.255997657775879,-1.2794828414916992,-1.264863133430481
0.5,False,False,False,False,rnaNMUZpvvg,0.031929952210187906,0.03237195190121156,0.00044199969102365344,-1.7999999523162842,3,V,12,A,15,2,1,13,-0.8302266001701355,-0.813901424407959,-0.8346381783485413,-0.8180145621299744
0.5,False,False,False,False,rnaNMUZpvvg,0.01375881171520632,0.014132075710520553,0.0003732639953142325,-1.600000023841858,4,V,12,AV,16,3,1,13,-1.2053868770599365,-1.1883225440979004,-1.2064894437789917,-1.18892502784729
0.5,False,False,False,False,rnaNMUZpvvg,0.020959022972590446,0.021634287387183093,0.0006752644145926467,-2.200000047683716,5,V,12,ATV,17,4,1,13,-0.9282584190368652,-0.9200446605682373,-0.9284554123878479,-0.9199765920639038
0.5,False,False,False,False,rnaNMUZpvvg,0.0010000611619034316,0.001324887534636332,0.0003248263727329004,-1.399999976158142,2,A,16,TV,18,1,1,17,-1.4774107933044434,-1.4836211204528809,-1.479709267616272,-1.4876267910003662
0.5,False,False,False,False,rnaNMUZpvvg,-0.00023242608973461643,0.0005497490178605347,0.0007821751075951511,0.800000011920929,2,A,17,T,19,1,1,18,0.7844786047935486,0.8029134273529053,0.8064939975738525,0.8243294358253479
0.5,False,False,False,False,rnaNMUZpvvg,0.054462930544957544,0.05318896084725111,-0.001273969697706434,-2.5999999046325684,3,A,17,V,20,2,1,18,-0.9283320307731628,-0.9121206402778625,-0.9092286825180054,-0.8935719728469849
0.5,False,False,False,False,rnaNMUZpvvg,0.03462956736511913,0.03371004766780672,-0.0009195196973124098,-2.200000047683716,4,A,17,V,21,3,1,18,-1.0055705308914185,-0.9911611676216125,-0.9872878193855286,-0.9734679460525513
0.5,False,False,False,False,yvsjCA6Y5Fc,0.07191019631039808,0.0758248262436183,0.003914629933220226,0.0,5,A,0,TV,5,1,4,4,-1.3970377445220947,-1.422541618347168,-1.3948028087615967,-1.4217242002487183
0.5,False,False,False,False,yvsjCA6Y5Fc,0.12915040877615525,0.1344437219117367,0.005293313135581457,-1.7999999523162842,2,A,4,A,6,1,1,5,-0.7175535559654236,-0.6594559550285339,-0.7046999931335449,-0.6449563503265381
0.5,False,False,False,False,yvsjCA6Y5Fc,-0.034025863459149264,-0.03430802519549303,-0.00028216173634376673,0.4000000059604645,3,A,4,T,7,2,1,5,-1.024267554283142,-1.0122720003128052,-1.0113943815231323,-0.9991876482963562
0.5,False,False,False,False,yvsjCA6Y5Fc,0.004039086231614419,0.004156874857940807,0.0001177886263263872,-1.399999976158142,4,A,4,TV,8,3,1,5,-0.9306634664535522,-0.9263800382614136,-0.921416163444519,-0.9170928001403809
0.5,False,False,False,False,yvsjCA6Y5Fc,0.17363325191426426,0.1826353817781019,0.009002129863837638,-2.0,4,V,5,A,9,1,3,8,-0.7449700236320496,-0.6776031255722046,-0.6908010244369507,-0.6228154301643372
0.5,False,False,False,False,yvsjCA6Y5Fc,-0.12527955039058103,-0.1154031240705855,0.009876426319995524,2.0,5,V,5,T,10,2,3,8,0.3384476602077484,0.37658488750457764,0.39754706621170044,0.43396925926208496
0.5,False,False,False,False,yvsjCA6Y5Fc,-0.013996082221638062,-0.01231801153437928,0.0016780706872587814,-0.6000000238418579,6,V,5,V,11,3,3,8,-0.8825976252555847,-0.8566424250602722,-0.8678346276283264,-0.8437567949295044
0.5,False,False,False,False,yvsjCA6Y5Fc,0.06630515921478874,0.06309544188241034,-0.0032097173323784034,-2.0,7,V,5,A,12,4,3,8,-0.7083324790000916,-0.6829160451889038,-0.6873771548271179,-0.6635591387748718
0.5,False,False,False,False,yvsjCA6Y5Fc,0.0001263921060932205,0.0002919516657406973,0.00016555955964747682,-1.0,8,V,5,T,13,5,3,8,-0.9938244223594666,-0.9871730804443359,-0.977791965007782,-0.9719794988632202
0.5,False,False,False,False,yvsjCA6Y5Fc,0.01502513678801165,0.013371187852893485,-0.0016539489351181658,-2.0,9,V,5,V,14,6,3,8,-0.9724552035331726,-0.9651698470115662,-0.968271791934967,-0.9618120193481445
0.5,False,False,False,False,yvsjCA6Y5Fc,0.014745530801274498,0.012948485043807523,-0.0017970457574669751,-1.7999999523162842,10,V,5,A,15,7,3,8,-0.7221923470497131,-0.7153733968734741,-0.7160632014274597,-0.7101066708564758
0.5,False,False,False,False,yvsjCA6Y5Fc,-0.0027207403349223114,-0.0023058538384930216,0.00041488649642928976,-0.6000000238418579,11,V,5,A,16,8,3,8,-0.812175452709198,-0.8056640028953552,-0.8066226840019226,-0.8009653687477112
0.5,False,False,False,False,yvsjCA6Y5Fc,0.003337845864749056,0.0020849230424602183,-0.0012529228222888378,-2.200000047683716,12,V,5,T,17,9,3,8,-1.0530970096588135,-1.0516427755355835,-1.0475449562072754,-1.0466407537460327
0.5,False,False,False,False,yvsjCA6Y5Fc,0.003377163992528409,0.0028359375926356734,-0.0005412263998927358,-1.600000023841858,13,V,5,V,18,10,3,8,-0.9534264802932739,-0.9508201479911804,-0.9523454308509827,-0.9501597285270691
0.5,False,False,False,False,yvsjCA6Y5Fc,-0.007808556643383646,-0.006302743477321293,0.001505813166062353,0.800000011920929,14,V,5,A,19,11,3,8,-0.4264167845249176,-0.4232291579246521,-0.4237031042575836,-0.4211251139640808
0.5,False,False,False,False,yvsjCA6Y5Fc,0.0020854138271744205,0.0013926206128900276,-0.0006927932142843929,-1.7999999523162842,15,V,5,ATV,20,12,3,8,-1.0309104919433594,-1.0295559167861938,-1.030369758605957,-1.0294655561447144
0.5,False,False,False,False,yvsjCA6Y5Fc,0.0013939868487256035,0.0022261951872337704,0.0008322083385081669,-1.600000023841858,13,V,8,T,21,1,12,20,-1.1856127977371216,-1.183934211730957,-1.189980149269104,-1.1872743368148804
0.5,False,False,False,False,yvsjCA6Y5Fc,-0.003023010503985235,-0.0030659171997804435,-4.290669579520845e-05,-1.2000000476837158,14,V,8,T,22,2,12,20,-0.18959243595600128,-0.1910894811153412,-0.19341956079006195,-0.1949436515569687
0.5,False,False,False,False,pLTX3ipuDJI,0.3813206314793929,0.4249194224719055,0.043598790992512626,-2.200000047683716,2,V,1,A,3,1,1,2,-0.3580879271030426,-0.2573315501213074,-0.4807748794555664,-0.3613443970680237
0.5,False,False,False,False,pLTX3ipuDJI,0.06756914689026416,0.07121127461927301,0.0036421277290088483,-2.0,3,V,1,T,4,2,1,2,-0.8544703722000122,-0.8253480195999146,-0.9750123023986816,-0.9408441781997681
0.5,False,False,False,False,pLTX3ipuDJI,0.010531733782134012,0.009162073601373777,-0.0013696601807602349,-1.399999976158142,4,V,1,T,5,3,1,2,-0.795807957649231,-0.7871543765068054,-0.9063928127288818,-0.8971977233886719
0.5,False,False,False,False,pLTX3ipuDJI,-0.02888646459125699,-0.03285292444110155,-0.003966459849844561,0.800000011920929,5,V,1,A,6,4,1,2,-0.4889884293079376,-0.47773420810699463,-0.5964843034744263,-0.5846716165542603
0.5,False,False,False,False,pLTX3ipuDJI,0.035472245577800265,0.03662855867530013,0.0011563130974998614,-2.0,6,V,1,A,7,5,1,2,-0.36109116673469543,-0.3503047525882721,-0.4619986414909363,-0.45013654232025146
0.5,False,False,False,False,pLTX3ipuDJI,0.004291641334158491,0.004898533452160514,0.0006068921180020226,0.0,7,V,1,ATV,8,6,1,2,0.3791247308254242,0.3847430348396301,0.3565301299095154,0.36333492398262024
0.5,False,False,False,False,pLTX3ipuDJI,-0.29833822268457766,-0.293053464682429,0.005284758002148671,-1.600000023841858,7,A,2,V,9,1,6,8,-0.3519199788570404,-0.4777854382991791,-0.34490764141082764,-0.46765580773353577
0.5,False,False,False,False,pLTX3ipuDJI,0.01862946755052164,0.01731995901117145,-0.0013095085393501904,0.6000000238418579,8,A,2,ATV,10,2,6,8,0.493197500705719,0.42669034004211426,0.4976678490638733,0.4332911968231201
0.5,True,False,True,False,pLTX3ipuDJI,-0.19406456511944237,-0.20232775297353234,-0.00826318785408997,-2.0,3,A,8,TV,11,1,2,10,0.021325750276446342,-0.027262505143880844,0.02688436582684517,-0.02365679107606411
0.5,False,False,False,False,pLTX3ipuDJI,0.17840854571529174,0.18240876723597754,0.004000221520685798,-1.399999976158142,2,A,10,ATV,12,1,1,11,0.05307385325431824,0.11321914196014404,0.06633918732404709,0.1272718757390976
0.5,False,False,False,False,pLTX3ipuDJI,0.33182702189438285,0.3406800063273643,0.008852984432981437,-2.0,2,V,11,V,13,1,1,12,-0.18146774172782898,-0.09241341054439545,-0.18499021232128143,-0.09344799816608429
0.5,False,False,False,False,pLTX3ipuDJI,0.23563960517191873,0.24324487803025918,0.0076052728583404505,-1.399999976158142,3,V,11,AV,14,2,1,12,-0.2566048800945282,-0.1578277051448822,-0.25720417499542236,-0.1553204506635666
0.5,False,False,False,False,pLTX3ipuDJI,0.2603352536971215,0.2690337845023647,0.008698530805243188,-1.600000023841858,4,V,11,V,15,3,1,12,-0.13371962308883667,-0.04748159646987915,-0.13332219421863556,-0.04430801048874855
0.5,False,False,False,False,cW1FSBF59ik,-0.7203582711303046,-0.8087705821034161,-0.08841231097311153,-1.0,2,A,0,A,2,1,1,1,-0.05793682485818863,-0.5911910533905029,-0.00012546032667160034,-0.5629891157150269
0.5,False,False,False,False,cW1FSBF59ik,0.10334732964588511,0.09239816383332311,-0.010949165812562,1.600000023841858,3,A,0,T,3,2,1,1,1.2780818939208984,1.1450510025024414,1.3162122964859009,1.1841471195220947
0.5,False,False,False,False,cW1FSBF59ik,0.020130008450905734,0.019307791876030933,-0.0008222165748748012,2.0,4,A,0,T,4,3,1,1,1.6492540836334229,1.6216447353363037,1.6901823282241821,1.6604491472244263
0.5,False,False,False,False,cW1FSBF59ik,0.0024077841078451456,-0.0007584265029123571,-0.0031662106107575028,1.2000000476837158,5,A,0,T,5,4,1,1,1.6333540678024292,1.6361232995986938,1.6636496782302856,1.6628310680389404
0.5,False,False,False,False,cW1FSBF59ik,0.030398606383080784,0.028423207520510863,-0.0019753988625699215,0.5,6,A,0,AV,6,5,1,1,-0.09601128101348877,-0.12098957598209381,-0.07545746862888336,-0.09964531660079956
0.5,False,False,False,False,cW1FSBF59ik,0.16114422123368533,0.15385354662371187,-0.007290674609973458,1.7999999523162842,7,A,0,V,7,6,1,1,0.23288927972316742,0.1822916716337204,0.26546597480773926,0.21612872183322906
0.5,False,False,False,False,cW1FSBF59ik,-0.04896872707519151,-0.04999802484542215,-0.0010292977702306416,-2.4000000953674316,8,A,0,ATV,8,7,1,1,-0.5735065937042236,-0.5869612693786621,-0.5664263367652893,-0.5801114439964294
0.5,False,True,False,True,cW1FSBF59ik,1.335985466276246,1.352485579936996,0.016500113660749882,-1.0,3,A,6,AV,9,1,2,8,-0.5511143803596497,0.23995313048362732,-0.5346668362617493,0.25260549783706665
0.5,False,False,False,False,cW1FSBF59ik,0.8329844121040415,0.8145299261325685,-0.018454485971473034,-1.0,1,A,9,A,10,2,1,8,-0.740745484828949,-0.05121271312236786,-0.723986029624939,-0.056223735213279724
0.5,True,False,True,False,cW1FSBF59ik,-3.5885887388304414,-3.545414753912496,0.04317398491794533,2.200000047683716,2,A,9,AV,11,3,1,8,-0.541070818901062,0.21886886656284332,-0.53346186876297,0.21848565340042114
0.5,False,False,False,False,cW1FSBF59ik,-0.7404297116528227,-0.725760182409676,0.014669529243146684,2.0,3,A,9,ATV,12,4,1,8,0.5234966278076172,0.8001531362533569,0.5283023715019226,0.799944281578064
0.5,False,False,False,False,cW1FSBF59ik,-0.36204381686082154,-0.3601990240622257,0.0018447927985958401,-1.2000000476837158,2,A,11,V,13,1,1,12,-0.2291582226753235,-0.4381010830402374,-0.22982096672058105,-0.4377347230911255
0.5,False,False,False,False,cW1FSBF59ik,-0.18228071961493697,-0.18007363592668924,0.002207083688247735,-2.5999999046325684,3,A,11,TV,14,2,1,12,-1.0562160015106201,-1.1164271831512451,-1.0586435794830322,-1.1182085275650024
0.5,False,False,False,False,cW1FSBF59ik,-0.4446134540922486,-0.42113029671702407,0.02348315737522455,3.0,3,A,12,T,15,1,2,14,1.061475396156311,1.179762601852417,1.0952457189559937,1.209201693534851
0.5,False,False,False,False,cW1FSBF59ik,-0.8370120096305937,-0.841485160522975,-0.004473150892381206,2.4000000953674316,4,A,12,V,16,2,2,14,-0.2785238027572632,-0.11743476241827011,-0.23506274819374084,-0.0702369436621666
0.5,False,False,False,False,cW1FSBF59ik,-0.16714324649016987,-0.15618558622769285,0.01095766026247702,2.5999999046325684,5,A,12,TV,17,3,2,14,1.267029047012329,1.3312729597091675,1.2919316291809082,1.3530608415603638
0.5,False,True,False,False,cW1FSBF59ik,0.0022760765283071707,-0.002057249085662835,-0.004333325613970006,0.20000000298023224,4,V,14,A,18,1,3,17,0.4035990238189697,-0.009113932028412819,0.4042757451534271,0.0008233734406530857
0.5,False,False,False,False,cW1FSBF59ik,0.5111185227683741,0.49985779041156775,-0.011260732356806358,2.5,5,V,14,ATV,19,2,3,17,1.0110501050949097,0.8483068346977234,1.0109632015228271,0.8516407012939453
0.5,False,False,False,False,cW1FSBF59ik,0.03378384619260544,0.036541987195960246,0.002758141003354808,1.600000023841858,3,V,17,TV,20,1,2,19,1.2428842782974243,1.1983590126037598,1.26187002658844,1.2115751504898071
0.5,False,False,False,False,cW1FSBF59ik,-0.13268699791737504,-0.1334459776001644,-0.0007589796827893736,-1.0,2,A,19,AT,21,1,1,20,0.5662265419960022,0.5232788920402527,0.6143422722816467,0.5724678039550781
0.5,False,False,False,False,cW1FSBF59ik,-0.11907341561315832,-0.11915204457579875,-7.862896264043684e-05,1.399999976158142,2,V,20,TV,22,1,1,21,0.8980861902236938,1.035522222518921,0.9043736457824707,1.0443408489227295
0.5,False,False,False,False,cW1FSBF59ik,0.0023672732668558183,0.0015435762741446979,-0.0008236969927111204,0.0,2,A,21,T,23,1,1,22,0.572836697101593,0.5748992562294006,0.5702940821647644,0.5716457962989807
0.5,False,False,False,False,tmZoasNr4rU,-0.021213308436273337,-0.01996200014556848,0.0012513082907048556,-0.800000011920929,4,A,0,AT,4,1,3,3,-1.081560730934143,-1.0409629344940186,-1.0519787073135376,-1.0086414813995361
0.5,False,False,False,False,tmZoasNr4rU,0.030017138351013273,0.04756505237963893,0.017547914028625655,-1.7999999523162842,2,V,3,AV,5,1,1,4,-1.2594103813171387,-1.232325553894043,-1.2228727340698242,-1.1830389499664307
0.5,False,False,False,False,tmZoasNr4rU,0.00348687141993409,0.004354955559563223,0.0008680841396291328,-1.0,1,A,5,ATV,6,2,1,4,-0.9122297167778015,-0.8942148685455322,-0.8856104016304016,-0.8679396510124207
0.5,False,False,False,False,tmZoasNr4rU,0.006960185015248754,0.005313285630350606,-0.0016468993848981484,-2.0,2,A,5,T,7,1,1,6,-0.9059349298477173,-0.9027586579322815,-0.8893084526062012,-0.8869191408157349
0.5,False,False,False,False,tmZoasNr4rU,-0.0015321473593843393,-0.0010503607706482398,0.0004817865887360995,-0.6000000238418579,3,A,5,TV,8,2,1,6,-1.072121262550354,-1.070495843887329,-1.0614959001541138,-1.0603564977645874
0.5,False,False,False,False,tmZoasNr4rU,0.0066498134576704615,0.005937843882275473,-0.0007119695753949884,-1.7999999523162842,3,A,6,ATV,9,1,2,8,-0.6776441335678101,-0.6746855974197388,-0.6838803887367249,-0.6812235116958618
0.5,False,False,False,False,tmZoasNr4rU,-0.05792294833635481,-0.061612205780960494,-0.003689257444605687,-0.6000000238418579,2,V,8,T,10,1,1,9,0.3876754939556122,0.35790392756462097,0.4073205888271332,0.3762594759464264
0.5,False,False,False,False,tmZoasNr4rU,-0.011966402996179681,-0.012951186611473986,-0.0009847836152943046,-2.200000047683716,3,V,8,TV,11,2,1,9,-1.3387709856033325,-1.3457465171813965,-1.3325018882751465,-1.3399989604949951
0.5,False,False,False,False,tmZoasNr4rU,0.07383645830668684,0.07886208036007059,0.005025622053383749,-0.800000011920929,3,A,9,TV,12,1,2,11,-0.3728497624397278,-0.29374533891677856,-0.3499511182308197,-0.2695227861404419
0.5,False,False,False,False,tmZoasNr4rU,-0.07572741487750534,-0.06463316414711073,0.011094250730394606,-2.0,2,V,11,TV,13,1,1,12,-1.1188859939575195,-1.1629608869552612,-1.1391724348068237,-1.177570104598999
0.5,False,False,False,False,tmZoasNr4rU,-0.1325684596858423,-0.11638300070870855,0.01618545897713375,0.25,2,V,12,TV,14,1,1,13,-1.1805133819580078,-1.13340163230896,-1.158729076385498,-1.1167972087860107
0.5,False,False,False,False,tmZoasNr4rU,0.0018546045390621657,0.0018392783914578104,-1.5326147604355356e-05,-1.399999976158142,2,V,13,T,15,1,1,14,-1.290290117263794,-1.2821404933929443,-1.2997777462005615,-1.290987253189087
0.5,False,False,False,False,tmZoasNr4rU,0.00242520251293854,0.0023710741104281396,-5.412840251040052e-05,-1.399999976158142,3,V,13,AT,16,2,1,14,-1.125794529914856,-1.121407389640808,-1.13328218460083,-1.1288737058639526
0.5,False,False,False,False,tmZoasNr4rU,0.023582672532345583,0.022047903709516703,-0.0015347688228288803,0.0,3,V,14,V,17,1,2,16,-0.9285049438476562,-0.9411185383796692,-0.9251628518104553,-0.9370027780532837
0.5,False,False,False,False,tmZoasNr4rU,0.04260378964279887,0.040649824693991476,-0.0019539649488073962,0.20000000298023224,4,V,14,A,18,2,2,16,-0.7590853571891785,-0.781044602394104,-0.7517987489700317,-0.7729186415672302
0.5,False,False,False,False,tmZoasNr4rU,0.002708061886622204,0.002495518047012979,-0.00021254383960922496,-1.0,5,V,14,ATV,19,3,2,16,-1.2080800533294678,-1.2144886255264282,-1.2055678367614746,-1.2115505933761597
0.5,False,False,False,False,d6hH302o4v8,0.008816416517447578,0.0073563405050123265,-0.0014600760124352519,-1.600000023841858,2,A,1,TV,3,1,1,2,-1.1800438165664673,-1.1696749925613403,-1.1883584260940552,-1.1795179843902588
0.5,False,False,False,False,d6hH302o4v8,-0.019839180327750228,-0.021217459495009194,-0.0013782791672589667,-1.3333333730697632,2,A,2,TV,4,1,1,3,-0.7840366959571838,-0.8024024367332458,-0.7757051587104797,-0.7950659990310669
0.5,False,False,False,False,d6hH302o4v8,-0.4978905950258081,-0.4928004169399429,0.005090178085865205,-2.0,2,V,3,AV,5,1,1,4,-0.6252822279930115,-0.8201871514320374,-0.625740647315979,-0.8185651302337646
0.5,False,False,False,False,d6hH302o4v8,-0.6836034919525211,-0.696541909369369,-0.01293841741684787,-2.799999952316284,1,A,5,AV,6,2,1,4,-0.7855490446090698,-0.9630435109138489,-0.7926610708236694,-0.974385678768158
0.5,False,False,False,False,d6hH302o4v8,-0.10270325221479482,-0.10441753131226506,-0.0017142790974702393,-2.200000047683716,2,A,5,TV,7,3,1,4,-1.3373039960861206,-1.3990373611450195,-1.3448987007141113,-1.4083051681518555
0.5,False,False,False,False,d6hH302o4v8,0.5883418407005614,0.6270909610176396,0.03874912031707822,-2.4000000953674316,2,A,6,A,8,1,1,7,-0.7868450284004211,-0.613771915435791,-0.7739304900169373,-0.5913560390472412
0.5,False,False,False,False,d6hH302o4v8,-0.023365600400197195,-0.02252710045080164,0.0008384999493955547,-1.2000000476837158,3,A,6,TV,9,2,1,7,-1.4005591869354248,-1.329839825630188,-1.3900001049041748,-1.3165029287338257
0.5,False,False,False,False,d6hH302o4v8,-0.013491345274985633,-0.014565816627069239,-0.0010744713520836058,-1.0,3,V,7,A,10,1,2,9,-1.1806035041809082,-1.1382977962493896,-1.1866027116775513,-1.1423192024230957
0.5,False,False,False,False,d6hH302o4v8,-0.21228787240374913,-0.22297670719008522,-0.010688834786336088,1.399999976158142,4,V,7,A,11,2,2,9,-1.152622938156128,-1.1106963157653809,-1.158522367477417,-1.1145695447921753
0.5,False,False,False,False,d6hH302o4v8,0.018858736190736636,0.019183783681668842,0.00032504749093220653,-2.0,5,V,7,AT,12,3,2,9,-1.4745577573776245,-1.4569085836410522,-1.4807788133621216,-1.4626226425170898
0.5,False,False,False,False,d6hH302o4v8,0.003921152267139405,0.004173879801783187,0.00025272753464378184,-1.7999999523162842,4,V,9,T,13,1,3,12,-1.4334356784820557,-1.4281256198883057,-1.4344760179519653,-1.428810477256775
0.5,False,False,False,False,d6hH302o4v8,0.00468552939764777,0.00532651829588815,0.00064098889824038,-1.75,5,V,9,AV,14,2,3,12,-1.0670968294143677,-1.063674807548523,-1.0652198791503906,-1.061341643333435
0.5,False,False,False,False,d6hH302o4v8,0.002214409142325735,0.0011747296509838634,-0.0010396794913418717,-2.0,1,A,14,V,15,3,2,12,-1.3512120246887207,-1.3495076894760132,-1.3635462522506714,-1.3626240491867065
0.5,False,False,False,False,d6hH302o4v8,0.001750353308409558,0.00035135176072742524,-0.0013990015476821327,-2.0,2,A,14,ATV,16,4,2,12,-1.2119927406311035,-1.2108829021453857,-1.2199770212173462,-1.2197518348693848
0.5,False,False,False,False,d6hH302o4v8,-0.020918979998896248,-0.020098879620249477,0.0008201003786467709,-2.0,3,A,14,A,17,1,2,16,-1.1829371452331543,-1.1958403587341309,-1.1854915618896484,-1.1979244947433472
0.5,False,False,False,False,d6hH302o4v8,-0.027397346242352683,-0.025943179802141003,0.0014541664402116794,-2.799999952316284,4,A,14,T,18,2,2,16,-1.4370498657226562,-1.4471379518508911,-1.4407641887664795,-1.4503412246704102
0.5,False,False,False,False,d6hH302o4v8,0.0033653490939069552,0.002897505087823493,-0.0004678440060834621,1.0,5,A,14,AT,19,3,2,16,-0.06153194606304169,-0.06311590224504471,-0.06277847290039062,-0.06414077430963516
0.5,False,False,False,False,d6hH302o4v8,-0.17417337134695288,-0.17402961617517576,0.00014375517177711572,-2.4000000953674316,4,A,16,T,20,1,3,19,-1.3940746784210205,-1.4847337007522583,-1.406916618347168,-1.4987869262695312
0.5,False,False,False,False,d6hH302o4v8,0.04656433285610717,0.047574356833010256,0.001010023976903085,-1.0,5,A,16,AV,21,2,3,19,-1.2692512273788452,-1.3450515270233154,-1.2746576070785522,-1.3507294654846191
0.5,False,False,False,False,d6hH302o4v8,-0.03744024773068588,-0.03051375858490246,0.006926489145783421,-2.5999999046325684,1,A,21,T,22,3,2,19,-1.5461775064468384,-1.564093828201294,-1.5283583402633667,-1.5426911115646362
0.5,False,False,False,False,d6hH302o4v8,-0.013081610752649908,-0.004328936012925055,0.008752674739724853,-2.799999952316284,2,A,21,T,23,4,2,19,-1.656302571296692,-1.6620359420776367,-1.6388094425201416,-1.6406749486923218
0.5,False,False,False,False,d6hH302o4v8,-0.017721367470358018,-0.017540892238070427,0.00018047523228759133,-1.600000023841858,3,A,21,AV,24,5,2,19,-0.9662125110626221,-0.9803507328033447,-0.9595077037811279,-0.9733505845069885
0.5,False,False,False,False,d6hH302o4v8,-0.03408672381181077,-0.035122658525921224,-0.0010359347141104536,-2.5999999046325684,4,A,21,V,25,6,2,19,-0.9624770879745483,-0.9729183912277222,-0.9571662545204163,-0.9678909182548523
0.5,False,False,False,False,d6hH302o4v8,-0.040263510040290384,-0.04271481558919277,-0.0024513055489023827,-2.5999999046325684,5,A,21,V,26,7,2,19,-0.8358502984046936,-0.8472990393638611,-0.8301536440849304,-0.8422624468803406
0.5,False,False,False,False,d6hH302o4v8,0.0001634646054071709,0.00025550801930762645,9.204341390045556e-05,-1.0,6,A,21,AT,27,8,2,19,-0.9563971161842346,-0.9545612931251526,-0.9530181288719177,-0.9503733515739441
0.5,False,False,False,False,d6hH302o4v8,0.17547456467621814,0.16441169521384325,-0.011062869462374891,-1.7999999523162842,4,A,24,ATV,28,1,3,27,-0.5201417803764343,-0.45333313941955566,-0.5398098230361938,-0.4761831760406494
0.5,False,False,False,False,d6hH302o4v8,-0.06708842452661656,-0.060945695068767236,0.0061427294578493274,-2.799999952316284,2,A,27,TV,29,1,1,28,-1.26985764503479,-1.2919392585754395,-1.2724661827087402,-1.2925472259521484
0.5,False,False,False,False,d6hH302o4v8,-0.007052146024761896,-0.007622086034075437,-0.0005699400093135409,-1.399999976158142,2,A,28,AV,30,1,1,29,-1.0194377899169922,-1.0288188457489014,-1.0122289657592773,-1.0221848487854004
0.5,False,False,False,False,d6hH302o4v8,-0.01331778533897432,-0.0140186892356291,-0.0007009038966547809,-0.6000000238418579,1,A,30,T,31,2,1,29,-0.01760435290634632,-0.029152467846870422,0.02165621891617775,0.01027679443359375
0.5,False,False,False,False,d6hH302o4v8,-0.01901048306054065,-0.015179994420293497,0.003830488640247154,-3.0,2,A,30,TV,32,3,1,29,-1.3349751234054565,-1.340693712234497,-1.3131012916564941,-1.3176066875457764
0.5,False,False,False,False,d6hH302o4v8,0.08823270767582603,0.09273571786500412,0.004503010189178092,-3.0,3,A,30,TV,33,1,2,32,-0.48448723554611206,-0.4670102298259735,-0.46189823746681213,-0.4436948001384735
0.5,False,False,False,False,d6hH302o4v8,-0.009364440110743999,-0.012391472583686891,-0.003027032472942892,-1.600000023841858,2,V,32,TV,34,1,1,33,-0.9896343350410461,-0.9973543286323547,-0.9806554913520813,-0.9907413125038147
0.5,False,False,False,False,d6hH302o4v8,0.5228161510653244,0.5457817892002339,0.022965638134909483,-2.200000047683716,2,V,33,AV,35,1,1,34,-0.9465445876121521,-0.7529455423355103,-0.9702941179275513,-0.7654414176940918
0.5,False,False,False,False,d6hH302o4v8,0.4188387984349653,0.4332441720968667,0.014405373661901422,-2.200000047683716,1,A,35,AV,36,2,1,34,-1.093679428100586,-0.9182886481285095,-1.0929222106933594,-0.9120305180549622
0.5,False,False,False,False,d6hH302o4v8,0.606814431411582,0.6135491233598174,0.006734691948235394,-3.0,2,A,35,AV,37,3,1,34,-1.150911808013916,-0.9935250878334045,-1.1508746147155762,-0.9918133020401001
0.5,False,False,False,False,d6hH302o4v8,0.44302387904099305,0.44872325960092496,0.00569938055993191,-3.0,3,A,35,V,38,4,1,34,-1.2232918739318848,-1.102708339691162,-1.2234559059143066,-1.1013604402542114
0.5,False,False,False,False,d6hH302o4v8,0.10746597230104626,0.10791560620552332,0.00044963390447705365,-1.0,4,A,35,AV,39,5,1,34,-0.7576749324798584,-0.5923390984535217,-0.7578231692314148,-0.5918759703636169
0.5,False,False,False,False,d6hH302o4v8,0.09259043256378163,0.09309718746091278,0.0005067548971311453,-2.4000000953674316,5,A,35,TV,40,6,1,34,-1.6442792415618896,-1.5853195190429688,-1.6446962356567383,-1.5853952169418335
0.5,False,False,False,False,d6hH302o4v8,0.01722972300787262,0.015224931453246882,-0.00200479155462574,-1.399999976158142,2,A,39,A,41,1,1,40,-1.1051830053329468,-1.077282190322876,-1.1197553873062134,-1.0937942266464233
0.5,False,False,False,False,d6hH302o4v8,0.05803474909414774,0.05274822830212145,-0.005286520792026295,-2.5,3,A,39,V,42,2,1,40,-1.3130748271942139,-1.2888740301132202,-1.3279118537902832,-1.3056219816207886
0.5,False,False,False,False,dq3Nf_lMPnE,0.503183162736236,0.5614322286985187,0.05824906596228274,-1.2000000476837158,2,A,0,V,2,1,1,1,-0.8535547256469727,-0.4105651080608368,-0.8272275328636169,-0.36310604214668274
0.5,False,False,False,False,dq3Nf_lMPnE,0.3288971929436082,0.3304635685367474,0.0015663755931392132,-0.4000000059604645,3,A,0,ATV,3,2,1,1,0.35707733035087585,0.5497701168060303,0.3826881945133209,0.5711150169372559
0.5,False,False,False,False,dq3Nf_lMPnE,0.5677744961845725,0.5282428050047683,-0.03953169117980426,1.2000000476837158,3,A,1,AV,4,1,2,3,-0.4554133415222168,-0.6188369393348694,-0.4479983150959015,-0.6011499762535095
0.5,False,False,False,False,dq3Nf_lMPnE,0.07161695095128096,0.06165283639534991,-0.009964114555931047,0.800000011920929,1,A,4,AT,5,2,1,3,-0.8599072098731995,-0.8813413977622986,-0.8622928857803345,-0.8807350993156433
0.5,False,False,False,False,dq3Nf_lMPnE,0.06779411530715151,0.06467679431445106,-0.0031173209927004564,-2.0,2,A,4,T,6,1,1,5,-1.2171547412872314,-1.1749904155731201,-1.2222681045532227,-1.1817435026168823
0.5,False,False,False,False,dq3Nf_lMPnE,-0.1339191379378093,-0.13231576514914067,0.0016033727886686222,0.6000000238418579,3,A,4,A,7,2,1,5,-0.6781929731369019,-0.6246869564056396,-0.6760541200637817,-0.6231101155281067
0.5,False,False,False,False,dq3Nf_lMPnE,0.011118480688949717,0.010887284138934028,-0.00023119655001568873,-0.800000011920929,4,A,4,AT,8,3,1,5,-0.4946024715900421,-0.4769115746021271,-0.490158349275589,-0.4730609655380249
0.5,False,False,False,False,dq3Nf_lMPnE,0.0004364148952618052,0.0004350185924266725,-1.3963028351327011e-06,1.0,4,A,5,T,9,1,3,8,1.0014616250991821,1.0209416151046753,1.0019716024398804,1.0209500789642334
0.5,False,False,False,False,dq3Nf_lMPnE,0.0002970041778809218,0.00026035898676113334,-3.664519111978848e-05,-0.6000000238418579,5,A,5,V,10,2,3,8,-0.6128643751144409,-0.6215057373046875,-0.6124677062034607,-0.6203912496566772
0.5,False,False,False,False,dq3Nf_lMPnE,-0.0008740730856544587,-0.0012699362246024748,-0.00039586313894801606,-1.600000023841858,6,A,5,T,11,3,3,8,-1.1808269023895264,-1.1818708181381226,-1.1812463998794556,-1.1827654838562012
0.5,False,False,False,False,dq3Nf_lMPnE,0.00890119290309066,0.007609917639024966,-0.0012912752640656944,-1.2000000476837158,7,A,5,ATV,12,4,3,8,0.19359762966632843,0.19678758084774017,0.19297325611114502,0.19570212066173553
0.5,False,False,False,False,dq3Nf_lMPnE,-0.20101601324103058,-0.2024984820448843,-0.0014824688038537204,-1.7999999523162842,5,A,8,AV,13,1,4,12,-0.7542580962181091,-0.8552460074424744,-0.7529373168945312,-0.8545679450035095
0.5,False,False,False,False,dq3Nf_lMPnE,0.3179199588357733,0.3022895709342457,-0.015630387901527598,1.0,1,A,13,A,14,2,1,12,-0.6000277996063232,-0.6964695453643799,-0.5842160582542419,-0.6769108772277832
0.5,False,False,False,False,k5Y_838nuGo,0.07558332220701036,0.0779448387242887,0.0023615165172783392,-1.3333333730697632,3,A,1,AV,4,1,2,3,-0.32181811332702637,-0.2851223051548004,-0.31519049406051636,-0.2776062488555908
0.5,False,False,False,False,k5Y_838nuGo,-0.09678647608035718,-0.09029097310025236,0.006495502980104817,2.0,1,A,4,TV,5,2,1,3,0.6800184845924377,0.7172043323516846,0.7046670913696289,0.7400014400482178
0.5,False,False,False,False,k5Y_838nuGo,-0.07274809561937445,-0.07438916320978706,-0.0016410675904126037,-2.4000000953674316,2,A,4,AT,6,1,1,5,-1.485943078994751,-1.5266432762145996,-1.4679546356201172,-1.508754014968872
0.5,False,False,False,False,k5Y_838nuGo,0.16344361575240285,0.24332029672797262,0.07987668097556977,-1.399999976158142,2,V,5,T,7,1,1,6,-0.8546981811523438,-0.721179187297821,-0.7216057181358337,-0.5612276196479797
0.5,False,False,False,False,k5Y_838nuGo,-0.17238691883903812,-0.15964561387049514,0.012741304968542977,1.7999999523162842,3,V,5,AT,8,2,1,6,0.7407375574111938,0.8255001306533813,0.890106201171875,0.9825276136398315
0.5,False,False,False,False,k5Y_838nuGo,2.0490017244900365,2.049099875831203,9.815134116664126e-05,2.0,3,A,6,V,9,1,2,8,-0.18727010488510132,-0.6140298843383789,-0.17770005762577057,-0.6060463190078735
0.5,False,False,False,False,k5Y_838nuGo,-0.16032382063254147,-0.16083284152756505,-0.0005090208950235819,0.5,4,A,6,TV,10,2,2,8,0.9859732389450073,0.7754018306732178,0.9886032938957214,0.7791063189506531
0.5,False,False,False,False,k5Y_838nuGo,-0.05411854147608963,-0.05424509523859733,-0.00012655376250769734,0.20000000298023224,3,A,8,TV,11,1,2,10,0.6985724568367004,0.6409716010093689,0.7138485908508301,0.6580341458320618
0.5,False,False,False,False,k5Y_838nuGo,0.020558658024739884,0.02149565482633875,0.0009369968015988661,0.6000000238418579,2,V,10,TV,12,1,1,11,0.7145376205444336,0.7835143804550171,0.732352077960968,0.797516405582428
0.5,True,False,True,False,k5Y_838nuGo,-1.008144314806927,-0.93504458538336,0.0730997294235669,-1.7999999523162842,2,V,11,A,13,1,1,12,0.12725898623466492,-0.1549520194530487,0.0799495279788971,-0.18780720233917236
0.5,False,False,False,False,k5Y_838nuGo,-0.40880016941068575,-0.3940650966275463,0.014735072783139458,-0.800000011920929,3,V,11,ATV,14,2,1,12,1.0688815116882324,0.9561087489128113,1.0578135251998901,0.9485439658164978
0.5,False,False,False,False,k5Y_838nuGo,-0.16558028480229847,-0.14955972385998262,0.016020560942315853,0.25,3,V,12,V,15,1,2,14,-0.2678428292274475,-0.07028254866600037,-0.25080782175064087,-0.06819608807563782
0.5,False,False,False,False,k5Y_838nuGo,-0.18336067926255506,-0.17090709119096048,0.012453588071594579,0.800000011920929,4,V,12,V,16,2,2,14,0.2216072678565979,0.41118451952934265,0.22586224973201752,0.401594340801239
0.5,False,False,False,False,k5Y_838nuGo,0.05387983500153126,0.048272103780867326,-0.005607731220663936,0.4000000059604645,5,V,12,T,17,3,2,14,1.2542507648468018,1.285225510597229,1.2594019174575806,1.2870421409606934
0.5,False,False,False,False,k5Y_838nuGo,-0.0003566138292399046,-0.0007189261498048438,-0.00036231232056493923,-0.6000000238418579,6,V,12,T,18,4,2,14,-0.5808011889457703,-0.5965386033058167,-0.5683668255805969,-0.5832151174545288
0.5,False,False,False,False,k5Y_838nuGo,0.033791127199013005,0.031153123363727664,-0.0026380038352853408,0.4000000059604645,7,V,12,T,19,5,2,14,-0.16636332869529724,-0.19544818997383118,-0.1546977013349533,-0.18210193514823914
0.5,False,False,False,False,k5Y_838nuGo,0.0005077548186793734,0.0005132368117042319,5.4819930248584114e-06,-0.20000000298023224,8,V,12,AV,20,6,2,14,-0.4638708531856537,-0.46483123302459717,-0.4606125056743622,-0.4615953266620636
0.5,False,False,False,False,k5Y_838nuGo,-0.02103452343025225,-0.019166956105422628,0.001867567324829622,0.4000000059604645,9,V,12,AV,21,7,2,14,-0.5395517349243164,-0.528290331363678,-0.5395497679710388,-0.5292937159538269
0.5,False,False,False,False,k5Y_838nuGo,0.0010976115214109683,0.000435348574479022,-0.0006622629469319463,-0.20000000298023224,10,V,12,AT,22,8,2,14,0.6723452806472778,0.672974169254303,0.6745985746383667,0.674847424030304
0.5,False,False,False,False,k5Y_838nuGo,0.7946051793730682,0.7975766474459469,0.0029714680728787357,0.6000000238418579,2,A,21,V,23,1,1,22,-0.6415063142776489,-0.928379237651825,-0.6339976191520691,-0.9232618808746338
0.5,False,False,False,False,k5Y_838nuGo,0.07694318049601456,0.07628974387858278,-0.0006534366174317796,-0.20000000298023224,3,A,21,AT,24,2,1,22,-0.6104516983032227,-0.6953925490379333,-0.6066421866416931,-0.6915766596794128
0.5,False,False,False,False,k5Y_838nuGo,-0.2820907852747041,-0.2759887934818721,0.0061019917928319956,2.0,3,A,22,TV,25,1,2,24,1.0303988456726074,1.1888060569763184,1.0178122520446777,1.1701180934906006
0.5,False,False,False,False,k5Y_838nuGo,-0.14972771472449242,-0.1682460449586607,-0.018518330234168268,-0.800000011920929,2,A,24,ATV,26,1,1,25,-0.3188946545124054,-0.5141072869300842,-0.28331905603408813,-0.4858134984970093
0.5,False,False,False,False,k5Y_838nuGo,-0.27235303100866304,-0.27963358244512904,-0.0072805514364659984,2.0,2,V,25,AT,27,1,1,26,1.057934045791626,1.2156944274902344,1.0450359582901,1.20481276512146
0.5,False,False,False,False,k5Y_838nuGo,0.08844783390230404,0.08500740001742813,-0.0034404338848759153,-0.75,2,A,26,T,28,1,1,27,-0.8278928399085999,-1.0574331283569336,-0.8250777125358582,-1.0510715246200562
0.5,False,False,False,False,k5Y_838nuGo,0.7016342774028104,0.6941149177721448,-0.007519359630665523,1.600000023841858,3,A,26,V,29,2,1,27,-0.19242647290229797,-0.378491073846817,-0.18266253173351288,-0.3677399754524231
0.5,False,False,False,False,k5Y_838nuGo,-0.2611660991754923,-0.26368814005388264,-0.0025220408783903636,-1.0,4,A,26,AV,30,3,1,27,-0.21440760791301727,-0.4033516049385071,-0.20536194741725922,-0.3935665786266327
0.5,False,False,False,False,iiK8YX8oH1E,0.02431607891189369,0.03256645793932744,0.008250379027433752,-0.4000000059604645,2,A,2,V,4,1,1,3,-0.31300437450408936,-0.2214381992816925,-0.3081599473953247,-0.19751283526420593
0.5,False,False,False,False,iiK8YX8oH1E,-0.0900029748264668,-0.10619624975918995,-0.016193274932723156,0.20000000298023224,3,A,2,V,5,2,1,3,-0.38271063566207886,-0.29954850673675537,-0.38100865483283997,-0.2810143530368805
0.5,False,False,False,True,iiK8YX8oH1E,0.26212441274551557,0.32644017507906353,0.06431576233354797,-1.600000023841858,4,A,2,AV,6,3,1,3,-0.09337305277585983,-0.008758608251810074,-0.08781875669956207,0.016518568620085716
0.5,False,False,False,False,iiK8YX8oH1E,0.08701948484800326,0.101770135109291,0.014750650261287745,-1.0,5,A,2,AT,7,4,1,3,0.8123902082443237,0.8362401127815247,0.8153228759765625,0.8431406021118164
0.5,False,False,False,False,iiK8YX8oH1E,0.034878986940797496,0.03724484844546794,0.002365861504670441,0.4000000059604645,2,A,6,T,8,1,1,7,0.2244810163974762,0.14370739459991455,0.21559995412826538,0.13307636976242065
0.5,False,False,False,False,iiK8YX8oH1E,0.06545053984991611,0.06685456189896044,0.001404022049044329,0.0,3,A,6,TV,9,2,1,7,-0.8070350289344788,-0.8466144800186157,-0.825639545917511,-0.8651793003082275
0.5,False,False,False,False,iiK8YX8oH1E,-0.022409187505378014,-0.019272220905435233,0.003136966599942781,1.0,3,A,7,TV,10,1,2,9,0.7938314080238342,0.8582385778427124,0.8162049651145935,0.8795492053031921
0.5,False,True,False,True,iiK8YX8oH1E,1.127220771300804,1.093561341763738,-0.03365942953706602,1.7999999523162842,2,V,9,AV,11,1,1,10,0.05125296860933304,-0.2458096146583557,0.03355666622519493,-0.25277456641197205
0.5,False,False,False,False,iiK8YX8oH1E,-0.16151404886430853,-0.18271259359393,-0.02119854472962146,-2.0,1,A,11,T,12,2,1,10,-0.5544976592063904,-0.611488938331604,-0.5220309495925903,-0.5851926207542419
0.5,False,False,False,False,iiK8YX8oH1E,-0.20882756838194205,-0.2195979465125859,-0.010770378130643854,-1.2000000476837158,2,A,11,A,13,3,1,10,0.21694131195545197,0.14122895896434784,0.24659213423728943,0.16858717799186707
0.5,False,False,False,False,iiK8YX8oH1E,-0.00167316155352637,-0.0019465143770958093,-0.00027335282356943935,0.6000000238418579,3,A,11,T,14,4,1,10,0.7575803399085999,0.7521788477897644,0.7724499106407166,0.7667106986045837
0.5,False,False,False,False,iiK8YX8oH1E,-0.016228863120965498,-0.019680063234983614,-0.003451200114018116,0.0,4,A,11,V,15,5,1,10,0.25031140446662903,0.2154691070318222,0.2707512676715851,0.23157328367233276
0.5,False,False,False,False,iiK8YX8oH1E,0.03999743128673572,0.04171905773864992,0.0017216264519142044,1.600000023841858,5,A,11,A,16,6,1,10,0.5867265462875366,0.5671783685684204,0.5950974225997925,0.5745497345924377
0.5,False,False,False,False,iiK8YX8oH1E,-0.10877223990962359,-0.11400942407234194,-0.005237184162718345,-1.0,6,A,11,V,17,7,1,10,0.2582755982875824,0.21428383886814117,0.2650485038757324,0.2191547453403473
0.5,False,False,False,False,tStelxIAHjw,0.7564619073198742,0.7632072843874944,0.00674537706762024,-2.200000047683716,2,A,2,ATV,4,1,1,3,-0.5852629542350769,-0.3659232258796692,-0.5855947732925415,-0.36437708139419556
0.5,False,False,False,False,tStelxIAHjw,-0.6548725590930005,-0.6951571934852412,-0.040284634392240726,1.600000023841858,2,A,3,A,5,1,1,4,-0.49712780117988586,-0.33470216393470764,-0.4834459722042084,-0.30934280157089233
0.5,False,False,False,False,tStelxIAHjw,-0.5327382233111848,-0.5600073370991083,-0.027269113787923516,1.399999976158142,3,A,3,V,6,2,1,4,-0.5588891506195068,-0.4178307056427002,-0.5522385239601135,-0.4031161665916443
0.5,False,False,False,False,tStelxIAHjw,0.501667629028808,0.5364551323979816,0.03478750336917358,-2.0,4,A,3,AV,7,3,1,4,-0.46628275513648987,-0.3106343746185303,-0.45931538939476013,-0.29407966136932373
0.5,False,False,False,False,tStelxIAHjw,0.3380832446147555,0.3600644886569375,0.021981244042182047,-1.399999976158142,5,A,3,V,8,4,1,4,-0.33453550934791565,-0.186205193400383,-0.32879331707954407,-0.17217743396759033
0.5,False,False,False,False,tStelxIAHjw,-0.027556580415094345,-0.028357130325943558,-0.0008005499108492131,-0.4000000059604645,6,A,3,T,9,5,1,4,-0.8936863541603088,-0.8649404644966125,-0.8915155529975891,-0.8617687821388245
0.5,False,False,False,False,tStelxIAHjw,0.1637145262310966,0.17259009722810692,0.008875570997010307,-2.799999952316284,7,A,3,A,10,6,1,4,-0.4906366169452667,-0.45545873045921326,-0.4870285391807556,-0.45001551508903503
0.5,False,False,False,False,tStelxIAHjw,8.574580848019764e-05,2.8982983199199452e-05,-5.6762825280998186e-05,-1.0,8,A,3,AT,11,7,1,4,-0.941146731376648,-0.9404227137565613,-0.9402523040771484,-0.9400102496147156
0.5,False,False,False,False,tStelxIAHjw,-0.016097378193790313,-0.007999224168259822,0.00809815402553049,-1.600000023841858,5,A,7,V,12,1,4,11,-0.3136492967605591,-0.3199215829372406,-0.31385573744773865,-0.31696927547454834
0.5,False,False,False,False,tStelxIAHjw,-0.04024098528265396,-0.026856653844529177,0.013384331438124786,-1.7999999523162842,6,A,7,A,13,2,4,11,-0.06237567961215973,-0.07399383187294006,-0.06309451162815094,-0.07084297388792038
0.5,False,False,False,False,tStelxIAHjw,0.030998711023549674,0.025399688114742247,-0.005599022908807427,0.4000000059604645,7,A,7,AV,14,3,4,11,-0.47483116388320923,-0.4923722743988037,-0.4732525646686554,-0.48767659068107605
0.5,False,False,False,False,tStelxIAHjw,0.023879628916572138,0.021025763832626332,-0.0028538650839458057,0.800000011920929,1,A,14,V,15,4,3,11,-0.3352394104003906,-0.34570857882499695,-0.3023229241371155,-0.31181904673576355
0.5,False,False,False,False,nbWiPyCm4g0,0.5253405304215164,0.5595262731019943,0.034185742680477915,-2.200000047683716,1,A,6,ATV,7,3,2,4,-0.6799582839012146,-0.5159966349601746,-0.6346509456634521,-0.46510982513427734
0.5,False,False,False,False,nbWiPyCm4g0,0.03217160392921414,0.037754255429479855,0.005582651500265712,-1.399999976158142,2,A,6,V,8,1,1,7,-1.0549542903900146,-1.0111193656921387,-1.0321214199066162,-0.9839604496955872
0.5,False,False,False,False,nbWiPyCm4g0,-0.19426241818752032,-0.2094520023601909,-0.015189584172670578,1.2000000476837158,3,A,6,V,9,2,1,7,-0.9768845438957214,-0.9317982792854309,-0.9535698890686035,-0.9043790698051453
0.5,False,False,False,False,etzxEpPuc6I,-0.2549095714606624,-0.2227210839188063,0.0321884875418561,0.800000011920929,1,A,2,A,3,3,2,0,0.06083962321281433,0.2601402997970581,0.09701414406299591,0.2789740562438965
0.5,False,False,False,False,etzxEpPuc6I,0.09932084402701591,0.09175483118997008,-0.007566012837045832,0.0,2,A,2,ATV,4,4,2,0,0.5676080584526062,0.6492301225662231,0.5842538475990295,0.6581089496612549
0.5,False,False,False,False,etzxEpPuc6I,0.0005242731338759299,0.0008181650799654605,0.0002938919460895306,0.4000000059604645,3,A,2,AT,5,1,2,4,0.41084402799606323,0.4253350794315338,0.4155188798904419,0.4325422942638397
0.5,False,False,False,False,etzxEpPuc6I,-0.08414118365895518,-0.05605065173756163,0.028090531921393547,-1.2000000476837158,2,A,4,AV,6,1,1,5,-0.052663061767816544,-0.08993654698133469,-0.04871061444282532,-0.07331610471010208
0.5,False,False,False,False,etzxEpPuc6I,-0.010642465910682297,-0.007887957162974857,0.0027545087477074404,-1.0,1,A,6,TV,7,2,1,5,-0.4647904336452484,-0.4748268723487854,-0.45063161849975586,-0.45785826444625854
0.5,False,False,False,False,etzxEpPuc6I,0.7855250241838254,0.795610738723127,0.010085714539301627,-2.799999952316284,2,A,6,ATV,8,1,1,7,-0.3637632429599762,-0.20755432546138763,-0.35625961422920227,-0.198562353849411
0.5,False,False,False,False,etzxEpPuc6I,0.2968550439290025,0.3135471136876471,0.016692069758644568,-1.399999976158142,2,V,7,V,9,1,1,8,-0.20060262084007263,-0.08265072107315063,-0.21845561265945435,-0.0924854651093483
0.5,False,False,False,False,etzxEpPuc6I,0.08846529811395243,0.09727071637663709,0.008805418262684661,-1.600000023841858,3,V,7,T,10,2,1,8,-0.38310548663139343,-0.3472839295864105,-0.40315744280815125,-0.3631884455680847
0.5,False,False,False,False,etzxEpPuc6I,-0.11773538115002324,-0.12635424336215806,-0.008618862212134815,0.6666666865348816,4,V,7,AV,11,3,1,8,-0.6640480160713196,-0.6190495491027832,-0.6704825162887573,-0.6223692893981934
0.5,False,False,False,False,etzxEpPuc6I,0.13223567221984922,0.14266144120705704,0.010425768987207817,-2.200000047683716,5,V,7,AV,12,4,1,8,-0.6648200750350952,-0.6223393678665161,-0.6654782295227051,-0.619677722454071
0.5,False,False,False,False,etzxEpPuc6I,0.023574993126712407,0.02644880390513027,0.0028738107784178624,-1.2000000476837158,6,V,7,TV,13,5,1,8,-0.5104506611824036,-0.4935629665851593,-0.5125201344490051,-0.49354591965675354
0.5,False,False,False,False,etzxEpPuc6I,0.009192661563337978,0.009841159540336264,0.0006484979769982857,0.20000000298023224,2,A,12,ATV,14,1,1,13,0.31979456543922424,0.3534385859966278,0.32987967133522034,0.3634316027164459
0.5,False,False,False,False,etzxEpPuc6I,-0.03711724762661106,-0.022382604713314436,0.014734642913296625,-2.4000000953674316,2,V,13,T,15,1,1,14,-0.3600226640701294,-0.36914050579071045,-0.41165992617607117,-0.4172963798046112
0.5,False,False,False,False,etzxEpPuc6I,0.00014785493064550792,0.0024223168282643814,0.0022744618976188735,-0.4000000059604645,3,V,13,TV,16,2,1,14,0.11844754219055176,0.11859011650085449,0.09054134041070938,0.09300418198108673
0.5,False,False,False,False,etzxEpPuc6I,0.0034446910737671033,0.005189320547358989,0.0017446294735918855,1.399999976158142,3,A,14,TV,17,1,2,16,1.3811556100845337,1.3383574485778809,1.365615963935852,1.3201777935028076
0.5,False,False,False,False,etzxEpPuc6I,-1.1497593848756926,-1.1858681503949953,-0.036108765519302644,-0.5,2,V,16,V,18,1,1,17,0.8233718872070312,0.2755989730358124,0.8343039751052856,0.27103757858276367
0.5,False,False,False,False,v0zCBqDeKcE,-0.008236517816399835,-0.010475664075201507,-0.002239146258801672,0.0,2,A,1,T,3,1,1,2,0.11319659650325775,0.06765317171812057,0.1251983642578125,0.07210385799407959
0.5,False,False,False,False,v0zCBqDeKcE,0.23533738098467438,0.26477775034769024,0.02944036936301586,2.0,3,A,1,AV,4,2,1,2,-0.5292751789093018,-0.5753777027130127,-0.5273939967155457,-0.5792437195777893
0.5,False,False,False,False,v0zCBqDeKcE,-0.00032710523626988675,-0.000548738049555908,-0.00022163281328602125,0.800000011920929,4,A,1,TV,5,3,1,2,0.8195939064025879,0.8075376152992249,0.8286824822425842,0.8165513277053833
0.5,False,False,False,True,v0zCBqDeKcE,0.25032610779874465,0.2532215944680105,0.0028954866692658676,1.399999976158142,2,A,4,TV,6,1,1,5,-0.0034760464914143085,-0.08999031037092209,0.03183075413107872,-0.05777525156736374
0.5,False,False,False,False,v0zCBqDeKcE,-0.24900508532850196,-0.23720262165443273,0.01180246367406923,1.7999999523162842,2,V,5,TV,7,1,1,6,0.7592624425888062,0.8866930603981018,0.7776082158088684,0.90106600522995
0.5,False,False,False,False,v0zCBqDeKcE,0.7629583199757901,0.7053009542136488,-0.05765736576214131,1.7999999523162842,2,V,6,V,8,1,1,7,-0.3295489251613617,-0.5017247796058655,-0.33959758281707764,-0.49851664900779724
0.5,False,False,False,False,v0zCBqDeKcE,0.8512245589176235,0.7913087216729053,-0.05991583724471816,2.200000047683716,3,V,6,A,9,2,1,7,-0.09867648035287857,-0.2769210934638977,-0.11101558804512024,-0.2763080894947052
0.5,False,False,False,False,v0zCBqDeKcE,0.6438781552982213,0.5967641592300161,-0.04711399606820521,1.600000023841858,4,V,6,V,10,3,1,7,-0.5092985033988953,-0.6567716598510742,-0.508931577205658,-0.645964503288269
0.5,False,False,False,False,v0zCBqDeKcE,0.03401209329248189,0.03080193265427056,-0.0032101606382113346,-0.4000000059604645,5,V,6,AT,11,4,1,7,-1.0810980796813965,-1.105625033378601,-1.084455132484436,-1.1065980195999146
0.5,False,False,False,False,v0zCBqDeKcE,-1.700872198650785,-1.7045134493280507,-0.0036412506772656172,1.7999999523162842,5,V,7,V,12,1,4,11,-0.9505160450935364,-0.6216660141944885,-0.952046811580658,-0.6226531267166138
0.5,False,False,False,False,v0zCBqDeKcE,-1.686520684150583,-1.6894590368862827,-0.0029383527356996453,1.5,6,V,7,AV,13,2,4,11,-0.7524065375328064,-0.34033000469207764,-0.7525911331176758,-0.3397575318813324
0.5,False,False,False,False,v0zCBqDeKcE,-1.9689480508539248,-1.9747307168772466,-0.005782666023321781,2.4000000953674316,1,A,13,V,14,3,2,11,-0.74708491563797,-0.4169479012489319,-0.7524393200874329,-0.42190414667129517
0.5,False,False,False,False,v0zCBqDeKcE,0.03317616958331765,0.03237911882770737,-0.0007970507556102763,0.0,2,A,13,ATV,15,4,2,11,0.034410737454891205,0.185365229845047,0.03328489884734154,0.182994544506073
0.5,False,False,False,False,f_pcplsH_V0,0.31659287519799406,0.31501870311672064,-0.0015741720812734172,0.0,3,A,3,A,6,1,2,5,-0.6573068499565125,-0.8652428388595581,-0.6537851691246033,-0.8616575598716736
0.5,False,False,False,False,f_pcplsH_V0,0.598774184009951,0.5959530789680088,-0.002821105041942218,0.800000011920929,4,A,3,A,7,2,2,5,-0.5335496664047241,-0.7417940497398376,-0.5310927033424377,-0.7387530207633972
0.5,False,False,False,False,f_pcplsH_V0,-0.129548030907916,-0.1226417250542795,0.006906305853636496,-2.4000000953674316,5,A,3,AT,8,3,2,5,-0.7559943795204163,-0.7958782911300659,-0.7541976571083069,-0.7918881773948669
0.5,False,False,False,False,f_pcplsH_V0,-0.26155598123836743,-0.23915758381389196,0.02239839742447547,1.2000000476837158,4,A,5,ATV,9,1,3,8,0.44770851731300354,0.6482876539230347,0.4712265133857727,0.6596730351448059
0.5,False,False,False,False,f_pcplsH_V0,0.07569740833869076,0.07622402167977782,0.0005266133410870566,-0.4000000059604645,2,A,8,V,10,1,1,9,-0.5338037610054016,-0.7059425711631775,-0.5438539385795593,-0.7113165259361267
0.5,False,False,False,False,f_pcplsH_V0,-0.04336616966487128,-0.04160395898016045,0.0017622106847108299,-0.800000011920929,3,A,8,TV,11,2,1,9,-0.40765824913978577,-0.4674855172634125,-0.4154474139213562,-0.47399887442588806
0.5,False,False,False,False,f_pcplsH_V0,-0.2824861472997924,-0.27438860565399636,0.008097541645796014,1.600000023841858,3,A,9,TV,12,1,2,11,0.6350409984588623,0.7946058511734009,0.6709861159324646,0.8327463269233704
0.5,False,False,False,False,f_pcplsH_V0,-0.04140140056705377,-0.03811237651719068,0.0032890240498630874,-1.0,2,V,11,AT,13,1,1,12,-0.7083799242973328,-0.791096031665802,-0.7218030691146851,-0.8018052577972412
0.5,False,False,False,False,f_pcplsH_V0,-0.07844532822927874,-0.07870617934837298,-0.00026085111909424086,-1.0,2,V,12,AT,14,1,1,13,-1.5436160564422607,-1.4659110307693481,-1.5098800659179688,-1.4257599115371704
0.5,False,False,False,False,tIrG4oNLFzE,0.017752312482457455,0.014618629153341667,-0.0031336833291157884,1.399999976158142,1,A,2,AT,3,2,1,1,0.1609380543231964,0.1537950336933136,0.16095364093780518,0.15506847202777863
0.5,True,False,True,False,tIrG4oNLFzE,-0.2607895173534103,-0.2628479753128572,-0.002058457959446869,0.4000000059604645,2,A,2,AV,4,1,1,3,-0.11121190339326859,0.4234115183353424,-0.11317814886569977,0.42244645953178406
0.5,False,False,False,False,tIrG4oNLFzE,-0.01548634134358906,-0.01235427789474386,0.0031320634488452015,1.25,1,A,4,T,5,2,1,3,1.122788429260254,1.2236098051071167,1.1370246410369873,1.2297724485397339
0.5,False,False,False,False,tIrG4oNLFzE,0.49963077869039996,0.4586611952825548,-0.04096958340784518,-1.399999976158142,2,A,4,A,6,3,1,3,0.1989755779504776,0.34824302792549133,0.20906707644462585,0.34578293561935425
0.5,False,False,False,False,tIrG4oNLFzE,0.031047750412813713,0.024468667522228316,-0.006579082890585397,-1.2000000476837158,3,A,4,AT,7,4,1,3,-0.7287646532058716,-0.6968991160392761,-0.724807858467102,-0.6997238397598267
0.5,False,True,False,True,tIrG4oNLFzE,0.9476706380261712,0.9588653837085614,0.011194745682390206,-1.0,4,A,4,A,8,1,3,7,-0.40853482484817505,0.13907931745052338,-0.4067995548248291,0.14488084614276886
0.5,False,False,False,False,tIrG4oNLFzE,0.42836530849100996,0.43297602619065856,0.004610717699648603,-1.7999999523162842,5,A,4,ATV,9,2,3,7,-0.7122564911842346,-0.530531108379364,-0.7115544080734253,-0.5281156301498413
0.5,False,False,False,False,tIrG4oNLFzE,0.22659450528808067,0.23908941426220798,0.012494908974127306,-1.600000023841858,3,A,7,ATV,10,1,2,9,-0.13997012376785278,-0.06433019787073135,-0.13341212272644043,-0.05404740944504738
0.5,False,False,False,False,tIrG4oNLFzE,-0.015020149323561327,-0.008779330343671177,0.00624081897989015,-2.5999999046325684,2,A,9,TV,11,1,1,10,-1.1937894821166992,-1.1991403102874756,-1.1909879446029663,-1.1941068172454834
0.5,False,False,False,False,tIrG4oNLFzE,0.2509244009850846,0.2607605930171637,0.009836192032079083,-2.0,2,A,10,V,12,1,1,11,-0.7012059688568115,-0.6079546213150024,-0.6855430006980896,-0.5898376703262329
0.5,False,False,False,False,tIrG4oNLFzE,0.46180886726399084,0.46681349001366,0.005004622749669174,-2.4000000953674316,3,A,10,AV,13,2,1,11,-0.5451524257659912,-0.4245840013027191,-0.5380598902702332,-0.41666078567504883
0.5,False,False,False,False,tIrG4oNLFzE,0.27578657701906195,0.27526917479838175,-0.0005174022206801965,-2.0,4,A,10,ATV,14,3,1,11,0.9457892179489136,0.992233395576477,0.9506346583366394,0.9969174265861511
0.5,False,False,False,False,tIrG4oNLFzE,-0.2858053754975005,-0.2817998408000699,0.0040055346974305905,-1.600000023841858,2,A,13,TV,15,1,1,14,-0.4867890775203705,-0.6235609650611877,-0.49341681599617004,-0.6290589570999146
0.5,False,False,False,False,tIrG4oNLFzE,0.18904379715651132,0.18705230742958978,-0.001991489726921536,-0.4000000059604645,2,A,14,TV,16,1,1,15,0.3234650194644928,0.44406482577323914,0.32325872778892517,0.44270724058151245
0.5,False,False,False,False,tIrG4oNLFzE,-0.06203974084746733,-0.04874202289800067,0.013297717949466659,-2.200000047683716,2,V,15,ATV,17,1,1,16,-0.5602390170097351,-0.5792667269706726,-0.5721672177314758,-0.5872081518173218
0.5,False,False,False,False,cM3Yna7AavY,-0.15682985862650867,-0.14488738461712103,0.011942474009387638,2.799999952316284,1,A,3,ATV,4,2,1,2,1.4745407104492188,1.5350840091705322,1.4886516332626343,1.5451107025146484
0.5,False,False,False,False,cM3Yna7AavY,0.1454923840495752,0.14324192855035278,-0.0022504554992224257,2.799999952316284,2,A,3,T,5,1,1,4,1.5634862184524536,1.5059912204742432,1.5703297853469849,1.5134034156799316
0.5,False,False,False,False,cM3Yna7AavY,0.6378511376145646,0.6265900838725678,-0.011261053741996818,3.0,3,A,3,V,6,2,1,4,0.4289048910140991,0.3077182173728943,0.43682414293289185,0.31737804412841797
0.5,False,False,False,False,cM3Yna7AavY,0.0003416508549349828,0.0003286714244232769,-1.2979430511705914e-05,-0.6000000238418579,4,A,3,AT,7,3,1,4,-0.6603485345840454,-0.6631157398223877,-0.6602001786231995,-0.6628707647323608
0.5,False,False,False,False,cM3Yna7AavY,-0.2930968469147981,-0.28848378632062577,0.004613060594172325,-0.20000000298023224,4,A,4,TV,8,1,3,7,-1.0105524063110352,-0.8032398819923401,-0.9982605576515198,-0.7905388474464417
0.5,False,False,False,False,cM3Yna7AavY,-0.7091306230544454,-0.713558525267878,-0.0044279022134325885,1.600000023841858,2,A,7,V,9,1,1,8,-0.44770634174346924,-0.2665397524833679,-0.4423055946826935,-0.2594229280948639
0.5,False,False,False,False,cM3Yna7AavY,-0.15142395479042037,-0.15150991560591365,-8.596081549328005e-05,2.0,3,A,7,AT,10,2,1,8,0.8981000781059265,0.9690977334976196,0.8939498066902161,0.9647043347358704
0.5,False,False,False,False,cM3Yna7AavY,0.04656360164476325,0.02091653550138517,-0.025647066143378083,-1.0,3,V,8,AV,11,1,2,10,-0.9062997102737427,-1.2352516651153564,-0.8560819625854492,-1.2040317058563232
0.5,False,False,False,False,cM3Yna7AavY,-0.12350100961538146,-0.16550738585397085,-0.04200637623858938,-1.600000023841858,1,A,11,V,12,2,1,10,-1.1288052797317505,-1.2861155271530151,-1.0581200122833252,-1.2420523166656494
0.5,False,False,False,False,cM3Yna7AavY,-0.7357807174294066,-0.8313512287220881,-0.09557051129268146,-2.5999999046325684,2,A,11,A,13,3,1,10,-0.6243207454681396,-0.8202450275421143,-0.5676040053367615,-0.7836073637008667
0.5,False,False,False,False,cM3Yna7AavY,-0.16464956963716304,-0.17798031788322533,-0.013330748246062285,-2.4000000953674316,3,A,11,TV,14,4,1,10,-1.1083482503890991,-1.1737395524978638,-1.0816880464553833,-1.151013970375061
0.5,False,False,False,False,cM3Yna7AavY,0.42836814549403357,0.43382186738472317,0.0054537218906896,-2.799999952316284,4,A,11,T,15,1,3,14,-0.42127177119255066,-0.3328728973865509,-0.3850630521774292,-0.29685351252555847
0.5,False,False,False,False,lXPQBPVc5Cw,0.18282621855145198,0.18608267261912204,0.003256454067670056,-1.2000000476837158,3,V,0,T,3,1,2,2,-0.615132749080658,-0.47550299763679504,-0.6168562173843384,-0.47464537620544434
0.5,False,False,False,False,lXPQBPVc5Cw,0.009366708000015933,0.008430811606899624,-0.0009358963931163089,-1.0,4,V,0,AV,4,2,2,2,-1.044642448425293,-0.8934183120727539,-1.0474027395248413,-0.896666407585144
0.5,False,False,False,False,lXPQBPVc5Cw,0.0032675086517883756,0.006266112671482915,0.0029986040196945396,-1.399999976158142,1,A,4,T,5,3,2,2,-1.2541351318359375,-1.2433345317840576,-1.21554696559906,-1.199278712272644
0.5,False,False,False,False,lXPQBPVc5Cw,0.09546734593078554,0.13031611917694974,0.0348487732461642,-2.799999952316284,2,A,4,V,6,4,2,2,-1.0275814533233643,-1.0008516311645508,-0.9763930439949036,-0.941006064414978
0.5,False,False,False,False,lXPQBPVc5Cw,-0.21871185616907596,-0.2859900692045301,-0.06727821303545412,2.5999999046325684,3,A,4,V,7,5,2,2,-1.0228195190429688,-0.9925073981285095,-0.9728749394416809,-0.9326258301734924
0.5,False,False,False,False,lXPQBPVc5Cw,0.013565858958127563,0.03320380979789661,0.019637950839769047,-2.5999999046325684,4,A,4,AT,8,6,2,2,-0.9739920496940613,-0.9698258638381958,-0.9347628951072693,-0.9248228669166565
0.5,False,False,False,False,lXPQBPVc5Cw,-0.012639979950037628,-0.0189506108509363,-0.006310630900898673,-2.200000047683716,5,A,4,T,9,1,4,8,-1.2340693473815918,-1.240634560585022,-1.2108087539672852,-1.2204344272613525
0.5,False,False,False,False,lXPQBPVc5Cw,-0.0012968070697638723,-0.002189423164949744,-0.0008926160951858719,-1.7999999523162842,6,A,4,V,10,2,4,8,-1.4078056812286377,-1.4094624519348145,-1.400965929031372,-1.4037188291549683
0.5,False,False,False,False,lXPQBPVc5Cw,-0.0025681306933620363,-0.0038218304748767196,-0.0012536997815146833,-2.0,7,A,4,T,11,3,4,8,-1.4805009365081787,-1.4829785823822021,-1.4711817502975464,-1.4748077392578125
0.5,False,False,False,False,lXPQBPVc5Cw,-0.01085242741533321,-0.026500013587281046,-0.015647586171947836,2.799999952316284,8,A,4,TV,12,4,4,8,0.5146129727363586,0.5169885158538818,0.5483463406562805,0.5542386174201965
0.5,False,False,False,False,lXPQBPVc5Cw,-1.117432029551921,-1.1325012707842355,-0.015069241232314567,-2.200000047683716,5,A,8,AV,13,1,4,12,-0.8771648406982422,-1.4047259092330933,-0.8729240298271179,-1.407138466835022
0.5,False,False,False,False,lXPQBPVc5Cw,-0.11303965959369577,-0.18661807330850877,-0.073578413714813,-2.799999952316284,1,A,13,T,14,2,1,12,-1.6408708095550537,-1.6907025575637817,-1.583449125289917,-1.6627322435379028
0.5,False,False,False,False,lXPQBPVc5Cw,0.09039767307259972,0.10728494918614828,0.016887276113548566,0.20000000298023224,2,A,13,ATV,15,3,1,12,-0.45129236578941345,-0.5173419117927551,-0.4070535898208618,-0.48978185653686523
0.5,False,False,False,False,lXPQBPVc5Cw,0.19581654982914287,0.188802761769864,-0.00701378805927888,-1.7999999523162842,3,A,13,AT,16,1,2,15,0.6602646708488464,0.6997437477111816,0.6871975064277649,0.7248671650886536
0.5,False,False,False,False,lXPQBPVc5Cw,-0.07363758340477489,-0.07190551843268622,0.001732064972088665,-1.399999976158142,2,A,15,TV,17,1,1,16,-1.0529005527496338,-1.1835734844207764,-1.0571151971817017,-1.1863075494766235
0.5,False,False,False,False,lXPQBPVc5Cw,1.049944162662939,1.0787027919154752,0.02875862925253614,-1.7999999523162842,2,A,16,V,18,1,1,17,-0.6345343589782715,-0.24814486503601074,-0.6247463226318359,-0.23158550262451172
0.5,False,False,False,False,lXPQBPVc5Cw,0.4468405422952815,0.45093750131049504,0.004096959015213564,-1.7999999523162842,3,A,16,ATV,19,2,1,17,-0.5181264281272888,-0.3543027937412262,-0.5129536390304565,-0.34830242395401
0.5,False,False,False,False,lXPQBPVc5Cw,-0.17833070477348656,-0.27520081059090273,-0.09687010581741617,1.7999999523162842,3,V,17,AV,20,1,2,19,-0.6902796626091003,-0.6542131304740906,-0.6911274194717407,-0.6352648735046387
0.5,False,False,False,False,lXPQBPVc5Cw,-0.22710092312586028,-0.21741524287352476,0.009685680252335516,2.5999999046325684,1,A,20,AV,21,2,1,19,-0.7115342617034912,-0.6770654916763306,-0.7255210876464844,-0.6926699280738831
0.5,False,False,False,False,lXPQBPVc5Cw,0.09938740133179635,0.09573945059537436,-0.00364795073642199,-2.4000000953674316,2,A,20,A,22,3,1,19,-0.5363741517066956,-0.5098971724510193,-0.542008638381958,-0.5164206027984619
0.5,False,False,False,False,lXPQBPVc5Cw,0.001082168332686706,0.0008340893587046594,-0.0002480789739820466,-1.399999976158142,3,A,20,V,23,4,1,19,-1.3822734355926514,-1.3626315593719482,-1.3876664638519287,-1.368596076965332
0.5,False,False,False,False,lXPQBPVc5Cw,0.020687945491943083,0.01953167134493583,-0.0011562741470072524,-2.4000000953674316,4,A,20,T,24,5,1,19,-0.7751014828681946,-0.7687479853630066,-0.7799597382545471,-0.773942768573761
0.5,False,False,False,False,lXPQBPVc5Cw,0.03372941303879884,0.032044416891068295,-0.0016849961477305442,-2.799999952316284,5,A,20,V,25,6,1,19,-0.7132710814476013,-0.7052047848701477,-0.7171440720558167,-0.7094658017158508
0.5,False,False,False,False,lXPQBPVc5Cw,0.061780758267389047,0.060657405849958934,-0.0011233524174301124,-2.799999952316284,6,A,20,AV,26,7,1,19,-0.48618245124816895,-0.4728703498840332,-0.4877471625804901,-0.47466763854026794
0.5,False,False,False,False,lXPQBPVc5Cw,-0.0018050613464986043,-0.0016416185222283275,0.0001634428242702768,0.800000011920929,7,A,20,T,27,8,1,19,0.5102192759513855,0.5133507251739502,0.508840799331665,0.5116736888885498
0.5,False,False,False,False,lXPQBPVc5Cw,-0.0043970461477726985,-0.004533258936593398,-0.00013621278882069987,-1.2000000476837158,8,A,20,T,28,9,1,19,-0.671508252620697,-0.6756847500801086,-0.6738731265068054,-0.678199052810669
0.5,False,False,False,False,lXPQBPVc5Cw,-0.004475503048951168,-0.0046571205042766906,-0.00018161745532552231,-2.0,9,A,20,TV,29,10,1,19,-0.7465798258781433,-0.7483664155006409,-0.7481324076652527,-0.7499938607215881
0.5,False,False,False,False,cXypl4FnoZo,0.09946199604708394,0.09928653967145684,-0.00017545637562710326,-1.0,5,V,1,AT,6,1,4,5,-0.23679807782173157,-0.17420391738414764,-0.22996483743190765,-0.16798996925354004
0.5,False,False,False,False,cXypl4FnoZo,-0.2178067890014157,-0.2491346066924649,-0.0313278176910492,1.399999976158142,2,V,5,T,7,1,1,6,0.37760964035987854,0.4903433322906494,0.2363615334033966,0.3488483130931854
0.5,False,False,False,False,cXypl4FnoZo,-0.08608099671709102,-0.08596917100928092,0.00011182570781009815,1.2000000476837158,3,V,5,TV,8,2,1,6,0.4928831160068512,0.5566235184669495,0.4234241247177124,0.48090270161628723
0.5,False,False,False,False,cXypl4FnoZo,0.03697064477381673,0.037396401053229056,0.00042575627941232597,2.0,3,A,6,AT,9,1,2,8,1.3230459690093994,1.2962689399719238,1.338218092918396,1.3105424642562866
0.5,False,True,False,True,cXypl4FnoZo,1.4895867448065836,1.4653005939505306,-0.024286150856053013,1.399999976158142,2,V,8,V,10,1,1,9,0.10738867521286011,-0.37776005268096924,0.13810855150222778,-0.34861963987350464
0.5,False,False,False,False,cXypl4FnoZo,0.37413410238893974,0.3561999935886355,-0.017934108800304216,2.0,3,V,8,TV,11,2,1,9,1.0870479345321655,0.9010843634605408,1.09710693359375,0.9176803231239319
0.5,False,False,False,False,cXypl4FnoZo,-0.024882413610508358,-0.023119039567127686,0.0017633740433806722,-1.0,3,A,9,ATV,12,1,2,11,-0.43761390447616577,-0.46018919348716736,-0.4282558262348175,-0.4488445222377777
0.5,False,False,False,False,cXypl4FnoZo,0.2131595389974849,0.21971082552686716,0.00655128652938225,-0.6000000238418579,2,V,11,AT,13,1,1,12,0.038734741508960724,0.1881253719329834,0.09029625356197357,0.23439782857894897
0.5,False,False,False,False,cXypl4FnoZo,-0.00044998662430928427,-0.004143595277424916,-0.003693608653115632,0.0,2,A,12,TV,14,1,1,13,-0.18205316364765167,-0.18081307411193848,-0.18559794127941132,-0.174077570438385
0.5,False,False,False,False,cXypl4FnoZo,0.03621468115841697,0.03912099071844377,0.0029063095600267985,-0.6000000238418579,2,A,13,AV,15,1,1,14,-0.374225914478302,-0.3047228157520294,-0.36521920561790466,-0.29300975799560547
0.5,False,False,False,False,cXypl4FnoZo,0.01338699150370104,0.013110853593933491,-0.0002761379097675487,-0.6000000238418579,1,A,15,V,16,2,1,14,-0.4946768581867218,-0.4435392916202545,-0.5062074065208435,-0.45198681950569153
0.5,False,False,False,False,cXypl4FnoZo,-0.013451334584018149,-0.015575555401045271,-0.0021242208170271226,-0.25,2,A,15,V,17,3,1,14,-0.40679025650024414,-0.35550758242607117,-0.41990453004837036,-0.36529091000556946
0.5,False,False,False,False,cXypl4FnoZo,-0.007828406807622201,-0.009160344983467184,-0.0013319381758449822,0.800000011920929,3,A,15,T,18,4,1,14,0.5226356983184814,0.537126362323761,0.5149871706962585,0.5315377712249756
0.5,False,False,False,False,cXypl4FnoZo,0.005346007584630108,0.006540422932936885,0.0011944153483067765,-1.0,4,A,15,TV,19,5,1,14,-0.43772855401039124,-0.432994544506073,-0.4473334550857544,-0.4414476454257965
0.5,False,False,False,False,cXypl4FnoZo,0.0738355774537851,0.07202206949202261,-0.001813507961762495,-0.6000000238418579,5,A,15,A,20,1,4,19,-0.32951149344444275,-0.21659472584724426,-0.3352207839488983,-0.22299854457378387
0.5,False,False,False,False,cXypl4FnoZo,-0.08155591800689671,-0.08200097648974752,-0.00044505848285081306,0.20000000298023224,6,A,15,A,21,2,4,19,-0.21484041213989258,-0.10089308768510818,-0.21824662387371063,-0.10484301298856735
0.5,False,False,False,False,cXypl4FnoZo,0.01886804608717796,0.01871834118966831,-0.00014970489750965044,0.4000000059604645,7,A,15,T,22,3,4,19,0.6809751987457275,0.7127540707588196,0.6781744360923767,0.7099989652633667
0.5,False,False,False,False,cXypl4FnoZo,-0.003702384824879834,-0.003965036789395748,-0.0002626519645159142,0.20000000298023224,8,A,15,A,23,4,4,19,0.1380847841501236,0.1885496973991394,0.13550922274589539,0.1860707551240921
0.5,False,False,False,False,cXypl4FnoZo,0.02660529582732507,0.026534048856577952,-7.124697074711861e-05,-1.2000000476837158,9,A,15,TV,24,5,4,19,-0.18026216328144073,-0.16729938983917236,-0.18240849673748016,-0.16945329308509827
0.5,False,False,False,False,cXypl4FnoZo,-0.32221494164174125,-0.31812679316590486,0.004088148475836384,0.6000000238418579,6,V,19,AV,25,1,5,24,-0.25700703263282776,-0.04206395521759987,-0.24699825048446655,-0.03188547492027283
0.5,True,False,True,False,cXypl4FnoZo,-0.3561683466897224,-0.36298161493351433,-0.0068132682437919145,0.800000011920929,1,A,25,AV,26,2,1,24,-0.1682439148426056,0.03755135461688042,-0.16789235174655914,0.0424816869199276
0.5,False,False,False,False,cXypl4FnoZo,0.5679606049658767,0.5822600488443754,0.014299443878498685,-2.200000047683716,2,A,25,V,27,3,1,24,-0.558089017868042,-0.39339205622673035,-0.5598378777503967,-0.391024649143219
0.5,False,False,False,False,cXypl4FnoZo,0.4167745455743195,0.4277100468926447,0.010935501318325214,-1.399999976158142,3,A,25,V,28,4,1,24,-0.3009978234767914,-0.12540973722934723,-0.3030310571193695,-0.12287396192550659
0.5,False,False,False,False,c7UH_rxdZv4,0.027538640826278993,0.0466963473991342,0.019157706572855204,-0.800000011920929,2,A,0,V,2,1,1,1,-0.7482503056526184,-0.6261705756187439,-0.7017486691474915,-0.562619149684906
0.5,False,False,False,False,c7UH_rxdZv4,-0.05638544966664938,-0.048914670969807617,0.007470778696841762,1.600000023841858,3,A,0,AT,3,2,1,1,1.1139894723892212,1.1759471893310547,1.1664066314697266,1.227054238319397
0.5,False,False,False,False,c7UH_rxdZv4,-1.3141079169119996,-1.3724176325374655,-0.05830971562546594,-2.200000047683716,3,V,1,AT,4,1,2,3,0.5594637393951416,0.31008610129356384,0.61812824010849,0.36308977007865906
0.5,False,False,False,False,c7UH_rxdZv4,-0.16585602697190893,-0.2790460886157424,-0.1131900616438335,-2.5999999046325684,2,A,3,AV,5,1,1,4,-0.196437805891037,-0.23119118809700012,-0.20758545398712158,-0.2666330635547638
0.5,False,False,False,False,c7UH_rxdZv4,-0.050213031974681854,-0.0510737074378369,-0.0008606754631550473,-3.0,1,A,5,T,6,2,1,4,-0.9204640984535217,-0.9325724840164185,-0.9059428572654724,-0.9181734919548035
0.5,False,False,False,False,c7UH_rxdZv4,-0.05094571613248533,-0.049139216948194786,0.0018064991842905442,-2.799999952316284,2,A,5,A,7,3,1,4,-0.8239432573318481,-0.8368763327598572,-0.8176402449607849,-0.830073356628418
0.5,False,False,False,False,c7UH_rxdZv4,0.0032623384025356472,0.0031240567470405267,-0.0001382816554951205,-0.4000000059604645,3,A,5,AV,8,4,1,4,-0.5680609345436096,-0.5775015950202942,-0.5662796497344971,-0.5754222869873047
0.5,False,False,False,False,c7UH_rxdZv4,0.003351831874965683,0.0033657786585736815,1.3946783607998725e-05,0.800000011920929,4,A,5,T,9,5,1,4,-0.2056538164615631,-0.20731893181800842,-0.20231258869171143,-0.20399019122123718
0.5,False,False,False,False,c7UH_rxdZv4,0.014815165798268026,0.014227034319265641,-0.000588131479002385,1.0,5,A,5,AV,10,6,1,4,-0.8636118173599243,-0.8675824403762817,-0.863237738609314,-0.8670516610145569
0.5,False,False,False,False,c7UH_rxdZv4,-1.4421796834085399e-05,-0.0001934625974087112,-0.0001790408005746258,-2.799999952316284,6,A,5,AT,11,7,1,4,-1.3597736358642578,-1.359778642654419,-1.358685851097107,-1.358752965927124
0.5,False,False,False,False,c7UH_rxdZv4,0.20619070693568986,0.21666102204484616,0.010470315109156303,-2.5999999046325684,2,A,10,ATV,12,1,1,11,-0.9851588010787964,-0.9225308299064636,-0.9761962890625,-0.9107991456985474
0.5,False,False,False,False,c7UH_rxdZv4,-0.0208414106035697,-0.023373917012065704,-0.0025325064084960047,1.2000000476837158,2,A,11,ATV,13,1,1,12,0.6074272990226746,0.625281810760498,0.6134869456291199,0.6337636113166809
0.5,False,False,False,False,c7UH_rxdZv4,-0.16634843225865836,-0.1657140133639956,0.0006344188946627582,-2.4000000953674316,2,A,12,AT,14,1,1,13,-1.2173608541488647,-1.2899158000946045,-1.2162731885910034,-1.2884716987609863
0.5,False,False,False,False,c7UH_rxdZv4,0.9041274991046011,0.8754290882865234,-0.02869841081807767,-2.0,2,A,13,A,15,1,1,14,-0.5977512001991272,-0.30576589703559875,-0.5604718923568726,-0.2831219434738159
0.5,False,False,False,False,c7UH_rxdZv4,0.6892825552210768,0.6690318851404191,-0.02025067008065773,-1.399999976158142,3,A,13,A,16,2,1,14,-0.3911058306694031,-0.09342049062252045,-0.3547661006450653,-0.07276761531829834
0.5,False,False,False,False,c7UH_rxdZv4,0.20348867410040938,0.19556878484932483,-0.007919889251084555,-2.25,4,A,13,T,17,3,1,14,-0.9136680960655212,-0.8395845890045166,-0.8846580386161804,-0.8148249387741089
0.5,False,False,False,False,c7UH_rxdZv4,0.16263014274713328,0.16009691043064223,-0.002533232316491052,-1.7999999523162842,5,A,13,A,18,4,1,14,-0.9941039681434631,-0.8988348841667175,-0.9605951309204102,-0.8701089024543762
0.5,False,False,False,False,c7UH_rxdZv4,0.06232138560106293,0.06115071104838421,-0.0011706745526787188,-1.7999999523162842,6,A,13,AT,19,5,1,14,-0.7687806487083435,-0.7389935255050659,-0.7440010905265808,-0.7154335379600525
0.5,False,False,False,False,c7UH_rxdZv4,0.09317147751075061,0.09688304504923195,0.003711567538481342,-0.800000011920929,6,A,14,AT,20,1,5,19,0.19639365375041962,0.24209970235824585,0.1995237171649933,0.2468670904636383
0.5,False,False,False,False,c7UH_rxdZv4,-0.2749290979128567,-0.2735930344969155,0.0013360634159411688,-2.4000000953674316,2,A,19,T,21,1,1,20,-0.785926103591919,-0.8734661936759949,-0.7964473366737366,-0.8841543197631836
0.5,False,False,False,False,c7UH_rxdZv4,0.0014358049750491375,0.001953384955186266,0.0005175799801371284,-0.6000000238418579,3,A,19,A,22,2,1,20,-0.5503896474838257,-0.6624259352684021,-0.5528259873390198,-0.6646434664726257
0.5,False,False,False,False,c7UH_rxdZv4,-0.09810881272815308,-0.09641624693180617,0.001692565796346912,-1.7999999523162842,4,A,19,V,23,3,1,20,-0.9196336269378662,-0.9772387146949768,-0.921859622001648,-0.9785900712013245
0.5,False,False,False,False,c7UH_rxdZv4,-0.03430543950111442,-0.034040023440496725,0.00026541606061769585,0.0,5,A,19,T,24,4,1,20,0.699424684047699,0.674454927444458,0.6974604725837708,0.672615110874176
0.5,False,False,False,False,c7UH_rxdZv4,-0.014909536807124368,-0.01642026755206416,-0.0015107307449397922,-2.5999999046325684,6,A,19,AT,25,5,1,20,-0.694500744342804,-0.6984170079231262,-0.6966235041618347,-0.7009418606758118
0.5,False,False,False,False,c7UH_rxdZv4,-0.22637263754412862,-0.23526818147294204,-0.00889554392881342,-1.7999999523162842,6,A,20,T,26,1,5,25,0.09093523770570755,0.0300992950797081,0.09216013550758362,0.028934605419635773
0.5,False,False,False,False,c7UH_rxdZv4,-0.016305879469953766,-0.016924801703222414,-0.0006189222332686484,-0.800000011920929,7,A,20,ATV,27,2,5,25,-0.5084185004234314,-0.5378666520118713,-0.5073187947273254,-0.5378216505050659
0.5,False,False,False,False,c7UH_rxdZv4,-0.008240086752608455,-0.007922530066799993,0.0003175566858084622,0.6000000238418579,3,A,25,TV,28,1,2,27,0.4690891206264496,0.5056730508804321,0.4656012952327728,0.4993000328540802
0.5,False,False,False,False,c7UH_rxdZv4,1.1397101195187247,1.1488157710740232,0.009105651555298522,1.2000000476837158,2,A,27,V,29,1,1,28,-0.72933030128479,-1.005000114440918,-0.7230643630027771,-1.0015885829925537
0.5,False,False,False,False,c7UH_rxdZv4,-0.19258126520176155,-0.1937050358683523,-0.001123770666590751,-1.399999976158142,3,A,27,T,30,2,1,28,-0.09887827932834625,-0.17511777579784393,-0.0964023768901825,-0.17294591665267944
0.5,False,False,False,False,c7UH_rxdZv4,-0.37347867603600093,-0.3774257082450738,-0.003947032209072887,-2.200000047683716,4,A,27,AV,31,3,1,28,-0.5595925450325012,-0.6776800751686096,-0.554297149181366,-0.6732674837112427
0.5,False,False,False,False,c7UH_rxdZv4,-0.05258767895914218,-0.052819534872114104,-0.00023185591297192332,-1.7999999523162842,5,A,27,ATV,32,4,1,28,-1.0765000581741333,-1.1138043403625488,-1.0749132633209229,-1.1123000383377075
0.6,False,False,False,False,f9O3YtZ2VfI,0.16361049720518395,0.18519499860538247,0.02158450140019852,-1.7999999523162842,4,A,3,T,7,1,3,6,-1.2739593982696533,-1.1364269256591797,-1.229630947113037,-1.0854960680007935
0.6,False,True,False,False,f9O3YtZ2VfI,0.9871143415143546,1.083403636156679,0.09628929464232439,-2.200000047683716,5,A,3,V,8,2,3,6,-0.012963047251105309,0.2021334171295166,0.05276264250278473,0.2816009223461151
0.6,False,False,False,False,f9O3YtZ2VfI,0.7980025550546799,0.8171979759826309,0.019195420927951012,-2.0,6,A,3,A,9,3,3,6,0.17816615104675293,0.35423243045806885,0.19550371170043945,0.37432822585105896
0.6,False,False,False,False,f9O3YtZ2VfI,0.4531698204241843,0.47560998005919597,0.02244015963501167,-0.800000011920929,7,A,3,V,10,4,3,6,0.23202361166477203,0.4321698546409607,0.2528408467769623,0.4586039185523987
0.6,False,False,False,False,f9O3YtZ2VfI,0.6766677592336343,0.688097198331465,0.011429439097830674,-1.7999999523162842,8,A,3,A,11,5,3,6,0.34455615282058716,0.4969085454940796,0.34668657183647156,0.5013822913169861
0.6,False,False,False,False,f9O3YtZ2VfI,0.6485198004178385,0.6623543004628476,0.01383450004500908,-1.600000023841858,9,A,3,V,12,6,3,6,0.01373952254652977,0.20351740717887878,0.013865428045392036,0.2074611783027649
0.6,False,False,False,False,f9O3YtZ2VfI,-0.39484256380142213,-0.4022059102985809,-0.0073633464971587514,1.2000000476837158,10,A,3,V,13,7,3,6,0.0616261288523674,0.25076213479042053,0.06096354126930237,0.25385087728500366
0.6,False,True,False,True,f9O3YtZ2VfI,0.41329266211865856,0.42110388052305714,0.007811218404398579,-1.2000000476837158,11,A,3,V,14,8,3,6,-0.16873233020305634,0.01523892767727375,-0.17030711472034454,0.01711597666144371
0.6,False,False,False,False,f9O3YtZ2VfI,0.28265583040309683,0.2818935902490358,-0.0007622401540610113,-1.0,12,A,3,AV,15,9,3,6,-0.37551775574684143,-0.17985738813877106,-0.38548123836517334,-0.18788738548755646
0.6,False,False,False,False,f9O3YtZ2VfI,0.6362545393052992,0.6364961949138248,0.00024165560852562606,-2.0,13,A,3,AV,16,10,3,6,-0.4409295320510864,-0.24872753024101257,-0.4534563720226288,-0.2598007619380951
0.6,False,False,False,False,f9O3YtZ2VfI,-0.01828972229706949,-0.018743351581761658,-0.0004536292846921697,-1.0,14,A,3,T,17,11,3,6,-1.274972677230835,-1.239416480064392,-1.2767473459243774,-1.240511417388916
0.6,False,False,False,False,f9O3YtZ2VfI,-0.02642028566723198,-0.027264080976660665,-0.0008437953094286854,-0.6000000238418579,15,A,3,AV,18,12,3,6,-0.8344725966453552,-0.7689884901046753,-0.8389745950698853,-0.7727563977241516
0.6,False,False,False,False,f9O3YtZ2VfI,-0.013953079398675072,-0.014227986672906923,-0.00027490727423185035,-0.4000000059604645,16,A,3,T,19,13,3,6,-1.1452884674072266,-1.1358680725097656,-1.1454447507858276,-1.135839581489563
0.6,False,False,False,False,f9O3YtZ2VfI,-0.0005824362078783452,-0.00043304969555890693,0.00014938651231943822,2.0,17,A,3,T,20,14,3,6,1.2994152307510376,1.2998310327529907,1.300983190536499,1.3012930154800415
0.6,False,False,False,False,f9O3YtZ2VfI,3.7543960658581454e-05,4.6403437536923775e-05,8.85947687834232e-06,1.399999976158142,18,A,3,T,21,15,3,6,1.3586878776550293,1.3582359552383423,1.3602007627487183,1.3596220016479492
0.6,False,False,False,False,f9O3YtZ2VfI,0.0004359414792247662,0.0005707068869327259,0.00013476540770795964,1.600000023841858,19,A,3,AT,22,16,3,6,1.2344573736190796,1.2338615655899048,1.2355506420135498,1.2347685098648071
0.6,False,False,False,False,f9O3YtZ2VfI,-0.11564155411785748,-0.1268457416322235,-0.011204187514366026,-2.5999999046325684,5,A,18,T,23,1,4,22,-1.079350233078003,-1.1178616285324097,-1.0522892475128174,-1.093825101852417
0.6,False,False,False,False,f9O3YtZ2VfI,-0.1786664269860836,-0.18935296372578714,-0.010686536739703545,-1.399999976158142,6,A,18,A,24,2,4,22,-0.04062160849571228,-0.10800805687904358,-0.026453765109181404,-0.09720443189144135
0.6,False,False,False,False,f9O3YtZ2VfI,0.11319350852874166,0.1215652956689881,0.008371787140246445,1.399999976158142,7,A,18,V,25,3,4,22,0.18805672228336334,0.14222417771816254,0.18930046260356903,0.1400957703590393
0.6,False,False,False,False,f9O3YtZ2VfI,-8.857476792911712e-05,-2.0364973352116067e-05,6.820979457700105e-05,1.600000023841858,8,A,18,T,26,4,4,22,1.3820042610168457,1.3822075128555298,1.3864339590072632,1.3864816427230835
0.6,False,False,False,False,f9O3YtZ2VfI,0.005534729074071265,0.005974519484698959,0.00043979041062769397,1.2000000476837158,9,A,18,V,27,5,4,22,0.8316164612770081,0.8241793513298035,0.8331767320632935,0.8251215815544128
0.6,False,False,False,False,f9O3YtZ2VfI,-0.05884425303599361,-0.06378546397633045,-0.004941210940336838,-2.0,10,A,18,V,28,6,4,22,0.3689498007297516,0.3564971685409546,0.369678258895874,0.35618114471435547
0.6,False,False,False,False,f9O3YtZ2VfI,0.0017513399846507127,0.0020381645602043363,0.0002868245755536236,-1.0,11,A,18,T,29,7,4,22,-1.4469828605651855,-1.4489376544952393,-1.4379315376281738,-1.440252423286438
0.6,False,True,False,True,wMbj6ajWbic,1.9482400351430362,1.946890201352823,-0.0013498337902131397,-1.7999999523162842,6,A,3,A,9,1,5,8,-0.4491364061832428,0.1424398422241211,-0.4450554847717285,0.14493313431739807
0.6,False,False,False,False,wMbj6ajWbic,-0.8019484566773372,-0.8065282674227703,-0.004579810745433122,0.4000000059604645,7,A,3,T,10,2,5,8,-1.9816771745681763,-1.806906819343567,-1.9789661169052124,-1.8029415607452393
0.6,False,False,False,False,wMbj6ajWbic,-0.07329258683904882,-0.07233573898161083,0.0009568478574379924,1.600000023841858,8,A,3,AT,11,3,5,8,0.6786981225013733,0.7193726301193237,0.6848260760307312,0.725238561630249
0.6,False,True,False,True,wMbj6ajWbic,5.00321795784788,4.997161773702093,-0.006056184145787569,2.0,4,A,8,A,12,1,3,11,0.5426121354103088,-0.6696811318397522,0.5572032928466797,-0.6606059670448303
0.6,False,False,False,False,wMbj6ajWbic,0.5126452553605532,0.5108534836240324,-0.0017917717365207864,-0.800000011920929,5,A,8,AT,13,2,3,11,-1.1852679252624512,-1.6130661964416504,-1.1694878339767456,-1.6045960187911987
0.6,False,False,False,False,wMbj6ajWbic,-5.1410945113187045,-4.699564631879794,0.4415298794389102,2.0,3,A,11,A,14,1,2,13,-1.0919111967086792,-0.10209903120994568,-1.1202383041381836,-0.24417522549629211
0.6,False,False,False,False,wMbj6ajWbic,-0.6752325786140432,-0.6462495490232811,0.028983029590762044,-0.4000000059604645,4,A,11,ATV,15,2,2,13,-1.4147248268127441,-0.9953435063362122,-1.429535150527954,-1.0431897640228271
0.6,False,False,False,False,wMbj6ajWbic,-1.1250126890566001,-1.1961378210228304,-0.07112513196623027,2.0,3,A,13,V,16,1,2,15,-1.0958890914916992,-0.9085248112678528,-1.0927681922912598,-0.8929357528686523
0.6,False,False,False,False,wMbj6ajWbic,0.11886577951070332,0.12357725705001754,0.004711477539314224,-1.0,4,A,13,T,17,2,2,15,-0.21002422273159027,-0.1380675733089447,-0.20648474991321564,-0.13210386037826538
0.6,False,False,False,False,wMbj6ajWbic,-0.09583577307182622,-0.10034470645980775,-0.0045089333879815285,-0.6000000238418579,5,A,13,V,18,3,2,15,-1.152207374572754,-1.0572714805603027,-1.1503698825836182,-1.0500692129135132
0.6,False,False,False,False,wMbj6ajWbic,-0.01568134666494103,-0.015389033348552239,0.00029231331638879254,-0.4000000059604645,6,A,13,V,19,4,2,15,-0.5254347920417786,-0.4072483777999878,-0.5240525603294373,-0.40005382895469666
0.6,False,False,False,False,wMbj6ajWbic,-0.4475615358336569,-0.4660079519973692,-0.018446416163712342,1.600000023841858,7,A,13,A,20,5,2,15,-0.4353311061859131,-0.3222411870956421,-0.43415534496307373,-0.3161889314651489
0.6,False,False,False,False,wMbj6ajWbic,-0.4147577004871401,-0.43261667514270297,-0.017858974655562854,1.399999976158142,8,A,13,A,21,6,2,15,-0.500536322593689,-0.38809412717819214,-0.49875617027282715,-0.3811957538127899
0.6,False,False,False,False,wMbj6ajWbic,-0.5857211327427265,-0.6163462918234233,-0.03062515908069674,1.7999999523162842,9,A,13,V,22,7,2,15,-0.4860515892505646,-0.354138046503067,-0.4819663465023041,-0.34266752004623413
0.6,False,False,False,False,wMbj6ajWbic,-0.008352882626283531,-0.008612536860539421,-0.0002596542342558905,1.399999976158142,10,A,13,T,23,8,2,15,1.1527782678604126,1.1702921390533447,1.153420090675354,1.1715506315231323
0.6,False,False,False,False,wMbj6ajWbic,-0.15390780932396453,-0.1594554989477821,-0.0055476896238175755,2.0,11,A,13,V,24,9,2,15,0.4794729948043823,0.5309545397758484,0.4810360074043274,0.5344638824462891
0.6,False,False,False,False,wMbj6ajWbic,-0.11973096253834115,-0.12428204727200409,-0.004551084733662947,1.7999999523162842,12,A,13,A,25,10,2,15,0.5307580828666687,0.5788349509239197,0.5313473343849182,0.5813131928443909
0.6,False,False,False,False,wMbj6ajWbic,-0.010209069533817505,-0.01071406738902514,-0.000504997855207634,0.0,13,A,13,TV,26,11,2,15,-0.2683493494987488,-0.24860069155693054,-0.2665833532810211,-0.2456676959991455
0.6,False,False,False,False,wMbj6ajWbic,-2.005335059765444,-2.0064668054501738,-0.0011317456847299567,2.4000000953674316,12,A,15,A,27,1,11,26,0.17581012845039368,0.6848657131195068,0.17564024031162262,0.6849753260612488
0.6,False,False,False,False,wMbj6ajWbic,-0.053330781906197444,-0.05344066283068116,-0.00010988092448371845,1.7999999523162842,13,A,15,AT,28,2,11,26,1.3272488117218018,1.3874919414520264,1.326666235923767,1.3869574069976807
0.6,False,False,False,False,wMbj6ajWbic,-0.11553858230450942,-0.11677400697297458,-0.001235424668465157,0.800000011920929,3,V,26,TV,29,1,2,28,1.3407008647918701,1.2204983234405518,1.3425487279891968,1.221408486366272
0.6,False,False,False,False,vvZ4IcEtiZc,0.46100871251248066,0.430576685349493,-0.03043202716298765,1.2000000476837158,2,V,2,V,4,1,1,3,1.1954548358917236,0.5210086107254028,1.1984436511993408,0.5438147783279419
0.6,False,True,False,True,vvZ4IcEtiZc,1.1144548539464696,1.110978968477724,-0.0034758854687455543,1.0,3,V,2,A,5,2,1,3,0.5566287636756897,-0.14500345289707184,0.5442238450050354,-0.14835137128829956
0.6,False,False,False,False,vvZ4IcEtiZc,0.7970236808635756,0.754167179934484,-0.042856500929091546,1.399999976158142,4,V,2,V,6,3,1,3,1.1102092266082764,0.4613827168941498,1.1097780466079712,0.48436033725738525
0.6,False,False,False,False,vvZ4IcEtiZc,-0.2364733465048836,-0.22799005429252261,0.008483292212360993,-1.5,5,V,2,AT,7,4,1,3,-0.8192265629768372,-1.0235767364501953,-0.8298575282096863,-1.0297863483428955
0.6,False,False,False,False,vvZ4IcEtiZc,-0.030781239723864928,-0.024005859291037268,0.00677538043282766,2.200000047683716,5,V,3,AT,8,1,4,7,1.2568962574005127,1.2733590602874756,1.2620214223861694,1.2749065160751343
0.6,False,False,False,False,vvZ4IcEtiZc,-0.7596553765389125,-0.7603474636363607,-0.0006920870974482796,-2.0,2,A,7,TV,9,1,1,8,-0.5535604953765869,-0.8456465601921082,-0.542199969291687,-0.8317391276359558
0.6,False,False,False,False,vvZ4IcEtiZc,-0.523668984844655,-0.5010962631277702,0.022572721716884736,1.600000023841858,2,A,8,T,10,1,1,9,0.0860234871506691,0.27016696333885193,0.11462954431772232,0.2941557765007019
0.6,False,False,False,False,vvZ4IcEtiZc,-0.04158623729694,-0.03696408574550336,0.004622151551436637,0.20000000298023224,3,A,8,T,11,2,1,9,-0.1470891535282135,-0.08086410164833069,-0.11682815849781036,-0.051825329661369324
0.6,False,False,False,False,d3_k5Xpfmik,0.027563834905377504,0.027043775004664816,-0.0005200599007126883,0.4000000059604645,2,A,7,T,9,1,1,8,0.24987994134426117,0.1761700063943863,0.2507481873035431,0.1779192090034485
0.6,False,False,False,False,d3_k5Xpfmik,0.024064070503470703,0.0229095572610305,-0.0011545132424402027,2.4000000953674316,3,A,7,ATV,10,2,1,8,1.1688945293426514,1.1591596603393555,1.170459508895874,1.1611782312393188
0.6,False,False,False,False,d3_k5Xpfmik,-0.28981845180391375,-0.27623395257108374,0.013584499232830005,2.0,3,A,8,A,11,1,2,10,0.5000343918800354,0.5999720096588135,0.49143514037132263,0.5859512090682983
0.6,False,False,False,False,d3_k5Xpfmik,-0.04381036762403312,-0.042564678021804525,0.0012456896022285946,2.200000047683716,4,A,8,T,12,2,2,10,1.2485383749008179,1.2718465328216553,1.2447329759597778,1.2672779560089111
0.6,True,False,True,False,d3_k5Xpfmik,-0.09032345243110784,-0.08819645622305572,0.002126996208052123,2.0,5,A,8,TV,13,3,2,10,-0.017838140949606895,0.0046686213463544846,-0.020733796060085297,0.001208210363984108
0.6,False,False,False,False,d3_k5Xpfmik,-3.1533108396489835,-3.2014619612217725,-0.048151121572789,2.5999999046325684,4,A,10,V,14,1,3,13,0.07936892658472061,0.8110701441764832,0.06834228336811066,0.8089587688446045
0.6,False,False,False,False,d3_k5Xpfmik,-0.04616548042031354,-0.047180723370502164,-0.0010152429501886218,2.0,5,A,10,ATV,15,2,3,13,1.5858585834503174,1.6459553241729736,1.5840120315551758,1.6452250480651855
0.6,False,False,False,False,d3_k5Xpfmik,1.9186077050650812,1.9105829293185588,-0.008024775746522383,1.600000023841858,3,V,13,V,16,1,2,15,0.977423369884491,0.08137913793325424,0.97712641954422,0.08390159159898758
0.6,False,False,False,False,d3_k5Xpfmik,-0.06553541728324674,-0.06706661780920697,-0.0015312005259602302,0.800000011920929,4,V,13,A,17,2,2,15,1.159895420074463,0.5470389723777771,1.1601344347000122,0.5497397780418396
0.6,False,False,False,False,d3_k5Xpfmik,-0.5075086091338932,-0.5077820613348205,-0.0002734522009273377,0.20000000298023224,5,V,13,A,18,3,2,15,0.9124827980995178,0.18890386819839478,0.9126375913619995,0.1916172206401825
0.6,False,False,False,False,vyB00TXsimI,-0.24900987076757986,-0.23050907013657707,0.01850080063100279,2.0,1,A,4,T,5,4,3,1,0.7378309965133667,0.8406636714935303,0.7516574859619141,0.8476762771606445
0.6,False,False,False,False,vyB00TXsimI,-0.03680985075106946,-0.03217053391087177,0.004639316840197694,2.4000000953674316,2,A,4,T,6,5,3,1,1.4667699337005615,1.4867045879364014,1.477923035621643,1.4955358505249023
0.6,False,False,False,False,vyB00TXsimI,-0.01686114521322679,-0.01384142814286804,0.0030197170703587517,2.5999999046325684,3,A,4,AT,7,6,3,1,1.3544528484344482,1.3612399101257324,1.3672304153442383,1.3728572130203247
0.6,False,False,False,False,vyB00TXsimI,-0.45451869180810434,-0.46637461980190675,-0.011855927993802418,-0.25,4,A,4,V,8,1,3,7,0.7061173915863037,0.4279688596725464,0.7138856053352356,0.43022117018699646
0.6,False,False,False,False,vyB00TXsimI,0.4104521811328725,0.41675242023760806,0.006300239104735539,1.3333333730697632,5,A,4,V,9,2,3,7,0.7581108212471008,0.4723263084888458,0.7649327516555786,0.47319868206977844
0.6,False,False,False,False,vyB00TXsimI,-0.4525050852768864,-0.46380467312648044,-0.011299587849594062,-0.20000000298023224,6,A,4,AV,10,3,3,7,0.9781865477561951,0.7672737240791321,0.9748856425285339,0.7573670148849487
0.6,False,False,False,False,vyB00TXsimI,-0.07308373115309763,-0.07350079660945141,-0.00041706545635378234,0.20000000298023224,1,A,10,ATV,11,4,3,7,0.8324772715568542,0.7717899680137634,0.8250842094421387,0.7632312774658203
0.6,False,False,False,False,vyB00TXsimI,-0.17859048228443086,-0.1700352794807296,0.008555202803701256,2.4000000953674316,2,A,10,AV,12,1,1,11,0.4981588125228882,0.5457051396369934,0.4939251244068146,0.5390630960464478
0.6,False,False,False,False,vyB00TXsimI,-0.027032590008488455,-0.023107809026896575,0.00392478098159188,2.0,1,A,12,AT,13,2,1,11,1.2333812713623047,1.2512198686599731,1.2301270961761475,1.245283842086792
0.6,False,False,False,False,vyB00TXsimI,1.610200897741418,1.6726745286771347,0.062473630935716784,2.5999999046325684,2,A,12,A,14,1,1,13,0.782545268535614,0.38339388370513916,0.7781013250350952,0.36572396755218506
0.6,False,False,False,False,vyB00TXsimI,0.07420137900446525,0.07751897412719005,0.003317595122724809,0.4000000059604645,3,A,12,TV,15,2,1,13,0.15431031584739685,0.033169250935316086,0.15035393834114075,0.026045285165309906
0.6,False,False,False,False,vyB00TXsimI,-0.10737309310201582,-0.10878456504261536,-0.0014114719405995402,1.399999976158142,3,A,13,AT,16,1,2,15,0.9660057425498962,1.1154338121414185,0.9613905549049377,1.1108742952346802
0.6,False,False,False,False,vyB00TXsimI,0.05110418830484775,0.05370108689612607,0.0025968985912783182,2.4000000953674316,2,V,15,ATV,17,1,1,16,1.5739160776138306,1.5435428619384766,1.574046015739441,1.542153239250183
0.6,False,False,False,False,vyB00TXsimI,0.45808291604835816,0.4580302405119596,-5.2675536398538725e-05,1.2000000476837158,2,A,16,A,18,1,1,17,0.7927078008651733,0.4100823998451233,0.7932920455932617,0.410416841506958
0.6,False,False,False,False,vyB00TXsimI,0.11799916544420341,0.11728708721300052,-0.000712078231202895,2.200000047683716,3,A,16,TV,19,2,1,17,1.40999436378479,1.3385430574417114,1.4109121561050415,1.3397984504699707
0.6,False,False,False,False,vyB00TXsimI,-0.006357184634921964,-0.006222458766913519,0.0001347258680084451,1.2000000476837158,3,A,17,TV,20,1,2,19,1.341955304145813,1.317448377609253,1.3357311487197876,1.3104557991027832
0.6,False,False,False,False,vyB00TXsimI,0.031710331279040105,0.027353803574865054,-0.0043565277041750505,0.6000000238418579,2,V,19,V,21,1,1,20,0.8991801142692566,0.9481652975082397,0.8970922827720642,0.9400259256362915
0.6,False,False,False,False,fvVhgmXxadc,-0.010684405630243532,-0.011446458577793805,-0.0007620529475502735,-2.799999952316284,3,A,0,T,3,1,2,2,-1.822942852973938,-1.8284258842468262,-1.8299373388290405,-1.83585524559021
0.6,False,False,False,False,fvVhgmXxadc,0.016449133508871228,0.019142623211493515,0.002693489702622287,0.0,4,A,0,V,4,2,2,2,-0.7636125683784485,-0.7743082642555237,-0.7553583383560181,-0.7679250240325928
0.6,False,False,False,False,fvVhgmXxadc,-0.004977480747832885,-0.005535366632117178,-0.0005578858842842926,-0.20000000298023224,5,A,0,T,5,3,2,2,-2.0459163188934326,-2.044567584991455,-2.0545480251312256,-2.0530550479888916
0.6,False,False,False,False,fvVhgmXxadc,-5.3219378969515674e-05,-0.00013781932365120042,-8.459994468168475e-05,-1.0,6,A,0,V,6,4,2,2,-0.9925071597099304,-0.9982902407646179,-0.986176609992981,-0.9927015900611877
0.6,False,False,False,False,fvVhgmXxadc,0.0015777255131865786,0.0016484155042206794,7.068999103410079e-05,-0.5,7,A,0,V,7,5,2,2,-0.6018131375312805,-0.6092869639396667,-0.5913704633712769,-0.599984884262085
0.6,False,False,False,False,fvVhgmXxadc,0.005459518855701617,0.0058543203582388514,0.00039480150253723423,-0.4000000059604645,8,A,0,T,8,6,2,2,-0.9659217000007629,-0.970724880695343,-0.9663788676261902,-0.9715237021446228
0.6,False,False,False,False,fvVhgmXxadc,0.00906783805585576,0.00987758518330395,0.0008097471274481904,0.0,9,A,0,V,9,7,2,2,-0.7349655628204346,-0.741108775138855,-0.7275471687316895,-0.7343040704727173
0.6,False,False,False,False,fvVhgmXxadc,0.0028406315514715175,0.0030666275369419793,0.00022599598547046185,-0.20000000298023224,10,A,0,A,10,8,2,2,-0.9973464608192444,-0.9991257786750793,-0.9958146214485168,-0.9977390170097351
0.6,False,False,False,False,fvVhgmXxadc,0.00524751841088289,0.005838899170658607,0.000591380759775717,0.0,11,A,0,V,11,9,2,2,-0.6505345106124878,-0.6545553207397461,-0.6489788293838501,-0.6534618735313416
0.6,False,False,False,False,fvVhgmXxadc,0.006005633496414475,0.006256022860341659,0.0002503893639271837,0.20000000298023224,12,A,0,T,12,10,2,2,-1.131366491317749,-1.133620023727417,-1.1318719387054443,-1.134218454360962
0.6,False,False,False,False,fvVhgmXxadc,0.0010100949325781983,0.0010373572308424173,2.7262298264218998e-05,0.0,13,A,0,A,13,11,2,2,-0.9348685145378113,-0.9354085922241211,-0.9338124394416809,-0.9343677163124084
0.6,True,False,False,False,ob23OKe5a9Q,-3.0192133702611272,-3.0191419062034686,7.14640576586767e-05,-1.399999976158142,4,A,4,V,8,1,3,7,0.8152592778205872,-0.02589656226336956,0.8440617918968201,0.020095553249120712
0.6,False,False,False,False,ob23OKe5a9Q,0.4420817490333242,0.38303767062097904,-0.05904407841234516,1.25,5,A,4,V,9,2,3,7,1.2035198211669922,0.5834850668907166,1.228722095489502,0.6307339668273926
0.6,False,False,False,False,ob23OKe5a9Q,-0.10550580691372602,-0.10388357020758576,0.0016222367061402565,0.800000011920929,6,A,4,TV,10,3,3,7,1.3807005882263184,1.2813599109649658,1.396100401878357,1.3014500141143799
0.6,False,False,False,False,ob23OKe5a9Q,0.07165265180823965,0.17462899938448473,0.10297634757624508,2.799999952316284,4,V,7,AV,11,1,3,10,0.8166412115097046,0.7986592650413513,0.804603099822998,0.7613146901130676
0.6,False,False,False,False,ob23OKe5a9Q,0.047007565331245615,0.04484678455898461,-0.002160780772261006,1.25,1,A,11,AV,12,2,1,10,0.4646087884902954,0.4352319836616516,0.46294933557510376,0.43495672941207886
0.6,False,False,False,False,ob23OKe5a9Q,0.008313608372347403,0.007601004500923381,-0.0007126038714240224,0.800000011920929,2,A,11,V,13,3,1,10,0.5996934771537781,0.5799174904823303,0.6109153032302856,0.5917837023735046
0.6,False,False,False,False,zhpQhgha_KU,-0.14116473379154115,-0.1792077136287844,-0.03804297983724325,-1.600000023841858,1,A,2,TV,3,2,1,1,-1.0927586555480957,-1.2592228651046753,-1.021856665611267,-1.206246256828308
0.6,False,False,False,False,zhpQhgha_KU,3.215086433579245,3.151003714483025,-0.06408271909621988,-2.200000047683716,2,A,2,V,4,1,1,3,0.16678529977798462,0.7693027853965759,0.3281831741333008,0.8891283273696899
0.6,False,False,False,False,zhpQhgha_KU,-0.3396491876636434,-0.18456382238580105,0.15508536527784234,1.0,3,A,2,V,5,2,1,3,0.4118858277797699,0.9210754036903381,0.5694501996040344,1.0284483432769775
0.6,False,False,False,False,zhpQhgha_KU,-0.31656724583076556,-0.29149607254500154,0.025071173285764026,1.0,4,A,2,A,6,3,1,3,0.4066489040851593,0.8115901350975037,0.4399348497390747,0.8510808944702148
0.6,False,False,False,False,zhpQhgha_KU,1.2611827071171509,1.3221107119718734,0.060928004854722495,-1.0,5,A,2,A,7,4,1,3,0.04534522444009781,0.5342520475387573,0.06144998222589493,0.5648599863052368
0.6,False,False,False,False,zhpQhgha_KU,-0.09452913486374825,-0.09342938363289477,0.0010997512308534851,-1.0,6,A,2,T,8,5,1,3,-1.4385426044464111,-1.312714695930481,-1.4151389598846436,-1.2809109687805176
0.6,False,False,False,False,zhpQhgha_KU,-0.03939166965236246,-0.039431972465104215,-4.0302812741754845e-05,0.6000000238418579,7,A,2,TV,9,6,1,3,0.08730266243219376,0.12727715075016022,0.10407352447509766,0.14556507766246796
0.6,False,False,False,False,zhpQhgha_KU,-0.060968560567076224,-0.060858876460812894,0.00010968410626333025,-2.4000000953674316,7,V,3,AT,10,1,6,9,-1.681362509727478,-1.725113868713379,-1.6779725551605225,-1.7214244604110718
0.6,False,False,False,False,zhpQhgha_KU,-0.08746138026917549,-0.12199155388458394,-0.034530173615408444,-1.399999976158142,2,V,9,T,11,1,1,10,-1.720619797706604,-1.5238373279571533,-1.8220630884170532,-1.6369508504867554
0.6,False,False,False,False,zhpQhgha_KU,-0.06064130625084374,-0.0702960073522263,-0.009654701101382557,-1.0,3,V,9,AT,12,2,1,10,-1.4332555532455444,-1.3564674854278564,-1.520471215248108,-1.4478775262832642
0.6,False,False,False,False,zhpQhgha_KU,0.047331906200471785,0.061308333316745234,0.013976427116273449,-1.5,3,A,10,V,13,1,2,12,-0.4692940413951874,-0.4465833306312561,-0.45172715187072754,-0.42288148403167725
0.6,False,False,False,False,zhpQhgha_KU,0.04522103362092267,0.05909656078893022,0.013875527168007551,-2.0,4,A,10,V,14,2,2,12,-0.6892533302307129,-0.6721152663230896,-0.6751118898391724,-0.6529940366744995
0.6,False,False,False,False,zhpQhgha_KU,-0.05884925200311031,-0.08859501151499671,-0.029745759511886405,1.7999999523162842,5,A,10,A,15,3,2,12,-0.5257861614227295,-0.5131000876426697,-0.521253764629364,-0.5020912289619446
0.6,False,False,False,False,zhpQhgha_KU,-0.06396381694516595,-0.09157253402052046,-0.027608717075354505,1.75,6,A,10,A,16,4,2,12,-0.3585878908634186,-0.34336549043655396,-0.3573545217514038,-0.33551445603370667
0.6,False,False,False,False,zhpQhgha_KU,-0.027836465611326133,-0.04113702247506712,-0.013300556863740987,0.6000000238418579,7,A,10,A,17,5,2,12,-0.42455995082855225,-0.4108840823173523,-0.4247809946537018,-0.40450936555862427
0.6,False,False,False,False,zhpQhgha_KU,9.042813687187845e-06,4.685014744154614e-05,3.7807333754358297e-05,-0.800000011920929,8,A,10,T,18,6,2,12,-0.8035046458244324,-0.7953820824623108,-0.8034855127334595,-0.7923189401626587
0.6,False,False,False,False,zhpQhgha_KU,0.009449610249490092,0.01584814777226473,0.006398537522774639,-1.399999976158142,9,A,10,A,19,7,2,12,-0.37106791138648987,-0.36648616194725037,-0.3720553517341614,-0.36437538266181946
0.6,False,False,False,False,zhpQhgha_KU,-0.009458879065848969,-0.011680131292641782,-0.0022212522267928136,0.6000000238418579,10,A,10,ATV,20,8,2,12,-0.45707017183303833,-0.4525865614414215,-0.4575817584991455,-0.45204517245292664
0.6,False,False,False,False,zhpQhgha_KU,0.5400193283474337,0.5351167838926959,-0.004902544454737812,0.6000000238418579,9,A,12,A,21,1,8,20,-0.007026755250990391,-0.3531530797481537,-0.00628899410367012,-0.3501068949699402
0.6,False,False,False,False,zhpQhgha_KU,-0.10959039343978128,-0.11091326081097108,-0.0013228673711898065,-0.5,10,A,12,V,22,2,8,20,-0.16857267916202545,-0.5159271955490112,-0.16673493385314941,-0.5123427510261536
0.6,False,False,False,False,zhpQhgha_KU,0.040092383657308384,0.037981706965404705,-0.002110676691903679,0.0,11,A,12,AV,23,3,8,20,0.1259189248085022,-0.23653320968151093,0.12757492065429688,-0.2329314649105072
0.6,False,False,False,False,zhpQhgha_KU,0.14028576608613885,0.12919756404501015,-0.011088202041128703,1.0,1,A,23,AT,24,4,3,20,0.1569851189851761,0.07752514630556107,0.15326903760433197,0.08013539761304855
0.6,False,False,False,False,zhpQhgha_KU,0.366409879339173,0.3627935376811706,-0.0036163416580023977,0.0,2,A,23,T,25,1,1,24,-1.1024490594863892,-1.2576978206634521,-1.110764741897583,-1.2635631561279297
0.6,False,False,False,False,zhpQhgha_KU,0.28445024118996054,0.27957422220692507,-0.004876018983035468,0.800000011920929,3,A,23,V,26,2,1,24,-0.12375930696725845,-0.2666684091091156,-0.13095584511756897,-0.2706320583820343
0.6,False,False,False,False,zhpQhgha_KU,0.01798519692731304,0.017891729276573898,-9.346765073914298e-05,1.399999976158142,4,A,23,TV,27,3,1,24,1.0226860046386719,0.9995614290237427,1.018155813217163,0.9954054951667786
0.6,True,False,True,False,zhpQhgha_KU,-2.4328840020836218,-2.4135822520371386,0.019301750046483157,-1.2000000476837158,4,A,24,AV,28,1,3,27,0.4781796932220459,-0.5808044075965881,0.47676149010658264,-0.5691696405410767
0.6,False,False,False,False,zhpQhgha_KU,-0.22796765582852174,-0.2722687054384778,-0.04430104960995607,-2.0,1,A,28,T,29,2,1,27,-1.4109513759613037,-1.655020833015442,-1.348648190498352,-1.6101404428482056
0.6,False,False,False,False,zhpQhgha_KU,-0.38282056730620795,-0.3939729924936479,-0.011152425187439974,-1.0,2,A,28,AV,30,3,1,27,-0.2733389139175415,-0.6189281344413757,-0.2578805088996887,-0.604060173034668
0.6,False,False,False,False,zhpQhgha_KU,0.043890646231814934,0.04093032018419751,-0.002960326047617423,0.800000011920929,3,A,28,T,31,4,1,27,0.16654595732688904,0.1328008770942688,0.18154524266719818,0.14929530024528503
0.6,False,False,False,False,zhpQhgha_KU,-0.01829310330080114,-0.019575348621449606,-0.0012822453206484674,-0.4000000059604645,4,A,28,TV,32,5,1,27,0.10878711193799973,0.09048060327768326,0.12154144793748856,0.102424256503582
0.6,False,False,False,False,zhpQhgha_KU,-0.00387517711703822,-0.00386781833896066,7.358778077559691e-06,1.2000000476837158,3,A,30,T,33,1,2,32,1.46737802028656,1.460030436515808,1.4768061637878418,1.4697291851043701
0.6,False,False,False,False,zhpQhgha_KU,-0.00241360944599478,-0.002493384654105313,-7.977520811053296e-05,0.6000000238418579,4,A,30,A,34,2,2,32,0.728590190410614,0.7188352942466736,0.7317942976951599,0.7219686508178711
0.6,False,False,False,False,phBUpBr1hSo,0.01886504855859883,0.012603325175945201,-0.006261723382653628,1.600000023841858,1,A,4,T,5,5,4,0,0.9462766647338867,0.9320035576820374,0.9355843663215637,0.9261665940284729
0.6,False,False,False,False,phBUpBr1hSo,-0.24162535339968372,-0.23736804625883678,0.004257307140846933,-1.0,2,A,4,V,6,6,4,0,0.9150846600532532,0.8509251475334167,0.9130885004997253,0.8500106930732727
0.6,False,False,False,False,phBUpBr1hSo,-0.41362439000092177,-0.4079522535958766,0.005672136405045158,-2.200000047683716,3,A,4,A,7,7,4,0,0.514752209186554,0.4374713599681854,0.5148918628692627,0.4386901259422302
0.6,False,False,False,False,phBUpBr1hSo,-0.06918809233101086,-0.0658734576887392,0.0033146346422716633,-2.0,4,A,4,TV,8,8,4,0,-0.4258376657962799,-0.4479694068431854,-0.429475337266922,-0.45058906078338623
0.6,False,False,False,False,phBUpBr1hSo,3.1239326182206573,3.1243547269915215,0.0004221087708642379,-1.399999976158142,5,A,4,V,9,1,4,8,0.11612745374441147,0.9286423325538635,0.11438680440187454,0.927600085735321
0.6,False,False,False,False,phBUpBr1hSo,-0.1435157204046078,-0.14248522689285892,0.0010304935117488867,2.0,6,A,4,AT,10,2,4,8,1.0789002180099487,1.1604113578796387,1.0802513360977173,1.161279320716858
0.6,False,True,False,True,phBUpBr1hSo,2.5022028291839726,2.625056872203033,0.12285404301906055,1.7999999523162842,3,V,8,A,11,1,2,10,0.45339667797088623,-0.2773886024951935,0.4241243600845337,-0.32558009028434753
0.6,False,False,False,False,phBUpBr1hSo,0.4890143160255056,0.4834227221301115,-0.005591593895394098,0.800000011920929,4,V,8,AV,12,2,2,10,0.744599461555481,0.09851334989070892,0.7473685145378113,0.10272474586963654
0.6,False,False,False,False,phBUpBr1hSo,-2.082018964538828,-2.060459975382726,0.021558989156102104,-1.2000000476837158,1,A,12,V,13,3,2,10,0.7469558119773865,0.1071411669254303,0.7522458434104919,0.12317947298288345
0.6,False,False,False,False,phBUpBr1hSo,-0.8494860645244815,-0.8337075423806342,0.01577852214384734,-2.200000047683716,2,A,12,ATV,14,4,2,10,-0.45850059390068054,-0.7223890423774719,-0.4564764201641083,-0.7146828770637512
0.6,False,True,False,True,phBUpBr1hSo,2.8174976202682984,2.811347601453728,-0.006150018814570224,-1.600000023841858,3,A,12,A,15,1,2,14,-0.31347405910491943,0.5148632526397705,-0.3145506680011749,0.5127535462379456
0.6,False,False,False,False,phBUpBr1hSo,-0.5337983342687096,-0.5322228388937162,0.001575495374993352,2.0,4,A,12,TV,16,2,2,14,0.5217558741569519,0.7149290442466736,0.522443950176239,0.7151073813438416
0.6,False,False,False,False,phBUpBr1hSo,0.0005292087226678177,0.0006381567959294898,0.00010894807326167211,0.800000011920929,3,A,14,T,17,1,2,16,0.7941861152648926,0.776272177696228,0.7892153263092041,0.7725324630737305
0.6,False,False,False,False,phBUpBr1hSo,0.009400561261315943,0.008748796552538352,-0.0006517647087775913,2.0,4,A,14,AT,18,2,2,16,1.1054089069366455,1.1001701354980469,1.101846694946289,1.096989393234253
0.6,False,False,False,False,phBUpBr1hSo,-0.9713625824575578,-0.9493685971843702,0.021993985273187633,-1.25,3,V,16,A,19,1,2,18,0.5625718832015991,0.27120158076286316,0.5881420969963074,0.3086525499820709
0.6,False,True,False,False,phBUpBr1hSo,0.1354947050630435,0.12439481370246852,-0.011099891360574987,0.800000011920929,4,V,16,T,20,2,2,18,0.053892962634563446,-0.03196779638528824,0.08507807552814484,0.0028123371303081512
0.6,False,True,False,True,yDtzw_Y-7RU,1.9497552999650196,1.9512350196455097,0.0014797196804900992,-1.2000000476837158,1,A,4,V,5,4,3,1,-0.2502891719341278,0.48869946599006653,-0.2795121669769287,0.47288158535957336
0.6,False,False,False,False,yDtzw_Y-7RU,-0.1892120575526583,-0.19074330263342903,-0.0015312450807707378,-0.20000000298023224,2,A,4,A,6,5,3,1,-0.6518837809562683,-0.07757904380559921,-0.6549144387245178,-0.0727056935429573
0.6,False,False,False,False,yDtzw_Y-7RU,-0.03205892652540854,-0.03613072618946944,-0.004071799664060904,-1.5,3,A,4,T,7,6,3,1,-1.6832951307296753,-1.539219617843628,-1.6971867084503174,-1.5524582862854004
0.6,False,False,False,False,yDtzw_Y-7RU,-0.02374860238869303,-0.024782788827906188,-0.0010341864392131583,-1.0,4,A,4,ATV,8,7,3,1,-1.2042858600616455,-1.13410484790802,-1.2102004289627075,-1.1392890214920044
0.6,False,False,False,False,yDtzw_Y-7RU,-0.07652277168526211,-0.07646757650661584,5.5195178646272325e-05,-0.6000000238418579,5,A,4,AV,9,1,4,8,-0.9273048043251038,-0.7749447226524353,-0.9281346797943115,-0.776648759841919
0.6,False,False,False,False,yDtzw_Y-7RU,-0.0549479088259659,-0.053459943547522926,0.0014879652784429709,-1.399999976158142,1,A,9,AT,10,2,1,8,-1.9368972778320312,-1.8830225467681885,-1.9258520603179932,-1.8722927570343018
0.6,False,False,False,False,yDtzw_Y-7RU,0.009173003374495892,0.01159317252871972,0.002420169154223828,-0.6666666865348816,2,A,9,AV,11,1,1,10,-0.5858618021011353,-0.5413573384284973,-0.5796486735343933,-0.5282278656959534
0.6,False,False,False,False,yDtzw_Y-7RU,0.0030942958603219495,0.0030599606778878297,-3.4335182434119815e-05,-1.7999999523162842,1,A,11,AT,12,2,1,10,-1.708911418914795,-1.6932693719863892,-1.7136963605880737,-1.6974900960922241
0.6,False,False,False,False,yDtzw_Y-7RU,0.017528662254406413,0.015475767271951213,-0.0020528949824552,2.200000047683716,2,A,11,AT,13,1,1,12,1.1036558151245117,1.0956906080245972,1.1104276180267334,1.1033488512039185
0.6,False,False,False,False,yDtzw_Y-7RU,-0.1090240801360487,-0.10925718816215735,-0.00023310802610865267,0.6000000238418579,2,A,12,T,14,1,1,13,1.0979046821594238,0.9726727604866028,1.0972155332565308,0.9714378714561462
0.6,False,False,False,False,yDtzw_Y-7RU,-0.048226987012913725,-0.04754259966594532,0.000684387346968407,0.6000000238418579,3,A,12,AV,15,2,1,13,0.8227034211158752,0.5629889965057373,0.8215638995170593,0.5606560111045837
0.6,False,False,False,False,yDtzw_Y-7RU,-0.31232188482495005,-0.31247118277986274,-0.00014929795491269715,0.20000000298023224,4,A,12,A,16,3,1,13,0.8635194897651672,0.5576817393302917,0.8623549342155457,0.5553067326545715
0.6,False,False,False,False,yDtzw_Y-7RU,-1.6571775716942234,-1.6623841321016357,-0.005206560407412297,-2.0,5,A,12,A,17,4,1,13,0.7998493313789368,0.48635852336883545,0.7987133860588074,0.4840314984321594
0.6,False,False,False,False,yDtzw_Y-7RU,-1.1988239165446215,-1.203320698692334,-0.00449678214771243,-1.600000023841858,6,A,12,AV,18,5,1,13,0.6424375176429749,0.3569624722003937,0.6413314342498779,0.3545449376106262
0.6,False,False,False,False,yDtzw_Y-7RU,-0.01899762299793739,-0.019017756574793765,-2.0133576856373736e-05,-0.6000000238418579,7,A,12,T,19,6,1,13,-0.4412088692188263,-0.5211520195007324,-0.44124317169189453,-0.5213490128517151
0.6,False,False,False,False,yDtzw_Y-7RU,-0.01769622035091345,-0.01791895214517858,-0.00022273179426512968,0.20000000298023224,8,A,12,T,20,7,1,13,0.7526196837425232,0.7363695502281189,0.7525907754898071,0.7361320853233337
0.6,False,False,False,False,yDtzw_Y-7RU,-0.0005887146095346907,-0.00036925152180344867,0.000219463087731242,2.0,9,A,12,T,21,8,1,13,1.3613909482955933,1.3618520498275757,1.361194372177124,1.3614834547042847
0.6,False,False,False,False,yDtzw_Y-7RU,-0.009356356477724148,-0.00923891330718618,0.00011744317053796749,2.200000047683716,10,A,12,AT,22,9,1,13,1.0626217126846313,1.0667423009872437,1.0625439882278442,1.0666124820709229
0.6,False,False,False,False,yDtzw_Y-7RU,0.0058978528236934835,0.007106391507644361,0.0012085386839508772,-0.800000011920929,5,A,18,TV,23,1,4,22,-0.8363092541694641,-0.8849483132362366,-0.8381330966949463,-0.8925231099128723
0.6,False,False,False,False,nzpVDcQ0ywM,-0.09324768131342864,-0.09299728245979111,0.00025039885363753456,-1.399999976158142,4,V,1,T,5,1,3,4,-1.9626543521881104,-1.8725804090499878,-1.9564498662948608,-1.8654451370239258
0.6,False,False,False,False,nzpVDcQ0ywM,0.07084993112216864,0.07528209159923804,0.004432160477069402,-1.0,5,V,1,A,6,2,3,4,-0.5754506587982178,-0.4989091157913208,-0.5509135723114014,-0.4737294316291809
0.6,False,False,False,False,nzpVDcQ0ywM,-0.5445826093682626,-0.514786246418339,0.029796362949923605,2.0,6,V,1,V,7,3,3,4,-1.3751935958862305,-1.2935314178466797,-1.376001238822937,-1.2988783121109009
0.6,False,False,False,False,nzpVDcQ0ywM,0.012746516580293132,0.01241505724919989,-0.0003314593310932423,-2.200000047683716,7,V,1,T,8,4,3,4,-1.843387484550476,-1.8259425163269043,-1.841544508934021,-1.8246263265609741
0.6,False,False,False,False,nzpVDcQ0ywM,-0.013222411399169687,-0.012518171908595832,0.0007042394905738547,-1.0,8,V,1,ATV,9,5,3,4,-1.7261561155319214,-1.7169939279556274,-1.7252470254898071,-1.7165647745132446
0.6,False,False,False,False,nzpVDcQ0ywM,-0.02061530879819884,-0.02074549074313836,-0.0001301819449395225,0.0,6,V,4,TV,10,1,5,9,-1.4036824703216553,-1.39631986618042,-1.4046952724456787,-1.3972914218902588
0.6,False,False,False,False,nzpVDcQ0ywM,-0.3389015804326796,-0.33780946865128314,0.0010921117813964543,-1.399999976158142,2,A,9,AV,11,1,1,10,-0.565338671207428,-0.8018712997436523,-0.5714542865753174,-0.8095099329948425
0.6,False,False,False,False,nzpVDcQ0ywM,-0.08379224731359258,-0.09141911113703216,-0.007626863823439578,-1.0,1,A,11,AV,12,2,1,10,-0.7032771110534668,-0.9347909092903137,-0.6890688538551331,-0.9274805784225464
0.6,False,False,False,False,nzpVDcQ0ywM,0.29915227258429766,0.3028840916343878,0.003731819050090124,0.20000000298023224,2,A,11,V,13,3,1,10,-0.3173055350780487,-0.552832841873169,-0.3025429844856262,-0.5452741384506226
0.6,False,False,False,False,nzpVDcQ0ywM,-0.1263965753937839,-0.13146775137954592,-0.005071175985762011,-0.6000000238418579,3,A,11,AT,14,4,1,10,0.6228525042533875,0.5700306296348572,0.628981351852417,0.574277400970459
0.6,False,False,False,False,nzpVDcQ0ywM,2.013959685173674,2.0053551368979896,-0.008604548275684465,1.399999976158142,3,A,12,T,15,1,2,14,-1.278369426727295,-1.6311091184616089,-1.2596807479858398,-1.6131805181503296
0.6,False,False,False,False,nzpVDcQ0ywM,0.15078917220571952,0.1467120510749531,-0.004077121130766415,1.600000023841858,4,A,12,AT,16,2,2,14,0.8549357056617737,0.759815514087677,0.8608801960945129,0.76752769947052
0.6,False,False,False,False,nzpVDcQ0ywM,0.061242307745601465,0.069410918996482,0.00816861125088053,1.2000000476837158,3,A,14,AT,17,1,2,16,1.0731345415115356,0.921904444694519,1.0664160251617432,0.9046094417572021
0.6,False,False,False,False,nzpVDcQ0ywM,-1.1457562221375772,-1.2581634050806478,-0.11240718294307062,-2.0,2,A,16,V,18,1,1,17,0.49044907093048096,0.2486841380596161,0.5007644891738892,0.2350972294807434
0.6,False,False,False,False,nzpVDcQ0ywM,-0.008181868115824997,-0.009796650204734414,-0.0016147820889094167,0.20000000298023224,3,A,16,TV,19,2,1,17,0.2914051115512848,0.2131539285182953,0.2999417185783386,0.21384544670581818
0.6,False,False,False,False,nzpVDcQ0ywM,-1.1666198700143893,-1.1711154399181396,-0.004495569903750329,-1.399999976158142,3,A,17,A,20,1,2,19,0.5342352986335754,0.2045704424381256,0.5287889242172241,0.19659364223480225
0.6,False,False,False,False,nzpVDcQ0ywM,0.07834152868554156,0.07956148596601054,0.0012199572804689751,2.0,4,A,17,T,21,2,2,19,1.3340073823928833,1.277582049369812,1.3307628631591797,1.2737494707107544
0.6,False,False,False,False,nzpVDcQ0ywM,0.01924980316921676,0.019336905496743384,8.71023275266225e-05,2.0,5,A,17,T,22,3,2,19,1.4270222187042236,1.4104634523391724,1.4245327711105347,1.4079700708389282
0.6,False,False,False,False,nzpVDcQ0ywM,0.030256580566121016,0.03056576934395494,0.0003091887778339242,1.600000023841858,6,A,17,AV,23,4,2,19,1.0205894708633423,0.9950428605079651,1.0189796686172485,0.9932460188865662
0.6,False,False,False,False,jUzDDGyPkXU,0.3340559690957754,0.25601301213214356,-0.07804295696363184,-1.2000000476837158,2,V,2,A,4,1,1,3,0.6865620613098145,0.7731123566627502,0.7394464015960693,0.8043615818023682
0.6,False,False,False,False,jUzDDGyPkXU,0.04698912759870666,0.04683832141211042,-0.0001508061865962418,-1.600000023841858,3,V,2,AT,5,2,1,3,-1.3117130994796753,-1.2393083572387695,-1.2903003692626953,-1.2221744060516357
0.6,False,True,False,True,jUzDDGyPkXU,1.259958164983459,1.4313403263332525,0.17138216134979345,-0.6000000238418579,3,V,3,A,6,1,2,5,-0.8777921199798584,0.5563418865203857,-0.8552488684654236,0.6233119964599609
0.6,True,False,True,False,jUzDDGyPkXU,-5.369125635987874,-5.395096870655667,-0.025971234667792942,1.7999999523162842,4,V,3,A,7,2,2,5,-0.8218132853507996,0.573305606842041,-0.7965356707572937,0.639439582824707
0.6,False,False,False,False,jUzDDGyPkXU,-0.2553787964127423,-0.19989363346576283,0.05548516294697947,2.799999952316284,5,V,3,T,8,3,2,5,1.4856302738189697,1.5866620540618896,1.5574679374694824,1.640693187713623
0.6,False,False,False,False,jUzDDGyPkXU,-0.765601193318389,-0.7654513081491849,0.00014988516920411143,2.4000000953674316,6,V,3,AV,9,4,2,5,0.7792550325393677,1.035737156867981,0.7830844521522522,1.0402336120605469
0.6,False,False,False,False,jUzDDGyPkXU,-0.9714800296445354,-0.9875928207668494,-0.016112791122314007,2.4000000953674316,7,V,3,AV,10,5,2,5,0.5842525959014893,0.8750545382499695,0.5755482316017151,0.8699570298194885
0.6,False,False,False,False,jUzDDGyPkXU,0.0740476769383207,0.07459798303570153,0.000550306097380826,0.5,8,V,3,T,11,6,2,5,1.0320261716842651,1.0975780487060547,1.0391502380371094,1.1043847799301147
0.6,False,False,False,False,jUzDDGyPkXU,-0.016056897409885806,-0.01585947965224932,0.0001974177576364866,-0.6000000238418579,9,V,3,AT,12,7,2,5,-0.831089198589325,-0.7932493686676025,-0.826855480670929,-0.7886900305747986
0.6,True,False,True,False,jUzDDGyPkXU,-1.001910374093834,-0.9800698499378557,0.021840524155978258,0.800000011920929,3,A,10,V,13,1,2,12,-0.20759250223636627,0.6845344305038452,-0.19674880802631378,0.6840760707855225
0.6,False,False,False,False,jUzDDGyPkXU,-0.9232841970558203,-0.9100762102523801,0.013207986803440264,1.3333333730697632,4,A,10,AT,14,2,2,12,-0.6752309799194336,-0.43048253655433655,-0.6688737273216248,-0.42699530720710754
0.6,False,False,False,False,jUzDDGyPkXU,-0.41311900946180913,-0.4361807226744254,-0.023061713212616297,1.2000000476837158,3,A,12,A,15,1,2,14,-0.6454301476478577,-0.5298824906349182,-0.6438794732093811,-0.5215431451797485
0.6,False,False,False,False,jUzDDGyPkXU,0.4119583145700574,0.43425082876012766,0.02229251419007028,-2.799999952316284,4,A,12,V,16,2,2,14,-0.905748188495636,-0.7999629378318787,-0.9048224091529846,-0.7935232520103455
0.6,False,False,False,False,jUzDDGyPkXU,0.07031503770900827,0.07348791825648959,0.003172880547481327,-2.4000000953674316,5,A,12,ATV,17,3,2,14,-1.5057806968688965,-1.4672925472259521,-1.5057053565979004,-1.4655210971832275
0.6,False,False,False,False,jUzDDGyPkXU,-1.7633005825538142,-1.7382258240144663,0.02507475853934782,2.200000047683716,4,A,14,A,18,1,3,17,-0.6867521405220032,-0.3632084131240845,-0.6889241337776184,-0.37053629755973816
0.6,False,False,False,False,jUzDDGyPkXU,1.1615395365670311,1.141499895141802,-0.02003964142522907,-2.200000047683716,5,A,14,V,19,2,3,17,-0.6490504145622253,-0.3113538920879364,-0.6511324048042297,-0.31838083267211914
0.6,False,False,False,False,jUzDDGyPkXU,0.2096478110468034,0.20688179480941926,-0.00276601623738415,-1.0,6,A,14,ATV,20,3,3,17,0.8013706803321838,0.8586511611938477,0.8006319403648376,0.8571906685829163
0.6,True,False,True,False,jUzDDGyPkXU,-4.3702784040332805,-4.356931522609533,0.013346881423747625,-2.4000000953674316,4,A,17,A,21,1,3,20,0.20943515002727509,-0.8383106589317322,0.20930728316307068,-0.8342563509941101
0.6,False,True,False,True,jUzDDGyPkXU,2.9085975450886385,2.894472480300858,-0.014125064787780417,1.2000000476837158,5,A,17,A,22,2,3,20,0.27247193455696106,-0.741366982460022,0.2721845209598541,-0.7378632426261902
0.6,False,False,False,False,jUzDDGyPkXU,-0.5975081832757783,-0.600408276483571,-0.00290009320779272,-1.0,6,A,17,V,23,3,3,20,-0.19388054311275482,-1.2287365198135376,-0.1931684911251068,-1.2248750925064087
0.6,True,False,True,False,jUzDDGyPkXU,-3.309916880541178,-3.302532712267986,0.007384168273191882,-2.0,7,A,17,V,24,4,3,20,0.17490431666374207,-0.8082399964332581,0.17498256266117096,-0.8050035834312439
0.6,False,False,False,False,jUzDDGyPkXU,-0.11877011161146811,-0.11929283737207186,-0.0005227257606037483,-2.0,8,A,17,T,25,5,3,20,-1.5652501583099365,-1.7349767684936523,-1.5637426376342773,-1.7334898710250854
0.6,False,False,False,False,jUzDDGyPkXU,-0.008799145617103932,-0.008907809201687655,-0.0001086635845837236,-2.0,9,A,17,TV,26,6,3,20,-1.8995007276535034,-1.9639312028884888,-1.8986493349075317,-1.9630656242370605
0.6,False,False,False,False,rnaNMUZpvvg,-0.2897060159551188,-0.29073492967290804,-0.0010289137177892371,-1.0,7,A,4,TV,11,1,6,10,-2.0432751178741455,-1.893709659576416,-2.041071653366089,-1.8905589580535889
0.6,False,False,False,False,rnaNMUZpvvg,-0.0011560533430383657,-0.0013625186111880794,-0.00020646526814971367,-2.0,2,V,10,T,12,1,1,11,-2.039313316345215,-2.019735336303711,-2.043985605239868,-2.023921012878418
0.6,False,False,False,False,rnaNMUZpvvg,0.15203263391684985,0.16093237871928068,0.008899744802430831,-2.5999999046325684,3,V,10,AV,13,2,1,11,-0.8743067979812622,-0.8308053612709045,-0.8695873618125916,-0.8236947655677795
0.6,False,False,False,False,rnaNMUZpvvg,0.042376768596650294,0.04433087386513179,0.0019541052684814986,-1.600000023841858,4,V,10,A,14,3,1,11,-0.8886231780052185,-0.8594368696212769,-0.8871080279350281,-0.8566657304763794
0.6,False,False,False,False,rnaNMUZpvvg,-0.0007780959963810119,-0.0008249304069067875,-4.683441052577564e-05,-1.7999999523162842,5,V,10,AT,15,4,1,11,-1.8444342613220215,-1.8345876932144165,-1.8459893465042114,-1.8359178304672241
0.6,False,False,False,False,rnaNMUZpvvg,0.021662662496979124,0.02491440872131534,0.003251746224336216,-1.600000023841858,3,A,13,T,16,1,2,15,-1.1425524950027466,-1.119457721710205,-1.137821912765503,-1.1116118431091309
0.6,False,False,False,False,rnaNMUZpvvg,0.011968403688513263,0.01320985212275616,0.0012414484342428977,-2.200000047683716,4,A,13,T,17,2,2,15,-1.7940735816955566,-1.7795898914337158,-1.7924193143844604,-1.7765240669250488
0.6,False,False,False,False,rnaNMUZpvvg,-0.0029691342936644105,-0.0033902364342424107,-0.0004211021405780002,-1.399999976158142,5,A,13,AT,18,3,2,15,-1.8649345636367798,-1.8617304563522339,-1.865177035331726,-1.8615186214447021
0.6,False,False,False,False,rnaNMUZpvvg,0.006994095435203462,0.007038392809306515,4.429737410305279e-05,0.800000011920929,4,A,15,ATV,19,1,3,18,1.162868618965149,1.1723811626434326,1.1502737998962402,1.160180687904358
0.6,False,False,False,False,rnaNMUZpvvg,-0.17949624850234613,-0.1871256409934432,-0.0076293924910970645,-2.5999999046325684,2,A,18,T,20,1,1,19,-1.965059518814087,-2.127080202102661,-1.956161618232727,-2.1231329441070557
0.6,False,False,False,False,rnaNMUZpvvg,-0.039488622835960996,-0.041107201059162435,-0.001618578223201439,-2.200000047683716,3,A,18,TV,21,2,1,19,-1.912522792816162,-1.9922633171081543,-1.9074543714523315,-1.9891072511672974
0.6,False,False,False,False,yvsjCA6Y5Fc,0.5265963353807592,0.5444761875405675,0.01787985215980825,-2.0,1,A,8,V,9,2,1,7,-0.7873917818069458,-0.5868421792984009,-0.7847813367843628,-0.5782994031906128
0.6,False,False,False,False,yvsjCA6Y5Fc,-0.13601450055355357,-0.14784668284021496,-0.011832182286661386,2.0,2,A,8,T,10,3,1,7,0.26190757751464844,0.30148571729660034,0.2652107775211334,0.30835968255996704
0.6,False,False,False,False,yvsjCA6Y5Fc,-0.04980979866718371,-0.05432338641561785,-0.004513587748434134,-0.6000000238418579,3,A,8,TV,11,4,1,7,-1.3750977516174316,-1.342271327972412,-1.378206491470337,-1.342483639717102
0.6,False,False,False,False,yvsjCA6Y5Fc,0.02584051648369723,0.02406525589923092,-0.0017752605844663094,-2.0,4,A,8,TV,12,1,3,11,-1.97686767578125,-1.8375942707061768,-1.9801887273788452,-1.8436102867126465
0.6,False,False,False,False,yvsjCA6Y5Fc,-0.03214400201125045,-0.03072996316389265,0.0014140388473578014,-1.0,2,V,11,V,13,1,1,12,-1.2175277471542358,-1.123184084892273,-1.215349793434143,-1.12508225440979
0.6,False,False,False,False,yvsjCA6Y5Fc,-0.01157454731406915,-0.011292657945205065,0.00028188936886408555,-2.0,3,V,11,T,14,2,1,12,-2.19889235496521,-2.167283058166504,-2.192199230194092,-2.160149574279785
0.6,False,False,False,False,yvsjCA6Y5Fc,-0.008916268890061474,-0.008642750231047103,0.0002735186590143712,-1.7999999523162842,4,V,11,TV,15,3,1,12,-2.0776100158691406,-2.0610575675964355,-2.0756983757019043,-2.059551239013672
0.6,False,False,False,False,yvsjCA6Y5Fc,-0.026339323732145203,-0.025787510374346567,0.0005518133577986362,-0.6000000238418579,4,V,12,TV,16,1,3,15,-0.9066007733345032,-0.860124409198761,-0.9053046107292175,-0.8596601486206055
0.6,False,False,False,False,yvsjCA6Y5Fc,-0.5185939849942116,-0.5231719154433989,-0.004577930449187306,-2.200000047683716,2,V,15,V,17,1,1,16,-1.0290170907974243,-1.2766327857971191,-1.0274431705474854,-1.2771145105361938
0.6,False,False,False,False,yvsjCA6Y5Fc,-0.17023097183994196,-0.17450779144087392,-0.004276819600931958,-1.600000023841858,3,V,15,A,18,2,1,16,-1.078172206878662,-1.2805109024047852,-1.0733559131622314,-1.2793035507202148
0.6,False,False,False,False,yvsjCA6Y5Fc,0.022315359345384422,0.02180939827578854,-0.0005059610695958838,0.800000011920929,4,V,15,T,19,3,1,16,0.6372827887535095,0.579110324382782,0.6435136795043945,0.5848317742347717
0.6,True,False,True,False,yvsjCA6Y5Fc,-0.6498202077370538,-0.6520622710096715,-0.002242063272617667,-1.7999999523162842,5,V,15,A,20,4,1,16,0.15333205461502075,-0.020762553438544273,0.16192346811294556,-0.011961575597524643
0.6,False,False,False,False,yvsjCA6Y5Fc,-0.002071315131956908,-0.002150950997801715,-7.963586584480709e-05,-1.600000023841858,6,V,15,T,21,5,1,16,-1.5061836242675781,-1.5179622173309326,-1.4980746507644653,-1.50923752784729
0.6,False,False,False,False,yvsjCA6Y5Fc,-0.04728625298298539,-0.04754959221921595,-0.0002633392362305642,-1.2000000476837158,7,V,15,V,22,6,1,16,-0.8826919794082642,-0.9689196348190308,-0.8832811713218689,-0.9703018665313721
0.6,False,False,False,False,pLTX3ipuDJI,0.00699492859875761,0.03699795282004814,0.03000302422129053,-1.2000000476837158,1,A,1,T,2,2,1,0,-1.3293441534042358,-1.045971393585205,-1.2707816362380981,-0.99504154920578
0.6,False,False,False,False,pLTX3ipuDJI,0.22265102685969396,0.19939554539005755,-0.023255481469636408,-2.200000047683716,2,A,1,T,3,3,1,0,-0.8620909452438354,-0.7813204526901245,-0.8095646500587463,-0.7396212816238403
0.6,False,False,False,False,pLTX3ipuDJI,0.16174924189978412,0.14277129596992566,-0.018977945929858464,-2.0,3,A,1,A,4,4,1,0,-0.911837100982666,-0.8398932218551636,-0.8952685594558716,-0.8324372172355652
0.6,False,False,False,False,pLTX3ipuDJI,0.12810016673535074,0.11187422207362374,-0.016225944661727,-1.399999976158142,4,A,1,A,5,5,1,0,-0.6766096949577332,-0.5929103493690491,-0.6631866097450256,-0.5908225178718567
0.6,False,False,False,False,pLTX3ipuDJI,-0.036039601438191404,-0.030462926437198945,0.005576675000992459,0.800000011920929,5,A,1,ATV,6,6,1,0,0.3515370190143585,0.3937003016471863,0.3599921464920044,0.3960891366004944
0.6,False,False,False,False,pLTX3ipuDJI,-0.14378524197563536,-0.14554170889084617,-0.0017564669152108081,-2.0,6,A,1,TV,7,1,5,6,-1.4423930644989014,-1.5911720991134644,-1.4384316205978394,-1.5879110097885132
0.6,False,False,False,False,pLTX3ipuDJI,-0.28362403908850453,-0.2713958077491121,0.012228231339392437,0.0,2,A,6,T,8,1,1,7,-1.1004709005355835,-0.9630224108695984,-1.0737669467926025,-0.9389247298240662
0.6,False,False,False,False,pLTX3ipuDJI,0.016115771551213243,0.019104414652744595,0.002988643101531352,-1.600000023841858,3,A,6,T,9,2,1,7,-1.4816185235977173,-1.4264202117919922,-1.4496591091156006,-1.3957775831222534
0.6,False,False,False,False,pLTX3ipuDJI,-0.12985869299603436,-0.12732563551405818,0.0025330574819761864,0.6000000238418579,4,A,6,A,10,3,1,7,-0.660852313041687,-0.6082590222358704,-0.657335102558136,-0.6056392192840576
0.6,False,False,False,False,pLTX3ipuDJI,0.13906733970213736,0.13568424321877615,-0.0033830964833612143,-2.0,5,A,6,A,11,4,1,7,-0.6663509607315063,-0.6151942014694214,-0.6675398945808411,-0.6175622344017029
0.6,False,False,False,False,pLTX3ipuDJI,0.11244904800854272,0.1072989102426618,-0.005150137765880913,-1.399999976158142,6,A,6,AV,12,5,1,7,-0.368389368057251,-0.3152559995651245,-0.38304397463798523,-0.3315906822681427
0.6,False,False,False,False,pLTX3ipuDJI,0.17626754919297927,0.16857708493810541,-0.007690464254873852,-2.0,7,A,6,V,13,6,1,7,-0.17045758664608002,-0.12290304154157639,-0.1871565729379654,-0.14124278724193573
0.6,False,False,False,False,pLTX3ipuDJI,0.013589531688651846,0.01305788253363005,-0.0005316491550217961,-1.399999976158142,8,A,6,TV,14,7,1,7,-1.0767203569412231,-1.0563442707061768,-1.0843868255615234,-1.064337134361267
0.6,False,False,False,False,pLTX3ipuDJI,0.30923867089264534,0.2906165604296662,-0.018622110462979125,-1.600000023841858,3,A,12,V,15,1,2,14,-0.308127224445343,-0.1935242861509323,-0.3250008225440979,-0.21571698784828186
0.6,False,False,False,False,cW1FSBF59ik,0.20987496489067325,0.18048912415429186,-0.029385840736381397,1.600000023841858,1,A,2,AT,3,2,1,1,0.9503900408744812,0.8050987124443054,1.011185884475708,0.8739206790924072
0.6,False,False,False,False,cW1FSBF59ik,0.0655586458265418,0.07321546411229463,0.00765681828575282,2.0,2,A,2,V,4,1,1,3,0.5588527321815491,0.5362841486930847,0.6015959978103638,0.5756583213806152
0.6,False,False,False,False,cW1FSBF59ik,-0.0013536348546381305,-0.0006262505265084428,0.0007273843281296877,1.2000000476837158,3,A,2,T,5,2,1,3,1.082428216934204,1.0883331298828125,1.1144161224365234,1.1181565523147583
0.6,False,False,False,False,cW1FSBF59ik,0.0006077496394141235,-0.00040372301994295867,-0.0010114726593570822,0.5,4,A,2,T,6,3,1,3,0.929872453212738,0.9305787682533264,0.9555422067642212,0.9550988674163818
0.6,False,False,False,False,cW1FSBF59ik,0.00239916031591747,0.00437577116031207,0.0019766108443945996,1.7999999523162842,5,A,2,V,7,4,1,3,1.1029256582260132,1.10120689868927,1.1253716945648193,1.1221363544464111
0.6,False,False,False,False,cW1FSBF59ik,-0.0009556533709655923,-0.005204616871651524,-0.004248963500685932,-2.4000000953674316,6,A,2,AT,8,5,1,3,-1.2011462450027466,-1.2015448808670044,-1.1774853467941284,-1.17961585521698
0.6,False,False,False,False,cW1FSBF59ik,0.8395929639617066,0.7953363023023172,-0.04425666165938935,-1.0,6,A,3,T,9,1,5,8,1.2684998512268066,1.446565866470337,1.2914466857910156,1.4588745832443237
0.6,False,False,False,False,cW1FSBF59ik,1.486648595329118,1.4736371649556668,-0.013011430373451205,-1.0,7,A,3,A,10,2,5,8,0.17689932882785797,0.6946210861206055,0.17794005572795868,0.6915022730827332
0.6,True,False,True,False,cW1FSBF59ik,-0.8729100610296419,-0.8598564074654966,0.013053653564145229,2.200000047683716,8,A,3,TV,11,3,5,8,-0.10408355295658112,0.09384450316429138,-0.09874618053436279,0.09657954424619675
0.6,False,False,False,False,cW1FSBF59ik,-0.32057791461768304,-0.3304224051434801,-0.009844490525797056,2.0,4,A,8,ATV,12,1,3,11,0.7455869913101196,0.8806367516517639,0.7341185212135315,0.8721553683280945
0.6,False,False,False,False,cW1FSBF59ik,-1.7303631175926222,-1.7114457460156416,0.01891737157698059,-1.2000000476837158,2,V,11,V,13,1,1,12,0.6670053601264954,0.12489469349384308,0.6685534119606018,0.13418370485305786
0.6,False,False,False,False,cW1FSBF59ik,-2.9614496397882712,-2.9074679521365745,0.05398168765169675,-2.5999999046325684,3,V,11,AV,14,2,1,12,0.6147560477256775,0.1153649315237999,0.6175207495689392,0.1285475492477417
0.6,False,False,False,False,cW1FSBF59ik,0.18391573656184335,0.18182518146291216,-0.0020905550989311905,3.0,4,V,11,T,15,3,1,12,1.2784947156906128,1.225881576538086,1.2777597904205322,1.2257574796676636
0.6,False,False,False,False,cW1FSBF59ik,0.462818026182898,0.45346197523293696,-0.009356050949961059,2.4000000953674316,5,V,11,V,16,4,1,12,0.8391165137290955,0.6973035335540771,0.8402257561683655,0.7010716199874878
0.6,False,False,False,False,cW1FSBF59ik,0.5874309255557897,0.5759671241124664,-0.011463801443323263,2.5999999046325684,6,V,11,A,17,5,1,12,0.7663440108299255,0.6126084327697754,0.7672797441482544,0.6163592338562012
0.6,False,False,False,False,cW1FSBF59ik,-0.1631036389669731,-0.1606434474758398,0.002460191491133301,0.20000000298023224,7,V,11,V,18,6,1,12,0.8670977354049683,0.7309573888778687,0.8682951331138611,0.7347662448883057
0.6,False,False,False,False,cW1FSBF59ik,0.04358850329246877,0.04236853316615452,-0.0012199701263142515,2.5,8,V,11,T,19,7,1,12,1.2225700616836548,1.2056214809417725,1.2222602367401123,1.205786943435669
0.6,False,False,False,False,cW1FSBF59ik,0.0033750604927149652,0.0032659293353844987,-0.00010913115733046652,1.600000023841858,9,V,11,TV,20,8,1,12,1.3456777334213257,1.339126706123352,1.3451735973358154,1.3388440608978271
0.6,False,False,False,False,cW1FSBF59ik,-0.688320414225938,-0.6855422236359168,0.0027781905900212678,-1.0,7,A,14,A,21,1,6,20,0.8254164457321167,0.625984251499176,0.8254607915878296,0.62688809633255
0.6,False,False,False,False,cW1FSBF59ik,0.20189500138032557,0.19942484928383308,-0.002470152096492484,1.399999976158142,8,A,14,V,22,2,6,20,0.8794975280761719,0.7123824954032898,0.8816478252410889,0.715811550617218
0.6,False,False,False,False,cW1FSBF59ik,-0.3451522350138134,-0.34305248779316955,0.002099747220643877,0.0,9,A,14,A,23,3,6,20,0.9207122325897217,0.7089138031005859,0.9214726686477661,0.7113785147666931
0.6,False,False,False,False,tmZoasNr4rU,-0.13101660218134725,-0.11808878540273682,0.012927816778610435,-0.800000011920929,1,A,3,A,4,3,2,1,-1.1619895696640015,-0.7955460548400879,-1.1455296277999878,-0.7639177441596985
0.6,False,False,False,False,tmZoasNr4rU,0.6827882913802377,0.7143834672549616,0.031595175874723935,-1.7999999523162842,2,A,3,V,5,4,2,1,-1.2332253456115723,-0.7979910969734192,-1.2263872623443604,-0.7785230875015259
0.6,False,False,False,False,tmZoasNr4rU,-0.15724255135701526,-0.16088207243853958,-0.0036395210815243217,-1.0,3,A,3,TV,6,5,2,1,-1.6585816144943237,-1.5258204936981201,-1.6529525518417358,-1.5152329206466675
0.6,False,False,False,False,tmZoasNr4rU,0.08408831366125469,0.08507198813026662,0.0009836744690119303,-2.0,4,A,3,TV,7,1,3,6,-1.607556700706482,-1.5120450258255005,-1.6023136377334595,-1.5068200826644897
0.6,False,False,False,False,tmZoasNr4rU,0.10507773493891648,0.10196584663077601,-0.0031118883081404647,-0.6000000238418579,2,V,6,A,8,1,1,7,-1.4390043020248413,-1.4994475841522217,-1.4438186883926392,-1.502217173576355
0.6,False,False,False,False,tmZoasNr4rU,-0.0623275849793572,-0.05977975126459967,0.0025478337147575303,-1.7999999523162842,3,V,6,A,9,2,1,7,-1.2759833335876465,-1.3392767906188965,-1.280510663986206,-1.3416448831558228
0.6,False,False,False,False,tmZoasNr4rU,-0.01681436589920704,-0.016114015758290634,0.0007003501409164059,-0.6000000238418579,4,V,6,AT,10,3,1,7,-0.32659900188446045,-0.3593057096004486,-0.3297193646430969,-0.36138397455215454
0.6,False,False,False,False,tmZoasNr4rU,-0.8573113645434249,-0.8556092077196809,0.0017021568237440832,-2.200000047683716,4,V,7,V,11,1,3,10,-0.3755113184452057,-0.627916157245636,-0.37122273445129395,-0.6224014759063721
0.6,False,False,False,False,tmZoasNr4rU,-0.03131515231316673,-0.03137979750648512,-6.464519331839114e-05,-0.800000011920929,5,V,7,T,12,2,3,10,-0.41662147641181946,-0.4599059820175171,-0.40791600942611694,-0.4502142667770386
0.6,False,False,False,False,tmZoasNr4rU,-0.027562243240097928,-0.02758122365685267,-1.89804167547436e-05,-2.0,6,V,7,TV,13,3,3,10,-1.6116584539413452,-1.6489346027374268,-1.60906982421875,-1.6461000442504883
0.6,False,False,False,False,tmZoasNr4rU,-0.5233538561114415,-0.5230840196119857,0.0002698364994557778,0.25,4,A,10,TV,14,1,3,13,-1.3627614974975586,-1.191404104232788,-1.362074375152588,-1.1907289028167725
0.6,False,False,False,False,tmZoasNr4rU,0.01233007928533425,0.01131425283574572,-0.0010158264495885305,-1.399999976158142,2,V,13,V,15,1,1,14,-1.1592779159545898,-1.134901523590088,-1.1592479944229126,-1.1367970705032349
0.6,False,False,False,False,tmZoasNr4rU,-0.012052459076144828,-0.011152538961667346,0.0008999201144774815,-1.399999976158142,3,V,13,ATV,16,2,1,14,-1.8338472843170166,-1.8197273015975952,-1.8338496685028076,-1.8208004236221313
0.6,False,False,False,False,tmZoasNr4rU,-0.09233403585858468,-0.09189138175264588,0.00044265410593880006,0.0,3,V,14,AT,17,1,2,16,-2.1947243213653564,-2.1735870838165283,-2.1928024291992188,-2.171748399734497
0.6,False,False,False,False,tmZoasNr4rU,-0.1726494921051298,-0.1736696371305544,-0.0010201450254245792,0.20000000298023224,2,A,16,V,18,1,1,17,-1.5625709295272827,-1.5128942728042603,-1.5626739263534546,-1.512702465057373
0.6,False,False,False,False,tmZoasNr4rU,-0.045588490031150286,-0.04562778168178738,-3.929165063709661e-05,-1.0,3,A,16,AV,19,2,1,17,-1.4285331964492798,-1.3715537786483765,-1.4295734167099,-1.3727003335952759
0.6,False,False,False,False,d6hH302o4v8,-0.03319173791351204,-0.03286563318624758,0.0003261047272644646,-1.0,2,V,8,T,10,1,1,9,-2.0273537635803223,-2.011070728302002,-2.0224969387054443,-2.0062973499298096
0.6,False,False,False,False,d6hH302o4v8,0.012879888983054144,0.01350825946792611,0.0006283704848719651,1.399999976158142,3,V,8,V,11,2,1,9,-0.6251673698425293,-0.6283448338508606,-0.6212435960769653,-0.6245824098587036
0.6,False,False,False,False,d6hH302o4v8,-0.012416300736571628,-0.012992586958464614,-0.0005762862218929854,-2.0,4,V,8,V,12,3,1,9,-0.5925065279006958,-0.5969242453575134,-0.5916792750358582,-0.5962996482849121
0.6,False,False,False,False,d6hH302o4v8,-0.0005982666169188633,-0.0005597715207841247,3.849509613473856e-05,-1.7999999523162842,5,V,8,TV,13,4,1,9,-1.8697667121887207,-1.8653385639190674,-1.8696315288543701,-1.8654887676239014
0.6,False,False,False,False,d6hH302o4v8,-0.008351557390540165,-0.008220841645098176,0.00013071574544198938,-1.75,5,A,9,AT,14,1,4,13,-1.8962316513061523,-1.8641583919525146,-1.9078611135482788,-1.879225730895996
0.6,False,False,False,False,d6hH302o4v8,0.019407757495159217,0.020216969705515453,0.000809212210356236,-2.0,2,V,13,V,15,1,1,14,-1.472993016242981,-1.4548907279968262,-1.4717117547988892,-1.4529118537902832
0.6,False,False,False,False,d6hH302o4v8,0.09267547341984539,0.09888484474377535,0.0062093713239299575,-2.0,3,V,13,A,16,2,1,14,-0.5595512390136719,-0.5277336835861206,-0.5566309094429016,-0.5227731466293335
0.6,False,False,False,False,d6hH302o4v8,0.06988841553912906,0.07305343151222132,0.0031650159730922667,-2.0,4,V,13,V,17,3,1,14,-0.9346565008163452,-0.902345597743988,-0.9342775940895081,-0.9005375504493713
0.6,False,False,False,False,d6hH302o4v8,0.021067690301890707,0.02111586546512001,4.81751632293026e-05,-2.799999952316284,5,V,13,TV,18,4,1,14,-1.8956215381622314,-1.8840479850769043,-1.8958888053894043,-1.884285569190979
0.6,False,False,False,False,d6hH302o4v8,-0.03456311014952007,-0.03260439393173087,0.0019587162177892026,1.0,5,A,14,T,19,1,4,18,0.608332097530365,0.6552672982215881,0.628673791885376,0.6755331158638
0.6,False,False,False,False,d6hH302o4v8,0.04600123746558893,0.04672907134954585,0.0007278338839569187,-2.4000000953674316,6,A,14,AT,20,2,4,18,-1.7498013973236084,-1.7153398990631104,-1.7482924461364746,-1.713376522064209
0.6,False,False,False,False,d6hH302o4v8,0.06718643253008239,0.06494968160109238,-0.0022367509289900056,-1.0,3,V,18,V,21,1,2,20,-1.1504255533218384,-0.700309693813324,-1.1500887870788574,-0.7042360305786133
0.6,False,False,False,False,d6hH302o4v8,0.578170128408587,0.5512478942186618,-0.02692223418992512,-2.5999999046325684,4,V,18,A,22,2,2,20,-1.5408185720443726,-1.2961459159851074,-1.546410322189331,-1.3110860586166382
0.6,False,False,False,False,d6hH302o4v8,0.3526554193367275,0.3454326761664106,-0.007222743170316903,-2.799999952316284,5,V,18,ATV,23,3,2,20,-1.6961140632629395,-1.546517014503479,-1.698371171951294,-1.5513932704925537
0.6,False,False,False,False,d6hH302o4v8,-0.040754347263671775,-0.04085656488337008,-0.00010221761969830823,-1.600000023841858,4,A,20,TV,24,1,3,23,-1.95729660987854,-1.8947991132736206,-1.9563326835632324,-1.893455982208252
0.6,False,False,False,False,d6hH302o4v8,-0.03460584328315974,-0.03184665267718856,0.0027591906059711846,-2.5999999046325684,2,A,23,AT,25,1,1,24,-1.960760235786438,-1.988426923751831,-1.970452070236206,-1.9962749481201172
0.6,False,False,False,False,d6hH302o4v8,0.057465257506464695,0.11896402805932382,0.06149877055285913,-2.5999999046325684,2,V,24,T,26,1,1,25,-1.7271158695220947,-1.6947972774505615,-1.6188949346542358,-1.5600330829620361
0.6,False,False,False,False,d6hH302o4v8,0.07516663653455069,0.14514610139239625,0.06997946485784556,-1.0,3,V,24,A,27,2,1,25,-0.6071261167526245,-0.5209211707115173,-0.4320210814476013,-0.3160803020000458
0.6,False,False,False,False,d6hH302o4v8,0.1492718236302828,0.24696735427637506,0.09769553064609227,-1.7999999523162842,4,V,24,A,28,3,1,25,-0.8735230565071106,-0.7961915731430054,-0.7063714861869812,-0.5987545251846313
0.6,False,False,False,False,d6hH302o4v8,0.5783681331311925,0.6298425876275324,0.051474454496339916,-2.799999952316284,5,V,24,V,29,4,1,25,-0.39223045110702515,-0.27498072385787964,-0.37389689683914185,-0.2473897933959961
0.6,False,False,False,False,d6hH302o4v8,0.10017015929939532,0.12698695237625657,0.026816793076861245,-1.399999976158142,6,V,24,A,30,5,1,25,-0.7686834335327148,-0.6937912702560425,-0.7140596508979797,-0.6270180344581604
0.6,False,False,False,False,d6hH302o4v8,0.07804661760737575,0.08256441443653895,0.004517796829163201,-0.6000000238418579,7,V,24,ATV,31,6,1,25,0.18634867668151855,0.23450036346912384,0.2018761932849884,0.2518038749694824
0.6,False,False,False,False,d6hH302o4v8,-0.44020067595624823,-0.44659734921589234,-0.006396673259644103,-3.0,7,A,25,TV,32,1,6,31,-1.7108430862426758,-1.8946833610534668,-1.7135446071624756,-1.9007411003112793
0.6,False,False,False,False,d6hH302o4v8,1.3764697770998957,1.2806059646224561,-0.09586381247743958,-3.0,2,A,31,A,33,1,1,32,-0.7873788475990295,-0.495571494102478,-0.7964231967926025,-0.5228329300880432
0.6,False,False,False,False,d6hH302o4v8,-0.07772799863346336,-0.0769165038641404,0.0008114947693229624,-1.600000023841858,3,A,31,TV,34,2,1,32,-1.9322829246520996,-1.7807869911193848,-1.9426391124725342,-1.8012089729309082
0.6,False,False,False,False,d6hH302o4v8,0.5542243361626227,0.5768504740228764,0.022626137860253692,-2.200000047683716,3,V,32,A,35,1,2,34,-1.1508196592330933,-0.9135305285453796,-1.144163727760315,-0.8993691205978394
0.6,False,False,False,False,d6hH302o4v8,0.5437214717149033,0.5656705851706256,0.02194911345572237,-2.200000047683716,4,V,32,A,36,2,2,34,-1.1573841571807861,-0.92298424243927,-1.1508303880691528,-0.909098207950592
0.6,False,False,False,False,d6hH302o4v8,0.12457508210172819,0.1265268084907234,0.001951726388995212,-3.0,5,V,32,T,37,3,2,34,-2.145451068878174,-2.075430393218994,-2.147138833999634,-2.0759334564208984
0.6,False,False,False,False,d6hH302o4v8,0.2871978091775276,0.29456850499735765,0.007370695819830075,-3.0,6,V,32,A,38,4,2,34,-1.1024962663650513,-1.0282702445983887,-1.0956628322601318,-1.0198311805725098
0.6,False,False,False,False,d6hH302o4v8,0.001318279678827139,0.0019987668594900754,0.0006804871806629365,-1.0,7,V,32,AT,39,5,2,34,-0.9966666102409363,-0.963539183139801,-0.986504077911377,-0.9532998204231262
0.6,False,False,False,False,d6hH302o4v8,-0.6299889998817036,-0.5840142134333064,0.045974786448397253,-2.4000000953674316,6,V,34,A,40,1,5,39,-0.3482521176338196,-0.5079956650733948,-0.3852868676185608,-0.5358501076698303
0.6,False,False,False,False,d6hH302o4v8,-0.048926159541181846,-0.0388762128928164,0.010049946648365449,-1.399999976158142,7,V,34,A,41,2,5,39,-1.1394314765930176,-1.262269139289856,-1.1715556383132935,-1.2846283912658691
0.6,False,False,False,False,d6hH302o4v8,-0.24628293881183083,-0.22065940187125932,0.025623536940571512,-2.5,8,V,34,A,42,3,5,39,-1.3111249208450317,-1.4196569919586182,-1.3403551578521729,-1.4397562742233276
0.6,False,False,False,False,dq3Nf_lMPnE,-2.4616322057711812,-2.5652104271214284,-0.10357822135024719,1.2000000476837158,1,A,3,V,4,3,2,1,-1.392479419708252,-0.8638113737106323,-1.374792456626892,-0.8160222768783569
0.6,False,False,False,False,dq3Nf_lMPnE,-0.4843832243904842,-0.4955301355456072,-0.011146911155123007,0.800000011920929,2,A,3,AT,5,4,2,1,-1.5853215456008911,-1.4815292358398438,-1.5715062618255615,-1.4646217823028564
0.6,False,False,False,False,dq3Nf_lMPnE,-0.003446727481204448,-0.003973319411329612,-0.0005265919301251643,-2.0,3,A,3,TV,6,1,2,5,-1.9246578216552734,-1.9527801275253296,-1.9173153638839722,-1.9464889764785767
0.6,False,False,False,False,dq3Nf_lMPnE,-0.301409134714433,-0.2888506627365359,0.012558471977897057,0.6000000238418579,2,A,5,V,7,1,1,6,-1.4025765657424927,-1.3258514404296875,-1.4105641841888428,-1.3373997211456299
0.6,False,False,False,False,dq3Nf_lMPnE,-0.025458191932898444,-0.024246757326920942,0.0012114346059775016,-0.800000011920929,3,A,5,T,8,2,1,6,-1.461954116821289,-1.4424368143081665,-1.473227620124817,-1.454972267150879
0.6,False,False,False,False,dq3Nf_lMPnE,-0.0841821876582145,-0.0821218298846702,0.002060357773544297,1.0,4,A,5,A,9,3,1,6,-1.1325002908706665,-1.1126701831817627,-1.1335821151733398,-1.1142494678497314
0.6,False,False,False,False,dq3Nf_lMPnE,-0.007185739551005099,-0.007123213168824805,6.25263821802946e-05,-0.6000000238418579,5,A,5,AT,10,4,1,6,-1.173341989517212,-1.1670408248901367,-1.1717826128005981,-1.1655193567276
0.6,False,False,False,False,dq3Nf_lMPnE,0.0039381249195002965,0.004275556184438756,0.0003374312649384592,-1.600000023841858,5,V,6,AT,11,1,4,10,-2.157554864883423,-2.1610753536224365,-2.169973373413086,-2.1737117767333984
0.6,False,False,False,False,dq3Nf_lMPnE,-0.014562179821083987,-0.014250395593577991,0.00031178422750599566,-1.2000000476837158,2,A,10,A,12,1,1,11,-1.3325095176696777,-1.2547410726547241,-1.3325815200805664,-1.2576841115951538
0.6,False,False,False,False,dq3Nf_lMPnE,-0.033381081047281214,-0.03372586373621633,-0.0003447826889351191,-1.7999999523162842,3,A,10,AT,13,2,1,11,0.18006938695907593,0.17162209749221802,0.18214336037635803,0.17361760139465332
0.6,False,False,False,False,dq3Nf_lMPnE,0.09282261940701986,0.09296222641188834,0.00013960700486848054,1.0,3,A,11,T,14,1,2,13,1.0166479349136353,0.6948774456977844,1.0173096656799316,0.6946119666099548
0.6,True,False,True,False,k5Y_838nuGo,-3.164165556735286,-3.2106873887157406,-0.046521831980454564,2.0,3,A,2,V,5,1,2,4,-0.6493647694587708,0.03659272566437721,-0.5887688994407654,0.1315682977437973
0.6,False,True,False,True,k5Y_838nuGo,3.1576497269932347,3.1335630391989575,-0.02408668779427714,-2.4000000953674316,4,A,2,AV,6,2,2,4,-0.36639007925987244,0.3005960285663605,-0.3631365895271301,0.2985876798629761
0.6,False,False,False,False,k5Y_838nuGo,-0.10352193851657887,-0.11102383295309437,-0.007501894436515499,-1.399999976158142,1,A,6,T,7,3,2,4,-1.821023941040039,-1.671549677848816,-1.8338907957077026,-1.677916169166565
0.6,False,False,False,False,k5Y_838nuGo,-0.7058483689917403,-0.745494239698627,-0.03964587070688674,1.7999999523162842,2,A,6,V,8,4,2,4,-0.2807391285896301,-0.10358265787363052,-0.2573954164981842,-0.06745325028896332
0.6,False,False,False,False,k5Y_838nuGo,-0.9562295451746081,-0.9605899238479187,-0.0043603786733106276,2.0,3,A,6,AV,9,5,2,4,-0.5833079218864441,-0.3910772204399109,-0.573045015335083,-0.3790692985057831
0.6,False,False,False,False,k5Y_838nuGo,0.03012102772308367,0.03164492767643878,0.0015238999533551123,0.5,4,A,6,TV,10,6,2,4,0.940486490726471,0.9734441637992859,0.9501004815101624,0.9839786887168884
0.6,False,False,False,False,k5Y_838nuGo,1.6116780517187401,1.6107761730890466,-0.0009018786296934866,0.20000000298023224,2,A,9,A,11,1,1,10,-0.08979592472314835,-1.102174997329712,-0.07335865497589111,-1.0982685089111328
0.6,False,True,False,True,k5Y_838nuGo,2.0894685505205075,2.0917651329593756,0.0022965824388681,0.6000000238418579,3,A,9,A,12,2,1,10,0.042898714542388916,-0.9491385817527771,0.05644114315509796,-0.9450635313987732
0.6,False,False,False,False,k5Y_838nuGo,-0.27046077301262983,-0.27485118713320844,-0.004390414120578612,-1.7999999523162842,4,A,9,T,13,3,1,10,-1.0776557922363281,-1.298681378364563,-1.0717263221740723,-1.2944989204406738
0.6,True,False,True,False,k5Y_838nuGo,-0.601065290756658,-0.6079782310086725,-0.006912940252014499,-0.800000011920929,5,A,9,V,14,4,1,10,0.18080291152000427,-0.19924291968345642,0.18726873397827148,-0.1944247931241989
0.6,False,False,False,False,k5Y_838nuGo,0.16172452068866505,0.1614746371901532,-0.0002498834985118492,0.25,6,A,9,T,15,5,1,10,-1.4045379161834717,-1.452709674835205,-1.4026471376419067,-1.4507989883422852
0.6,False,False,False,False,k5Y_838nuGo,0.28497585574905315,0.2857670719028569,0.000791216153803731,0.800000011920929,7,A,9,AV,16,6,1,10,-0.4749448299407959,-0.5821939706802368,-0.4733423590660095,-0.5810024738311768
0.6,False,False,False,False,k5Y_838nuGo,0.0038665598848126592,0.003954474327855451,8.791444304279139e-05,0.4000000059604645,8,A,9,T,17,7,1,10,0.7741345763206482,0.7792667150497437,0.7755886912345886,0.7808166742324829
0.6,False,False,False,False,k5Y_838nuGo,-0.1295953427106049,-0.12975572617631315,-0.00016038346570823592,-0.6000000238418579,9,A,9,AV,18,8,1,10,0.5930089354515076,0.5373983383178711,0.593254804611206,0.5375857353210449
0.6,False,False,False,False,k5Y_838nuGo,0.001840388921102054,0.0018237391094260147,-1.6649811676039405e-05,0.4000000059604645,10,A,9,V,19,9,1,10,0.4172230362892151,0.3537720739841461,0.41738685965538025,0.353890985250473
0.6,False,False,False,False,k5Y_838nuGo,0.00027473735864447235,3.765911790454268e-05,-0.00023707824073992967,-0.20000000298023224,11,A,9,T,20,10,1,10,-1.7043042182922363,-1.7043955326080322,-1.7043155431747437,-1.7043280601501465
0.6,False,False,False,False,k5Y_838nuGo,0.031019480784184594,0.03111823793241797,9.875714823337489e-05,0.4000000059604645,12,A,9,V,21,11,1,10,-0.2562013566493988,-0.2794260084629059,-0.2557500898838043,-0.2790628969669342
0.6,False,False,False,False,k5Y_838nuGo,0.01621300041711571,0.0162513908297246,3.8390412608890756e-05,-0.20000000298023224,13,A,9,T,22,12,1,10,0.3680667281150818,0.3821621835231781,0.3683694005012512,0.38249048590660095
0.6,False,False,False,False,k5Y_838nuGo,-0.005449444172408668,-0.005437651622255402,1.1792550153266745e-05,0.6000000238418579,14,A,9,TV,23,13,1,10,0.320173442363739,0.33008620142936707,0.3204902410507202,0.3303927779197693
0.6,False,False,False,False,k5Y_838nuGo,0.03323249585441701,0.031073380199314826,-0.002159115655102184,-0.20000000298023224,6,A,18,T,24,1,5,23,-0.9407309889793396,-0.9628334641456604,-0.9378935098648071,-0.9586568474769592
0.6,False,False,False,False,k5Y_838nuGo,0.1904866659392459,0.1862025421303315,-0.0042841238089144085,2.0,7,A,18,V,25,2,5,23,-0.3898918926715851,-0.42941761016845703,-0.3870335817337036,-0.42572295665740967
0.6,False,False,False,False,k5Y_838nuGo,0.012296548401593554,0.012070990373086232,-0.0002255580285073222,-0.800000011920929,8,A,18,A,26,3,5,23,-0.9327457547187805,-0.9729681611061096,-0.9337211847305298,-0.9730674624443054
0.6,False,False,False,False,k5Y_838nuGo,-0.0029329532708288752,-0.0034514799586276013,-0.000518526687798726,2.0,9,A,18,T,27,4,5,23,1.1424798965454102,1.1441917419433594,1.1457703113555908,1.147792935371399
0.6,False,False,False,False,k5Y_838nuGo,-0.014234390756957538,-0.013810052239360715,0.00042433851759682284,-0.75,10,A,18,V,28,5,5,23,0.854415237903595,0.8499730825424194,0.85223388671875,0.8479184508323669
0.6,False,False,False,False,k5Y_838nuGo,0.02409472766070664,0.023631842909765055,-0.00046288475094158343,1.600000023841858,11,A,18,A,29,6,5,23,0.46378129720687866,0.45322728157043457,0.46022719144821167,0.44990700483322144
0.6,False,False,False,False,k5Y_838nuGo,0.0008595158864750374,0.0009089372715607169,4.9421385085679503e-05,-1.0,12,A,18,T,30,7,5,23,-1.550675630569458,-1.5514554977416992,-1.5448291301727295,-1.5456626415252686
0.6,False,False,False,False,iiK8YX8oH1E,-0.05071674185125019,-0.045400913746990845,0.005315828104259346,-1.0,7,A,0,TV,7,1,6,6,0.34218400716781616,0.3231557607650757,0.3440172076225281,0.32701972126960754
0.6,False,False,False,False,iiK8YX8oH1E,0.14346057156382375,0.15046823936891496,0.007007667805091211,0.4000000059604645,2,A,6,AT,8,1,1,7,-0.1394205242395401,-0.25911688804626465,-0.15919852256774902,-0.28056684136390686
0.6,False,False,False,False,iiK8YX8oH1E,-0.34541225517705243,-0.3491784879170865,-0.00376623274003407,0.0,2,V,7,TV,9,1,1,8,-1.393941044807434,-1.263985514640808,-1.3840843439102173,-1.251603364944458
0.6,False,False,False,False,iiK8YX8oH1E,-0.5621235267352396,-0.562532269902273,-0.00040874316703343183,1.0,2,A,8,A,10,1,1,9,-0.32000717520713806,-0.08641401678323746,-0.3166782259941101,-0.0821780264377594
0.6,False,False,False,False,iiK8YX8oH1E,-0.9711468936020182,-0.9711402671241993,6.62647781890513e-06,1.7999999523162842,3,A,8,A,11,2,1,9,-0.41466811299324036,-0.18333253264427185,-0.4111694395542145,-0.17942668497562408
0.6,False,False,False,False,iiK8YX8oH1E,0.14059109075623155,0.1420695934722147,0.0014785027159831543,-2.0,4,A,8,TV,12,3,1,9,-1.182811975479126,-1.1008963584899902,-1.1808382272720337,-1.0982818603515625
0.6,False,False,False,False,iiK8YX8oH1E,-0.07378300055324871,-0.06978246464126059,0.004000535911988123,-1.2000000476837158,4,V,9,V,13,1,3,12,-0.5217353701591492,-0.5785018801689148,-0.5214395523071289,-0.574970543384552
0.6,False,False,False,False,iiK8YX8oH1E,0.027390948973225582,0.026439082703645367,-0.0009518662695802149,0.6000000238418579,5,V,9,T,14,2,3,12,-0.13450102508068085,-0.15291613340377808,-0.13546378910541534,-0.15322378277778625
0.6,False,False,False,False,iiK8YX8oH1E,-0.007582413568900603,-0.007157556307251622,0.00042485726164898097,0.0,6,V,9,V,15,3,3,12,0.1409512162208557,0.11083696037530899,0.14137697219848633,0.11326911300420761
0.6,False,False,False,False,iiK8YX8oH1E,0.10556857815846854,0.09901922804161067,-0.006549350116857866,1.600000023841858,7,V,9,V,16,4,3,12,0.040994539856910706,0.007496749982237816,0.04160863906145096,0.010156340897083282
0.6,False,False,False,False,iiK8YX8oH1E,-0.012393443820962746,-0.011838303619127188,0.0005551402018355578,-1.0,8,V,9,T,17,5,3,12,-0.2064337283372879,-0.21428123116493225,-0.2076278179883957,-0.21513353288173676
0.6,False,False,False,False,tStelxIAHjw,0.4718954770567052,0.49595176675401476,0.024056289697309552,-2.200000047683716,3,A,1,V,4,1,2,3,-0.6942489147186279,-0.5449526309967041,-0.6779693961143494,-0.5229403972625732
0.6,False,False,False,False,tStelxIAHjw,-0.03466472363388107,-0.032119824542785835,0.002544899091095232,1.600000023841858,4,A,1,TV,5,2,2,3,0.8803510069847107,0.904852569103241,0.9051022529602051,0.9286110997200012
0.6,False,True,False,True,tStelxIAHjw,3.4367312213460934,3.437809423337721,0.0010782019916275587,1.399999976158142,3,A,3,A,6,1,2,5,0.2642325758934021,-0.7740972638130188,0.26455119252204895,-0.7741788029670715
0.6,True,False,True,False,tStelxIAHjw,-4.501045813577714,-4.488957645868542,0.012088167709172204,-2.0,4,A,3,AV,7,2,2,5,0.611258327960968,-0.47762545943260193,0.6089974045753479,-0.47753167152404785
0.6,False,False,False,False,tStelxIAHjw,0.00987046430304872,0.01843424094204238,0.008563776638993659,-1.399999976158142,1,A,7,T,8,3,2,5,-1.2717888355255127,-1.5621991157531738,-1.2909326553344727,-1.5741548538208008
0.6,False,False,False,False,tStelxIAHjw,0.2598573190678266,0.24595885895809033,-0.013898460109736277,-0.4000000059604645,2,A,7,A,9,4,2,5,-0.6221662759780884,-0.9560711979866028,-0.6272405385971069,-0.9455246329307556
0.6,False,False,False,False,tStelxIAHjw,-0.3633586025056701,-0.35000893367964636,0.01334966882602373,-2.799999952316284,3,A,7,TV,10,5,2,5,-1.411153793334961,-1.5487865209579468,-1.4152252674102783,-1.5479648113250732
0.6,False,False,False,False,tStelxIAHjw,0.004993466808500102,0.004869664996704159,-0.00012380181179594274,-1.0,4,A,7,AT,11,1,3,10,-1.1030775308609009,-1.1249737739562988,-1.1045351028442383,-1.1256871223449707
0.6,False,False,False,False,tStelxIAHjw,0.043403699626921366,0.043901187440610556,0.0004974878136891903,-1.600000023841858,2,V,10,TV,12,1,1,11,-1.446913480758667,-1.341467261314392,-1.4495477676391602,-1.3420522212982178
0.6,False,False,False,False,tStelxIAHjw,0.13408672184063164,0.1377477270086871,0.0036610051680554534,-1.7999999523162842,2,A,11,T,13,1,1,12,-1.413964033126831,-1.2679187059402466,-1.401395559310913,-1.2553595304489136
0.6,False,False,False,False,tStelxIAHjw,-0.3359482142499388,-0.3340749384937709,0.0018732757561679136,0.4000000059604645,3,A,11,A,14,2,1,12,-0.8592154383659363,-0.7178887724876404,-0.8525012731552124,-0.7111635804176331
0.6,False,False,False,False,tStelxIAHjw,-0.3009847869750011,-0.29780620018854187,0.0031785867864592143,0.800000011920929,4,A,11,AV,15,3,1,12,-0.24461397528648376,-0.08895082771778107,-0.23800788819789886,-0.08298028260469437
0.6,False,False,False,False,nbWiPyCm4g0,0.06813027547723038,0.05965585924053585,-0.008474416236694537,-2.200000047683716,6,A,1,T,7,1,5,6,-1.3599721193313599,-1.3203539848327637,-1.343409538269043,-1.3092682361602783
0.6,False,False,False,False,nbWiPyCm4g0,-0.012706641442846944,-0.01123092052711172,0.0014757209157352236,-1.399999976158142,7,A,1,AT,8,2,5,6,-1.7263717651367188,-1.7062872648239136,-1.7074793577194214,-1.6886392831802368
0.6,False,False,False,False,nbWiPyCm4g0,-0.41432967753095795,-0.43136995940797007,-0.01704028187701212,1.2000000476837158,3,A,6,V,9,1,2,8,-0.8050839304924011,-0.6989554762840271,-0.7973579168319702,-0.6862843632698059
0.6,False,False,False,False,etzxEpPuc6I,-0.08706930803895757,-0.10633037553635571,-0.019261067497398143,0.800000011920929,3,V,0,AT,3,1,2,2,0.10501592606306076,0.17076748609542847,0.07354218512773514,0.15083855390548706
0.6,False,False,False,False,etzxEpPuc6I,0.007663338006521414,0.007503094625515239,-0.0001602433810061754,0.0,2,V,2,TV,4,1,1,3,-0.1524827629327774,-0.17582471668720245,-0.1492108404636383,-0.17253106832504272
0.6,False,False,False,False,etzxEpPuc6I,0.0011154295082098642,0.0012003022185540502,8.487271034418598e-05,0.4000000059604645,2,A,3,ATV,5,1,1,4,0.4802210330963135,0.4868955910205841,0.49467703700065613,0.5008168816566467
0.6,False,False,False,False,etzxEpPuc6I,0.079633619978142,0.10296735885449726,0.02333373887635526,-1.2000000476837158,2,V,4,V,6,1,1,5,-0.055215708911418915,-0.020947545766830444,-0.07283646613359451,-0.028050774708390236
0.6,False,False,False,False,etzxEpPuc6I,0.02624374050474998,0.043274039514836216,0.017030299010086236,-1.0,3,V,4,A,7,2,1,5,-0.10727456957101822,-0.0926949605345726,-0.14229166507720947,-0.11742556840181351
0.6,False,False,False,False,etzxEpPuc6I,0.10325017663487923,0.1525720452692667,0.04932186863438748,-2.799999952316284,4,V,4,V,8,3,1,5,-0.3942638337612152,-0.37289953231811523,-0.3951963186264038,-0.36368048191070557
0.6,False,False,False,False,etzxEpPuc6I,0.023906341490129712,0.04766480809584461,0.0237584666057149,-1.399999976158142,5,V,4,AV,9,4,1,5,-0.2748259902000427,-0.26425227522850037,-0.2700375020503998,-0.2491394281387329
0.6,False,False,False,False,etzxEpPuc6I,0.026573613030040466,0.055068048321881946,0.02849443529184148,-1.600000023841858,6,V,4,A,10,5,1,5,-0.11693265289068222,-0.10800054669380188,-0.11430207639932632,-0.09588352590799332
0.6,False,False,False,False,etzxEpPuc6I,-0.0030743463410232152,-0.03587581036630283,-0.032801464025279614,0.6666666865348816,7,V,4,AV,11,6,1,5,-0.9572164416313171,-0.9562695622444153,-0.9489666819572449,-0.9378255605697632
0.6,False,False,False,False,etzxEpPuc6I,0.005052719010620876,0.008781746476699936,0.00372902746607906,-2.200000047683716,8,V,4,AT,12,7,1,5,-1.611452341079712,-1.607175350189209,-1.612048864364624,-1.6046276092529297
0.6,False,False,False,False,etzxEpPuc6I,0.14013281201273742,0.1493622712193492,0.009229459206611779,-1.2000000476837158,2,A,11,A,13,1,1,12,-1.1009478569030762,-0.8127738237380981,-1.084847331047058,-0.7967353463172913
0.6,False,False,False,False,etzxEpPuc6I,-0.4092636265287801,-0.3940690082883709,0.015194618240409241,0.20000000298023224,3,A,11,A,14,2,1,12,-0.6012473702430725,-0.28242483735084534,-0.5810401439666748,-0.2647092640399933
0.6,False,False,False,False,etzxEpPuc6I,0.891999329873272,0.8466954277591867,-0.045303902114085304,-2.4000000953674316,4,A,11,AV,15,3,1,12,-1.0967888832092285,-0.7905409336090088,-1.0979068279266357,-0.8055903911590576
0.6,False,False,False,False,etzxEpPuc6I,-0.24724749371842591,-0.24272611143540246,0.004521382283023456,-0.4000000059604645,5,A,11,AV,16,4,1,12,-0.9550269246101379,-0.6465915441513062,-0.9627283811569214,-0.6719138026237488
0.6,False,False,False,False,etzxEpPuc6I,-1.2181960682981163,-1.1650407659167286,0.05315530238138777,1.399999976158142,6,A,11,A,17,5,1,12,-0.8888466954231262,-0.6051491498947144,-0.89683997631073,-0.6274203062057495
0.6,False,False,False,False,etzxEpPuc6I,-0.16548000769944338,-0.15957092967482822,0.005909078024615155,-0.5,7,A,11,T,18,6,1,12,-1.3866312503814697,-1.2878038883209229,-1.3878720998764038,-1.2929350137710571
0.6,False,False,False,False,v0zCBqDeKcE,-1.0505300985938675,-0.9788192907107209,0.07171080788314654,2.0,4,A,0,V,4,1,3,3,0.3543332815170288,0.7124873399734497,0.3836042284965515,0.7217527627944946
0.6,False,False,False,False,v0zCBqDeKcE,-0.22932380728826374,-0.22811510632026089,0.0012087009680028515,0.800000011920929,5,A,0,AV,5,2,3,3,0.3074515461921692,0.684760332107544,0.3044288456439972,0.6678044199943542
0.6,False,False,False,False,v0zCBqDeKcE,-1.0328534141523955,-0.9948297761024638,0.038023638049931696,1.399999976158142,1,A,5,A,6,3,2,3,0.023268310353159904,0.47127145528793335,0.03956236690282822,0.47481852769851685
0.6,True,False,True,False,v0zCBqDeKcE,-1.7816186623616455,-1.7584507270132974,0.023167935348348045,1.7999999523162842,2,A,5,AV,7,4,2,3,-0.19912080466747284,0.3117576539516449,-0.19341319799423218,0.3116299510002136
0.6,False,False,False,False,v0zCBqDeKcE,-0.06528086326888172,-0.06370381417298177,0.0015770490958999517,1.7999999523162842,3,A,5,TV,8,5,2,3,1.240596890449524,1.3023545742034912,1.2431598901748657,1.303646206855774
0.6,False,False,False,False,v0zCBqDeKcE,0.15163062961808293,0.1480763934558098,-0.0035542361622731278,2.200000047683716,2,A,7,TV,9,1,1,8,1.3753132820129395,1.288002848625183,1.3815425634384155,1.2955946922302246
0.6,False,False,False,False,v0zCBqDeKcE,0.08237639985607359,0.08878505130655512,0.006408651450481528,1.600000023841858,2,V,8,ATV,10,1,1,9,0.873771071434021,0.8191127777099609,0.879011332988739,0.8198655843734741
0.6,False,False,False,False,v0zCBqDeKcE,-0.11928457321143071,-0.12429587631481809,-0.005011303103387377,-0.4000000059604645,2,V,9,T,11,1,1,10,-1.5376569032669067,-1.4839643239974976,-1.5699095726013184,-1.5155234336853027
0.6,False,False,False,False,v0zCBqDeKcE,0.008473042787500162,0.007767208251802771,-0.0007058345356973916,1.7999999523162842,3,V,9,T,12,2,1,10,0.6467858552932739,0.6431180238723755,0.6280731558799744,0.6247639656066895
0.6,False,False,False,False,v0zCBqDeKcE,0.009585355574400545,0.00845197622577576,-0.0011333793486247856,1.5,4,V,9,TV,13,3,1,10,0.40700504183769226,0.40262889862060547,0.4047629237174988,0.4009111821651459
0.6,False,False,False,False,v0zCBqDeKcE,3.1506719837132255,3.1246563022937712,-0.026015681419454317,2.4000000953674316,4,A,10,V,14,1,3,13,-0.07692467421293259,-0.647265613079071,-0.061940647661685944,-0.6308097839355469
0.6,False,False,False,False,v0zCBqDeKcE,0.1071813296648827,0.10408670223250738,-0.0030946274323753187,0.0,5,A,10,T,15,2,3,13,-0.5204562544822693,-0.6148626208305359,-0.5030733346939087,-0.5976365804672241
0.6,True,False,True,False,tIrG4oNLFzE,-1.2225103121946503,-1.3077830584006023,-0.08527274620595193,0.4000000059604645,2,A,2,V,4,1,1,3,-0.7191420793533325,0.5731146931648254,-0.7563161253929138,0.5711255073547363
0.6,True,False,True,False,tIrG4oNLFzE,-2.3646885940003743,-2.337078328812159,0.02761026518821552,1.25,3,A,2,A,5,2,1,3,-0.36367979645729065,0.7608436942100525,-0.3556753695011139,0.7589653134346008
0.6,False,True,False,True,tIrG4oNLFzE,3.4093304132532687,3.341255022949909,-0.06807539030335974,-1.399999976158142,4,A,2,AV,6,3,1,3,-0.5562009215354919,0.6301052570343018,-0.6015585660934448,0.5946838855743408
0.6,False,False,False,False,tIrG4oNLFzE,-0.25286041007859694,-0.24994991755499996,0.002910492523596986,-1.2000000476837158,5,A,2,AT,7,4,1,3,-1.7787514925003052,-1.4865185022354126,-1.7693089246749878,-1.4723283052444458
0.6,False,False,False,False,tIrG4oNLFzE,-0.2945702870658806,-0.29521990330852077,-0.0006496162426401497,-1.0,2,A,6,ATV,8,1,1,7,-1.7358285188674927,-1.4968634843826294,-1.7337273359298706,-1.4930881261825562
0.6,False,False,False,False,tIrG4oNLFzE,0.1178395931343239,0.12501268808010835,0.007173094945784442,-1.7999999523162842,2,A,7,V,9,1,1,8,-1.0136679410934448,-0.9420036673545837,-1.0157009363174438,-0.9396874308586121
0.6,False,False,False,False,tIrG4oNLFzE,0.06977384701665201,0.07376380957822448,0.003989962561572469,-1.600000023841858,3,A,7,TV,10,2,1,8,-0.843626856803894,-0.7988294959068298,-0.8477186560630798,-0.8001931309700012
0.6,False,False,False,False,tIrG4oNLFzE,-0.12811262127161172,-0.1311768585685087,-0.0030642372968969767,-2.5999999046325684,3,A,8,V,11,1,2,10,-1.4392857551574707,-1.4958510398864746,-1.4324594736099243,-1.4900567531585693
0.6,False,False,False,False,tIrG4oNLFzE,-3.473135262765936e-05,-0.0003100239109699032,-0.00027529255834224386,-2.0,4,A,8,T,12,2,2,10,-1.9921629428863525,-2.0051660537719727,-1.9816224575042725,-1.9947359561920166
0.6,False,False,False,False,tIrG4oNLFzE,-0.017242625917457843,-0.017895608241190075,-0.0006529823237322319,-2.4000000953674316,5,A,8,A,13,3,2,10,-0.9465941190719604,-0.9525380730628967,-0.9455365538597107,-0.9517015814781189
0.6,False,False,False,False,tIrG4oNLFzE,-0.026941051908533353,-0.029285611671742373,-0.00234455976320902,-2.0,6,A,8,V,14,4,2,10,-0.5205303430557251,-0.5296635031700134,-0.5147934556007385,-0.5246855020523071
0.6,False,False,False,False,tIrG4oNLFzE,0.000832862898505482,0.0008362059162436708,3.3430177381887916e-06,-1.600000023841858,7,A,8,AT,15,5,2,10,-1.7131754159927368,-1.7167969942092896,-1.7127177715301514,-1.7163679599761963
0.6,False,False,False,False,tIrG4oNLFzE,-0.01861686914840277,-0.020483258714861563,-0.0018663895664587926,-0.4000000059604645,6,V,10,TV,16,1,5,15,-0.8802792429924011,-0.8604902625083923,-0.8848368525505066,-0.8632315993309021
0.6,False,False,False,False,tIrG4oNLFzE,-0.3346023062512593,-0.3405258865681171,-0.005923580316857802,-2.200000047683716,2,A,15,V,17,1,1,16,-0.20887070894241333,-0.2947458028793335,-0.1979179084300995,-0.28484809398651123
0.6,False,True,False,True,cM3Yna7AavY,4.131862587575636,4.1343064068919535,0.0024438193163174304,1.0,2,A,0,A,2,1,1,1,0.006377022713422775,-1.2625536918640137,0.04471694678068161,-1.246524453163147
0.6,False,False,False,False,cM3Yna7AavY,0.6744715101189627,0.6781240965742548,0.003652586455292095,0.6000000238418579,3,A,0,T,3,2,1,1,-0.5269572138786316,-0.7944547533988953,-0.5002596378326416,-0.7742981314659119
0.6,False,False,False,False,cM3Yna7AavY,0.20887126682931978,0.18812318851423981,-0.020748078315079965,2.799999952316284,4,A,0,TV,4,3,1,1,1.2554967403411865,1.1892977952957153,1.2860441207885742,1.2251394987106323
0.6,False,True,False,True,cM3Yna7AavY,6.452025118055676,6.253352281783446,-0.1986728362722303,2.799999952316284,4,V,1,A,5,1,3,4,0.6068494319915771,-0.555880606174469,0.6922526955604553,-0.4704664945602417
0.6,False,True,False,True,cM3Yna7AavY,5.102496834485578,5.326137417532038,0.2236405830464605,3.0,5,V,1,V,6,2,3,4,0.888451874256134,-0.09210807085037231,0.8858503699302673,-0.129818856716156
0.6,True,False,True,False,cM3Yna7AavY,-1.302325835376294,-1.3548681908140026,-0.052542355437708466,-0.6000000238418579,6,V,1,A,7,3,3,4,0.5489797592163086,-0.46647584438323975,0.5704648494720459,-0.47703731060028076
0.6,True,False,True,False,cM3Yna7AavY,-0.17591655796297267,-0.10876849515315534,0.06714806280981733,-0.20000000298023224,7,V,1,V,8,4,3,4,0.3956316411495209,-0.6229190230369568,0.37947916984558105,-0.6764741539955139
0.6,False,True,False,True,cM3Yna7AavY,2.4579679852578344,2.643397996840453,0.18543001158261863,1.600000023841858,8,V,1,V,9,5,3,4,0.838933527469635,-0.14275360107421875,0.8187263607978821,-0.20382550358772278
0.6,False,False,False,False,cM3Yna7AavY,2.547404083631721,2.754885232133465,0.20748114850174426,2.0,9,V,1,V,10,6,3,4,0.9376898407936096,0.08273451030254364,0.918478786945343,0.01894639991223812
0.6,True,False,True,False,cM3Yna7AavY,-1.7955095039799325,-1.7938139367221284,0.0016955672578040648,-1.0,10,V,1,A,11,7,3,4,0.4274706244468689,-0.5078995227813721,0.40671250224113464,-0.5698533654212952
0.6,True,False,True,False,cM3Yna7AavY,-2.9043147848365605,-2.9784741061264164,-0.07415932128985592,-1.600000023841858,11,V,1,A,12,8,3,4,0.5882963538169861,-0.22729238867759705,0.5698105692863464,-0.2848559617996216
0.6,False,False,False,False,cM3Yna7AavY,-0.6448753805886724,-0.6666509612176519,-0.02177558062897944,-2.5999999046325684,12,V,1,T,13,9,3,4,-0.7018350958824158,-0.8800713419914246,-0.701142430305481,-0.8856461644172668
0.6,False,False,False,False,cM3Yna7AavY,-1.1420889304135926,-1.1695909407933636,-0.027502010379770958,-2.4000000953674316,13,V,1,A,14,10,3,4,-0.3088451623916626,-0.6025463342666626,-0.3109839856624603,-0.6127123832702637
0.6,False,False,False,False,cM3Yna7AavY,-1.9090351835894808,-1.947298076184846,-0.038262892595365194,-2.799999952316284,14,V,1,AV,15,11,3,4,-0.06713882088661194,-0.4421418607234955,-0.07934652268886566,-0.4644792377948761
0.6,False,False,False,False,lXPQBPVc5Cw,-0.0020733546147901905,-0.0015868957226921054,0.000486458892098085,-1.0,1,A,3,TV,4,3,2,1,-1.0472092628479004,-0.9875356554985046,-1.042920470237732,-0.9840227961540222
0.6,False,False,False,False,lXPQBPVc5Cw,-0.07778499695962182,-0.07831286387636283,-0.0005278669167410044,-1.399999976158142,2,A,3,T,5,1,1,4,-2.212261199951172,-2.1628782749176025,-2.2139997482299805,-2.164383888244629
0.6,False,False,False,False,lXPQBPVc5Cw,0.04070517071836832,0.040956942140567776,0.0002517714221994538,-2.799999952316284,3,A,3,TV,6,2,1,4,-2.0156750679016113,-1.99014151096344,-2.016329288482666,-1.9906195402145386
0.6,False,False,False,False,lXPQBPVc5Cw,-0.06557618355145678,-0.02640482350464879,0.03917136004680799,2.5999999046325684,3,V,4,ATV,7,1,2,6,1.0843429565429688,1.1061325073242188,1.1217055320739746,1.130663514137268
0.6,False,False,False,False,lXPQBPVc5Cw,-0.3093524798489966,-0.2680496993627344,0.041302780486262236,-2.5999999046325684,2,V,6,T,8,1,1,7,-1.8109958171844482,-2.040379524230957,-1.8570060729980469,-2.0670926570892334
0.6,False,False,False,False,lXPQBPVc5Cw,-0.0026928275296427273,-0.0013430597394403776,0.0013497677902023497,-2.200000047683716,3,V,6,T,9,2,1,7,-2.118504762649536,-2.1371617317199707,-2.1491661071777344,-2.164771795272827
0.6,False,False,False,False,lXPQBPVc5Cw,-0.011527671297244524,-0.011440058171089618,8.761312615490624e-05,-1.7999999523162842,4,V,6,V,10,3,1,7,-1.6152423620224,-1.6496413946151733,-1.6156353950500488,-1.6498326063156128
0.6,False,False,False,False,lXPQBPVc5Cw,-0.005289220136148742,-0.005222266193243286,6.695394290545664e-05,-2.0,5,V,6,T,11,4,1,7,-2.2782013416290283,-2.268527030944824,-2.28536057472229,-2.2760586738586426
0.6,False,False,False,False,lXPQBPVc5Cw,-0.3055392293994039,-0.30792664503046296,-0.002387415631059042,2.799999952316284,6,V,6,T,12,5,1,7,0.9827477335929871,1.0688539743423462,0.9796953201293945,1.0663384199142456
0.6,False,False,False,False,lXPQBPVc5Cw,0.025476548327389992,0.02501710414129832,-0.00045944418609167315,-2.200000047683716,7,V,6,ATV,13,6,1,7,-1.8535606861114502,-1.8185596466064453,-1.8600614070892334,-1.8250662088394165
0.6,False,False,False,False,lXPQBPVc5Cw,0.41605553678544993,0.39109716674988704,-0.024958370035562893,-2.799999952316284,7,A,7,TV,14,1,6,13,-2.211754322052002,-1.92702317237854,-2.207206964492798,-1.9383151531219482
0.6,False,False,False,False,lXPQBPVc5Cw,-0.14963834419596367,-0.1479960643609317,0.0016422798350319567,0.20000000298023224,2,A,13,T,15,1,1,14,-1.9739975929260254,-1.939305305480957,-1.96761155128479,-1.9332003593444824
0.6,False,False,False,False,lXPQBPVc5Cw,0.14482619032665411,0.1352141109808258,-0.009612079345828306,-1.7999999523162842,3,A,13,T,16,2,1,14,0.7746089100837708,0.8025828003883362,0.780266523361206,0.8063364028930664
0.6,False,False,False,False,lXPQBPVc5Cw,-0.0077105622699491505,-0.006185008003058101,0.0015255542668910493,-1.399999976158142,4,A,13,T,17,3,1,14,-2.0416526794433594,-2.035615921020508,-2.0311686992645264,-2.026249885559082
0.6,False,False,False,False,lXPQBPVc5Cw,0.0008009312014678471,0.001084547046446005,0.00028361584497815784,-1.7999999523162842,5,A,13,AT,18,4,1,14,-2.137847661972046,-2.139030933380127,-2.1329307556152344,-2.1345555782318115
0.6,False,False,False,False,lXPQBPVc5Cw,0.2029418223499988,0.19915612319040576,-0.0037856991595930367,-1.7999999523162842,5,V,14,V,19,1,4,18,-1.2304326295852661,-1.0738121271133423,-1.2294085025787354,-1.0756169557571411
0.6,False,False,False,False,lXPQBPVc5Cw,-0.7378623309876673,-0.7217688384332597,0.016093492554407618,1.7999999523162842,6,V,14,A,20,2,4,18,-0.8521597981452942,-0.709200918674469,-0.8565938472747803,-0.7170860171318054
0.6,False,False,False,False,lXPQBPVc5Cw,-1.4357232560152653,-1.4277730331043639,0.007950222910901417,2.5999999046325684,7,V,14,AV,21,3,4,18,-0.602696418762207,-0.3701079189777374,-0.6009863615036011,-0.369602769613266
0.6,False,False,False,False,lXPQBPVc5Cw,0.09391291016932257,0.08441880564191706,-0.009494104527405511,-2.4000000953674316,1,A,21,T,22,4,3,18,-1.581085443496704,-1.5256236791610718,-1.5881487131118774,-1.537723183631897
0.6,False,False,False,False,lXPQBPVc5Cw,-3.490924413540597e-06,4.91717862587393e-05,5.26627106722799e-05,-1.399999976158142,2,A,21,A,23,5,3,18,-1.4175432920455933,-1.382556438446045,-1.4157929420471191,-1.3827202320098877
0.6,False,False,False,False,lXPQBPVc5Cw,0.22095431120126463,0.21724511010338077,-0.003709201097883863,-2.4000000953674316,3,A,21,V,24,6,3,18,-0.6641489863395691,-0.601630449295044,-0.6630345582962036,-0.6015856862068176
0.6,False,False,False,False,lXPQBPVc5Cw,0.22163909659667524,0.2183940456990996,-0.003245050897575652,-2.799999952316284,4,A,21,A,25,7,3,18,-1.0035393238067627,-0.942875862121582,-1.000394344329834,-0.9407058954238892
0.6,False,False,False,False,lXPQBPVc5Cw,0.026860677201341332,0.025171885426573226,-0.0016887917747681058,-2.799999952316284,5,A,21,T,26,8,3,18,-2.0547993183135986,-2.036989688873291,-2.0552890300750732,-2.038576126098633
0.6,False,False,False,False,lXPQBPVc5Cw,-0.025179176299161554,-0.023476952104886095,0.001702224194275459,0.800000011920929,6,A,21,TV,27,9,3,18,-0.6216333508491516,-0.6127498745918274,-0.6213354468345642,-0.6130525469779968
0.6,False,False,False,False,lXPQBPVc5Cw,0.12462384937863646,0.124419673403807,-0.00020417597482946803,-1.2000000476837158,7,A,21,T,28,1,6,27,-1.873783826828003,-1.9606631994247437,-1.8755435943603516,-1.9620884656906128
0.6,False,False,False,False,lXPQBPVc5Cw,-0.0038093641939696,-0.0038452908462573987,-3.592665228779879e-05,-2.0,8,A,21,T,29,2,6,27,-1.5464810132980347,-1.5507004261016846,-1.5479673147201538,-1.5522408485412598
0.6,False,False,False,False,cXypl4FnoZo,-0.14331586234652605,-0.13796616026688113,0.0053497020796449135,-0.6000000238418579,4,V,1,T,5,1,3,4,0.7115887999534607,0.6557664275169373,0.7678258419036865,0.7164275050163269
0.6,False,False,False,False,cXypl4FnoZo,-0.40671067073138545,-0.4276323464378038,-0.02092167570641834,-1.0,5,V,1,A,6,2,3,4,0.46039655804634094,0.3137912452220917,0.5388964414596558,0.3930433988571167
0.6,False,False,False,False,cXypl4FnoZo,0.1726220743302065,0.17679310010368354,0.004171025773477055,1.399999976158142,6,V,1,V,7,3,3,4,0.5699059367179871,0.4717337489128113,0.5721298456192017,0.47147315740585327
0.6,False,False,False,False,cXypl4FnoZo,0.12484080376142614,0.1331087397510906,0.008267935989664466,1.2000000476837158,7,V,1,V,8,4,3,4,0.5811448693275452,0.4873833656311035,0.5695707201957703,0.47161149978637695
0.6,False,False,False,False,cXypl4FnoZo,0.013075121175731397,0.01358739468668091,0.0005122735109495125,2.0,8,V,1,TV,9,5,3,4,1.2969104051589966,1.287672758102417,1.2963736057281494,1.2867836952209473
0.6,False,False,False,False,cXypl4FnoZo,0.09273656176178591,0.09329265122141805,0.0005560894596321475,1.399999976158142,6,A,4,AT,10,1,5,9,1.0462310314178467,0.9332141280174255,1.0466622114181519,0.9329451322555542
0.6,False,False,False,False,cXypl4FnoZo,0.15582422984763866,0.15488607540535781,-0.0009381544422808474,2.0,2,V,9,V,11,1,1,10,0.9092505574226379,0.8400178551673889,0.8920575976371765,0.8242353796958923
0.6,False,False,False,False,cXypl4FnoZo,0.0022611133785055415,0.0010625901907133084,-0.001198523187792233,-1.0,3,V,9,TV,12,2,1,10,-0.9673767685890198,-1.0576661825180054,-0.9625740051269531,-1.0496315956115723
0.6,False,True,False,True,cXypl4FnoZo,1.878823231821694,1.8640140370513405,-0.014809194770353473,-0.6000000238418579,3,A,10,AV,13,1,2,12,-0.13574931025505066,0.8471875786781311,-0.1742013543844223,0.830146312713623
0.6,False,False,False,False,cXypl4FnoZo,0.6498620149590328,0.6624897952095843,0.012627780250551446,0.0,1,A,13,A,14,2,1,12,-0.15033116936683655,0.8200374841690063,-0.1344754695892334,0.8249687552452087
0.6,False,False,False,False,cXypl4FnoZo,-0.38546829220615564,-0.3780435065502985,0.007424785655857136,-0.6000000238418579,2,A,13,T,15,3,1,12,-1.4392404556274414,-1.1646735668182373,-1.4238383769989014,-1.1483303308486938
0.6,False,True,False,True,cXypl4FnoZo,0.4753755332631471,0.5130800432414944,0.03770450997834729,-0.6000000238418579,3,A,13,V,16,4,1,12,-0.2948853671550751,0.15396979451179504,-0.27108755707740784,0.1882026493549347
0.6,False,True,False,True,cXypl4FnoZo,0.10841573915810981,0.1402675706968024,0.03185183153869259,-0.25,4,A,13,V,17,5,1,12,-0.353220134973526,0.0950654074549675,-0.3290537893772125,0.13277548551559448
0.6,False,False,False,False,cXypl4FnoZo,-0.016865185909420433,-0.015876178023209064,0.0009890078862113683,0.800000011920929,5,A,13,ATV,18,6,1,12,0.6527256369590759,0.7305409908294678,0.6607986688613892,0.7408321499824524
0.6,False,False,False,False,cXypl4FnoZo,-0.10771144180279535,-0.10497974936932408,0.0027316924334712667,-1.0,6,A,13,A,19,1,5,18,-0.243901789188385,-0.3188443183898926,-0.2406037449836731,-0.313193678855896
0.6,False,False,False,False,cXypl4FnoZo,-0.06148270634736136,-0.05971242425725781,0.0017702820901035476,-0.6000000238418579,7,A,13,A,20,2,5,18,-0.08936617523431778,-0.15360981225967407,-0.08783627301454544,-0.1498897224664688
0.6,False,False,False,False,cXypl4FnoZo,-0.010868849944882963,-0.011074125748974595,-0.00020527580409163138,0.20000000298023224,8,A,13,T,21,3,5,18,-0.1272616684436798,-0.11021178215742111,-0.1257328987121582,-0.10826578736305237
0.6,False,False,False,False,cXypl4FnoZo,0.002222348973134558,0.0022245372613411973,2.1882882066392995e-06,0.4000000059604645,9,A,13,AT,22,4,5,18,0.576971709728241,0.5831429362297058,0.5775660276412964,0.583723247051239
0.6,False,False,False,False,cXypl4FnoZo,0.12938391878211702,0.12925720087782122,-0.00012671790429580332,0.20000000298023224,5,A,18,T,23,1,4,22,-0.11997399479150772,-0.28142213821411133,-0.12556882202625275,-0.2850281000137329
0.6,True,False,True,False,cXypl4FnoZo,-0.5367585735774147,-0.5310991243437937,0.00565944923362105,-1.2000000476837158,6,A,18,AV,24,2,4,22,0.09744715690612793,-0.12920096516609192,0.09767820686101913,-0.12628233432769775
0.6,False,True,False,True,cXypl4FnoZo,0.25727048260022034,0.23597263899833848,-0.02129784360188186,0.6000000238418579,1,A,24,A,25,3,2,22,0.06330597400665283,-0.1384517252445221,0.06857218593358994,-0.11999177187681198
0.6,False,False,False,False,cXypl4FnoZo,0.23246847358210232,0.21934133397863237,-0.01312713960346995,0.800000011920929,2,A,24,V,26,4,2,22,0.28393977880477905,0.09375172853469849,0.29119694232940674,0.10846411436796188
0.6,False,False,False,False,cXypl4FnoZo,-0.12158454570379718,-0.10917291811523455,0.012411627588562624,-2.200000047683716,3,A,24,T,27,5,2,22,-0.87339848279953,-0.9200441241264343,-0.8615955710411072,-0.9030213952064514
0.6,False,False,False,False,cXypl4FnoZo,-0.08736942718352125,-0.0846954914021758,0.002673935781345449,-1.399999976158142,4,A,24,V,28,6,2,22,-0.5680685639381409,-0.6223493814468384,-0.560190737247467,-0.6122283935546875
0.6,False,False,False,False,c7UH_rxdZv4,0.02618211298431561,0.017795435055859343,-0.008386677928456265,1.600000023841858,3,V,0,T,3,1,2,2,1.3414292335510254,1.2949738502502441,1.415349006652832,1.3722031116485596
0.6,False,False,False,False,c7UH_rxdZv4,-0.6465143148483454,-0.6584545718389485,-0.011940256990603082,-2.200000047683716,4,V,0,V,4,2,2,2,0.4634348154067993,0.3391673266887665,0.4655582308769226,0.33904433250427246
0.6,False,False,False,False,c7UH_rxdZv4,-0.0347716150697579,-0.03620379454379474,-0.0014321794740368432,-2.5999999046325684,5,V,0,T,5,3,2,2,-1.7108855247497559,-1.7306594848632812,-1.7126306295394897,-1.7332701683044434
0.6,False,False,False,False,c7UH_rxdZv4,-0.06845232444447902,-0.06991015973922288,-0.0014578352947438589,-3.0,6,V,0,A,6,4,2,2,-1.2010325193405151,-1.220159649848938,-1.1967564821243286,-1.2162463665008545
0.6,False,False,False,False,c7UH_rxdZv4,-0.02293132587794844,-0.023445075318889508,-0.0005137494409410692,-2.799999952316284,7,V,0,ATV,7,5,2,2,-1.8198550939559937,-1.8316236734390259,-1.8214014768600464,-1.8334546089172363
0.6,False,False,False,False,c7UH_rxdZv4,-0.11967644572787606,-0.11486437019880213,0.0048120755290739226,-0.4000000059604645,6,A,2,V,8,1,5,7,-0.8258569836616516,-0.6483500003814697,-0.8263230323791504,-0.6586251258850098
0.6,False,False,False,False,c7UH_rxdZv4,-0.3322188712777461,-0.3134909737080136,0.018727897569732477,0.800000011920929,7,A,2,ATV,9,2,5,7,-1.1096352338790894,-1.0205734968185425,-1.110062599182129,-1.0261566638946533
0.6,False,False,False,False,c7UH_rxdZv4,0.024885191702535003,0.02615827421919459,0.001273082516659585,1.0,3,A,7,T,10,1,2,9,0.330455482006073,0.31212279200553894,0.3394278585910797,0.319916307926178
0.6,False,False,False,False,c7UH_rxdZv4,-0.460351391341864,-0.4730410127997109,-0.012689621457846911,-2.799999952316284,4,A,7,V,11,2,2,9,-0.1846667230129242,-0.2742096781730652,-0.17739103734493256,-0.26918259263038635
0.6,False,False,False,False,c7UH_rxdZv4,-0.30973005523756925,-0.31737117212492194,-0.007641116887352695,-2.5999999046325684,5,A,7,A,12,3,2,9,-0.7564318776130676,-0.8424410820007324,-0.756586492061615,-0.8447785973548889
0.6,False,False,False,False,c7UH_rxdZv4,0.17996255774056746,0.18599378111337006,0.006031223372802597,1.2000000476837158,6,A,7,V,13,4,2,9,0.10115289688110352,0.02210887335240841,0.10056157410144806,0.019001005217432976
0.6,False,False,False,False,c7UH_rxdZv4,-0.3168166947629345,-0.3252101897297841,-0.008393494966849602,-2.4000000953674316,7,A,7,V,14,5,2,9,-0.6557305455207825,-0.7490429282188416,-0.6565033197402954,-0.7524046301841736
0.6,False,False,False,False,c7UH_rxdZv4,-0.2878474813514167,-0.29453528904131776,-0.006687807689901071,-2.0,8,A,7,AV,15,6,2,9,-0.44784319400787354,-0.5435168147087097,-0.4503042995929718,-0.5484417080879211
0.6,False,False,False,False,c7UH_rxdZv4,-0.13429555977745622,-0.1373213787205394,-0.0030258189430831806,-1.399999976158142,9,A,7,V,16,7,2,9,-0.5832614898681641,-0.6700916290283203,-0.5865098237991333,-0.6758143305778503
0.6,False,False,False,False,c7UH_rxdZv4,-0.1314964223038828,-0.13372166091824056,-0.0022252386143577496,-2.25,10,A,7,A,17,8,2,9,-1.1793153285980225,-1.2425928115844727,-1.1816281080245972,-1.2461589574813843
0.6,False,False,False,False,c7UH_rxdZv4,0.0041728615545366665,0.004439542845773303,0.00026668129123663675,-1.7999999523162842,11,A,7,AT,18,9,2,9,-2.0250542163848877,-2.0341415405273438,-2.025761604309082,-2.035388708114624
0.6,False,False,False,False,c7UH_rxdZv4,0.7870264063672368,0.7872159650080102,0.0001895586407734129,-1.7999999523162842,4,A,15,AV,19,1,3,18,-0.725907027721405,-0.40690913796424866,-0.7230678796768188,-0.404651015996933
0.6,False,False,False,False,c7UH_rxdZv4,-0.08357458468290702,-0.08463749892018768,-0.0010629142372806655,-0.800000011920929,1,A,19,A,20,2,1,18,-1.095439076423645,-0.8609069585800171,-1.100407600402832,-0.874881386756897
0.6,False,False,False,False,c7UH_rxdZv4,0.06604143039133703,0.060349746415070626,-0.005691683976266404,-2.4000000953674316,2,A,19,AT,21,3,1,18,-1.795648217201233,-1.743278980255127,-1.8022172451019287,-1.7537075281143188
0.6,False,False,False,False,c7UH_rxdZv4,-0.06548785831190784,-0.06788015762195698,-0.0023922993100491396,-0.6000000238418579,3,A,19,V,22,1,2,21,-0.9030255079269409,-0.7622855305671692,-0.9029537439346313,-0.75459885597229
0.6,False,False,False,False,c7UH_rxdZv4,0.2949483613115653,0.3117803366301928,0.016831975318627457,-1.7999999523162842,4,A,19,V,23,2,2,21,-0.8012976050376892,-0.6631821393966675,-0.8013450503349304,-0.6558443903923035
0.6,False,False,False,False,c7UH_rxdZv4,-0.2094633793506766,-0.2196326198577907,-0.010169240507114097,0.0,5,A,19,V,24,3,2,21,-0.833309531211853,-0.6963773369789124,-0.83345627784729,-0.6892145872116089
0.6,False,False,False,False,c7UH_rxdZv4,0.3894311810672946,0.4116880438293258,0.022256862762031204,-2.5999999046325684,6,A,19,A,25,4,2,21,-0.8944771885871887,-0.7838944792747498,-0.8930178284645081,-0.7764111757278442
0.6,False,False,False,False,c7UH_rxdZv4,0.030392768695151062,0.03200308836473198,0.0016103196695809174,-1.7999999523162842,7,A,19,T,26,5,2,21,-1.2858535051345825,-1.2571009397506714,-1.287243127822876,-1.2569321393966675
0.6,False,False,False,False,c7UH_rxdZv4,-0.005121394426339521,-0.005482509424325599,-0.0003611149979860784,-0.800000011920929,8,A,19,T,27,6,2,21,-1.6681581735610962,-1.66520357131958,-1.6706693172454834,-1.6675151586532593
0.6,False,False,False,False,c7UH_rxdZv4,-0.048503077557835894,-0.05097644196832718,-0.0024733644104912855,0.6000000238418579,9,A,19,V,28,7,2,21,-0.7908675670623779,-0.7733206152915955,-0.7908627986907959,-0.7724149823188782
0.6,False,False,False,False,c7UH_rxdZv4,-0.07747984253200002,-0.08139713972873608,-0.003917297196736058,1.2000000476837158,10,A,19,V,29,8,2,21,-1.0380499362945557,-1.0206727981567383,-1.038155436515808,-1.0198969841003418
0.6,False,False,False,False,c7UH_rxdZv4,0.014589266044367832,0.015353070835089966,0.0007638047907221335,-1.399999976158142,11,A,19,AV,30,9,2,21,-1.091954231262207,-1.069120168685913,-1.0909159183502197,-1.0670044422149658
0.6,False,False,False,False,c7UH_rxdZv4,0.01357072941555959,0.014688490783806074,0.0011177613682464838,-2.200000047683716,12,A,19,T,31,10,2,21,-0.21315592527389526,-0.2097437083721161,-0.2130081057548523,-0.20931537449359894
0.6,False,False,False,False,c7UH_rxdZv4,0.0028661784145924685,0.0031241895233051764,0.00025801110871270794,-1.7999999523162842,13,A,19,TV,32,11,2,21,-1.284505009651184,-1.281732439994812,-1.2846366167068481,-1.2816144227981567
0.7,False,False,False,False,f9O3YtZ2VfI,0.18181656402552449,0.18260747858782622,0.0007909145623017366,-1.7999999523162842,2,V,2,T,4,1,1,3,-0.9244031310081482,-0.826097309589386,-0.9351502656936646,-0.8353381156921387
0.7,False,True,False,True,f9O3YtZ2VfI,1.265109265425676,1.2689235558029424,0.0038142903772664383,-2.5999999046325684,3,V,2,V,5,2,1,3,-0.05632495507597923,0.18125727772712708,-0.05579930171370506,0.18242354691028595
0.7,False,True,False,True,f9O3YtZ2VfI,0.5175101913468334,0.5196759692065305,0.002165777859697071,-1.2000000476837158,4,V,2,V,6,3,1,3,-0.17820224165916443,0.049632277339696884,-0.17646747827529907,0.05191643908619881
0.7,False,True,False,True,f9O3YtZ2VfI,0.748224975580662,0.7507893002763417,0.0025643246956796872,-1.7999999523162842,5,V,2,V,7,4,1,3,-0.1883721500635147,0.029089752584695816,-0.18618661165237427,0.03171585500240326
0.7,False,False,False,False,f9O3YtZ2VfI,0.15431691041034412,0.15807243389753012,0.0037555234871859966,-2.200000047683716,6,V,2,TV,8,5,1,3,-0.7451179027557373,-0.6930166482925415,-0.7432646155357361,-0.6899833083152771
0.7,False,False,False,False,f9O3YtZ2VfI,0.08838119344190787,0.09776088191867416,0.00937968847676629,-2.0,6,A,3,AT,9,1,5,8,-0.9648134708404541,-0.9229705929756165,-0.9511851668357849,-0.9055716395378113
0.7,False,False,False,True,f9O3YtZ2VfI,0.12813290925149035,0.09810949913511424,-0.030023410116376104,-0.800000011920929,2,V,8,V,10,1,1,9,0.001943717710673809,0.07820648699998856,-0.034229010343551636,0.027354039251804352
0.7,False,True,False,False,f9O3YtZ2VfI,0.3651544678126615,0.2907991687716289,-0.07435529904103255,-1.7999999523162842,3,V,8,A,11,2,1,9,-0.03453228995203972,0.06602001935243607,-0.08928894996643066,-0.006307865492999554
0.7,False,False,False,False,f9O3YtZ2VfI,0.0407451352287751,0.026158696333823173,-0.014586438894951925,-1.600000023841858,4,V,8,T,12,3,1,9,-0.7649667859077454,-0.740915834903717,-0.8148438930511475,-0.798358678817749
0.7,False,False,False,False,f9O3YtZ2VfI,-0.07661429770409867,-0.06462849905640078,0.011985798647697887,1.2000000476837158,5,V,8,V,13,4,1,9,-0.0845320075750351,-0.0543556846678257,-0.09801604598760605,-0.07287751138210297
0.7,False,False,False,False,f9O3YtZ2VfI,0.04669802626009645,0.03915281293780737,-0.007545213322289079,-1.2000000476837158,6,V,8,V,14,5,1,9,-0.29726409912109375,-0.27175965905189514,-0.3015020787715912,-0.279972106218338
0.7,False,False,False,False,f9O3YtZ2VfI,0.03301356688208035,0.027469619339044904,-0.0055439475430354435,-1.0,7,V,8,A,15,6,1,9,-0.4294971823692322,-0.4012621343135834,-0.43395447731018066,-0.4101888835430145
0.7,False,False,False,False,f9O3YtZ2VfI,0.013044296991296278,0.009812340074287107,-0.003231956917009171,-2.0,8,V,8,AT,16,7,1,9,-0.8909731507301331,-0.885107696056366,-0.8991580605506897,-0.8947103023529053
0.7,False,False,False,False,f9O3YtZ2VfI,-0.01586567397748695,-0.014946354803893058,0.000919319173593891,-1.0,8,A,9,T,17,1,7,16,-0.7968822121620178,-0.8406539559364319,-0.8031156063079834,-0.845672070980072
0.7,False,False,False,False,f9O3YtZ2VfI,-0.00672556893499987,-0.00629068755841633,0.0004348813765835402,-0.6000000238418579,9,A,9,V,18,2,7,16,-0.4827668070793152,-0.5162261724472046,-0.4838367998600006,-0.5151283144950867
0.7,False,False,False,False,f9O3YtZ2VfI,0.01779575847269399,0.018595377957453252,0.0007996194847592619,-0.4000000059604645,10,A,9,T,19,3,7,16,-1.0121135711669922,-1.0264812707901,-1.0173463821411133,-1.0322277545928955
0.7,False,False,False,False,f9O3YtZ2VfI,0.09043297602140044,0.08306419335372084,-0.0073687826676795964,2.0,11,A,9,A,20,4,7,16,-0.4281170964241028,-0.44666826725006104,-0.43000590801239014,-0.44703757762908936
0.7,False,False,False,False,f9O3YtZ2VfI,0.06694485223511748,0.06096990051460427,-0.005974951720513211,1.399999976158142,12,A,9,A,21,5,7,16,-0.28373876214027405,-0.3035025894641876,-0.2851406931877136,-0.30313506722450256
0.7,False,False,False,False,f9O3YtZ2VfI,0.08484194099267484,0.07898320093332245,-0.005858740059352385,1.600000023841858,13,A,9,A,22,6,7,16,-0.5129193663597107,-0.5329018235206604,-0.5146440863609314,-0.533237636089325
0.7,False,False,False,False,f9O3YtZ2VfI,-0.020653449481301323,-0.02097833593433407,-0.00032488645303274666,-2.5999999046325684,14,A,9,T,23,7,7,16,-0.9765295386314392,-0.9829029440879822,-0.9793772101402283,-0.9858624935150146
0.7,False,False,False,False,f9O3YtZ2VfI,-0.013221279795985197,-0.011867879444622531,0.0013534003513626658,-1.399999976158142,15,A,9,A,24,8,7,16,-0.4135838449001312,-0.4203084409236908,-0.41580042243003845,-0.42184820771217346
0.7,False,False,False,False,f9O3YtZ2VfI,-0.0003005690319923815,-0.0009569015397659086,-0.0006563325077735271,1.399999976158142,16,A,9,T,25,9,7,16,1.1010096073150635,1.1015126705169678,1.0993489027023315,1.1009445190429688
0.7,False,False,False,False,f9O3YtZ2VfI,0.0016615057218913876,-0.0017606688251774472,-0.0034221745470688347,1.600000023841858,17,A,9,A,26,10,7,16,0.40919241309165955,0.4084949791431427,0.40670958161354065,0.40744754672050476
0.7,False,False,False,False,f9O3YtZ2VfI,0.005268954090610123,0.002784296848545864,-0.0024846572420642588,1.2000000476837158,18,A,9,V,27,11,7,16,0.5868446230888367,0.5825629830360413,0.590035617351532,0.5877575278282166
0.7,False,False,False,False,f9O3YtZ2VfI,-0.018213108084653484,-0.012679770980408733,0.005533337104244751,-2.0,19,A,9,A,28,12,7,16,0.0506197065114975,0.04617400839924812,0.0518936924636364,0.048801589757204056
0.7,False,False,False,False,f9O3YtZ2VfI,8.537691130072744e-05,9.49819234961069e-05,9.605012195379459e-06,-1.0,20,A,9,T,29,13,7,16,-0.74338299036026,-0.7432166934013367,-0.7448828816413879,-0.7446967959403992
0.7,False,False,False,False,wMbj6ajWbic,-0.12914554280513357,-0.139092202881681,-0.009946660076547431,-2.0,8,A,0,T,8,1,7,7,-0.8624854683876038,-0.9207438826560974,-0.8700844049453735,-0.9334086775779724
0.7,False,False,False,False,wMbj6ajWbic,-0.17429068796707625,-0.18069731201029526,-0.006406624043219011,-1.7999999523162842,9,A,0,AV,9,2,7,7,-0.5974952578544617,-0.6722912788391113,-0.6005250811576843,-0.6783749461174011
0.7,False,False,False,False,wMbj6ajWbic,0.09206526544759419,0.08637250744218145,-0.005692758005412746,0.4000000059604645,1,A,9,A,10,3,2,7,-0.05576854571700096,-0.14753103256225586,-0.0685378685593605,-0.1530824899673462
0.7,False,False,False,False,wMbj6ajWbic,0.0283539387478271,0.025368087602100076,-0.0029858511457270254,1.600000023841858,2,A,9,T,11,4,2,7,0.9346435070037842,0.913666844367981,0.9344072937965393,0.9156157970428467
0.7,False,False,False,False,wMbj6ajWbic,0.11589838649342443,0.11510859906984816,-0.0007897874235762714,2.0,3,A,9,V,12,5,2,7,0.4940921664237976,0.45609042048454285,0.49911579489707947,0.4612466096878052
0.7,False,False,False,False,wMbj6ajWbic,-0.05248753199318401,-0.05237680546577461,0.00011072652740939937,-0.800000011920929,4,A,9,V,13,6,2,7,-0.08479922264814377,-0.12248644232749939,-0.08651513606309891,-0.12421612441539764
0.7,False,False,False,False,wMbj6ajWbic,0.2202895474209141,0.22238121265244803,0.0020916652315339235,2.0,5,A,9,AV,14,7,2,7,-0.3687683045864105,-0.4148194193840027,-0.3711720108985901,-0.41760995984077454
0.7,False,False,False,False,wMbj6ajWbic,0.0028881347932880885,0.002760070343946097,-0.00012806444934199135,-0.4000000059604645,6,A,9,T,15,8,2,7,-0.7096575498580933,-0.7142863869667053,-0.7137966752052307,-0.7181641459465027
0.7,False,False,False,False,wMbj6ajWbic,0.04684634609831306,0.04803135305659367,0.00118500695828061,2.0,7,A,9,A,16,9,2,7,-0.39139315485954285,-0.40116795897483826,-0.3904319107532501,-0.4004574716091156
0.7,False,False,False,False,wMbj6ajWbic,0.004942972722019601,0.005030284693832376,8.731197181277572e-05,-1.0,8,A,9,T,17,10,2,7,0.002293105237185955,0.0047559114173054695,0.0018916437402367592,0.004398900084197521
0.7,False,False,False,False,wMbj6ajWbic,0.0007203097522676671,0.0008085776906163744,8.826793834870728e-05,-0.6000000238418579,9,A,9,A,18,11,2,7,-0.2734394371509552,-0.2723384201526642,-0.2727053761482239,-0.2714724540710449
0.7,False,False,False,False,wMbj6ajWbic,0.015742985154453493,0.015445904230624308,-0.00029708092382918494,-0.4000000059604645,10,A,9,T,19,12,2,7,0.8859448432922363,0.8920515179634094,0.8867051601409912,0.8926933407783508
0.7,False,False,False,False,wMbj6ajWbic,-0.024960144904451642,-0.025825976188570632,-0.0008658312841189897,1.600000023841858,11,A,9,A,20,13,2,7,0.15027382969856262,0.15890811383724213,0.15109480917453766,0.16003462672233582
0.7,False,False,False,False,wMbj6ajWbic,-0.019493296765288548,-0.02010906066892404,-0.0006157639036354912,1.399999976158142,12,A,9,A,21,14,2,7,0.11336664855480194,0.12096439301967621,0.11434178054332733,0.12218624353408813
0.7,False,False,False,False,wMbj6ajWbic,-0.011735440360626459,-0.010269366894732901,0.0014660734658935581,1.7999999523162842,13,A,9,V,22,15,2,7,0.013400725089013577,0.016688045114278793,0.015240383334457874,0.01811966672539711
0.7,False,False,False,False,wMbj6ajWbic,-0.013817698925775002,-0.013134325761400945,0.000683373164374057,1.399999976158142,14,A,9,A,23,16,2,7,-0.07184196263551712,-0.06714043766260147,-0.07006578147411346,-0.0655917152762413
0.7,False,False,False,False,wMbj6ajWbic,-0.013329923371570462,-0.011389021668186672,0.0019409017033837905,2.0,15,A,9,V,24,17,2,7,0.09079048037528992,0.09428463131189346,0.09311336278915405,0.09610199183225632
0.7,False,False,False,False,wMbj6ajWbic,-0.0032224688018231973,-0.0031312601158361986,9.120868598699872e-05,1.7999999523162842,16,A,9,TV,25,18,2,7,1.5642420053482056,1.5711783170700073,1.5657240152359009,1.572504997253418
0.7,False,False,False,False,wMbj6ajWbic,0.07638176765340443,0.07702175628660779,0.0006399886332033589,0.0,12,A,14,T,26,1,11,25,-0.4869532287120819,-0.5599153637886047,-0.4823168218135834,-0.5564631819725037
0.7,False,False,False,False,wMbj6ajWbic,0.0846381380036263,0.08506350507298066,0.0004253670693543654,2.4000000953674316,13,A,14,T,27,2,11,25,1.3394218683242798,1.300243616104126,1.3433011770248413,1.3037902116775513
0.7,False,False,False,False,wMbj6ajWbic,0.07686568888411571,0.07647465541213094,-0.0003910334719847697,1.7999999523162842,14,A,14,A,28,3,11,25,0.8456642627716064,0.806208074092865,0.8489617109298706,0.8095715641975403
0.7,False,False,False,False,wMbj6ajWbic,0.035350171218325954,0.03531488760911383,-3.528360921212226e-05,0.800000011920929,15,A,14,V,29,4,11,25,0.45839938521385193,0.41007545590400696,0.46024414896965027,0.41173601150512695
0.7,True,False,True,False,d3_k5Xpfmik,-2.8373582467024034,-2.841301572893168,-0.003943326190764651,2.200000047683716,2,V,2,V,4,1,1,3,-0.0629819855093956,0.688798725605011,-0.06972341984510422,0.6800187826156616
0.7,False,False,False,False,d3_k5Xpfmik,-0.04786137472329699,-0.05103798250907232,-0.0031766077857753316,1.600000023841858,3,V,2,T,5,2,1,3,1.367050290107727,1.6800262928009033,1.3617494106292725,1.6756662130355835
0.7,False,False,False,False,d3_k5Xpfmik,-0.12843206138174423,-0.1298303913568466,-0.0013983299751023637,0.4000000059604645,4,V,2,ATV,6,3,1,3,-0.37798869609832764,-0.2905319333076477,-0.38210639357566833,-0.2941613793373108
0.7,False,False,False,False,d3_k5Xpfmik,-2.4252490157667825,-2.59733419856601,-0.17208518279922735,2.200000047683716,4,A,3,V,7,1,3,6,0.030964411795139313,0.6902098059654236,0.05636696144938469,0.7865543961524963
0.7,False,False,False,False,d3_k5Xpfmik,-0.4192604656612744,-0.4458914313094118,-0.026630965648137384,1.399999976158142,5,A,3,T,8,2,3,6,0.2673286497592926,0.47065404057502747,0.2742166519165039,0.4936354458332062
0.7,False,False,False,False,d3_k5Xpfmik,0.14124205677383372,0.16833126014789457,0.027089203374060844,0.4000000059604645,6,A,3,A,9,3,3,6,0.5200446248054504,0.7945285439491272,0.5379012227058411,0.8328371644020081
0.7,False,False,False,False,d3_k5Xpfmik,-0.23903731270563355,-0.25402541064454454,-0.014988097938910983,2.4000000953674316,7,A,3,T,10,4,3,6,1.0885512828826904,1.1830939054489136,1.0964678525924683,1.1978474855422974
0.7,False,False,False,False,d3_k5Xpfmik,-0.08854718026663377,-0.09471477878412671,-0.006167598517492934,2.0,8,A,3,ATV,11,5,3,6,0.9581490159034729,1.0015480518341064,0.9671754240989685,1.0140933990478516
0.7,False,False,False,False,d3_k5Xpfmik,0.13024418883112787,0.11494662028252378,-0.01529756854860409,2.200000047683716,6,A,6,T,12,1,5,11,1.4631872177124023,1.379550576210022,1.479773998260498,1.4039647579193115
0.7,False,False,False,False,d3_k5Xpfmik,0.13120645546702914,0.12043807761804448,-0.010768377848984656,2.0,7,A,6,TV,13,2,5,11,-0.055468712002038956,-0.08714112639427185,-0.04557887092232704,-0.07480866461992264
0.7,False,False,False,False,d3_k5Xpfmik,-0.6594057836804978,-0.6524990380250983,0.006906745655399504,2.5999999046325684,3,A,11,T,14,1,2,13,1.2865768671035767,1.5676848888397217,1.2976597547531128,1.5784369707107544
0.7,False,False,False,False,d3_k5Xpfmik,-0.07020803932164199,-0.06661834560952684,0.0035896937121151495,2.0,4,A,11,T,15,2,2,13,1.6571627855300903,1.7824469804763794,1.6692501306533813,1.7931736707687378
0.7,False,False,False,False,d3_k5Xpfmik,-0.1463026093399442,-0.15054576475625936,-0.0042431554163151475,1.600000023841858,5,A,11,AV,16,3,2,13,0.7549214959144592,0.8464384078979492,0.7467947602272034,0.8401227593421936
0.7,False,False,False,False,d3_k5Xpfmik,-0.0398817735600403,-0.03953289871661436,0.0003488748434259392,0.800000011920929,6,A,11,T,17,4,2,13,-0.43403151631355286,-0.41776517033576965,-0.4368448853492737,-0.4207589328289032
0.7,False,False,False,False,d3_k5Xpfmik,0.006147529785373473,0.0054877351469908575,-0.0006597946383826159,0.20000000298023224,7,A,11,V,18,5,2,13,0.24947471916675568,0.29271072149276733,0.24215349555015564,0.28523293137550354
0.7,False,False,False,False,vyB00TXsimI,0.974754408253677,0.9468826328705973,-0.027871775383079722,2.0,5,A,0,A,5,1,4,4,1.1764470338821411,0.7143118977546692,1.1821712255477905,0.728887677192688
0.7,False,False,False,False,vyB00TXsimI,0.18037609694285095,0.17575968017558807,-0.004616416767262876,2.4000000953674316,6,A,0,AT,6,2,4,4,2.0782175064086914,1.8671585321426392,2.0838046073913574,1.8748912811279297
0.7,False,False,False,False,vyB00TXsimI,0.05267740209751537,0.0601595707978646,0.007482168700349234,2.5999999046325684,3,A,4,T,7,1,2,6,1.9831682443618774,1.9418519735336304,1.9837541580200195,1.9367364645004272
0.7,False,False,False,False,vyB00TXsimI,-0.06090711761514456,-0.0727392900950008,-0.01183217247985624,-0.25,4,A,4,A,8,2,2,6,1.0280678272247314,1.0040136575698853,1.0256036520004272,0.9967659711837769
0.7,False,False,False,False,vyB00TXsimI,-0.010925930538249418,-0.012551814727075339,-0.0016258841888259212,1.3333333730697632,5,A,4,T,9,3,2,6,1.758319616317749,1.7452646493911743,1.7575172185897827,1.7424545288085938
0.7,False,False,False,False,vyB00TXsimI,0.0007645233085593617,0.0008472878775549475,8.276456899558582e-05,-0.20000000298023224,6,A,4,T,10,4,2,6,-0.2876380681991577,-0.29189643263816833,-0.2880987524986267,-0.2927829623222351
0.7,False,False,False,False,vyB00TXsimI,0.0029208179662738587,0.00356834397570438,0.0006475260094305213,0.20000000298023224,7,A,4,T,11,5,2,6,0.8300999402999878,0.8324134349822998,0.8303349614143372,0.8331591486930847
0.7,False,False,False,False,vyB00TXsimI,-0.008246256456288847,-0.008950338601422914,-0.0007040821451340662,2.4000000953674316,8,A,4,TV,12,6,2,6,0.5696311593055725,0.5718851685523987,0.5703003406524658,0.5727478265762329
0.7,False,False,False,False,vyB00TXsimI,0.0016411103633942048,0.00191653624187893,0.0002754258784847252,2.0,7,A,6,T,13,1,6,12,1.4233965873718262,1.4219752550125122,1.4344327449798584,1.4327409267425537
0.7,False,False,False,False,vyB00TXsimI,-0.0047059719027231495,-0.0038162563903547664,0.0008897155123683831,2.5999999046325684,8,A,6,T,14,2,6,12,0.9369814991950989,0.9383969902992249,0.9473050236701965,0.9484599828720093
0.7,False,False,False,False,vyB00TXsimI,-0.005077803731818875,-0.004791779629986337,0.00028602410183253824,0.4000000059604645,9,A,6,T,15,3,6,12,-0.31892988085746765,-0.3153896629810333,-0.3107575476169586,-0.3073786199092865
0.7,False,False,False,False,vyB00TXsimI,-0.003974056812172222,-0.003648062992969159,0.00032599381920306314,1.399999976158142,10,A,6,T,16,4,6,12,0.9058740735054016,0.9099118709564209,0.9155401587486267,0.9193199872970581
0.7,False,False,False,False,vyB00TXsimI,-0.006186068210425333,-0.005597283776822337,0.0005887844336029957,2.4000000953674316,11,A,6,T,17,5,6,12,1.5742493867874146,1.5780036449432373,1.5851765871047974,1.588618516921997
0.7,False,False,False,False,vyB00TXsimI,-0.00010891547286462355,-8.974631771252461e-05,1.9169155152098938e-05,1.2000000476837158,12,A,6,V,18,6,6,12,1.1174027919769287,1.1180647611618042,1.1226047277450562,1.123186707496643
0.7,False,False,False,False,vyB00TXsimI,0.000861272461520457,0.0009249480552142586,6.36755936938016e-05,2.200000047683716,13,A,6,V,19,7,6,12,1.1028577089309692,1.102465271949768,1.1076987981796265,1.1072754859924316
0.7,False,False,False,False,vyB00TXsimI,-0.0007809247296677313,-0.000820247376012162,-3.932264634443072e-05,1.2000000476837158,14,A,6,T,20,8,6,12,1.4496400356292725,1.448071002960205,1.4560047388076782,1.4543976783752441
0.7,False,False,False,False,vyB00TXsimI,0.00013623165799359072,0.00013458645370789668,-1.6452042856940352e-06,0.6000000238418579,15,A,6,AV,21,9,6,12,0.5285226106643677,0.5275759100914001,0.5302638411521912,0.5293054580688477
0.7,False,False,False,False,fvVhgmXxadc,-0.019528058522633174,-0.019770054120526126,-0.00024199559789295222,-0.20000000298023224,1,A,4,V,5,3,2,2,-0.42636194825172424,-0.3780777156352997,-0.4039755165576935,-0.34776994585990906
0.7,False,False,False,False,fvVhgmXxadc,-0.0003659971686253982,0.00012265401507249862,0.0004886511836978968,-1.0,2,A,4,AT,6,4,2,2,-0.8495136499404907,-0.8507346510887146,-0.8430156707763672,-0.8426254987716675
0.7,False,False,False,False,fvVhgmXxadc,0.019803711568570748,0.020175348800403725,0.0003716372318329775,-0.5,3,A,4,TV,7,1,2,6,-0.9921398162841797,-1.0118645429611206,-0.9962843060493469,-1.016210675239563
0.7,False,False,False,False,fvVhgmXxadc,-0.013326322066397722,-0.01424608508287406,-0.0009197630164763382,-0.4000000059604645,2,A,6,A,8,1,1,7,-0.5169640183448792,-0.4188217520713806,-0.5209382176399231,-0.4194927215576172
0.7,False,False,False,False,fvVhgmXxadc,-0.0411385444646335,-0.04299948978453472,-0.0018609453199012194,0.0,3,A,6,T,9,2,1,7,-0.6967212557792664,-0.6665447950363159,-0.7046263813972473,-0.6734232306480408
0.7,False,False,False,False,fvVhgmXxadc,-0.004028064482987759,-0.004254136334953529,-0.00022607185196577007,-0.20000000298023224,4,A,6,T,10,3,1,7,-0.3216027617454529,-0.3037264049053192,-0.3243127465248108,-0.305827796459198
0.7,False,False,False,False,fvVhgmXxadc,-0.010694108586434936,-0.011204459459474236,-0.0005103508730393003,0.0,5,A,6,T,11,4,1,7,-0.7456226348876953,-0.7384165525436401,-0.7526096105575562,-0.7451286911964417
0.7,False,False,False,False,fvVhgmXxadc,-0.008334050597007092,-0.008637373121644032,-0.00030332252463693976,0.20000000298023224,6,A,6,T,12,5,1,7,-0.9974578022956848,-0.9939728379249573,-1.0068135261535645,-1.0032296180725098
0.7,False,False,False,False,fvVhgmXxadc,-0.0023799584643455773,-0.0028910960885895065,-0.0005111376242439292,0.0,7,A,6,AT,13,6,1,7,-1.0359723567962646,-1.0348230600357056,-1.0361464023590088,-1.0347503423690796
0.7,False,False,False,False,ob23OKe5a9Q,0.046260049057309516,0.04583868450254158,-0.00042136455476793344,2.799999952316284,8,A,3,T,11,1,7,10,2.0303456783294678,2.0008580684661865,2.0314388275146484,2.0021748542785645
0.7,False,False,False,False,ob23OKe5a9Q,0.011692017609181704,0.011410459226723901,-0.00028155838245780274,1.25,9,A,3,V,12,2,7,10,0.909014105796814,0.8922802805900574,0.9105111360549927,0.8941023349761963
0.7,False,False,False,False,ob23OKe5a9Q,0.028900039978219105,0.028339705311548613,-0.0005603346666704923,0.800000011920929,10,A,3,AV,13,3,7,10,0.3522363305091858,0.3210507929325104,0.35354530811309814,0.3228611350059509
0.7,False,False,False,False,zhpQhgha_KU,0.6766750979880142,0.6658769214092652,-0.01079817657874893,1.0,5,A,1,V,6,1,4,5,0.5959421396255493,0.08351876586675644,0.612144947052002,0.09650209546089172
0.7,True,False,True,False,zhpQhgha_KU,-0.8861406340242766,-0.9051954897144672,-0.01905485569019061,-1.0,6,A,1,V,7,2,4,5,0.2041994035243988,-0.2490302473306656,0.21954624354839325,-0.23704682290554047
0.7,True,False,True,False,zhpQhgha_KU,-0.9588365069364484,-0.9634862804873556,-0.004649773550907232,-1.0,7,A,1,A,8,3,4,5,0.19721607863903046,-0.31116777658462524,0.20569443702697754,-0.2998480200767517
0.7,False,False,False,False,zhpQhgha_KU,-0.04085062614525281,-0.053454720159048286,-0.012604094013795475,0.6000000238418579,8,A,1,V,9,4,4,5,0.8874989151954651,0.3955373466014862,0.9000293612480164,0.40878579020500183
0.7,False,False,False,False,zhpQhgha_KU,-0.3591637442469846,-0.356014494842384,0.003149249404600596,-2.4000000953674316,9,A,1,T,10,5,4,5,-0.7007820010185242,-0.8099754452705383,-0.6988686323165894,-0.8069421052932739
0.7,False,False,False,False,zhpQhgha_KU,-0.04667572167764433,-0.04609821511225576,0.0005775065653885747,-1.399999976158142,10,A,1,TV,11,6,4,5,-0.8733915686607361,-0.9197493195533752,-0.8731710314750671,-0.9189069271087646
0.7,False,False,False,False,zhpQhgha_KU,0.020733665104586407,0.021118816386081818,0.00038515128149541056,-1.0,7,A,5,TV,12,1,6,11,-0.7472131848335266,-0.7090793251991272,-0.7417458295822144,-0.7036656737327576
0.7,False,False,False,False,zhpQhgha_KU,0.016677299793641964,0.013238475132368421,-0.003438824661273543,-1.5,2,V,11,TV,13,1,1,12,-0.8414835929870605,-0.8289402723312378,-0.8353962302207947,-0.8255100846290588
0.7,False,False,False,False,zhpQhgha_KU,0.13784026973294772,0.12803190488881455,-0.009808364844133166,-2.0,2,V,12,A,14,1,1,13,-0.6315290331840515,-0.5820602774620056,-0.6727098822593689,-0.6253251433372498
0.7,False,False,False,False,zhpQhgha_KU,-0.06266468136907122,-0.06778941131955207,-0.005124729950480855,1.7999999523162842,3,V,12,ATV,15,2,1,13,1.101700782775879,1.1481126546859741,1.0778148174285889,1.1263813972473145
0.7,False,False,False,False,zhpQhgha_KU,1.6214993148366412,1.6054326795906348,-0.016066635246006378,1.75,3,V,13,V,16,1,2,15,1.1342147588729858,0.335542231798172,1.1644269227981567,0.3541746139526367
0.7,False,False,False,False,zhpQhgha_KU,0.18411243836163482,0.1526365187533365,-0.03147591960829832,0.6000000238418579,4,V,13,A,17,2,2,15,0.8200384974479675,0.11778703331947327,0.8396390080451965,0.14167332649230957
0.7,True,False,True,False,zhpQhgha_KU,-0.6824627484839196,-0.702111531693819,-0.01964878320989938,-0.800000011920929,5,V,13,AV,18,3,2,15,0.041534677147865295,-0.6396320462226868,0.05396534875035286,-0.635241687297821
0.7,False,False,False,False,zhpQhgha_KU,-0.26469801964498174,-0.26939938658074425,-0.004701366935762508,-1.399999976158142,6,V,13,TV,19,4,2,15,-0.6028317809104919,-0.7910836338996887,-0.6006096601486206,-0.7920316457748413
0.7,True,False,True,False,zhpQhgha_KU,-0.49826592423610916,-0.4851416097523922,0.013124314483716981,0.6000000238418579,2,A,18,A,20,1,1,19,-0.13496501743793488,0.39528635144233704,-0.12161344289779663,0.41136178374290466
0.7,False,False,False,False,zhpQhgha_KU,-0.234036665333349,-0.2383318896840585,-0.004295224350709503,0.6000000238418579,3,A,18,T,21,2,1,19,-0.7858988642692566,-0.6987220644950867,-0.7693765163421631,-0.6793983578681946
0.7,False,False,False,False,zhpQhgha_KU,0.12119912489646367,0.12493553940414515,0.0037364145076814737,-0.5,4,A,18,T,22,3,1,19,0.5417210459709167,0.598354160785675,0.5562892556190491,0.6138592958450317
0.7,False,False,False,False,zhpQhgha_KU,-0.004940346691739705,-0.006011395244883033,-0.0010710485531433278,0.0,5,A,18,T,23,4,1,19,-0.745080292224884,-0.7417575716972351,-0.7258362174034119,-0.7216833233833313
0.7,False,False,False,False,zhpQhgha_KU,-0.0036043454616541126,-0.004177307841722211,-0.0005729623800680983,1.0,6,A,18,T,24,5,1,19,0.3526107966899872,0.35540056228637695,0.3678007423877716,0.37111321091651917
0.7,False,False,False,False,zhpQhgha_KU,0.01168590784688206,0.010770764077108197,-0.0009151437697738629,0.0,7,A,18,T,25,6,1,19,-0.6125831604003906,-0.6220482587814331,-0.5957217812538147,-0.6046943068504333
0.7,False,False,False,False,zhpQhgha_KU,-6.383591433234415e-07,-4.28562968153301e-05,-4.2217937672006656e-05,0.800000011920929,8,A,18,T,26,7,1,19,0.8010791540145874,0.7992746233940125,0.8155990242958069,0.8141588568687439
0.7,False,False,False,False,zhpQhgha_KU,0.00010494194384591538,0.00019230785864010613,8.736591479419076e-05,1.399999976158142,9,A,18,T,27,8,1,19,1.4237834215164185,1.4258958101272583,1.438649296760559,1.4410618543624878
0.7,False,False,False,False,zhpQhgha_KU,-0.006956078215068828,-0.00739374664826542,-0.0004376684331965919,-1.2000000476837158,10,A,18,AT,28,9,1,19,-0.9429134726524353,-0.956818163394928,-0.9270009398460388,-0.9408962726593018
0.7,False,True,False,True,zhpQhgha_KU,3.0889651988558384,3.0659001606237437,-0.023065038232094714,-2.0,10,V,19,AV,29,1,9,28,-0.29853758215904236,0.44620922207832336,-0.3070175349712372,0.43558818101882935
0.7,False,False,False,False,zhpQhgha_KU,2.240834755276313,2.259665924465728,0.018831169189414965,-1.0,1,A,29,V,30,2,1,28,0.2624013125896454,0.9581858515739441,0.28825512528419495,0.9797139167785645
0.7,False,False,False,False,zhpQhgha_KU,0.04621473956419209,0.0803616628869186,0.03414692332272651,0.800000011920929,2,A,29,V,31,3,1,28,0.4837617874145508,1.1823890209197998,0.510168731212616,1.2054181098937988
0.7,False,False,False,False,zhpQhgha_KU,0.3266974289005793,0.3309468842953111,0.004249455394731816,-0.4000000059604645,3,A,29,TV,32,4,1,28,0.069027841091156,0.3393811881542206,0.0809972956776619,0.3498701751232147
0.7,False,False,False,False,zhpQhgha_KU,-0.1872067186682671,-0.19729527775948097,-0.010088559091213867,1.2000000476837158,4,A,29,V,33,1,3,32,0.19836463034152985,0.2966358959674835,0.21470384299755096,0.32050397992134094
0.7,False,False,False,False,zhpQhgha_KU,-0.10524360209982397,-0.10599423433500554,-0.0007506322351815697,0.6000000238418579,5,A,29,A,34,2,3,32,0.030332431197166443,0.13172920048236847,0.040637269616127014,0.1451456993818283
0.7,False,False,False,False,yDtzw_Y-7RU,-0.010129486792180842,-0.010869434057241278,-0.0007399472650604366,-1.2000000476837158,5,V,0,T,5,1,4,4,-0.941364586353302,-0.9617505669593811,-0.9302580952644348,-0.9512204527854919
0.7,False,False,False,False,yDtzw_Y-7RU,-0.00031922012990825976,-0.0007145618748278793,-0.0003953417449196195,-0.20000000298023224,6,V,0,A,6,2,4,4,-0.41721251606941223,-0.41647645831108093,-0.4033099114894867,-0.4015449285507202
0.7,False,False,False,False,yDtzw_Y-7RU,0.025138399772842268,0.02709748019605107,0.0019590804232088033,-1.5,7,V,0,V,7,3,4,4,-0.1434912532567978,-0.13425683975219727,-0.1368393748998642,-0.126936137676239
0.7,False,False,False,False,yDtzw_Y-7RU,8.37516080309797e-05,2.7859763829241047e-05,-5.589184420173865e-05,-1.0,8,V,0,AT,8,4,4,4,-1.0017133951187134,-1.0093106031417847,-0.9978592991828918,-1.0056958198547363
0.7,False,False,False,False,yDtzw_Y-7RU,0.03258148718911347,0.029747478232295066,-0.0028340089568184013,-0.6000000238418579,5,V,4,A,9,1,4,8,-0.5792727470397949,-0.4183104336261749,-0.5866920948028564,-0.4270128011703491
0.7,False,False,False,False,yDtzw_Y-7RU,0.0075732239894392706,0.006887899532998176,-0.0006853244564410943,-1.399999976158142,6,V,4,AT,10,2,4,8,-1.215924620628357,-1.196390151977539,-1.2231028079986572,-1.2046016454696655
0.7,False,False,False,False,yDtzw_Y-7RU,0.043469319455344824,0.05505447172858435,0.01158515227323953,-0.6666666865348816,3,A,8,V,11,1,2,10,-0.3499847650527954,-0.28751400113105774,-0.3449806869029999,-0.2685004472732544
0.7,False,False,False,False,yDtzw_Y-7RU,0.02993210575617411,0.029891660569774103,-4.0445186400006605e-05,-1.7999999523162842,4,A,8,T,12,2,2,10,-1.030479073524475,-1.01127028465271,-1.032630205154419,-1.0133945941925049
0.7,False,False,False,False,yDtzw_Y-7RU,-0.11347316807520613,-0.1399331424184993,-0.02645997434329317,2.200000047683716,5,A,8,V,13,3,2,10,-0.5665660500526428,-0.5459815263748169,-0.5645594000816345,-0.5391340851783752
0.7,False,False,False,False,yDtzw_Y-7RU,-0.050036685685387994,-0.059168701516919775,-0.009132015831531781,0.6000000238418579,6,A,8,A,14,4,2,10,-0.3158159852027893,-0.28807783126831055,-0.3135499358177185,-0.28057071566581726
0.7,False,False,False,False,yDtzw_Y-7RU,-0.05657274836670112,-0.06548821426009876,-0.008915465893397645,0.6000000238418579,7,A,8,A,15,5,2,10,-0.5052839517593384,-0.47938865423202515,-0.5035885572433472,-0.4735080301761627
0.7,False,False,False,False,yDtzw_Y-7RU,-0.031629247734299426,-0.03788337287391208,-0.006254125139612654,0.20000000298023224,8,A,8,V,16,6,2,10,-0.59145188331604,-0.5712112784385681,-0.5894762277603149,-0.5651074051856995
0.7,False,False,False,False,yDtzw_Y-7RU,0.00984434444069393,0.010503394116881282,0.000659049676187351,-2.0,9,A,8,TV,17,7,2,10,-1.0969527959823608,-1.091518521308899,-1.0972496271133423,-1.091450810432434
0.7,False,False,False,False,yDtzw_Y-7RU,0.0249108094549797,0.027484127353559984,0.002573317898580285,-1.600000023841858,8,A,10,V,18,1,7,17,-0.8696228265762329,-0.8527640104293823,-0.8685609102249146,-0.850008487701416
0.7,False,False,False,False,yDtzw_Y-7RU,-0.003337184351153155,-0.0037199149539617338,-0.0003827306028085786,-0.6000000238418579,9,A,10,A,19,2,7,17,-0.7236225605010986,-0.7092947959899902,-0.7225620150566101,-0.7063086628913879
0.7,False,False,False,False,yDtzw_Y-7RU,0.017006620051249755,0.018019405638446173,0.0010127855871964186,0.20000000298023224,10,A,10,T,20,3,7,17,0.5203073620796204,0.5458372831344604,0.5203167796134949,0.5473071336746216
0.7,False,False,False,False,yDtzw_Y-7RU,-0.17067593928871627,-0.18260392634134526,-0.011927987052628986,2.0,11,A,10,A,21,4,7,17,-0.19626551866531372,-0.15705963969230652,-0.1943204253911972,-0.15230996906757355
0.7,False,False,False,False,yDtzw_Y-7RU,-0.0538539694293263,-0.05621468302832966,-0.002360713599003361,2.200000047683716,12,A,10,T,22,5,7,17,1.0575497150421143,1.0813674926757812,1.0570639371871948,1.0819265842437744
0.7,False,False,False,False,yDtzw_Y-7RU,0.055111630346942775,0.05853528696022181,0.003423656613279036,-0.800000011920929,13,A,10,V,23,6,7,17,0.2512510120868683,0.27714452147483826,0.25439560413360596,0.28179728984832764
0.7,False,True,False,True,nzpVDcQ0ywM,1.4431056163148002,1.6693615763435412,0.22625596002874104,-1.399999976158142,2,A,3,A,5,1,1,4,-0.30276840925216675,0.22696736454963684,-0.2851511240005493,0.30653145909309387
0.7,False,False,False,False,nzpVDcQ0ywM,0.02209730773099139,0.03098542556324091,0.00888811783224952,-1.0,3,A,3,AT,6,2,1,4,-0.9077423810958862,-0.8250463604927063,-0.9015551209449768,-0.7983150482177734
0.7,False,False,False,False,nzpVDcQ0ywM,-0.7951676208559251,-0.7838353286360915,0.011332292219833562,2.0,3,V,4,V,7,1,2,6,-0.4260192811489105,-0.2561919093132019,-0.43489542603492737,-0.26823288202285767
0.7,False,False,False,False,nzpVDcQ0ywM,0.06773643086461334,0.06052555757968037,-0.007210873284932973,-2.200000047683716,4,V,4,AT,8,2,2,6,-1.0501022338867188,-1.0210168361663818,-1.065602421760559,-1.039231538772583
0.7,False,False,False,False,nzpVDcQ0ywM,0.11473733584108459,0.13268269762481122,0.017945361783726632,-1.0,3,A,6,V,9,1,2,8,-0.43564218282699585,-0.3417925238609314,-0.44007667899131775,-0.3320203423500061
0.7,False,False,False,False,nzpVDcQ0ywM,-0.021973206538725698,-0.024693528423127553,-0.002720321884401855,0.0,4,A,6,T,10,2,2,8,-0.29447516798973083,-0.25444531440734863,-0.30677688121795654,-0.2634739577770233
0.7,False,False,False,False,nzpVDcQ0ywM,0.12994407016407306,0.15145150159537768,0.021507431431304624,-1.399999976158142,5,A,6,V,11,3,2,8,-0.1358555257320404,-0.08546383678913116,-0.1372215449810028,-0.0786140114068985
0.7,False,False,False,False,nzpVDcQ0ywM,0.10160162861952315,0.11628721432047395,0.014685585700950798,-1.0,6,A,6,A,12,4,2,8,-0.13727080821990967,-0.08026999235153198,-0.137983039021492,-0.0729830339550972
0.7,True,False,False,False,nzpVDcQ0ywM,-0.01844799095673743,-0.020488268865378696,-0.0020402779086412665,0.20000000298023224,7,A,6,V,13,5,2,8,-0.0028451504185795784,0.04934090003371239,0.00100619625300169,0.06176011636853218
0.7,False,False,False,False,nzpVDcQ0ywM,0.03554824067848017,0.04203257597857202,0.006484335300091848,-0.6000000238418579,8,A,6,V,14,6,2,8,-0.24009281396865845,-0.19369786977767944,-0.2369144707918167,-0.183030366897583
0.7,False,False,False,False,nzpVDcQ0ywM,-0.12918370246814015,-0.14985824107498047,-0.02067453860684032,1.399999976158142,9,A,6,V,15,7,2,8,0.2088722139596939,0.26439368724823,0.21472060680389404,0.2797192335128784
0.7,False,False,False,False,nzpVDcQ0ywM,-0.16259256220017004,-0.18900629007461855,-0.02641372787444851,1.600000023841858,10,A,6,V,16,8,2,8,0.08443836122751236,0.13906382024288177,0.09009888768196106,0.1540418118238449
0.7,False,False,False,False,nzpVDcQ0ywM,-0.1308460313180113,-0.148757734538016,-0.017911703220004682,1.2000000476837158,11,A,6,A,17,9,2,8,0.06629824638366699,0.12555426359176636,0.07213029265403748,0.14012625813484192
0.7,False,False,False,False,nzpVDcQ0ywM,0.25245726663899326,0.29102785404461873,0.03857058740562547,-2.0,12,A,6,A,18,10,2,8,0.1008952185511589,0.16014304757118225,0.10770774632692337,0.17565158009529114
0.7,False,False,False,False,nzpVDcQ0ywM,0.008796048003359758,0.011773156399966567,0.002977108396606809,0.20000000298023224,13,A,6,A,19,11,2,8,0.24146926403045654,0.30254632234573364,0.2490694522857666,0.3190838694572449
0.7,False,False,False,False,nzpVDcQ0ywM,0.012364897860070556,0.012626283984459974,0.0002613861243894178,-1.399999976158142,14,A,6,T,20,12,2,8,-0.7673262357711792,-0.7576286196708679,-0.7686470746994019,-0.758725643157959
0.7,False,False,False,False,nzpVDcQ0ywM,-0.07621195232234257,-0.08572799351015448,-0.009516041187811908,2.0,15,A,6,A,21,13,2,8,-0.18576377630233765,-0.16825997829437256,-0.18502672016620636,-0.16532070934772491
0.7,False,False,False,False,nzpVDcQ0ywM,-0.016005657216950908,-0.01782083733382933,-0.0018151801168784232,2.0,16,A,6,T,22,14,2,8,1.3248028755187988,1.3367613554000854,1.323628544807434,1.3369332551956177
0.7,False,False,False,False,nzpVDcQ0ywM,-0.0274065041175362,-0.031623500795515014,-0.004216996677978813,1.600000023841858,17,A,6,A,23,15,2,8,0.5988672971725464,0.6126499176025391,0.5980116128921509,0.6139182448387146
0.7,False,False,False,False,jUzDDGyPkXU,0.9840251165300202,0.9829637424827524,-0.0010613740472678046,2.799999952316284,6,A,2,T,8,1,5,7,1.669372320175171,1.2958909273147583,1.7161664962768555,1.3311028480529785
0.7,False,False,False,False,jUzDDGyPkXU,0.2499135439938982,0.23490749988593507,-0.015006044107963135,2.4000000953674316,7,A,2,T,9,2,5,7,1.6142592430114746,1.4687094688415527,1.6556404829025269,1.511755347251892
0.7,False,False,False,False,jUzDDGyPkXU,0.5054687654321235,0.48120181324675926,-0.024266952185364232,2.4000000953674316,8,A,2,A,10,3,5,7,0.7442770600318909,0.5980879068374634,0.7804847955703735,0.6381738781929016
0.7,False,False,False,False,jUzDDGyPkXU,-0.03542644755054525,-0.03882250502041984,-0.0033960574698745916,0.5,9,A,2,V,11,4,5,7,0.7210071086883545,0.6158347725868225,0.7383202910423279,0.6340673565864563
0.7,False,False,False,False,jUzDDGyPkXU,-0.28140319396972213,-0.2876830130244299,-0.006279819054707758,-0.6000000238418579,10,A,2,A,12,5,5,7,0.5757312774658203,0.4492572844028473,0.5892558693885803,0.46143606305122375
0.7,False,False,False,False,jUzDDGyPkXU,-0.07538141588312897,-0.07626628454133311,-0.000884868658204141,0.800000011920929,11,A,2,T,13,6,5,7,1.5740360021591187,1.5237059593200684,1.587319016456604,1.5372956991195679
0.7,False,False,False,False,jUzDDGyPkXU,0.04793272892466405,0.04610486948067205,-0.001827859443991997,1.3333333730697632,12,A,2,A,14,7,5,7,0.7665954828262329,0.7257771492004395,0.781022846698761,0.7407527565956116
0.7,False,False,False,False,jUzDDGyPkXU,0.06077130066101066,0.05901167737837909,-0.0017596232826315727,1.2000000476837158,13,A,2,A,15,8,5,7,0.5433138608932495,0.4985671937465668,0.556688129901886,0.5123504996299744
0.7,False,False,False,False,jUzDDGyPkXU,-0.30989674628519204,-0.31651251161646776,-0.006615765331275725,-2.799999952316284,14,A,2,AV,16,9,5,7,0.19971831142902374,0.14761143922805786,0.20086577534675598,0.14765718579292297
0.7,False,False,False,False,jUzDDGyPkXU,-0.2547755612030045,-0.2606134982414865,-0.005837937038482011,-2.4000000953674316,15,A,2,V,17,10,5,7,0.6523380279541016,0.6103142499923706,0.6510441899299622,0.6080321073532104
0.7,False,False,False,False,jUzDDGyPkXU,0.04370650762635364,0.04787174993761667,0.004165242311263029,2.200000047683716,16,A,2,T,18,11,5,7,-0.8736549019813538,-0.8807565569877625,-0.8752926588058472,-0.8830661177635193
0.7,False,False,False,False,jUzDDGyPkXU,-0.07801740629932219,-0.0798741962892473,-0.0018567899899251117,-2.200000047683716,17,A,2,A,19,12,5,7,-0.054235223680734634,-0.07249228656291962,-0.05527069419622421,-0.07397328317165375
0.7,False,False,False,False,jUzDDGyPkXU,-0.031720244814414156,-0.032708775658632505,-0.0009885308442183494,-1.0,18,A,2,V,20,13,5,7,-0.1070629432797432,-0.12500494718551636,-0.10816159099340439,-0.12669193744659424
0.7,False,False,False,False,jUzDDGyPkXU,-0.07898873651873828,-0.08133696500817678,-0.0023482284894384975,-2.4000000953674316,19,A,2,A,21,14,5,7,-0.32049065828323364,-0.3395703434944153,-0.3234752416610718,-0.34315335750579834
0.7,False,False,False,False,jUzDDGyPkXU,0.049620785785368327,0.05142840341918742,0.001807617633819092,1.2000000476837158,20,A,2,V,22,15,5,7,-0.23080427944660187,-0.24804063141345978,-0.23270872235298157,-0.2505456507205963
0.7,False,False,False,False,jUzDDGyPkXU,-0.00017653346833412797,-0.00020084341545967277,-2.4309947125544795e-05,-1.0,21,A,2,T,23,16,5,7,-0.9457286596298218,-0.9473801851272583,-0.9473522305488586,-0.9492955207824707
0.7,False,False,False,False,jUzDDGyPkXU,0.0012527037532663599,0.0009071244156046987,-0.00034557933766166116,-2.0,22,A,2,T,24,17,5,7,-1.0684062242507935,-1.0677341222763062,-1.0693026781082153,-1.0688154697418213
0.7,False,False,False,False,jUzDDGyPkXU,0.0024372154934582113,0.0021807309656196594,-0.0002564845278385519,-2.0,23,A,2,T,25,18,5,7,-1.0321381092071533,-1.0308798551559448,-1.0328688621520996,-1.0317420959472656
0.7,False,False,False,False,jUzDDGyPkXU,0.0003351439490870689,0.0002105887928678385,-0.0001245551562192304,-2.0,24,A,2,A,26,19,5,7,-0.7080652117729187,-0.7079355120658875,-0.7087053656578064,-0.7086238265037537
0.7,False,False,False,False,rnaNMUZpvvg,0.03325987870427127,0.5626267275186656,0.5293668488143943,-2.799999952316284,3,V,1,T,4,1,2,3,-1.340301275253296,-1.328952670097351,-1.1004899740219116,-0.9423237442970276
0.7,False,False,False,False,rnaNMUZpvvg,-0.006809162853699036,0.1723040750431437,0.17911323789684275,-2.5999999046325684,4,V,1,T,5,2,2,3,-1.3048679828643799,-1.3074994087219238,-1.0916019678115845,-1.0355292558670044
0.7,False,False,False,False,rnaNMUZpvvg,0.006010109703737498,-0.03348005316134817,-0.039490162865085665,-0.4000000059604645,5,V,1,T,6,3,2,3,-1.1631274223327637,-1.1670551300048828,-0.9538640379905701,-0.9227669835090637
0.7,False,False,False,False,rnaNMUZpvvg,0.00031772121360518213,0.0117096612842289,0.011391940070623718,-1.600000023841858,6,V,1,TV,7,4,2,3,-1.217270851135254,-1.2168560028076172,-1.1442126035690308,-1.1315431594848633
0.7,False,False,False,False,rnaNMUZpvvg,0.04218226474233333,0.04601985510794293,0.0038375903656096,-1.399999976158142,5,A,3,A,8,1,4,7,-0.7408575415611267,-0.7096008062362671,-0.7355025410652161,-0.7017330527305603
0.7,False,False,False,False,rnaNMUZpvvg,0.032855145138640296,0.034670618277004905,0.0018154731383646094,-2.5999999046325684,6,A,3,TV,9,2,4,7,-1.062835454940796,-1.0521854162216187,-1.0679165124893188,-1.0566431283950806
0.7,False,False,False,False,rnaNMUZpvvg,-0.008496380843084239,-0.012945744246181334,-0.004449363403097095,-2.5999999046325684,3,V,7,T,10,1,2,9,-1.304887294769287,-1.3081716299057007,-1.316578984260559,-1.3216323852539062
0.7,False,False,False,False,rnaNMUZpvvg,0.0001851378158193029,0.0008028744739476679,0.000617736658128365,-1.0,4,V,7,T,11,2,2,9,-1.266581654548645,-1.2669286727905273,-1.2780002355575562,-1.2794405221939087
0.7,False,False,False,False,rnaNMUZpvvg,0.012656396040824802,0.01293586900185062,0.0002794729610258173,-2.0,5,V,7,A,12,3,2,9,-0.5681028962135315,-0.5636902451515198,-0.568820595741272,-0.5643084049224854
0.7,False,False,False,False,rnaNMUZpvvg,0.008158619990869198,0.0073542135008430876,-0.0008044064900261105,-2.5999999046325684,6,V,7,A,13,4,2,9,-0.8746123313903809,-0.8722496628761292,-0.8790406584739685,-0.8769053220748901
0.7,False,False,False,False,rnaNMUZpvvg,0.00669128701400723,0.006550363395945169,-0.000140923618062061,-1.600000023841858,7,V,7,A,14,5,2,9,-0.692134439945221,-0.6884567141532898,-0.6942259073257446,-0.6906172037124634
0.7,False,False,False,False,rnaNMUZpvvg,0.01012672882689003,0.010137790692070325,1.1061865180295172e-05,-1.7999999523162842,8,V,7,A,15,6,2,9,-0.6306423544883728,-0.6263203024864197,-0.6317236423492432,-0.6273928880691528
0.7,False,False,False,False,rnaNMUZpvvg,0.0010526352725577226,0.0008326208547515535,-0.00022001441780616915,-1.600000023841858,9,V,7,V,16,7,2,9,-1.157179594039917,-1.1559926271438599,-1.1598080396652222,-1.1588633060455322
0.7,False,False,False,False,rnaNMUZpvvg,-0.002143721992808878,-0.004001781229021617,-0.001858059236212739,-2.200000047683716,10,V,7,T,17,8,2,9,-1.276843547821045,-1.2780053615570068,-1.283711314201355,-1.2858976125717163
0.7,False,False,False,False,rnaNMUZpvvg,0.0009674234751599897,0.0007018466502337617,-0.00026557682492622803,-1.399999976158142,11,V,7,V,18,9,2,9,-0.8754680156707764,-0.8745466470718384,-0.8763946294784546,-0.8757248520851135
0.7,False,False,False,False,rnaNMUZpvvg,-0.001124336997975206,-0.00025828843484987374,0.0008660485631253323,0.800000011920929,12,V,7,A,19,10,2,9,-0.7499057054519653,-0.7495429515838623,-0.7521049380302429,-0.7520217299461365
0.7,False,False,False,False,rnaNMUZpvvg,0.0014700604054951327,0.0005010900129711615,-0.0009689703925239712,-2.5999999046325684,13,V,7,A,20,11,2,9,-0.7373934984207153,-0.7369989156723022,-0.7393112778663635,-0.7391766309738159
0.7,False,False,False,False,rnaNMUZpvvg,0.00013501834234830312,-0.0002537638793427277,-0.0003887822216910308,-2.200000047683716,14,V,7,ATV,21,12,2,9,-1.1778165102005005,-1.1777504682540894,-1.1794557571411133,-1.1795800924301147
0.7,False,False,False,False,yvsjCA6Y5Fc,0.03272989576042917,0.029158964254264674,-0.0035709315061644986,-2.0,1,A,8,AV,9,7,6,2,-0.9699620008468628,-0.954194962978363,-0.9709153771400452,-0.95684415102005
0.7,False,False,False,False,yvsjCA6Y5Fc,-0.03567357365487478,-0.030246578637020072,0.005426995017854708,2.0,2,A,8,T,10,8,6,2,-0.08088978379964828,-0.07230034470558167,-0.0757438987493515,-0.0684453472495079
0.7,False,False,False,False,yvsjCA6Y5Fc,-0.0003198759264364526,-0.00025183770661740823,6.803821981904434e-05,-0.6000000238418579,3,A,8,V,11,9,6,2,-0.6198177933692932,-0.6085363030433655,-0.6168515086174011,-0.6056687831878662
0.7,False,False,False,False,yvsjCA6Y5Fc,-0.0022150680611758844,-0.004000993136642705,-0.001785925075466821,-2.0,4,A,8,TV,12,10,6,2,-1.1173187494277954,-1.1185743808746338,-1.1199334859848022,-1.1222095489501953
0.7,False,False,False,False,yvsjCA6Y5Fc,-0.0038077936172840054,-0.0039198594781595375,-0.00011206586087553205,-1.0,4,A,9,T,13,1,3,12,-1.1340359449386597,-1.11898672580719,-1.1341919898986816,-1.118691325187683
0.7,False,False,False,False,yvsjCA6Y5Fc,0.08478836734587958,0.08683709343756263,0.0020487260916830508,-2.0,5,A,9,A,14,2,3,12,-0.5406370759010315,-0.511870801448822,-0.5394520163536072,-0.5100209712982178
0.7,False,False,False,False,yvsjCA6Y5Fc,0.04441367681572217,0.045338419030169774,0.0009247422144476047,-1.7999999523162842,6,A,9,V,15,3,3,12,-0.7182637453079224,-0.6979260444641113,-0.717768132686615,-0.6970202922821045
0.7,False,False,False,False,yvsjCA6Y5Fc,0.008395127883048303,0.008594358332970842,0.00019923044992253836,-0.6000000238418579,7,A,9,V,16,4,3,12,-0.4472337067127228,-0.4218633472919464,-0.44601869583129883,-0.42026519775390625
0.7,False,False,False,False,yvsjCA6Y5Fc,0.007628270689721717,0.007879441479872185,0.00025117079015046784,-2.200000047683716,8,A,9,T,17,5,3,12,-1.0556601285934448,-1.0523319244384766,-1.055385708808899,-1.05194890499115
0.7,False,False,False,False,yvsjCA6Y5Fc,-0.00202810309490431,-0.001972894998090169,5.520809681414107e-05,-1.600000023841858,9,A,9,T,18,6,3,12,-0.9580574631690979,-0.9596390724182129,-0.957615315914154,-0.9591527581214905
0.7,False,False,False,False,yvsjCA6Y5Fc,-0.008934680379720561,-0.00903179012983557,-9.710975011500977e-05,0.800000011920929,10,A,9,AV,19,7,3,12,-0.757276713848114,-0.7544053792953491,-0.7574067711830139,-0.7545044422149658
0.7,False,False,False,False,yvsjCA6Y5Fc,0.0047392309576252956,0.004874067044529085,0.000134836086903789,-1.7999999523162842,11,A,9,A,20,8,3,12,-0.6522261500358582,-0.650163471698761,-0.6527212858200073,-0.6505990624427795
0.7,False,False,False,False,yvsjCA6Y5Fc,-0.0022895417238970595,-0.002252537932690757,3.7003791206302594e-05,-1.600000023841858,12,A,9,T,21,9,3,12,-1.1089558601379395,-1.1112927198410034,-1.1092236042022705,-1.1115238666534424
0.7,False,False,False,False,yvsjCA6Y5Fc,-0.0009319833263532473,-0.000902001754056414,2.9981572296833292e-05,-1.2000000476837158,13,A,9,V,22,10,3,12,-0.7379270195960999,-0.7389366030693054,-0.7380807399749756,-0.7390581369400024
0.7,False,False,False,False,pLTX3ipuDJI,-0.04347650658636937,-0.050070968493486134,-0.0065944619071167665,-2.0,5,A,2,T,7,1,4,6,-0.7823623418807983,-0.8003479838371277,-0.7873913645744324,-0.8082161545753479
0.7,False,False,False,False,pLTX3ipuDJI,0.0015198679681782679,0.0021856853763893014,0.0006658174082110335,0.0,6,A,2,T,8,2,4,6,-0.47656428813934326,-0.4781562387943268,-0.4787309169769287,-0.48100829124450684
0.7,False,False,False,False,pLTX3ipuDJI,0.005589041948954154,0.004782507421773552,-0.0008065345271806024,-1.600000023841858,7,A,2,A,9,3,4,6,-0.2796103060245514,-0.2774955630302429,-0.2812376022338867,-0.27942559123039246
0.7,False,False,False,False,pLTX3ipuDJI,0.00010727405594224138,0.0005630443266042562,0.0004557702706620148,0.6000000238418579,8,A,2,TV,10,4,4,6,-0.4156394898891449,-0.4156922996044159,-0.4173450767993927,-0.41762176156044006
0.7,False,False,False,False,pLTX3ipuDJI,-0.009213688468275194,0.014621310547743072,0.023834999016018266,-2.0,5,A,6,V,11,1,4,10,0.11449923366308212,0.11231941729784012,0.13814152777194977,0.1415579617023468
0.7,False,False,False,False,pLTX3ipuDJI,-0.00540794397853972,-0.0043821348668871,0.0010258091116526202,-1.399999976158142,6,A,6,T,12,2,4,10,-0.5554602146148682,-0.5586680173873901,-0.5505699515342712,-0.5531533360481262
0.7,False,False,False,False,pLTX3ipuDJI,0.009757048897937715,0.018317084343210777,0.008560035445273062,-2.0,7,A,6,A,13,3,4,10,-0.12713667750358582,-0.12453363835811615,-0.11492812633514404,-0.11007591336965561
0.7,False,False,False,False,pLTX3ipuDJI,0.0015598884590426465,0.01035270605236338,0.008792817593320734,-1.399999976158142,8,A,6,V,14,4,4,10,0.33672285079956055,0.33717188239097595,0.3552204966545105,0.3581671416759491
0.7,False,False,False,False,pLTX3ipuDJI,-0.005284399468536094,-0.004274246827425721,0.0010101526411103734,-1.600000023841858,9,A,6,TV,15,5,4,10,-0.433363139629364,-0.4356301426887512,-0.4277200400829315,-0.42954450845718384
0.7,False,True,False,True,cW1FSBF59ik,1.885037649368038,1.9543553492742518,0.06931769990621373,-1.0,1,A,9,A,10,2,1,8,-0.6123523712158203,0.4266423285007477,-0.5649838447570801,0.4641019105911255
0.7,True,False,True,False,cW1FSBF59ik,-3.3496948422511474,-3.262352082073898,0.08734276017724962,2.200000047683716,2,A,9,V,11,3,1,8,-0.04061629995703697,0.9074572920799255,-0.0033124731853604317,0.9381625056266785
0.7,False,False,False,False,cW1FSBF59ik,-0.9526051579043049,-0.9095696971811549,0.04303546072315001,2.0,3,A,9,TV,12,4,1,8,0.7093843817710876,1.1555572748184204,0.7431632280349731,1.1814225912094116
0.7,False,False,False,False,cW1FSBF59ik,-0.4362708863783782,-0.4434250372778872,-0.007154150899508993,-1.2000000476837158,4,A,9,A,13,1,3,12,-0.21446320414543152,-0.46855491399765015,-0.19438432157039642,-0.44644981622695923
0.7,False,False,False,False,cW1FSBF59ik,-0.16892791685370412,-0.1674750424681548,0.0014528743855493076,-2.5999999046325684,5,A,9,T,14,2,3,12,-0.9920648336410522,-1.045481562614441,-0.9838091135025024,-1.0364789962768555
0.7,False,False,False,False,cW1FSBF59ik,0.5235848500355651,0.5165026557677521,-0.00708219426781298,3.0,6,A,9,A,15,3,3,12,-0.8387891054153442,-0.9063904881477356,-0.8329441547393799,-0.8997389078140259
0.7,False,False,False,False,cW1FSBF59ik,0.3923674251828757,0.3859222098648454,-0.006445215318030328,2.4000000953674316,7,A,9,A,16,4,3,12,-0.35122087597846985,-0.42162784934043884,-0.3442652225494385,-0.4137010872364044
0.7,False,False,False,False,cW1FSBF59ik,0.07903998180040617,0.07707179450910928,-0.0019681872912968856,2.5999999046325684,8,A,9,AT,17,5,3,12,1.1694116592407227,1.1420483589172363,1.1825621128082275,1.1556309461593628
0.7,False,True,False,True,cW1FSBF59ik,0.11050140583550672,0.09654398039292028,-0.013957425442586435,0.20000000298023224,6,V,12,T,18,1,5,17,0.11224871873855591,-0.14380472898483276,0.14127348363399506,-0.11621635407209396
0.7,False,True,False,True,cW1FSBF59ik,1.3917464437245428,1.3836531135643373,-0.008093330160205525,2.5,7,V,12,V,19,2,5,17,0.22518202662467957,-0.06252673268318176,0.230235755443573,-0.05645904317498207
0.7,False,True,False,True,cW1FSBF59ik,0.8825513581941493,0.8737601306250744,-0.008791227569074911,1.600000023841858,8,V,12,A,20,3,5,17,0.2048652470111847,-0.08194896578788757,0.2160559743642807,-0.0700482577085495
0.7,False,False,False,False,cW1FSBF59ik,-0.4693240620110173,-0.4758335501959875,-0.0065094881849702135,-1.0,9,V,12,A,21,4,5,17,-0.015695646405220032,-0.29322493076324463,-0.003587164916098118,-0.28096941113471985
0.7,False,False,False,False,cW1FSBF59ik,0.04381635844765697,0.04238237644422327,-0.001433982003433698,1.399999976158142,10,V,12,T,22,5,5,17,1.2162870168685913,1.12149178981781,1.2227569818496704,1.128343105316162
0.7,False,False,False,False,cW1FSBF59ik,-0.000593930305377569,-0.0008617563467447908,-0.0002678260413672218,0.0,11,V,12,T,23,6,5,17,0.028116866946220398,0.014022407121956348,0.03791661188006401,0.023998189717531204
0.7,False,False,False,False,tmZoasNr4rU,-0.006043052956183459,-0.005956016581990298,8.703637419316124e-05,-1.0,17,A,2,A,19,1,16,18,-0.9108843803405762,-0.9564277529716492,-0.9122375249862671,-0.9582120180130005
0.7,False,False,False,False,d6hH302o4v8,-0.0009644214305239984,-0.0011243337759054839,-0.00015991234538148547,-1.3333333730697632,2,A,2,AT,4,1,1,3,-1.084591269493103,-1.086537480354309,-1.0779112577438354,-1.0801217555999756
0.7,False,False,False,False,d6hH302o4v8,-0.04738083685377603,-0.060481673460955676,-0.013100836607179644,-2.0,2,A,3,T,5,1,1,4,-1.1585116386413574,-1.1871520280838013,-1.1791951656341553,-1.2169042825698853
0.7,False,False,False,False,d6hH302o4v8,-0.0990060298139106,-0.09825701075794768,0.0007490190559629184,-2.799999952316284,3,A,3,V,6,2,1,4,-0.6440386176109314,-0.6671231985092163,-0.6529845595359802,-0.6759900450706482
0.7,False,False,False,False,d6hH302o4v8,-0.024857181111030968,-0.02884641499709062,-0.003989233886059651,-2.200000047683716,4,A,3,TV,7,3,1,4,-1.0877232551574707,-1.0989539623260498,-1.1056281328201294,-1.1188879013061523
0.7,False,False,False,False,d6hH302o4v8,0.050928140954511036,0.05124741682446299,0.00031927586995195156,-2.4000000953674316,4,A,4,T,8,1,3,7,-0.8568146228790283,-0.8404009342193604,-0.8704726099967957,-0.8538106679916382
0.7,False,False,False,False,d6hH302o4v8,0.021619850826954945,0.02167299800307987,5.314717612492359e-05,-1.2000000476837158,5,A,4,V,9,2,3,7,-0.6699475049972534,-0.6499313712120056,-0.678767740726471,-0.6583764553070068
0.7,False,False,False,False,d6hH302o4v8,-0.0010427973412703295,-0.001139815979740888,-9.701863847055847e-05,-1.0,6,A,4,ATV,10,3,3,7,-1.097129464149475,-1.091604232788086,-1.1028319597244263,-1.0971318483352661
0.7,False,False,False,False,d6hH302o4v8,-0.29123552045837187,-0.293951469815255,-0.0027159493568831294,1.399999976158142,4,V,7,A,11,1,3,10,-0.8476807475090027,-0.7819333672523499,-0.8463869690895081,-0.7799777388572693
0.7,False,False,False,False,d6hH302o4v8,0.1943632783417577,0.19583953546854715,0.0014762571267894486,-2.0,5,V,7,V,12,2,3,10,-0.5219124555587769,-0.4575648903846741,-0.5220267176628113,-0.45719587802886963
0.7,False,False,False,False,d6hH302o4v8,0.028381726837778842,0.027825639484419185,-0.0005560873533596578,-1.7999999523162842,6,V,7,T,13,3,3,10,-1.1496553421020508,-1.1281890869140625,-1.1499968767166138,-1.1289339065551758
0.7,False,False,False,False,d6hH302o4v8,0.05780485277884395,0.057736757150440354,-6.809562840359717e-05,-1.75,7,V,7,A,14,4,3,10,-0.7091371417045593,-0.6817302107810974,-0.7089411020278931,-0.6815710663795471
0.7,False,False,False,False,d6hH302o4v8,0.09237274616922253,0.09260059527455855,0.00022784910533601987,-2.0,8,V,7,A,15,5,3,10,-0.5256714224815369,-0.4946703016757965,-0.5254442095756531,-0.49437209963798523
0.7,False,False,False,False,d6hH302o4v8,0.05590171233242458,0.055565576093183466,-0.0003361362392411138,-2.0,9,V,7,V,16,6,3,10,-0.826094925403595,-0.8025214672088623,-0.826511561870575,-0.8030703067779541
0.7,False,False,False,False,d6hH302o4v8,0.049209218925117426,0.04919555754029048,-1.3661384826946232e-05,-2.0,10,V,7,AV,17,7,3,10,-1.000209093093872,-0.9758949875831604,-1.000459909439087,-0.9761465191841125
0.7,False,False,False,False,d6hH302o4v8,0.11037305800989827,0.10983004246744699,-0.0005430155424512861,-2.799999952316284,11,V,7,V,18,8,3,10,-0.6084189414978027,-0.5833808183670044,-0.6091613173484802,-0.5842373371124268
0.7,False,False,False,False,d6hH302o4v8,-0.08258273883100387,-0.08168056897372367,0.0009021698572801995,1.0,12,V,7,A,19,9,3,10,-0.9039821624755859,-0.8821703791618347,-0.9044732451438904,-0.8829067349433899
0.7,False,False,False,False,d6hH302o4v8,0.02163025205732083,0.021180919959604694,-0.00044933209771613747,-2.4000000953674316,13,V,7,ATV,20,10,3,10,-1.1138134002685547,-1.1054320335388184,-1.114055871963501,-1.1058465242385864
0.7,False,False,False,False,d6hH302o4v8,0.0010946652970318382,0.0009091830288383562,-0.00018548226819348201,-1.0,4,A,17,AT,21,1,3,20,-1.438027024269104,-1.439274787902832,-1.4344483613967896,-1.4354934692382812
0.7,False,False,False,False,d6hH302o4v8,-0.014914718843883179,-0.02050767226445771,-0.005592953420574531,-2.5999999046325684,2,A,20,T,22,1,1,21,-1.1378483772277832,-1.1429575681686401,-1.1422585248947144,-1.1493096351623535
0.7,False,False,False,False,d6hH302o4v8,-0.0630253170918813,-0.06502488734261291,-0.001999570250731608,-2.799999952316284,3,A,20,V,23,2,1,21,-0.5882223844528198,-0.602516233921051,-0.5915036201477051,-0.6062745451927185
0.7,False,False,False,False,d6hH302o4v8,-0.018075669068252864,-0.01741567426160273,0.0006599948066501327,-1.600000023841858,4,A,20,V,24,3,1,21,-0.8581767082214355,-0.8704617023468018,-0.8633376955986023,-0.87525475025177
0.7,False,False,False,False,d6hH302o4v8,-0.035681573510405684,-0.034571730675470036,0.0011098428349356482,-2.5999999046325684,5,A,20,A,25,4,1,21,-0.7861573100090027,-0.7960200309753418,-0.788162887096405,-0.7977286577224731
0.7,False,False,False,False,d6hH302o4v8,-0.04326960944487723,-0.04250699410121683,0.0007626153436604,-2.5999999046325684,6,A,20,A,26,5,1,21,-0.625557005405426,-0.6365450024604797,-0.6258390545845032,-0.6366344094276428
0.7,False,False,False,False,d6hH302o4v8,0.001089627008923344,0.0013911724698942862,0.00030154546097094226,-1.0,7,A,20,T,27,6,1,21,-1.2037988901138306,-1.206454873085022,-1.2056565284729004,-1.209011435508728
0.7,False,False,False,False,d6hH302o4v8,-0.0008793708872190109,-0.0024452233247558297,-0.0015658524375368188,-1.7999999523162842,8,A,20,T,28,7,1,21,-1.0199402570724487,-1.020504117012024,-1.0215953588485718,-1.023167610168457
0.7,False,False,False,False,d6hH302o4v8,-0.005136392738336326,-0.006700101463909647,-0.0015637087255733206,-2.799999952316284,9,A,20,A,29,8,1,21,-0.83726966381073,-0.8385785818099976,-0.8374510407447815,-0.8391587734222412
0.7,False,False,False,False,d6hH302o4v8,-0.00239939923027066,-0.0026840650363624263,-0.00028466580609176617,-1.399999976158142,10,A,20,V,30,9,1,21,-0.8077963590621948,-0.8098256587982178,-0.8083687424659729,-0.8106414675712585
0.7,False,False,False,False,d6hH302o4v8,4.4646123637193114e-05,0.0006264165152742862,0.0005817703916370931,-0.6000000238418579,11,A,20,T,31,10,1,21,-0.9464237093925476,-0.9464881420135498,-0.9481022357940674,-0.9490008354187012
0.7,False,False,False,False,d6hH302o4v8,0.001959075768809271,-0.0011992880619260404,-0.0031583638307353112,-3.0,12,A,20,T,32,11,1,21,-1.145419955253601,-1.1448918581008911,-1.1471019983291626,-1.147425651550293
0.7,False,False,False,False,d6hH302o4v8,0.003265933297111445,-0.0008268827922677247,-0.00409281608937917,-3.0,13,A,20,T,33,12,1,21,-0.9127103686332703,-0.9119281768798828,-0.9143940806388855,-0.9145923256874084
0.7,False,False,False,False,d6hH302o4v8,-0.00016168124116688887,-0.001350862914478057,-0.0011891816733111682,-1.600000023841858,14,A,20,V,34,13,1,21,-0.598275363445282,-0.5983560681343079,-0.599321722984314,-0.5999969244003296
0.7,False,False,False,False,d6hH302o4v8,-9.902605350475824e-05,-0.002315285924861854,-0.002216259871357096,-2.200000047683716,15,A,20,A,35,14,1,21,-0.5583036541938782,-0.5583338141441345,-0.559134840965271,-0.5598405003547668
0.7,False,False,False,False,d6hH302o4v8,-0.0012911600762457454,-0.002582823767198761,-0.0012916636909530155,-2.200000047683716,16,A,20,V,36,15,1,21,-0.6206972599029541,-0.6211060881614685,-0.6215649247169495,-0.6223832964897156
0.7,False,False,False,False,d6hH302o4v8,0.0020788761638641517,-0.0007475567928167948,-0.0028264329566809465,-3.0,17,A,20,T,37,16,1,21,-1.1072136163711548,-1.1066645383834839,-1.1087790727615356,-1.1089767217636108
0.7,False,False,False,False,d6hH302o4v8,0.0003068657573805922,-0.0017520563146966595,-0.0020589220720772516,-3.0,18,A,20,V,38,17,1,21,-0.6934234499931335,-0.6933569312095642,-0.6943490505218506,-0.6947290301322937
0.7,False,False,False,False,d6hH302o4v8,0.00010996397648099787,-0.0008127437941851667,-0.0009227077706661646,-1.0,19,A,20,A,39,18,1,21,-0.27541524171829224,-0.27533936500549316,-0.27642297744750977,-0.2769848108291626
0.7,False,False,False,False,d6hH302o4v8,2.876820637709443e-05,-0.002234264160236421,-0.0022630323666135155,-2.4000000953674316,20,A,20,A,40,19,1,21,-0.33739498257637024,-0.3373880088329315,-0.3380894958972931,-0.33863136172294617
0.7,False,False,False,False,d6hH302o4v8,-0.00017753431949074638,-0.0010076657191362415,-0.0008301313996454951,-1.399999976158142,21,A,20,V,41,20,1,21,-0.4024566113948822,-0.40254560112953186,-0.4032939374446869,-0.40379956364631653
0.7,False,False,False,False,d6hH302o4v8,-0.00028623480423206615,-0.0017005213994707447,-0.0014142865952386785,-2.5,22,A,20,V,42,21,1,21,-0.7013747692108154,-0.7014543414115906,-0.702257513999939,-0.7027305364608765
0.7,False,False,False,False,dq3Nf_lMPnE,0.019403560017836163,0.01210366242012384,-0.007299897597712324,-0.4000000059604645,1,A,2,A,3,3,2,0,-0.47043219208717346,-0.5560905337333679,-0.4130183458328247,-0.5107842087745667
0.7,False,False,False,False,dq3Nf_lMPnE,0.10601780257086091,0.12465161508664835,0.01863381251578744,1.2000000476837158,2,A,2,T,4,4,2,0,-1.0416415929794312,-1.0651655197143555,-1.032341480255127,-1.0600885152816772
0.7,False,False,False,False,dq3Nf_lMPnE,0.028898637766118895,0.0372957385734729,0.008397100807354008,0.800000011920929,3,A,2,T,5,5,2,0,-0.942829430103302,-0.9511005282402039,-0.9366745948791504,-0.9473792910575867
0.7,False,False,False,False,dq3Nf_lMPnE,-0.027486224053308916,-0.03283330120603978,-0.005347077152730861,-2.0,4,A,2,A,6,6,2,0,-0.7905599474906921,-0.8019770383834839,-0.7780106067657471,-0.7915196418762207
0.7,False,False,False,False,dq3Nf_lMPnE,0.027185345297819907,0.02959596789345298,0.002410622595633072,0.6000000238418579,5,A,2,V,7,7,2,0,-0.5879268050193787,-0.5993145704269409,-0.5837616324424744,-0.5961971282958984
0.7,False,False,False,False,dq3Nf_lMPnE,-0.004818291940708264,-0.005253120483853735,-0.00043482854314547126,-0.800000011920929,6,A,2,V,8,8,2,0,-0.5854284167289734,-0.5969663262367249,-0.5830575823783875,-0.5955228805541992
0.7,False,False,False,False,dq3Nf_lMPnE,0.0395342140914714,0.04181833209345953,0.0022841180019881335,1.0,7,A,2,A,9,9,2,0,-0.5523895621299744,-0.5650711059570312,-0.5534743070602417,-0.5668761134147644
0.7,False,False,False,False,dq3Nf_lMPnE,3.5137423228803755e-05,0.00010357432375940334,6.843690053059959e-05,-0.6000000238418579,8,A,2,V,10,10,2,0,-0.5957909822463989,-0.6072700619697571,-0.5984584093093872,-0.6102932691574097
0.7,False,False,False,False,dq3Nf_lMPnE,-0.022424527116005066,-0.022602813539389643,-0.00017828642338457712,-1.600000023841858,9,A,2,A,11,11,2,0,-0.7065964341163635,-0.719235897064209,-0.7126593589782715,-0.7254883646965027
0.7,False,False,False,False,dq3Nf_lMPnE,-0.00877558775550824,-0.00840507595076545,0.0003705118047427902,-1.2000000476837158,10,A,2,AV,12,12,2,0,-0.8440020680427551,-0.8565484881401062,-0.8507813811302185,-0.8630303144454956
0.7,False,False,False,False,dq3Nf_lMPnE,-0.03147573696785244,-0.03030981827689061,0.0011659186909618313,-1.7999999523162842,11,A,2,A,13,13,2,0,-0.6197057366371155,-0.6331157684326172,-0.6282381415367126,-0.6412437558174133
0.7,False,False,False,False,dq3Nf_lMPnE,0.043687849354455466,0.04255606984142446,-0.001131779513031006,1.0,12,A,2,A,14,14,2,0,-0.6324532628059387,-0.6457799077033997,-0.6410390734672546,-0.6539544463157654
0.7,False,False,False,False,k5Y_838nuGo,-0.0342746221526653,-0.034557161391393976,-0.00028253923872867404,0.20000000298023224,11,A,0,A,11,1,10,10,0.6685706973075867,0.6304461359977722,0.676539957523346,0.6387860178947449
0.7,False,False,False,False,k5Y_838nuGo,-0.006421483809742057,-0.006683660977916617,-0.00026217716817455994,0.6000000238418579,12,A,0,V,12,2,10,10,0.730457067489624,0.7029444575309753,0.7365840077400208,0.7094144821166992
0.7,False,False,False,False,k5Y_838nuGo,-0.015748587147754733,-0.01611821386520962,-0.00036962671745488507,-1.7999999523162842,13,A,0,TV,13,3,10,10,-0.40432655811309814,-0.4099799394607544,-0.40320518612861633,-0.4089868664741516
0.7,False,False,False,False,k5Y_838nuGo,2.076215901038056,2.0890112438559196,0.012795342817863542,-0.800000011920929,4,V,10,V,14,1,3,13,0.1738785356283188,0.9391536116600037,0.18721161782741547,0.9503136873245239
0.7,False,False,False,False,k5Y_838nuGo,-0.2272946411019916,-0.22735654193890653,-6.190083691492987e-05,0.25,5,V,10,T,15,2,3,13,-0.8286218047142029,-0.7175382971763611,-0.8163726925849915,-0.7038313150405884
0.7,False,False,False,False,k5Y_838nuGo,-0.09201404159807414,-0.09188860117096453,0.00012544042710960213,0.800000011920929,6,V,10,T,16,3,3,13,-0.3935510218143463,-0.35436129570007324,-0.3819504678249359,-0.34241774678230286
0.7,False,False,False,False,k5Y_838nuGo,-0.030070955209213324,-0.029063785160730715,0.0010071700484826085,0.4000000059604645,7,V,10,V,17,4,3,13,0.163125142455101,0.23863475024700165,0.1694743037223816,0.24482811987400055
0.7,False,False,False,False,k5Y_838nuGo,-0.0013773490468338423,-0.0011596331118930436,0.00021771593494079866,-0.6000000238418579,8,V,10,T,18,5,3,13,-0.8103572726249695,-0.8070575594902039,-0.8023910522460938,-0.7995056509971619
0.7,False,False,False,False,k5Y_838nuGo,0.007726953958147931,0.008265778546423519,0.0005388245882755882,0.4000000059604645,9,V,10,AT,19,6,3,13,-0.5791467428207397,-0.5830845832824707,-0.5720744729042053,-0.5763168334960938
0.7,False,False,False,False,k5Y_838nuGo,0.030977597716178806,0.03242065097408542,0.0014430532579066124,-0.20000000298023224,7,V,13,T,20,1,6,19,-0.8681527972221375,-0.890945553779602,-0.8787895441055298,-0.9022648334503174
0.7,False,False,False,False,k5Y_838nuGo,0.024610517851790803,0.026322689585724923,0.0017121717339341203,0.4000000059604645,8,V,13,A,21,2,6,19,-0.41774851083755493,-0.4326602816581726,-0.4242488145828247,-0.44006475806236267
0.7,False,False,False,False,k5Y_838nuGo,-0.003926744761012513,-0.004202143341464515,-0.00027539858045200205,-0.20000000298023224,9,V,13,T,22,3,6,19,0.18924476206302643,0.18416759371757507,0.17812681198120117,0.17252884805202484
0.7,False,False,False,False,k5Y_838nuGo,0.004856462258473471,0.006096308036756426,0.0012398457782829553,0.6000000238418579,10,V,13,AV,23,4,6,19,-0.4977206289768219,-0.4999304711818695,-0.5033608078956604,-0.506119966506958
0.7,False,False,False,False,k5Y_838nuGo,0.0028641146558356922,0.0019351550427426645,-0.0009289596130930278,-0.20000000298023224,1,A,23,A,24,5,4,19,-0.4161434471607208,-0.4226703941822052,-0.3753357529640198,-0.3807699680328369
0.7,False,False,False,False,k5Y_838nuGo,-0.0037623011917276017,-0.004089889753231546,-0.0003275885615039442,2.0,2,A,23,AT,25,6,4,19,1.1155812740325928,1.117710828781128,1.1663647890090942,1.1688214540481567
0.7,True,False,True,False,k5Y_838nuGo,-0.9864714830049026,-1.0860044769572283,-0.09953299395232573,-0.800000011920929,3,A,23,A,26,1,2,25,0.2879151403903961,-0.3560541868209839,0.3442443907260895,-0.3274634778499603
0.7,False,False,False,False,k5Y_838nuGo,1.667994913250376,1.678563129150871,0.010568215900494948,2.0,4,A,23,V,27,2,2,25,0.922694206237793,0.31816092133522034,0.9423398375511169,0.3275143802165985
0.7,False,False,False,False,k5Y_838nuGo,-0.0003078488238834609,-0.002738768311274953,-0.002430919487391492,-0.75,5,A,23,TV,28,3,2,25,-0.6809037327766418,-0.8168314695358276,-0.6695020794868469,-0.811164915561676
0.7,False,False,False,False,k5Y_838nuGo,-1.4272811513887262,-1.4153001972302315,0.011980954158494761,1.600000023841858,4,A,25,V,29,1,3,28,0.2856854200363159,1.0521481037139893,0.28671005368232727,1.043735384941101
0.7,False,False,False,False,k5Y_838nuGo,0.06091557368078426,0.06425701431143693,0.00334144063065267,-1.0,5,A,25,T,30,2,3,28,-0.8090197443962097,-0.6879278421401978,-0.7940509915351868,-0.673393189907074
0.7,False,False,False,False,iiK8YX8oH1E,-0.6166222430248007,-0.6354405189235921,-0.01881827589879137,-1.600000023841858,5,A,1,ATV,6,1,4,5,-0.32897546887397766,-0.6005595922470093,-0.3198196589946747,-0.5982908606529236
0.7,False,False,False,False,iiK8YX8oH1E,2.238972833141652,2.261767367046285,0.022794533904632708,-1.0,2,V,5,A,7,1,1,6,0.20166991651058197,0.9191100597381592,0.26318469643592834,0.9640272259712219
0.7,False,False,False,False,iiK8YX8oH1E,-0.29782128101320016,-0.28895570623307876,0.008865574780121399,0.4000000059604645,3,V,5,AT,8,2,1,6,-0.5260077118873596,-0.34811028838157654,-0.48611268401145935,-0.30444303154945374
0.7,False,False,False,False,iiK8YX8oH1E,0.06978634676538475,0.12117305276463242,0.05138670599924766,0.0,3,A,6,A,9,1,2,8,0.033820584416389465,0.2663272023200989,0.05229958891868591,0.35200610756874084
0.7,False,False,False,False,iiK8YX8oH1E,-0.1751625330889981,-0.21224994943346398,-0.037087416344465884,1.0,4,A,6,T,10,2,2,8,-0.3305594027042389,-0.2630224823951721,-0.32779738306999207,-0.24530957639217377
0.7,False,False,False,False,iiK8YX8oH1E,-0.2671429529674323,-0.3342104275067279,-0.06706747453929562,1.7999999523162842,5,A,6,V,11,3,2,8,0.03217524290084839,0.1094198003411293,0.043909475207328796,0.1417950987815857
0.7,False,False,False,False,iiK8YX8oH1E,0.04289736729845117,0.05503379534310682,0.012136428044655645,-2.0,6,A,6,T,12,4,2,8,-0.7880469560623169,-0.7704766988754272,-0.7895526885986328,-0.7670294046401978
0.7,False,False,False,True,iiK8YX8oH1E,0.07026820651785748,0.09159479146835303,0.021326584950495553,-1.2000000476837158,7,A,6,V,13,5,2,8,-0.04326307028532028,-0.013278243131935596,-0.03603290766477585,0.002669605426490307
0.7,False,False,False,False,iiK8YX8oH1E,-0.03801826434980499,-0.04768583635649293,-0.009667572006687941,0.6000000238418579,8,A,6,A,14,6,2,8,0.05579427257180214,0.09192361682653427,0.06323704123497009,0.10966476798057556
0.7,False,False,False,False,iiK8YX8oH1E,0.018052235329644395,0.024569164918305297,0.0065169295886609024,0.0,9,A,6,A,15,7,2,8,0.2144291251897812,0.25304561853408813,0.22314846515655518,0.27269837260246277
0.7,False,False,False,False,iiK8YX8oH1E,0.0024163124069076503,0.0032696727276970705,0.0008533603207894203,1.600000023841858,10,A,6,TV,16,8,2,8,1.6228861808776855,1.6542226076126099,1.6266815662384033,1.663099765777588
0.7,False,False,False,False,iiK8YX8oH1E,-0.32896059117422993,-0.3307845605441868,-0.0018239693699568793,-1.0,9,A,8,T,17,1,8,16,-0.1414991319179535,-0.36120179295539856,-0.13840432465076447,-0.35846859216690063
0.7,False,False,False,False,tStelxIAHjw,0.04952646037482111,0.05892600999700903,0.00939954962218792,-0.4000000059604645,2,A,7,A,9,1,1,8,-0.45371735095977783,-0.17106330394744873,-0.4483206868171692,-0.15249061584472656
0.7,False,True,False,True,tStelxIAHjw,1.2191352473210273,1.280307396852244,0.061172149531216746,-2.799999952316284,3,A,7,V,10,2,1,8,-0.18124915659427643,0.042004793882369995,-0.17636732757091522,0.0572286956012249
0.7,False,False,False,False,tStelxIAHjw,-0.0029921479116978844,-0.003175084574138509,-0.0001829366624406248,-1.0,4,A,7,AT,11,3,1,8,-1.0716371536254883,-1.0462572574615479,-1.070908546447754,-1.0430457592010498
0.7,False,False,False,False,tStelxIAHjw,0.009700672204203897,0.0065098144916220235,-0.003190857712581874,-1.600000023841858,4,V,8,AT,12,1,3,11,-1.2194653749465942,-1.206925868988037,-1.2387617826461792,-1.2298610210418701
0.7,False,False,False,False,tStelxIAHjw,0.2267294999200531,0.2874675723653648,0.06073807244531171,-1.7999999523162842,2,A,11,V,13,1,1,12,-0.1066550761461258,-0.04098137095570564,-0.09520924091339111,-0.012885254807770252
0.7,False,False,False,False,tStelxIAHjw,-0.07453806225161297,-0.08795437031256426,-0.013416308060951287,0.4000000059604645,3,A,11,V,14,2,1,12,-0.2148180603981018,-0.15087492763996124,-0.20550867915153503,-0.12790755927562714
0.7,False,False,False,False,tStelxIAHjw,-0.18186592883072006,-0.20995996141779916,-0.0280940325870791,0.800000011920929,4,A,11,A,15,3,1,12,-0.28866755962371826,-0.20166417956352234,-0.2821553647518158,-0.1803572177886963
0.7,False,False,False,False,nbWiPyCm4g0,-0.0001790817803595246,0.0009033049774274104,0.001082386757786935,-1.2000000476837158,5,V,1,T,6,1,4,5,-1.215844988822937,-1.208484172821045,-1.1754461526870728,-1.1611902713775635
0.7,False,False,False,False,nbWiPyCm4g0,0.001293492770585658,0.004092752894820251,0.0027992601242345927,-2.200000047683716,6,V,1,T,7,2,4,5,-1.0044798851013184,-1.0039390325546265,-0.9687735438346863,-0.9671126008033752
0.7,False,False,False,False,nbWiPyCm4g0,0.029203234816730372,0.03105666999688239,0.0018534351801520188,-1.399999976158142,7,V,1,V,8,3,4,5,-0.6973158717155457,-0.6768345832824707,-0.679353654384613,-0.658118724822998
0.7,False,False,False,False,nbWiPyCm4g0,-0.023957847587556813,-0.022275562345011934,0.0016822852425448787,1.2000000476837158,8,V,1,TV,9,4,4,5,0.7074564099311829,0.7324090003967285,0.7302706241607666,0.754612386226654
0.7,False,False,False,False,etzxEpPuc6I,-0.15761229865308124,-0.15957321863747964,-0.0019609199843984015,0.6666666865348816,7,A,4,AT,11,1,6,10,-0.695183515548706,-0.6360319256782532,-0.6975362300872803,-0.6377398371696472
0.7,False,False,False,False,etzxEpPuc6I,0.22220881336468423,0.21821358412787806,-0.003995229236806175,-2.200000047683716,2,V,10,V,12,1,1,11,-0.08690030872821808,-0.034959789365530014,-0.07556984573602676,-0.024817924946546555
0.7,False,False,False,False,etzxEpPuc6I,0.025374629261818882,0.026244178209214652,0.0008695489473957707,-1.2000000476837158,3,V,10,T,13,2,1,11,-0.6589890718460083,-0.6360253095626831,-0.6509884595870972,-0.6275859475135803
0.7,False,False,False,False,etzxEpPuc6I,-0.021102846378486584,-0.020495833250468998,0.0006070131280175861,0.20000000298023224,4,V,10,AV,14,3,1,11,-0.1906920075416565,-0.16268084943294525,-0.1869429498910904,-0.1594843715429306
0.7,False,False,False,False,etzxEpPuc6I,0.07918454579032286,0.07537973551306365,-0.0038048102772592074,-2.4000000953674316,5,V,10,AV,15,4,1,11,-0.5915465950965881,-0.5697846412658691,-0.5925663113594055,-0.571832537651062
0.7,False,False,False,False,etzxEpPuc6I,-0.0023189559953280536,-0.002320395669570985,-1.4396742429312326e-06,-0.4000000059604645,6,V,10,T,16,5,1,11,-0.5342878103256226,-0.5253565311431885,-0.5366151332855225,-0.5278409123420715
0.7,False,False,False,False,etzxEpPuc6I,-0.004672277643180678,-0.0047437794981561865,-7.150185497550865e-05,1.399999976158142,7,V,10,T,17,6,1,11,1.223656177520752,1.2374427318572998,1.2230749130249023,1.2370315790176392
0.7,False,False,False,False,etzxEpPuc6I,0.032763400468851955,0.032653369660113896,-0.0001100308087380597,-0.5,8,V,10,A,18,7,1,11,0.7273417711257935,0.7406172752380371,0.7289477586746216,0.7421618103981018
0.7,False,False,False,False,v0zCBqDeKcE,0.02596474083915723,0.021813785694376975,-0.004150955144780255,1.5,1,A,12,TV,13,4,3,9,0.8894751667976379,0.8685688376426697,0.910335123538971,0.8921197056770325
0.7,False,True,False,True,v0zCBqDeKcE,2.2577009129466967,2.3448771627006337,0.08717624975393701,2.4000000953674316,2,A,12,A,14,1,1,13,0.4451649487018585,-0.06557922065258026,0.4666799008846283,-0.06629350781440735
0.7,False,False,False,False,v0zCBqDeKcE,0.1879230560687991,0.18644349657209675,-0.001479559496702365,0.0,3,A,12,V,15,2,1,13,-0.037358205765485764,-0.43510767817497253,-0.010858005844056606,-0.43192753195762634
0.7,False,False,False,False,tIrG4oNLFzE,0.36159045997722883,0.36832133442645176,0.006730874449222934,-2.0,6,A,6,V,12,1,5,11,-0.23274411261081696,-0.1332424283027649,-0.2312110811471939,-0.12999048829078674
0.7,False,True,False,True,tIrG4oNLFzE,0.5203214410129826,0.5298493559041315,0.009527914891148903,-2.4000000953674316,7,A,6,V,13,2,5,11,-0.05133325234055519,0.056940559297800064,-0.048659030348062515,0.06143325939774513
0.7,False,False,False,False,tIrG4oNLFzE,0.5261896195714844,0.5363509711921353,0.010161351620650905,-2.0,8,A,6,V,14,3,5,11,0.1334391087293625,0.25338679552078247,0.1374504268169403,0.2594347298145294
0.7,False,False,False,False,tIrG4oNLFzE,0.0500890169551802,0.05043349557966437,0.000344478624484168,-1.600000023841858,9,A,6,T,15,4,5,11,-0.6858885884284973,-0.658889651298523,-0.685520589351654,-0.6583492755889893
0.7,False,False,False,False,tIrG4oNLFzE,-0.0019868079869240773,-0.0019536235817838588,3.318440514021859e-05,-0.4000000059604645,10,A,6,T,16,5,5,11,-0.5898569226264954,-0.5845503807067871,-0.5891256928443909,-0.5838882923126221
0.7,False,False,False,False,tIrG4oNLFzE,-0.011836175454405407,-0.012361959768316666,-0.0005257843139112595,-2.200000047683716,11,A,6,T,17,6,5,11,-0.781237006187439,-0.785414457321167,-0.781446635723114,-0.7858105897903442
0.7,False,False,False,False,cM3Yna7AavY,0.08841231038959663,0.0978925558424315,0.009480245452834879,-1.600000023841858,2,A,10,T,12,1,1,11,-0.8912147879600525,-0.8313721418380737,-0.8748791813850403,-0.8102577924728394
0.7,False,False,False,False,cM3Yna7AavY,0.16265625967966102,0.17592655084097775,0.013270291161316727,-2.5999999046325684,3,A,10,T,13,2,1,11,-0.5224005579948425,-0.48361730575561523,-0.5065009593963623,-0.4648970067501068
0.7,False,True,False,False,cM3Yna7AavY,0.21363229835601505,0.22604478593559296,0.012412487579577913,-2.4000000953674316,4,A,10,V,14,3,1,11,-0.010638869367539883,0.03365546092391014,0.0029124198481440544,0.04949645325541496
0.7,False,False,False,False,cM3Yna7AavY,0.12103900646599186,0.12666165284729303,0.005622646381301166,-2.799999952316284,5,A,10,AV,15,4,1,11,-0.7807447910308838,-0.7509927749633789,-0.7761863470077515,-0.74513179063797
0.7,False,False,False,False,lXPQBPVc5Cw,-0.4220959719400419,-0.45152610022940465,-0.029430128289362756,-2.5999999046325684,4,A,4,T,8,1,3,7,-0.9577184319496155,-1.0916920900344849,-0.9693191647529602,-1.114202618598938
0.7,False,False,False,False,lXPQBPVc5Cw,-0.4437161521304347,-0.47616810059506065,-0.03245194846462596,-2.200000047683716,5,A,4,V,9,2,3,7,-0.716590940952301,-0.8745618462562561,-0.7100048661231995,-0.8794253468513489
0.7,False,False,False,False,lXPQBPVc5Cw,-0.3851158832103794,-0.3986659423807595,-0.013550059170380102,-1.7999999523162842,6,A,4,A,10,3,3,7,-0.4611853063106537,-0.6136994957923889,-0.45873546600341797,-0.6166468858718872
0.7,False,False,False,False,lXPQBPVc5Cw,-0.03828515159953838,-0.040430763059021047,-0.002145611459482666,-2.0,7,A,4,TV,11,4,3,7,-1.2463064193725586,-1.27214777469635,-1.256024718284607,-1.2837120294570923
0.7,False,False,False,False,lXPQBPVc5Cw,-0.6905083413741089,-0.6529976733133935,0.037510668060715346,2.799999952316284,5,A,7,V,12,1,4,11,-0.9733328819274902,-0.8806973099708557,-0.9751814007759094,-0.887681782245636
0.7,False,False,False,False,lXPQBPVc5Cw,-0.011926659577213172,-0.012973412933249051,-0.0010467533560358788,-2.200000047683716,6,A,7,AT,13,2,4,11,-1.5442109107971191,-1.5533682107925415,-1.5419015884399414,-1.5518332719802856
0.7,False,False,False,False,lXPQBPVc5Cw,0.09531679037273832,0.10617916328890331,0.010862372916164986,-2.799999952316284,3,V,11,V,14,1,2,13,-0.7510534524917603,-0.7279240489006042,-0.747707724571228,-0.7220003008842468
0.7,False,False,False,False,lXPQBPVc5Cw,-0.003824011411790451,-0.0053674445414131355,-0.0015434331296226844,0.20000000298023224,4,V,11,T,15,2,2,13,-0.9868643283843994,-0.9852522611618042,-0.9804303646087646,-0.9781546592712402
0.7,False,False,False,False,lXPQBPVc5Cw,0.025033218030234394,0.028026272853495016,0.0029930548232606213,-1.7999999523162842,5,V,11,A,16,3,2,13,-0.7262314558029175,-0.7146373391151428,-0.7183797359466553,-0.7055007219314575
0.7,False,False,False,False,lXPQBPVc5Cw,0.020581230522456195,0.02313049187807792,0.0025492613556217236,-1.399999976158142,6,V,11,A,17,4,2,13,-0.6264954805374146,-0.613304078578949,-0.6181663870811462,-0.6035112738609314
0.7,False,False,False,False,lXPQBPVc5Cw,-0.0016303751092863195,-0.001397503056352889,0.0002328720529334305,-1.7999999523162842,7,V,11,T,18,5,2,13,-1.2325873374938965,-1.2340258359909058,-1.2252922058105469,-1.2265093326568604
0.7,False,False,False,False,lXPQBPVc5Cw,0.005741070907934187,0.006611896288347907,0.00087082538041372,-1.7999999523162842,8,V,11,A,19,6,2,13,-0.83510422706604,-0.8321338295936584,-0.8282590508460999,-0.8248628973960876
0.7,False,False,False,False,lXPQBPVc5Cw,-0.010815267483934576,-0.013113904121464515,-0.0022986366375299383,1.7999999523162842,9,V,11,AT,20,7,2,13,0.8329795002937317,0.8385878205299377,0.8469552993774414,0.8538603186607361
0.7,False,True,False,True,lXPQBPVc5Cw,2.9223146643123723,2.959703384497187,0.03738872018481487,2.5999999046325684,8,A,13,V,21,1,7,20,0.06701211631298065,-0.4558701515197754,0.08352295309305191,-0.44833728671073914
0.7,False,False,False,False,lXPQBPVc5Cw,-0.2444311799136507,-0.24719171420742114,-0.0027605342937704336,-2.4000000953674316,9,A,13,AT,22,2,7,20,-0.9998164772987366,-1.0900065898895264,-0.9970483183860779,-1.0880999565124512
0.7,False,False,False,False,lXPQBPVc5Cw,0.04181057642274766,0.03941995801461928,-0.0023906184081283754,-1.399999976158142,3,A,20,T,23,1,2,22,-1.1193891763687134,-1.0527925491333008,-1.1123842000961304,-1.0505106449127197
0.7,False,False,False,False,lXPQBPVc5Cw,0.48222903993663824,0.45019186627882846,-0.03203717365780978,-2.4000000953674316,4,A,20,A,24,2,2,22,-0.6034550070762634,-0.47391512989997864,-0.5997799634933472,-0.47880661487579346
0.7,False,False,False,False,lXPQBPVc5Cw,0.1563015520255071,0.143188984889008,-0.01311256713649911,-2.799999952316284,5,A,20,TV,25,3,2,22,-0.9197383522987366,-0.8786240816116333,-0.9166846871376038,-0.8790456652641296
0.7,False,False,False,False,lXPQBPVc5Cw,0.09404364946158239,0.1026490117362755,0.008605362274693107,-2.799999952316284,4,A,22,T,26,1,3,25,-0.9217058420181274,-0.8968361616134644,-0.9203170537948608,-0.8932076692581177
0.7,False,False,False,False,lXPQBPVc5Cw,-0.025932147111973336,-0.027915025796444226,-0.00198287868447089,0.800000011920929,5,A,22,TV,27,2,3,25,0.1792937070131302,0.20054678618907928,0.18591712415218353,0.20908312499523163
0.7,False,False,False,False,lXPQBPVc5Cw,-0.043499646154241844,-0.030160082904036045,0.0133395632502058,-1.2000000476837158,3,V,25,T,28,1,2,27,-0.8704265356063843,-0.9448156952857971,-0.9360359311103821,-1.0012112855911255
0.7,False,False,False,False,lXPQBPVc5Cw,-0.21829212050883484,-0.18332422713961094,0.0349678933692239,-2.0,4,V,25,A,29,2,2,27,-0.6072871088981628,-0.6879950165748596,-0.6768212914466858,-0.748010516166687
0.7,False,False,False,False,cXypl4FnoZo,-0.05897966816875089,-0.06782133847341876,-0.00884167030466787,1.2000000476837158,3,A,5,V,8,1,2,7,-0.13739657402038574,-0.11516156047582626,-0.13339640200138092,-0.10771733522415161
0.7,False,False,False,False,cXypl4FnoZo,-0.07314063427675421,-0.07326975561409199,-0.00012912133733777864,2.0,4,A,5,TV,9,2,2,7,1.3475350141525269,1.406224012374878,1.3551543951034546,1.4147170782089233
0.7,False,False,False,False,cXypl4FnoZo,0.3719268423177233,0.3594817866749658,-0.012445055642757552,1.399999976158142,3,A,7,AT,10,1,2,9,1.0633028745651245,0.7033711075782776,1.0848718881607056,0.7226614356040955
0.7,False,False,False,False,cXypl4FnoZo,0.31191922175290276,0.24341157182708084,-0.06850764992582192,2.0,2,V,9,V,11,1,1,10,0.3951137065887451,0.30071213841438293,0.4433465301990509,0.36703288555145264
0.7,False,False,False,False,cXypl4FnoZo,-0.03122961495100185,-0.03290407750878899,-0.0016744625577871375,-1.0,3,V,9,TV,12,2,1,10,-0.6835542321205139,-0.7374960780143738,-0.6566521525382996,-0.7084804177284241
0.7,False,True,False,True,cXypl4FnoZo,1.1892089113663067,1.215386526163698,0.026177614797391335,-0.6000000238418579,3,A,10,V,13,1,2,12,-0.0502619706094265,0.6212373971939087,-0.0538264624774456,0.6303219199180603
0.7,False,False,False,False,cXypl4FnoZo,-0.08913802992895814,-0.08900908485478332,0.00012894507417482437,0.0,4,A,10,T,14,2,2,12,-0.3509240448474884,-0.18441706895828247,-0.34642189741134644,-0.17606545984745026
0.7,False,True,False,True,cXypl4FnoZo,0.2467264158025393,0.24987346852086129,0.0031470527183219965,-0.6000000238418579,5,A,10,A,15,3,2,12,-0.1658906489610672,0.05967972055077553,-0.16946381330490112,0.059723325073719025
0.7,False,True,False,True,cXypl4FnoZo,0.2570810620300108,0.2578628993119878,0.0007818372819770047,-0.6000000238418579,6,A,10,A,16,4,2,12,-0.13158345222473145,0.0902862548828125,-0.13762345910072327,0.0867713987827301
0.7,False,False,False,False,cXypl4FnoZo,-0.008080554550576435,-0.010718592941015181,-0.002638038390438746,-0.25,7,A,10,A,17,5,2,12,-0.3722509443759918,-0.16714628040790558,-0.3794081509113312,-0.1723605990409851
0.7,True,False,True,False,cXypl4FnoZo,-0.3169486109210806,-0.3226259176782269,-0.005677306757146283,0.800000011920929,8,A,10,A,18,6,2,12,-0.02182501181960106,0.2012949436903,-0.029087543487548828,0.1960461586713791
0.7,False,False,False,False,cXypl4FnoZo,0.02023352967944092,0.02144401750895142,0.0012104878295104982,-1.0,9,A,10,T,19,7,2,12,-0.7330874800682068,-0.6975502967834473,-0.7276187539100647,-0.690750002861023
0.7,False,False,False,False,cXypl4FnoZo,0.003329088960022375,0.003890032866455506,0.0005609439064331312,-0.6000000238418579,10,A,10,AT,20,8,2,12,-0.48280754685401917,-0.4693739712238312,-0.47074979543685913,-0.45648816227912903
0.7,False,False,False,False,cXypl4FnoZo,-0.00026584990320799307,0.0015913574222565785,0.0018572073254645716,0.20000000298023224,9,V,12,TV,21,1,8,20,-0.5031558871269226,-0.5029668211936951,-0.5268546342849731,-0.5279484987258911
0.7,False,False,False,False,cXypl4FnoZo,-0.10205223360207683,-0.10438395601131756,-0.002331722409240733,0.4000000059604645,2,A,20,V,22,1,1,21,-0.4708045423030853,-0.4100915491580963,-0.46638795733451843,-0.4038931131362915
0.7,False,False,False,False,cXypl4FnoZo,-0.059350089630761715,-0.060215559680109054,-0.0008654700493473388,0.20000000298023224,3,A,20,V,23,2,1,21,-0.3140449523925781,-0.25265011191368103,-0.3095410466194153,-0.24656076729297638
0.7,False,False,False,False,cXypl4FnoZo,0.11852952038923092,0.12137747607538163,0.002847955686150705,-1.2000000476837158,4,A,20,A,24,3,1,21,-0.4164517819881439,-0.344151109457016,-0.4129875898361206,-0.33932235836982727
0.7,False,False,False,False,cXypl4FnoZo,-0.06538360611298444,-0.06663174973695618,-0.0012481436239717425,0.6000000238418579,5,A,20,TV,25,4,1,21,-0.7633823156356812,-0.7391892075538635,-0.7631644606590271,-0.738501250743866
0.7,False,False,False,False,cXypl4FnoZo,-0.13463359876769743,-0.13811689627489443,-0.003483297507197003,0.800000011920929,5,V,21,A,26,1,4,25,-0.27795857191085815,-0.21358822286128998,-0.2801738381385803,-0.214228093624115
0.7,False,False,False,False,cXypl4FnoZo,0.04806048709983202,0.0472334803700285,-0.0008270067298035144,-2.200000047683716,6,V,21,T,27,2,4,25,-0.781830370426178,-0.7649858593940735,-0.7845209836959839,-0.7679335474967957
0.7,False,False,False,False,cXypl4FnoZo,0.03842802372862408,0.03914944199873727,0.0007214182701131833,-1.399999976158142,7,V,21,V,28,3,4,25,-0.28210920095443726,-0.26505160331726074,-0.28307464718818665,-0.26568448543548584
0.7,False,False,False,False,c7UH_rxdZv4,-0.797939899140812,-0.8760835027306717,-0.07814360358985972,-2.200000047683716,3,A,1,AT,4,1,2,3,-0.3081507980823517,-0.5323209166526794,-0.2587103843688965,-0.499258428812027
0.7,False,False,False,False,c7UH_rxdZv4,0.2414701701770916,0.17062850827242926,-0.07084166190466235,-2.5999999046325684,2,V,3,T,5,1,1,4,-0.5414367318153381,-0.48359906673431396,-0.6823712587356567,-0.6383862495422363
0.7,False,False,False,False,c7UH_rxdZv4,0.07532038959368847,0.014401354194063742,-0.06091903539962473,-3.0,3,V,3,T,6,2,1,4,-0.840991735458374,-0.8236183524131775,-0.9803749918937683,-0.9768127799034119
0.7,False,False,False,False,c7UH_rxdZv4,0.04392915471981951,0.006939986353131644,-0.03698916836668786,-2.799999952316284,4,V,3,T,7,3,1,4,-0.7477337718009949,-0.7370589375495911,-0.8706327080726624,-0.8688350319862366
0.7,False,False,False,False,c7UH_rxdZv4,0.007113559564584371,0.0022893894872133558,-0.004824170077371015,-0.4000000059604645,5,V,3,T,8,4,1,4,-0.20343872904777527,-0.18610775470733643,-0.31004807353019714,-0.2981140911579132
0.7,False,False,False,False,c7UH_rxdZv4,-0.06148874003465199,-0.054706735443976306,0.006782004590675683,0.800000011920929,6,V,3,A,9,5,1,4,-0.28012070059776306,-0.2512716054916382,-0.4182506501674652,-0.39558684825897217
0.7,False,False,False,False,c7UH_rxdZv4,-0.04236316723862377,-0.038826027457917967,0.0035371397807058003,1.0,7,V,3,V,10,6,1,4,-0.2673439085483551,-0.2505188584327698,-0.2977493405342102,-0.28270313143730164
0.7,False,False,False,False,c7UH_rxdZv4,0.06694616178784685,0.06074970231502874,-0.0061964594728181055,-2.799999952316284,8,V,3,V,11,7,1,4,-0.3034314215183258,-0.2900595963001251,-0.31640639901161194,-0.30420616269111633
0.7,False,False,False,False,c7UH_rxdZv4,-0.00048471206403277733,-0.004860184530457445,-0.004375472466424668,-2.5999999046325684,9,V,3,T,12,8,1,4,-0.9728507995605469,-0.9729997515678406,-0.9947490096092224,-0.9962635636329651
0.7,False,False,False,False,c7UH_rxdZv4,-0.019742343216702762,-0.017891598716955448,0.0018507444997473144,1.2000000476837158,10,V,3,V,13,9,1,4,-0.05765262618660927,-0.04977909475564957,-0.06273160129785538,-0.05562713369727135
0.7,False,False,False,False,c7UH_rxdZv4,0.028178541177500627,0.025310766088360026,-0.0028677750891406006,-2.4000000953674316,11,V,3,A,14,10,1,4,-0.4660019278526306,-0.458730548620224,-0.47407886385917664,-0.46751895546913147
0.7,False,False,False,False,c7UH_rxdZv4,0.0002967356693943657,-0.0013034027954859084,-0.0016001384648802741,-2.0,12,V,3,T,15,11,1,4,-0.8497875928878784,-0.8496586084365845,-0.8579294085502625,-0.8585001826286316
0.7,False,False,False,False,c7UH_rxdZv4,0.0063678738171342175,0.005512283379190741,-0.0008555904379434764,-1.399999976158142,13,V,3,A,16,12,1,4,-0.40424561500549316,-0.40105322003364563,-0.4124106168746948,-0.40962377190589905
0.7,False,False,False,False,c7UH_rxdZv4,0.008203600116264198,0.007715563536621062,-0.0004880365796431363,-2.25,14,V,3,AV,17,13,1,4,-0.889795184135437,-0.8867829442024231,-0.889116644859314,-0.8862848281860352
0.7,False,False,False,False,c7UH_rxdZv4,0.004974800358183984,0.004355908521134211,-0.0006188918370497731,-1.7999999523162842,15,V,3,A,18,14,1,4,-0.8360376954078674,-0.8334607481956482,-0.8353292942047119,-0.8330742120742798
0.7,False,False,False,False,c7UH_rxdZv4,0.008991307465084475,0.008178224427052072,-0.0008130830380324028,-1.7999999523162842,16,V,3,A,19,15,1,4,-0.5330873727798462,-0.5295438170433044,-0.5321784615516663,-0.5289572477340698
0.7,False,False,False,False,c7UH_rxdZv4,0.002357876105691048,0.0022428137302910045,-0.00011506237540004349,-0.800000011920929,17,V,3,V,20,16,1,4,-0.42593690752983093,-0.42279836535453796,-0.42200836539268494,-0.41905316710472107
0.7,False,False,False,False,c7UH_rxdZv4,-0.00037932227670367524,-0.0013589634981485688,-0.0009796412214448935,-2.4000000953674316,18,V,3,T,21,17,1,4,-0.9646674990653992,-0.9647996425628662,-0.9618460536003113,-0.9623185992240906
0.7,False,False,False,False,c7UH_rxdZv4,0.00026712448461196914,0.00045903692268112195,0.0001919124380691528,-0.6000000238418579,19,V,3,T,22,18,1,4,-0.9156169891357422,-0.9160398840904236,-0.9133864641189575,-0.9141179919242859
0.7,False,False,False,False,c7UH_rxdZv4,0.0016557705160096248,0.0013427479764231975,-0.00031302253958642723,-1.7999999523162842,20,V,3,A,23,19,1,4,-0.6308010220527649,-0.6300931572914124,-0.629901647567749,-0.6293280124664307
0.7,False,False,False,False,c7UH_rxdZv4,-0.0007834318220716341,-0.0006244283825047603,0.0001590034395668738,0.0,21,V,3,A,24,20,1,4,-0.6386035084724426,-0.6379898190498352,-0.637714147567749,-0.6372243762016296
0.7,False,False,False,False,c7UH_rxdZv4,0.00454393138380027,0.004016721245214683,-0.0005272101385855876,-2.5999999046325684,22,V,3,V,25,21,1,4,-0.3793552815914154,-0.3783324062824249,-0.3763788044452667,-0.37547579407691956
0.7,False,False,False,False,c7UH_rxdZv4,0.0030610510893422926,0.002734869347222002,-0.0003261817421202906,-1.7999999523162842,23,V,3,V,26,22,1,4,-0.42964133620262146,-0.428524911403656,-0.42649343609809875,-0.42549821734428406
0.7,False,False,False,False,c7UH_rxdZv4,6.463786023402918e-05,6.697690607282425e-05,2.339045838795073e-06,-0.800000011920929,24,V,3,AV,27,23,1,4,-0.7754139304161072,-0.7741327881813049,-0.7726139426231384,-0.7714172601699829
0.7,False,False,False,False,c7UH_rxdZv4,-0.003624660999690832,-0.003384651573270503,0.00024000942642032896,0.6000000238418579,25,V,3,AV,28,24,1,4,-0.7340360283851624,-0.7326768040657043,-0.7311193346977234,-0.7298473715782166
0.7,False,False,False,False,c7UH_rxdZv4,-0.004385142262748332,-0.0037929424140941137,0.0005921998486542179,1.2000000476837158,26,V,3,A,29,25,1,4,-0.6225550770759583,-0.6213516592979431,-0.6194960474967957,-0.6184534430503845
0.7,False,False,False,False,c7UH_rxdZv4,0.0014896482763333552,0.0012756439410566145,-0.00021400433527674068,-1.399999976158142,27,V,3,A,30,26,1,4,-0.7087715268135071,-0.7076948285102844,-0.7057773470878601,-0.70485919713974
0.7,False,False,False,False,c7UH_rxdZv4,0.001392658766700805,0.00108172585896682,-0.0003109329077339851,-2.200000047683716,28,V,3,AT,31,27,1,4,-0.6131431460380554,-0.6127043962478638,-0.6109978556632996,-0.6106575131416321
0.7,False,False,False,False,c7UH_rxdZv4,-0.0783334571356562,-0.07963073653208141,-0.0012972793964252105,-1.7999999523162842,4,A,28,TV,32,1,3,31,-1.0196571350097656,-1.0715759992599487,-1.0178519487380981,-1.0705311298370361
